{"type":"FeatureCollection","name":"Fire Disturbance Area","features":[{"type":"Feature","geometry":{"type":"Polygon","coordinates":[[[-85.69822419999997,48.89118639906571],[-85.69741549999998,48.89112529906566],[-85.69587429999996,48.89201039906568],[-85.69492819999999,48.893337899065685],[-85.69507319999997,48.8946348990657],[-85.6950961,48.89482939906573],[-85.69758339999998,48.8963209990657],[-85.69730869999995,48.89731659906569],[-85.6928835,48.898258899065716],[-85.6907319,48.899029399065704],[-85.6866958,48.90146319906573],[-85.6842466,48.90349269906573],[-85.6840406,48.90616299906579],[-85.68409409999998,48.90754389906574],[-85.68420849999995,48.909035399065786],[-85.68426189999997,48.909977699065756],[-85.68448319999999,48.910751999065766],[-85.68514699999997,48.9114157990658],[-85.6859786,48.91202229906581],[-85.68674919999995,48.91251829906581],[-85.68796229999998,48.91262889906578],[-85.68896179999996,48.912686099065795],[-85.68951119999997,48.91262889906578],[-85.69044959999997,48.91262889906578],[-85.69177719999999,48.91262889906578],[-85.69266219999997,48.912686099065795],[-85.69388299999997,48.91279669906576],[-85.69476809999998,48.913128599065814],[-85.6955921,48.91360539906576],[-85.6958133,48.913735099065754],[-85.69647709999998,48.91406699906581],[-85.69714089999997,48.91417759906579],[-85.69880419999998,48.9142347990658],[-85.70007069999997,48.9142881990658],[-85.70161949999999,48.91412419906577],[-85.7028937,48.91362449906579],[-85.70393899999999,48.91285009906577],[-85.70582349999995,48.911579799065784],[-85.7097986,48.90892469906574],[-85.71046239999998,48.90837159906574],[-85.71096589999996,48.907711699065786],[-85.71156869999999,48.905994999065754],[-85.71156869999999,48.90505659906575],[-85.71146189999996,48.90361849906577],[-85.71085149999999,48.90268009906571],[-85.71046239999998,48.90223759906574],[-85.7101877,48.90206969906575],[-85.70831079999999,48.90201629906572],[-85.70831079999999,48.90184849906576],[-85.70863879999996,48.90013569906573],[-85.7094171,48.899471899065745],[-85.7114618,48.89925059906571],[-85.71361339999999,48.89538249906573],[-85.7134532,48.89361249906569],[-85.7104089,48.893501899065726],[-85.70922629999995,48.89338359906572],[-85.70875329999996,48.89333779906572],[-85.70786819999995,48.891899699065675],[-85.70664749999997,48.89167839906572],[-85.70548769999999,48.89156779906568],[-85.70410679999998,48.8914037990657],[-85.70211539999997,48.8913465990657],[-85.69962809999998,48.89129319906568],[-85.69822419999997,48.89118639906571]]]},"properties":{"FIRE_YEAR":1988,"FIRE_TYPE_CODE":"IFR","FIRE_FINAL_SIZE":270,"FIRE_START_DATE":581558400000}},{"type":"Feature","geometry":{"type":"Polygon","coordinates":[[[-85.59070589999999,48.73006439906495],[-85.5904999,48.729785899064986],[-85.5902557,48.729526499064974],[-85.59000399999996,48.72926709906497],[-85.58972169999998,48.729019199065],[-85.58944699999995,48.72877119906499],[-85.5891724,48.72852329906496],[-85.58890529999996,48.72826769906495],[-85.58860019999997,48.728034999064974],[-85.58829499999996,48.727802299064955],[-85.58802029999998,48.72755429906495],[-85.58776089999998,48.727298699064946],[-85.58752439999995,48.72703549906493],[-85.58728789999998,48.72676849906499],[-85.58705899999995,48.72649769906497],[-85.58679959999995,48.72624589906498],[-85.5865402,48.725990299064975],[-85.58629609999997,48.72572329906496],[-85.5860672,48.72545619906492],[-85.58586879999996,48.72517779906497],[-85.58570859999998,48.72488779906496],[-85.58554079999999,48.724601699064976],[-85.58536529999998,48.724315599064944],[-85.5852051,48.724025699064946],[-85.5849991,48.72375109906494],[-85.5847473,48.723495499064946],[-85.5844803,48.723239899064936],[-85.58418269999999,48.72300339906495],[-85.58380889999995,48.722820299064935],[-85.58345029999998,48.72262569906496],[-85.5830383,48.722480799064954],[-85.58262629999996,48.72233199906491],[-85.5822144,48.72219089906496],[-85.58180239999996,48.72204969906493],[-85.58139039999998,48.72190479906491],[-85.580986,48.72175599906494],[-85.58058169999998,48.72159959906497],[-85.5801773,48.72144699906494],[-85.57975769999996,48.72131349906492],[-85.57934569999998,48.72116469906495],[-85.57892609999999,48.721031199064946],[-85.57849879999998,48.720912899064935],[-85.57806399999998,48.72079849906491],[-85.57763669999997,48.72068019906493],[-85.57720949999998,48.720561999064934],[-85.57677459999996,48.72045139906493],[-85.5763321,48.72035599906495],[-85.57588959999998,48.72026059906492],[-85.5754776,48.72012709906493],[-85.57510379999997,48.71995159906491],[-85.57466889999995,48.71983719906494],[-85.57423399999999,48.719726599064906],[-85.57379909999997,48.71961979906494],[-85.57335659999995,48.71953199906492],[-85.57289889999998,48.71945949906493],[-85.5724487,48.71939469906492],[-85.5719833,48.7193450990649],[-85.57152559999997,48.71929929906494],[-85.57106779999998,48.71924969906494],[-85.57060239999998,48.719219199064895],[-85.57013699999999,48.719188699064915],[-85.56967159999999,48.71917339906496],[-85.5692062,48.71916959906495],[-85.5687408,48.71917719906496],[-85.56828309999997,48.71912379906493],[-85.56783289999998,48.71905899906492],[-85.56737519999996,48.71899409906493],[-85.56692499999997,48.71892169906492],[-85.5664749,48.7188376990649],[-85.56603999999999,48.71872709906493],[-85.56562809999997,48.718582199064926],[-85.56519319999995,48.71846769906492],[-85.5647583,48.71836469906489],[-85.56431579999997,48.718257899064916],[-85.56388849999996,48.71814349906491],[-85.563446,48.71804429906493],[-85.5630112,48.71794129906491],[-85.56256869999999,48.71783829906494],[-85.56213379999997,48.71772379906495],[-85.56175229999997,48.7175521990649],[-85.56137079999996,48.71736909906493],[-85.56100459999999,48.71718599906492],[-85.56066129999999,48.71697239906492],[-85.56026459999998,48.71681589906492],[-85.56001279999998,48.71655649906492],[-85.55982209999996,48.7162780990649],[-85.55957789999997,48.716014899064895],[-85.55955509999995,48.71570969906494],[-85.55960849999997,48.71540069906492],[-85.55976869999995,48.71511079906494],[-85.55995179999996,48.714824699064884],[-85.56011959999995,48.714538599064916],[-85.5602341,48.714240999064906],[-85.56029509999996,48.71393589906491],[-85.56031039999999,48.71362689906489],[-85.56027979999999,48.71332169906487],[-85.56022639999998,48.71301649906492],[-85.56016539999996,48.7127074990649],[-85.5601044,48.7124022990649],[-85.56003569999996,48.712097199064885],[-85.55996699999997,48.71179199906488],[-85.55989069999998,48.71149059906491],[-85.55979159999998,48.711189299064884],[-85.55969239999996,48.71088789906491],[-85.5596008,48.710586499064895],[-85.55947879999997,48.71028899906492],[-85.55922699999996,48.71002959906492],[-85.55892179999995,48.70979689906489],[-85.55860139999999,48.7095717990649],[-85.55823519999996,48.70938109906489],[-85.55785369999995,48.70920559906487],[-85.55744929999997,48.709052999064895],[-85.55702969999999,48.708915699064896],[-85.55657959999996,48.7088355990649],[-85.5561295,48.70875929906485],[-85.55568699999998,48.70866779906488],[-85.55522919999999,48.70862579906492],[-85.55476379999999,48.70858759906489],[-85.5542984,48.70855709906487],[-85.553833,48.70854189906486],[-85.5533676,48.708534199064886],[-85.5529022,48.708526599064896],[-85.55244449999998,48.70849989906491],[-85.55197909999998,48.708473199064876],[-85.55151369999999,48.70849609906491],[-85.5510559,48.7084884990649],[-85.5505981,48.70842359906486],[-85.55014039999998,48.70835489906487],[-85.54968259999998,48.708301499064866],[-85.54924009999996,48.70821379906486],[-85.54879,48.708122299064875],[-85.54836269999998,48.708003999064886],[-85.5479507,48.7078551990649],[-85.54756929999996,48.7076796990649],[-85.5469971,48.7072982990649],[-85.54668429999998,48.70707319906487],[-85.54637149999996,48.706844299064855],[-85.54604339999997,48.70662309906485],[-85.54575349999999,48.706386599064885],[-85.54544069999997,48.70615389906485],[-85.54515839999999,48.705913499064856],[-85.54485319999998,48.705676999064885],[-85.5445633,48.70543669906485],[-85.54427339999995,48.70519639906488],[-85.5439758,48.704956099064844],[-85.54368589999996,48.704715699064856],[-85.54340359999998,48.704475399064876],[-85.54311369999999,48.704231299064844],[-85.54283139999995,48.70398709906484],[-85.5425644,48.70373539906487],[-85.542305,48.70347599906486],[-85.5420532,48.70322039906485],[-85.54180149999996,48.70295719906484],[-85.5415802,48.702686299064865],[-85.54130549999996,48.70244219906483],[-85.54103089999995,48.70219039906485],[-85.54078669999996,48.70192719906483],[-85.54054259999998,48.70166779906482],[-85.54028319999998,48.70140839906487],[-85.54001619999997,48.701160399064875],[-85.53971859999996,48.700920099064845],[-85.5393982,48.70069889906485],[-85.53903959999997,48.70050429906487],[-85.53865049999996,48.70033259906484],[-85.53823849999998,48.70018769906484],[-85.53780359999996,48.700073199064846],[-85.53736879999997,48.69996259906488],[-85.53694149999995,48.69985199906483],[-85.53649899999999,48.69974139906488],[-85.53606409999998,48.69964219906485],[-85.53560639999995,48.69956969906485],[-85.53519439999997,48.699436199064856],[-85.53476719999998,48.699317899064866],[-85.53432459999999,48.69921879906486],[-85.5338898,48.699111899064874],[-85.53344729999998,48.69901279906487],[-85.53300479999996,48.698909799064836],[-85.5325699,48.69880289906484],[-85.53213499999998,48.69869229906481],[-85.53170779999999,48.69856639906483],[-85.53128049999998,48.698444399064854],[-85.53085329999999,48.69832609906485],[-85.53042599999998,48.69820399906485],[-85.52999109999996,48.698093399064824],[-85.5295486,48.69799419906485],[-85.52912899999995,48.69786829906486],[-85.52871699999997,48.69771959906483],[-85.52830509999995,48.69758219906481],[-85.52790069999998,48.69742579906483],[-85.52751919999997,48.69725039906485],[-85.52716829999997,48.697048199064845],[-85.52683259999998,48.69683459906486],[-85.52649689999998,48.69662089906485],[-85.52618409999997,48.69639209906483],[-85.52590939999999,48.69614409906483],[-85.5256195,48.6958999990648],[-85.52532959999996,48.69566349906483],[-85.52511599999997,48.69538879906485],[-85.52496339999999,48.69509889906481],[-85.52478029999997,48.69481279906483],[-85.52456669999998,48.69453809906485],[-85.52435299999996,48.694267299064826],[-85.52413939999997,48.6939925990648],[-85.52396389999996,48.69370649906482],[-85.52378849999997,48.69342039906482],[-85.52353669999997,48.69316099906483],[-85.52323909999996,48.6929244990648],[-85.52294159999997,48.69269179906483],[-85.52261349999998,48.69247059906482],[-85.52226259999998,48.69226839906483],[-85.52188109999997,48.69208909906483],[-85.52148439999996,48.691928899064834],[-85.52108759999999,48.69177249906481],[-85.52069089999998,48.69160839906479],[-85.52028659999996,48.69145579906481],[-85.51987459999998,48.691310899064824],[-85.5194626,48.69116589906482],[-85.51905059999996,48.69102099906482],[-85.51863859999997,48.69087979906478],[-85.51821899999999,48.69074629906478],[-85.51779169999998,48.690624199064786],[-85.51736449999999,48.69049839906481],[-85.5169449,48.69036869906481],[-85.51651759999999,48.690250399064816],[-85.51608279999999,48.69013979906477],[-85.51564789999998,48.69002529906478],[-85.51521299999996,48.68991469906481],[-85.5147781,48.689811699064784],[-85.51433559999998,48.68971629906483],[-85.51389309999996,48.68961719906483],[-85.5134506,48.68952179906479],[-85.51300809999998,48.68942259906478],[-85.51256559999996,48.68932339906481],[-85.5121231,48.689231899064815],[-85.51168059999998,48.6891326990648],[-85.51124569999996,48.6890525990648],[-85.5108032,48.689144099064784],[-85.51034549999997,48.6890639990648],[-85.50988769999998,48.68900299906478],[-85.50942229999998,48.68899919906478],[-85.50897979999996,48.68890759906483],[-85.5085449,48.6888007990648],[-85.50810999999999,48.68869019906477],[-85.50766749999997,48.68858719906481],[-85.50724029999998,48.6884688990648],[-85.5068359,48.68831629906477],[-85.5064011,48.688209499064804],[-85.50595859999999,48.6881141990648],[-85.50553129999997,48.68799209906481],[-85.50511929999999,48.687843299064774],[-85.5046997,48.68770979906481],[-85.50427249999996,48.687599199064785],[-85.50387569999998,48.68743899906481],[-85.5034637,48.687290199064776],[-85.50308989999996,48.68710709906482],[-85.50285339999999,48.68684389906482],[-85.50283809999996,48.6865844990648],[-85.50308229999996,48.686328899064804],[-85.50344849999999,48.68614199906479],[-85.50380709999996,48.685947399064794],[-85.50415039999996,48.6857375990648],[-85.50445559999997,48.685508699064776],[-85.5046921,48.68523789906477],[-85.5048218,48.684947999064775],[-85.5048218,48.68463899906477],[-85.50471499999998,48.68433759906482],[-85.50449369999995,48.6840667990648],[-85.50423429999995,48.68381119906479],[-85.50393679999996,48.683574699064756],[-85.50360869999997,48.683353399064785],[-85.5032425,48.683166499064775],[-85.50288389999997,48.682968099064794],[-85.50256349999995,48.68274689906478],[-85.50219729999998,48.682552299064746],[-85.5018005,48.68239969906477],[-85.50136569999995,48.68228529906479],[-85.50090789999996,48.68225099906475],[-85.50044249999996,48.68227389906478],[-85.49997709999997,48.68231959906477],[-85.49951169999997,48.68230439906476],[-85.4990616,48.68223189906479],[-85.49861909999998,48.682144199064794],[-85.49817659999997,48.68205639906477],[-85.49777219999999,48.6818999990648],[-85.49738309999998,48.681728399064745],[-85.49705509999995,48.68152239906475],[-85.49672699999996,48.68133159906476],[-85.49632259999998,48.68117519906479],[-85.49598689999999,48.68097689906475],[-85.49557499999997,48.6808394990648],[-85.49514769999996,48.68070979906478],[-85.49472809999997,48.680583999064744],[-85.49431609999999,48.68044279906478],[-85.49390409999995,48.680297899064776],[-85.49348449999997,48.68016429906473],[-85.49306489999998,48.68003079906474],[-85.4926529,48.67988589906478],[-85.49223329999995,48.67974849906475],[-85.49181369999997,48.67962269906478],[-85.49139399999996,48.679489099064746],[-85.49095919999996,48.67937469906477],[-85.49053959999998,48.67924499906477],[-85.49011229999996,48.67912289906477],[-85.48970029999998,48.67898179906477],[-85.48927309999999,48.67886349906477],[-85.4888229,48.67876819906477],[-85.48837279999998,48.67879489906475],[-85.48793029999996,48.678878799064734],[-85.48751069999997,48.67901989906475],[-85.48713679999997,48.67920299906476],[-85.48673249999996,48.67935179906473],[-85.48627469999997,48.67935179906474],[-85.48585509999998,48.67921829906473],[-85.4854355,48.67907709906477],[-85.48501589999995,48.678943599064766],[-85.48458099999999,48.67884829906475],[-85.48420719999996,48.67866519906473],[-85.48382569999995,48.67848969906474],[-85.4834366,48.678317999064774],[-85.4830475,48.67815399906474],[-85.482666,48.677986099064725],[-85.4823227,48.67778779906475],[-85.48194889999996,48.67760469906475],[-85.48162839999998,48.677379599064714],[-85.4813461,48.67713549906474],[-85.48111719999997,48.676864599064764],[-85.48098749999997,48.676570899064714],[-85.48089599999997,48.67626949906477],[-85.48092649999995,48.67596049906476],[-85.48115539999998,48.675697299064744],[-85.4813919,48.67543029906473],[-85.48162079999997,48.675163299064714],[-85.4818573,48.67489619906475],[-85.4820633,48.674621599064736],[-85.48226929999998,48.67434309906476],[-85.48239899999999,48.67404939906472],[-85.48246,48.67374419906476],[-85.48240659999999,48.67343899906473],[-85.4822388,48.673149099064766],[-85.481987,48.67289729906475],[-85.48153689999998,48.67280959906477],[-85.48110199999996,48.67270659906474],[-85.4806595,48.67261119906472],[-85.48023219999999,48.67248919906473],[-85.47983549999998,48.67232509906472],[-85.47941589999999,48.67219159906473],[-85.47898859999998,48.67208099906476],[-85.47857669999996,48.67193219906472],[-85.47818759999996,48.671764399064735],[-85.4777985,48.67159269906472],[-85.4773712,48.67147449906474],[-85.47695919999995,48.67133329906472],[-85.47654719999997,48.671192199064706],[-85.47612759999998,48.671054799064734],[-85.47568509999996,48.67095179906471],[-85.4752426,48.67086409906472],[-85.47478489999997,48.670818299064706],[-85.47431949999998,48.67079539906473],[-85.47386169999999,48.670745799064726],[-85.4734039,48.67069629906472],[-85.4729385,48.670654299064736],[-85.47248079999997,48.6706695990647],[-85.47203059999998,48.670669599064695],[-85.47157289999996,48.67060089906471],[-85.47113039999999,48.67052079906472],[-85.4706802,48.670432999064694],[-85.47026819999996,48.670295699064695],[-85.46990199999999,48.67009739906473],[-85.4694824,48.67000199906471],[-85.46897889999997,48.669811199064725],[-85.4686127,48.6696204990647],[-85.4682846,48.6693992990647],[-85.46795649999996,48.669181799064724],[-85.46763609999999,48.66896059906475],[-85.467308,48.66874309906472],[-85.46697999999998,48.66852189906471],[-85.46665189999999,48.66830439906468],[-85.46632389999996,48.66808699906469],[-85.46600339999998,48.667861899064725],[-85.46568299999996,48.66764069906473],[-85.46534729999996,48.66742319906471],[-85.46501919999997,48.667209599064705],[-85.46468349999998,48.66699599906473],[-85.46434779999998,48.66677859906474],[-85.46401979999996,48.6665610990647],[-85.46368409999997,48.666347499064706],[-85.46334839999997,48.66613389906472],[-85.46302029999998,48.665916399064685],[-85.46269229999996,48.66569899906469],[-85.46236419999997,48.6654815990647],[-85.46202849999997,48.66526789906469],[-85.46168519999998,48.66505429906468],[-85.46136469999999,48.66483309906467],[-85.46103669999997,48.664615599064724],[-85.46070099999997,48.66440579906467],[-85.46036529999998,48.66418839906467],[-85.46002199999998,48.66397859906467],[-85.45968629999999,48.66376879906469],[-85.4593506,48.66355509906467],[-85.4590149,48.66334149906467],[-85.45867919999995,48.663127899064676],[-85.45835109999996,48.66291049906468],[-85.45802309999999,48.66269299906471],[-85.45773319999995,48.66245269906469],[-85.457428,48.662216199064694],[-85.4570999,48.66199869906469],[-85.4568405,48.661743199064716],[-85.45663449999995,48.66147229906467],[-85.4565048,48.66117479906469],[-85.45633699999996,48.660884899064705],[-85.45618439999998,48.660594899064684],[-85.45606229999999,48.66029739906471],[-85.45594789999996,48.659995999064684],[-85.45584109999999,48.659698499064696],[-85.45569609999995,48.65940479906465],[-85.45562739999997,48.659099599064696],[-85.45552829999997,48.65879819906469],[-85.45541379999997,48.658500699064696],[-85.4552994,48.65820309906468],[-85.45516199999997,48.65790939906463],[-85.45497129999995,48.65762709906466],[-85.45477289999997,48.657348599064676],[-85.4545364,48.65708159906467],[-85.45428469999996,48.656822199064656],[-85.45398709999995,48.65658569906469],[-85.45370479999997,48.65634159906466],[-85.45339199999995,48.65611649906462],[-85.45305629999996,48.65589899906467],[-85.45266719999995,48.655734999064684],[-85.45229339999997,48.65555189906467],[-85.45185849999996,48.65543369906464],[-85.45144649999997,48.65529249906465],[-85.45103449999999,48.65515139906466],[-85.45062259999997,48.65501019906468],[-85.45019529999996,48.654884299064676],[-85.44976809999997,48.65475849906465],[-85.44934079999996,48.65464399906464],[-85.44891359999997,48.65451809906465],[-85.44848629999996,48.654399899064664],[-85.44805149999996,48.654293099064645],[-85.44762419999995,48.654167199064645],[-85.44721979999997,48.65401839906469],[-85.44681549999996,48.65386959906463],[-85.4464188,48.65370559906466],[-85.44602199999997,48.653537799064665],[-85.44562529999996,48.65338129906467],[-85.44522089999998,48.65322879906466],[-85.44481659999997,48.653076199064664],[-85.44441989999996,48.65291979906463],[-85.44401549999998,48.65276339906465],[-85.44362639999997,48.65259169906463],[-85.4432602,48.652408599064614],[-85.44289399999997,48.652214099064665],[-85.4425278,48.65202709906462],[-85.44224549999996,48.651779199064634],[-85.4419785,48.65152739906463],[-85.44176479999999,48.65125659906462],[-85.4415588,48.65098189906464],[-85.44143679999996,48.65069579906466],[-85.44136809999998,48.65039059906465],[-85.44129179999999,48.650085399064615],[-85.44126129999995,48.64978029906464],[-85.4412231,48.649471299064615],[-85.44118499999996,48.64916609906461],[-85.44115449999998,48.64885709906466],[-85.44115449999998,48.64854809906465],[-85.44124599999998,48.64824679906465],[-85.44126129999995,48.64793779906462],[-85.44127659999998,48.6476325990646],[-85.44126129999995,48.64732359906464],[-85.44118499999996,48.647018399064635],[-85.44110869999997,48.64671709906464],[-85.44097899999997,48.64641949906463],[-85.4408646,48.64612199906464],[-85.4407501,48.64582439906462],[-85.44063569999997,48.64552309906463],[-85.44050599999997,48.64522929906463],[-85.44033809999996,48.644939399064576],[-85.44012449999997,48.64466859906464],[-85.4398956,48.644397699064605],[-85.43965909999997,48.64413069906459],[-85.43938449999996,48.643882799064606],[-85.4390411,48.64367679906462],[-85.43871309999997,48.64345929906462],[-85.43839259999999,48.643234299064595],[-85.43803409999998,48.643035899064614],[-85.43764499999997,48.6428679990646],[-85.4372406,48.64271929906459],[-85.43682859999996,48.642574299064606],[-85.43641659999997,48.642436999064614],[-85.43597409999995,48.64233019906459],[-85.43553159999999,48.64223859906462],[-85.43508909999997,48.64214709906462],[-85.434639,48.642070799064584],[-85.43420409999999,48.641963999064615],[-85.43375399999996,48.64189529906462],[-85.43330379999998,48.641815199064574],[-85.43285369999995,48.6417273990646],[-85.43241119999999,48.641643499064614],[-85.43196109999997,48.64155579906463],[-85.4315186,48.6414679990646],[-85.43106079999995,48.641422299064615],[-85.43061829999999,48.641330699064596],[-85.43018339999998,48.641220099064576],[-85.42972559999998,48.64117049906461],[-85.42926789999996,48.641109499064584],[-85.42881769999997,48.64104079906462],[-85.4283524,48.640991199064594],[-85.4279022,48.640922499064615],[-85.42744449999998,48.6408690990646],[-85.42698669999999,48.64081569906459],[-85.4265289,48.64075089906457],[-85.42607879999997,48.64069369906461],[-85.42562099999998,48.64062499906457],[-85.42516329999995,48.64056399906462],[-85.42470549999996,48.640514399064585],[-85.42424769999997,48.64046859906458],[-85.42379,48.640422799064595],[-85.42333979999995,48.640350299064586],[-85.42288969999998,48.6402587990646],[-85.42245479999997,48.640155799064566],[-85.4220123,48.64005659906462],[-85.42157749999996,48.639957399064585],[-85.4211426,48.639846799064614],[-85.42070769999998,48.63973239906457],[-85.42028049999999,48.63961789906459],[-85.41988369999996,48.63945009906459],[-85.419487,48.63928989906456],[-85.41906739999996,48.639160199064605],[-85.41864779999997,48.63903429906461],[-85.41821289999996,48.63891979906456],[-85.4178162,48.63875959906457],[-85.41741939999997,48.6385955990646],[-85.41703029999996,48.638427699064586],[-85.41664889999998,48.63825609906459],[-85.41625979999998,48.63808819906458],[-85.41587069999997,48.637916599064596],[-85.41548159999996,48.637748699064595],[-85.41510009999996,48.63756939906456],[-85.41471099999995,48.63740159906458],[-85.41433719999998,48.637222299064575],[-85.4139404,48.63705439906457],[-85.41355899999996,48.636882799064566],[-85.41316989999996,48.63671489906457],[-85.41278839999995,48.63653949906459],[-85.4123993,48.63637159906456],[-85.4120178,48.63618849906455],[-85.41165159999997,48.63600159906459],[-85.41130069999997,48.635803199064554],[-85.41092679999997,48.635616299064594],[-85.4105606,48.63543319906457],[-85.41014859999996,48.63528819906459],[-85.4097519,48.63513569906457],[-85.40930179999998,48.63513569906457],[-85.40888209999997,48.635261499064555],[-85.40849299999996,48.63542939906456],[-85.40810389999996,48.63560099906456],[-85.40768429999997,48.63572689906456],[-85.40727229999999,48.6358718990646],[-85.40689089999995,48.63604349906458],[-85.40643309999996,48.63609699906457],[-85.40596769999996,48.63609309906459],[-85.40550989999997,48.63607029906458],[-85.40509029999998,48.635993999064596],[-85.4047089,48.63586039906457],[-85.404335,48.63604349906457],[-85.40410609999998,48.63631059906455],[-85.40390009999999,48.63658909906459],[-85.40361789999997,48.63698199906461],[-85.4033432,48.63723369906457],[-85.4029999,48.637439699064586],[-85.40256499999998,48.63752749906459],[-85.40223689999999,48.63731379906457],[-85.40194699999995,48.63706969906459],[-85.40187839999999,48.63680269906459],[-85.40200809999999,48.636497499064575],[-85.40216829999997,48.63620759906458],[-85.40243529999998,48.63595579906458],[-85.4026642,48.63570019906459],[-85.40271759999996,48.635395099064574],[-85.4027557,48.63508989906457],[-85.40268709999998,48.63478469906456],[-85.40250399999996,48.63450239906457],[-85.40221409999998,48.63426589906456],[-85.40184779999998,48.634078999064585],[-85.4014206,48.633956899064586],[-85.40098569999998,48.63384629906456],[-85.40055079999996,48.63373569906458],[-85.40011599999997,48.633621199064585],[-85.39968869999996,48.63350679906457],[-85.3992538,48.63339229906457],[-85.39882659999995,48.63327029906459],[-85.39840699999996,48.633140599064575],[-85.39798739999998,48.63300319906456],[-85.3975754,48.63286209906454],[-85.39717099999996,48.63271329906458],[-85.3967667,48.63256069906455],[-85.39636989999997,48.63240429906457],[-85.39595029999998,48.63226699906455],[-85.3955307,48.63213349906453],[-85.3951035,48.632011399064545],[-85.3946838,48.63188549906454],[-85.39426419999995,48.63175199906454],[-85.39384459999997,48.631614699064535],[-85.39342499999998,48.63148119906452],[-85.393013,48.63134379906455],[-85.39257049999998,48.631236999064534],[-85.39214319999996,48.631126399064556],[-85.3917007,48.631030999064535],[-85.39124299999997,48.63096239906457],[-85.39078519999998,48.63091279906456],[-85.39033509999996,48.63084029906457],[-85.38988489999997,48.63075259906458],[-85.3894272,48.63071439906457],[-85.3889618,48.63073349906454],[-85.38851169999998,48.630794499064564],[-85.38805389999999,48.63083649906458],[-85.38760379999997,48.630908999064566],[-85.38715359999998,48.630981399064524],[-85.38670349999995,48.63105769906458],[-85.38625339999999,48.631137799064554],[-85.3857956,48.63121029906456],[-85.38534549999997,48.631267499064556],[-85.38489529999998,48.63135529906453],[-85.38446809999999,48.631469699064546],[-85.38403319999998,48.63158799906455],[-85.38360599999999,48.63171009906455],[-85.38317869999997,48.631824499064585],[-85.38273619999995,48.631923699064544],[-85.38232419999997,48.63205719906456],[-85.38188929999995,48.63217539906453],[-85.38144679999999,48.63218689906456],[-85.381012,48.632072399064555],[-85.38059999999996,48.63192369906455],[-85.38023379999998,48.63174439906454],[-85.37992859999997,48.63151169906457],[-85.37964629999999,48.631267499064556],[-85.37935639999995,48.63102719906455],[-85.37905119999999,48.630798299064566],[-85.3787155,48.63058089906457],[-85.37835689999997,48.63038249906452],[-85.37797549999999,48.630207099064535],[-85.37760929999996,48.63002009906454],[-85.37722019999995,48.629848499064565],[-85.37682339999998,48.62968829906452],[-85.37642669999997,48.62952419906457],[-85.37603759999996,48.62935639906452],[-85.37563319999998,48.629226699064525],[-85.37517549999995,48.62917329906457],[-85.37473299999999,48.629085499064544],[-85.3742676,48.629047399064575],[-85.3738098,48.62903209906454],[-85.37335209999998,48.629070299064544],[-85.37289429999998,48.62911219906454],[-85.37242889999999,48.62909699906453],[-85.37199399999997,48.62899779906454],[-85.37155149999995,48.62889479906454],[-85.37110899999999,48.628799399064576],[-85.3706894,48.62866969906457],[-85.37027739999996,48.62852859906456],[-85.36986539999998,48.62838359906453],[-85.36947629999997,48.62821199906453],[-85.36915589999995,48.627994499064535],[-85.3688507,48.627761799064544],[-85.36856839999996,48.62751389906452],[-85.3682632,48.62729259906454],[-85.36784359999996,48.62715909906454],[-85.3674469,48.62699889906456],[-85.36698149999995,48.627006499064564],[-85.36655429999996,48.627120999064566],[-85.3662033,48.62731929906453],[-85.36594389999999,48.627571099064525],[-85.36578369999995,48.627860999064524],[-85.36562349999997,48.62814709906455],[-85.36553959999998,48.62845229906457],[-85.36545559999996,48.62875749906452],[-85.36544799999996,48.62906269906454],[-85.3654022,48.62936779906454],[-85.36540989999997,48.629676799064555],[-85.36541749999998,48.62998579906458],[-85.36542509999998,48.63029099906452],[-85.36547089999999,48.63059999906454],[-85.3654861,48.63090519906455],[-85.36531829999996,48.63119509906454],[-85.36511989999997,48.63146969906456],[-85.36469269999998,48.631603199064564],[-85.3642807,48.631732899064566],[-85.36384579999998,48.631847399064554],[-85.36338809999995,48.631908399064585],[-85.36293029999996,48.63192749906455],[-85.36245729999996,48.63195039906459],[-85.36199189999996,48.631973299064555],[-85.36152649999997,48.63196949906456],[-85.36106109999997,48.63196949906455],[-85.36059569999998,48.63199229906457],[-85.36013789999998,48.63201899906453],[-85.35967249999999,48.63205719906456],[-85.35921479999996,48.63208389906453],[-85.35874939999997,48.632114399064555],[-85.35828399999997,48.63214109906453],[-85.35782619999998,48.632171599064584],[-85.35736079999998,48.63219829906456],[-85.35689539999998,48.63222119906453],[-85.35643769999996,48.63225559906455],[-85.35597229999996,48.63229749906458],[-85.3555298,48.63239289906455],[-85.35507199999995,48.63243869906454],[-85.35460659999995,48.63246539906453],[-85.35414889999998,48.63249589906457],[-85.35368349999999,48.63253399906455],[-85.35321809999999,48.6325492990646],[-85.3527603,48.63257599906457],[-85.3522949,48.63259119906458],[-85.35184479999998,48.632671399064584],[-85.35138699999999,48.63271329906458],[-85.35092159999999,48.63270569906457],[-85.3504868,48.63262559906457],[-85.35014339999998,48.63241959906459],[-85.34983829999999,48.632190699064566],[-85.34960939999996,48.63191989906454],[-85.3494263,48.631637599064554],[-85.3493881,48.63132859906455],[-85.34944919999998,48.63102719906455],[-85.34957119999996,48.630733499064554],[-85.34979249999998,48.63046259906458],[-85.35003659999995,48.63020319906456],[-85.35041049999995,48.630023999064576],[-85.3508301,48.629882799064546],[-85.35124969999998,48.62975689906454],[-85.35166929999997,48.62962339906455],[-85.35209659999998,48.629501299064536],[-85.3525085,48.62936399906453],[-85.35289,48.62918849906453],[-85.3532715,48.62901309906454],[-85.35358429999997,48.62879179906456],[-85.35388949999998,48.628562899064534],[-85.35419459999997,48.62832639906456],[-85.35451509999996,48.62810129906453],[-85.35482789999998,48.62788009906455],[-85.3551483,48.627654999064525],[-85.35548399999999,48.62744519906452],[-85.35584259999996,48.62724299906453],[-85.35617829999995,48.627033199064535],[-85.35649869999997,48.62680819906455],[-85.35681919999996,48.62658689906452],[-85.35713959999998,48.62636569906453],[-85.35747529999998,48.626151999064554],[-85.35781099999997,48.62593459906456],[-85.35814669999996,48.625720999064505],[-85.35847469999999,48.62550739906451],[-85.35880279999998,48.62528989906453],[-85.35915369999998,48.6250876990645],[-85.3595047,48.62488169906451],[-85.3598404,48.624671899064516],[-85.3601837,48.62446589906453],[-85.36054229999996,48.6242675990645],[-85.36092379999997,48.62409209906455],[-85.36133579999995,48.6239432990645],[-85.36174769999997,48.6238097990645],[-85.36219019999999,48.62370679906453],[-85.36263279999997,48.623619099064555],[-85.3630829,48.623535199064555],[-85.36354059999996,48.62347409906451],[-85.36399839999996,48.623466499064506],[-85.36447139999996,48.62347789906451],[-85.36493679999995,48.62349699906456],[-85.3654022,48.62348559906453],[-85.3658676,48.62346649906451],[-85.366333,48.623466499064506],[-85.3667984,48.623447399064524],[-85.36726379999999,48.62343979906453],[-85.36771389999996,48.62337489906454],[-85.3681717,48.62332919906449],[-85.3686295,48.62328339906455],[-85.36906429999999,48.623161299064535],[-85.3694534,48.622993499064506],[-85.3698273,48.622810399064555],[-85.37019349999997,48.6226195990645],[-85.37051389999999,48.622398399064515],[-85.3707809,48.6221465990645],[-85.37100219999996,48.62187579906448],[-85.3711472,48.621581999064524],[-85.37126919999997,48.62128829906449],[-85.37139889999997,48.6209907990645],[-85.37155149999995,48.6207007990645],[-85.37165069999998,48.620399499064504],[-85.3717575,48.620098099064506],[-85.37187189999997,48.619800599064504],[-85.37199399999997,48.619502999064494],[-85.37216949999998,48.619220699064506],[-85.3723526,48.61893459906452],[-85.37249759999997,48.61864469906448],[-85.37263489999998,48.618347199064495],[-85.37277979999999,48.61805339906449],[-85.37287139999995,48.6177558990645],[-85.37296299999997,48.617450699064484],[-85.37305449999997,48.61714939906449],[-85.37311549999998,48.616844199064474],[-85.3732147,48.61654279906452],[-85.37326049999996,48.61623759906449],[-85.3731995,48.61593249906451],[-85.37304689999996,48.6156424990645],[-85.37287139999995,48.61535639906447],[-85.37258149999997,48.61511989906447],[-85.3722153,48.61493299906446],[-85.37179569999995,48.61481479906449],[-85.37133789999996,48.61475749906445],[-85.37087249999996,48.614711799064466],[-85.37041469999997,48.614685099064495],[-85.36994929999997,48.61467359906447],[-85.36948389999998,48.614665999064464],[-85.3690186,48.614654499064486],[-85.36856079999995,48.61461639906451],[-85.36810299999996,48.614559199064495],[-85.36763759999997,48.61452099906448],[-85.3671799,48.614467599064476],[-85.3667221,48.614433299064494],[-85.3662491,48.61440279906451],[-85.36579129999996,48.6143683990645],[-85.36532589999996,48.61432649906447],[-85.36486819999999,48.61429209906445],[-85.3644028,48.614253999064466],[-85.363945,48.6142158990645],[-85.3634796,48.614185299064495],[-85.36302189999998,48.61417769906449],[-85.36256409999999,48.6141433990645],[-85.36209869999999,48.61413189906448],[-85.3616409,48.61411289906448],[-85.3611755,48.614086199064495],[-85.3607101,48.61406329906446],[-85.36024479999998,48.614036599064484],[-85.35978699999998,48.61399459906447],[-85.35932919999999,48.61396409906448],[-85.3588638,48.613975499064495],[-85.35840609999997,48.61403269906446],[-85.35795589999998,48.614116699064475],[-85.35753629999999,48.61424639906448],[-85.35714719999999,48.614414199064456],[-85.35680389999999,48.61462019906452],[-85.35652159999995,48.614864299064486],[-85.35624689999997,48.61511609906449],[-85.35602569999998,48.615383099064495],[-85.3557892,48.61565019906448],[-85.35561369999999,48.615936299064515],[-85.3554153,48.6162147990645],[-85.3551941,48.61648559906451],[-85.35496519999998,48.616752599064505],[-85.35472869999995,48.61701969906448],[-85.35450739999999,48.617290499064495],[-85.35428619999999,48.617561299064505],[-85.35404969999996,48.61782459906448],[-85.35379789999996,48.618083999064496],[-85.35354609999996,48.6183433990645],[-85.35330199999999,48.6186065990645],[-85.35305019999998,48.6188659990645],[-85.3527985,48.619125399064515],[-85.3525467,48.61938479906452],[-85.3522873,48.61964039906452],[-85.3520279,48.619892099064494],[-85.35176849999999,48.620147699064496],[-85.35150909999999,48.6204070990645],[-85.35126499999996,48.62066649906453],[-85.35100559999995,48.62092209906451],[-85.3507462,48.62118149906452],[-85.3504944,48.621437099064515],[-85.350235,48.621696499064534],[-85.34999849999997,48.62195969906455],[-85.3497314,48.62221149906455],[-85.3495178,48.6224860990645],[-85.34930419999995,48.62275699906452],[-85.34911349999999,48.62303919906455],[-85.34896849999996,48.6233329990645],[-85.34883119999995,48.623626699064545],[-85.34864809999999,48.623908999064525],[-85.3484421,48.624187499064504],[-85.3482285,48.62446209906452],[-85.3480606,48.624748199064506],[-85.34788509999998,48.625034299064545],[-85.34770199999997,48.625316599064526],[-85.34751129999995,48.625598899064514],[-85.3473358,48.62588119906456],[-85.34715269999998,48.62616729906452],[-85.34697719999997,48.62644959906451],[-85.34681699999999,48.626739499064556],[-85.34662629999997,48.627021799064536],[-85.34643549999998,48.6273002990645],[-85.34624479999997,48.62758259906455],[-85.34604639999998,48.62786099906451],[-85.34583279999998,48.628135699064536],[-85.34563449999996,48.62841419906452],[-85.34542849999997,48.62869259906454],[-85.34523009999998,48.62896729906453],[-85.34502409999999,48.62924579906455],[-85.34486389999995,48.62953569906455],[-85.3447266,48.629829399064526],[-85.34457399999997,48.630119299064575],[-85.34441379999998,48.63040919906456],[-85.3442612,48.63069919906457],[-85.34410859999997,48.63099289906456],[-85.34394839999999,48.631282799064536],[-85.34376529999997,48.63156509906457],[-85.34356689999998,48.63184359906456],[-85.34335329999999,48.632114399064555],[-85.34312439999997,48.63238529906455],[-85.3428879,48.63264849906455],[-85.3426437,48.632911699064564],[-85.3424149,48.633182499064574],[-85.34218599999997,48.63344959906455],[-85.34176639999998,48.633884399064534],[-85.34149169999995,48.634136199064535],[-85.34120179999996,48.63437649906457],[-85.34092709999999,48.63462449906458],[-85.34064479999995,48.63487239906456],[-85.34036249999997,48.635116599064546],[-85.34008029999995,48.63536069906457],[-85.3397903,48.63560099906456],[-85.33949279999996,48.63583759906456],[-85.33921049999998,48.63608169906459],[-85.33890529999996,48.63631439906456],[-85.3385849,48.636539499064575],[-85.33827209999998,48.63676449906459],[-85.33797449999997,48.63700099906457],[-85.33766169999996,48.63722989906459],[-85.33732599999996,48.63744349906459],[-85.33702089999997,48.6376723990646],[-85.33671569999996,48.63790889906456],[-85.33641819999997,48.63814539906461],[-85.33612059999996,48.6383819990646],[-85.33582309999997,48.63861849906458],[-85.33553309999996,48.6388587990646],[-85.33525849999995,48.6391067990646],[-85.33497619999997,48.63935089906458],[-85.33469389999999,48.639594999064606],[-85.3343964,48.63983539906461],[-85.33412169999997,48.640083299064585],[-85.33380889999995,48.64031219906461],[-85.33351139999996,48.64054489906458],[-85.33320619999995,48.64077759906461],[-85.33289339999999,48.641010299064575],[-85.33259579999998,48.64124299906461],[-85.33229829999999,48.64147949906459],[-85.33199309999998,48.6417159990646],[-85.33169559999999,48.64194869906457],[-85.33139039999998,48.64218519906461],[-85.33109279999996,48.64242169906457],[-85.33079529999998,48.64265439906461],[-85.33049769999997,48.64289089906458],[-85.33020779999998,48.64313509906458],[-85.3299179,48.64337539906462],[-85.3294525,48.64377209906462],[-85.32900239999998,48.64399339906458],[-85.32860569999997,48.64414599906461],[-85.3282471,48.64434429906458],[-85.32797999999997,48.644599899064595],[-85.32779689999995,48.64487839906462],[-85.3276138,48.645160699064604],[-85.32736209999996,48.645420099064616],[-85.32708739999998,48.64566799906459],[-85.3267975,48.64591219906458],[-85.3265457,48.6461715990646],[-85.32634739999997,48.64644999906462],[-85.32615659999999,48.646728499064594],[-85.32604979999996,48.647029899064606],[-85.32588199999998,48.647315999064645],[-85.32569889999996,48.64759829906462],[-85.32544709999996,48.64785769906462],[-85.32518009999995,48.64810939906463],[-85.32485199999996,48.64833069906463],[-85.3244934,48.64852139906465],[-85.32408909999998,48.64867399906463],[-85.3236847,48.648834199064616],[-85.3233032,48.64900589906463],[-85.32298279999998,48.649230999064656],[-85.32273099999998,48.64948269906463],[-85.32251739999998,48.64975739906461],[-85.32225799999998,48.65001299906462],[-85.32202909999995,48.65027999906462],[-85.32192229999998,48.650577499064596],[-85.32178499999998,48.65086749906462],[-85.32161709999997,48.651153599064656],[-85.3215027,48.65145109906465],[-85.32144929999998,48.65175249906465],[-85.32171629999999,48.65197749906466],[-85.321373,48.652145399064615],[-85.32095339999995,48.65231319906466],[-85.32053379999996,48.65246959906464],[-85.32009119999998,48.652572599064676],[-85.31965639999999,48.652675599064644],[-85.31919859999999,48.65274429906461],[-85.3187332,48.65274049906467],[-85.31827549999997,48.652690899064666],[-85.31785579999996,48.65255359906465],[-85.31743619999997,48.65241999906464],[-85.31699369999995,48.652336099064634],[-85.31652829999996,48.65228269906462],[-85.31607819999999,48.65230939906466],[-85.3156128,48.65235899906467],[-85.315155,48.652412399064616],[-85.31470489999998,48.65248489906466],[-85.31424709999999,48.65254209906464],[-85.31380459999997,48.65261839906462],[-85.31336979999998,48.65273279906465],[-85.31292719999999,48.65283199906467],[-85.31251529999997,48.652969399064645],[-85.31206509999998,48.65305709906463],[-85.31163019999997,48.653167699064674],[-85.31120299999998,48.65327839906466],[-85.31076809999996,48.65338899906464],[-85.31033329999997,48.65350339906466],[-85.30989839999995,48.65361789906465],[-85.30946349999999,48.65372849906462],[-85.3090363,48.65383909906465],[-85.30860899999999,48.65395359906465],[-85.30823519999996,48.65413669906466],[-85.30791469999997,48.65436169906465],[-85.30783839999998,48.65465159906466],[-85.30808259999998,48.654910999064654],[-85.30843349999998,48.65511319906465],[-85.30881499999998,48.655288699064656],[-85.30918879999996,48.655467999064676],[-85.30953979999998,48.65567399906466],[-85.30979919999999,48.65592579906466],[-85.3099899,48.65620799906469],[-85.31008149999997,48.65650939906465],[-85.31004329999996,48.656810799064665],[-85.30995939999997,48.65711589906465],[-85.30982969999997,48.65741349906467],[-85.30960849999997,48.65768049906467],[-85.30931089999996,48.657924699064665],[-85.3089905,48.65814589906468],[-85.3086624,48.658363299064675],[-85.30832669999995,48.65857699906467],[-85.30800629999999,48.65880199906467],[-85.30769349999997,48.65902709906464],[-85.30738829999996,48.65925979906467],[-85.3070755,48.65948869906465],[-85.30677799999995,48.659728999064676],[-85.3064804,48.659965499064654],[-85.30617519999998,48.66019819906468],[-85.30585479999996,48.66041559906467],[-85.30554959999995,48.66064829906471],[-85.30531309999998,48.66091539906468],[-85.30511469999999,48.661193799064684],[-85.3049393,48.66147989906468],[-85.30478669999997,48.66176989906467],[-85.30463409999999,48.662063599064666],[-85.30448909999996,48.66235349906466],[-85.30435939999995,48.66265109906467],[-85.30416869999999,48.662929499064695],[-85.30397799999997,48.66321179906467],[-85.30377959999998,48.663490299064705],[-85.30357359999999,48.66376879906469],[-85.30338289999997,48.6640471990647],[-85.30317689999998,48.66432569906466],[-85.3029785,48.664604199064705],[-85.3027725,48.664878799064674],[-85.30258939999999,48.665164899064706],[-85.3023758,48.66543579906469],[-85.3021774,48.665714299064724],[-85.30197139999996,48.665992699064674],[-85.30171969999998,48.666248299064684],[-85.30150599999996,48.66652299906472],[-85.30129239999997,48.66679759906467],[-85.3011017,48.667079899064724],[-85.30088039999998,48.667346999064684],[-85.30074309999998,48.66764069906473],[-85.30060579999997,48.66793439906471],[-85.30048369999997,48.66823199906473],[-85.30036159999997,48.66852949906471],[-85.3002396,48.66882709906473],[-85.3001175,48.66912459906473],[-85.2999802,48.66941829906471],[-85.29981989999999,48.669708299064716],[-85.29970549999996,48.67000579906472],[-85.29956819999995,48.670303299064706],[-85.29944609999995,48.67060089906471],[-85.29933929999999,48.6708983990647],[-85.29922489999996,48.6711997990647],[-85.29912569999999,48.6714972990647],[-85.2990494,48.67180249906471],[-85.2990112,48.67211149906473],[-85.29899599999999,48.67241669906474],[-85.2990494,48.672725699064706],[-85.29914859999997,48.67302699906475],[-85.29934689999999,48.673305499064746],[-85.2996063,48.67356109906475],[-85.30001069999997,48.67370219906475],[-85.30047609999997,48.67374799906475],[-85.3009338,48.673717499064715],[-85.30137629999996,48.67361449906476],[-85.30173489999999,48.67342379906474],[-85.30213929999996,48.673282599064756],[-85.3025513,48.673133899064744],[-85.30296329999999,48.67298889906472],[-85.30339049999998,48.67287059906472],[-85.30384829999997,48.67285919906473],[-85.30429079999999,48.67295839906473],[-85.3046951,48.67310329906474],[-85.30503849999997,48.67331309906474],[-85.30525969999997,48.673583999064704],[-85.3054962,48.67385099906472],[-85.3055344,48.67415619906474],[-85.30546569999996,48.674461399064754],[-85.30535129999998,48.67475889906475],[-85.3051605,48.67503359906472],[-85.30487819999996,48.675281499064766],[-85.30459589999998,48.67552569906476],[-85.30433649999998,48.67578129906477],[-85.3041,48.67604829906477],[-85.30389399999996,48.67632289906473],[-85.3037109,48.67660519906477],[-85.30352019999998,48.676887499064755],[-85.30333709999996,48.67716979906473],[-85.3031464,48.677452099064766],[-85.30295559999996,48.67773439906474],[-85.30273439999996,48.678005199064756],[-85.30249789999999,48.67827219906476],[-85.30215449999997,48.678474399064754],[-85.3017807,48.67866129906477],[-85.30139159999999,48.678825399064785],[-85.30094149999996,48.67890929906478],[-85.30055239999996,48.67907329906477],[-85.30016329999995,48.679248799064766],[-85.29978939999995,48.679431899064724],[-85.29946899999999,48.67965319906476],[-85.29927829999997,48.679931599064766],[-85.29912569999999,48.68022539906478],[-85.29924009999996,48.68052289906476],[-85.2993851,48.68081279906475],[-85.2995148,48.681110399064764],[-85.29970549999996,48.68138889906475],[-85.29987339999997,48.681674999064775],[-85.30003359999995,48.681964899064766],[-85.30018619999998,48.68225479906476],[-85.3003769,48.682537099064795],[-85.3005066,48.6828345990648],[-85.30060579999997,48.6831359990648],[-85.300705,48.68343349906479],[-85.3008423,48.683731099064794],[-85.30094909999997,48.68402859906479],[-85.30103299999996,48.68433379906481],[-85.30110929999995,48.68463519906475],[-85.30117029999997,48.68494029906481],[-85.30121609999998,48.685249299064765],[-85.30124659999996,48.68555449906478],[-85.30120849999997,48.6858634990648],[-85.3011017,48.68616489906476],[-85.30098719999995,48.686462399064794],[-85.3008423,48.686756099064795],[-85.30066679999999,48.68704219906477],[-85.30047609999997,48.68732449906483],[-85.30043029999996,48.687622099064775],[-85.30052949999998,48.68792339906482],[-85.30075069999998,48.68819429906479],[-85.30101009999998,48.688453699064794],[-85.3013153,48.68868259906482],[-85.3017044,48.68885039906481],[-85.30212399999999,48.688987699064825],[-85.30254359999998,48.68912119906481],[-85.30296329999999,48.68925089906483],[-85.30338289999997,48.6893882990648],[-85.30373379999997,48.689590499064785],[-85.3039703,48.68985369906479],[-85.30411529999998,48.690147399064784],[-85.30426789999996,48.69043729906483],[-85.30423739999998,48.6907424990648],[-85.30416869999999,48.69104769906481],[-85.30406189999997,48.69134899906478],[-85.30390169999998,48.691638899064834],[-85.30377959999998,48.69193269906478],[-85.30363459999995,48.69222639906483],[-85.3034821,48.69252009906483],[-85.30332949999996,48.69281009906483],[-85.30316929999998,48.693099999064806],[-85.30303959999998,48.6933936990648],[-85.30279539999998,48.69365689906481],[-85.30253599999998,48.69391249906481],[-85.30227659999997,48.694168099064804],[-85.30201719999997,48.69442749906482],[-85.30174259999995,48.69467159906485],[-85.3014374,48.694908099064826],[-85.3010941,48.695114099064824],[-85.30077359999996,48.69533919906485],[-85.30043029999996,48.69554519906483],[-85.30010219999997,48.695766399064816],[-85.29978939999995,48.69599149906486],[-85.29946139999998,48.69620899906481],[-85.29914859999997,48.696437799064825],[-85.29885859999996,48.69668199906481],[-85.29859919999996,48.696937599064825],[-85.2983322,48.69718549906486],[-85.29808809999997,48.6974524990648],[-85.29787449999998,48.697719599064826],[-85.29779819999999,48.69802469906483],[-85.29784389999998,48.69832989906484],[-85.2978516,48.69863889906486],[-85.29776759999999,48.69894029906482],[-85.29763029999998,48.69923779906486],[-85.2974701,48.69952769906485],[-85.29720309999999,48.699775699064844],[-85.2968826,48.70000079906481],[-85.29655459999998,48.700221999064816],[-85.29621119999996,48.70042419906487],[-85.29587549999997,48.700641599064866],[-85.2955399,48.70085529906481],[-85.29513549999996,48.70099259906483],[-85.29488369999996,48.701248199064835],[-85.29463959999998,48.701515199064836],[-85.29439539999998,48.70177459906486],[-85.29413599999998,48.70203399906486],[-85.29386139999997,48.702278099064834],[-85.29355619999995,48.702510799064854],[-85.29323579999999,48.702735899064876],[-85.2929001,48.7029494990649],[-85.29261779999996,48.70319369906488],[-85.29233549999998,48.703449199064856],[-85.29235079999995,48.703742999064865],[-85.29251099999999,48.70403669906486],[-85.29273219999999,48.704311399064835],[-85.29298399999999,48.704566999064845],[-85.29323579999999,48.704826399064835],[-85.29345699999999,48.70509719906485],[-85.29369349999996,48.705364199064874],[-85.29389949999995,48.705638899064844],[-85.29407499999996,48.7059249990649],[-85.29416659999998,48.70622629906488],[-85.29421229999997,48.70653149906488],[-85.29421229999997,48.70684049906486],[-85.29422,48.70714949906486],[-85.29419709999996,48.70745849906489],[-85.29415129999995,48.707763699064905],[-85.29405209999999,48.70806499906488],[-85.29396059999999,48.70836639906491],[-85.2938461,48.708663899064895],[-85.29370879999999,48.70896149906489],[-85.29354859999995,48.709247599064895],[-85.29342649999995,48.70954509906489],[-85.29325869999997,48.70983509906488],[-85.29309839999996,48.71012499906487],[-85.29295349999995,48.71041489906491],[-85.2928162,48.71070859906489],[-85.2927856,48.71101759906492],[-85.29270169999995,48.711322799064874],[-85.29273219999999,48.71162799906488],[-85.2927856,48.71193309906489],[-85.29286189999999,48.712238299064914],[-85.29293059999998,48.71253969906491],[-85.29298399999999,48.71284869906487],[-85.2930298,48.71315379906491],[-85.29307559999995,48.713458999064876],[-85.29312899999996,48.7137679990649],[-85.29318239999998,48.71407319906491],[-85.29322049999996,48.71437839906494],[-85.2932816,48.71468729906492],[-85.2933655,48.71498869906493],[-85.29344939999999,48.715290099064894],[-85.2934952,48.71559909906492],[-85.29355619999995,48.715904199064894],[-85.29357149999998,48.71620939906492],[-85.29352569999998,48.71651839906494],[-85.29344179999998,48.716823599064895],[-85.29334259999996,48.717124899064935],[-85.29322809999996,48.7174224990649],[-85.29310609999999,48.71771999906493],[-85.29301449999997,48.71802139906489],[-85.29299929999996,48.718330399064925],[-85.2930222,48.71863559906493],[-85.29321289999996,48.718913999064945],[-85.2935104,48.719150499064924],[-85.29372409999996,48.71942139906495],[-85.29385379999997,48.71971889906494],[-85.29395289999997,48.720020299064956],[-85.29403689999998,48.72032549906491],[-85.29399109999997,48.720630599064975],[-85.29395289999997,48.720931999064916],[-85.2940979,48.72122569906495],[-85.29421229999997,48.72152329906491],[-85.29434199999997,48.72181699906497],[-85.29454039999996,48.72209549906494],[-85.29479979999996,48.72235489906495],[-85.29510499999998,48.72258379906492],[-85.29547119999995,48.72277449906493],[-85.2958145,48.722980499064924],[-85.29612729999997,48.72320939906496],[-85.29642489999998,48.723445899064906],[-85.29667659999996,48.72370529906493],[-85.29685209999997,48.72399139906497],[-85.29698179999997,48.72428889906496],[-85.29708099999999,48.72459029906498],[-85.29714969999998,48.72489169906494],[-85.29726409999995,48.72519299906499],[-85.2973862,48.725486799064925],[-85.2974777,48.72579189906497],[-85.29753879999998,48.726097099064944],[-85.29773709999995,48.726371799064985],[-85.29800419999998,48.72662729906496],[-85.2983322,48.72684859906498],[-85.2986679,48.72705839906498],[-85.29901889999996,48.727260599064955],[-85.29937739999997,48.72745509906499],[-85.29975889999997,48.72763819906495],[-85.30014799999998,48.727806099064956],[-85.30051419999995,48.727992999064966],[-85.30082699999997,48.728221899064934],[-85.30115509999996,48.728439299064995],[-85.30150599999996,48.72864529906499],[-85.30186459999999,48.72884369906499],[-85.30221559999995,48.72904589906496],[-85.30256649999995,48.729244199064986],[-85.30294039999995,48.72942729906495],[-85.30326839999998,48.72964859906495],[-85.3035812,48.72987369906499],[-85.30388639999995,48.730102499065005],[-85.3042221,48.730316199064966],[-85.30462649999998,48.730472599064996],[-85.3050308,48.73062519906499],[-85.30544279999998,48.73076629906497],[-85.30586239999997,48.730911299064964],[-85.30629729999998,48.73101429906498],[-85.3067322,48.73091889906496],[-85.30713649999996,48.73075099906496],[-85.30739589999996,48.73049929906498],[-85.30783079999998,48.730373399064966],[-85.30817409999997,48.73018649906495],[-85.30838779999999,48.729911799064986],[-85.30868529999998,48.72967149906494],[-85.30897519999996,48.729431199064976],[-85.30927279999997,48.729190799064966],[-85.30954739999999,48.728946699064934],[-85.30982209999996,48.72869489906499],[-85.31011959999995,48.728458399064955],[-85.3104477,48.72824099906498],[-85.3107986,48.72803499906497],[-85.31115719999997,48.727832799064984],[-85.31158449999998,48.72776409906493],[-85.31204219999995,48.72770689906498],[-85.3125,48.727653499064964],[-85.3129654,48.727672599064945],[-85.31341549999996,48.72774889906494],[-85.31385799999998,48.72783659906499],[-85.31427759999997,48.727970099065004],[-85.31465909999997,48.72815319906494],[-85.31503299999997,48.72833249906498],[-85.31539149999998,48.72853089906494],[-85.31572719999997,48.72874449906495],[-85.31593319999996,48.729019199065],[-85.316124,48.72930149906497],[-85.31632229999997,48.72957989906499],[-85.31651309999995,48.72985839906496],[-85.31667329999999,48.730152099064945],[-85.3168182,48.730441999065],[-85.3169785,48.73073199906499],[-85.3171539,48.73101809906498],[-85.3173294,48.73130039906496],[-85.31748959999999,48.73159029906502],[-85.31761169999999,48.73188779906501],[-85.31774139999999,48.73218539906502],[-85.31786349999999,48.732482899065],[-85.31796259999999,48.732784299065],[-85.3180008,48.733089399064994],[-85.31808469999999,48.73339459906497],[-85.31811519999997,48.733699799064986],[-85.31803129999997,48.734001199065005],[-85.31784819999996,48.73428729906497],[-85.31764219999997,48.73456189906499],[-85.31739809999999,48.73482509906499],[-85.31713099999996,48.735076899065],[-85.31683349999997,48.735313399064964],[-85.31651309999995,48.735542299064996],[-85.31617739999996,48.735744499064985],[-85.31575779999997,48.735881799064984],[-85.31533049999996,48.73600769906499],[-85.314888,48.73609539906499],[-85.31444549999998,48.73620219906503],[-85.31398009999998,48.73623279906503],[-85.31352229999999,48.73625949906499],[-85.31304929999999,48.73628619906498],[-85.3126373,48.736396799065005],[-85.3122406,48.73655319906497],[-85.3117828,48.736583699065015],[-85.31131739999995,48.73657609906502],[-85.31085209999998,48.73658749906502],[-85.31039429999998,48.73664089906498],[-85.30992889999999,48.73662189906502],[-85.30946349999999,48.736591299065026],[-85.30901339999997,48.736518899065],[-85.30854799999997,48.736480699065],[-85.30808259999998,48.736465499064984],[-85.30761719999998,48.73644259906502],[-85.30715939999999,48.736404399064995],[-85.306694,48.736400599065],[-85.3062286,48.73637769906504],[-85.3057632,48.73639299906499],[-85.30530549999997,48.73633959906498],[-85.30484769999998,48.73635859906499],[-85.30438999999996,48.73643109906498],[-85.30393979999997,48.73643109906498],[-85.3034897,48.73633959906498],[-85.30304719999998,48.73624039906502],[-85.30265809999997,48.736072499065],[-85.3022995,48.73585889906502],[-85.30224609999999,48.73615649906503],[-85.30221559999995,48.736473099064995],[-85.30218509999997,48.736789699065014],[-85.30213169999996,48.737094899065035],[-85.3020325,48.737377199065],[-85.30158229999995,48.73744199906503],[-85.30113979999999,48.737544999064994],[-85.30069729999997,48.73764419906502],[-85.30027009999998,48.73775859906499],[-85.29983519999996,48.73786929906499],[-85.29941559999997,48.73801039906499],[-85.29901889999996,48.73816679906503],[-85.29862209999999,48.738330799065025],[-85.29824829999995,48.73851009906504],[-85.2978516,48.73867029906501],[-85.29748539999997,48.738964099065015],[-85.29724119999997,48.73922349906502],[-85.29709629999996,48.73952099906502],[-85.29697419999997,48.73981859906503],[-85.29718779999996,48.74009319906504],[-85.29744719999997,48.74034879906505],[-85.29766079999996,48.74061579906499],[-85.29784389999998,48.74089809906504],[-85.29804989999997,48.74117659906502],[-85.29825589999996,48.74145129906499],[-85.29846189999995,48.74172969906501],[-85.29861449999999,48.742019699065025],[-85.29875949999996,48.74231339906501],[-85.29895019999998,48.742595699065056],[-85.29920959999998,48.74284739906502],[-85.29947659999999,48.74310299906503],[-85.29976649999998,48.743339499065044],[-85.30009459999997,48.743560799065015],[-85.30040739999998,48.743785899065045],[-85.30075069999998,48.743995699065046],[-85.3011017,48.744197799065006],[-85.30149839999996,48.74435809906501],[-85.30192569999997,48.74448389906507],[-85.3023834,48.74454119906503],[-85.30284119999999,48.744598399065055],[-85.30329129999996,48.744670899065035],[-85.3037491,48.744743299065064],[-85.30420679999997,48.74476619906504],[-85.30466459999997,48.744811999065035],[-85.30512999999996,48.744842499065],[-85.30559539999996,48.74487689906501],[-85.30606839999996,48.744895899065035],[-85.30646509999997,48.74503329906506],[-85.30680849999999,48.74524689906505],[-85.30711359999998,48.74548339906503],[-85.3073273,48.745758099065064],[-85.30744929999997,48.74605559906506],[-85.307457,48.746364599065075],[-85.30740359999999,48.74666209906507],[-85.30722049999997,48.746948199065045],[-85.30702209999998,48.74722669906502],[-85.30681609999999,48.74750519906507],[-85.3066025,48.74777599906507],[-85.3063965,48.74805449906505],[-85.30619809999996,48.74833299906502],[-85.3060226,48.74861529906509],[-85.30583949999999,48.74890139906506],[-85.30564119999997,48.74917979906507],[-85.30544279999998,48.74945829906505],[-85.30524439999999,48.74973679906508],[-85.30505369999997,48.750019099065064],[-85.30486299999995,48.75030139906506],[-85.3046799,48.75058359906507],[-85.30446619999998,48.75085829906505],[-85.30423739999998,48.75112529906506],[-85.30402369999996,48.75139999906509],[-85.30384829999997,48.751686099065076],[-85.30380249999996,48.7519912990651],[-85.30381009999996,48.75229639906508],[-85.30393979999997,48.7525939990651],[-85.30407709999997,48.75288769906506],[-85.30422969999995,48.75318149906509],[-85.30435939999995,48.75347519906508],[-85.3045502,48.75375749906506],[-85.3046951,48.7540511990651],[-85.30484009999998,48.75434489906509],[-85.30499269999996,48.7546348990651],[-85.30514529999999,48.75492479906508],[-85.3052826,48.75521849906507],[-85.30539699999997,48.75551609906509],[-85.30557249999998,48.75580599906507],[-85.30573269999996,48.75608829906511],[-85.30578609999998,48.75639719906509],[-85.3057556,48.756702399065055],[-85.30577089999997,48.75701139906508],[-85.3057556,48.757312799065076],[-85.30597689999996,48.75758359906511],[-85.30628199999995,48.757804899065064],[-85.30671689999997,48.757781999065095],[-85.30710599999998,48.75761029906509],[-85.30754089999999,48.75749589906511],[-85.3083191,48.7572402990651],[-85.30869289999998,48.75705339906509],[-85.30908199999999,48.75688549906508],[-85.30954739999999,48.75687789906508],[-85.31000519999998,48.75690079906511],[-85.31038669999998,48.75708009906507],[-85.3105698,48.757350899065074],[-85.3105392,48.75765989906508],[-85.31038669999998,48.75794979906508],[-85.31020359999997,48.75823209906511],[-85.3099747,48.75850299906509],[-85.30976869999995,48.75877759906511],[-85.30955509999995,48.75905229906509],[-85.3093414,48.7593268990651],[-85.30915069999998,48.759605399065094],[-85.30895229999999,48.759887699065125],[-85.30876159999997,48.760166199065104],[-85.30854799999997,48.76044079906511],[-85.30834199999998,48.760749799065124],[-85.3081436,48.7610282990651],[-85.30793,48.761306799065096],[-85.30768589999997,48.76156619906509],[-85.30742649999996,48.76182169906513],[-85.3070755,48.76202389906512],[-85.30671689999997,48.76222229906512],[-85.30631259999996,48.762371099065085],[-85.30596159999999,48.76257319906511],[-85.3057556,48.76285549906509],[-85.30551149999997,48.7631072990651],[-85.30509949999998,48.76324079906511],[-85.30512239999996,48.76355359906512],[-85.30522159999998,48.76385499906514],[-85.30532839999995,48.764156299065114],[-85.3054047,48.764465299065144],[-85.30558009999999,48.76474379906512],[-85.3058853,48.76497649906515],[-85.30624389999997,48.76517109906514],[-85.30657199999996,48.76539229906513],[-85.30684659999997,48.765644099065135],[-85.30693049999996,48.765945399065124],[-85.3068619,48.76624299906514],[-85.30667109999996,48.76652529906512],[-85.3064804,48.76680759906517],[-85.3062668,48.767082199065115],[-85.30604549999998,48.76734919906512],[-85.30582429999998,48.76762389906518],[-85.30559539999996,48.76789089906511],[-85.30536649999999,48.76816179906515],[-85.30513759999997,48.76842879906516],[-85.3049011,48.76869199906516],[-85.30467219999997,48.76896289906513],[-85.3044357,48.76922989906515],[-85.30416869999999,48.769481699065146],[-85.30392459999996,48.76974109906517],[-85.30373379999997,48.77002329906518],[-85.303627,48.77032089906511],[-85.30368799999997,48.77062989906514],[-85.30386349999998,48.77091599906514],[-85.30413059999995,48.771163899065165],[-85.30439759999996,48.77141569906516],[-85.30471799999998,48.77163699906513],[-85.30512999999996,48.77178959906515],[-85.30556489999998,48.77189639906514],[-85.3060226,48.771964999065155],[-85.3064804,48.771964999065155],[-85.30687709999995,48.77180099906518],[-85.30725099999995,48.77161789906515],[-85.30760959999998,48.771419499065175],[-85.30788419999999,48.77116779906513],[-85.30815889999997,48.77091979906513],[-85.30846409999998,48.77068709906517],[-85.3087769,48.77045819906513],[-85.30908199999999,48.77022549906517],[-85.30936429999997,48.769977599065136],[-85.3097305,48.769786799065145],[-85.31005099999999,48.769565599065146],[-85.31034089999997,48.76932139906514],[-85.31059269999997,48.769065899065176],[-85.3108368,48.76880259906515],[-85.31145479999998,48.76842499906515],[-85.3118134,48.76823039906517],[-85.31226349999997,48.76815029906511],[-85.31272129999996,48.768138899065114],[-85.31314089999995,48.76827619906513],[-85.31355289999999,48.76842879906516],[-85.31386569999995,48.76865389906512],[-85.31426239999996,48.76878359906513],[-85.31472779999996,48.768829299065175],[-85.31517029999998,48.768909499065124],[-85.31555939999998,48.76908489906512],[-85.31592559999996,48.76927189906516],[-85.31628419999998,48.76946639906512],[-85.31657409999997,48.76970669906515],[-85.31685639999995,48.76995469906515],[-85.31712339999996,48.77021029906515],[-85.3173294,48.77048489906517],[-85.31756589999998,48.77075199906515],[-85.31775669999996,48.77103039906516],[-85.31799319999999,48.77129359906517],[-85.31818389999995,48.771575899065155],[-85.3183899,48.77185059906518],[-85.31855009999998,48.77214049906517],[-85.3187408,48.772422799065154],[-85.31893919999999,48.77270129906513],[-85.31914519999998,48.772979699065154],[-85.31929779999996,48.77326969906516],[-85.31951899999996,48.77354049906517],[-85.3197098,48.77382279906516],[-85.319931,48.77409359906517],[-85.32015989999996,48.774360699065184],[-85.32040409999996,48.77462389906515],[-85.32062529999996,48.774890899065156],[-85.32067869999997,48.77519989906517],[-85.32048799999995,48.77547839906515],[-85.32022089999998,48.7757338990652],[-85.31993869999997,48.77597809906518],[-85.31954959999996,48.77614209906517],[-85.31909179999997,48.77620319906516],[-85.31862639999997,48.77620319906516],[-85.31816099999998,48.77618409906518],[-85.31769559999998,48.77614589906517],[-85.31723019999998,48.77611919906519],[-85.31677249999996,48.77606959906518],[-85.31630709999996,48.77604679906517],[-85.31584169999996,48.7760276990652],[-85.31537629999997,48.77605059906517],[-85.31494139999995,48.776149699065165],[-85.3145523,48.77632139906518],[-85.31392669999997,48.77659609906517],[-85.31361389999995,48.77681349906516],[-85.31333159999997,48.77706149906516],[-85.31304929999999,48.777305599065194],[-85.31276699999995,48.7775535990652],[-85.31253049999998,48.7778167990652],[-85.31232449999999,48.778095199065156],[-85.31212619999997,48.77837369906519],[-85.31193539999998,48.778652199065164],[-85.31188199999997,48.7789573990652],[-85.31185149999999,48.77926639906521],[-85.31184389999999,48.7795752990652],[-85.31192779999998,48.77987669906521],[-85.31209559999996,48.7801627990652],[-85.31234739999996,48.780422199065214],[-85.3126373,48.780666399065204],[-85.31295009999997,48.7808951990652],[-85.31329349999999,48.78110119906519],[-85.31359099999997,48.781333899065224],[-85.3137054,48.7816237990652],[-85.31343079999999,48.78185649906518],[-85.31303409999998,48.78201679906519],[-85.31256869999999,48.78199769906521],[-85.3121185,48.78191379906521],[-85.3116837,48.78180689906522],[-85.31124109999996,48.78171159906519],[-85.310791,48.7816237990652],[-85.31034849999998,48.78153229906521],[-85.30990599999996,48.78143309906519],[-85.30946349999999,48.781341599065215],[-85.30902099999997,48.78124619906517],[-85.30857089999995,48.7811507990652],[-85.30811309999996,48.781097399065196],[-85.30766299999999,48.7810172990652],[-85.30724329999998,48.780887599065196],[-85.30690769999995,48.780673999065186],[-85.30662539999997,48.78042599906521],[-85.30644989999996,48.78014369906517],[-85.30636599999997,48.77983859906518],[-85.30636599999997,48.779529599065214],[-85.3063507,48.77922439906519],[-85.3063583,48.778915399065184],[-85.30641939999998,48.77861019906516],[-85.30649569999997,48.77830509906517],[-85.30659479999997,48.77800369906515],[-85.3067398,48.77770609906521],[-85.30689239999998,48.77741619906517],[-85.30670929999997,48.777133899065184],[-85.3062668,48.777057599065195],[-85.30581669999998,48.7769774990652],[-85.3054047,48.776828799065186],[-85.30495449999995,48.776851699065155],[-85.30451969999996,48.77690509906518],[-85.30413819999995,48.776721999065174],[-85.30372619999997,48.77657319906519],[-85.3032761,48.77648929906519],[-85.30281829999996,48.77643199906515],[-85.30235289999996,48.77643589906518],[-85.30189509999997,48.77638239906521],[-85.3014374,48.77631759906518],[-85.3009796,48.776252699065196],[-85.30075839999995,48.776485399065166],[-85.30056759999997,48.7767676990652],[-85.30040739999998,48.7770575990652],[-85.3003311,48.77736279906521],[-85.3003387,48.77767179906516],[-85.30042269999996,48.77797319906517],[-85.30062099999998,48.778251599065186],[-85.3008041,48.778522499065176],[-85.30082699999997,48.778831499065184],[-85.30085749999995,48.7791366990652],[-85.3009796,48.779434199065186],[-85.3011017,48.779731799065196],[-85.3013153,48.780006399065215],[-85.30155179999997,48.780269599065164],[-85.30180359999997,48.78052899906517],[-85.30209349999996,48.780773199065166],[-85.30244449999998,48.78097529906521],[-85.30280299999998,48.78117369906518],[-85.30316159999995,48.78136439906521],[-85.3035812,48.78149799906518],[-85.3040009,48.78163149906518],[-85.30438999999996,48.781806899065224],[-85.30474849999996,48.7820052990652],[-85.30509949999998,48.7822036990652],[-85.3054199,48.78242869906521],[-85.305748,48.78264999906523],[-85.30605319999995,48.78288269906519],[-85.3063583,48.783115399065224],[-85.30665589999995,48.783351899065195],[-85.30693819999999,48.7835998990652],[-85.30722809999997,48.78383639906524],[-85.30757139999997,48.784042399065214],[-85.30790709999997,48.78425599906521],[-85.30826569999999,48.784454299065246],[-85.30862429999996,48.784652699065234],[-85.30901339999997,48.784824399065236],[-85.30942539999995,48.78496169906519],[-85.30979919999999,48.7851485990652],[-85.31016539999996,48.785335499065226],[-85.31052399999999,48.7855376990652],[-85.31086729999998,48.785743699065215],[-85.31121059999998,48.78594589906519],[-85.31160739999996,48.78611369906523],[-85.31192019999997,48.78634259906521],[-85.31216429999995,48.78660199906521],[-85.31232449999999,48.7868918990652],[-85.31238559999997,48.78719709906522],[-85.31221769999996,48.7874831990652],[-85.31198119999999,48.787750199065215],[-85.31173709999996,48.788013499065244],[-85.31147769999995,48.788268999065224],[-85.31124879999999,48.788536099065254],[-85.31106569999997,48.78882219906524],[-85.3109207,48.78911209906522],[-85.31089019999996,48.78942109906524],[-85.3109283,48.78973009906526],[-85.3109589,48.79003519906525],[-85.31098939999998,48.79034419906527],[-85.31099699999999,48.79064939906523],[-85.31090549999999,48.79095459906524],[-85.31076809999996,48.79124449906522],[-85.31059269999997,48.79153059906527],[-85.31043239999997,48.791820499065246],[-85.31026459999998,48.79210659906524],[-85.31008909999997,48.792396499065234],[-85.30989839999995,48.79267499906526],[-85.30968479999996,48.79294969906524],[-85.30948639999997,48.79322809906525],[-85.3092651,48.79349899906523],[-85.3090363,48.79376979906523],[-85.30884549999996,48.79404829906527],[-85.30870059999995,48.79434199906525],[-85.3086548,48.79464719906528],[-85.3086548,48.79495619906524],[-85.30868529999998,48.795261399065254],[-85.30872339999996,48.79557039906527],[-85.30871579999996,48.795875499065275],[-85.30863189999997,48.796180699065275],[-85.30858609999996,48.796489699065226],[-85.30842589999997,48.79677579906527],[-85.30821229999998,48.797050499065264],[-85.30800629999999,48.79732509906527],[-85.30782319999997,48.79761119906526],[-85.30764009999996,48.79789349906528],[-85.30748749999998,48.798187299065255],[-85.30765529999996,48.79846949906527],[-85.3078918,48.7987403990653],[-85.3081512,48.79898449906526],[-85.3085251,48.79917139906529],[-85.30892179999995,48.79933549906529],[-85.3093414,48.79946519906529],[-85.3097305,48.79962919906528],[-85.31017299999996,48.79973219906531],[-85.31062319999995,48.79975129906527],[-85.31101989999996,48.799598699065314],[-85.31141659999997,48.79942699906529],[-85.31179809999998,48.799247699065276],[-85.3119049,48.79965209906526],[-85.31199649999996,48.799953499065275],[-85.31207279999995,48.80025859906526],[-85.31214139999997,48.80056379906527],[-85.31221769999996,48.800868999065294],[-85.3122864,48.801174199065315],[-85.31233219999996,48.801479299065306],[-85.3123779,48.80178449906527],[-85.31243899999998,48.80209349906528],[-85.31251529999997,48.802394899065305],[-85.31253049999998,48.80270389906531],[-85.31187439999997,48.8031234990653],[-85.31149289999996,48.803298999065305],[-85.3110886,48.803451499065275],[-85.31068419999997,48.8036078990653],[-85.31030269999997,48.803783399065324],[-85.3099899,48.80400849906529],[-85.30976099999998,48.80427549906529],[-85.30958559999999,48.804557799065286],[-85.30957029999996,48.80486679906529],[-85.30953979999998,48.8051757990653],[-85.3095093,48.80548099906533],[-85.30953979999998,48.805789899065324],[-85.30958559999999,48.806095099065345],[-85.3096008,48.80640409906528],[-85.30965419999995,48.80670929906532],[-85.3097305,48.807014499065325],[-85.30983729999997,48.80731199906531],[-85.31004329999996,48.807590499065306],[-85.31026459999998,48.8078612990653],[-85.3105392,48.808105499065306],[-85.31095119999998,48.80824659906531],[-85.31140139999997,48.80833819906533],[-85.31185149999999,48.80839919906528],[-85.31231689999998,48.8084105990653],[-85.31276699999995,48.80850219906532],[-85.31317899999999,48.80864719906529],[-85.31352229999999,48.808853099065324],[-85.31398009999998,48.80937579906529],[-85.3141632,48.80965809906534],[-85.3143311,48.80994799906532],[-85.31446839999995,48.810241699065315],[-85.31465149999997,48.81052399906536],[-85.31486509999996,48.8107985990653],[-85.31504059999997,48.811080899065345],[-85.31520839999996,48.81137079906534],[-85.31537629999997,48.81166079906534],[-85.31554409999995,48.811943099065324],[-85.31572719999997,48.81222919906536],[-85.3158722,48.81252289906534],[-85.31605529999996,48.81280139906533],[-85.31627659999998,48.81307599906533],[-85.31643679999996,48.81336209906532],[-85.31656649999996,48.81365969906534],[-85.31666559999996,48.81396099906533],[-85.31670379999997,48.814269999065345],[-85.3167191,48.81457519906535],[-85.31661989999998,48.814876599065386],[-85.31637569999998,48.81513979906533],[-85.31610869999997,48.81539149906536],[-85.31578829999995,48.81562039906533],[-85.31508639999998,48.81599429906533],[-85.31469729999998,48.81616589906536],[-85.31430819999997,48.816333799065326],[-85.31390379999999,48.81648639906535],[-85.3134842,48.81662749906538],[-85.31311799999997,48.81681059906532],[-85.31278229999998,48.81702419906537],[-85.31246189999996,48.81724929906535],[-85.3121567,48.81748579906538],[-85.31188959999997,48.817737599065396],[-85.3116455,48.818000799065395],[-85.3114243,48.81827159906535],[-85.31124879999999,48.81855389906537],[-85.31111909999998,48.81885149906538],[-85.31098939999998,48.819145199065375],[-85.3109283,48.81945419906534],[-85.31089779999996,48.819759399065354],[-85.31085969999998,48.82006839906537],[-85.3107986,48.82037349906537],[-85.31075289999995,48.820678699065375],[-85.31072239999997,48.8209876990654],[-85.3106995,48.82129669906535],[-85.3107071,48.821601899065364],[-85.3107071,48.821910899065394],[-85.31082149999997,48.82220839906539],[-85.3109283,48.822509799065394],[-85.31108089999998,48.82279969906538],[-85.31123349999996,48.823093399065364],[-85.3113937,48.823383299065405],[-85.3115234,48.823677099065364],[-85.31159969999999,48.823982199065405],[-85.3116379,48.82428739906537],[-85.31161499999996,48.824596399065385],[-85.31162259999996,48.8249053990654],[-85.31161499999996,48.825214399065416],[-85.31162259999996,48.82551959906538],[-85.31159209999998,48.8258285990654],[-85.31153869999997,48.82613369906539],[-85.31150049999997,48.82644269906541],[-85.31145479999998,48.82674789906543],[-85.31138609999999,48.827053099065374],[-85.3113022,48.82735439906542],[-85.31121059999998,48.82765199906539],[-85.3113022,48.827957199065395],[-85.31149289999996,48.8282317990654],[-85.31185149999999,48.828426399065386],[-85.31229399999995,48.828517899065375],[-85.3127594,48.828487399065416],[-85.31317899999999,48.828353899065405],[-85.31352229999999,48.82814029906541],[-85.31376649999999,48.827880899065406],[-85.31398769999998,48.82760999906543],[-85.31413269999996,48.827316299065394],[-85.31425479999996,48.82701869906537],[-85.31436919999999,48.826721199065375],[-85.31448359999996,48.82641979906537],[-85.31461329999996,48.82612229906538],[-85.31475069999999,48.825832399065405],[-85.31491089999997,48.82554239906539],[-85.31513209999997,48.82527159906538],[-85.31533809999996,48.8249930990654],[-85.31559749999997,48.82473749906539],[-85.31589509999998,48.824500999065364],[-85.31618499999996,48.8242568990654],[-85.31649779999998,48.824027999065365],[-85.31687929999998,48.8237990990654],[-85.31727599999999,48.82363129906541],[-85.31768039999997,48.823478699065376],[-85.31809229999999,48.82334139906538],[-85.31853489999997,48.82323459906541],[-85.31896209999996,48.82311249906539],[-85.3193741,48.82297129906537],[-85.31978609999999,48.82282639906536],[-85.32020569999997,48.82268909906541],[-85.32059479999998,48.822521199065406],[-85.32092289999997,48.8222999990654],[-85.32118989999998,48.82204819906539],[-85.3214188,48.82178119906539],[-85.32158659999999,48.821495099065395],[-85.32173159999996,48.82120129906541],[-85.32183839999999,48.82089999906535],[-85.32195279999996,48.820602399065386],[-85.3219833,48.820293399065385],[-85.3219833,48.81998439906535],[-85.32205959999999,48.81968309906537],[-85.32217409999998,48.81938929906535],[-85.3222275,48.81908039906536],[-85.32225039999997,48.81877139906534],[-85.32226559999998,48.8184661990654],[-85.32227329999995,48.818157199065375],[-85.32228089999995,48.81784819906536],[-85.32227329999995,48.81753919906534],[-85.32227329999995,48.81723399906537],[-85.32226559999998,48.816924999065364],[-85.32225039999997,48.816616099065364],[-85.32225799999998,48.816307099065355],[-85.32229609999996,48.816001899065334],[-85.3223572,48.81569669906537],[-85.32243349999999,48.81539149906536],[-85.32255549999996,48.815093999065354],[-85.3227081,48.81480029906532],[-85.32286829999998,48.81451419906534],[-85.3230438,48.81422809906536],[-85.32323459999998,48.81394579906532],[-85.3234253,48.81366729906534],[-85.3236465,48.81339259906536],[-85.32389069999999,48.81312939906536],[-85.32413479999997,48.81286999906535],[-85.32436369999999,48.812599199065325],[-85.32459259999996,48.812332199065324],[-85.32482149999998,48.81206509906536],[-85.32506559999996,48.81179809906535],[-85.32532499999996,48.81154249906533],[-85.32556919999996,48.81128309906532],[-85.3258133,48.81101609906533],[-85.32604979999996,48.81075289906532],[-85.3262939,48.810489699065315],[-85.3265381,48.810226399065336],[-85.32677459999996,48.80995939906531],[-85.32702639999997,48.809699999065316],[-85.32729339999997,48.80945209906533],[-85.32755279999998,48.80919269906534],[-85.32775879999997,48.8089179990653],[-85.32795719999996,48.808639499065315],[-85.32817079999995,48.8083648990653],[-85.32839199999995,48.808093999065335],[-85.32860569999997,48.807819399065316],[-85.32879639999999,48.80753709906534],[-85.32900239999998,48.807262399065294],[-85.32922359999998,48.806991599065285],[-85.3294449,48.80672069906532],[-85.3296661,48.8064498990653],[-85.32988739999996,48.806178999065324],[-85.33011629999999,48.805908199065314],[-85.33034519999995,48.805641199065306],[-85.3305588,48.80536649906532],[-85.3307648,48.80509189906531],[-85.33097079999999,48.80481339906529],[-85.3311539,48.8045310990653],[-85.33133699999996,48.804244999065304],[-85.33148189999997,48.80395509906527],[-85.3316193,48.80365749906532],[-85.33172609999997,48.803359999065265],[-85.33182529999999,48.80305859906533],[-85.33192439999999,48.802757299065256],[-85.3320541,48.80245969906532],[-85.33232119999997,48.80220789906531],[-85.33258059999997,48.80195239906527],[-85.33285519999998,48.80170059906528],[-85.33312229999996,48.801448799065255],[-85.33335109999996,48.80117799906531],[-85.33349609999999,48.80088809906526],[-85.33361049999996,48.800586699065256],[-85.3336716,48.800285299065294],[-85.33359529999996,48.79998019906531],[-85.33348849999999,48.79967879906528],[-85.33335879999998,48.7993812990653],[-85.33323669999999,48.7990836990653],[-85.33305359999997,48.79880139906526],[-85.33285519999998,48.798522899065276],[-85.33265689999996,48.79824449906526],[-85.33246609999998,48.79796219906528],[-85.3323517,48.79761509906528],[-85.33242029999997,48.79730609906526],[-85.33248899999995,48.79700089906523],[-85.33254999999997,48.79669569906529],[-85.33267969999997,48.796398199065244],[-85.3328171,48.79610439906529],[-85.33296969999998,48.795814499065244],[-85.33314509999997,48.79552839906526],[-85.3332901,48.79523469906526],[-85.33345029999998,48.79494479906523],[-85.3336334,48.794662499065254],[-85.33382419999998,48.794383999065275],[-85.3340149,48.79409789906522],[-85.33420559999996,48.79381939906524],[-85.33440399999995,48.793540999065236],[-85.33463289999997,48.79327009906526],[-85.33489989999998,48.79301829906526],[-85.33517459999996,48.79277039906523],[-85.33544919999997,48.79252239906522],[-85.33570859999998,48.79226299906528],[-85.3359375,48.79199599906527],[-85.33616639999997,48.79172899906525],[-85.3364105,48.79146579906524],[-85.33667759999997,48.79121399906525],[-85.33695979999999,48.790965999065236],[-85.337265,48.79073329906522],[-85.3376083,48.79052729906523],[-85.33796689999997,48.79032899906525],[-85.33830259999996,48.790119199065266],[-85.33869169999997,48.78995129906525],[-85.33906559999997,48.789764399065234],[-85.33944699999995,48.78958509906521],[-85.33982849999995,48.78940959906521],[-85.3401642,48.78919599906523],[-85.34047699999996,48.78896709906525],[-85.34078219999998,48.78873439906522],[-85.34108729999997,48.78850169906526],[-85.34138489999998,48.78826519906521],[-85.34165189999999,48.78801349906524],[-85.34189609999999,48.787746399065206],[-85.34214019999996,48.7874831990652],[-85.34237669999999,48.78721999906526],[-85.34262849999999,48.786960599065246],[-85.3429031,48.786712599065254],[-85.34317779999998,48.78646469906521],[-85.3434982,48.78623959906524],[-85.34384919999997,48.786033599065185],[-85.344223,48.785839099065235],[-85.3446045,48.78567499906522],[-85.34503169999999,48.78554529906522],[-85.34544369999998,48.78540419906522],[-85.34590149999997,48.78532789906521],[-85.34636689999996,48.78530119906525],[-85.34682459999999,48.78527449906521],[-85.34729769999996,48.785282099065206],[-85.34776309999995,48.78530499906525],[-85.34822079999998,48.78533939906518],[-85.34868619999997,48.785381299065236],[-85.34914399999997,48.78542709906524],[-85.34960939999996,48.785469099065196],[-85.35006709999999,48.78551099906523],[-85.35053249999999,48.78555299906524],[-85.35099029999998,48.78560639906521],[-85.35144809999997,48.78565979906522],[-85.35191349999997,48.78570179906521],[-85.35236359999999,48.785774199065244],[-85.35280609999995,48.78587719906521],[-85.35324099999997,48.78598399906523],[-85.35369109999999,48.786071799065205],[-85.35410309999997,48.78620909906521],[-85.35453029999996,48.78634259906521],[-85.35494999999997,48.78647229906522],[-85.35537719999996,48.78659819906522],[-85.35580439999995,48.786720299065216],[-85.35623169999997,48.78684229906525],[-85.35667419999999,48.786945299065216],[-85.3571091,48.78705979906521],[-85.35752869999999,48.78718569906521],[-85.35794829999998,48.78731919906522],[-85.35836789999996,48.78746029906522],[-85.3587799,48.78760149906526],[-85.35919949999999,48.787742599065204],[-85.35961149999997,48.7878798990652],[-85.36002349999995,48.788024899065235],[-85.3604355,48.78817369906522],[-85.36084749999998,48.788314799065226],[-85.36126709999996,48.788444499065236],[-85.36169429999995,48.788570399065236],[-85.3621063,48.788711499065236],[-85.36250309999997,48.78887559906525],[-85.36291499999999,48.789020499065266],[-85.36332699999997,48.789169299065236],[-85.36373899999995,48.78930279906523],[-85.3641586,48.78944019906521],[-85.36457819999998,48.78957369906523],[-85.3650055,48.78969569906526],[-85.36544039999995,48.789817799065254],[-85.3658676,48.789936099065244],[-85.36630249999996,48.79005049906522],[-85.36673739999998,48.790161099065244],[-85.36716459999997,48.79027559906524],[-85.36758419999995,48.790412899065245],[-85.3680038,48.79055399906525],[-85.36841579999998,48.790698999065235],[-85.36882019999996,48.790847799065226],[-85.3692322,48.790996599065245],[-85.36963649999996,48.791141499065255],[-85.37005619999996,48.791278799065246],[-85.37049099999996,48.79139709906526],[-85.37091829999997,48.79152299906526],[-85.37133789999996,48.79164889906526],[-85.3717651,48.79177469906525],[-85.37219999999996,48.79189299906524],[-85.37264249999998,48.79198459906526],[-85.373085,48.79207609906524],[-85.37351989999996,48.79219059906526],[-85.3739395,48.79232029906525],[-85.37436679999996,48.79244229906523],[-85.37480159999996,48.79256439906523],[-85.37523649999997,48.79267119906525],[-85.37567899999999,48.792770399065226],[-85.37614439999999,48.79284669906527],[-85.37615969999996,48.793098399065244],[-85.3765411,48.79322049906524],[-85.37699889999999,48.79328159906523],[-85.37741089999997,48.79342649906524],[-85.37781519999999,48.79357529906528],[-85.3782501,48.79368589906525],[-85.37869259999997,48.79360199906526],[-85.37899779999998,48.79336929906522],[-85.37917329999999,48.793083199065244],[-85.37923429999995,48.792777999065216],[-85.37920379999997,48.79247279906528],[-85.37915039999996,48.79216379906524],[-85.37906649999996,48.79186249906526],[-85.37893679999996,48.79156489906525],[-85.37879939999999,48.791271199065264],[-85.37866209999999,48.79097749906521],[-85.37850949999995,48.79068369906526],[-85.37834169999996,48.790397599065216],[-85.37817379999996,48.79011149906523],[-85.37800599999997,48.78982539906526],[-85.377861,48.78952789906522],[-85.37774659999997,48.78923029906527],[-85.37763209999997,48.78893279906521],[-85.37760159999999,48.78862379906525],[-85.37754819999998,48.78831859906523],[-85.37753299999997,48.78800959906522],[-85.37754059999997,48.78770449906522],[-85.37755579999998,48.787395499065205],[-85.37757109999995,48.787086499065246],[-85.37759399999999,48.786777499065224],[-85.37760929999996,48.78647229906522],[-85.37763209999997,48.78616329906519],[-85.37769319999995,48.7858581990652],[-85.37779239999998,48.78555679906519],[-85.3779068,48.785259199065216],[-85.37801359999997,48.78495789906519],[-85.37814329999998,48.784660299065244],[-85.37828829999995,48.784370399065175],[-85.37844849999999,48.784080499065205],[-85.378624,48.78379439906522],[-85.37883,48.78351589906518],[-85.37900539999998,48.7832335990652],[-85.37919619999997,48.78295139906518],[-85.37940979999996,48.7826766990652],[-85.37962339999996,48.78240199906524],[-85.37983699999995,48.78212739906522],[-85.38010409999998,48.78187559906521],[-85.38038639999996,48.781631499065185],[-85.38070679999998,48.7814063990652],[-85.38103489999997,48.78118519906522],[-85.3813629,48.780971499065195],[-85.38171389999997,48.780769299065206],[-85.38207239999997,48.78056719906518],[-85.38244629999997,48.78038789906524],[-85.38285059999998,48.780231499065174],[-85.38324739999996,48.78006739906518],[-85.38361359999999,48.77988049906522],[-85.38396449999999,48.77967069906517],[-85.38433069999996,48.77946469906518],[-85.3847427,48.77936169906521],[-85.3852081,48.77938839906518],[-85.38568119999996,48.779411299065224],[-85.38613129999999,48.779331199065176],[-85.38658139999995,48.77924349906517],[-85.3869934,48.7791022990652],[-85.38743589999996,48.779006999065196],[-85.38787839999998,48.77890399906518],[-85.38829799999996,48.7787665990652],[-85.38872529999998,48.77864839906517],[-85.38916019999999,48.77853389906517],[-85.38959499999999,48.77842329906521],[-85.39004519999997,48.77833939906521],[-85.3904953,48.77826309906517],[-85.39095309999999,48.778217299065155],[-85.39141849999999,48.77822879906518],[-85.39187619999996,48.77829359906521],[-85.39231869999998,48.77840039906518],[-85.39274599999999,48.778522499065176],[-85.39312739999997,48.77869029906522],[-85.39344789999996,48.77891919906518],[-85.3937454,48.77915569906521],[-85.3940048,48.77941129906521],[-85.3942108,48.7796859990652],[-85.39435579999997,48.779979699065194],[-85.39443209999996,48.780284899065194],[-85.39449309999998,48.78059009906521],[-85.39451599999995,48.78089899906521],[-85.39451599999995,48.78120419906523],[-85.39450839999995,48.781513199065174],[-85.3944702,48.78182219906521],[-85.39443969999996,48.78212739906522],[-85.39443969999996,48.78243639906519],[-85.39443209999996,48.7827453990652],[-85.3944626,48.78305049906518],[-85.39450839999995,48.783359499065206],[-85.39450839999995,48.783668499065215],[-85.3944778,48.783973699065236],[-85.39444729999997,48.784282699065194],[-85.39441679999999,48.78458789906521],[-85.3943787,48.784896899065224],[-85.3943405,48.785201999065215],[-85.39428709999999,48.78551099906524],[-85.39422609999997,48.785816199065195],[-85.39417269999996,48.78612139906521],[-85.3940887,48.7864226990652],[-85.3939896,48.78672409906521],[-85.39391329999995,48.78702929906523],[-85.39382169999999,48.787330599065214],[-85.3937302,48.78763199906523],[-85.3936157,48.78793329906522],[-85.3935318,48.78823469906524],[-85.39343259999998,48.78853609906525],[-85.39333339999996,48.788837399065244],[-85.39321139999998,48.789134999065254],[-85.39308929999999,48.789432499065235],[-85.39295199999998,48.78972629906525],[-85.39279169999998,48.790016199065235],[-85.39260859999996,48.79029849906521],[-85.3924179,48.79058069906523],[-85.39221189999995,48.790859199065224],[-85.39200589999996,48.79113389906525],[-85.39179229999996,48.79140849906528],[-85.391571,48.791679399065245],[-85.39132689999997,48.79194259906524],[-85.39108279999999,48.79220579906525],[-85.39086909999997,48.792480499065235],[-85.39064029999997,48.792747499065236],[-85.39043429999998,48.79302599906523],[-85.39039609999998,48.79333109906528],[-85.39046479999996,48.79364009906524],[-85.390625,48.79392619906527],[-85.39092249999999,48.79416659906527],[-85.39124299999997,48.79439159906527],[-85.39163209999998,48.79455569906528],[-85.3920746,48.79466629906526],[-85.39253229999997,48.79472729906528],[-85.39299009999996,48.79476549906527],[-85.39345549999996,48.79479979906526],[-85.39392089999996,48.79482649906524],[-85.39438629999995,48.79485319906527],[-85.3948517,48.794883699065245],[-85.39530939999997,48.79492569906525],[-85.39576719999997,48.79497909906527],[-85.39621729999999,48.79505919906525],[-85.3966522,48.795181299065256],[-85.39705659999998,48.79532999906528],[-85.3974609,48.79549029906528],[-85.39782709999997,48.795677199065246],[-85.39816279999997,48.795886999065296],[-85.39852909999996,48.79607769906525],[-85.3989029,48.79626459906527],[-85.39927669999997,48.796447799065255],[-85.39965059999997,48.79663469906526],[-85.4000092,48.796832999065295],[-85.4003601,48.797031399065276],[-85.40071869999997,48.79722979906527],[-85.4010849,48.7974204990653],[-85.40144349999997,48.79761889906527],[-85.4018173,48.79780199906529],[-85.40217589999997,48.79799649906527],[-85.40254969999995,48.79818339906527],[-85.40292359999995,48.79836649906529],[-85.40331269999996,48.79853819906525],[-85.4037323,48.798679399065286],[-85.40414429999998,48.798816699065284],[-85.40455629999997,48.79896159906529],[-85.40498349999996,48.7990836990653],[-85.4054031,48.7992171990653],[-85.40583799999996,48.7993392990653],[-85.40622709999997,48.799510999065255],[-85.4065857,48.799701699065274],[-85.4069366,48.79990769906526],[-85.40728759999996,48.80010599906527],[-85.40764619999999,48.80030819906527],[-85.40800479999996,48.800502799065264],[-85.40834809999996,48.80071259906525],[-85.40872189999999,48.80089569906527],[-85.40909579999999,48.80107879906529],[-85.4094925,48.80124279906527],[-85.40986629999998,48.80142969906529],[-85.41023249999995,48.80161669906528],[-85.4105988,48.80180739906529],[-85.41095729999995,48.802005799065284],[-85.41130829999997,48.802211799065276],[-85.4116669,48.8024024990653],[-85.41198729999996,48.80262759906532],[-85.41228489999997,48.80286789906529],[-85.41258239999996,48.80310439906526],[-85.4128723,48.80334469906529],[-85.41314699999998,48.8035926990653],[-85.41326899999996,48.803890199065286],[-85.41343689999997,48.80418009906528],[-85.41371149999998,48.804424299065325],[-85.4140549,48.804630299065316],[-85.41446689999998,48.8047904990653],[-85.41490169999997,48.80474469906529],[-85.41528319999998,48.804573099065294],[-85.4156342,48.80437469906532],[-85.41604609999996,48.80422969906529],[-85.41646579999997,48.80418009906528],[-85.41690829999999,48.8041533990653],[-85.41732789999998,48.80402369906529],[-85.41775509999997,48.80390169906532],[-85.41818999999998,48.80377959906531],[-85.4186249,48.803676599065284],[-85.41907499999996,48.80360029906531],[-85.41952509999999,48.803508799065305],[-85.41996769999997,48.80341339906528],[-85.420433,48.803401899065314],[-85.4208984,48.8034095990653],[-85.4213638,48.80342859906529],[-85.42182159999999,48.80348209906527],[-85.42226409999995,48.803585099065295],[-85.42266079999996,48.80374909906528],[-85.42301939999999,48.803947399065294],[-85.42326349999996,48.804206799065305],[-85.42343139999997,48.80449679906531],[-85.423584,48.804786699065296],[-85.42373659999998,48.80508039906528],[-85.42385859999996,48.80537799906529],[-85.42394259999998,48.80567929906529],[-85.42403409999997,48.8059806990653],[-85.42411039999996,48.80628589906532],[-85.42425539999999,48.80657959906531],[-85.4245148,48.80683139906531],[-85.42483519999996,48.80705639906531],[-85.4252396,48.80720519906529],[-85.425705,48.80723569906533],[-85.42614749999996,48.8071326990653],[-85.42655179999997,48.80698389906532],[-85.42687229999996,48.806762699065324],[-85.42712399999999,48.80650329906531],[-85.42735289999996,48.806236299065304],[-85.42758939999999,48.80596919906534],[-85.4277725,48.80568699906533],[-85.42793269999999,48.80539699906531],[-85.4281464,48.805122399065304],[-85.4283752,48.80485529906533],[-85.42864989999998,48.80460359906529],[-85.4289703,48.80437849906533],[-85.429306,48.80416489906531],[-85.42967219999997,48.803974199065294],[-85.43011469999999,48.8038634990653],[-85.43055729999998,48.8039397990653],[-85.43098449999997,48.8040656990653],[-85.43140409999995,48.80421069906529],[-85.43176269999998,48.80440899906531],[-85.43210599999998,48.8046111990653],[-85.4324188,48.80484009906531],[-85.43273929999998,48.805068999065284],[-85.4330215,48.80532069906531],[-85.43345639999995,48.8053016990653],[-85.43398279999997,48.80564119906531],[-85.4342575,48.805889099065276],[-85.4345169,48.80614849906529],[-85.43474579999997,48.806415599065325],[-85.43495939999997,48.80669019906533],[-85.43524169999995,48.80693439906534],[-85.4355392,48.80717469906529],[-85.43580629999997,48.80742649906532],[-85.43601989999996,48.80770109906533],[-85.43620299999998,48.8079833990653],[-85.43637079999996,48.80826949906528],[-85.4365158,48.808563199065325],[-85.43663019999997,48.808860799065336],[-85.43674469999996,48.80916209906535],[-85.43685149999999,48.80945969906534],[-85.43698119999999,48.80975719906534],[-85.43707279999995,48.81005859906534],[-85.43714139999997,48.81036379906532],[-85.43721769999996,48.8106688990653],[-85.4372482,48.81097409906532],[-85.4372406,48.811283099065335],[-85.43722529999997,48.81159209906536],[-85.43719479999999,48.8118972990653],[-85.43714899999998,48.81220629906533],[-85.43710329999999,48.812511399065315],[-85.43705749999998,48.81282039906533],[-85.43706509999998,48.81312559906535],[-85.43717189999995,48.81342699906536],[-85.43733219999996,48.81372449906535],[-85.4376297,48.81394579906533],[-85.43804929999999,48.814090699065325],[-85.43849949999998,48.81417849906535],[-85.43896479999995,48.814201399065325],[-85.4394302,48.81423189906536],[-85.4398956,48.814239499065366],[-85.440361,48.814262399065335],[-85.44082639999999,48.814281499065366],[-85.44128419999998,48.81433869906533],[-85.44174959999998,48.81438829906535],[-85.44220729999995,48.81444929906535],[-85.44262699999996,48.81457519906535],[-85.44302369999997,48.814742999065345],[-85.4433899,48.814929999065335],[-85.44371029999996,48.815154999065335],[-85.443985,48.815402999065334],[-85.44421389999997,48.81567379906535],[-85.44435119999997,48.815967599065345],[-85.44438929999995,48.816276599065354],[-85.44441219999999,48.81658169906535],[-85.44440459999998,48.81689069906538],[-85.44435879999997,48.81719589906533],[-85.44430539999996,48.81750489906535],[-85.4442444,48.81781009906537],[-85.44419859999999,48.81811519906535],[-85.44415279999998,48.81842419906537],[-85.44406129999999,48.81872559906539],[-85.4440765,48.819030799065345],[-85.44409179999997,48.81933979906536],[-85.44409939999997,48.81964869906536],[-85.44409939999997,48.819953899065375],[-85.44406889999999,48.820262899065405],[-85.44403079999995,48.82057189906535],[-85.4439926,48.82087709906537],[-85.44393919999999,48.821182299065384],[-85.44383999999997,48.82148359906537],[-85.4437408,48.82178499906539],[-85.44362639999997,48.82208629906538],[-85.44350429999997,48.8223800990654],[-85.4433975,48.82268139906538],[-85.44331359999995,48.822986599065395],[-85.4433975,48.82328409906539],[-85.44348909999997,48.8235892990654],[-85.44374849999997,48.82384109906539],[-85.4440765,48.824050899065384],[-85.44454189999999,48.82409289906539],[-85.44500729999999,48.824130999065375],[-85.44547269999998,48.824130999065375],[-85.4459076,48.82402419906536],[-85.44631199999998,48.82386779906538],[-85.44670099999996,48.823692299065364],[-85.44703669999996,48.823478699065376],[-85.44738769999998,48.82327649906538],[-85.44773099999998,48.82306669906538],[-85.44805909999997,48.82284929906539],[-85.44839479999996,48.82263179906537],[-85.44871519999998,48.822410599065364],[-85.449028,48.8221854990654],[-85.44934079999996,48.82195279906538],[-85.44965359999998,48.82172389906535],[-85.44995879999999,48.8214950990654],[-85.45027919999995,48.82126619906537],[-85.45058439999997,48.821033499065344],[-85.45088959999998,48.82080459906538],[-85.45121,48.82057569906534],[-85.45151519999996,48.82034679906539],[-85.4518127,48.820106499065346],[-85.4521484,48.819892899065366],[-85.45246889999999,48.81966779906539],[-85.45275119999997,48.81942369906536],[-85.45304109999995,48.819183299065365],[-85.45335389999997,48.818954499065356],[-85.45365139999996,48.81871799906538],[-85.45394899999997,48.81847759906533],[-85.45423889999995,48.81824109906537],[-85.4545364,48.818000799065395],[-85.4548264,48.81776049906536],[-85.45512389999999,48.817516299065346],[-85.4553909,48.81726459906538],[-85.45555109999998,48.81696319906536],[-85.45536799999996,48.81672289906534],[-85.45497129999995,48.816539799065374],[-85.45460509999998,48.81634899906533],[-85.45425419999998,48.816146899065366],[-85.45391079999996,48.81593699906534],[-85.45357509999997,48.815723399065355],[-85.45319369999999,48.81555179906536],[-85.4527435,48.81546779906535],[-85.4522781,48.815418199065334],[-85.45182039999997,48.81537249906535],[-85.45135499999998,48.81532289906534],[-85.45090479999999,48.81525419906535],[-85.45045469999997,48.815174099065366],[-85.4500046,48.815093999065375],[-85.44954679999995,48.815017699065315],[-85.44909669999998,48.814941399065326],[-85.4486465,48.81486509906533],[-85.44819639999997,48.81478499906536],[-85.4477463,48.81469349906535],[-85.44730379999999,48.81460189906533],[-85.44687649999997,48.81447979906534],[-85.44647979999996,48.814319599065364],[-85.44608309999995,48.81414789906533],[-85.44580839999998,48.81389999906537],[-85.44545749999997,48.81370539906532],[-85.4450607,48.81354519906534],[-85.44464109999996,48.81339649906533],[-85.4443741,48.81315989906535],[-85.44416809999996,48.81288149906531],[-85.44395449999996,48.81260679906534],[-85.44380189999998,48.81231309906535],[-85.44367979999998,48.812015499065346],[-85.44358829999999,48.81171419906536],[-85.44353489999997,48.81140899906534],[-85.44348909999997,48.81109999906532],[-85.44344329999996,48.810794799065306],[-85.44343569999995,48.81048579906533],[-85.44343569999995,48.81017679906533],[-85.44345859999999,48.80987169906534],[-85.443512,48.80956269906531],[-85.44358829999999,48.80926129906531],[-85.44368739999999,48.808959999065316],[-85.44379429999998,48.80865859906529],[-85.44393919999999,48.8083648990653],[-85.4440765,48.808071099065295],[-85.44421389999997,48.807777399065316],[-85.44435119999997,48.80748369906532],[-85.44448849999998,48.80718989906532],[-85.44461819999998,48.806892399065326],[-85.44474789999998,48.80659479906533],[-85.44487759999998,48.80630109906532],[-85.44499969999998,48.80600359906527],[-85.44519809999997,48.8054694990653],[-85.4453201,48.8051719990653],[-85.44542689999997,48.8048743990653],[-85.44554139999997,48.804573099065294],[-85.44567109999997,48.80427549906529],[-85.44580079999997,48.803981799065305],[-85.44596099999995,48.80369189906531],[-85.44611359999999,48.803401899065314],[-85.4462585,48.80310819906527],[-85.44645689999999,48.80282969906529],[-85.44668579999995,48.80255889906527],[-85.44696039999997,48.80231089906528],[-85.44728849999996,48.80208969906527],[-85.44765469999999,48.80190279906532],[-85.44806669999997,48.80175019906528],[-85.44849399999998,48.80163189906529],[-85.44895939999998,48.80159759906531],[-85.4494171,48.80164339906532],[-85.44985199999996,48.801761599065294],[-85.45023349999997,48.801937099065306],[-85.45058439999997,48.80213929906528],[-85.45096589999997,48.8023147990653],[-85.45125579999996,48.80255509906527],[-85.4515457,48.80279919906531],[-85.4519272,48.803199799065304],[-85.45215609999997,48.8034667990653],[-85.45232389999995,48.80375289906527],[-85.45242309999998,48.8040542990653],[-85.45246889999999,48.80435939906529],[-85.45256039999998,48.804664599065305],[-85.45262909999997,48.80496979906531],[-85.45268249999998,48.80527499906527],[-85.45269009999998,48.80558399906529],[-85.45267489999998,48.805889099065276],[-85.4526596,48.806198099065305],[-85.452652,48.80650709906532],[-85.4526596,48.80681609906534],[-85.45262149999996,48.80712129906529],[-85.45268249999998,48.807426499065315],[-85.45279689999995,48.80772779906529],[-85.45288849999997,48.80802919906532],[-85.45307159999999,48.808311499065304],[-85.45334629999996,48.80855939906533],[-85.4536362,48.80880359906534],[-85.4539719,48.80901339906532],[-85.45439909999999,48.809139299065336],[-85.45485689999998,48.80920409906536],[-85.45532229999998,48.809196499065344],[-85.45578769999997,48.80917739906531],[-85.4562454,48.809116399065346],[-85.45670319999999,48.809066799065334],[-85.45716859999999,48.809024799065334],[-85.45763399999998,48.80902859906533],[-85.45809169999995,48.80908969906531],[-85.45853419999997,48.80917739906531],[-85.45891569999998,48.80934909906532],[-85.4592667,48.80955119906534],[-85.45955659999998,48.80979539906535],[-85.45983889999997,48.81003949906531],[-85.46013639999995,48.81027599906535],[-85.46038059999995,48.81053919906535],[-85.46064759999996,48.8107909990653],[-85.46090699999996,48.811046599065314],[-85.46114349999999,48.81131359906531],[-85.46144099999998,48.81154629906534],[-85.46170039999998,48.811801899065344],[-85.46190639999998,48.812076599065335],[-85.4621735,48.81232829906536],[-85.46246339999999,48.81257249906535],[-85.46276089999998,48.812808999065325],[-85.46305849999999,48.81304549906536],[-85.46340179999999,48.81325529906535],[-85.46376799999996,48.81344599906531],[-85.4641418,48.813629199065346],[-85.4645615,48.81374739906533],[-85.46501159999997,48.81383899906534],[-85.46546169999999,48.813922899065325],[-85.46591189999998,48.81398389906536],[-85.466362,48.81407169906532],[-85.46680449999997,48.814166999065314],[-85.46722409999995,48.81430049906531],[-85.46748349999996,48.81454849906533],[-85.46762079999996,48.81484219906537],[-85.4676819,48.815147399065324],[-85.4676819,48.815452599065345],[-85.46765899999997,48.81576159906536],[-85.46763609999999,48.816070599065384],[-85.46761319999996,48.81637569906537],[-85.4676743,48.81668089906532],[-85.46769709999995,48.81698989906535],[-85.46775049999997,48.81729509906536],[-85.46787259999996,48.81759259906535],[-85.4680176,48.81788639906537],[-85.46818539999998,48.81816859906537],[-85.468277,48.81845859906537],[-85.46839139999997,48.818759899065384],[-85.46841429999995,48.81906509906539],[-85.46829219999995,48.81936259906538],[-85.4681549,48.81965639906538],[-85.46797179999999,48.819938699065375],[-85.4677734,48.8202208990654],[-85.46758269999998,48.82049939906537],[-85.46738429999999,48.82077789906535],[-85.4671783,48.82105639906538],[-85.46701809999996,48.82134629906537],[-85.46685029999998,48.82163239906535],[-85.46673579999998,48.8219336990654],[-85.46659089999997,48.82222749906535],[-85.466568,48.82252879906542],[-85.46659089999997,48.82283779906537],[-85.46665949999999,48.82314299906538],[-85.46681209999997,48.82343289906537],[-85.4669571,48.82372669906537],[-85.46701049999996,48.82403179906537],[-85.467041,48.82434079906538],[-85.46710969999998,48.82464219906539],[-85.46722409999995,48.824943499065384],[-85.4673004,48.82524489906541],[-85.4673004,48.82555389906541],[-85.46725459999999,48.82585909906537],[-85.46714779999996,48.82616039906543],[-85.4670792,48.82646179906538],[-85.46697239999997,48.82676319906541],[-85.46685029999998,48.827060699065385],[-85.46673579999998,48.82735819906543],[-85.46658329999997,48.827648199065386],[-85.46646879999997,48.82794189906542],[-85.46649169999995,48.82825089906539],[-85.466568,48.8285560990654],[-85.4666138,48.828861199065386],[-85.46665189999999,48.82916639906539],[-85.46667479999996,48.82947539906543],[-85.46667479999996,48.82978439906539],[-85.46668239999997,48.830093399065404],[-85.46672819999998,48.830394699065394],[-85.46675869999996,48.83070369906541],[-85.46675109999995,48.83101269906543],[-85.46660609999998,48.83129879906541],[-85.46640009999999,48.83157349906544],[-85.46621699999997,48.831859599065425],[-85.46607209999996,48.8321494990654],[-85.46591189999998,48.83243939906539],[-85.46577449999995,48.83273319906541],[-85.46567539999995,48.8330344990654],[-85.46559909999996,48.83333969906542],[-85.46549219999997,48.833633399065405],[-85.46535489999997,48.833930999065416],[-85.4651642,48.83420939906543],[-85.46491999999995,48.83446879906544],[-85.46467589999997,48.83473589906541],[-85.46459959999999,48.835037199065454],[-85.46467589999997,48.835338599065416],[-85.4649048,48.835605599065424],[-85.46520999999996,48.835842099065445],[-85.46556089999996,48.83604429906545],[-85.465889,48.83626169906545],[-85.46604919999999,48.83652109906546],[-85.46629329999996,48.8367881990654],[-85.46655269999997,48.83703989906546],[-85.4667892,48.83730699906542],[-85.46688839999996,48.83760449906543],[-85.46685789999998,48.83790969906544],[-85.46662899999995,48.83817669906545],[-85.46638489999998,48.83843989906545],[-85.46613309999998,48.83870319906542],[-85.46589659999995,48.83896639906544],[-85.46570589999999,48.839248699065465],[-85.4655151,48.839527099065435],[-85.46532439999999,48.83980939906548],[-85.46513369999997,48.84009169906545],[-85.46492769999998,48.84036639906548],[-85.4647903,48.84066009906548],[-85.46469879999995,48.84096149906549],[-85.4646912,48.84126659906548],[-85.46471409999998,48.84157559906544],[-85.46447749999999,48.84183879906544],[-85.46415709999997,48.84204099906543],[-85.46376039999996,48.84220499906548],[-85.4633255,48.842319499065475],[-85.46306609999999,48.842571299065476],[-85.4628601,48.84285349906549],[-85.46288299999998,48.843147299065436],[-85.46310419999998,48.84342189906546],[-85.46342469999996,48.84364319906548],[-85.46375269999999,48.84386059906549],[-85.46401979999996,48.844116199065475],[-85.46411129999996,48.8444137990655],[-85.4640427,48.84471889906548],[-85.46376799999996,48.84494399906545],[-85.46328739999996,48.84495539906547],[-85.46282959999996,48.84499739906548],[-85.46236419999997,48.84497069906549],[-85.4619141,48.844905899065466],[-85.46147159999998,48.844802899065506],[-85.46101379999999,48.84473419906547],[-85.46057129999997,48.84463879906551],[-85.46011349999998,48.84458539906548],[-85.45964809999998,48.844627399065494],[-85.45919799999996,48.84469989906548],[-85.4587631,48.84481809906545],[-85.45837399999999,48.8449782990655],[-85.45805359999997,48.84519959906547],[-85.45787809999996,48.8454894990655],[-85.4580307,48.845779399065485],[-85.45838929999996,48.84596249906551],[-85.45885469999996,48.84598539906549],[-85.45932009999996,48.84598919906549],[-85.45978549999995,48.846012099065454],[-85.4602127,48.846137999065455],[-85.46054079999999,48.846351599065514],[-85.46083829999998,48.846580499065475],[-85.46097559999998,48.8468780990655],[-85.46105189999997,48.84717939906548],[-85.46115879999996,48.84748079906549],[-85.4612732,48.847778299065475],[-85.46142579999997,48.848068199065466],[-85.46160889999999,48.848350499065496],[-85.4617844,48.84864039906549],[-85.46177669999997,48.84894559906551],[-85.46177669999997,48.849254599065475],[-85.46171569999996,48.84955979906548],[-85.46163939999997,48.8498649990655],[-85.46157839999995,48.8501700990655],[-85.46164699999997,48.85047149906551],[-85.46171569999996,48.85077669906552],[-85.46182249999998,48.85107799906551],[-85.4619141,48.851379399065536],[-85.46199039999999,48.851680799065484],[-85.46208189999999,48.851985899065525],[-85.46207429999998,48.85229109906549],[-85.46206669999998,48.85260009906551],[-85.4620438,48.85290909906551],[-85.46212009999999,48.85320659906552],[-85.46231839999996,48.8534888990655],[-85.46250149999997,48.85377119906554],[-85.46268459999999,48.85405729906552],[-85.4628601,48.854339599065504],[-85.46293639999999,48.85464479906552],[-85.4629898,48.85494999906553],[-85.46292109999996,48.85525509906552],[-85.46283719999997,48.855556499065536],[-85.4627304,48.85585779906553],[-85.46267699999999,48.85616299906553],[-85.46282199999996,48.85644909906553],[-85.46321109999997,48.85660169906551],[-85.4636688,48.856552099065546],[-85.46410369999995,48.85645289906552],[-85.4645615,48.856391899065514],[-85.46505739999998,48.856395699065516],[-85.4652557,48.85655209906555],[-85.46553039999998,48.856811499065564],[-85.46545409999999,48.85705949906556],[-85.46547699999996,48.85735699906555],[-85.4655151,48.85766599906551],[-85.46557619999999,48.857971199065524],[-85.46569819999996,48.85826869906552],[-85.4658508,48.858558699065526],[-85.46602629999995,48.858844799065565],[-85.46617129999998,48.85913469906555],[-85.46627039999998,48.85943599906555],[-85.4663162,48.85974119906555],[-85.4662247,48.860046399065574],[-85.4661102,48.86034389906555],[-85.46594999999996,48.86063389906557],[-85.46572879999997,48.86090469906558],[-85.46553799999998,48.861186999065545],[-85.46530909999996,48.86146159906557],[-85.46531679999998,48.861736299065555],[-85.46556849999996,48.86200709906557],[-85.4659653,48.862129199065556],[-85.46638489999998,48.86199569906555],[-85.46674349999995,48.861797299065564],[-85.46706389999997,48.861572299065564],[-85.4674149,48.86136629906558],[-85.46782679999995,48.86123659906558],[-85.46822359999999,48.861286199065525],[-85.46841429999995,48.861564599065545],[-85.46859739999996,48.86184689906558],[-85.46882629999999,48.86211399906556],[-85.46920779999999,48.86228179906554],[-85.46964259999999,48.86239619906557],[-85.4700851,48.86248019906559],[-85.4705429,48.86254499906554],[-85.47097019999995,48.86267089906555],[-85.47138209999997,48.86281589906558],[-85.47168729999999,48.86304469906558],[-85.47189329999998,48.86331939906556],[-85.47201539999998,48.86361689906555],[-85.47209169999996,48.86392209906555],[-85.4719849,48.86421969906557],[-85.4718704,48.86451719906556],[-85.4717331,48.86481089906555],[-85.47147369999999,48.865066499065556],[-85.47117609999998,48.865302999065584],[-85.470665,48.86534879906559],[-85.47035979999998,48.86558149906558],[-85.4700623,48.86582949906557],[-85.46976469999998,48.8660735990656],[-85.46941379999998,48.86627199906559],[-85.46897129999996,48.86633679906554],[-85.4684982,48.86637499906556],[-85.46807099999995,48.86649319906559],[-85.46765899999997,48.86663819906557],[-85.46724699999999,48.8667907990656],[-85.466835,48.86693949906556],[-85.46649169999995,48.86714549906561],[-85.4663544,48.867443099065554],[-85.46641539999996,48.867740599065606],[-85.46659089999997,48.86803819906557],[-85.46685789999998,48.868362399065596],[-85.46712489999999,48.86824039906562],[-85.4674225,48.86789699906559],[-85.46770479999998,48.86753459906556],[-85.4678879,48.86731719906556],[-85.4679337,48.867374399065575],[-85.4679031,48.86763379906558],[-85.46779629999997,48.867999999065546],[-85.46762079999996,48.868381499065556],[-85.46738429999999,48.868682899065575],[-85.46709439999995,48.868907899065576],[-85.46675869999996,48.86911389906557],[-85.46638489999998,48.86930469906561],[-85.46599579999997,48.869487799065574],[-85.46560669999997,48.86966709906559],[-85.46521759999996,48.869853999065604],[-85.46485139999999,48.87004849906557],[-85.46450809999999,48.87025449906562],[-85.46411899999998,48.87042999906558],[-85.46372219999995,48.87059019906562],[-85.46334079999997,48.87076189906563],[-85.46305849999999,48.87102129906555],[-85.4629898,48.87129209906559],[-85.46316529999996,48.871589699065595],[-85.46327209999998,48.87190249906561],[-85.46334079999997,48.87221529906563],[-85.46329499999996,48.87250519906561],[-85.46305849999999,48.872756999065615],[-85.46271509999997,48.872981999065615],[-85.46240229999995,48.87322239906562],[-85.4621353,48.87347789906559],[-85.46186829999999,48.873733499065615],[-85.46160889999999,48.8739890990656],[-85.46135709999999,48.87424849906562],[-85.46111299999995,48.87451169906562],[-85.46088409999999,48.87477869906562],[-85.4606857,48.875057199065616],[-85.46057889999997,48.87536239906563],[-85.46056369999997,48.875667599065636],[-85.46062469999998,48.87596889906563],[-85.4607239,48.87627409906565],[-85.4608078,48.8765792990656],[-85.46085359999995,48.876888299065605],[-85.46088409999999,48.877193499065626],[-85.46090699999996,48.877502399065634],[-85.46092219999997,48.877811399065656],[-85.46096039999998,48.8781241990656],[-85.46100619999999,48.87844469906565],[-85.46104429999997,48.87876129906563],[-85.46105189999997,48.87907029906564],[-85.46101379999999,48.87936399906562],[-85.46085359999995,48.87962339906562],[-85.4604721,48.87981799906562],[-85.46006009999996,48.88000109906562],[-85.45968629999999,48.88018419906565],[-85.45930479999998,48.880359599065635],[-85.45892329999998,48.88053889906565],[-85.45853419999997,48.88074109906565],[-85.45884699999999,48.88083269906566],[-85.4588776,48.88115309906563],[-85.4587555,48.88145449906563],[-85.4586258,48.881751999065635],[-85.45849609999999,48.88204959906564],[-85.45836639999999,48.882350899065635],[-85.45823669999999,48.88265229906565],[-85.45811459999999,48.88295359906564],[-85.45798489999999,48.883254999065656],[-85.45784759999998,48.883556399065654],[-85.45771029999997,48.88385769906565],[-85.4575729,48.88415529906567],[-85.457428,48.884448999065654],[-85.45727539999996,48.88474269906564],[-85.45712279999998,48.88503269906565],[-85.456955,48.8853187990657],[-85.45677949999998,48.88560099906566],[-85.45660399999997,48.88587569906568],[-85.45640559999998,48.886146499065646],[-85.45619959999999,48.88640979906566],[-85.4559021,48.88662339906567],[-85.455513,48.88679889906567],[-85.45507809999998,48.886947599065685],[-85.45462799999996,48.887084999065664],[-85.4542007,48.887233699065675],[-85.45380399999999,48.88740159906569],[-85.45339199999995,48.88755799906566],[-85.45296479999996,48.887657199065686],[-85.45249939999997,48.8875846990657],[-85.45194239999995,48.88760759906566],[-85.45189669999996,48.88778309906568],[-85.452179,48.888046299065685],[-85.4525375,48.888297999065664],[-85.45293429999998,48.88845059906565],[-85.4533768,48.88856119906568],[-85.45380399999999,48.88869479906565],[-85.45421599999997,48.88883589906567],[-85.45461269999998,48.888996099065686],[-85.45504,48.88916779906565],[-85.45539859999997,48.88936999906569],[-85.45558169999998,48.88962939906571],[-85.45565799999997,48.8899268990657],[-85.45568079999998,48.890239699065646],[-85.45566559999997,48.8905601990657],[-85.4556503,48.890876799065666],[-85.4556427,48.89118189906572],[-85.45561979999997,48.89149089906567],[-85.45558929999999,48.891799899065695],[-85.4555588,48.89210889906571],[-85.455513,48.89241409906567],[-85.45546719999999,48.892723099065684],[-85.45542139999998,48.8930282990657],[-85.45536039999996,48.893333399065696],[-85.45526889999996,48.89363859906572],[-85.45510859999996,48.8939246990657],[-85.45490259999997,48.89420319906573],[-85.45468899999997,48.89447399906569],[-85.4544601,48.894748699065715],[-85.45423889999995,48.89501949906572],[-85.45402529999996,48.8952941990657],[-85.45383449999997,48.89557269906569],[-85.45365139999996,48.895858799065714],[-85.45349119999997,48.89615249906571],[-85.45336149999997,48.896449999065695],[-85.45326999999997,48.896751399065714],[-85.45323179999997,48.897056599065735],[-85.45323939999997,48.89736179906569],[-85.4532623,48.89767459906571],[-85.45327759999998,48.89798359906573],[-85.45326999999997,48.89829249906572],[-85.45321659999996,48.89859769906574],[-85.45314029999997,48.8988990990657],[-85.45304869999995,48.89920429906571],[-85.45297999999997,48.8995093990657],[-85.45295719999996,48.89983749906575],[-85.45292659999996,48.90015789906572],[-85.45280459999998,48.90044399906576],[-85.4525299,48.90066909906573],[-85.45220179999995,48.90087129906572],[-85.45183559999998,48.90106199906573],[-85.45144649999997,48.901241299065745],[-85.45104219999996,48.90141679906577],[-85.45063779999998,48.90158839906574],[-85.45024109999997,48.901763899065756],[-85.44985959999997,48.90194319906572],[-85.44945529999995,48.90211109906573],[-85.44904329999997,48.90227509906571],[-85.44863889999999,48.90243909906577],[-85.44825739999999,48.90261839906571],[-85.44792179999996,48.902820599065755],[-85.44763949999998,48.90305329906572],[-85.44740299999995,48.90331269906573],[-85.44719699999996,48.90358729906575],[-85.4470215,48.90387729906576],[-85.4468536,48.90417479906575],[-85.44669339999996,48.90447239906576],[-85.44653319999998,48.904762299065744],[-85.44640349999997,48.90505599906573],[-85.4462891,48.90535739906576],[-85.44617459999995,48.90565489906572],[-85.44602199999997,48.905944799065765],[-85.44584659999998,48.906230899065754],[-85.44566349999997,48.90651699906575],[-85.44547269999998,48.906799299065774],[-85.44528199999996,48.90708159906576],[-85.44507599999997,48.907356299065746],[-85.44486999999998,48.90763469906575],[-85.44466399999999,48.90791319906574],[-85.44448849999998,48.90819549906576],[-85.44435119999997,48.90848919906574],[-85.44425959999995,48.90879439906578],[-85.44415279999998,48.90909579906579],[-85.4439774,48.90937419906575],[-85.44371029999996,48.909629799065755],[-85.4434814,48.90990069906579],[-85.44329829999998,48.910182999065775],[-85.44321439999999,48.910484299065764],[-85.44319149999995,48.91079329906578],[-85.44320679999998,48.911106099065805],[-85.44324489999997,48.911418899065744],[-85.4430466,48.911678299065755],[-85.44270319999998,48.91190339906578],[-85.44234469999998,48.91210939906578],[-85.4419785,48.9123000990658],[-85.441597,48.91247939906575],[-85.4412155,48.91265489906577],[-85.44080349999996,48.91280359906578],[-85.4403992,48.912960099065785],[-85.44000239999997,48.913139299065776],[-85.43971249999998,48.9133605990658],[-85.43975069999999,48.91367719906575],[-85.43985749999996,48.91398619906579],[-85.44022369999999,48.91415409906579],[-85.44068909999999,48.914237999065776],[-85.4411316,48.9141616990658],[-85.44152829999996,48.9139976990658],[-85.44192499999997,48.9138297990658],[-85.4423218,48.91366579906581],[-85.44274139999999,48.913528399065775],[-85.44318389999995,48.91341779906581],[-85.4436417,48.913337699065764],[-85.4441071,48.9133071990658],[-85.44456479999997,48.913341499065766],[-85.44501499999996,48.913433099065784],[-85.44545749999997,48.91355509906576],[-85.44586939999999,48.91370009906579],[-85.44624329999999,48.91387939906581],[-85.44660189999996,48.914081599065796],[-85.4469833,48.91428379906579],[-85.44747919999998,48.91449359906579],[-85.44792939999996,48.91470719906577],[-85.44814299999996,48.91492839906579],[-85.44801329999996,48.91514969906581],[-85.44779209999996,48.915370899065806],[-85.44753269999995,48.915592199065834],[-85.44725039999997,48.915813399065826],[-85.44692989999999,48.91603469906579],[-85.44659419999999,48.916255999065825],[-85.44623569999999,48.91647719906582],[-85.44587709999996,48.916698499065774],[-85.44550319999996,48.916923499065774],[-85.44513699999999,48.9171485990658],[-85.44477079999996,48.91737749906583],[-85.44441989999996,48.9176063990658],[-85.44409179999997,48.91783909906582],[-85.44377899999995,48.91807169906582],[-85.443512,48.91832349906583],[-85.44331359999995,48.91860199906581],[-85.4431381,48.918891899065805],[-85.44294739999998,48.919177999065845],[-85.44272609999996,48.91944889906581],[-85.44248199999998,48.91971589906582],[-85.44225309999996,48.919986699065845],[-85.4420624,48.92026519906582],[-85.44191739999997,48.92055509906579],[-85.4418106,48.920852699065804],[-85.4417267,48.92115779906581],[-85.44165799999996,48.92146299906581],[-85.4416046,48.921771999065825],[-85.44155119999999,48.922080999065855],[-85.44151309999995,48.92238619906582],[-85.44161219999995,48.922691299065804],[-85.44188689999999,48.922946899065806],[-85.4422836,48.923099499065835],[-85.44272609999996,48.92322539906584],[-85.44318389999995,48.923320799065806],[-85.44363399999997,48.92337039906584],[-85.44412989999995,48.923316999065804],[-85.44452669999998,48.92314529906585],[-85.44465639999999,48.92288209906585],[-85.44466399999999,48.92255399906586],[-85.44463349999995,48.92223359906584],[-85.44441989999996,48.92195889906586],[-85.44427489999998,48.921649899065834],[-85.44427489999998,48.92135619906585],[-85.44441989999996,48.9210662990658],[-85.44461819999998,48.920780199065824],[-85.44486999999998,48.92051319906581],[-85.44515229999996,48.920261399065815],[-85.44549559999996,48.92001719906581],[-85.44586179999999,48.919811199065826],[-85.44624329999999,48.91969679906578],[-85.44665529999997,48.91982269906578],[-85.4470978,48.919982899065836],[-85.44754789999996,48.920070599065824],[-85.44799799999998,48.92014689906581],[-85.44846339999998,48.920211799065804],[-85.44892119999997,48.92026139906582],[-85.44938659999997,48.92027659906582],[-85.44985199999996,48.92026519906582],[-85.45032499999996,48.92023089906583],[-85.45079039999996,48.92019269906583],[-85.45125579999996,48.92014309906581],[-85.45170589999998,48.920062999065834],[-85.45212549999997,48.91993709906581],[-85.4525299,48.91978839906582],[-85.45292659999996,48.91962429906581],[-85.45332339999999,48.91945649906582],[-85.4537201,48.919288599065816],[-85.45412449999998,48.91912839906582],[-85.45454409999996,48.91899489906583],[-85.45499419999999,48.918891899065805],[-85.4554291,48.91878509906582],[-85.45582579999996,48.91862869906578],[-85.45617679999998,48.91842269906579],[-85.4564972,48.91819379906583],[-85.45677949999998,48.91794969906579],[-85.45703889999999,48.91769029906579],[-85.45728299999996,48.917423199065816],[-85.45752719999996,48.917152399065806],[-85.4577789,48.91689299906579],[-85.45805359999997,48.91664889906584],[-85.45837399999999,48.916435199065795],[-85.45880889999995,48.91630169906579],[-85.4592743,48.916248299065785],[-85.45977779999998,48.91624069906579],[-85.46031189999997,48.91625599906581],[-85.46083829999998,48.916278799065815],[-85.46132659999995,48.916297899065796],[-85.46173859999999,48.9162940990658],[-85.4620056,48.916248299065785],[-85.46155549999997,48.91603849906579],[-85.4612808,48.915809599065824],[-85.46157069999998,48.91563799906578],[-85.4620132,48.91547389906578],[-85.4624786,48.91530229906579],[-85.46282959999996,48.91509629906578],[-85.46296689999997,48.914794899065775],[-85.46303559999996,48.9144896990658],[-85.46308139999996,48.914180799065754],[-85.4630737,48.9138717990658],[-85.46300509999998,48.91357039906579],[-85.46288299999998,48.91327289906581],[-85.4627304,48.91297529906579],[-85.46257779999996,48.91268539906581],[-85.4623871,48.91239169906575],[-85.46219639999998,48.91209789906581],[-85.4620132,48.91180799906577],[-85.4618759,48.91152189906579],[-85.46182249999998,48.911235799065786],[-85.4620132,48.91096499906579],[-85.46231839999996,48.9107017990658],[-85.46254729999998,48.91043089906575],[-85.4627686,48.9101562990658],[-85.4629898,48.909885399065764],[-85.46321109999997,48.909614599065755],[-85.4634628,48.90935519906579],[-85.46372989999998,48.90909959906579],[-85.46400449999999,48.90885159906579],[-85.46427919999996,48.908599899065756],[-85.4645309,48.908344299065746],[-85.4647675,48.90807719906578],[-85.46498869999999,48.90780639906576],[-85.46520999999996,48.90752789906578],[-85.46540829999998,48.907249499065784],[-85.46559909999996,48.90697099906573],[-85.4657593,48.90668109906575],[-85.4658432,48.906375899065736],[-85.46585849999997,48.906066899065785],[-85.46581269999996,48.90576169906576],[-85.46571349999999,48.90545649906575],[-85.46558379999999,48.90515899906576],[-85.46543879999996,48.90486909906578],[-85.46527099999997,48.90457919906572],[-85.46508029999995,48.90429689906574],[-85.4648666,48.904025999065766],[-85.46463779999999,48.90375519906574],[-85.4644012,48.90348819906575],[-85.46416469999997,48.90322109906572],[-85.46394349999997,48.90295029906575],[-85.46373749999998,48.90267559906572],[-85.46369929999997,48.902366599065765],[-85.4637146,48.902057599065756],[-85.46372989999998,48.90174869906575],[-85.46377559999996,48.90144349906573],[-85.46385189999995,48.90113829906572],[-85.46397399999995,48.90083689906571],[-85.4641724,48.90056229906575],[-85.46445469999998,48.900314299065755],[-85.4647827,48.90009309906575],[-85.465126,48.899883299065706],[-85.46549219999997,48.89968489906572],[-85.46585849999997,48.899486499065716],[-85.46620939999997,48.899288199065715],[-85.46653749999996,48.89907069906574],[-85.46675869999996,48.898807499065725],[-85.46690369999999,48.89850999906575],[-85.46714779999996,48.89824299906574],[-85.4674149,48.89798359906573],[-85.46759029999998,48.89770509906569],[-85.46769709999995,48.897407499065736],[-85.46775049999997,48.89709469906572],[-85.4677658,48.89678569906571],[-85.46774289999996,48.896480599065704],[-85.4676819,48.89617539906569],[-85.46759799999995,48.89587019906574],[-85.46752169999996,48.89556499906571],[-85.46745299999998,48.89525989906573],[-85.46740719999997,48.894954699065714],[-85.46737669999999,48.89464569906569],[-85.46734619999995,48.89433669906567],[-85.46732329999998,48.89403149906571],[-85.4673004,48.893722499065696],[-85.46728519999999,48.89340969906568],[-85.46728519999999,48.89310069906571],[-85.46731569999997,48.89279559906568],[-85.46745299999998,48.89250179906573],[-85.46772769999995,48.89225009906568],[-85.46805569999998,48.89203639906567],[-85.46841429999995,48.89183039906568],[-85.46876529999997,48.8916244990657],[-85.4690857,48.89140319906568],[-85.4693375,48.89114379906568],[-85.46951289999998,48.89085389906569],[-85.46965029999996,48.890548699065675],[-85.46966549999996,48.89024729906565],[-85.46941379999998,48.88999179906566],[-85.46905519999996,48.889778099065666],[-85.46866609999995,48.88960649906568],[-85.46826169999997,48.889442399065665],[-85.46792599999998,48.8892364990657],[-85.46771999999999,48.88895799906566],[-85.46762849999999,48.888656599065705],[-85.46762079999996,48.88834379906569],[-85.46735379999996,48.88809199906567],[-85.46731569999997,48.88778689906568],[-85.46711729999998,48.88747789906567],[-85.46698759999998,48.88719179906569],[-85.46723179999998,48.886978099065665],[-85.4676743,48.88681029906567],[-85.46810149999999,48.88665389906565],[-85.46813199999997,48.88636779906565],[-85.4681625,48.886058799065644],[-85.46819309999995,48.88574599906568],[-85.46820069999995,48.885440799065655],[-85.46813959999997,48.88513179906565],[-85.46797179999999,48.88483429906565],[-85.4676437,48.88462449906565],[-85.46723179999998,48.88445279906565],[-85.46678159999999,48.88429259906568],[-85.4663544,48.884132399065635],[-85.4659805,48.88395689906567],[-85.4657211,48.88374709906569],[-85.46565249999998,48.88348009906568],[-85.46573639999997,48.88317109906567],[-85.46589659999995,48.88284299906566],[-85.46603389999996,48.88252639906566],[-85.46613309999998,48.882221199065626],[-85.46626279999998,48.88192369906564],[-85.4664841,48.88166429906564],[-85.46684269999997,48.88145829906564],[-85.46703339999999,48.88118359906566],[-85.46715549999999,48.88087839906563],[-85.46731569999997,48.88058849906565],[-85.46760559999996,48.880359599065635],[-85.46797939999999,48.880161299065605],[-85.46834559999996,48.87996669906563],[-85.46875,48.87979129906564],[-85.4688873,48.87956619906562],[-85.46868129999996,48.879268599065654],[-85.46857449999999,48.87896729906559],[-85.46846769999996,48.87866969906565],[-85.4683609,48.8783683990656],[-85.46826169999997,48.87806699906566],[-85.4681625,48.8777656990656],[-85.4680634,48.87746429906565],[-85.46796419999998,48.87716289906564],[-85.46787259999996,48.876861599065656],[-85.4677734,48.876560199065636],[-85.4676895,48.876254999065615],[-85.46760559999996,48.875949899065624],[-85.4675522,48.87564849906561],[-85.4677658,48.87536239906563],[-85.46799469999996,48.87508769906558],[-85.46848299999999,48.87498859906559],[-85.4690933,48.87496189906561],[-85.46930689999999,48.87486269906558],[-85.46907809999999,48.8746680990656],[-85.46868899999998,48.8744430990656],[-85.46821589999996,48.8741988990656],[-85.46772769999995,48.87395479906563],[-85.46728519999999,48.87372589906559],[-85.4669571,48.87352749906561],[-85.4668198,48.87338259906559],[-85.4669495,48.87331389906562],[-85.46736909999998,48.87333679906559],[-85.46795649999996,48.873413099065644],[-85.46860499999997,48.87349699906563],[-85.46919249999996,48.87354659906558],[-85.4695969,48.87351989906561],[-85.46971129999997,48.8733787990656],[-85.46955109999999,48.8731307990656],[-85.46924589999998,48.87281799906558],[-85.46894839999999,48.87247469906558],[-85.46878809999998,48.87215039906558],[-85.46886439999997,48.871864299065614],[-85.46899409999997,48.87158579906563],[-85.46915439999998,48.871307399065614],[-85.46932979999997,48.87102889906557],[-85.46952819999996,48.870750399065585],[-85.46974179999995,48.870475799065574],[-85.46997069999998,48.870197299065595],[-85.4701996,48.86992259906556],[-85.47043609999997,48.86964799906561],[-85.4706802,48.86936949906558],[-85.47091669999998,48.86909479906559],[-85.4711456,48.86881639906557],[-85.47137449999997,48.868541699065595],[-85.47158049999996,48.86826709906559],[-85.4718704,48.86877059906557],[-85.47209929999997,48.86904139906558],[-85.47209169999996,48.86934659906557],[-85.47192379999996,48.86962889906558],[-85.471611,48.8698615990656],[-85.47128299999997,48.8700789990656],[-85.470932,48.87028499906559],[-85.47061159999998,48.870506299065624],[-85.47035219999998,48.87076189906563],[-85.47026059999996,48.87106319906561],[-85.47031399999997,48.87136839906558],[-85.4705353,48.8716392990656],[-85.47082519999998,48.87187959906558],[-85.47111509999996,48.8721160990656],[-85.4714813,48.87231059906564],[-85.47188569999997,48.8724593990656],[-85.47228999999999,48.87261959906558],[-85.47273249999995,48.87271879906562],[-85.47317499999997,48.87281799906558],[-85.47362519999996,48.87290189906563],[-85.47407529999998,48.87297059906561],[-85.47453309999997,48.87303159906563],[-85.47496029999996,48.873153699065625],[-85.4753265,48.873340599065614],[-85.47559359999997,48.873596199065595],[-85.47573849999998,48.87388609906565],[-85.47577669999998,48.87419129906559],[-85.47576139999995,48.8745002990656],[-85.47579189999999,48.87480549906562],[-85.4759598,48.8750953990656],[-85.476181,48.87536619906563],[-85.47651669999999,48.87557599906562],[-85.47696689999998,48.87563709906559],[-85.47740169999997,48.87553019906561],[-85.47772219999996,48.8753089990656],[-85.47798919999997,48.875053399065614],[-85.47807309999996,48.874748199065586],[-85.47808069999996,48.87443919906564],[-85.4780197,48.87413409906563],[-85.4778748,48.873844099065636],[-85.47772979999996,48.873550399065586],[-85.47753139999998,48.8732718990656],[-85.47731019999998,48.8730010990656],[-85.47708129999995,48.87273029906559],[-85.4767761,48.87249759906561],[-85.47645569999997,48.872272499065595],[-85.47611999999998,48.872058899065586],[-85.47585299999997,48.87181089906559],[-85.47564699999998,48.8715323990656],[-85.4756165,48.87122339906559],[-85.4757004,48.87092209906561],[-85.4758759,48.87063599906562],[-85.47624969999998,48.870452899065604],[-85.47666929999997,48.87033839906561],[-85.47713469999997,48.87029649906557],[-85.47760009999996,48.87025069906562],[-85.47805789999995,48.87021259906558],[-85.47852329999995,48.87016299906561],[-85.47898859999998,48.870136299065585],[-85.47945399999998,48.87010189906558],[-85.47991939999997,48.870071399065594],[-85.48037719999996,48.87001419906557],[-85.48082729999999,48.86992649906559],[-85.4812546,48.86980439906559],[-85.4816055,48.869605999065605],[-85.48171229999997,48.86931229906561],[-85.48167419999999,48.869007099065605],[-85.48168179999999,48.86869809906558],[-85.48175809999998,48.86839679906559],[-85.48205569999999,48.86816409906556],[-85.4824142,48.86796189906558],[-85.48284149999995,48.86783979906557],[-85.48329159999997,48.867752099065584],[-85.48374939999997,48.86770629906556],[-85.48421479999996,48.86771009906556],[-85.48467249999999,48.867774999065546],[-85.4850998,48.86790079906559],[-85.4854431,48.86810679906557],[-85.48574069999995,48.86834339906557],[-85.48599239999999,48.868606599065586],[-85.48633579999995,48.8688048990656],[-85.48677829999997,48.868907899065576],[-85.487236,48.86889649906558],[-85.48767849999996,48.86878589906559],[-85.48812099999998,48.86869809906558],[-85.4885559,48.86857599906559],[-85.48900599999996,48.868507399065564],[-85.48947139999996,48.86854929906561],[-85.4897919,48.86874769906561],[-85.4900055,48.869029999065575],[-85.49007419999998,48.869335199065596],[-85.49011229999996,48.86964419906561],[-85.49011989999997,48.8699492990656],[-85.49023439999996,48.87024689906561],[-85.49045559999996,48.87051769906563],[-85.49072269999999,48.87077329906556],[-85.49107359999999,48.87097169906562],[-85.49147799999997,48.87112429906559],[-85.49189759999996,48.8712653990656],[-85.49234009999998,48.871349299065606],[-85.49280549999997,48.87137989906557],[-85.4932632,48.871437099065616],[-85.4937286,48.8714789990656],[-85.494194,48.87150189906557],[-85.49465939999999,48.87150569906558],[-85.49512479999999,48.87146379906561],[-85.49559019999998,48.87142179906559],[-85.49604799999997,48.87136839906558],[-85.49648279999997,48.87126159906559],[-85.49689479999995,48.87111279906561],[-85.49729159999998,48.87094879906558],[-85.49765779999996,48.870754199065594],[-85.4978256,48.87046809906562],[-85.49793239999997,48.87016679906562],[-85.49787899999995,48.8698615990656],[-85.49771879999997,48.869567899065615],[-85.49752809999995,48.869289399065586],[-85.4972153,48.869060499065604],[-85.49691009999998,48.86883159906558],[-85.49668119999995,48.86856079906558],[-85.49633789999996,48.868354799065585],[-85.49605559999998,48.868110699065596],[-85.49576569999999,48.867866499065606],[-85.49549099999996,48.86761859906557],[-85.49526979999996,48.867347699065604],[-85.49514009999996,48.867050199065545],[-85.49518589999997,48.86674499906558],[-85.4953918,48.86647029906556],[-85.49561309999996,48.8661994990656],[-85.49586489999996,48.86594009906559],[-85.4961624,48.865699799065574],[-85.49642939999995,48.865447999065566],[-85.49670409999999,48.86519999906556],[-85.49697879999997,48.864948299065574],[-85.49717709999999,48.864448499065574],[-85.4972153,48.864139599065574],[-85.49726099999998,48.86383439906558],[-85.49729919999999,48.863525399065544],[-85.49732969999997,48.86322019906553],[-85.49733729999997,48.86291119906558],[-85.4973602,48.86260219906556],[-85.4973602,48.862293199065554],[-85.4973526,48.861988099065556],[-85.497345,48.86167909906553],[-85.49732969999997,48.86137009906559],[-85.49731449999996,48.86106109906555],[-85.49730679999999,48.860755899065545],[-85.49727629999995,48.86044689906553],[-85.49726099999998,48.86013789906557],[-85.49723819999997,48.859832799065586],[-85.4972305,48.859523799065556],[-85.4972229,48.85921479906553],[-85.49723819999997,48.858905799065525],[-85.49723819999997,48.85860059906556],[-85.4972229,48.858291599065545],[-85.49717709999999,48.85798649906555],[-85.49718479999996,48.85767749906554],[-85.49723819999997,48.85736849906552],[-85.4973526,48.85707089906551],[-85.4975662,48.85679629906555],[-85.49788669999998,48.85657879906553],[-85.4983292,48.8564795990655],[-85.49878689999997,48.85640339906554],[-85.49925989999997,48.85637279906554],[-85.49977869999998,48.85636139906553],[-85.50024409999997,48.856346099065505],[-85.50070949999997,48.85632319906553],[-85.50117489999997,48.85628889906553],[-85.50162509999996,48.85619739906556],[-85.5020523,48.85608289906555],[-85.50245669999998,48.85592269906551],[-85.50283809999996,48.8557471990655],[-85.50321959999997,48.855567899065555],[-85.50360869999997,48.8553962990655],[-85.50400539999998,48.85523219906556],[-85.50438689999999,48.85506059906552],[-85.50476839999999,48.854881299065546],[-85.50518799999998,48.85474399906553],[-85.50559229999999,48.85459519906551],[-85.50605009999998,48.85453409906553],[-85.50651549999998,48.85456469906552],[-85.506958,48.85465619906552],[-85.50724789999998,48.854896499065504],[-85.50739289999996,48.85519029906551],[-85.50746149999998,48.8557471990655],[-85.50756839999997,48.8560447990655],[-85.50774379999996,48.85633089906556],[-85.50796509999998,48.85660169906551],[-85.50817869999997,48.85688019906554],[-85.5084991,48.85707089906551],[-85.50894929999998,48.85717389906554],[-85.50941469999998,48.85722349906555],[-85.50988009999998,48.85723109906556],[-85.5103378,48.857284499065564],[-85.51073459999998,48.85743709906554],[-85.51094819999997,48.85770799906552],[-85.51116179999997,48.857982599065544],[-85.5113144,48.858272599065536],[-85.51136779999996,48.85858149906554],[-85.51142119999997,48.85888669906555],[-85.51146699999998,48.85919189906555],[-85.5115204,48.859500899065516],[-85.51161189999999,48.85980219906558],[-85.51167299999997,48.86010739906552],[-85.51176449999997,48.86040879906553],[-85.51186369999999,48.860710099065535],[-85.51197809999996,48.861007699065546],[-85.51204679999995,48.86131289906556],[-85.51206209999998,48.86162189906557],[-85.51205439999995,48.861930799065576],[-85.51205439999995,48.862235999065526],[-85.51204679999995,48.86254499906554],[-85.51205439999995,48.86285399906556],[-85.51210779999997,48.863159199065564],[-85.51214599999997,48.863468199065544],[-85.51218409999996,48.86377329906559],[-85.5122452,48.864078499065556],[-85.51226809999997,48.864387499065565],[-85.5122604,48.86469649906557],[-85.51217649999995,48.864997899065585],[-85.51206209999998,48.86529539906559],[-85.5119095,48.86558529906558],[-85.51157379999995,48.86601639906558],[-85.51136779999996,48.86629099906561],[-85.51119999999997,48.86657709906559],[-85.51097869999995,48.86685179906556],[-85.5110474,48.86714939906555],[-85.5111923,48.86745069906556],[-85.5113983,48.86772919906559],[-85.51167299999997,48.86797709906557],[-85.51200869999997,48.868190799065594],[-85.5123825,48.868377699065555],[-85.51279449999998,48.86851879906557],[-85.51319889999996,48.868675199065606],[-85.51363369999996,48.8687896990656],[-85.51407619999998,48.8688811990656],[-85.51452639999997,48.868965099065605],[-85.51497649999999,48.86905289906561],[-85.5154114,48.86915209906557],[-85.5158768,48.86919019906561],[-85.5163422,48.86921309906559],[-85.51680759999999,48.869239799065575],[-85.51727289999997,48.8692664990656],[-85.51773829999996,48.86927799906558],[-85.51821139999998,48.86925889906559],[-85.51866909999995,48.86920549906559],[-85.51911159999997,48.869106299065564],[-85.5195541,48.86900329906561],[-85.51998139999995,48.86888889906557],[-85.52036289999995,48.86870959906562],[-85.52070619999995,48.86850359906556],[-85.52099609999999,48.86825939906556],[-85.52124789999999,48.867999999065546],[-85.52148439999996,48.86773679906561],[-85.52171329999999,48.867465999065594],[-85.52193449999999,48.86719509906556],[-85.52211,48.86690899906558],[-85.52227779999998,48.866619099065595],[-85.52240749999999,48.8663253990656],[-85.52246859999997,48.86602019906559],[-85.52244569999999,48.86571119906558],[-85.52239989999998,48.86540599906556],[-85.52234649999997,48.86509699906558],[-85.52227779999998,48.86479569906556],[-85.52227019999998,48.864486699065594],[-85.52227019999998,48.864177699065564],[-85.5223312,48.86387249906556],[-85.5224991,48.86358259906557],[-85.5227127,48.86331179906556],[-85.52301029999995,48.863075299065585],[-85.52336879999996,48.86287689906554],[-85.5237732,48.86271289906554],[-85.5241623,48.86255259906555],[-85.52458949999999,48.86242289906555],[-85.52499389999997,48.86226649906556],[-85.52539059999998,48.862106299065594],[-85.52578739999996,48.86193849906554],[-85.52618409999997,48.86177829906557],[-85.52659609999995,48.86163709906553],[-85.5270233,48.86150739906557],[-85.52744289999998,48.86138149906559],[-85.52786249999997,48.86124039906557],[-85.52828219999998,48.861106899065554],[-85.5287323,48.86101909906555],[-85.5291901,48.860961899065536],[-85.52965549999999,48.860935199065565],[-85.53011319999996,48.86097339906556],[-85.53054809999998,48.86109539906553],[-85.53092189999995,48.86127849906555],[-85.5312576,48.86149219906555],[-85.53157809999999,48.86171719906557],[-85.53189849999995,48.86193849906554],[-85.53220369999997,48.86217119906557],[-85.53250889999998,48.86240389906554],[-85.53271479999995,48.86267089906555],[-85.53306579999997,48.86288069906555],[-85.53345489999998,48.86305239906556],[-85.53387449999997,48.86318969906556],[-85.53430939999998,48.863304099065594],[-85.53475949999995,48.86338809906555],[-85.5352097,48.863456699065566],[-85.53567499999997,48.86351009906558],[-85.53614039999997,48.863532999065555],[-85.53659819999996,48.86349109906558],[-85.53705599999995,48.86342619906559],[-85.53751369999998,48.86336519906557],[-85.53797149999997,48.86330029906558],[-85.53841399999999,48.86319729906557],[-85.5388489,48.86307909906559],[-85.53961939999999,48.862762499065575],[-85.53997799999996,48.86256409906557],[-85.54033659999999,48.862365699065535],[-85.54068759999996,48.86216349906553],[-85.54100799999998,48.86190029906554],[-85.54128269999995,48.86165239906554],[-85.54152679999999,48.861389199065535],[-85.5417023,48.86110309906555],[-85.54185489999998,48.86081309906556],[-85.54199219999998,48.86051559906557],[-85.54195399999998,48.86021039906556],[-85.54185489999998,48.85990909906557],[-85.5417023,48.85961529906555],[-85.54152679999999,48.85932919906556],[-85.5413666,48.859043099065524],[-85.5411148,48.85878369906552],[-85.5408936,48.858509099065564],[-85.54067229999998,48.858238199065525],[-85.54032899999999,48.858035999065535],[-85.53990169999997,48.85791399906557],[-85.53945919999995,48.85780719906553],[-85.53901669999999,48.857715599065514],[-85.53855899999996,48.85764309906553],[-85.53810119999997,48.85759739906554],[-85.53763579999998,48.85761259906554],[-85.53717799999998,48.85768129906554],[-85.53672029999996,48.857742299065556],[-85.53586579999995,48.85789489906554],[-85.53542329999999,48.85799409906556],[-85.5349655,48.85806659906555],[-85.53454589999996,48.857944499065546],[-85.53422549999999,48.85775379906553],[-85.5343628,48.85745999906552],[-85.5346146,48.85720829906554],[-85.53498079999997,48.85701749906554],[-85.53514859999996,48.85673519906551],[-85.53517149999999,48.85642619906555],[-85.53523249999995,48.8561210990655],[-85.53529359999999,48.85581589906555],[-85.53530119999999,48.85550689906553],[-85.53524019999998,48.8552016990655],[-85.53516389999999,48.854900399065514],[-85.53507229999997,48.8545989990655],[-85.5350037,48.85429379906555],[-85.53490449999998,48.8539924990655],[-85.53476719999998,48.8536986990655],[-85.53457639999999,48.853416399065516],[-85.53441619999995,48.853126499065525],[-85.53428649999995,48.852836599065526],[-85.53441619999995,48.85253909906549],[-85.53459169999996,48.85225299906551],[-85.5347519,48.8519629990655],[-85.53493499999996,48.851680799065484],[-85.5351028,48.851390799065534],[-85.53526309999995,48.851100899065486],[-85.53536989999998,48.85081479906551],[-85.53562929999998,48.8505591990655],[-85.53599549999996,48.850219699065505],[-85.536293,48.84998319906547],[-85.53657529999998,48.8497390990655],[-85.53691099999998,48.84952549906551],[-85.53729249999998,48.84934229906552],[-85.53768919999999,48.84917829906549],[-85.53810119999997,48.84903719906548],[-85.53853609999999,48.84892649906548],[-85.53899379999996,48.84887309906552],[-85.53945159999995,48.84893419906552],[-85.53985599999999,48.84908289906552],[-85.54022219999996,48.84927749906551],[-85.54040529999997,48.84954829906552],[-85.54042049999998,48.84985729906548],[-85.54036709999997,48.85016249906548],[-85.54019929999998,48.85044859906553],[-85.5399094,48.85068889906551],[-85.53967289999997,48.85094449906551],[-85.53985599999999,48.85122679906548],[-85.54016109999998,48.851448099065514],[-85.54061129999997,48.851524399065504],[-85.54107669999996,48.85147089906551],[-85.54152679999999,48.851394699065494],[-85.5419693,48.8513068990655],[-85.54240419999996,48.8511924990655],[-85.54283909999998,48.85107419906551],[-85.543251,48.85093309906549],[-85.54366299999998,48.85079569906554],[-85.5440903,48.850669899065494],[-85.54450989999998,48.85053629906553],[-85.54496769999997,48.85046769906551],[-85.545433,48.85043719906553],[-85.54586029999996,48.85056299906549],[-85.5462723,48.85070799906548],[-85.54664609999998,48.8508910990655],[-85.54707339999999,48.8510131990655],[-85.54752349999995,48.851032299065515],[-85.5479355,48.8508872990655],[-85.5483322,48.850727099065516],[-85.54868319999997,48.85052489906552],[-85.54895779999998,48.850276899065534],[-85.54911039999996,48.84998699906549],[-85.54921719999999,48.84968569906548],[-85.54925539999999,48.84938049906547],[-85.54923249999996,48.849071499065516],[-85.54919429999995,48.84876629906549],[-85.54911799999996,48.84846119906551],[-85.54908749999998,48.84815219906549],[-85.54907229999998,48.84784699906547],[-85.549057,48.847537999065516],[-85.54904169999998,48.8472289990655],[-85.54886629999999,48.84694669906551],[-85.54851529999996,48.846832299065476],[-85.5482025,48.84669879906547],[-85.5474701,48.84652709906546],[-85.5470047,48.846530899065485],[-85.54656979999999,48.8464202990655],[-85.5461502,48.84628679906549],[-85.54575349999999,48.846137999065455],[-85.54549409999998,48.845882399065516],[-85.54532619999998,48.84559249906547],[-85.54523469999998,48.84529109906547],[-85.545166,48.844985999065464],[-85.54506679999997,48.844688399065454],[-85.54485319999998,48.8444137990655],[-85.54458619999997,48.844161999065484],[-85.54422,48.84397129906548],[-85.54380799999996,48.8438262990655],[-85.5433807,48.8437003990655],[-85.54292299999997,48.843639399065474],[-85.54246519999998,48.84364319906548],[-85.54199979999999,48.8436927990655],[-85.54153439999999,48.843711899065475],[-85.54108429999997,48.84363169906545],[-85.54067229999998,48.84349439906544],[-85.54033659999999,48.843276999065445],[-85.54006199999998,48.84302899906546],[-85.539917,48.84273529906547],[-85.5399094,48.842426299065444],[-85.54010009999996,48.84215549906549],[-85.54046629999999,48.84197239906547],[-85.54091639999996,48.841876999065455],[-85.5413666,48.84181209906547],[-85.54181669999997,48.84172819906547],[-85.54225159999999,48.841609999065454],[-85.54235839999996,48.841323899065465],[-85.54236599999996,48.84101489906545],[-85.5423965,48.84070969906548],[-85.54238889999999,48.84040069906547],[-85.54241939999997,48.84009169906545],[-85.54245759999998,48.839786499065426],[-85.54254909999997,48.83948519906546],[-85.54270939999998,48.83919529906546],[-85.54294589999995,48.83892819906542],[-85.54317469999995,48.83866119906547],[-85.54346469999996,48.83841709906544],[-85.54376979999995,48.83818439906547],[-85.54405979999996,48.83794399906549],[-85.54437259999997,48.837715099065456],[-85.54470829999997,48.837501499065446],[-85.54509739999997,48.83733369906547],[-85.54547119999995,48.83715059906545],[-85.54585269999995,48.83697129906544],[-85.54625699999997,48.83681109906547],[-85.5466156,48.83662799906544],[-85.54692079999995,48.83639139906544],[-85.54692079999995,48.83608249906545],[-85.54676059999997,48.835796399065465],[-85.54653929999995,48.83552169906544],[-85.54625699999997,48.83527759906546],[-85.54595179999995,48.835040999065455],[-85.54562379999999,48.834827399065404],[-85.54528049999999,48.8346213990654],[-85.5449448,48.834403999065415],[-85.5446091,48.83419039906541],[-85.54427339999995,48.833972899065465],[-85.54393009999995,48.833766899065424],[-85.54358669999999,48.83356089906541],[-85.54322809999996,48.833358799065444],[-85.54286959999996,48.833160399065406],[-85.5425186,48.8329581990654],[-85.54215999999997,48.83275989906545],[-85.54180909999997,48.832561499065406],[-85.54148859999998,48.832336399065426],[-85.54113769999998,48.83213039906544],[-85.54082489999996,48.83190539906545],[-85.54045869999999,48.8317183990654],[-85.54008479999999,48.83153149906544],[-85.53972629999998,48.831333199065405],[-85.53933719999998,48.8311690990654],[-85.53891749999997,48.831024199065396],[-85.53850559999995,48.83087919906542],[-85.5382156,48.830646499065395],[-85.53783419999996,48.830505399065444],[-85.5373611,48.83050919906539],[-85.53689579999997,48.83052829906542],[-85.53639979999997,48.83057789906544],[-85.53598789999995,48.83053969906542],[-85.53584289999998,48.83025359906544],[-85.5356903,48.82994839906543],[-85.53537749999998,48.8297156990654],[-85.53520199999997,48.829429599065406],[-85.5352097,48.829124499065415],[-85.53530119999999,48.8288230990654],[-85.53540799999996,48.8285216990654],[-85.53562929999998,48.82803339906542],[-85.53583529999997,48.82775879906541],[-85.53609469999998,48.82749939906538],[-85.53633119999995,48.82723619906539],[-85.53658289999998,48.82697679906539],[-85.53681179999995,48.82670969906541],[-85.53697969999996,48.82641979906537],[-85.53706359999995,48.82611849906537],[-85.53711699999997,48.82580949906542],[-85.5370178,48.825515699065406],[-85.53684229999999,48.82522579906535],[-85.5366745,48.82493969906539],[-85.53652949999997,48.82464979906539],[-85.53614039999997,48.82447429906539],[-85.5356979,48.82438279906539],[-85.53523249999995,48.82433699906538],[-85.53476719999998,48.82433699906538],[-85.53430179999998,48.8243026990654],[-85.53384399999999,48.824249299065386],[-85.5333862,48.8241919990654],[-85.5329208,48.82416149906536],[-85.5324554,48.82416529906537],[-85.53199009999997,48.824172999065404],[-85.53152469999998,48.824172999065404],[-85.53105159999996,48.824169199065395],[-85.53058619999996,48.824172999065404],[-85.53012079999996,48.82415769906536],[-85.52965549999999,48.82414629906536],[-85.5291901,48.824138599065385],[-85.5287323,48.824169199065395],[-85.5282593,48.82416149906536],[-85.5278702,48.823997499065385],[-85.52761079999999,48.82376859906541],[-85.52713779999999,48.82373429906537],[-85.52684779999998,48.823493999065406],[-85.52671809999998,48.82320019906539],[-85.52665709999997,48.82289509906539],[-85.52670289999998,48.822586099065376],[-85.52670289999998,48.82227709906537],[-85.52674099999996,48.82197189906535],[-85.52677919999996,48.82166669906539],[-85.52663419999999,48.82137299906534],[-85.52652739999996,48.821067799065396],[-85.52619169999997,48.820857999065396],[-85.52580259999996,48.82068629906537],[-85.5253601,48.82057949906537],[-85.52490999999998,48.820602399065386],[-85.5245132,48.82076639906538],[-85.52413179999996,48.82094569906539],[-85.52375029999996,48.821121199065395],[-85.52336879999996,48.82129669906535],[-85.52297969999995,48.82147219906537],[-85.52256769999997,48.82161709906538],[-85.52217859999996,48.821784999065386],[-85.5217743,48.82194139906537],[-85.5213776,48.822101599065356],[-85.52095029999998,48.82223889906537],[-85.52050019999996,48.822296099065355],[-85.52003479999996,48.822292299065374],[-85.51956179999996,48.82229609906536],[-85.51909639999997,48.82227709906536],[-85.51864619999998,48.82220459906537],[-85.51820369999996,48.822101599065356],[-85.51778409999997,48.82197569906536],[-85.51735689999998,48.82184599906541],[-85.51700589999996,48.821643799065356],[-85.51664729999999,48.821449299065385],[-85.51629639999999,48.8212432990654],[-85.51599879999998,48.82100679906537],[-85.51570129999999,48.82077029906541],[-85.51539609999998,48.820537599065375],[-85.51512909999997,48.820285799065374],[-85.51485439999999,48.820033999065366],[-85.51457209999995,48.8197898990654],[-85.51433559999998,48.81952289906538],[-85.5140839,48.81926729906538],[-85.51381679999997,48.81901169906538],[-85.5135803,48.818744699065356],[-85.5133591,48.818473799065394],[-85.5131149,48.818210599065374],[-85.51287839999998,48.81794739906537],[-85.51261139999997,48.81769179906538],[-85.51227569999998,48.81736369906536],[-85.5120392,48.81709669906537],[-85.51179499999995,48.816833499065346],[-85.51155849999998,48.816570299065354],[-85.51129149999997,48.816318499065346],[-85.51099399999998,48.81607819906538],[-85.5107193,48.81583019906539],[-85.51042179999996,48.81559369906536],[-85.5100708,48.81538389906536],[-85.5097427,48.81517029906536],[-85.509613,48.81488039906539],[-85.50956729999996,48.81456759906534],[-85.5095978,48.81425859906534],[-85.50971979999997,48.81396099906533],[-85.50991819999996,48.81368259906537],[-85.51026919999998,48.81348419906533],[-85.51072689999995,48.813419299065345],[-85.5111923,48.81339259906536],[-85.5116501,48.81343839906532],[-85.5121155,48.813445999065316],[-85.51258089999999,48.81340409906533],[-85.51302339999995,48.81330869906537],[-85.51343539999999,48.81316379906536],[-85.51380919999997,48.81298069906535],[-85.5141754,48.81278609906535],[-85.51453399999997,48.812591599065335],[-85.51492309999998,48.81242369906533],[-85.51528929999995,48.81223299906536],[-85.51559449999996,48.81200409906535],[-85.51591489999998,48.811775199065316],[-85.51630399999999,48.81162639906534],[-85.51672359999998,48.811485299065325],[-85.51712039999995,48.81135939906531],[-85.5175552,48.81147769906533],[-85.51796719999999,48.81163019906535],[-85.51831049999998,48.81184009906535],[-85.51866909999995,48.81203839906532],[-85.51902769999998,48.81223299906535],[-85.51937099999998,48.81244279906535],[-85.519722,48.812644999065334],[-85.52011109999995,48.81282039906533],[-85.52050019999996,48.81298449906533],[-85.52094269999998,48.812923399065355],[-85.5213928,48.81285479906534],[-85.52181239999999,48.812732699065336],[-85.52209469999997,48.81248469906535],[-85.52221679999997,48.81218719906534],[-85.52230069999996,48.811881999065335],[-85.522377,48.811580699065345],[-85.52238459999995,48.81127169906532],[-85.52235409999997,48.81096269906531],[-85.52227779999998,48.810657499065336],[-85.5221176,48.81037139906532],[-85.52194209999999,48.81008529906533],[-85.52178189999995,48.80979539906535],[-85.52178189999995,48.80948639906533],[-85.52178189999995,48.80917739906531],[-85.5217743,48.80886839906529],[-85.52193449999999,48.8085822990653],[-85.52219389999999,48.8083228990653],[-85.52243039999996,48.80805969906529],[-85.52266689999999,48.80779649906528],[-85.52299499999998,48.80757519906531],[-85.52339169999999,48.807414999065344],[-85.52384189999998,48.80734249906529],[-85.52431489999998,48.80735399906532],[-85.5247574,48.80744549906532],[-85.52517699999999,48.80757139906532],[-85.52556609999999,48.80774309906534],[-85.5259476,48.80792239906529],[-85.5263367,48.808090199065326],[-85.52673339999996,48.808258099065334],[-85.52713009999997,48.80841449906532],[-85.52751159999997,48.80858989906531],[-85.5278854,48.80877689906529],[-85.52825159999998,48.80896759906531],[-85.5286102,48.80916209906535],[-85.52893069999999,48.80939099906531],[-85.52916719999996,48.809654199065314],[-85.52935029999998,48.80994799906532],[-85.52977749999997,48.80997089906531],[-85.53019709999995,48.8098449990653],[-85.53050989999997,48.80961989906533],[-85.53071589999996,48.80934139906533],[-85.5308685,48.80904389906529],[-85.53118129999996,48.80883789906532],[-85.53153989999998,48.80867769906531],[-85.53170779999999,48.8084029990653],[-85.53208159999997,48.80821229906534],[-85.53236389999995,48.807975799065304],[-85.5324554,48.80767059906529],[-85.53252409999999,48.80736539906533],[-85.53263089999996,48.80706409906533],[-85.5328217,48.80678559906531],[-85.5330811,48.806526199065296],[-85.53324129999999,48.80624009906531],[-85.53340909999997,48.805950199065336],[-85.53367609999998,48.805702199065315],[-85.533905,48.80544659906532],[-85.53429409999995,48.80527499906527],[-85.53467559999996,48.80509569906531],[-85.5349579,48.80485149906533],[-85.53533169999997,48.80466839906531],[-85.53579709999997,48.804634099065325],[-85.53626249999996,48.804618799065295],[-85.53669739999998,48.804710399065314],[-85.5371017,48.80486299906529],[-85.53749849999997,48.80503079906528],[-85.53794099999999,48.80512619906531],[-85.5383759,48.805110899065326],[-85.53844449999997,48.80479809906531],[-85.53850559999995,48.804492999065324],[-85.53826139999995,48.80424119906531],[-85.53816219999999,48.803947399065294],[-85.53823849999998,48.803646099065304],[-85.53844449999997,48.803375199065286],[-85.5388031,48.80318069906531],[-85.53924559999996,48.803081499065286],[-85.53969569999998,48.80300139906531],[-85.54014589999997,48.80292889906531],[-85.540596,48.802833599065316],[-85.54104609999996,48.80276869906527],[-85.54151149999996,48.80273819906528],[-85.54197689999995,48.802726699065325],[-85.5424423,48.80275729906527],[-85.5429001,48.802802999065314],[-85.54335019999996,48.802890799065274],[-85.54379269999998,48.80298229906527],[-85.54425049999998,48.8030547990653],[-85.544693,48.8031386990653],[-85.54512019999999,48.80326459906532],[-85.54553219999997,48.80341339906528],[-85.54592129999997,48.80358119906526],[-85.5462875,48.80377199906532],[-85.54647829999999,48.8040542990653],[-85.5464935,48.8043593990653],[-85.54650879999997,48.80466839906531],[-85.54684449999996,48.804763799065334],[-85.5472183,48.8045882990653],[-85.54763029999998,48.804439499065275],[-85.54799649999995,48.804252599065315],[-85.5482025,48.803974199065316],[-85.54840089999999,48.80369569906532],[-85.54849239999999,48.80339429906531],[-85.54859919999996,48.80308909906529],[-85.54894259999998,48.80290219906527],[-85.54934689999999,48.802753399065296],[-85.549736,48.802581799065315],[-85.5501099,48.8023910990653],[-85.55055239999996,48.802371999065315],[-85.55095669999997,48.8025283990653],[-85.55139919999999,48.80261609906528],[-85.55184939999998,48.80255129906527],[-85.5522995,48.80247119906528],[-85.55271909999999,48.8023337990653],[-85.55312349999997,48.8021850990653],[-85.55353549999995,48.80203629906527],[-85.55391689999999,48.80186079906531],[-85.55429079999999,48.80167009906529],[-85.55472559999998,48.80158229906526],[-85.5551529,48.80144879906527],[-85.5551605,48.80115509906529],[-85.55506129999998,48.800853699065264],[-85.55503849999997,48.8005446990653],[-85.55544279999998,48.80040739906529],[-85.55564119999997,48.80015949906527],[-85.55605319999995,48.80005259906526],[-85.556488,48.800125099065255],[-85.55689239999998,48.800239599065264],[-85.55731959999997,48.800342599065274],[-85.55736539999998,48.80064389906528],[-85.55763239999999,48.800727799065264],[-85.55797579999995,48.80092999906532],[-85.55838009999997,48.80106739906528],[-85.558403,48.80078129906529],[-85.55838009999997,48.80047609906527],[-85.5586624,48.800239599065264],[-85.55911249999997,48.80017469906527],[-85.55955509999995,48.800071699065306],[-85.55995939999997,48.79992289906527],[-85.56031039999999,48.79972079906529],[-85.56061549999998,48.79948429906526],[-85.56089019999996,48.79923629906528],[-85.56124109999996,48.79903789906528],[-85.56161499999996,48.79885099906527],[-85.56194309999995,48.79863359906526],[-85.56221009999996,48.79838179906527],[-85.5621567,48.79807659906526],[-85.56226349999997,48.79778289906527],[-85.56251529999997,48.79752729906526],[-85.56282809999999,48.7972983990653],[-85.56320189999997,48.79711149906528],[-85.56365199999999,48.79703899906528],[-85.56411739999999,48.79706949906526],[-85.56457519999998,48.79710009906527],[-85.56500239999997,48.79697039906526],[-85.56528469999995,48.796733899065295],[-85.56555939999998,48.796482099065294],[-85.56584169999996,48.79623789906524],[-85.56614689999998,48.79600519906526],[-85.56648249999995,48.79579159906526],[-85.56675719999998,48.795539899065226],[-85.56705469999997,48.79530719906526],[-85.56736759999995,48.795078299065246],[-85.56768799999998,48.79485319906527],[-85.56803889999998,48.79465099906528],[-85.56841279999998,48.79447169906527],[-85.56880949999999,48.79430389906527],[-85.56921389999997,48.794147499065225],[-85.56961819999998,48.79399869906525],[-85.57006839999997,48.79391479906527],[-85.57051089999999,48.793823199065244],[-85.57096099999995,48.79374309906524],[-85.57141109999998,48.79365919906526],[-85.57187649999997,48.79364779906527],[-85.57232669999996,48.793571499065266],[-85.57279209999996,48.79354479906524],[-85.57325739999999,48.79353709906527],[-85.57372279999998,48.79351429906525],[-85.57418819999998,48.793514299065244],[-85.57464599999997,48.79354479906524],[-85.57510379999997,48.79348369906525],[-85.57556919999996,48.79346469906525],[-85.57603449999999,48.79346079906527],[-85.57649989999999,48.79343029906524],[-85.57695769999998,48.793380699065224],[-85.57741549999997,48.79331589906527],[-85.57782749999996,48.79317469906523],[-85.57817839999996,48.79297259906527],[-85.57855989999996,48.792797099065254],[-85.5789719,48.792648299065235],[-85.57936859999995,48.79248429906524],[-85.5797882,48.792354599065234],[-85.58023829999996,48.79228589906524],[-85.58067319999998,48.79239649906523],[-85.58113859999997,48.792346999065224],[-85.5815887,48.79227829906525],[-85.58203889999999,48.79218669906523],[-85.58232119999997,48.79195019906525],[-85.5825577,48.791679399065245],[-85.58293909999998,48.79151149906523],[-85.58339689999997,48.79145049906522],[-85.58385469999996,48.79140469906525],[-85.58432009999996,48.79137039906523],[-85.58478549999995,48.79136279906523],[-85.5852509,48.79138569906526],[-85.58570859999998,48.79143519906523],[-85.58616639999997,48.79147339906526],[-85.58663179999996,48.791511499065244],[-85.58708949999999,48.79156489906525],[-85.58755489999999,48.79161829906526],[-85.58801269999998,48.791667899065274],[-85.58847049999997,48.79173279906526],[-85.5889206,48.79181289906525],[-85.58935549999995,48.79191589906527],[-85.5897827,48.79204559906521],[-85.59017939999995,48.79220579906525],[-85.59059909999996,48.792343099065256],[-85.59092709999999,48.792556799065224],[-85.5909729,48.79286189906526],[-85.5909805,48.79316709906523],[-85.59118649999999,48.79344179906527],[-85.59133909999997,48.79373169906525],[-85.59139249999998,48.79404069906527],[-85.5917053,48.794204699065254],[-85.59190369999999,48.79446409906527],[-85.59226989999996,48.79445269906525],[-85.59271239999998,48.79441829906526],[-85.5930328,48.79419329906526],[-85.59333799999996,48.79396439906528],[-85.59355929999998,48.79368969906525],[-85.59379579999995,48.79342649906524],[-85.5940018,48.79315189906523],[-85.594223,48.79288479906525],[-85.59424589999998,48.79257969906526],[-85.59439089999995,48.79235459906524],[-85.59424589999998,48.79210659906524],[-85.59411619999997,48.791820499065246],[-85.59372709999997,48.79165269906527],[-85.59331509999998,48.79150769906523],[-85.5929031,48.79136279906523],[-85.59246059999998,48.79127879906526],[-85.5921707,48.79111099906521],[-85.5920792,48.79080959906527],[-85.59198759999998,48.790508299065216],[-85.59184269999997,48.79021449906526],[-85.5917892,48.789909399065216],[-85.59185029999998,48.78960419906526],[-85.59175869999996,48.78932949906522],[-85.59214779999996,48.78920359906521],[-85.5925598,48.78933719906525],[-85.59271999999999,48.78909679906524],[-85.59294889999995,48.78882979906524],[-85.59291079999997,48.78853229906524],[-85.5929337,48.78823089906523],[-85.59304049999997,48.78792949906522],[-85.59321589999996,48.78765109906521],[-85.5936203,48.78757479906522],[-85.5940933,48.787639599065244],[-85.59425349999998,48.787433599065245],[-85.59420009999997,48.78713609906521],[-85.59423829999997,48.78683089906523],[-85.59419249999996,48.786540999065195],[-85.59415439999998,48.78623199906523],[-85.5943375,48.78595729906522],[-85.59470369999997,48.785770399065235],[-85.59513849999996,48.785659799065215],[-85.59560389999996,48.78562159906521],[-85.59604639999998,48.78554529906521],[-85.59620669999998,48.78525159906522],[-85.5963898,48.78496929906519],[-85.59649659999997,48.784671799065194],[-85.59650419999997,48.784362799065185],[-85.59645079999996,48.78405379906522],[-85.59631349999995,48.783763899065185],[-85.596138,48.7834777990652],[-85.59596249999998,48.783191699065206],[-85.59583279999998,48.7828978990652],[-85.5956726,48.78260799906522],[-85.59551239999996,48.782058699065225],[-85.5954514,48.78175349906521],[-85.5954514,48.78144839906521],[-85.59551239999996,48.7811431990652],[-85.59560389999996,48.780837999065184],[-85.59573359999996,48.7805442990652],[-85.59594729999998,48.780269599065164],[-85.59616849999998,48.77999879906522],[-85.59645079999996,48.77975079906521],[-85.59681699999999,48.77956769906519],[-85.59722139999997,48.779415099065154],[-85.59764099999995,48.779273999065225],[-85.59809109999998,48.77920149906515],[-85.59854889999997,48.77914809906522],[-85.59901429999996,48.779167199065185],[-85.59947969999996,48.77920529906517],[-85.59992979999998,48.779281599065214],[-85.60034939999997,48.77941129906521],[-85.60073089999997,48.77959059906517],[-85.6010971,48.77978129906519],[-85.6014252,48.78000259906521],[-85.60173799999995,48.780231499065174],[-85.60199739999996,48.78048319906522],[-85.60224149999999,48.78075029906518],[-85.6025085,48.78099819906516],[-85.60282899999999,48.78122709906521],[-85.60314939999995,48.78144839906521],[-85.60350799999998,48.78164289906519],[-85.60387419999995,48.7818335990652],[-85.60425569999995,48.782009099065206],[-85.60464479999996,48.78217699906522],[-85.6050568,48.78232959906521],[-85.60546869999996,48.7824668990652],[-85.6057816,48.78269199906518],[-85.60607909999999,48.78293229906521],[-85.6063461,48.78318019906519],[-85.60658259999997,48.78344729906522],[-85.60694889999996,48.78363039906523],[-85.60737609999995,48.78376009906518],[-85.6078339,48.78378299906521],[-85.60828399999997,48.78385539906524],[-85.60867309999998,48.783702899065226],[-85.60900119999997,48.78349299906521],[-85.60919949999999,48.783214599065204],[-85.60945129999999,48.7829551990652],[-85.6096344,48.782672899065204],[-85.60967249999999,48.7823676990652],[-85.60968019999996,48.782058699065225],[-85.60960389999997,48.78176119906518],[-85.60958099999999,48.78145219906522],[-85.60943599999996,48.78115839906522],[-85.60920719999996,48.78092189906518],[-85.60921479999996,48.780631999065186],[-85.60928339999998,48.78033069906521],[-85.60956569999996,48.78008269906521],[-85.60980989999996,48.7798194990652],[-85.60992429999999,48.77952189906519],[-85.60990909999998,48.77921679906519],[-85.60989379999995,48.77890779906518],[-85.60987089999998,48.77859879906516],[-85.6099777,48.778305099065186],[-85.60980219999999,48.7780417990652],[-85.60940549999998,48.77788539906516],[-85.60896299999996,48.77777859906519],[-85.60849759999996,48.777751899065144],[-85.6080399,48.777706099065206],[-85.6075821,48.77763369906519],[-85.60713959999998,48.77754589906517],[-85.60675049999998,48.77737429906519],[-85.60642239999999,48.77715679906518],[-85.60614779999997,48.776908899065184],[-85.60589599999997,48.77664949906518],[-85.6056595,48.77638629906516],[-85.60543059999998,48.77611539906518],[-85.60523219999999,48.77583689906516],[-85.60500339999999,48.77556609906521],[-85.60475919999999,48.77531049906518],[-85.6045914,48.77502059906515],[-85.60440829999999,48.77473829906516],[-85.60427089999996,48.77444459906519],[-85.60424039999998,48.774135599065154],[-85.60424039999998,48.77382659906515],[-85.60431669999997,48.77352519906514],[-85.60444639999997,48.773227699065146],[-85.6046677,48.772956799065156],[-85.60491939999997,48.77269739906517],[-85.60530089999997,48.772521999065184],[-85.60571289999996,48.77237319906514],[-85.60616299999998,48.77230449906516],[-85.60662079999997,48.772357899065156],[-85.60705569999999,48.77246859906517],[-85.6074524,48.772628799065146],[-85.60785679999998,48.77278519906519],[-85.60822299999995,48.77297589906515],[-85.60858919999998,48.77315899906517],[-85.60902399999998,48.77326969906516],[-85.60946659999996,48.77337269906518],[-85.60990139999996,48.77348329906516],[-85.61033629999997,48.773597699065185],[-85.61077119999999,48.77371219906519],[-85.61119079999997,48.77383799906515],[-85.61162569999999,48.773952499065146],[-85.6120224,48.77410889906519],[-85.61244199999999,48.774246199065196],[-85.6128769,48.77435679906516],[-85.61332699999997,48.77442929906516],[-85.61379239999997,48.77447129906516],[-85.61425779999996,48.774475099065164],[-85.61472319999996,48.77444079906518],[-85.61517329999998,48.7743720990652],[-85.61559299999999,48.77423479906519],[-85.6159821,48.77406689906518],[-85.6163406,48.77386859906515],[-85.61662289999998,48.77362439906515],[-85.61690519999996,48.773376499065186],[-85.61713409999999,48.77310939906514],[-85.61734769999998,48.77283479906515],[-85.61748499999999,48.77254099906518],[-85.61759949999998,48.77224349906513],[-85.61784359999996,48.77196879906514],[-85.61775209999996,48.77169039906515],[-85.61743159999997,48.771465299065184],[-85.61708069999997,48.77126309906512],[-85.6167221,48.771060899065134],[-85.6163712,48.77085879906517],[-85.6159973,48.770675699065144],[-85.6156158,48.77049639906516],[-85.61523439999996,48.770320899065126],[-85.61482999999998,48.770164499065146],[-85.61445619999995,48.76998139906513],[-85.6140671,48.769817399065154],[-85.6136856,48.769634199065166],[-85.6133347,48.769435899065144],[-85.61297609999997,48.769233699065154],[-85.6126251,48.769031499065164],[-85.6122742,48.76883319906514],[-85.61192319999998,48.76862719906514],[-85.61160279999996,48.76840589906513],[-85.6112976,48.76817319906516],[-85.61096189999995,48.76795959906515],[-85.61064909999999,48.76772689906514],[-85.61034389999998,48.76749799906516],[-85.61005399999999,48.76725389906513],[-85.60974119999997,48.76702499906516],[-85.60942079999995,48.766803699065136],[-85.60909269999996,48.76658249906514],[-85.6087875,48.76635359906511],[-85.60845179999995,48.76613619906511],[-85.60810089999995,48.76593019906512],[-85.60771939999995,48.76575849906511],[-85.60730739999997,48.7656135990651],[-85.60688019999998,48.76549529906511],[-85.60643009999995,48.76539989906514],[-85.60597989999997,48.76533129906512],[-85.6055222,48.76527019906514],[-85.6050644,48.76520159906512],[-85.60460659999995,48.76515579906511],[-85.60414889999998,48.76510999906515],[-85.60368349999999,48.76508709906513],[-85.60321809999999,48.765052799065145],[-85.6027527,48.76501849906509],[-85.6022873,48.76499179906512],[-85.60183719999998,48.764919299065134],[-85.60138699999999,48.76483539906515],[-85.60094449999997,48.76474379906512],[-85.600502,48.76465229906513],[-85.60005189999998,48.76456449906511],[-85.5996017,48.76448439906511],[-85.59915159999997,48.76440809906512],[-85.59869379999998,48.76435089906511],[-85.59823609999995,48.76427839906512],[-85.59777829999996,48.76422119906511],[-85.59732819999999,48.76414869906512],[-85.5968704,48.76407619906513],[-85.59641269999997,48.76405329906512],[-85.59594729999998,48.76406859906513],[-85.59548189999998,48.76406099906513],[-85.59501649999999,48.76405719906512],[-85.59455109999999,48.76406479906514],[-85.5940933,48.7640075990651],[-85.59367369999995,48.76387789906511],[-85.59322359999999,48.7637900990651],[-85.59275819999999,48.76377489906514],[-85.592308,48.763801599065125],[-85.59205629999997,48.76353449906515],[-85.59201809999996,48.763225599065095],[-85.5919571,48.76292039906515],[-85.5919647,48.762611399065115],[-85.5920792,48.76231769906514],[-85.59238429999999,48.762081099065135],[-85.5927658,48.7619056990651],[-85.5931473,48.761726399065125],[-85.59346769999996,48.76150509906512],[-85.5938721,48.7613563990651],[-85.59428409999998,48.76120379906513],[-85.5947266,48.761119799065106],[-85.59516909999996,48.7610244990651],[-85.59563449999996,48.760974899065104],[-85.59609989999996,48.76095579906513],[-85.59692379999996,48.761043499065124],[-85.59735109999997,48.761157999065105],[-85.59778589999996,48.76128009906512],[-85.5981827,48.7614364990651],[-85.59858699999995,48.76159289906513],[-85.59898379999998,48.76175309906511],[-85.59937289999999,48.76192089906511],[-85.59973909999997,48.76211169906513],[-85.60013579999998,48.76227949906513],[-85.60054779999996,48.762416799065136],[-85.60099789999998,48.76249689906512],[-85.60145569999997,48.762569399065114],[-85.6019058,48.7626380990651],[-85.60236359999999,48.76270289906511],[-85.60281369999996,48.76278689906514],[-85.6032639,48.762851699065095],[-85.60372159999997,48.76292419906515],[-85.60416409999999,48.76300809906512],[-85.60461429999998,48.76309199906511],[-85.6050644,48.76317209906513],[-85.60551449999997,48.76325609906513],[-85.60595699999999,48.763355299065104],[-85.60639949999995,48.7634429990651],[-85.6068497,48.76352309906514],[-85.60729219999996,48.763629899065116],[-85.60772709999998,48.76373289906515],[-85.60816189999997,48.76383969906511],[-85.60859679999999,48.76396179906511],[-85.60905459999998,48.763996099065146],[-85.60951999999997,48.764038099065154],[-85.60998539999997,48.7640532990651],[-85.6101837,48.76380539906512],[-85.6101913,48.7634963990651],[-85.61012269999998,48.7631911990651],[-85.609848,48.762943299065114],[-85.60948939999997,48.76274869906512],[-85.60903929999995,48.76267619906514],[-85.60858149999996,48.76261899906512],[-85.60811609999996,48.76258089906513],[-85.60765839999999,48.76252369906512],[-85.6072006,48.76247789906512],[-85.60674289999997,48.762420699065096],[-85.60628509999998,48.76235959906512],[-85.60583499999996,48.76227949906513],[-85.6054001,48.7621726990651],[-85.60498809999996,48.762027699065115],[-85.60456849999997,48.76189799906511],[-85.60416409999999,48.76173779906513],[-85.60377499999998,48.7615699990651],[-85.6033936,48.761394499065084],[-85.60302729999995,48.76120379906512],[-85.60266109999998,48.761009199065136],[-85.60231019999998,48.76081089906512],[-85.60195159999995,48.760612499065104],[-85.60160059999998,48.76041029906513],[-85.60125729999999,48.76020429906508],[-85.60090639999999,48.75999829906508],[-85.60055539999996,48.759792299065104],[-85.60020449999996,48.75959399906513],[-85.59984589999999,48.759395599065094],[-85.59947969999996,48.759204899065125],[-85.59910579999996,48.759017899065086],[-85.59873199999998,48.75883479906513],[-85.59835819999995,48.75865169906511],[-85.59798429999995,48.75846859906509],[-85.5975952,48.7582969990651],[-85.5972137,48.75812149906508],[-85.59683229999996,48.75794219906507],[-85.59644319999995,48.75777439906509],[-85.59607699999998,48.75757979906509],[-85.59571079999995,48.75739669906509],[-85.59533689999995,48.757205999065064],[-85.59499359999995,48.756999999065066],[-85.59465789999996,48.75678629906512],[-85.59431459999996,48.75657649906506],[-85.59397129999996,48.75637049906506],[-85.5936127,48.7561759990651],[-85.59326169999997,48.755969999065115],[-85.59294889999995,48.75574489906509],[-85.59262079999996,48.75552369906508],[-85.5922928,48.75530239906508],[-85.59198759999998,48.7550734990651],[-85.59174349999995,48.75481029906509],[-85.59155269999997,48.754527999065104],[-85.59153749999996,48.754219099065054],[-85.59159849999998,48.753913899065104],[-85.59181209999997,48.75364689906508],[-85.5922089,48.75348279906509],[-85.59261319999996,48.7533263990651],[-85.59304809999998,48.75321959906507],[-85.5934982,48.75328449906506],[-85.5938873,48.75345229906511],[-85.59420009999997,48.75367739906507],[-85.59445189999997,48.75393679906507],[-85.59468079999999,48.75420759906508],[-85.59492489999997,48.75446699906507],[-85.59518429999997,48.75472259906509],[-85.5955353,48.75492479906508],[-85.5959244,48.7551002990651],[-85.59633639999998,48.75523379906509],[-85.59678649999995,48.7553252990651],[-85.5972519,48.755351999065084],[-85.5977173,48.755351999065084],[-85.5981827,48.75535959906508],[-85.59864809999999,48.75537489906512],[-85.59911349999999,48.75537869906507],[-85.59957889999998,48.75534439906508],[-85.60003659999995,48.75530619906507],[-85.60046389999997,48.75518039906509],[-85.60091399999999,48.7551116990651],[-85.60137939999998,48.75509259906508],[-85.60184479999998,48.755111699065104],[-85.60231019999998,48.75514979906509],[-85.6027603,48.75521469906507],[-85.60320279999996,48.755321499065104],[-85.60363769999998,48.75542449906507],[-85.60405729999997,48.75555799906507],[-85.6044693,48.75570679906511],[-85.60485079999995,48.755882299065064],[-85.60520939999998,48.75607679906507],[-85.60560609999999,48.75623699906507],[-85.6060104,48.7563971990651],[-85.60641479999998,48.75654979906509],[-85.60681919999996,48.75669859906512],[-85.6072388,48.75683979906509],[-85.60765079999999,48.7569808990651],[-85.60807799999998,48.7571067990651],[-85.60848999999996,48.75725169906511],[-85.608902,48.757389099065065],[-85.60931399999998,48.75753399906508],[-85.60972599999997,48.757682799065066],[-85.61013029999998,48.7578353990651],[-85.61051939999999,48.75800319906508],[-85.61090089999999,48.7581824990651],[-85.61126709999996,48.75836939906513],[-85.61161799999996,48.75857159906511],[-85.61193849999995,48.75879669906508],[-85.61226649999998,48.75901409906508],[-85.61260219999997,48.759227799065094],[-85.61294559999999,48.7594375990651],[-85.61329649999999,48.75963969906511],[-85.61363979999999,48.75984569906511],[-85.61396789999998,48.760066999065124],[-85.61435699999998,48.76023479906512],[-85.61477659999997,48.76036829906513],[-85.61523439999996,48.76042939906511],[-85.61569209999999,48.76049799906513],[-85.61614989999998,48.760551499065095],[-85.61660769999997,48.76059339906509],[-85.61707309999997,48.76061629906512],[-85.61749269999996,48.76074219906513],[-85.61789699999997,48.76090239906511],[-85.6182938,48.76105499906508],[-85.61868289999995,48.76123049906509],[-85.61905669999999,48.761409799065106],[-85.6194458,48.76157759906509],[-85.61981199999997,48.76176829906512],[-85.62022399999995,48.76191709906509],[-85.6206512,48.76205439906509],[-85.62108609999996,48.76212689906509],[-85.62154389999995,48.762050599065105],[-85.62183379999999,48.761840799065105],[-85.6217575,48.761539499065115],[-85.62159729999996,48.76124949906511],[-85.62142179999995,48.76096339906512],[-85.6211472,48.76071549906509],[-85.62084199999998,48.76047899906512],[-85.6205215,48.7602614990651],[-85.6202164,48.76002499906512],[-85.61988829999996,48.75980759906513],[-85.61956019999997,48.7595862990651],[-85.61922449999997,48.75937649906513],[-85.61890409999995,48.75914759906508],[-85.61858369999999,48.758926399065075],[-85.6182556,48.758712799065094],[-85.61795039999998,48.758476299065116],[-85.61760709999999,48.758270299065124],[-85.61723329999995,48.758083299065085],[-85.61682889999997,48.757930799065065],[-85.61641689999999,48.7577895990651],[-85.61596679999997,48.757705699065106],[-85.61556239999999,48.75754929906512],[-85.61515809999997,48.75740429906509],[-85.61490629999997,48.757144899065096],[-85.6147995,48.7568511990651],[-85.61476139999996,48.75654219906507],[-85.61483759999999,48.75624079906506],[-85.6150055,48.75595089906508],[-85.6152573,48.755695299065074],[-85.61556239999999,48.75545879906511],[-85.61592859999996,48.75528339906506],[-85.6163712,48.75517269906507],[-85.61681369999997,48.75508879906507],[-85.61727139999999,48.75516129906506],[-85.61768339999998,48.755298599065064],[-85.61808009999999,48.75545879906511],[-85.61849209999997,48.75561139906509],[-85.6188889,48.755516099065076],[-85.61902619999995,48.7552375990651],[-85.61904139999996,48.75492859906508],[-85.61895749999996,48.75462719906507],[-85.6188583,48.75432209906509],[-85.61873629999997,48.75402829906509],[-85.61856839999996,48.75373839906509],[-85.61835479999996,48.75346759906507],[-85.61810299999996,48.753204299065104],[-85.61786649999999,48.75294109906509],[-85.61761469999999,48.752681699065086],[-85.61736299999995,48.75242229906508],[-85.61711879999996,48.752159099065075],[-85.61685939999995,48.75190349906507],[-85.61656949999997,48.75166319906504],[-85.61631009999996,48.7514075990651],[-85.61607359999999,48.75114059906508],[-85.61586,48.75086589906505],[-85.61569979999996,48.750579799065065],[-85.6154861,48.75030519906506],[-85.6152649,48.75003429906508],[-85.6150513,48.74975969906506],[-85.61482239999998,48.74949259906503],[-85.61456299999998,48.74923319906509],[-85.61425019999996,48.74900819906508],[-85.61397549999998,48.748760199065096],[-85.61370089999997,48.74851229906505],[-85.61341859999999,48.74826809906505],[-85.6131287,48.74802399906508],[-85.61280819999996,48.747802699065055],[-85.61244959999999,48.747604399065025],[-85.61206819999995,48.74743269906507],[-85.6116791,48.74726099906506],[-85.61129,48.74709319906501],[-85.61089319999996,48.746925399065034],[-85.61048889999995,48.746776599065065],[-85.61013789999998,48.74657059906506],[-85.60993189999999,48.746295899065025],[-85.6099701,48.745994599065035],[-85.61001589999995,48.74568559906502],[-85.61005399999999,48.74538039906506],[-85.61003879999998,48.745071399065054],[-85.6099777,48.74476619906503],[-85.60986329999997,48.744468699065045],[-85.60964199999995,48.744197799065006],[-85.6093826,48.743942299065026],[-85.6091232,48.74368289906502],[-85.60882569999995,48.74345019906505],[-85.6085129,48.74322129906502],[-85.60820009999998,48.74299239906505],[-85.60788729999996,48.74276349906503],[-85.60755919999997,48.742542299065036],[-85.60725399999995,48.74231339906501],[-85.60690309999995,48.74211119906501],[-85.60652919999995,48.741928099065],[-85.60633849999999,48.74164959906501],[-85.60594179999998,48.74148179906503],[-85.6055374,48.74132919906501],[-85.60511779999996,48.741199499065054],[-85.60471339999998,48.74104689906502],[-85.60428619999999,48.74092099906502],[-85.6038284,48.74090189906504],[-85.60338589999998,48.740974399065024],[-85.60295099999996,48.74109269906502],[-85.60260009999996,48.74129099906504],[-85.60221099999995,48.741401699065044],[-85.60180659999997,48.74125289906501],[-85.60140989999996,48.74109649906502],[-85.60146329999998,48.740817999065044],[-85.60165409999996,48.74053569906501],[-85.60188289999996,48.740272499065],[-85.60221859999996,48.740058899065],[-85.6025391,48.739833799065046],[-85.60269169999998,48.73954769906499],[-85.60280609999995,48.739250199065005],[-85.6027603,48.73894499906499],[-85.60259249999996,48.738658899065],[-85.60224149999999,48.73845669906501],[-85.60179899999997,48.73836139906501],[-85.6013489,48.73827739906501],[-85.60089869999996,48.738204999065026],[-85.60044099999999,48.738136299065],[-85.59999849999997,48.738040899065034],[-85.59957119999996,48.73791889906501],[-85.59915159999997,48.737785299065024],[-85.59873199999998,48.73765179906502],[-85.5983124,48.73752209906502],[-85.59788509999998,48.73740009906499],[-85.59744259999997,48.73728939906499],[-85.59703059999998,48.737163499065],[-85.59671779999996,48.736976599065024],[-85.5962601,48.737045299065024],[-85.595932,48.73726269906501],[-85.59571079999995,48.73752589906503],[-85.59558869999995,48.737827299065046],[-85.59547419999996,48.73812479906502],[-85.59539789999997,48.73842619906503],[-85.5953217,48.738731399064996],[-85.59518429999997,48.73902889906504],[-85.59496309999997,48.739295999065014],[-85.59467319999999,48.739536299064994],[-85.5942154,48.73956679906502],[-85.59381869999999,48.739463799065014],[-85.59366609999995,48.739185299065014],[-85.59356689999998,48.73888399906504],[-85.5934982,48.738578799065024],[-85.59343719999998,48.738273599065],[-85.59343719999998,48.73796459906498],[-85.59346769999996,48.73765559906502],[-85.5934906,48.73735049906503],[-85.59351349999997,48.737041499065015],[-85.5935364,48.73673249906499],[-85.59355929999998,48.736423499064976],[-85.59355929999998,48.73611829906503],[-85.59352109999998,48.735809299065004],[-85.5934906,48.73550419906501],[-85.59348299999999,48.73519519906498],[-85.59347529999997,48.73488619906498],[-85.59344479999999,48.734580999065024],[-85.59339139999997,48.734271999064994],[-85.59333039999996,48.73396679906498],[-85.59326929999997,48.73366169906499],[-85.59318539999998,48.733360299065],[-85.59304049999997,48.73306659906499],[-85.59288019999997,48.732776599064984],[-85.59270479999998,48.73249049906501],[-85.59252169999996,48.73220829906499],[-85.59233089999998,48.73192599906501],[-85.59214019999996,48.73164369906497],[-85.5919189,48.73137279906499],[-85.59168239999997,48.73110959906498],[-85.59140009999999,48.730861699064995],[-85.59114839999995,48.730606099065],[-85.59091189999998,48.730339099065],[-85.59070589999999,48.73006439906495]]]},"properties":{"FIRE_YEAR":1999,"FIRE_TYPE_CODE":"IFR","FIRE_FINAL_SIZE":36636,"FIRE_START_DATE":925689600000}}]}