{"type":"FeatureCollection","name":"MNRF Road Segment","features":[{"type":"Feature","geometry":{"type":"LineString","coordinates":[[-85.61872449999998,48.978982199066074],[-85.61888339999996,48.97916399906608],[-85.6185926,48.979799399066124],[-85.61718769999999,48.9816715990661],[-85.61715169999997,48.982480799066096],[-85.616015,48.983546699066125],[-85.61580559999999,48.98469569906613],[-85.6151888,48.98574079906612],[-85.61386389999996,48.9862017990661],[-85.61147349999999,48.9866317990661],[-85.6085938,48.987946499066126],[-85.60745079999998,48.98824759906613],[-85.60309959999995,48.987916099066105],[-85.60062679999999,48.98835389906617],[-85.59923469999995,48.987788199066124],[-85.59703289999999,48.986367099066086],[-85.5938271,48.98516759906611],[-85.59321039999998,48.98522309906613],[-85.5924564,48.98578959906612],[-85.59189129999999,48.98595359906611],[-85.58776289999997,48.9854893990661]]},"properties":{"ROAD_NAME":null,"STATUS":"Restricted","PASSABLE_IND":"Yes","GATE_IND":"No","BERM_IND":"No","ROAD_USE":"Forest Management","FMP_ROAD_CLASS":"O","SURFACE_TYPE":"Unsurfaced","YEAR_CONSTRUCTED":1996,"YEAR_DECOMMISSIONED":null,"MAINTENANCE_LEVEL":"Not Maintained"}},{"type":"Feature","geometry":{"type":"LineString","coordinates":[[-85.65384089999998,48.970418099066045],[-85.65371749999997,48.970407099066065],[-85.65368969999997,48.97040459906602],[-85.65344239999996,48.97031359906602],[-85.65329689999999,48.970250299066066],[-85.65315149999998,48.97018699906602],[-85.65278329999995,48.96995369906605],[-85.65250129999998,48.96982709906605],[-85.6523641,48.96979019906606],[-85.6522268,48.96975339906602],[-85.65188069999999,48.969690699066014],[-85.65176969999999,48.96967469906606],[-85.65165859999996,48.969658699066045],[-85.6509438,48.969709099066066],[-85.65060509999995,48.969705099066026],[-85.65038219999997,48.96970249906606]]},"properties":{"ROAD_NAME":"Twist Road Network","STATUS":"Open","PASSABLE_IND":"Yes","GATE_IND":"No","BERM_IND":"No","ROAD_USE":"Forest Management","FMP_ROAD_CLASS":"O","SURFACE_TYPE":"Unsurfaced","YEAR_CONSTRUCTED":2016,"YEAR_DECOMMISSIONED":null,"MAINTENANCE_LEVEL":"Limited"}},{"type":"Feature","geometry":{"type":"LineString","coordinates":[[-85.68264909999999,48.967170099066045],[-85.68333859999996,48.96700409906601],[-85.68397549999997,48.96674109906605],[-85.68432909999996,48.96612299906605],[-85.68463499999996,48.96538059906601],[-85.68508259999999,48.964572899066006],[-85.68514059999995,48.96430119906601],[-85.68517179999998,48.962994399066005],[-85.68485959999998,48.962404199066036],[-85.68409439999999,48.96198279906603],[-85.6835658,48.961999799065985],[-85.68287409999999,48.962291499066026]]},"properties":{"ROAD_NAME":"Twist West Network","STATUS":"Open","PASSABLE_IND":"Yes","GATE_IND":"No","BERM_IND":"No","ROAD_USE":"Forest Management","FMP_ROAD_CLASS":"O","SURFACE_TYPE":"Unsurfaced","YEAR_CONSTRUCTED":2016,"YEAR_DECOMMISSIONED":null,"MAINTENANCE_LEVEL":"Not Maintained"}},{"type":"Feature","geometry":{"type":"LineString","coordinates":[[-85.66564669999997,48.97168799906606],[-85.66764699999999,48.97097659906606],[-85.66882039999996,48.97025279906605],[-85.66949189999997,48.969888099066075],[-85.6701711,48.96859979906607],[-85.67066469999997,48.96829559906604]]},"properties":{"ROAD_NAME":"Twist West Network","STATUS":"Open","PASSABLE_IND":"Yes","GATE_IND":"No","BERM_IND":"No","ROAD_USE":"Forest Management","FMP_ROAD_CLASS":"O","SURFACE_TYPE":"Unsurfaced","YEAR_CONSTRUCTED":2016,"YEAR_DECOMMISSIONED":null,"MAINTENANCE_LEVEL":"Not Maintained"}},{"type":"Feature","geometry":{"type":"LineString","coordinates":[[-85.71803929999999,48.91961639906579],[-85.71809789999998,48.918391199065816]]},"properties":{"ROAD_NAME":"Twist Rd Network","STATUS":"Open","PASSABLE_IND":"Yes","GATE_IND":"No","BERM_IND":"No","ROAD_USE":"Forest Management","FMP_ROAD_CLASS":"O","SURFACE_TYPE":"Unsurfaced","YEAR_CONSTRUCTED":2016,"YEAR_DECOMMISSIONED":null,"MAINTENANCE_LEVEL":"Not Maintained"}},{"type":"Feature","geometry":{"type":"LineString","coordinates":[[-85.67167799999999,48.96684589906602],[-85.67170189999996,48.96649309906606],[-85.67177479999998,48.96608219906604],[-85.67166659999998,48.96539279906602]]},"properties":{"ROAD_NAME":"Twist West Network","STATUS":"Open","PASSABLE_IND":"Yes","GATE_IND":"No","BERM_IND":"No","ROAD_USE":"Forest Management","FMP_ROAD_CLASS":"O","SURFACE_TYPE":"Unsurfaced","YEAR_CONSTRUCTED":2016,"YEAR_DECOMMISSIONED":null,"MAINTENANCE_LEVEL":"Not Maintained"}},{"type":"Feature","geometry":{"type":"LineString","coordinates":[[-85.71925159999995,49.000770699066194],[-85.7193067,49.000033399066155],[-85.71931279999995,48.999795499066174],[-85.71985889999996,48.99965869906615],[-85.72069619999996,48.99945379906618],[-85.72149299999995,48.99941499906616],[-85.7220711,48.99944519906618]]},"properties":{"ROAD_NAME":null,"STATUS":"Open","PASSABLE_IND":"Yes","GATE_IND":"No","BERM_IND":"No","ROAD_USE":"Forest Management","FMP_ROAD_CLASS":"O","SURFACE_TYPE":"Unsurfaced","YEAR_CONSTRUCTED":2016,"YEAR_DECOMMISSIONED":null,"MAINTENANCE_LEVEL":"Not Maintained"}},{"type":"Feature","geometry":{"type":"LineString","coordinates":[[-85.58593289999999,48.99391539906618],[-85.58614499999999,48.993764799066135],[-85.58632389999997,48.99363629906618],[-85.5865268,48.993484999066155],[-85.58658099999997,48.993455499066165],[-85.58694229999998,48.99325929906616],[-85.5870908,48.993172699066136],[-85.58709139999996,48.99317239906618],[-85.58723929999996,48.99308609906617],[-85.58754809999999,48.99291299906617],[-85.58800909999997,48.99272639906617],[-85.58836479999997,48.992546199066176],[-85.58871999999997,48.99238129906616],[-85.58935759999997,48.99215069906615],[-85.5895051,48.99209869906617],[-85.58965269999999,48.99204669906614],[-85.58998299999996,48.99193539906618],[-85.59065279999999,48.991805099066134],[-85.59133399999996,48.991682699066146],[-85.59206109999997,48.991591599066176],[-85.59250649999996,48.99154319906614],[-85.59297559999999,48.99148739906616],[-85.59336279999997,48.991430599066135],[-85.59350939999996,48.99141319906613],[-85.59365589999999,48.99139579906614],[-85.5937348,48.99138909906616],[-85.5939722,48.99136889906611],[-85.59408959999996,48.99135109906616],[-85.59420689999996,48.99133329906613],[-85.59449899999998,48.99133679906612],[-85.5950588,48.99137439906616],[-85.59587009999996,48.991614999066144],[-85.59604389999998,48.991667099066156],[-85.59621769999995,48.991719199066175],[-85.59658789999997,48.991854399066156],[-85.59704649999998,48.992167599066136],[-85.59794199999999,48.99273989906614],[-85.5980505,48.99282959906617],[-85.59815899999995,48.99291939906614],[-85.59853329999999,48.993323799066175],[-85.59890869999998,48.99368979906616],[-85.59901769999999,48.99376039906617],[-85.5991267,48.99383089906617],[-85.59947459999995,48.993927399066145],[-85.59999579999999,48.994095199066145],[-85.60031649999996,48.994329799066136],[-85.60066159999997,48.994526299066166],[-85.600776,48.99461229906616],[-85.60089049999999,48.99469819906615],[-85.6014093,48.99495059906617],[-85.60138669999998,48.99575779906618],[-85.6013079,48.9964873990662],[-85.60123289999996,48.99707869906618],[-85.60107259999995,48.997791899066186],[-85.60103069999997,48.998037499066164],[-85.6010291,48.998095099066155],[-85.60102749999999,48.99815279906617],[-85.60108049999997,48.99834569906617],[-85.60124929999995,48.998578499066156],[-85.60134669999997,48.99864879906616],[-85.60144399999996,48.9987191990662],[-85.60147439999997,48.99888879906619],[-85.60145499999999,48.99895389906616],[-85.6014356,48.999018999066195],[-85.6012288,48.999308799066135],[-85.60086429999996,48.99980419906618],[-85.60079099999996,48.99991869906619],[-85.60071769999996,49.00003309906616],[-85.60043659999997,49.0004680990662],[-85.6003346,49.00077439906618]]},"properties":{"ROAD_NAME":"Twist Road Network","STATUS":"Open","PASSABLE_IND":"Yes","GATE_IND":"No","BERM_IND":"No","ROAD_USE":"Forest Management","FMP_ROAD_CLASS":"O","SURFACE_TYPE":"Unsurfaced","YEAR_CONSTRUCTED":2016,"YEAR_DECOMMISSIONED":null,"MAINTENANCE_LEVEL":"Limited"}},{"type":"Feature","geometry":{"type":"LineString","coordinates":[[-85.72097399999996,48.92442239906585],[-85.72008929999998,48.92457139906587],[-85.71912269999996,48.92490189906583],[-85.71801919999996,48.925490099065875]]},"properties":{"ROAD_NAME":"Twist Rd Network","STATUS":"Open","PASSABLE_IND":"Yes","GATE_IND":"No","BERM_IND":"No","ROAD_USE":"Forest Management","FMP_ROAD_CLASS":"O","SURFACE_TYPE":"Unsurfaced","YEAR_CONSTRUCTED":2016,"YEAR_DECOMMISSIONED":null,"MAINTENANCE_LEVEL":"Not Maintained"}},{"type":"Feature","geometry":{"type":"LineString","coordinates":[[-85.71803929999999,48.91961639906579],[-85.71663649999999,48.920396999065844],[-85.71581659999998,48.92073879906583],[-85.71409769999997,48.92195609906585],[-85.71284099999997,48.92175849906581]]},"properties":{"ROAD_NAME":"Twist Rd Network","STATUS":"Open","PASSABLE_IND":"Yes","GATE_IND":"No","BERM_IND":"No","ROAD_USE":"Forest Management","FMP_ROAD_CLASS":"O","SURFACE_TYPE":"Unsurfaced","YEAR_CONSTRUCTED":2016,"YEAR_DECOMMISSIONED":null,"MAINTENANCE_LEVEL":"Not Maintained"}},{"type":"Feature","geometry":{"type":"LineString","coordinates":[[-85.68278269999996,48.99636769906615],[-85.6832867,48.99601919906619],[-85.68383499999999,48.995637099066144],[-85.6841298,48.995320499066196],[-85.68412809999995,48.995057699066166]]},"properties":{"ROAD_NAME":"Ferrie's Lake Rd Network","STATUS":"Open","PASSABLE_IND":"Yes","GATE_IND":"No","BERM_IND":"No","ROAD_USE":"Forest Management","FMP_ROAD_CLASS":"O","SURFACE_TYPE":"Unsurfaced","YEAR_CONSTRUCTED":2016,"YEAR_DECOMMISSIONED":null,"MAINTENANCE_LEVEL":"Limited"}},{"type":"Feature","geometry":{"type":"LineString","coordinates":[[-85.65274069999998,48.96410469906599],[-85.65295369999996,48.96407079906599],[-85.65297749999996,48.96406709906603],[-85.65313809999998,48.964063099066024],[-85.6532714,48.964082199066],[-85.6534489,48.96411369906603],[-85.65362369999997,48.96424489906603],[-85.6537242,48.96431939906603],[-85.6538248,48.964393999066026],[-85.6541411,48.964896699065996],[-85.6544356,48.96555189906604],[-85.6546573,48.96625899906605],[-85.65476459999996,48.96658319906602],[-85.65494899999999,48.967019799066016],[-85.65512229999996,48.96753849906605],[-85.65520199999997,48.967891699065994],[-85.65513979999997,48.96821389906603],[-85.65500509999998,48.968582199066034],[-85.65483669999998,48.96887379906607],[-85.65481189999997,48.96896749906603],[-85.65478709999996,48.96906109906606],[-85.65478149999996,48.969144899066016],[-85.65475709999998,48.96951289906606],[-85.6547061,48.969585699066045],[-85.65465509999996,48.96965849906606],[-85.65439079999999,48.96986679906605],[-85.65427779999999,48.96996719906607],[-85.6542766,48.96996819906607],[-85.65416239999996,48.97006959906608],[-85.6539775,48.97031399906605],[-85.65384089999998,48.970418099066045]]},"properties":{"ROAD_NAME":"Twist Road Network","STATUS":"Open","PASSABLE_IND":"Yes","GATE_IND":"No","BERM_IND":"No","ROAD_USE":"Forest Management","FMP_ROAD_CLASS":"O","SURFACE_TYPE":"Unsurfaced","YEAR_CONSTRUCTED":2016,"YEAR_DECOMMISSIONED":null,"MAINTENANCE_LEVEL":"Limited"}},{"type":"Feature","geometry":{"type":"LineString","coordinates":[[-85.65038219999997,48.96970249906606],[-85.65011229999999,48.96978739906605],[-85.64966099999998,48.96998759906605],[-85.6492551,48.97015899906606],[-85.6491198,48.970216099066036],[-85.64898449999998,48.97027329906605],[-85.64851769999996,48.970385199066044],[-85.64808899999997,48.970409599066066]]},"properties":{"ROAD_NAME":"Twist Road Network","STATUS":"Open","PASSABLE_IND":"Yes","GATE_IND":"No","BERM_IND":"No","ROAD_USE":"Forest Management","FMP_ROAD_CLASS":"O","SURFACE_TYPE":"Unsurfaced","YEAR_CONSTRUCTED":2016,"YEAR_DECOMMISSIONED":null,"MAINTENANCE_LEVEL":"Limited"}},{"type":"Feature","geometry":{"type":"LineString","coordinates":[[-85.67166659999998,48.96539279906602],[-85.67082789999995,48.96486799906602],[-85.67063189999999,48.96458269906604],[-85.67049499999996,48.964201199066046],[-85.66986859999997,48.96393329906601],[-85.66929899999997,48.96408309906604],[-85.66845969999997,48.96458739906603],[-85.66760219999998,48.96492759906601],[-85.66720779999997,48.96529549906603],[-85.66699779999999,48.96553139906604],[-85.66609999999997,48.96610949906602],[-85.66578649999997,48.966411199066044],[-85.66512949999998,48.967289999066054],[-85.6646733,48.96742629906601],[-85.66386889999995,48.96768139906601]]},"properties":{"ROAD_NAME":"Twist West Network","STATUS":"Open","PASSABLE_IND":"Yes","GATE_IND":"No","BERM_IND":"No","ROAD_USE":"Forest Management","FMP_ROAD_CLASS":"O","SURFACE_TYPE":"Unsurfaced","YEAR_CONSTRUCTED":2016,"YEAR_DECOMMISSIONED":null,"MAINTENANCE_LEVEL":"Not Maintained"}},{"type":"Feature","geometry":{"type":"LineString","coordinates":[[-85.6329298,48.971189299066076],[-85.63351399999999,48.97096779906607],[-85.63433049999998,48.970711099066044],[-85.63496729999997,48.97068049906604],[-85.63593949999995,48.97107269906606],[-85.63634299999995,48.97111549906602],[-85.6370986,48.97097219906603],[-85.63756609999996,48.97078739906603]]},"properties":{"ROAD_NAME":null,"STATUS":"Restricted","PASSABLE_IND":"Yes","GATE_IND":"No","BERM_IND":"No","ROAD_USE":"Forest Management","FMP_ROAD_CLASS":"O","SURFACE_TYPE":"Unsurfaced","YEAR_CONSTRUCTED":2016,"YEAR_DECOMMISSIONED":null,"MAINTENANCE_LEVEL":"Not Maintained"}},{"type":"Feature","geometry":{"type":"LineString","coordinates":[[-85.6757518,48.96558279906605],[-85.67594779999996,48.96529749906603],[-85.67620569999997,48.96493279906606]]},"properties":{"ROAD_NAME":"Twist West Network","STATUS":"Open","PASSABLE_IND":"Yes","GATE_IND":"No","BERM_IND":"No","ROAD_USE":"Forest Management","FMP_ROAD_CLASS":"O","SURFACE_TYPE":"Unsurfaced","YEAR_CONSTRUCTED":2016,"YEAR_DECOMMISSIONED":null,"MAINTENANCE_LEVEL":"Not Maintained"}},{"type":"Feature","geometry":{"type":"LineString","coordinates":[[-85.70938029999996,48.92662769906587],[-85.70900239999997,48.92671729906583],[-85.70794239999998,48.92705869906586]]},"properties":{"ROAD_NAME":"Twist Rd Network","STATUS":"Open","PASSABLE_IND":"Yes","GATE_IND":"No","BERM_IND":"No","ROAD_USE":"Forest Management","FMP_ROAD_CLASS":"O","SURFACE_TYPE":"Unsurfaced","YEAR_CONSTRUCTED":2016,"YEAR_DECOMMISSIONED":null,"MAINTENANCE_LEVEL":"Not Maintained"}},{"type":"Feature","geometry":{"type":"LineString","coordinates":[[-85.65893849999998,48.97675489906605],[-85.65922209999997,48.976234699066076],[-85.65956449999999,48.97552889906608],[-85.65958649999999,48.975209799066064],[-85.65924529999995,48.974145599066084]]},"properties":{"ROAD_NAME":"Twist West Network","STATUS":"Open","PASSABLE_IND":"Yes","GATE_IND":"No","BERM_IND":"No","ROAD_USE":"Forest Management","FMP_ROAD_CLASS":"O","SURFACE_TYPE":"Unsurfaced","YEAR_CONSTRUCTED":2016,"YEAR_DECOMMISSIONED":null,"MAINTENANCE_LEVEL":"Not Maintained"}},{"type":"Feature","geometry":{"type":"LineString","coordinates":[[-85.67393979999997,48.96671219906603],[-85.67479079999998,48.96663699906606],[-85.67590999999999,48.96600719906603],[-85.6759841,48.96573159906602],[-85.6757518,48.96558279906605]]},"properties":{"ROAD_NAME":"Twist West Network","STATUS":"Open","PASSABLE_IND":"Yes","GATE_IND":"No","BERM_IND":"No","ROAD_USE":"Forest Management","FMP_ROAD_CLASS":"O","SURFACE_TYPE":"Unsurfaced","YEAR_CONSTRUCTED":2016,"YEAR_DECOMMISSIONED":null,"MAINTENANCE_LEVEL":"Not Maintained"}},{"type":"Feature","geometry":{"type":"LineString","coordinates":[[-85.66662919999999,48.975283699066075],[-85.66619279999998,48.97440319906608],[-85.6659745,48.97413059906607],[-85.66574789999999,48.97377989906605],[-85.6658549,48.97307369906607],[-85.66583349999996,48.97259809906606],[-85.66579889999997,48.97197629906603],[-85.66564669999997,48.97168799906606]]},"properties":{"ROAD_NAME":"Twist West Network","STATUS":"Open","PASSABLE_IND":"Yes","GATE_IND":"No","BERM_IND":"No","ROAD_USE":"Forest Management","FMP_ROAD_CLASS":"O","SURFACE_TYPE":"Unsurfaced","YEAR_CONSTRUCTED":2016,"YEAR_DECOMMISSIONED":null,"MAINTENANCE_LEVEL":"Not Maintained"}},{"type":"Feature","geometry":{"type":"LineString","coordinates":[[-85.71801919999996,48.925490099065875],[-85.71699949999999,48.92590219906582],[-85.71651709999998,48.92603329906586],[-85.71611889999997,48.92590939906585],[-85.71523029999997,48.92521699906586],[-85.71469009999998,48.92507439906585],[-85.71409339999997,48.92511899906582],[-85.71330969999997,48.92538329906584],[-85.71244659999996,48.925714899065824],[-85.7117945,48.925895299065864],[-85.7107805,48.92605469906584],[-85.71025789999999,48.92623649906584],[-85.70938029999996,48.92662769906587]]},"properties":{"ROAD_NAME":"Twist Rd Network","STATUS":"Open","PASSABLE_IND":"Yes","GATE_IND":"No","BERM_IND":"No","ROAD_USE":"Forest Management","FMP_ROAD_CLASS":"O","SURFACE_TYPE":"Unsurfaced","YEAR_CONSTRUCTED":2016,"YEAR_DECOMMISSIONED":null,"MAINTENANCE_LEVEL":"Not Maintained"}},{"type":"Feature","geometry":{"type":"LineString","coordinates":[[-85.67735289999996,49.005067499066165],[-85.677638,49.0047631990662],[-85.67788709999996,49.00453759906623],[-85.67810529999997,49.00416879906618],[-85.67837459999998,49.00383479906623],[-85.67872169999998,49.00351319906622],[-85.67937919999997,49.00294949906617],[-85.67961389999999,49.00260939906621],[-85.67991029999996,49.001578799066166],[-85.68006349999996,49.00103789906619],[-85.68025739999996,49.00060029906621],[-85.68037759999999,48.999996099066195],[-85.68021759999999,48.9991488990662],[-85.6802098,48.998457599066164],[-85.68047409999997,48.99798649906618],[-85.68112059999999,48.99750259906617],[-85.68207689999997,48.99679369906616],[-85.68278269999996,48.99636769906615]]},"properties":{"ROAD_NAME":"Ferrie's Lake Rd Network","STATUS":"Open","PASSABLE_IND":"Yes","GATE_IND":"No","BERM_IND":"No","ROAD_USE":"Forest Management","FMP_ROAD_CLASS":"O","SURFACE_TYPE":"Unsurfaced","YEAR_CONSTRUCTED":2016,"YEAR_DECOMMISSIONED":null,"MAINTENANCE_LEVEL":"Limited"}},{"type":"Feature","geometry":{"type":"LineString","coordinates":[[-85.69373789999997,48.91846769906579],[-85.69380239999998,48.91857609906578],[-85.69425999999999,48.9190334990658],[-85.69482899999997,48.91937319906579]]},"properties":{"ROAD_NAME":null,"STATUS":"Open","PASSABLE_IND":"Yes","GATE_IND":"No","BERM_IND":"No","ROAD_USE":"Forest Management","FMP_ROAD_CLASS":"O","SURFACE_TYPE":"Unsurfaced","YEAR_CONSTRUCTED":2016,"YEAR_DECOMMISSIONED":null,"MAINTENANCE_LEVEL":"Not Maintained"}},{"type":"Feature","geometry":{"type":"LineString","coordinates":[[-85.69482899999997,48.91937319906579],[-85.69579699999997,48.91964599906579],[-85.6958692,48.91964679906581]]},"properties":{"ROAD_NAME":null,"STATUS":"Open","PASSABLE_IND":"Yes","GATE_IND":"No","BERM_IND":"No","ROAD_USE":"Forest Management","FMP_ROAD_CLASS":"O","SURFACE_TYPE":"Unsurfaced","YEAR_CONSTRUCTED":2016,"YEAR_DECOMMISSIONED":null,"MAINTENANCE_LEVEL":"Not Maintained"}},{"type":"Feature","geometry":{"type":"LineString","coordinates":[[-85.66705679999995,48.957484299065996],[-85.66682219999996,48.95674479906597],[-85.66549329999998,48.95519539906599],[-85.66362019999997,48.953504299065976],[-85.66262289999997,48.95236479906594],[-85.66206449999999,48.95019269906594],[-85.6621872,48.948163799065966],[-85.66166719999995,48.94711999906597],[-85.65909949999997,48.94561169906594],[-85.65814969999997,48.94540909906592],[-85.65784889999998,48.945008999065934],[-85.65738539999995,48.94448379906591],[-85.65716069999996,48.94434439906593],[-85.65574029999999,48.944656099065945],[-85.65444399999996,48.94498299906594],[-85.653254,48.94521529906595]]},"properties":{"ROAD_NAME":null,"STATUS":"Restricted","PASSABLE_IND":"Yes","GATE_IND":"No","BERM_IND":"No","ROAD_USE":"Forest Management","FMP_ROAD_CLASS":"O","SURFACE_TYPE":"Unsurfaced","YEAR_CONSTRUCTED":2016,"YEAR_DECOMMISSIONED":null,"MAINTENANCE_LEVEL":"Not Maintained"}},{"type":"Feature","geometry":{"type":"LineString","coordinates":[[-85.71059919999999,48.92806619906589],[-85.7100547,48.927087499065856],[-85.7098019,48.92684569906583],[-85.70938029999996,48.92662769906587]]},"properties":{"ROAD_NAME":"Twist Rd Network","STATUS":"Open","PASSABLE_IND":"Yes","GATE_IND":"No","BERM_IND":"No","ROAD_USE":"Forest Management","FMP_ROAD_CLASS":"O","SURFACE_TYPE":"Unsurfaced","YEAR_CONSTRUCTED":2016,"YEAR_DECOMMISSIONED":null,"MAINTENANCE_LEVEL":"Not Maintained"}},{"type":"Feature","geometry":{"type":"LineString","coordinates":[[-85.6423848,48.960740299065975],[-85.6410932,48.95975509906598],[-85.64027119999997,48.95866059906601],[-85.63992919999998,48.95746479906599],[-85.63937819999995,48.95645859906599],[-85.6374965,48.95445149906596],[-85.63727879999999,48.95411669906599]]},"properties":{"ROAD_NAME":"Three Rock Road","STATUS":"Open","PASSABLE_IND":"Yes","GATE_IND":"No","BERM_IND":"No","ROAD_USE":"Forest Management","FMP_ROAD_CLASS":"B","SURFACE_TYPE":"Unsurfaced","YEAR_CONSTRUCTED":1993,"YEAR_DECOMMISSIONED":null,"MAINTENANCE_LEVEL":"Limited"}},{"type":"Feature","geometry":{"type":"LineString","coordinates":[[-85.69482899999997,48.91937319906579],[-85.69426749999997,48.92012849906582],[-85.69418229999997,48.92062739906579],[-85.6936551,48.92145449906584],[-85.69320999999997,48.92190169906584],[-85.69280039999995,48.92237309906582],[-85.69261239999997,48.922656599065846],[-85.6921729,48.922889599065826],[-85.69173339999998,48.92312269906583],[-85.69121969999998,48.92342629906583],[-85.6908176,48.92361209906583],[-85.6900182,48.923793399065836]]},"properties":{"ROAD_NAME":null,"STATUS":"Open","PASSABLE_IND":"Yes","GATE_IND":"No","BERM_IND":"No","ROAD_USE":"Forest Management","FMP_ROAD_CLASS":"O","SURFACE_TYPE":"Unsurfaced","YEAR_CONSTRUCTED":2016,"YEAR_DECOMMISSIONED":null,"MAINTENANCE_LEVEL":"Not Maintained"}},{"type":"Feature","geometry":{"type":"LineString","coordinates":[[-85.69691839999996,48.92504369906582],[-85.6964969,48.925180199065814],[-85.69579869999995,48.92563639906586],[-85.69537099999997,48.926107599065844],[-85.694662,48.92698029906585],[-85.69414339999997,48.927474199065834],[-85.69386689999999,48.927685299065836],[-85.69295299999999,48.92810339906583],[-85.69243869999997,48.92843079906583],[-85.69181579999997,48.928768899065865],[-85.6912461,48.92914319906585],[-85.69080399999996,48.92947149906586],[-85.69072999999997,48.92954189906585],[-85.69072989999995,48.92954199906586],[-85.6906558,48.92961259906587],[-85.690451,48.92984829906585]]},"properties":{"ROAD_NAME":"Twist Rd Network","STATUS":"Open","PASSABLE_IND":"Yes","GATE_IND":"No","BERM_IND":"No","ROAD_USE":"Forest Management","FMP_ROAD_CLASS":"O","SURFACE_TYPE":"Unsurfaced","YEAR_CONSTRUCTED":2016,"YEAR_DECOMMISSIONED":null,"MAINTENANCE_LEVEL":"Limited"}},{"type":"Feature","geometry":{"type":"LineString","coordinates":[[-85.7013925,48.92164119906581],[-85.70227309999996,48.922096299065814],[-85.70304269999997,48.92250479906581],[-85.70375789999997,48.92277939906583],[-85.70447569999999,48.922958899065826]]},"properties":{"ROAD_NAME":"Twist Rd Network","STATUS":"Open","PASSABLE_IND":"Yes","GATE_IND":"No","BERM_IND":"No","ROAD_USE":"Forest Management","FMP_ROAD_CLASS":"O","SURFACE_TYPE":"Unsurfaced","YEAR_CONSTRUCTED":2016,"YEAR_DECOMMISSIONED":null,"MAINTENANCE_LEVEL":"Limited"}},{"type":"Feature","geometry":{"type":"LineString","coordinates":[[-85.60226769999997,49.00234939906619],[-85.60228089999998,49.00187709906617],[-85.6022926,49.001461399066216],[-85.60230309999997,49.00108349906621],[-85.60230789999997,49.000913399066164],[-85.60238119999997,49.0003472990662],[-85.60236039999995,49.00006349906617],[-85.60300229999996,48.99971209906618],[-85.60359199999999,48.9991709990662],[-85.60418369999996,48.998554499066174],[-85.604492,48.99780219906617],[-85.6049693,48.99716529906615],[-85.60526809999999,48.99675309906618],[-85.6058999,48.996760699066186],[-85.60689859999997,48.996999599066186],[-85.60737019999999,48.996570399066144],[-85.60830439999995,48.99603369906613]]},"properties":{"ROAD_NAME":null,"STATUS":"Restricted","PASSABLE_IND":"Yes","GATE_IND":"No","BERM_IND":"No","ROAD_USE":"Forest Management","FMP_ROAD_CLASS":"O","SURFACE_TYPE":"Unsurfaced","YEAR_CONSTRUCTED":2016,"YEAR_DECOMMISSIONED":null,"MAINTENANCE_LEVEL":"Not Maintained"}},{"type":"Feature","geometry":{"type":"LineString","coordinates":[[-85.67066469999997,48.96829559906604],[-85.67096179999999,48.96800559906604],[-85.67119099999996,48.967471999066056],[-85.67167799999999,48.96684589906602]]},"properties":{"ROAD_NAME":"Twist West Network","STATUS":"Open","PASSABLE_IND":"Yes","GATE_IND":"No","BERM_IND":"No","ROAD_USE":"Forest Management","FMP_ROAD_CLASS":"O","SURFACE_TYPE":"Unsurfaced","YEAR_CONSTRUCTED":2016,"YEAR_DECOMMISSIONED":null,"MAINTENANCE_LEVEL":"Not Maintained"}},{"type":"Feature","geometry":{"type":"LineString","coordinates":[[-85.68278269999996,48.99636769906615],[-85.6833575,48.99662559906617],[-85.68384209999999,48.99701379906619],[-85.6845262,48.99774139906614],[-85.68483839999999,48.99808199906615]]},"properties":{"ROAD_NAME":"Ferrie's Lake Rd Network","STATUS":"Open","PASSABLE_IND":"Yes","GATE_IND":"No","BERM_IND":"No","ROAD_USE":"Forest Management","FMP_ROAD_CLASS":"O","SURFACE_TYPE":"Unsurfaced","YEAR_CONSTRUCTED":2016,"YEAR_DECOMMISSIONED":null,"MAINTENANCE_LEVEL":"Limited"}},{"type":"Feature","geometry":{"type":"LineString","coordinates":[[-85.65038219999997,48.96970249906606],[-85.65038229999999,48.96969799906607],[-85.6503846,48.969610699066045],[-85.6503849,48.969602699066016],[-85.65028229999996,48.96943709906606],[-85.65005969999999,48.96909399906606],[-85.65000779999997,48.96903469906604],[-85.64995589999995,48.96897529906603],[-85.64967679999995,48.96874309906606],[-85.64955419999995,48.968659499066014],[-85.64943159999996,48.968575799066016],[-85.64919249999997,48.96851429906606],[-85.64901499999996,48.96848289906605],[-85.6488089,48.968521599066044],[-85.64853739999995,48.968665199066045],[-85.64829309999999,48.968797299066026],[-85.64820739999999,48.96884599906607],[-85.64820699999996,48.96884619906606],[-85.648121,48.968895099066025],[-85.64777909999998,48.96900849906606],[-85.64761319999997,48.96904179906604],[-85.64744729999995,48.96907509906602],[-85.64730929999996,48.96910399906602],[-85.64675669999997,48.969219699066024],[-85.6466092,48.969247199066054],[-85.64660879999997,48.969247299066026],[-85.64646089999997,48.969274899066036],[-85.64612919999996,48.96934149906607],[-85.64597179999998,48.96938949906606],[-85.64581449999997,48.96943759906608],[-85.64533749999998,48.96959639906603],[-85.64461739999996,48.96984039906603],[-85.6445195,48.96983629906602],[-85.64442149999996,48.969832199066076],[-85.64419889999999,48.96981789906603],[-85.64403879999998,48.969801299066056],[-85.64387879999998,48.969784699066075],[-85.64357569999999,48.96978119906603],[-85.64345049999997,48.96979439906603],[-85.64332519999999,48.969807599066044],[-85.6431,48.96989299906605],[-85.64300959999997,48.96993599906605],[-85.64291929999996,48.96997889906602],[-85.64271759999997,48.970182099066065],[-85.64250629999998,48.97040859906607],[-85.64213519999998,48.97093849906607]]},"properties":{"ROAD_NAME":"Twist Road Network","STATUS":"Open","PASSABLE_IND":"Yes","GATE_IND":"No","BERM_IND":"No","ROAD_USE":"Forest Management","FMP_ROAD_CLASS":"O","SURFACE_TYPE":"Unsurfaced","YEAR_CONSTRUCTED":2016,"YEAR_DECOMMISSIONED":null,"MAINTENANCE_LEVEL":"Limited"}},{"type":"Feature","geometry":{"type":"LineString","coordinates":[[-85.65316309999997,48.94071209906594],[-85.65315999999996,48.94088929906592],[-85.65341389999998,48.94081949906592],[-85.65365889999998,48.94097279906588],[-85.65373899999997,48.941083199065936],[-85.65368969999997,48.94136979906591],[-85.65357309999996,48.94184719906593],[-85.65340079999999,48.94207779906595],[-85.65328519999997,48.94251409906593],[-85.6532982,48.942801499065915],[-85.65363509999997,48.94417329906595],[-85.65364849999997,48.944447099065954],[-85.65319569999997,48.94482849906594],[-85.653254,48.94521529906595],[-85.6526154,48.94618539906595],[-85.65203439999999,48.94674759906596],[-85.65171659999999,48.94722359906596],[-85.65147839999997,48.947585699065975],[-85.65153369999996,48.94797599906597],[-85.65174539999998,48.94883539906593],[-85.6513352,48.949306599065935],[-85.6511094,48.949637199065975],[-85.65041859999997,48.950462199065946],[-85.65012839999997,48.95117289906596],[-85.6499169,48.95231289906599],[-85.6497051,48.95279829906599],[-85.64925869999996,48.95319059906598],[-85.64820709999998,48.95339729906596],[-85.6472693,48.95332679906597],[-85.64540119999998,48.95357859906596],[-85.645216,48.953641199066006],[-85.64487689999999,48.95365119906597],[-85.6444641,48.953484199066],[-85.64311049999998,48.95342069906599],[-85.6416337,48.95323669906599],[-85.64058079999995,48.953413099065976],[-85.64031569999997,48.95340999906597],[-85.63935499999997,48.953701099065995],[-85.63727879999999,48.95411669906599]]},"properties":{"ROAD_NAME":"Three Rock Road","STATUS":"Open","PASSABLE_IND":"Yes","GATE_IND":"No","BERM_IND":"No","ROAD_USE":"Forest Management","FMP_ROAD_CLASS":"B","SURFACE_TYPE":"Unsurfaced","YEAR_CONSTRUCTED":1993,"YEAR_DECOMMISSIONED":null,"MAINTENANCE_LEVEL":"Limited"}},{"type":"Feature","geometry":{"type":"LineString","coordinates":[[-85.6757518,48.96558279906605],[-85.67509529999995,48.965950699066006],[-85.6743879,48.96635109906602],[-85.67393979999997,48.96671219906603]]},"properties":{"ROAD_NAME":"Twist West Network","STATUS":"Open","PASSABLE_IND":"Yes","GATE_IND":"No","BERM_IND":"No","ROAD_USE":"Forest Management","FMP_ROAD_CLASS":"O","SURFACE_TYPE":"Unsurfaced","YEAR_CONSTRUCTED":2016,"YEAR_DECOMMISSIONED":null,"MAINTENANCE_LEVEL":"Not Maintained"}},{"type":"Feature","geometry":{"type":"LineString","coordinates":[[-85.71860719999995,48.92677059906581],[-85.71837049999999,48.92642519906587],[-85.71801919999996,48.925490099065875]]},"properties":{"ROAD_NAME":"Twist Rd Network","STATUS":"Open","PASSABLE_IND":"Yes","GATE_IND":"No","BERM_IND":"No","ROAD_USE":"Forest Management","FMP_ROAD_CLASS":"O","SURFACE_TYPE":"Unsurfaced","YEAR_CONSTRUCTED":2016,"YEAR_DECOMMISSIONED":null,"MAINTENANCE_LEVEL":"Not Maintained"}},{"type":"Feature","geometry":{"type":"LineString","coordinates":[[-85.7019641,48.89701869906573],[-85.70124909999998,48.89722939906571],[-85.69955099999999,48.898395599065715],[-85.69891709999996,48.8986169990657],[-85.6965654,48.89909029906571],[-85.69602249999997,48.89914129906569],[-85.69486169999999,48.89972619906573],[-85.69288339999997,48.900630399065726],[-85.69167299999998,48.90142299906572],[-85.69126009999997,48.90263499906574],[-85.69069829999995,48.90399969906576],[-85.68930259999996,48.90526579906573],[-85.68748149999999,48.90639319906576],[-85.68733149999997,48.90648259906574],[-85.6848728,48.908798499065796],[-85.68432079999997,48.90919209906579],[-85.68229929999995,48.91227949906577]]},"properties":{"ROAD_NAME":"Twist Road","STATUS":"Open","PASSABLE_IND":"Yes","GATE_IND":"No","BERM_IND":"No","ROAD_USE":"Forest Management","FMP_ROAD_CLASS":"P","SURFACE_TYPE":"Gravel","YEAR_CONSTRUCTED":1982,"YEAR_DECOMMISSIONED":null,"MAINTENANCE_LEVEL":"Limited"}},{"type":"Feature","geometry":{"type":"LineString","coordinates":[[-85.65184909999999,48.962305199065995],[-85.65250409999999,48.962649099066],[-85.65327669999999,48.96322709906604],[-85.65274069999998,48.96410469906599],[-85.65186839999996,48.96424739906603],[-85.65055569999998,48.964318299066],[-85.6488994,48.96378249906601],[-85.64839889999996,48.96357439906601],[-85.64695789999996,48.96339089906603],[-85.64640329999997,48.963181999066016],[-85.6458025,48.96267509906599],[-85.645464,48.961826199066],[-85.64444929999996,48.961254899066006],[-85.64309739999999,48.961119999066035],[-85.6423848,48.960740299065975]]},"properties":{"ROAD_NAME":null,"STATUS":"Restricted","PASSABLE_IND":"Yes","GATE_IND":"No","BERM_IND":"No","ROAD_USE":"Forest Management","FMP_ROAD_CLASS":"O","SURFACE_TYPE":"Unsurfaced","YEAR_CONSTRUCTED":2016,"YEAR_DECOMMISSIONED":null,"MAINTENANCE_LEVEL":"Not Maintained"}},{"type":"Feature","geometry":{"type":"LineString","coordinates":[[-85.66319149999998,48.974026899066054],[-85.66263879999997,48.97443349906607],[-85.66200909999998,48.97451999906608],[-85.66137789999999,48.974662899066054],[-85.6608923,48.97469479906605],[-85.66043769999999,48.974633199066076],[-85.659787,48.97443789906605],[-85.65925289999996,48.97415009906608],[-85.6589204,48.97378959906607],[-85.6586714,48.973505099066045],[-85.65854539999998,48.972884099066086],[-85.6584135,48.97248839906606],[-85.65799949999996,48.97197669906606],[-85.65795409999998,48.97154439906607],[-85.65801859999999,48.971263599066084],[-85.6582252,48.971003199066075],[-85.6587184,48.97068969906607],[-85.65938159999996,48.97041589906606],[-85.66001769999997,48.97008529906607],[-85.66059589999998,48.96979159906603],[-85.6608905,48.96943839906603],[-85.66114299999998,48.96926699906602],[-85.66137029999999,48.96845749906602],[-85.66040189999995,48.966235499066045],[-85.6606521,48.96456899906604],[-85.66097559999997,48.96272289906601],[-85.66171129999998,48.960836499066005],[-85.66222579999999,48.959533999066004],[-85.66672489999996,48.95782649906597],[-85.66713819999995,48.95774099906596],[-85.66705679999995,48.957484299065996]]},"properties":{"ROAD_NAME":null,"STATUS":"Restricted","PASSABLE_IND":"Yes","GATE_IND":"No","BERM_IND":"No","ROAD_USE":"Forest Management","FMP_ROAD_CLASS":"O","SURFACE_TYPE":"Unsurfaced","YEAR_CONSTRUCTED":2016,"YEAR_DECOMMISSIONED":null,"MAINTENANCE_LEVEL":"Not Maintained"}},{"type":"Feature","geometry":{"type":"LineString","coordinates":[[-85.66296019999999,48.97599639906609],[-85.66383499999995,48.97604199906606],[-85.66499399999998,48.976046599066066],[-85.66595659999996,48.97583589906609],[-85.66643539999995,48.975538899066045],[-85.66662919999999,48.975283699066075]]},"properties":{"ROAD_NAME":"Twist West Network","STATUS":"Open","PASSABLE_IND":"Yes","GATE_IND":"No","BERM_IND":"No","ROAD_USE":"Forest Management","FMP_ROAD_CLASS":"O","SURFACE_TYPE":"Unsurfaced","YEAR_CONSTRUCTED":2016,"YEAR_DECOMMISSIONED":null,"MAINTENANCE_LEVEL":"Not Maintained"}},{"type":"Feature","geometry":{"type":"LineString","coordinates":[[-85.61475709999996,48.960908799066026],[-85.61556709999996,48.96070379906601],[-85.61708289999996,48.96042829906602],[-85.61925609999997,48.95948329906603],[-85.62087649999995,48.959188599065975],[-85.62299909999996,48.95980649906598],[-85.62384979999996,48.959630999065986],[-85.62512879999997,48.958860799065995],[-85.62615409999995,48.95864449906601],[-85.62685529999999,48.95838149906601],[-85.62792719999999,48.957251699066],[-85.62926299999998,48.95678209906596],[-85.62999869999999,48.956048199065954],[-85.6301191,48.95482139906597],[-85.63065069999999,48.954413599065965],[-85.63232299999999,48.95431919906599],[-85.6340318,48.95455789906595],[-85.6345844,48.954571599065964],[-85.6354493,48.95426769906595],[-85.63585789999996,48.95411359906597],[-85.63670539999998,48.95380639906596],[-85.6371547,48.95402419906601],[-85.63727879999999,48.95411669906599]]},"properties":{"ROAD_NAME":"Three Rock Road","STATUS":"Open","PASSABLE_IND":"Yes","GATE_IND":"No","BERM_IND":"No","ROAD_USE":"Forest Management","FMP_ROAD_CLASS":"B","SURFACE_TYPE":"Unsurfaced","YEAR_CONSTRUCTED":1993,"YEAR_DECOMMISSIONED":null,"MAINTENANCE_LEVEL":"Limited"}},{"type":"Feature","geometry":{"type":"LineString","coordinates":[[-85.68287409999999,48.962291499066026],[-85.68207989999996,48.962368299066014],[-85.68150159999999,48.96234079906604],[-85.68074639999998,48.962265099066016],[-85.68006539999999,48.962269899066015],[-85.67960549999998,48.96209279906605],[-85.67922109999995,48.96171129906603],[-85.67873419999995,48.961353799066025],[-85.67832009999995,48.96113539906602],[-85.67743279999996,48.960999499066],[-85.6763899,48.96097919906598],[-85.67571859999998,48.96109719906602],[-85.67521119999998,48.96127569906603],[-85.67488119999996,48.96160239906599],[-85.67456219999997,48.961934899066016],[-85.67386019999998,48.962495599065996],[-85.67232209999997,48.963986299066036],[-85.67210019999999,48.96425399906603],[-85.67204329999998,48.96459899906601],[-85.67186709999999,48.96494259906603],[-85.67166659999998,48.96539279906602]]},"properties":{"ROAD_NAME":"Twist West Network","STATUS":"Open","PASSABLE_IND":"Yes","GATE_IND":"No","BERM_IND":"No","ROAD_USE":"Forest Management","FMP_ROAD_CLASS":"O","SURFACE_TYPE":"Unsurfaced","YEAR_CONSTRUCTED":2016,"YEAR_DECOMMISSIONED":null,"MAINTENANCE_LEVEL":"Not Maintained"}},{"type":"Feature","geometry":{"type":"LineString","coordinates":[[-85.71708239999998,48.91472149906582],[-85.71766539999999,48.9142539990658],[-85.71845939999997,48.91370589906578]]},"properties":{"ROAD_NAME":"Twist Rd Network","STATUS":"Open","PASSABLE_IND":"Yes","GATE_IND":"No","BERM_IND":"No","ROAD_USE":"Forest Management","FMP_ROAD_CLASS":"O","SURFACE_TYPE":"Unsurfaced","YEAR_CONSTRUCTED":2016,"YEAR_DECOMMISSIONED":null,"MAINTENANCE_LEVEL":"Limited"}},{"type":"Feature","geometry":{"type":"LineString","coordinates":[[-85.67167799999999,48.96684589906602],[-85.67235039999997,48.96597569906601],[-85.6720732,48.96562999906603],[-85.67166659999998,48.96539279906602]]},"properties":{"ROAD_NAME":"Twist West Network","STATUS":"Open","PASSABLE_IND":"Yes","GATE_IND":"No","BERM_IND":"No","ROAD_USE":"Forest Management","FMP_ROAD_CLASS":"O","SURFACE_TYPE":"Unsurfaced","YEAR_CONSTRUCTED":2016,"YEAR_DECOMMISSIONED":null,"MAINTENANCE_LEVEL":"Not Maintained"}},{"type":"Feature","geometry":{"type":"LineString","coordinates":[[-85.58593289999999,48.99391539906618],[-85.58558099999999,48.99368539906614],[-85.58530609999997,48.99342399906614],[-85.58496529999996,48.99327529906618],[-85.5848178,48.993221899066164],[-85.5846704,48.993168499066144]]},"properties":{"ROAD_NAME":"Twist Road Network","STATUS":"Open","PASSABLE_IND":"Yes","GATE_IND":"No","BERM_IND":"No","ROAD_USE":"Forest Management","FMP_ROAD_CLASS":"O","SURFACE_TYPE":"Unsurfaced","YEAR_CONSTRUCTED":2016,"YEAR_DECOMMISSIONED":null,"MAINTENANCE_LEVEL":"Limited"}},{"type":"Feature","geometry":{"type":"LineString","coordinates":[[-85.70250629999998,48.9321153990659],[-85.70151909999998,48.93209179906587],[-85.7001601,48.93225499906585],[-85.69831019999998,48.93254359906589],[-85.69666039999998,48.93277489906588],[-85.69492309999998,48.93289799906588],[-85.69394769999997,48.93289889906585]]},"properties":{"ROAD_NAME":"Twist Rd Network","STATUS":"Open","PASSABLE_IND":"Yes","GATE_IND":"No","BERM_IND":"No","ROAD_USE":"Forest Management","FMP_ROAD_CLASS":"O","SURFACE_TYPE":"Unsurfaced","YEAR_CONSTRUCTED":2016,"YEAR_DECOMMISSIONED":null,"MAINTENANCE_LEVEL":"Limited"}},{"type":"Feature","geometry":{"type":"LineString","coordinates":[[-85.67393979999997,48.96671219906603],[-85.67349719999999,48.96710269906601],[-85.67282019999999,48.96743429906605],[-85.6722474,48.96779539906601],[-85.6714857,48.96814219906607],[-85.67066469999997,48.96829559906604]]},"properties":{"ROAD_NAME":"Twist West Network","STATUS":"Open","PASSABLE_IND":"Yes","GATE_IND":"No","BERM_IND":"No","ROAD_USE":"Forest Management","FMP_ROAD_CLASS":"O","SURFACE_TYPE":"Unsurfaced","YEAR_CONSTRUCTED":2016,"YEAR_DECOMMISSIONED":null,"MAINTENANCE_LEVEL":"Not Maintained"}},{"type":"Feature","geometry":{"type":"LineString","coordinates":[[-85.64106769999995,48.99500039906618],[-85.63948529999999,48.99412719906616],[-85.63860879999999,48.99368969906614],[-85.63837339999998,48.993551999066156],[-85.63789759999997,48.99345639906613],[-85.63762309999998,48.99349809906615],[-85.6372442,48.99360609906616],[-85.6367257,48.99382479906616],[-85.63663959999997,48.994475899066146],[-85.63645959999997,48.994811099066176],[-85.63593369999995,48.99529949906619],[-85.63544129999997,48.99581089906619],[-85.63488789999997,48.99605169906616],[-85.63433579999997,48.99624759906615],[-85.63375259999998,48.99633059906617],[-85.633306,48.996415299066165],[-85.63299489999997,48.99654649906617],[-85.63236699999999,48.99701129906615],[-85.63187579999999,48.99747759906617],[-85.63165979999997,48.99787979906618],[-85.63134429999997,48.99816839906615],[-85.63106969999995,48.99821009906614],[-85.63079519999997,48.9982517990662],[-85.630248,48.99826779906616],[-85.62955789999995,48.99850699906618],[-85.62869269999999,48.9989014990662],[-85.62820019999998,48.99941279906617],[-85.62750209999996,48.99994409906621],[-85.62680279999995,49.00052049906621],[-85.62547669999998,49.00151659906617],[-85.62491769999997,49.00195959906621],[-85.6238002,49.002823299066215],[-85.62303359999999,49.0033537990662],[-85.62275159999996,49.00366519906618],[-85.6223392,49.0037501990662],[-85.6218217,49.00392399906622],[-85.62069169999995,49.00400039906618],[-85.62034749999998,49.0040861990662],[-85.61989399999999,49.00441809906621],[-85.61925979999995,49.00510759906622],[-85.61917459999995,49.005713699066185],[-85.61913239999996,49.00600549906621],[-85.61902549999996,49.00616159906623],[-85.6188113,49.00641059906622],[-85.61850099999998,49.006595799066204],[-85.61815619999999,49.00673339906623],[-85.6175422,49.006867699066234],[-85.61696279999995,49.00704969906623],[-85.61665219999998,49.007246699066194],[-85.61635259999997,49.00769189906619],[-85.6161993,49.008044299066185],[-85.61598069999997,49.00815969906621],[-85.61545509999996,49.00834239906621],[-85.61493209999998,49.0084305990662],[-85.61454999999995,49.008614899066195],[-85.613856,49.009043499066216],[-85.61344779999996,49.00952269906625],[-85.6131681,49.009897199066216],[-85.61292019999996,49.0102267990662]]},"properties":{"ROAD_NAME":"Mcgraw Lk Rd Network","STATUS":"Open","PASSABLE_IND":"Yes","GATE_IND":"No","BERM_IND":"No","ROAD_USE":"Forest Management","FMP_ROAD_CLASS":"O","SURFACE_TYPE":"Unsurfaced","YEAR_CONSTRUCTED":2016,"YEAR_DECOMMISSIONED":null,"MAINTENANCE_LEVEL":"Not Maintained"}},{"type":"Feature","geometry":{"type":"LineString","coordinates":[[-85.70225319999997,48.92918849906584],[-85.7021259,48.928119199065854],[-85.70178319999997,48.927407499065836],[-85.70098519999999,48.92650019906585],[-85.70035869999998,48.92629089906585],[-85.69775699999997,48.925908099065836],[-85.6969014,48.92505489906584],[-85.70041749999996,48.92274799906582],[-85.7013925,48.92164119906581],[-85.70329079999999,48.91948619906579],[-85.70409409999996,48.91894049906581],[-85.70785279999996,48.91804639906583],[-85.70779999999996,48.9162470990658],[-85.70731969999997,48.915525399065814],[-85.706481,48.91485909906577],[-85.70551229999995,48.914198199065815],[-85.69843809999998,48.912512099065786],[-85.69770739999996,48.91228249906576],[-85.69710609999998,48.911661599065766],[-85.69620569999995,48.911708599065754],[-85.69442039999996,48.91203829906576],[-85.69360009999997,48.91215009906578],[-85.69184669999999,48.9121352990658],[-85.69078689999998,48.91253339906581],[-85.6881573,48.91305729906581],[-85.68647719999996,48.91301639906577],[-85.6838568,48.91317499906578],[-85.68229879999996,48.91228029906578]]},"properties":{"ROAD_NAME":"Twist Rd Network","STATUS":"Open","PASSABLE_IND":"Yes","GATE_IND":"No","BERM_IND":"No","ROAD_USE":"Forest Management","FMP_ROAD_CLASS":"O","SURFACE_TYPE":"Unsurfaced","YEAR_CONSTRUCTED":2016,"YEAR_DECOMMISSIONED":null,"MAINTENANCE_LEVEL":"Not Maintained"}},{"type":"Feature","geometry":{"type":"LineString","coordinates":[[-85.67393979999997,48.96671219906603],[-85.67294659999999,48.96680729906603],[-85.67214099999995,48.96677289906604],[-85.67167799999999,48.96684589906602]]},"properties":{"ROAD_NAME":"Twist West Network","STATUS":"Open","PASSABLE_IND":"Yes","GATE_IND":"No","BERM_IND":"No","ROAD_USE":"Forest Management","FMP_ROAD_CLASS":"O","SURFACE_TYPE":"Unsurfaced","YEAR_CONSTRUCTED":2016,"YEAR_DECOMMISSIONED":null,"MAINTENANCE_LEVEL":"Not Maintained"}},{"type":"Feature","geometry":{"type":"LineString","coordinates":[[-85.65384089999998,48.970418099066045],[-85.65384159999996,48.97042249906608],[-85.653864,48.970558799066076],[-85.65382389999996,48.97080829906607],[-85.65382349999999,48.97081129906607],[-85.65382689999996,48.97093339906606],[-85.6538304,48.97105559906603],[-85.65382199999999,48.97136619906606],[-85.65382969999996,48.971832399066066],[-85.65378399999997,48.97227569906604],[-85.6537667,48.972670599066056],[-85.6537123,48.97293629906604],[-85.65371979999998,48.97303179906603],[-85.65372739999998,48.973127399066044],[-85.65375689999996,48.97323939906605],[-85.65378239999995,48.97333659906607],[-85.653796,48.97345889906607],[-85.65380959999999,48.97358109906609],[-85.65380139999996,48.97388289906608],[-85.65377899999999,48.974215499066055],[-85.65374109999999,48.974370499066076],[-85.6537055,48.974440999066054],[-85.65366989999995,48.97451169906609],[-85.653524,48.974669799066056],[-85.65326779999998,48.974919799066065],[-85.65319799999997,48.97500779906606],[-85.65312819999997,48.97509569906604],[-85.65290529999999,48.97535949906607],[-85.65269769999998,48.975556799066105],[-85.65261799999996,48.97563359906608],[-85.65253839999997,48.975710299066066],[-85.65226459999997,48.97586249906607],[-85.65190949999999,48.97602699906609],[-85.65161639999997,48.97614339906607],[-85.65149709999997,48.97619089906606],[-85.65137779999998,48.97623829906609],[-85.65117189999995,48.97637349906607],[-85.6511084,48.97647709906606],[-85.65104489999999,48.9765805990661],[-85.65089279999995,48.97672089906609],[-85.6508177,48.9767532990661],[-85.65074269999997,48.976785699066106],[-85.65056149999998,48.97681489906607],[-85.65048529999996,48.97682709906609],[-85.6503596,48.97686339906606],[-85.65023379999997,48.97689959906608],[-85.64988699999998,48.9770065990661],[-85.64973739999999,48.97705359906609],[-85.64954799999998,48.9770735990661],[-85.64936609999995,48.977066999066096],[-85.64916649999998,48.97696709906607],[-85.64905429999999,48.97687689906609],[-85.6489838,48.976742999066055],[-85.64896769999996,48.97669789906609],[-85.64887719999996,48.976444299066074],[-85.64879989999997,48.97631019906604],[-85.64868099999995,48.97622009906609],[-85.64851339999996,48.97618259906606],[-85.64824469999996,48.97614389906607],[-85.6479612,48.97615389906609],[-85.64786669999995,48.97615949906604],[-85.6477721,48.976164999066086],[-85.64764019999996,48.9761963990661],[-85.64754139999997,48.97621999906607],[-85.6473853,48.97625369906608],[-85.64716879999997,48.97628219906608],[-85.64705809999998,48.9762754990661],[-85.64698699999997,48.97627119906609],[-85.64664869999996,48.976311599066086],[-85.64622199999997,48.97638209906607],[-85.64584919999999,48.9764531990661],[-85.64571409999996,48.9764736990661],[-85.64571379999995,48.97647379906606],[-85.64557829999995,48.976494399066084],[-85.645194,48.97649429906606],[-85.64503909999996,48.97648579906609],[-85.64488419999998,48.976477399066084],[-85.64431919999998,48.97642629906606],[-85.64376169999997,48.976344299066106],[-85.6436382,48.97629619906609],[-85.64351479999999,48.97624819906609],[-85.64327499999996,48.97613879906605],[-85.6430972,48.97598139906608],[-85.64301509999996,48.97590269906606],[-85.6429329,48.97582409906606],[-85.64284569999995,48.97575419906609],[-85.64278109999998,48.975702399066094],[-85.6427483,48.975668799066106],[-85.64271549999995,48.975635099066075],[-85.64268629999998,48.97547049906607],[-85.64268899999996,48.97536839906608],[-85.64277139999996,48.975316099066085],[-85.64290829999999,48.97523779906605]]},"properties":{"ROAD_NAME":"Twist Road Network","STATUS":"Open","PASSABLE_IND":"Yes","GATE_IND":"No","BERM_IND":"No","ROAD_USE":"Forest Management","FMP_ROAD_CLASS":"O","SURFACE_TYPE":"Unsurfaced","YEAR_CONSTRUCTED":2016,"YEAR_DECOMMISSIONED":null,"MAINTENANCE_LEVEL":"Limited"}},{"type":"Feature","geometry":{"type":"LineString","coordinates":[[-85.70729739999996,48.92733309906583],[-85.7079531,48.927053799065845]]},"properties":{"ROAD_NAME":"Twist Rd Network","STATUS":"Open","PASSABLE_IND":"Yes","GATE_IND":"No","BERM_IND":"No","ROAD_USE":"Forest Management","FMP_ROAD_CLASS":"O","SURFACE_TYPE":"Unsurfaced","YEAR_CONSTRUCTED":2016,"YEAR_DECOMMISSIONED":null,"MAINTENANCE_LEVEL":"Limited"}},{"type":"Feature","geometry":{"type":"LineString","coordinates":[[-85.71708239999998,48.91472149906582],[-85.71765039999997,48.91483939906578],[-85.71833959999998,48.91500409906579],[-85.71883559999998,48.91509529906578],[-85.7189654,48.91510389906579],[-85.71909519999997,48.91511249906579],[-85.71937859999997,48.91504419906578],[-85.71973359999998,48.9147196990658],[-85.72019829999999,48.91433929906576],[-85.7204663,48.91402809906576],[-85.72094799999996,48.913833499065774],[-85.72201809999996,48.91350259906578],[-85.7227413,48.913182099065786],[-85.72306309999999,48.91306439906576],[-85.72320759999997,48.91299789906581],[-85.72320789999998,48.91299779906579],[-85.7233521,48.912931399065805],[-85.72374609999997,48.91273939906577]]},"properties":{"ROAD_NAME":"Twist Rd Network","STATUS":"Open","PASSABLE_IND":"Yes","GATE_IND":"No","BERM_IND":"No","ROAD_USE":"Forest Management","FMP_ROAD_CLASS":"O","SURFACE_TYPE":"Unsurfaced","YEAR_CONSTRUCTED":2016,"YEAR_DECOMMISSIONED":null,"MAINTENANCE_LEVEL":"Limited"}},{"type":"Feature","geometry":{"type":"LineString","coordinates":[[-85.72620749999999,48.99805929906617],[-85.72598929999998,48.99797889906617],[-85.72514899999999,48.99749339906615],[-85.72368659999995,48.997051599066175],[-85.72190919999997,48.99698459906617],[-85.72139389999995,48.997016599066136],[-85.7210063,48.99705219906618],[-85.72072309999999,48.99715879906616],[-85.72027929999996,48.997318499066154],[-85.71996669999999,48.9973848990662],[-85.7196836,48.99748649906618],[-85.71944659999997,48.99756369906616],[-85.71890329999997,48.99775719906618],[-85.7186982,48.99777489906618],[-85.71829579999996,48.997795399066185],[-85.71768079999998,48.99782839906615],[-85.7169159,48.997794999066144],[-85.7164229,48.9978044990662],[-85.7157168,48.997841499066205],[-85.71515549999998,48.997855499066176],[-85.71440989999996,48.997868299066205],[-85.71411229999995,48.99787549906616],[-85.7139105,48.9978879990662],[-85.71367289999995,48.9979210990662],[-85.71336809999997,48.99795769906618],[-85.71307959999996,48.9979817990662],[-85.71257369999995,48.998001399066176],[-85.71195589999996,48.998019799066164],[-85.71171909999998,48.99802559906615],[-85.71160039999995,48.99804109906618],[-85.71153549999997,48.99807399906618],[-85.71146729999998,48.99811529906615],[-85.7114211,48.998169599066195],[-85.7113635,48.998295199066185],[-85.71123339999997,48.99862629906616],[-85.71118129999996,48.99875899906617],[-85.71107699999999,48.998884199066175],[-85.71093309999998,48.99897569906617],[-85.71062869999997,48.99901889906616],[-85.71014429999997,48.99898689906619],[-85.70985059999998,48.99901019906619],[-85.7095352,48.999086499066195],[-85.70917799999995,48.99921549906621],[-85.70881229999998,48.99928459906618],[-85.70824499999998,48.999331499066194],[-85.7076879,48.99937179906616],[-85.706773,48.99956769906616],[-85.7058788,48.999743899066154],[-85.70553229999996,48.99985309906616],[-85.70497189999998,49.00001979906618],[-85.70452609999995,49.0001884990662],[-85.70407189999997,49.0004566990662],[-85.70348439999998,49.000933599066165],[-85.702899,49.00132649906617],[-85.70199149999996,49.00182079906619],[-85.70140779999997,49.002150599066226],[-85.70072719999996,49.002521399066204],[-85.70014019999996,49.002977199066216],[-85.69977779999999,49.00339359906622],[-85.69964189999996,49.003707399066165],[-85.69963039999999,49.004148699066214],[-85.69964969999995,49.0046324990662],[-85.69973569999996,49.005011799066224],[-85.69969229999998,49.005452799066184]]},"properties":{"ROAD_NAME":"Ferrie's Lake Rd Network","STATUS":"Open","PASSABLE_IND":"Yes","GATE_IND":"No","BERM_IND":"No","ROAD_USE":"Forest Management","FMP_ROAD_CLASS":"O","SURFACE_TYPE":"Unsurfaced","YEAR_CONSTRUCTED":2016,"YEAR_DECOMMISSIONED":null,"MAINTENANCE_LEVEL":"Limited"}},{"type":"Feature","geometry":{"type":"LineString","coordinates":[[-85.70060759999996,48.933672799065874],[-85.7024806,48.9324801990659],[-85.70250629999998,48.9321153990659],[-85.70264689999999,48.93012419906588],[-85.70225319999997,48.92918849906584]]},"properties":{"ROAD_NAME":"Twist Rd Network","STATUS":"Open","PASSABLE_IND":"Yes","GATE_IND":"No","BERM_IND":"No","ROAD_USE":"Forest Management","FMP_ROAD_CLASS":"O","SURFACE_TYPE":"Unsurfaced","YEAR_CONSTRUCTED":2016,"YEAR_DECOMMISSIONED":null,"MAINTENANCE_LEVEL":"Not Maintained"}},{"type":"Feature","geometry":{"type":"LineString","coordinates":[[-85.71421319999996,48.892689599065704],[-85.71414189999996,48.89239159906567],[-85.71409779999999,48.891944499065694],[-85.71413939999997,48.89140689906571],[-85.71459629999998,48.8906908990657],[-85.71478229999997,48.89036349906569],[-85.71510219999999,48.8900082990657],[-85.71534149999997,48.8897693990657],[-85.71579449999996,48.88942299906568],[-85.71604479999996,48.8891841990657],[-85.71627769999998,48.88876219906569],[-85.71665779999995,48.888224699065674],[-85.71703709999997,48.88771639906569],[-85.71723179999998,48.8872683990657],[-85.71717859999995,48.886524699065625],[-85.71711369999997,48.88602619906563],[-85.7174048,48.88506299906564],[-85.7175234,48.88454819906569],[-85.71790949999996,48.88399249906567],[-85.71840889999999,48.88312679906564],[-85.7186279,48.88259479906567],[-85.71858649999996,48.88204159906566],[-85.7186226,48.881646499065674],[-85.71852489999998,48.881315899065626],[-85.71835239999996,48.880980499065636],[-85.71833249999997,48.88053749906562],[-85.71844759999999,48.88018669906564],[-85.71862439999995,48.87986749906567],[-85.7186883,48.879563499065625],[-85.71871859999999,48.87911079906565],[-85.71881349999995,48.878572399065604],[-85.71875799999998,48.87830409906563],[-85.7186178,48.8779236990656],[-85.71838309999998,48.877579299065644],[-85.7181372,48.87730679906564],[-85.7178202,48.87713239906565],[-85.7174885,48.87691869906561],[-85.7172711,48.87671309906562],[-85.71728159999998,48.876463399065635],[-85.71742229999995,48.87596669906566],[-85.71714579999997,48.87567119906559],[-85.7166464,48.87517969906564],[-85.7163023,48.874758999065634],[-85.71567199999998,48.87449619906561],[-85.71501259999997,48.87428789906561],[-85.71480049999997,48.87392019906563],[-85.71486429999999,48.87359199906562],[-85.7150651,48.8733201990656],[-85.71540949999996,48.872848999065624],[-85.71558729999998,48.872394299065576],[-85.71562669999997,48.87193799906558],[-85.7157219,48.871463999065575],[-85.7158402,48.87117299906557],[-85.71615919999999,48.87061019906562],[-85.71636559999996,48.870119199065606],[-85.7163478,48.86973539906559],[-85.71637169999997,48.869342799065585],[-85.7164593,48.868622099065604],[-85.7165597,48.86794729906558],[-85.71670599999999,48.86763829906557],[-85.71676889999998,48.86734669906559],[-85.7166431,48.86685199906554],[-85.71683249999995,48.865940599065596],[-85.71710179999997,48.86515799906556],[-85.7174794,48.86446799906558],[-85.71833369999996,48.86354569906558],[-85.7185336,48.86331039906558],[-85.71889949999996,48.86307699906556]]},"properties":{"ROAD_NAME":"Galoche Lk Rd Net","STATUS":"Open","PASSABLE_IND":"Yes","GATE_IND":"No","BERM_IND":"No","ROAD_USE":"Forest Management","FMP_ROAD_CLASS":"O","SURFACE_TYPE":"Unsurfaced","YEAR_CONSTRUCTED":2016,"YEAR_DECOMMISSIONED":null,"MAINTENANCE_LEVEL":"Not Maintained"}},{"type":"Feature","geometry":{"type":"LineString","coordinates":[[-85.68284019999999,48.963217099066],[-85.68322059999997,48.96326959906604],[-85.68362189999999,48.963253199065996],[-85.68402029999999,48.963106899066005],[-85.6842959,48.962787499066046],[-85.68432959999996,48.962473599065994],[-85.68383989999995,48.96222289906602],[-85.68287409999999,48.962291499066026]]},"properties":{"ROAD_NAME":"Twist West Network","STATUS":"Open","PASSABLE_IND":"Yes","GATE_IND":"No","BERM_IND":"No","ROAD_USE":"Forest Management","FMP_ROAD_CLASS":"O","SURFACE_TYPE":"Unsurfaced","YEAR_CONSTRUCTED":2016,"YEAR_DECOMMISSIONED":null,"MAINTENANCE_LEVEL":"Not Maintained"}},{"type":"Feature","geometry":{"type":"LineString","coordinates":[[-85.67933259999995,48.97041959906604],[-85.67907539999999,48.97068619906607],[-85.67845249999999,48.97130779906607],[-85.6781805,48.972133199066064],[-85.67771849999997,48.97243539906603],[-85.67669909999995,48.972760799066045],[-85.67616729999997,48.972994299066066],[-85.67524099999997,48.97336519906609],[-85.67417589999997,48.97337949906606],[-85.6731279,48.97376669906603],[-85.6723189,48.97390709906607],[-85.67140029999996,48.974242599066066],[-85.67050759999995,48.97435869906609],[-85.6697365,48.97446959906607],[-85.667035,48.97532339906609],[-85.66662919999999,48.975283699066075]]},"properties":{"ROAD_NAME":"Twist West Network","STATUS":"Open","PASSABLE_IND":"Yes","GATE_IND":"No","BERM_IND":"No","ROAD_USE":"Forest Management","FMP_ROAD_CLASS":"O","SURFACE_TYPE":"Unsurfaced","YEAR_CONSTRUCTED":2016,"YEAR_DECOMMISSIONED":null,"MAINTENANCE_LEVEL":"Not Maintained"}},{"type":"Feature","geometry":{"type":"LineString","coordinates":[[-85.70780159999998,48.91630129906582],[-85.70844069999998,48.91655029906582],[-85.7089143,48.91666989906582],[-85.70907639999996,48.916685999065805],[-85.70923849999997,48.91670209906579],[-85.70975769999995,48.916736399065826],[-85.7105651,48.91651699906576],[-85.71159059999997,48.916242799065785],[-85.71253049999996,48.915924799065806],[-85.71311829999996,48.91581709906581],[-85.7142106,48.91547229906582],[-85.71486669999996,48.91523679906578],[-85.71562889999996,48.91508819906578],[-85.7162391,48.91495219906578],[-85.71689409999999,48.91475949906577],[-85.717019,48.91473019906578],[-85.71706849999998,48.914718699065816],[-85.71708239999998,48.91472149906582]]},"properties":{"ROAD_NAME":"Twist Rd Network","STATUS":"Open","PASSABLE_IND":"Yes","GATE_IND":"No","BERM_IND":"No","ROAD_USE":"Forest Management","FMP_ROAD_CLASS":"O","SURFACE_TYPE":"Unsurfaced","YEAR_CONSTRUCTED":2016,"YEAR_DECOMMISSIONED":null,"MAINTENANCE_LEVEL":"Limited"}},{"type":"Feature","geometry":{"type":"LineString","coordinates":[[-85.69078689999998,48.91253339906581],[-85.69106259999995,48.9128562990658],[-85.69131279999999,48.912954399065804],[-85.69147779999997,48.91355129906576],[-85.69182569999998,48.914055099065806],[-85.69196139999997,48.91438989906576],[-85.69235299999997,48.91460849906581],[-85.69263059999997,48.91504009906576],[-85.6928385,48.915375699065805],[-85.69304399999999,48.9158064990658],[-85.69317969999997,48.916141199065805],[-85.69328619999999,48.916213799065815],[-85.69331359999995,48.916547399065784],[-85.69304969999996,48.91697279906578],[-85.69296499999996,48.917447899065806],[-85.69306339999997,48.9178298990658],[-85.69356019999998,48.9181686990658],[-85.69373789999997,48.91846769906579]]},"properties":{"ROAD_NAME":null,"STATUS":"Open","PASSABLE_IND":"Yes","GATE_IND":"No","BERM_IND":"No","ROAD_USE":"Forest Management","FMP_ROAD_CLASS":"O","SURFACE_TYPE":"Unsurfaced","YEAR_CONSTRUCTED":2016,"YEAR_DECOMMISSIONED":null,"MAINTENANCE_LEVEL":"Not Maintained"}},{"type":"Feature","geometry":{"type":"LineString","coordinates":[[-85.5874091,48.99916639906619],[-85.58757679999997,48.99932839906619],[-85.58791629999996,48.99958139906617],[-85.58850359999997,48.99999089906617],[-85.58938209999997,49.0005823990662],[-85.58995749999997,49.00096679906618],[-85.59009379999998,49.00104939906616],[-85.59023019999995,49.00113189906618],[-85.59055689999997,49.001393099066206],[-85.59090909999998,49.0016461990662],[-85.59147509999997,49.00214259906619]]},"properties":{"ROAD_NAME":"Twist Road Network","STATUS":"Open","PASSABLE_IND":"Yes","GATE_IND":"No","BERM_IND":"No","ROAD_USE":"Forest Management","FMP_ROAD_CLASS":"O","SURFACE_TYPE":"Unsurfaced","YEAR_CONSTRUCTED":2016,"YEAR_DECOMMISSIONED":null,"MAINTENANCE_LEVEL":"Limited"}},{"type":"Feature","geometry":{"type":"LineString","coordinates":[[-85.63798969999999,48.954977599065955],[-85.63785939999997,48.955094199065975],[-85.63783259999997,48.95534639906595],[-85.6376712,48.955701499065995],[-85.6378224,48.95651739906595],[-85.63779449999998,48.95674549906598],[-85.63733179999997,48.95712309906602],[-85.63597699999997,48.957388799066024],[-85.63537529999996,48.95807229906599],[-85.6352374,48.95814709906599],[-85.63451269999996,48.958858199065986],[-85.63434359999997,48.959545499066024],[-85.63409999999999,48.96021289906603],[-85.63420259999998,48.96086289906597],[-85.6342113,48.96145229906601],[-85.63431199999997,48.96195609906599],[-85.63390989999999,48.96282689906603],[-85.63308219999999,48.963502299066015],[-85.63232049999999,48.96387389906601],[-85.63184359999997,48.96440109906603],[-85.63177639999998,48.96474289906603],[-85.63199509999998,48.96520219906603],[-85.63255849999996,48.96574179906605],[-85.63300629999998,48.96627999906605],[-85.63293069999997,48.966926199066066],[-85.63262099999997,48.96768379906604],[-85.63225549999999,48.96836459906606],[-85.63200969999997,48.96889459906601],[-85.63227789999996,48.969658999066056],[-85.63260179999997,48.97050029906605],[-85.6329298,48.971189299066076]]},"properties":{"ROAD_NAME":null,"STATUS":"Restricted","PASSABLE_IND":"Yes","GATE_IND":"No","BERM_IND":"No","ROAD_USE":"Forest Management","FMP_ROAD_CLASS":"O","SURFACE_TYPE":"Unsurfaced","YEAR_CONSTRUCTED":2016,"YEAR_DECOMMISSIONED":null,"MAINTENANCE_LEVEL":"Not Maintained"}},{"type":"Feature","geometry":{"type":"LineString","coordinates":[[-85.5874091,48.99916639906619],[-85.58722419999998,48.999294599066204],[-85.58690489999998,48.999570199066206],[-85.58665509999997,48.99979079906618],[-85.58647939999997,48.99999359906621],[-85.5864358,49.000033999066204],[-85.58639219999998,49.00007449906621],[-85.5862616,49.00017499906618],[-85.58614899999998,49.00026159906621],[-85.58609099999995,49.00031289906621],[-85.58609089999999,49.000312999066175],[-85.5860328,49.00036449906621],[-85.58569749999998,49.000602699066164],[-85.58531099999999,49.000851299066184],[-85.58481989999996,49.00118819906616],[-85.58453099999997,49.00138959906622],[-85.58430809999999,49.00165899906618]]},"properties":{"ROAD_NAME":"Twist Road Network","STATUS":"Open","PASSABLE_IND":"Yes","GATE_IND":"No","BERM_IND":"No","ROAD_USE":"Forest Management","FMP_ROAD_CLASS":"O","SURFACE_TYPE":"Unsurfaced","YEAR_CONSTRUCTED":2016,"YEAR_DECOMMISSIONED":null,"MAINTENANCE_LEVEL":"Limited"}},{"type":"Feature","geometry":{"type":"LineString","coordinates":[[-85.66705679999995,48.957484299065996],[-85.6673457,48.957254699065984],[-85.66757869999998,48.95706959906598],[-85.66775969999998,48.956696299065996],[-85.66796269999998,48.956567199065965],[-85.66827659999996,48.95655209906597],[-85.66862359999999,48.95636829906597],[-85.66903059999999,48.95607269906601],[-85.66920799999997,48.955830699066],[-85.6693535,48.95571969906599],[-85.66983849999997,48.95570649906598],[-85.6705814,48.955640099065995],[-85.67132129999999,48.95568609906599],[-85.6718358,48.95563569906598],[-85.67215569999996,48.95539529906597],[-85.67252919999999,48.955286999065954],[-85.6729881,48.955179599065964],[-85.6733615,48.955071299066006],[-85.67367889999997,48.95492479906597],[-85.67370699999998,48.954943899066]]},"properties":{"ROAD_NAME":null,"STATUS":"Restricted","PASSABLE_IND":"Yes","GATE_IND":"No","BERM_IND":"No","ROAD_USE":"Forest Management","FMP_ROAD_CLASS":"O","SURFACE_TYPE":"Unsurfaced","YEAR_CONSTRUCTED":2016,"YEAR_DECOMMISSIONED":null,"MAINTENANCE_LEVEL":"Not Maintained"}},{"type":"Feature","geometry":{"type":"LineString","coordinates":[[-85.6631916,48.97402669906607],[-85.66390769999998,48.97308099906608],[-85.66414529999997,48.97279189906604],[-85.66441529999997,48.97226349906603],[-85.66490209999995,48.971917299066064],[-85.66564669999997,48.97168799906606]]},"properties":{"ROAD_NAME":"Twist West Network","STATUS":"Open","PASSABLE_IND":"Yes","GATE_IND":"No","BERM_IND":"No","ROAD_USE":"Forest Management","FMP_ROAD_CLASS":"O","SURFACE_TYPE":"Unsurfaced","YEAR_CONSTRUCTED":2016,"YEAR_DECOMMISSIONED":null,"MAINTENANCE_LEVEL":"Not Maintained"}},{"type":"Feature","geometry":{"type":"LineString","coordinates":[[-85.72236659999999,48.923563199065846],[-85.72259499999996,48.92284149906582],[-85.7225459,48.921877099065824],[-85.72220709999999,48.92142799906585],[-85.72048659999996,48.92070429906581],[-85.71803929999999,48.91961639906579]]},"properties":{"ROAD_NAME":"Twist Rd Network","STATUS":"Open","PASSABLE_IND":"Yes","GATE_IND":"No","BERM_IND":"No","ROAD_USE":"Forest Management","FMP_ROAD_CLASS":"O","SURFACE_TYPE":"Unsurfaced","YEAR_CONSTRUCTED":2016,"YEAR_DECOMMISSIONED":null,"MAINTENANCE_LEVEL":"Not Maintained"}},{"type":"Feature","geometry":{"type":"LineString","coordinates":[[-85.6329298,48.971189299066076],[-85.63216799999998,48.97156089906607],[-85.63117919999996,48.971777499066064],[-85.63046889999998,48.97237809906605],[-85.63028409999998,48.972794599066084],[-85.63043349999998,48.97367189906604],[-85.6306449,48.97439759906608],[-85.63039909999998,48.97492759906605],[-85.6298683,48.97530189906609],[-85.63055279999998,48.97565259906609],[-85.6308932,48.97588499906606],[-85.63088589999995,48.9761513990661],[-85.63047399999999,48.97641289906607],[-85.62948509999995,48.97662959906609],[-85.62872529999999,48.97692509906608],[-85.6284847,48.9772646990661],[-85.62852679999997,48.97783619906607],[-85.62804979999999,48.97836339906609],[-85.62722789999998,48.9788103990661],[-85.62708409999999,48.979836399066095],[-85.6270169,48.980178199066074],[-85.62619289999998,48.9807012990661],[-85.62572009999997,48.98107639906608],[-85.62592919999997,48.9818780990661],[-85.62648539999998,48.9826839990661],[-85.6270447,48.98337579906612]]},"properties":{"ROAD_NAME":null,"STATUS":"Restricted","PASSABLE_IND":"Yes","GATE_IND":"No","BERM_IND":"No","ROAD_USE":"Forest Management","FMP_ROAD_CLASS":"O","SURFACE_TYPE":"Unsurfaced","YEAR_CONSTRUCTED":2016,"YEAR_DECOMMISSIONED":null,"MAINTENANCE_LEVEL":"Not Maintained"}},{"type":"Feature","geometry":{"type":"LineString","coordinates":[[-85.70729739999996,48.92733309906583],[-85.70440989999997,48.92910379906584],[-85.70225319999997,48.92918849906584]]},"properties":{"ROAD_NAME":"Twist Rd Network","STATUS":"Open","PASSABLE_IND":"Yes","GATE_IND":"No","BERM_IND":"No","ROAD_USE":"Forest Management","FMP_ROAD_CLASS":"O","SURFACE_TYPE":"Unsurfaced","YEAR_CONSTRUCTED":2016,"YEAR_DECOMMISSIONED":null,"MAINTENANCE_LEVEL":"Not Maintained"}},{"type":"Feature","geometry":{"type":"LineString","coordinates":[[-85.69373659999997,48.91846789906579],[-85.69260839999998,48.9186577990658],[-85.69231459999997,48.9188448990658],[-85.69177299999996,48.91883869906582],[-85.69155889999996,48.918741099065834],[-85.69082809999998,48.91906599906583],[-85.69060579999996,48.9192776990658]]},"properties":{"ROAD_NAME":null,"STATUS":"Open","PASSABLE_IND":"Yes","GATE_IND":"No","BERM_IND":"No","ROAD_USE":"Forest Management","FMP_ROAD_CLASS":"O","SURFACE_TYPE":"Unsurfaced","YEAR_CONSTRUCTED":2016,"YEAR_DECOMMISSIONED":null,"MAINTENANCE_LEVEL":"Not Maintained"}},{"type":"Feature","geometry":{"type":"LineString","coordinates":[[-85.72180959999997,48.89119759906566],[-85.71945539999996,48.891883899065704],[-85.71691629999998,48.892338199065705],[-85.7166684,48.89238689906568],[-85.715349,48.89234129906567],[-85.71421449999997,48.892689199065664]]},"properties":{"ROAD_NAME":"Twist Road","STATUS":"Open","PASSABLE_IND":"Yes","GATE_IND":"No","BERM_IND":"No","ROAD_USE":"Forest Management","FMP_ROAD_CLASS":"P","SURFACE_TYPE":"Gravel","YEAR_CONSTRUCTED":1982,"YEAR_DECOMMISSIONED":null,"MAINTENANCE_LEVEL":"Limited"}},{"type":"Feature","geometry":{"type":"LineString","coordinates":[[-85.71421199999997,48.89268989906572],[-85.71331149999997,48.89296599906568],[-85.70988949999997,48.89443989906569],[-85.7092609,48.89465139906571],[-85.7067882,48.895304099065726],[-85.70466399999998,48.89593129906571],[-85.70302959999998,48.89661009906571],[-85.70237789999999,48.8968966990657],[-85.70196659999999,48.89701789906572]]},"properties":{"ROAD_NAME":"Twist Road","STATUS":"Open","PASSABLE_IND":"Yes","GATE_IND":"No","BERM_IND":"No","ROAD_USE":"Forest Management","FMP_ROAD_CLASS":"P","SURFACE_TYPE":"Gravel","YEAR_CONSTRUCTED":1982,"YEAR_DECOMMISSIONED":null,"MAINTENANCE_LEVEL":"Limited"}},{"type":"Feature","geometry":{"type":"LineString","coordinates":[[-85.63435999999996,48.996201499066196],[-85.63524009999998,48.9964770990662],[-85.63550599999996,48.996710599066176],[-85.63589529999996,48.99705429906616],[-85.6362734,48.99744899906618],[-85.63655299999999,48.99789379906619],[-85.63652479999996,48.99821329906619],[-85.63591809999997,48.998605799066155],[-85.6355709,48.9989633990662],[-85.6354945,48.99962149906621],[-85.6351583,49.000538799066184],[-85.63475869999996,49.00164089906621],[-85.63451529999998,49.00200899906621],[-85.63401479999999,49.00217589906617],[-85.63234219999998,49.00217519906619]]},"properties":{"ROAD_NAME":"21TURCAK LAKE ROAD NETWORK","STATUS":"Open","PASSABLE_IND":"Yes","GATE_IND":"No","BERM_IND":"No","ROAD_USE":null,"FMP_ROAD_CLASS":"O","SURFACE_TYPE":"Gravel","YEAR_CONSTRUCTED":2021,"YEAR_DECOMMISSIONED":2040,"MAINTENANCE_LEVEL":"Routine"}},{"type":"Feature","geometry":{"type":"LineString","coordinates":[[-85.64861409999997,48.9159926990658],[-85.64860059999995,48.91626289906583],[-85.64871409999995,48.9170059990658],[-85.648865,48.9181228990658],[-85.6488276,48.91894549906579],[-85.64901729999997,48.92034949906584],[-85.64899099999997,48.9211744990658],[-85.64890639999999,48.92189159906584],[-85.64918409999996,48.92262259906582],[-85.64911389999997,48.92315799906582],[-85.64889529999999,48.92376799906581],[-85.64871019999998,48.92448329906583],[-85.64849949999996,48.92505379906582],[-85.64824329999999,48.92566559906584],[-85.64819419999998,48.92587689906587]]},"properties":{"ROAD_NAME":null,"STATUS":"Restricted","PASSABLE_IND":"Yes","GATE_IND":"No","BERM_IND":"No","ROAD_USE":"Forest Management","FMP_ROAD_CLASS":"O","SURFACE_TYPE":"Unsurfaced","YEAR_CONSTRUCTED":2016,"YEAR_DECOMMISSIONED":null,"MAINTENANCE_LEVEL":"Not Maintained"}},{"type":"Feature","geometry":{"type":"LineString","coordinates":[[-85.6183034,48.967304299066036],[-85.61681929999997,48.96720159906602],[-85.6159285,48.96729069906604],[-85.61417839999996,48.96725209906601],[-85.61322809999996,48.96706669906604],[-85.61258669999995,48.96656059906606],[-85.61184889999998,48.966305599066025],[-85.61153209999998,48.96622829906601],[-85.61103369999995,48.96609309906603],[-85.61057009999996,48.96598489906604],[-85.60982559999997,48.96603199906603],[-85.60942699999998,48.966078199066025]]},"properties":{"ROAD_NAME":null,"STATUS":"Restricted","PASSABLE_IND":"Yes","GATE_IND":"No","BERM_IND":"No","ROAD_USE":"Forest Management","FMP_ROAD_CLASS":"O","SURFACE_TYPE":"Unsurfaced","YEAR_CONSTRUCTED":2016,"YEAR_DECOMMISSIONED":null,"MAINTENANCE_LEVEL":"Not Maintained"}},{"type":"Feature","geometry":{"type":"LineString","coordinates":[[-85.57738459999996,48.994953399066176],[-85.57808869999997,48.99490919906613],[-85.5788091,48.99482359906616],[-85.57975669999996,48.994835299066175],[-85.58035919999998,48.99486159906617],[-85.58166819999997,48.994742999066155],[-85.5825734,48.99457129906616],[-85.5830833,48.99459209906617]]},"properties":{"ROAD_NAME":null,"STATUS":"Restricted","PASSABLE_IND":"Yes","GATE_IND":"No","BERM_IND":"No","ROAD_USE":"Forest Management","FMP_ROAD_CLASS":"O","SURFACE_TYPE":"Unsurfaced","YEAR_CONSTRUCTED":2016,"YEAR_DECOMMISSIONED":null,"MAINTENANCE_LEVEL":"Not Maintained"}},{"type":"Feature","geometry":{"type":"LineString","coordinates":[[-85.62676479999999,48.934970599065906],[-85.62840979999999,48.93479749906586],[-85.62916689999997,48.93485409906585],[-85.6299621,48.93483979906589],[-85.63061219999997,48.93484749906592],[-85.63115589999995,48.93478259906587],[-85.63144549999998,48.93476219906589],[-85.63191439999997,48.93479159906591],[-85.6325625,48.9348706990659],[-85.63310489999998,48.9348532990659],[-85.63355919999998,48.93482449906591]]},"properties":{"ROAD_NAME":null,"STATUS":"Restricted","PASSABLE_IND":"Yes","GATE_IND":"No","BERM_IND":"No","ROAD_USE":"Forest Management","FMP_ROAD_CLASS":"O","SURFACE_TYPE":"Unsurfaced","YEAR_CONSTRUCTED":2016,"YEAR_DECOMMISSIONED":null,"MAINTENANCE_LEVEL":"Not Maintained"}},{"type":"Feature","geometry":{"type":"LineString","coordinates":[[-85.63216079999995,48.94257229906589],[-85.63129419999996,48.9418962990659],[-85.62978959999998,48.94123069906589],[-85.6291167,48.941051399065934],[-85.628353,48.940562199065944],[-85.62753839999999,48.94022409906591],[-85.62704589999998,48.94000399906593],[-85.62646079999996,48.94011489906592],[-85.62535509999998,48.93999809906592],[-85.62475179999996,48.939862399065916],[-85.62406999999996,48.93953699906592]]},"properties":{"ROAD_NAME":"Twist East Road","STATUS":"Restricted","PASSABLE_IND":"Yes","GATE_IND":"No","BERM_IND":"No","ROAD_USE":"Forest Management","FMP_ROAD_CLASS":"B","SURFACE_TYPE":"Unsurfaced","YEAR_CONSTRUCTED":1996,"YEAR_DECOMMISSIONED":null,"MAINTENANCE_LEVEL":"Limited"}},{"type":"Feature","geometry":{"type":"LineString","coordinates":[[-85.64819419999998,48.92587689906587],[-85.64778839999997,48.92563189906586],[-85.6470698,48.92553669906583],[-85.64545659999999,48.925270199065814],[-85.64421919999995,48.92508459906587],[-85.6432294,48.92496089906586],[-85.64241869999995,48.924864799065844],[-85.64222379999995,48.92475829906582],[-85.64196189999996,48.924207899065806],[-85.64142579999998,48.92308109906585],[-85.64086399999997,48.92239659906582],[-85.6404172,48.921374799065816],[-85.64007829999997,48.920745299065814],[-85.63899669999995,48.92125379906584],[-85.63779359999995,48.921865099065855],[-85.63671189999997,48.922373599065814],[-85.63587159999997,48.92272859906584],[-85.63508229999997,48.92266709906582],[-85.63422309999999,48.92226599906583],[-85.6331634,48.92196669906584],[-85.63225979999999,48.921747499065845],[-85.6314883,48.921034599065834],[-85.6307549,48.92037429906585]]},"properties":{"ROAD_NAME":null,"STATUS":"Restricted","PASSABLE_IND":"Yes","GATE_IND":"No","BERM_IND":"No","ROAD_USE":"Forest Management","FMP_ROAD_CLASS":"O","SURFACE_TYPE":"Unsurfaced","YEAR_CONSTRUCTED":2016,"YEAR_DECOMMISSIONED":null,"MAINTENANCE_LEVEL":"Not Maintained"}},{"type":"Feature","geometry":{"type":"LineString","coordinates":[[-85.65315999999996,48.94088929906592],[-85.65135939999999,48.94090749906593],[-85.65009139999995,48.94087319906589],[-85.64906409999998,48.940666799065916],[-85.6478318,48.94039959906592],[-85.64703789999999,48.94029309906591],[-85.64553179999996,48.940333799065904],[-85.64378489999996,48.94054649906593],[-85.64283559999996,48.94072969906592],[-85.64208539999998,48.9411874990659],[-85.64070299999997,48.942104299065946],[-85.63940959999996,48.94300279906594],[-85.6386465,48.94355519906596],[-85.63820279999999,48.9438292990659],[-85.63757879999997,48.944040299065946],[-85.63647909999997,48.944406699065915],[-85.6357299,48.94482549906594],[-85.63504069999999,48.94520619906593],[-85.63459069999999,48.945472999065956],[-85.63410449999998,48.945660399065915]]},"properties":{"ROAD_NAME":"Dotted Lk Rd Network","STATUS":"Open","PASSABLE_IND":"Yes","GATE_IND":"No","BERM_IND":"No","ROAD_USE":"Forest Management","FMP_ROAD_CLASS":"O","SURFACE_TYPE":"Unsurfaced","YEAR_CONSTRUCTED":2016,"YEAR_DECOMMISSIONED":null,"MAINTENANCE_LEVEL":"Not Maintained"}},{"type":"Feature","geometry":{"type":"LineString","coordinates":[[-85.63355919999998,48.93482449906591],[-85.63360069999999,48.934708299065875],[-85.63366709999997,48.93438479906589],[-85.63375829999995,48.9339782990659],[-85.6337585,48.933409099065855],[-85.6336973,48.93300369906588],[-85.63378189999997,48.932552499065885]]},"properties":{"ROAD_NAME":null,"STATUS":"Restricted","PASSABLE_IND":"Yes","GATE_IND":"No","BERM_IND":"No","ROAD_USE":"Forest Management","FMP_ROAD_CLASS":"O","SURFACE_TYPE":"Unsurfaced","YEAR_CONSTRUCTED":2016,"YEAR_DECOMMISSIONED":null,"MAINTENANCE_LEVEL":"Not Maintained"}},{"type":"Feature","geometry":{"type":"LineString","coordinates":[[-85.5830833,48.99459209906617],[-85.58355669999997,48.99458169906617],[-85.58499719999998,48.99457069906612],[-85.58608249999997,48.99479179906617],[-85.58682919999995,48.99524759906617],[-85.58745349999998,48.99576789906618],[-85.5874483,48.99629859906619],[-85.58716319999996,48.99702429906617],[-85.58703129999998,48.99762749906617],[-85.58690409999997,48.998060699066144],[-85.58729009999996,48.9986324990662],[-85.58776709999995,48.9990351990662],[-85.58853979999998,48.99913919906616],[-85.58928639999999,48.999148299066164],[-85.5898889,48.99917459906616],[-85.59094719999996,48.99933869906618],[-85.5918337,48.99948189906618],[-85.59257559999998,48.99966099906617],[-85.59340509999998,48.99978459906615],[-85.59423269999996,48.99998369906619],[-85.5948879,49.000180699066206],[-85.5953384,49.000507499066195],[-85.5958723,49.000929799066164],[-85.5963797,49.00127619906618],[-85.59688549999998,49.00167929906621],[-85.59770449999996,49.00218069906616],[-85.59839169999998,49.002264599066216],[-85.59879429999995,49.0022505990662],[-85.5991894,49.00250119906622],[-85.5997246,49.0028471990662]]},"properties":{"ROAD_NAME":null,"STATUS":"Restricted","PASSABLE_IND":"Yes","GATE_IND":"No","BERM_IND":"No","ROAD_USE":"Forest Management","FMP_ROAD_CLASS":"O","SURFACE_TYPE":"Unsurfaced","YEAR_CONSTRUCTED":2016,"YEAR_DECOMMISSIONED":null,"MAINTENANCE_LEVEL":"Not Maintained"}},{"type":"Feature","geometry":{"type":"LineString","coordinates":[[-85.58593289999999,48.99391539906618],[-85.58591139999999,48.99393059906613],[-85.5859074,48.99393349906616],[-85.58584679999996,48.993976499066164],[-85.58542989999995,48.99425589906618],[-85.5853133,48.994311199066175],[-85.58531009999996,48.99431279906618],[-85.58519289999998,48.994368399066175],[-85.5849217,48.994457299066156],[-85.58475859999999,48.99457249906613]]},"properties":{"ROAD_NAME":"Twist Road Network","STATUS":"Open","PASSABLE_IND":"Yes","GATE_IND":"No","BERM_IND":"No","ROAD_USE":"Forest Management","FMP_ROAD_CLASS":"O","SURFACE_TYPE":"Unsurfaced","YEAR_CONSTRUCTED":2016,"YEAR_DECOMMISSIONED":null,"MAINTENANCE_LEVEL":"Limited"}},{"type":"Feature","geometry":{"type":"LineString","coordinates":[[-85.63355919999998,48.93482449906591],[-85.63357049999996,48.935001599065885],[-85.63367239999997,48.935240799065895],[-85.63377229999998,48.93555149906591],[-85.6337297,48.935788999065856],[-85.63371799999999,48.93621729906587],[-85.63374499999998,48.936550799065884],[-85.63373919999998,48.9367649990659]]},"properties":{"ROAD_NAME":null,"STATUS":"Restricted","PASSABLE_IND":"Yes","GATE_IND":"No","BERM_IND":"No","ROAD_USE":"Forest Management","FMP_ROAD_CLASS":"O","SURFACE_TYPE":"Unsurfaced","YEAR_CONSTRUCTED":2016,"YEAR_DECOMMISSIONED":null,"MAINTENANCE_LEVEL":"Not Maintained"}},{"type":"Feature","geometry":{"type":"LineString","coordinates":[[-85.61683749999997,48.96548639906603],[-85.617412,48.96579179906604],[-85.6180051,48.966313499066025],[-85.6182852,48.967020299066014]]},"properties":{"ROAD_NAME":null,"STATUS":"Restricted","PASSABLE_IND":"Yes","GATE_IND":"No","BERM_IND":"No","ROAD_USE":"Forest Management","FMP_ROAD_CLASS":"O","SURFACE_TYPE":"Unsurfaced","YEAR_CONSTRUCTED":2016,"YEAR_DECOMMISSIONED":null,"MAINTENANCE_LEVEL":"Not Maintained"}},{"type":"Feature","geometry":{"type":"LineString","coordinates":[[-85.58286949999996,48.99458339906616],[-85.58340349999997,48.99501029906619],[-85.58392349999997,48.99544529906616],[-85.58426989999998,48.99581479906615],[-85.58455759999998,48.99605679906616],[-85.58484919999995,48.996358599066156],[-85.58517799999998,48.99674639906615],[-85.58544949999998,48.99715969906614],[-85.58573589999997,48.997647699066164],[-85.58580639999997,48.997758499066194],[-85.58587689999996,48.997869299066195],[-85.58630169999998,48.99826959906618],[-85.586882,48.998779799066185],[-85.5874091,48.99916639906619]]},"properties":{"ROAD_NAME":"Twist Road Network","STATUS":"Open","PASSABLE_IND":"Yes","GATE_IND":"No","BERM_IND":"No","ROAD_USE":"Forest Management","FMP_ROAD_CLASS":"O","SURFACE_TYPE":"Unsurfaced","YEAR_CONSTRUCTED":2016,"YEAR_DECOMMISSIONED":null,"MAINTENANCE_LEVEL":"Limited"}},{"type":"Feature","geometry":{"type":"LineString","coordinates":[[-85.66265979999997,48.911345099065755],[-85.66193899999996,48.912162199065776],[-85.66143349999999,48.91254989906582],[-85.66061539999998,48.91291949906581],[-85.6597061,48.91288499906579],[-85.6591669,48.91289789906578],[-85.65831369999995,48.9126767990658],[-85.65709219999997,48.912609799065805],[-85.65589119999999,48.91300019906576],[-85.65527609999998,48.9131297990658],[-85.65467989999996,48.91336759906578],[-85.65419889999998,48.91338359906581],[-85.65349349999997,48.913620099065774],[-85.65126089999995,48.91459469906578],[-85.64943089999997,48.915624299065826],[-85.6487894,48.91591909906578],[-85.64861409999997,48.9159926990658]]},"properties":{"ROAD_NAME":"Galoche Network","STATUS":"Open","PASSABLE_IND":"Yes","GATE_IND":"No","BERM_IND":"No","ROAD_USE":"Forest Management","FMP_ROAD_CLASS":"O","SURFACE_TYPE":"Unsurfaced","YEAR_CONSTRUCTED":2016,"YEAR_DECOMMISSIONED":null,"MAINTENANCE_LEVEL":"Not Maintained"}},{"type":"Feature","geometry":{"type":"LineString","coordinates":[[-85.6182852,48.967020299066014],[-85.61831609999996,48.96750319906602],[-85.61838839999996,48.96836409906605],[-85.61828369999995,48.96884949906605],[-85.61777919999997,48.969230199066054],[-85.61732239999998,48.96992499906607],[-85.61676079999995,48.97030569906606],[-85.61594229999997,48.970638799066045],[-85.61512259999995,48.970739299066075],[-85.6146574,48.971952299066025],[-85.61456219999997,48.97286599906603],[-85.61442889999995,48.97326579906608],[-85.6137817,48.97360839906609],[-85.61330709999999,48.974133099066066],[-85.6124873,48.974017699066096],[-85.61193529999997,48.973789299066055],[-85.61136419999997,48.97335139906605],[-85.61085019999996,48.97293259906606],[-85.60978419999998,48.97226639906606],[-85.60879839999996,48.972041499066066],[-85.60709069999996,48.972285399066074],[-85.60558249999997,48.97229409906604],[-85.60459699999996,48.972304499066055],[-85.60412959999996,48.97222699906607]]},"properties":{"ROAD_NAME":null,"STATUS":"Restricted","PASSABLE_IND":"Yes","GATE_IND":"No","BERM_IND":"No","ROAD_USE":"Forest Management","FMP_ROAD_CLASS":"O","SURFACE_TYPE":"Unsurfaced","YEAR_CONSTRUCTED":2016,"YEAR_DECOMMISSIONED":null,"MAINTENANCE_LEVEL":"Not Maintained"}},{"type":"Feature","geometry":{"type":"LineString","coordinates":[[-85.64939479999998,48.94073329906592],[-85.6497008,48.94022939906591],[-85.64978259999998,48.939873399065895],[-85.64985999999999,48.93968389906592],[-85.650374,48.9393803990659],[-85.6508126,48.939195199065914],[-85.6513989,48.938892599065916],[-85.65165879999995,48.938633799065926],[-85.6521386,48.938258599065925]]},"properties":{"ROAD_NAME":null,"STATUS":"Open","PASSABLE_IND":"Yes","GATE_IND":"No","BERM_IND":"No","ROAD_USE":"Forest Management","FMP_ROAD_CLASS":"O","SURFACE_TYPE":"Unsurfaced","YEAR_CONSTRUCTED":2016,"YEAR_DECOMMISSIONED":null,"MAINTENANCE_LEVEL":"Not Maintained"}},{"type":"Feature","geometry":{"type":"LineString","coordinates":[[-85.63820279999999,48.9438292990659],[-85.63891369999999,48.94387769906593],[-85.6393746,48.94394019906594],[-85.6397326,48.94406339906592],[-85.6402344,48.94421219906594],[-85.64084659999997,48.94429079906594],[-85.64153099999999,48.94437029906591],[-85.6419631,48.944422999065935],[-85.64242889999997,48.94457129906592],[-85.64275399999997,48.94457509906592],[-85.64333909999999,48.94432009906593],[-85.643959,48.9441131990659],[-85.64446659999999,48.94404779906591],[-85.64497489999997,48.94395849906591],[-85.64555289999998,48.9439652990659],[-85.64591729999995,48.943850599065925],[-85.64642559999999,48.943761399065934],[-85.64686559999996,48.94352849906593],[-85.64726999999999,48.943271399065914],[-85.64774599999998,48.94303899906591],[-85.64843939999997,48.94278529906593],[-85.64891539999996,48.94255279906594],[-85.64917659999998,48.9422464990659],[-85.64947459999996,48.94191669906593]]},"properties":{"ROAD_NAME":null,"STATUS":"Open","PASSABLE_IND":"Yes","GATE_IND":"No","BERM_IND":"No","ROAD_USE":"Forest Management","FMP_ROAD_CLASS":"O","SURFACE_TYPE":"Unsurfaced","YEAR_CONSTRUCTED":2016,"YEAR_DECOMMISSIONED":null,"MAINTENANCE_LEVEL":"Not Maintained"}},{"type":"Feature","geometry":{"type":"LineString","coordinates":[[-85.62406999999996,48.93953699906592],[-85.62235169999997,48.93909899906589],[-85.62076609999997,48.939185599065915],[-85.61886089999996,48.93968799906594],[-85.61752419999999,48.9404320990659],[-85.61659199999997,48.94151959906594],[-85.61538479999996,48.9425204990659],[-85.61419769999998,48.943344099065946],[-85.6132854,48.943861599065954],[-85.6128387,48.944548899065936],[-85.61206219999997,48.94573939906596],[-85.6110167,48.94687049906595],[-85.61042449999997,48.947569499065956],[-85.60994669999997,48.948545499065936],[-85.6090711,48.949578499065964],[-85.60850589999995,48.950072099065935],[-85.6082045,48.950383299065926],[-85.60798239999997,48.95057179906596]]},"properties":{"ROAD_NAME":"Twist East Road","STATUS":"Restricted","PASSABLE_IND":"Yes","GATE_IND":"No","BERM_IND":"No","ROAD_USE":"Forest Management","FMP_ROAD_CLASS":"B","SURFACE_TYPE":"Unsurfaced","YEAR_CONSTRUCTED":1996,"YEAR_DECOMMISSIONED":null,"MAINTENANCE_LEVEL":"Limited"}},{"type":"Feature","geometry":{"type":"LineString","coordinates":[[-85.61227169999995,49.10301209906664],[-85.61659559999998,49.100743099066676],[-85.61781709999997,49.09967819906665],[-85.6197487,49.098693799066666],[-85.62193409999998,49.09694769906666],[-85.62356769999997,49.095338999066634],[-85.62325019999997,49.09245649906662],[-85.62102289999996,49.08830089906662],[-85.62049509999997,49.08658539906662],[-85.6213017,49.0851556990666],[-85.62158169999998,49.083944599066555],[-85.61976809999999,49.08217779906655],[-85.61985329999999,49.08058639906655],[-85.6187941,49.07729939906653],[-85.61511379999996,49.07422369906651],[-85.61264589999996,49.07188209906655],[-85.6119984,49.069562399066484],[-85.60924569999997,49.06566099906651],[-85.60470399999997,49.05917419906647],[-85.60407329999998,49.05627889906643],[-85.60494769999997,49.053401799066435],[-85.60363419999999,49.05093899906644],[-85.60271449999999,49.04916989906642],[-85.60110209999999,49.046068499066436],[-85.59790599999997,49.04194569906642],[-85.59731199999999,49.041659599066364],[-85.59626449999996,49.041439899066354],[-85.59101809999999,49.042599499066355],[-85.58912299999997,49.0423513990664],[-85.5882957,49.04208939906636],[-85.586817,49.03970539906635],[-85.58579199999997,49.03869429906638],[-85.57985179999997,49.03586859906635],[-85.57927539999997,49.035447699066346],[-85.57832929999995,49.033600899066336],[-85.57806269999998,49.03239209906634],[-85.57880799999998,49.03072809906634],[-85.5780633,49.029972199066336],[-85.57706969999998,49.02931229906631],[-85.57058719999998,49.02589469906631],[-85.5689041,49.0249561990663],[-85.5673587,49.023992499066296],[-85.56679969999999,49.0234547990663],[-85.56596989999997,49.02186109906629],[-85.56557709999998,49.01839289906629],[-85.5659599,49.01738989906625],[-85.5664792,49.01602909906625],[-85.5669287,49.01419059906624],[-85.56743609999995,49.013189299066255],[-85.56881799999996,49.011410599066245],[-85.57017669999999,49.00966089906623],[-85.57020459999995,49.005819999066226],[-85.57729209999997,48.99702859906617],[-85.57748129999999,48.992784799066165],[-85.57829929999997,48.991904299066164],[-85.57956939999997,48.990984299066156],[-85.58143039999999,48.99044049906615],[-85.58229269999998,48.989920299066114],[-85.58642939999999,48.986723499066144],[-85.58776289999997,48.9854893990661],[-85.59160829999996,48.98192899906613],[-85.5922635,48.98050659906608],[-85.59386229999996,48.97954549906609],[-85.5964199,48.97850609906607],[-85.60105299999998,48.97459509906608],[-85.60395269999998,48.972363299066075],[-85.6046422,48.971831799066045],[-85.60942689999996,48.96607819906604],[-85.6094349,48.966069299066035],[-85.61365209999997,48.96229669906601],[-85.61475709999996,48.960908799066026],[-85.616582,48.95861649906598],[-85.61763339999999,48.957648499065975],[-85.62033929999996,48.955629899065976],[-85.62122339999996,48.954776799066],[-85.62161169999996,48.954569199065986],[-85.6243844,48.95308729906599],[-85.6268202,48.951433999065934],[-85.62844769999998,48.949366299065936],[-85.63016729999998,48.945770299065956],[-85.63147559999999,48.94303309906594],[-85.63216079999995,48.94257229906589],[-85.63359029999998,48.94160979906593],[-85.63441799999998,48.941304699065945],[-85.63691359999996,48.9399307990659],[-85.642969,48.93569319906587],[-85.65027949999995,48.93347689906588],[-85.65072839999999,48.933340699065894],[-85.65096789999996,48.933267999065855],[-85.6533814,48.9318658990659],[-85.65341109999997,48.93184259906589],[-85.65371599999997,48.93160039906588],[-85.65566949999999,48.93004839906587],[-85.65608959999997,48.92975299906585],[-85.65669309999998,48.92910889906585],[-85.65739099999996,48.92857169906585],[-85.65856209999998,48.927932599065855],[-85.65943229999999,48.92747329906586],[-85.65971299999995,48.92731759906586],[-85.6602158,48.926990899065856],[-85.6604868,48.926575099065865],[-85.66076239999995,48.92605449906584],[-85.66114519999996,48.92557979906586],[-85.6619642,48.92504999906581],[-85.66223299999996,48.92486019906582]]},"properties":{"ROAD_NAME":"Twist Road","STATUS":"Open","PASSABLE_IND":"Yes","GATE_IND":"No","BERM_IND":"No","ROAD_USE":"Forest Management","FMP_ROAD_CLASS":"P","SURFACE_TYPE":"Gravel","YEAR_CONSTRUCTED":1982,"YEAR_DECOMMISSIONED":null,"MAINTENANCE_LEVEL":"Limited"}},{"type":"Feature","geometry":{"type":"LineString","coordinates":[[-85.68229819999999,48.912281099065794],[-85.68199719999996,48.912740799065766],[-85.68189339999998,48.91293349906577],[-85.68053779999997,48.91455529906578],[-85.67906669999996,48.916123999065796],[-85.67797359999997,48.91749459906578],[-85.67678379999995,48.91883709906582],[-85.67584679999999,48.9196854990658],[-85.6744713,48.92017729906583],[-85.67290199999997,48.92051629906583],[-85.67161439999995,48.9208584990658],[-85.67046649999997,48.92146439906584],[-85.66893899999997,48.92205289906584],[-85.666584,48.92295349906581],[-85.66446789999998,48.92366779906584],[-85.66281989999999,48.92444599906586],[-85.66223299999996,48.92486019906582]]},"properties":{"ROAD_NAME":"Twist Road","STATUS":"Open","PASSABLE_IND":"Yes","GATE_IND":"No","BERM_IND":"No","ROAD_USE":"Forest Management","FMP_ROAD_CLASS":"P","SURFACE_TYPE":"Gravel","YEAR_CONSTRUCTED":1982,"YEAR_DECOMMISSIONED":null,"MAINTENANCE_LEVEL":"Limited"}},{"type":"Feature","geometry":{"type":"LineString","coordinates":[[-85.64819419999998,48.92587689906587],[-85.64819189999997,48.926162999065845],[-85.64809939999998,48.92665169906586],[-85.6479003,48.927080399065844],[-85.64770949999996,48.92742629906586],[-85.64774369999998,48.92786529906584],[-85.64824009999995,48.92836429906584],[-85.65001039999999,48.929038599065855],[-85.65223709999998,48.93006479906585],[-85.65250279999998,48.93024619906584],[-85.6527916,48.93068529906591],[-85.65356979999996,48.93136779906588],[-85.65371599999997,48.93160039906588]]},"properties":{"ROAD_NAME":null,"STATUS":"Restricted","PASSABLE_IND":"Yes","GATE_IND":"No","BERM_IND":"No","ROAD_USE":"Forest Management","FMP_ROAD_CLASS":"O","SURFACE_TYPE":"Unsurfaced","YEAR_CONSTRUCTED":2016,"YEAR_DECOMMISSIONED":null,"MAINTENANCE_LEVEL":"Not Maintained"}},{"type":"Feature","geometry":{"type":"LineString","coordinates":[[-85.63410449999998,48.945660399065915],[-85.63360499999999,48.94589019906593],[-85.6328656,48.94603999906595],[-85.63199629999997,48.945870199065915],[-85.6312969,48.94578029906594],[-85.6307185,48.945810599065936],[-85.63016729999998,48.945770299065956]]},"properties":{"ROAD_NAME":null,"STATUS":"Restricted","PASSABLE_IND":"Yes","GATE_IND":"No","BERM_IND":"No","ROAD_USE":"Forest Management","FMP_ROAD_CLASS":"O","SURFACE_TYPE":"Unsurfaced","YEAR_CONSTRUCTED":2016,"YEAR_DECOMMISSIONED":null,"MAINTENANCE_LEVEL":"Not Maintained"}},{"type":"Feature","geometry":{"type":"LineString","coordinates":[[-85.52930229999998,48.97886289906609],[-85.52965449999999,48.979133099066075],[-85.53002599999996,48.97948339906611],[-85.53029499999997,48.97978099906607],[-85.53065499999997,48.98023119906612],[-85.53098369999998,48.980709499066116],[-85.53144089999995,48.981540799066074],[-85.53170979999999,48.98184129906612],[-85.53215849999998,48.98237539906611],[-85.53245049999998,48.98277609906611],[-85.53272779999998,48.98308529906611],[-85.53315529999998,48.9836019990661],[-85.53347629999996,48.98390029906611],[-85.5339985,48.984295299066126],[-85.5343416,48.98458249906613],[-85.5349779,48.98508179906615],[-85.53541839999997,48.98545299906609],[-85.53565729999997,48.985741699066104],[-85.53599029999998,48.986225799066084],[-85.53613689999997,48.9865531990661],[-85.53619729999997,48.98686249906612],[-85.53627539999997,48.987157699066124],[-85.5364017,48.98744199906616],[-85.53677539999995,48.988017999066116],[-85.53698029999998,48.98843189906613],[-85.5372908,48.98894139906616],[-85.53757509999997,48.98931349906615],[-85.53788299999997,48.98979109906616],[-85.5384014,48.99044359906617],[-85.5388931,48.99099249906612],[-85.5390132,48.99119109906617],[-85.53907879999997,48.99146899906612],[-85.53916829999997,48.99226989906612],[-85.53922819999997,48.99259339906615],[-85.5394561,48.99296469906614],[-85.54003439999997,48.99367179906615],[-85.54044049999999,48.99418249906617],[-85.54110199999997,48.99501639906614],[-85.5414409,48.995449099066164],[-85.5417195,48.995869599066204],[-85.54213289999996,48.99642889906615],[-85.5425434,48.996788299066196],[-85.5431767,48.997253299066166],[-85.54385059999998,48.997661699066185],[-85.5444541,48.99795489906617],[-85.54556919999999,48.99842029906617],[-85.54664019999996,48.99890789906617],[-85.54767659999999,48.99939219906621],[-85.54856289999998,48.99981759906619],[-85.54985249999999,49.00040499906616],[-85.55047389999999,49.00068129906617],[-85.55115479999995,49.00100119906618],[-85.55155499999995,49.00127469906618],[-85.55199219999997,49.00161719906617],[-85.55312399999997,49.00252779906617],[-85.5562377,49.00561979906623],[-85.55850859999998,49.0066207990662],[-85.56151,49.00792809906621],[-85.56414209999997,49.009230799066216],[-85.56653259999996,49.01036819906623],[-85.56828179999997,49.010957299066234],[-85.56876679999999,49.011476499066234]]},"properties":{"ROAD_NAME":"Garnham Road","STATUS":"Restricted","PASSABLE_IND":"Yes","GATE_IND":"No","BERM_IND":"No","ROAD_USE":"Forest Management","FMP_ROAD_CLASS":null,"SURFACE_TYPE":"Unsurfaced","YEAR_CONSTRUCTED":2008,"YEAR_DECOMMISSIONED":null,"MAINTENANCE_LEVEL":"Not Maintained"}},{"type":"Feature","geometry":{"type":"LineString","coordinates":[[-85.6307549,48.92037429906585],[-85.63029839999996,48.92001939906579],[-85.6296395,48.91967829906584],[-85.62903649999998,48.91927839906578],[-85.6285914,48.91904699906583],[-85.62839699999995,48.91888999906583],[-85.62827849999996,48.91860289906578],[-85.62832959999997,48.91796909906583]]},"properties":{"ROAD_NAME":"Ops Twist","STATUS":"Open","PASSABLE_IND":"Yes","GATE_IND":"No","BERM_IND":"No","ROAD_USE":null,"FMP_ROAD_CLASS":"O","SURFACE_TYPE":"Unsurfaced","YEAR_CONSTRUCTED":2018,"YEAR_DECOMMISSIONED":null,"MAINTENANCE_LEVEL":"Not Maintained"}},{"type":"Feature","geometry":{"type":"LineString","coordinates":[[-85.47697469999997,48.8895645990657],[-85.47606479999996,48.8898143990657],[-85.47498379999996,48.88975249906571],[-85.47437329999997,48.889649199065666],[-85.47386449999999,48.889761499065685],[-85.4737786,48.8902125990657],[-85.47344299999997,48.89056519906569],[-85.47241309999998,48.89119419906567],[-85.47184719999996,48.89199599906568],[-85.4711954,48.89324889906568]]},"properties":{"ROAD_NAME":null,"STATUS":"Restricted","PASSABLE_IND":"Yes","GATE_IND":"No","BERM_IND":"No","ROAD_USE":"Forest Management","FMP_ROAD_CLASS":null,"SURFACE_TYPE":"Unsurfaced","YEAR_CONSTRUCTED":2015,"YEAR_DECOMMISSIONED":null,"MAINTENANCE_LEVEL":"Not Maintained"}},{"type":"Feature","geometry":{"type":"LineString","coordinates":[[-85.46046289999998,48.923344199065845],[-85.4606604,48.92338669906586],[-85.4611246,48.92344289906581],[-85.46151449999996,48.92344809906584],[-85.46182219999997,48.92330939906587],[-85.46198129999999,48.923068699065844],[-85.46220669999997,48.92278609906581]]},"properties":{"ROAD_NAME":null,"STATUS":"Restricted","PASSABLE_IND":"Yes","GATE_IND":"No","BERM_IND":"No","ROAD_USE":"Forest Management","FMP_ROAD_CLASS":"O","SURFACE_TYPE":"Unsurfaced","YEAR_CONSTRUCTED":2015,"YEAR_DECOMMISSIONED":null,"MAINTENANCE_LEVEL":"Not Maintained"}},{"type":"Feature","geometry":{"type":"LineString","coordinates":[[-85.46046289999998,48.923344199065845],[-85.4608465,48.92427279906586],[-85.46138779999995,48.92487509906583],[-85.46186979999999,48.92506009906582],[-85.46260339999998,48.92528409906581],[-85.46324349999998,48.92561389906585],[-85.46397779999995,48.92581409906585],[-85.4641886,48.92600739906582],[-85.46462229999997,48.92600119906586],[-85.4649885,48.92583949906582],[-85.46552299999996,48.92548959906587],[-85.46673929999997,48.92469649906586]]},"properties":{"ROAD_NAME":null,"STATUS":"Restricted","PASSABLE_IND":"Yes","GATE_IND":"No","BERM_IND":"No","ROAD_USE":"Forest Management","FMP_ROAD_CLASS":"O","SURFACE_TYPE":"Unsurfaced","YEAR_CONSTRUCTED":2015,"YEAR_DECOMMISSIONED":null,"MAINTENANCE_LEVEL":"Not Maintained"}},{"type":"Feature","geometry":{"type":"LineString","coordinates":[[-85.49755039999997,48.887383999065634],[-85.49607249999997,48.88705419906566],[-85.494889,48.886800699065695],[-85.49363839999995,48.88637969906566],[-85.49306899999999,48.88611049906567],[-85.49264889999995,48.88567649906569],[-85.49146759999996,48.88535159906568],[-85.49078499999996,48.885247499065684],[-85.49026979999996,48.885573999065656],[-85.48964359999997,48.88599419906567],[-85.48894739999997,48.88634209906568],[-85.4875859,48.88720499906565],[-85.48637659999997,48.88780799906565],[-85.4849911,48.88826579906565],[-85.4829866,48.88890589906565],[-85.4820297,48.88951219906566],[-85.48096319999996,48.89016459906572],[-85.48016429999996,48.89032069906568],[-85.4791945,48.8901650990657],[-85.4780485,48.88986439906568],[-85.47697469999997,48.8895645990657]]},"properties":{"ROAD_NAME":null,"STATUS":"Restricted","PASSABLE_IND":"Yes","GATE_IND":"No","BERM_IND":"No","ROAD_USE":"Forest Management","FMP_ROAD_CLASS":null,"SURFACE_TYPE":"Unsurfaced","YEAR_CONSTRUCTED":2015,"YEAR_DECOMMISSIONED":null,"MAINTENANCE_LEVEL":"Not Maintained"}},{"type":"Feature","geometry":{"type":"LineString","coordinates":[[-85.46186549999999,48.926242199065875],[-85.46210549999995,48.92593019906587],[-85.46234249999998,48.925717199065836],[-85.46265449999999,48.925600199065826],[-85.46289229999996,48.925432899065854]]},"properties":{"ROAD_NAME":null,"STATUS":"Open","PASSABLE_IND":"Yes","GATE_IND":"No","BERM_IND":"No","ROAD_USE":null,"FMP_ROAD_CLASS":"O","SURFACE_TYPE":"Unsurfaced","YEAR_CONSTRUCTED":2018,"YEAR_DECOMMISSIONED":null,"MAINTENANCE_LEVEL":"Not Maintained"}},{"type":"Feature","geometry":{"type":"LineString","coordinates":[[-85.52930229999998,48.97886289906609],[-85.52913649999999,48.978746599066085],[-85.52884389999997,48.97866289906608],[-85.52839449999999,48.978597199066094],[-85.52726039999999,48.97850559906607],[-85.52671729999997,48.97853009906607],[-85.5261539,48.978651399066116],[-85.52552399999996,48.97882329906611],[-85.52503279999996,48.9788540990661],[-85.5246032,48.97885439906611],[-85.52417749999995,48.97886889906607],[-85.52385249999998,48.978853299066095],[-85.52351189999996,48.97878039906608],[-85.52271809999996,48.978475999066056],[-85.5223019,48.97831929906607],[-85.52198779999998,48.978229599066076],[-85.52172429999996,48.97818629906607],[-85.5213511,48.9781899990661],[-85.52068099999997,48.9782528990661],[-85.51960989999998,48.97837619906606],[-85.519319,48.9783810990661],[-85.51861839999998,48.97844919906606],[-85.5181187,48.978471299066086],[-85.51649979999996,48.97863049906607],[-85.51571369999999,48.97880309906612],[-85.5140379,48.978981499066094],[-85.51308309999996,48.979129099066085],[-85.51230199999998,48.97927619906608],[-85.51184259999997,48.97940159906608],[-85.51137649999998,48.97960979906612],[-85.51083999999997,48.97984569906606],[-85.50973319999997,48.980291299066096],[-85.5086005,48.98073359906608],[-85.50743289999997,48.981178399066096],[-85.50536889999995,48.98199709906607],[-85.50481429999996,48.982426199066104],[-85.50375989999998,48.98341579906612],[-85.50248099999999,48.9845302990661],[-85.50163959999998,48.98538189906615],[-85.50116929999996,48.98569499906612],[-85.50086959999999,48.98587749906611],[-85.50035059999999,48.98610779906611],[-85.4987701,48.98656709906611],[-85.49785199999997,48.98693499906612],[-85.49756389999999,48.98713689906611],[-85.49648059999998,48.98837669906612],[-85.49515499999995,48.98959329906614],[-85.49470479999997,48.989987299066115]]},"properties":{"ROAD_NAME":"Garnham Road","STATUS":"Restricted","PASSABLE_IND":"Yes","GATE_IND":"No","BERM_IND":"No","ROAD_USE":"Forest Management","FMP_ROAD_CLASS":"O","SURFACE_TYPE":"Gravel","YEAR_CONSTRUCTED":2016,"YEAR_DECOMMISSIONED":null,"MAINTENANCE_LEVEL":"Not Maintained"}},{"type":"Feature","geometry":{"type":"LineString","coordinates":[[-85.49645029999999,48.987951799066124],[-85.49577829999998,48.98833899906611],[-85.49535759999998,48.98854939906612],[-85.49515879999996,48.988762599066135],[-85.49490299999997,48.98900219906613],[-85.49465509999999,48.98923289906616],[-85.49447509999999,48.98948249906612],[-85.49438709999998,48.98983079906616]]},"properties":{"ROAD_NAME":"GARNHAM RD","STATUS":"Restricted","PASSABLE_IND":"Yes","GATE_IND":"No","BERM_IND":"No","ROAD_USE":null,"FMP_ROAD_CLASS":"O","SURFACE_TYPE":"Unsurfaced","YEAR_CONSTRUCTED":2018,"YEAR_DECOMMISSIONED":null,"MAINTENANCE_LEVEL":"Not Maintained"}},{"type":"Feature","geometry":{"type":"LineString","coordinates":[[-85.45463109999997,48.92452609906584],[-85.4548873,48.924415299065835],[-85.45513009999996,48.924275699065824],[-85.45527299999998,48.92409199906584],[-85.4554875,48.92369499906582],[-85.4559463,48.922872799065864],[-85.45612599999998,48.92249059906582],[-85.45646089999997,48.922173799065796],[-85.45673649999998,48.922020299065856],[-85.45718389999996,48.921919199065854],[-85.45760389999998,48.9220033990658],[-85.45795649999997,48.92216519906581],[-85.45813579999998,48.92232469906585],[-85.45826739999995,48.922625099065804],[-85.45841389999998,48.922792599065836],[-85.45876719999995,48.92293299906579],[-85.45966999999996,48.92317349906582],[-85.46046289999998,48.923344199065845]]},"properties":{"ROAD_NAME":null,"STATUS":"Restricted","PASSABLE_IND":"Yes","GATE_IND":"No","BERM_IND":"No","ROAD_USE":"Forest Management","FMP_ROAD_CLASS":"O","SURFACE_TYPE":"Unsurfaced","YEAR_CONSTRUCTED":2015,"YEAR_DECOMMISSIONED":null,"MAINTENANCE_LEVEL":"Not Maintained"}},{"type":"Feature","geometry":{"type":"LineString","coordinates":[[-85.5000791,48.87486239906565],[-85.5006237,48.87562069906561],[-85.50094209999997,48.876400599065605],[-85.50110389999998,48.87665229906564],[-85.50125079999998,48.87695649906561],[-85.50162439999997,48.8776387990656],[-85.50163069999996,48.87786169906564],[-85.50149829999998,48.87837979906561],[-85.50132449999995,48.878834499065654],[-85.50108769999997,48.879222799065644],[-85.50086749999997,48.87963409906565],[-85.5008312,48.879836399065645],[-85.50086319999997,48.88006819906566],[-85.50102959999998,48.880441699065614],[-85.50110029999996,48.88082819906562],[-85.50124359999995,48.88139559906564],[-85.5012185,48.88190489906562],[-85.50092669999998,48.88243399906566],[-85.50052829999998,48.882868699065654],[-85.50017749999995,48.88330119906563],[-85.49955029999995,48.884001399065674],[-85.4991655,48.88455619906565],[-85.49900059999999,48.88485679906565],[-85.4987203,48.88525019906567],[-85.49806429999995,48.88632989906567],[-85.49756299999996,48.88730309906563],[-85.49774279999997,48.88812809906567],[-85.49777,48.888779599065664],[-85.49770369999999,48.88925859906567],[-85.49782849999997,48.890151399065694],[-85.49762759999999,48.89064009906569],[-85.49752519999998,48.8913099990657],[-85.49744899999996,48.89255429906569],[-85.49743669999998,48.89331619906568],[-85.4975063,48.89367759906572],[-85.49772669999999,48.89412609906572],[-85.49790389999998,48.89457399906571],[-85.4979543,48.89520579906572],[-85.49850729999997,48.895832899065695],[-85.49871199999995,48.89608689906568],[-85.49903659999995,48.89667379906572],[-85.49926269999997,48.89737079906573],[-85.49918349999996,48.89770109906569],[-85.4991379,48.89864599906574],[-85.499055,48.89967599906571],[-85.49876509999996,48.9001006990657],[-85.498512,48.900302999065715],[-85.4980387,48.90048539906576],[-85.49727859999996,48.90069259906573],[-85.49538629999995,48.90095069906572],[-85.49453869999996,48.90104239906571],[-85.49394659999996,48.90113749906572],[-85.4929914,48.90120499906572],[-85.49262479999999,48.90129449906572],[-85.49231309999999,48.90143039906576],[-85.49188529999998,48.90168179906573],[-85.49137129999997,48.90191789906572],[-85.4903382,48.90226999906575],[-85.489259,48.90256999906574],[-85.48815359999998,48.90287539906575],[-85.48741239999998,48.90303139906575],[-85.48648369999995,48.90336769906576],[-85.48585109999999,48.903510799065764],[-85.48517269999996,48.903596099065744],[-85.48455249999995,48.90375929906576],[-85.48409299999997,48.90376469906573],[-85.4819612,48.903482499065724],[-85.4815481,48.90353409906573],[-85.4810597,48.90377909906573],[-85.48078529999998,48.90396969906572],[-85.4805093,48.90421169906575],[-85.48026579999998,48.904382699065756],[-85.4791363,48.90491049906576],[-85.47862729999997,48.90512089906578],[-85.47815539999999,48.90539459906575],[-85.4773075,48.905777499065735],[-85.47686679999998,48.90602019906573],[-85.47656609999996,48.906079099065735],[-85.4759608,48.90603389906574],[-85.475551,48.906117099065746],[-85.47506299999998,48.90635049906577],[-85.47456619999997,48.90658389906578],[-85.47400879999998,48.906676499065746],[-85.4735,48.906738299065765],[-85.47302559999997,48.90694909906576],[-85.472578,48.907134599065735],[-85.47232549999995,48.907171199065786],[-85.47121679999998,48.90715359906576],[-85.47038529999998,48.907139799065774],[-85.4694346,48.90719859906576],[-85.46859969999997,48.907295999065774],[-85.46809829999995,48.90739499906574],[-85.46756959999999,48.90753939906576],[-85.46702009999996,48.90765489906575],[-85.4666272,48.907609699065766],[-85.46609669999998,48.90752839906578],[-85.46536939999999,48.90750729906575],[-85.46464179999998,48.90735479906573],[-85.46403749999996,48.90713819906576],[-85.4635404,48.90709729906576],[-85.4630325,48.90713049906579],[-85.461971,48.90712489906578],[-85.46083319999997,48.90706689906575],[-85.46025179999998,48.90695349906578],[-85.4594702,48.906865899065735],[-85.45917049999997,48.90689049906576],[-85.45895519999999,48.90698759906577],[-85.45874219999996,48.90715039906578],[-85.45837079999995,48.90767379906574],[-85.45789879999995,48.90850729906573],[-85.45661379999996,48.909286999065756],[-85.45577659999998,48.9098784990658],[-85.45536629999998,48.91025859906576],[-85.45453649999996,48.91103009906576],[-85.45354019999996,48.9117193990658],[-85.4528962,48.91222489906576],[-85.4526396,48.912395599065796],[-85.45183939999998,48.912627699065794],[-85.45131399999997,48.912803399065794],[-85.4510636,48.9130513990658],[-85.45104609999999,48.9133914990658],[-85.45124959999998,48.9137622990658],[-85.4516026,48.914121199065775],[-85.45173519999997,48.91431719906579],[-85.4517573,48.9145831990658],[-85.45157469999998,48.9148834990658],[-85.45117859999999,48.91507809906579],[-85.45045429999999,48.915376799065825],[-85.45017509999997,48.91557589906579],[-85.45003009999999,48.915922399065785],[-85.44994279999997,48.91650109906579],[-85.44977129999995,48.917001499065805],[-85.44958479999997,48.91742739906579],[-85.4493855,48.9178445990658],[-85.44915959999997,48.91842139906578],[-85.44891959999995,48.918615199065826],[-85.4484534,48.9186946990658],[-85.4473673,48.918777099065785],[-85.44652559999997,48.918805799065815],[-85.44600809999997,48.91886169906582],[-85.44556389999997,48.9190698990658],[-85.44500639999995,48.919579399065825],[-85.44452209999997,48.91996129906582],[-85.44361799999996,48.920603199065816],[-85.44299259999997,48.92120029906581],[-85.44258639999998,48.92144039906579],[-85.44179789999998,48.92170969906581],[-85.44066069999997,48.921899999065865],[-85.43980159999995,48.92206829906584],[-85.4388576,48.92235789906581]]},"properties":{"ROAD_NAME":"Road 405","STATUS":"Restricted","PASSABLE_IND":"Yes","GATE_IND":"No","BERM_IND":"No","ROAD_USE":"Forest Management","FMP_ROAD_CLASS":"B","SURFACE_TYPE":"Gravel","YEAR_CONSTRUCTED":2013,"YEAR_DECOMMISSIONED":null,"MAINTENANCE_LEVEL":"Not Maintained"}},{"type":"Feature","geometry":{"type":"LineString","coordinates":[[-85.47697469999997,48.8895645990657],[-85.47677269999997,48.88908579906569],[-85.47671359999998,48.88865659906569],[-85.4772721,48.88809269906567],[-85.47775629999995,48.88759929906567],[-85.4779916,48.886983499065686],[-85.4780811,48.88641339906569],[-85.47784079999997,48.88600559906568],[-85.47705579999996,48.88570959906567],[-85.47598569999997,48.885290799065636],[-85.47485509999996,48.88449039906564],[-85.47383049999996,48.88376279906563],[-85.47196399999996,48.88342859906563],[-85.46898749999997,48.883984199065694]]},"properties":{"ROAD_NAME":null,"STATUS":"Restricted","PASSABLE_IND":"Yes","GATE_IND":"No","BERM_IND":"No","ROAD_USE":"Forest Management","FMP_ROAD_CLASS":null,"SURFACE_TYPE":"Unsurfaced","YEAR_CONSTRUCTED":2015,"YEAR_DECOMMISSIONED":null,"MAINTENANCE_LEVEL":"Not Maintained"}},{"type":"Feature","geometry":{"type":"LineString","coordinates":[[-85.62832959999997,48.91796909906583],[-85.62833319999999,48.9179251990658],[-85.6283813,48.91748539906581],[-85.62830539999999,48.916960899065835],[-85.62821529999997,48.91637799906578],[-85.62787029999998,48.91636539906579]]},"properties":{"ROAD_NAME":"Ops 425","STATUS":"Open","PASSABLE_IND":"Yes","GATE_IND":"No","BERM_IND":"No","ROAD_USE":"Forest Management","FMP_ROAD_CLASS":"O","SURFACE_TYPE":"Gravel","YEAR_CONSTRUCTED":2017,"YEAR_DECOMMISSIONED":null,"MAINTENANCE_LEVEL":"Routine"}},{"type":"Feature","geometry":{"type":"LineString","coordinates":[[-85.54457459999998,48.997991999066166],[-85.5447054,48.99760449906618],[-85.5448045,48.99729459906619],[-85.54494949999997,48.99695559906618],[-85.54503779999999,48.996630799066196],[-85.54512599999998,48.99630589906618],[-85.54522399999996,48.99603299906616],[-85.54524049999998,48.995855399066166],[-85.54516639999997,48.99569149906617],[-85.54500109999998,48.995570899066166],[-85.54485949999997,48.995406099066166],[-85.5448424,48.995220699066145],[-85.5450376,48.99508979906615],[-85.54539039999997,48.99496089906616],[-85.5457414,48.994891299066154],[-85.54607119999997,48.99477689906619],[-85.5463469,48.99458769906616],[-85.54641939999999,48.99441829906614],[-85.54645789999995,48.99425579906617],[-85.54648499999996,48.99410049906615],[-85.5465256,48.99386399906615],[-85.5465117,48.993567499066174],[-85.54652339999996,48.99316759906618],[-85.5464417,48.992877599066176],[-85.54631699999999,48.992520399066166],[-85.54622739999996,48.99220029906616]]},"properties":{"ROAD_NAME":"GARNHAM NETWORK","STATUS":"Open","PASSABLE_IND":"Yes","GATE_IND":"No","BERM_IND":"No","ROAD_USE":null,"FMP_ROAD_CLASS":"O","SURFACE_TYPE":"Unsurfaced","YEAR_CONSTRUCTED":2024,"YEAR_DECOMMISSIONED":null,"MAINTENANCE_LEVEL":"Not Maintained"}}]}