{"type":"FeatureCollection","name":"Bathymetry Index","features":[{"type":"Feature","id":2047,"geometry":{"type":"Polygon","coordinates":[[[-83.96753596571966,46.71511745125233],[-83.96760436574381,46.715136451251304],[-83.96777506580044,46.71515495124427],[-83.96781446581488,46.7151699512443],[-83.96787256583848,46.715211451247264],[-83.967909965851,46.71521645124591],[-83.96793316585706,46.715205651242854],[-83.96800196587101,46.71514065122883],[-83.96805726588518,46.715112651221325],[-83.96814896591044,46.71508065121109],[-83.96824606594144,46.7150809512055],[-83.96830716595717,46.7150502511972],[-83.96834256596762,46.715043351194055],[-83.968368165977,46.71505365119422],[-83.96836836598193,46.71509295120022],[-83.96838846599091,46.71511415120231],[-83.96844936601313,46.71513715120232],[-83.96851296603356,46.71513815119875],[-83.96855126604412,46.715125051194526],[-83.96861326605801,46.71507725118357],[-83.96866926607247,46.71504975117608],[-83.96869236607645,46.71502215117048],[-83.96872576606742,46.71486185114384],[-83.96875426606654,46.71478095112972],[-83.96874736605628,46.714715351120056],[-83.96872126604207,46.71466695111407],[-83.96866306601612,46.7146068511082],[-83.96856976598303,46.71457955110943],[-83.96850936595482,46.71450635110167],[-83.9683616658958,46.7144092510953],[-83.96826296585115,46.714301451084395],[-83.96812096579127,46.714182551074316],[-83.9680994657785,46.7141342510681],[-83.9681115657723,46.714052751054886],[-83.96817286577955,46.71395235103584],[-83.9683472658154,46.71379175100095],[-83.96843076582907,46.71368635097986],[-83.96851636583236,46.71349115094481],[-83.96855296582628,46.71334665092044],[-83.96858836582905,46.71327745090774],[-83.96859556582301,46.71320925089677],[-83.96862876582733,46.71315815088696],[-83.96862056581877,46.71310995088004],[-83.96862766581863,46.713090450876614],[-83.96869116582768,46.71299925085887],[-83.9687790658469,46.71292785084273],[-83.96885156585822,46.712831850823754],[-83.96885316584198,46.712695450802684],[-83.96881976581427,46.7125564507832],[-83.96882906580382,46.71244715076581],[-83.9688088657941,46.71242055076286],[-83.96874046576588,46.71236785075875],[-83.96864196572852,46.712319650757],[-83.96861256571603,46.71229375075476],[-83.96857816569214,46.71218845074049],[-83.96851276566288,46.712120250733804],[-83.96850676564966,46.71202815071994],[-83.96847056563172,46.71197605071401],[-83.96834886558356,46.71189935070929],[-83.96824146554424,46.71185775070909],[-83.96819546552369,46.71180975070437],[-83.9681507655059,46.71178115070255],[-83.96804326546595,46.71173445070163],[-83.96795336543633,46.71172685070567],[-83.96791596542266,46.711712450705626],[-83.96787336540396,46.711670550701655],[-83.96778236535663,46.71152115068393],[-83.96771356532642,46.71145365067752],[-83.96769546531158,46.71138005066723],[-83.96767836530319,46.711355950664476],[-83.96764446529116,46.71134595066494],[-83.96753486525746,46.71135575067281],[-83.96747466523664,46.71134245067427],[-83.96740696520904,46.711293250670586],[-83.96728026516189,46.71123815066945],[-83.96721786513352,46.71116895066243],[-83.96711156508921,46.7110841506555],[-83.96711456508625,46.711052350650476],[-83.96718716509578,46.71094135062913],[-83.96719316509488,46.71091865062529],[-83.9671790650869,46.7108900506217],[-83.96710316505474,46.710825150616124],[-83.96709906504194,46.710731650601964],[-83.9671833650539,46.710610150578304],[-83.96718326504218,46.71051525056372],[-83.96719196504156,46.71048735055889],[-83.96723526504812,46.71042825054729],[-83.96731206506493,46.71036585053324],[-83.96733356506422,46.71030425052244],[-83.96732606505591,46.71025595051544],[-83.96729166503414,46.71016795050386],[-83.96721056499038,46.71002235048614],[-83.96720436498234,46.70997275047892],[-83.96722426497996,46.70990175046676],[-83.96721456496785,46.70982795045595],[-83.96723956496587,46.709746950442046],[-83.96724936495829,46.70966005042806],[-83.96723386494297,46.70957545041594],[-83.96724666494335,46.70954505041047],[-83.96729486495263,46.70949585040013],[-83.96731216495404,46.70946215039391],[-83.96732146494004,46.70932405037214],[-83.96728336491444,46.7092147503575],[-83.96717496485999,46.70905245033877],[-83.96715976484629,46.70898025032849],[-83.96712516482809,46.708921850321516],[-83.96703716478883,46.708830450312554],[-83.96692056474691,46.70879125031328],[-83.96681866470774,46.708736650310776],[-83.96676186468245,46.70867845030511],[-83.9667179646605,46.70861335029765],[-83.9666810646447,46.70858055029475],[-83.96645766455904,46.70846235028948],[-83.96639756453762,46.70844405029013],[-83.9663282645143,46.70843415029269],[-83.96619876447389,46.70844065030118],[-83.96611426444339,46.70841165030165],[-83.96604856442137,46.70840285030406],[-83.96600316440725,46.708406050307225],[-83.96589806437696,46.70843185031731],[-83.96575746433184,46.70842935032509],[-83.96566766430743,46.70846365033559],[-83.96560836429539,46.708519350347615],[-83.9655476642813,46.7085621503577],[-83.96553726428036,46.70858155036133],[-83.96553396428676,46.70864225037082],[-83.96547906427887,46.70872055038614],[-83.96547356428015,46.7087451503902],[-83.9654884642874,46.708765550392506],[-83.96551936429904,46.70878005039292],[-83.96570116436129,46.7088152503878],[-83.96573976437556,46.708831350388],[-83.96587496443445,46.70896035040007],[-83.96588586444065,46.708982450402864],[-83.96588236444339,46.70901385040791],[-83.96584706443696,46.70905295041597],[-83.96570866440457,46.709148550438755],[-83.96568456440129,46.70918405044558],[-83.965647464401,46.709278350462284],[-83.96562396439657,46.70930325046751],[-83.96558616438553,46.70931115047093],[-83.96544146433733,46.70929425047669],[-83.96540876432809,46.70930365048004],[-83.96538206432268,46.70932915048553],[-83.96536036432144,46.70937535049393],[-83.9653618643287,46.70943065050237],[-83.96537906433791,46.70946105050606],[-83.96544216436388,46.709508850509756],[-83.96546456437436,46.70953585051261],[-83.9654949643942,46.7096185505236],[-83.96549256439914,46.709665150530874],[-83.96540556438089,46.70974235054786],[-83.9652592643457,46.70983545057072],[-83.96520646433588,46.70989235058257],[-83.96514616434058,46.710087350616064],[-83.96509426433242,46.71015535062957],[-83.96507276433937,46.71026775064818],[-83.96504256433974,46.710349350662476],[-83.96497146432466,46.710411350676196],[-83.96487426430056,46.71046695069039],[-83.96483406429616,46.71053545070328],[-83.96483676430816,46.71062635071711],[-83.96481146430992,46.71070635073092],[-83.96481246431554,46.71074965073751],[-83.96483966433668,46.71085095075157],[-83.96487636435626,46.71091515075933],[-83.96488226436765,46.71099295077097],[-83.96490046437705,46.71102225077441],[-83.9649599644027,46.71107655077932],[-83.96496816440776,46.71109675078195],[-83.96491676441325,46.71127455081235],[-83.9647786643868,46.71141775084246],[-83.96474556437857,46.71143655084724],[-83.96464376434938,46.7114628508572],[-83.96461226434229,46.71148725086284],[-83.96458286433777,46.71152685087063],[-83.96456576433684,46.71156345087725],[-83.96453236434556,46.711721250903516],[-83.96455496436798,46.71184505092132],[-83.96454116436855,46.711885750928374],[-83.96451846436435,46.71191035093346],[-83.9643875643319,46.711985650952656],[-83.964199064282,46.71206825097637],[-83.96397216421481,46.71211025099596],[-83.96376646415021,46.712117851009104],[-83.9637156641351,46.71212645101338],[-83.96368086412635,46.71214585101843],[-83.96362716411542,46.712195951029216],[-83.96356616410644,46.71228125104592],[-83.96346876407884,46.71230935105592],[-83.9634325640696,46.71232775106084],[-83.96339936406613,46.712385751071736],[-83.96339906407518,46.712460351083266],[-83.96335306407113,46.712546651099196],[-83.96337346409531,46.71269095112022],[-83.9634181641206,46.71278055113146],[-83.96347656414754,46.71284835113854],[-83.96347066415355,46.71291285114882],[-83.96347966416045,46.71294575115338],[-83.9635688642023,46.71305525116502],[-83.96363956423312,46.71312245117132],[-83.96368396425022,46.71314685117247],[-83.96376406427763,46.713162051170166],[-83.963845464312,46.713230851176064],[-83.96400556437051,46.713291751176136],[-83.9641834644437,46.71342635118656],[-83.96427876447873,46.71346425118685],[-83.96435316450885,46.71351635119057],[-83.96441696453095,46.71353055118902],[-83.96442956453778,46.713553651191866],[-83.96442316454286,46.71361175120117],[-83.96446036456172,46.713668651207776],[-83.96456816460602,46.713749551213986],[-83.96462656463393,46.71382525122228],[-83.96466386464826,46.71384545122321],[-83.96473446467344,46.71386715122245],[-83.96476196468443,46.71388535122366],[-83.9647883646993,46.713937851230185],[-83.96484076472338,46.71399815123647],[-83.96494086477334,46.7141453512533],[-83.96495696478914,46.71423195126573],[-83.96492916478854,46.714299251277744],[-83.96492746479424,46.71435045128568],[-83.96496716481862,46.714445951298096],[-83.96499776483206,46.714475951300976],[-83.96507316485875,46.71449755129989],[-83.96510986486992,46.71449315129713],[-83.96514646487955,46.71447665129243],[-83.96518056489418,46.71450745129519],[-83.96522196490938,46.71452385129529],[-83.96540446496928,46.714537751286834],[-83.96547366498898,46.71451855127986],[-83.96558266501626,46.71445775126419],[-83.96572386505677,46.71442165125045],[-83.96575856506857,46.714427451249314],[-83.96589046511839,46.7144909512514],[-83.96593116513229,46.71449875125028],[-83.96605706517192,46.7144947512423],[-83.96616836520558,46.714479851233534],[-83.96628296524335,46.71448995122845],[-83.96647546530396,46.71448405121639],[-83.96657266533649,46.71449665121267],[-83.96669406537924,46.71453005121076],[-83.96678316541396,46.7145813512135],[-83.96688266546046,46.71470215122631],[-83.9669676654946,46.71475935123021],[-83.96697626549951,46.71477715123241],[-83.96697436550423,46.714820151239174],[-83.96700306551661,46.71484685124164],[-83.96728196561645,46.71493605123917],[-83.96737716565492,46.7150025512439],[-83.9674452656851,46.71507125125051],[-83.96753596571966,46.71511745125233]],[[-83.96606886460641,46.709858050527146],[-83.96609426461733,46.70988075052915],[-83.966102664627,46.70993755053744],[-83.96611626463438,46.70996245054047],[-83.96623346468212,46.710047350546745],[-83.96636036473616,46.7101582505565],[-83.96637546474618,46.71020035056208],[-83.96635626474975,46.71027915057538],[-83.96637446477027,46.7103991505928],[-83.96636286477849,46.71049615060839],[-83.96639446480239,46.710608750623955],[-83.96637996480567,46.71067325063473],[-83.96637996481887,46.71078085065129],[-83.96634356482349,46.710913050673774],[-83.96627876481205,46.710988150689104],[-83.96626466481365,46.711037750697585],[-83.96627596482335,46.7110875507046],[-83.96633106484985,46.711160450712654],[-83.9663362648654,46.71127335072973],[-83.9663138648632,46.71131365073726],[-83.96628866485682,46.7113270507408],[-83.96626456484928,46.71132835074235],[-83.96622946483649,46.711315250742366],[-83.96604826476528,46.71120535073599],[-83.96598006473494,46.711135050729105],[-83.96596956472419,46.71107505072044],[-83.96594206471207,46.711047550717836],[-83.96585576468136,46.71102165071887],[-83.9657379646462,46.711040950728645],[-83.96567126462409,46.71103395073146],[-83.96556426457809,46.71093705072275],[-83.96545806453665,46.71087465071929],[-83.96542136452088,46.710841550716324],[-83.96540736451281,46.7108123507126],[-83.96540996451007,46.710783250708026],[-83.9654765645173,46.710669450686616],[-83.96549946452383,46.71066295068424],[-83.9655284645333,46.7106650506829],[-83.96563186457038,46.710698650682055],[-83.96567406458415,46.71070125068003],[-83.96572456459715,46.710676150673216],[-83.96575806460353,46.710640950665834],[-83.96576586460347,46.710620250662195],[-83.96575516459555,46.71058375065723],[-83.96573126458372,46.71054915065329],[-83.96562736454266,46.71048435064933],[-83.96561296453176,46.710432950642236],[-83.96559436452306,46.71041055063987],[-83.96556066451014,46.710392550639035],[-83.9654069644552,46.71034395064047],[-83.96535806443676,46.71032085063978],[-83.96530706441507,46.71027645063585],[-83.96526456439244,46.71020245062695],[-83.96526256438378,46.71013695061697],[-83.96531036439136,46.710074550604574],[-83.96533896438915,46.70998235058873],[-83.96537516439248,46.709915950576374],[-83.96542396440239,46.70986995056643],[-83.96551616442666,46.709827950554605],[-83.96555086443706,46.709822850551795],[-83.96561526445947,46.70983805055039],[-83.96567906447932,46.70983425054611],[-83.96577616451219,46.709850050542926],[-83.96588436454661,46.709849550536575],[-83.96596656457439,46.70986255053377],[-83.96603366459465,46.70985325052844],[-83.96606886460641,46.709858050527146]],[[-83.96838726572481,46.71295005086896],[-83.96842976574045,46.712967150869126],[-83.96845776575829,46.71303995087871],[-83.96845556576126,46.71306955088339],[-83.9684105657535,46.71312325089427],[-83.96838556574662,46.71313195089708],[-83.96835676573738,46.71313145089867],[-83.96831176572032,46.71310925089787],[-83.96826476569939,46.713061250893205],[-83.96821596567975,46.71302795089086],[-83.96821096567429,46.7129963508863],[-83.96824076568006,46.712966050879906],[-83.96829306569454,46.71294835087414],[-83.96838726572481,46.71295005086896]]]},"properties":{"OGF_ID":119606084,"PROJECT_NAME":"Roussain Lake","WBY_LID":"17-2733-51772","SURVEY_YEAR":1974,"SCALE_TEXT":"24\" = 1 mile","SURVEY_METHOD":"Transect","BATHYMETRY_LINE_IND":"No","BATHYMETRY_POINT_IND":"No","EFFECTIVE_DATETIME":1507728343000,"GEOMETRY_UPDATE_DATETIME":1507740885000,"SYSTEM_DATETIME":1507763535000,"OBJECTID":2047,"SHAPE.AREA":0,"SHAPE.LEN":0,"HISTORIC_MAP_IND":"Yes"}},{"type":"Feature","id":10415,"geometry":{"type":"Polygon","coordinates":[[[-84.11195311127398,46.71156444229822],[-84.11189201127416,46.7117235423263],[-84.11186161127344,46.71179634233927],[-84.11188431128726,46.711849742346175],[-84.11196061132047,46.711921942352824],[-84.11208271137212,46.712025542361665],[-84.11219721142689,46.71217424237783],[-84.11220481144483,46.71230004239678],[-84.1121055114225,46.712375842414225],[-84.11198361138807,46.7124107424267],[-84.11189181135832,46.71240644243141],[-84.11175481130587,46.71233484242837],[-84.11167831127538,46.7122851424252],[-84.1115104112125,46.71220874242324],[-84.11134271115307,46.7121592424254],[-84.11109101106447,46.712090742429545],[-84.11078551096539,46.71207544244499],[-84.11067901093988,46.712143542461696],[-84.11067111095194,46.71226194248034],[-84.11073241098279,46.71235364249093],[-84.11078571100872,46.71242644249902],[-84.11090781105688,46.71250184250345],[-84.11109091112469,46.71257904250466],[-84.11128941120148,46.71268944251006],[-84.11165541135044,46.71295284252928],[-84.11176221140555,46.71312434254942],[-84.11170901140173,46.71323044256883],[-84.1116098113767,46.71328374258286],[-84.11147991134247,46.71334134259929],[-84.11135791130698,46.71336824261052],[-84.11128161128124,46.713356842613194],[-84.11118221124264,46.7132999426103],[-84.11106811119821,46.71323434260684],[-84.11084671111699,46.7131470426063],[-84.11074761107983,46.713101342605064],[-84.11055691100823,46.71301314260263],[-84.11045771096212,46.71289544259032],[-84.11048801095161,46.71273154256332],[-84.1105338109567,46.71265494254885],[-84.11052651093512,46.71249874252526],[-84.11042701089785,46.71245304252404],[-84.11022121081818,46.712338242518356],[-84.11003051074478,46.712235442513645],[-84.10979401064552,46.71204054249746],[-84.10966431057611,46.71181234246994],[-84.1096490105532,46.71166644244836],[-84.109587910515,46.71151404242848],[-84.1093817104466,46.711491442437],[-84.10910711035677,46.71147194245001],[-84.10872581023682,46.71148344247407],[-84.10850431017012,46.7115142424917],[-84.10834401012517,46.71156354250865],[-84.10820681009335,46.7116595425314],[-84.10814571008565,46.71175464254962],[-84.10811541008914,46.71186114256778],[-84.10812311010292,46.71195324258151],[-84.10821451013672,46.711991242581995],[-84.10839751020433,46.71206724258305],[-84.10851211024455,46.71209794258106],[-84.10858831027355,46.71213634258253],[-84.10865691030571,46.71221994259142],[-84.10873341034326,46.71232704260341],[-84.10879421037198,46.712402942611554],[-84.10889361041157,46.712467742615694],[-84.10895441044559,46.71258654263044],[-84.10897731046498,46.71268484264427],[-84.10906121050957,46.7128299426617],[-84.10910711053127,46.71288724266782],[-84.10929021059992,46.712971142670035],[-84.10940471064345,46.71302874267221],[-84.1096565107401,46.71316254267812],[-84.10983191081084,46.71328374268658],[-84.11003041087699,46.71330764267864],[-84.1102441109552,46.713390642678974],[-84.1103202109997,46.713555142699825],[-84.11024411099196,46.71368884272482],[-84.11013721096455,46.71374234273934],[-84.10997691091629,46.71376474275211],[-84.10981681086825,46.71378814276502],[-84.10974821085621,46.71386764278129],[-84.10958021080646,46.71389814279576],[-84.10945801077287,46.71394084280947],[-84.10925971071775,46.714005842831014],[-84.10905391066957,46.71414644286468],[-84.10898521065295,46.714188842875195],[-84.1089468106496,46.71426074288852],[-84.1090767106923,46.714271842882646],[-84.10929801076563,46.71429504287329],[-84.10950391083861,46.71435584287067],[-84.10971741091366,46.71441304286702],[-84.10987771097179,46.71447054286649],[-84.11004551102808,46.71449404286031],[-84.11015231107888,46.71463064287512],[-84.11021351111302,46.714749442889826],[-84.11018291111128,46.714814342901576],[-84.11025151115759,46.71501274292808],[-84.11032041119736,46.7151571429463],[-84.11041941124486,46.715287142960555],[-84.11066341133893,46.715420042966734],[-84.11083141139389,46.71543234295886],[-84.11106801146535,46.715401142940244],[-84.11119771150855,46.71541674293505],[-84.11134271155703,46.71543534292949],[-84.11141131157237,46.71538284291737],[-84.11153351160421,46.71532544290141],[-84.1116553116542,46.715416642908366],[-84.11175451169949,46.715527642919675],[-84.11186931174633,46.715611142925795],[-84.11191471176878,46.715676242933164],[-84.11195321179328,46.715775342946166],[-84.1120371118369,46.71591254296238],[-84.11213621187879,46.7159964429695],[-84.11201421184094,46.7160042429778],[-84.11192271181464,46.71602704298667],[-84.11193791182838,46.716099742996995],[-84.11205991187988,46.71620214300562],[-84.11221251193457,46.71625204300439],[-84.11245671202079,46.71632074300076],[-84.11255591206604,46.716431643012],[-84.11263201209351,46.71645774301159],[-84.11280761214572,46.71642814299678],[-84.11299841220918,46.71644994298896],[-84.1132042122921,46.71659174299882],[-84.1132500123189,46.71669064301132],[-84.11331121235303,46.71680934302604],[-84.11337211237233,46.71680884302241],[-84.11348651241727,46.716877743026316],[-84.11366201249004,46.71701464303717],[-84.11382221254297,46.71703054303025],[-84.1137995125286,46.71697264302267],[-84.11367731247276,46.71683534300867],[-84.11360111243722,46.71674404299906],[-84.11354771238688,46.7164732429605],[-84.11362381239557,46.71634744293675],[-84.11374611242742,46.716290142920805],[-84.1138071124558,46.71636274292836],[-84.11387581248992,46.71646214293966],[-84.11400541254292,46.71655754294678],[-84.11411231259476,46.716702042962766],[-84.11418861263188,46.716805742974294],[-84.11427251266744,46.71687764298046],[-84.11437941270623,46.7169163429802],[-84.11451651275499,46.716957642978514],[-84.11471511282528,46.717015242975776],[-84.1147531128321,46.71697254296699],[-84.11466911279274,46.716870242956176],[-84.11461571276911,46.716816542951],[-84.11457001274336,46.71672554293968],[-84.11453191270668,46.71652634291125],[-84.11459291270171,46.71632894287734],[-84.1146616127095,46.71621454285576],[-84.11480651272346,46.71595414280722],[-84.1148524127217,46.715821242784074],[-84.11479131269,46.71572164277232],[-84.11460821261012,46.71554664275612],[-84.11460061259315,46.715428742738396],[-84.11463881257896,46.715215042703264],[-84.11463111256083,46.715088142684195],[-84.1147303125803,46.71498984266329],[-84.11496681265544,46.714988942649384],[-84.1152109127318,46.714977842633395],[-84.11550091282034,46.71494744261183],[-84.11572981289032,46.71492434259489],[-84.11634001311984,46.71521034260331],[-84.11647741317626,46.71531344261115],[-84.11672161326246,46.71538214260745],[-84.11691991332285,46.71535984259244],[-84.11709531336822,46.71527524256921],[-84.11701911333033,46.7151648425567],[-84.11693511329558,46.71509954255152],[-84.11685891326337,46.71503524254608],[-84.11674441321748,46.714958542540984],[-84.1165461131328,46.71478394252565],[-84.11640871307208,46.714645942512426],[-84.11628661301864,46.7145277425014],[-84.11605021291714,46.71431484248242],[-84.11588231284955,46.714200142474596],[-84.1157296127905,46.714115442470465],[-84.11565341276066,46.71407024246799],[-84.11535601263596,46.71382634244776],[-84.11509641254393,46.71375014245121],[-84.11493621250317,46.71383334247338],[-84.11478361246456,46.713913942494656],[-84.11456241239797,46.713944742512304],[-84.11439451233925,46.71390204251553],[-84.1142342122699,46.71375344250203],[-84.11395961216746,46.713631542499286],[-84.1138757121262,46.71351344248598],[-84.1139977121641,46.71350564247769],[-84.1141276122125,46.713562842478915],[-84.11426491226086,46.71360074247673],[-84.11447841232503,46.713570142459574],[-84.1145701123434,46.71348214244068],[-84.11459291233653,46.7133679424218],[-84.11453181229787,46.713212042401324],[-84.11440231223973,46.71307494238783],[-84.11430291219538,46.712971942377756],[-84.11409691211944,46.71288754237679],[-84.11381471200896,46.71271974236745],[-84.11371541197444,46.71269654236963],[-84.1135552119254,46.71271214238141],[-84.11330351185102,46.7127583424032],[-84.11317381181392,46.712792342415966],[-84.11307451178412,46.71280734242408],[-84.1129525117406,46.71276904242535],[-84.11278461167218,46.71264764241644],[-84.112815111671,46.71255904240099],[-84.11295241170711,46.71249794238361],[-84.11315091175673,46.71238794235509],[-84.11331881179838,46.7122922423306],[-84.11329581178073,46.71220844231901],[-84.11312791171453,46.7121050423129],[-84.11295251164377,46.711983842304456],[-84.11277701156851,46.71182664229053],[-84.11258621149194,46.711697942281845],[-84.112349811396,46.71152994226981],[-84.11227341136693,46.711491542268355],[-84.11209031131014,46.71150324228086],[-84.11195311127398,46.71156444229822]],[[-84.11220481156565,46.713279942547565],[-84.11225831157373,46.71320764253332],[-84.11244131163302,46.713216142523926],[-84.11262441169401,46.713238142516644],[-84.11276171174337,46.71328394251568],[-84.1128763117883,46.71335274251958],[-84.11292961180958,46.713387342521784],[-84.11299071184031,46.713479042532335],[-84.11296011183954,46.71355184254532],[-84.11283041180106,46.713574542556366],[-84.11269301175824,46.713581642565494],[-84.1125787117214,46.71357804257157],[-84.11252531170304,46.71356704257304],[-84.11220481156565,46.713279942547565]],[[-84.11286091211836,46.71606894293841],[-84.11290681214994,46.71620614295683],[-84.11288381214588,46.71623264296225],[-84.11281511212924,46.71627494297278],[-84.1127465121093,46.716290342979136],[-84.11265511207881,46.71627934298275],[-84.11255571204144,46.716232542981345],[-84.1124948120109,46.71614194297099],[-84.11247191198993,46.7160312429553],[-84.11248721198727,46.715970042944996],[-84.11247941197158,46.71586334292903],[-84.11250991197664,46.71582544292143],[-84.11261671201427,46.71585514291973],[-84.11273121205546,46.71589364291899],[-84.11283041209506,46.715958442923196],[-84.11286091211836,46.71606894293841]],[[-84.11257871195657,46.71548494286503],[-84.11264731198645,46.71555054287107],[-84.11270831201622,46.715634342880456],[-84.11273881203482,46.71570664288979],[-84.11268561202115,46.715732842896905],[-84.11259391198826,46.71570274289762],[-84.11254821197134,46.715683742897355],[-84.11244131193034,46.71562704289485],[-84.11231921188106,46.715542642889005],[-84.11218951183034,46.71546624288487],[-84.11216651180841,46.71534764286794],[-84.11223541182765,46.715325542860505],[-84.11232691185575,46.71531734285393],[-84.11241841188858,46.71534754285321],[-84.11244121189827,46.71536714285492],[-84.11251771192914,46.715420242858634],[-84.11257871195657,46.71548494286503]],[[-84.11379171217,46.7140849425788],[-84.11378421216995,46.71410434258227],[-84.11375361215643,46.71407364257931],[-84.11378411216108,46.71403234257115],[-84.11382221216891,46.71399754256359],[-84.11390621219563,46.713997442558714],[-84.11396731221751,46.71401724255816],[-84.11400551223662,46.71407354256457],[-84.11399011223607,46.71410884257094],[-84.11391381221262,46.71411544257641],[-84.11384511219025,46.71411164257982],[-84.11379171217,46.7140849425788]]]},"properties":{"OGF_ID":119606025,"PROJECT_NAME":"Midge Lake","WBY_LID":"16-7204-51775","SURVEY_YEAR":1987,"SCALE_TEXT":"1:4000","SURVEY_METHOD":"Transect","BATHYMETRY_LINE_IND":"No","BATHYMETRY_POINT_IND":"No","EFFECTIVE_DATETIME":1507290058000,"GEOMETRY_UPDATE_DATETIME":1507307993000,"SYSTEM_DATETIME":1507332135000,"OBJECTID":10415,"SHAPE.AREA":0,"SHAPE.LEN":0,"HISTORIC_MAP_IND":"Yes"}},{"type":"Feature","id":20737,"geometry":{"type":"Polygon","coordinates":[[[-84.14674513676853,46.82799595814409],[-84.14679843679218,46.82804965814917],[-84.14691293683819,46.828126358154236],[-84.14711883690558,46.82814095814442],[-84.14726393695229,46.82814485813651],[-84.14750033703716,46.82822155813439],[-84.14766063710671,46.82837015814782],[-84.14782093717304,46.82849285815722],[-84.14800393724498,46.82860255816329],[-84.14832433735704,46.82868265815685],[-84.14865243745693,46.82864545813193],[-84.14894243754259,46.828591358106664],[-84.14925513762618,46.828462358068535],[-84.14986563780167,46.82830945800937],[-84.15054473800005,46.82816475794739],[-84.1509109381086,46.82809955791598],[-84.15139913825561,46.828030957876855],[-84.15175763836552,46.82799635785056],[-84.1520095384406,46.827954457829385],[-84.15229943852873,46.82792065780723],[-84.15263523864563,46.82800025779977],[-84.15290993874169,46.82806915779419],[-84.15318453883202,46.828091957781616],[-84.15349723892162,46.82801135775097],[-84.15361183894488,46.8279046577279],[-84.15374903897103,46.82776365769827],[-84.15406193905075,46.82760315765535],[-84.15419163908547,46.82755005763961],[-84.15439003914497,46.827519857623344],[-84.15457313921173,46.827587957623074],[-84.15470293926118,46.82765295762542],[-84.15477903928921,46.82768345762564],[-84.15490873932535,46.8276416576116],[-84.15505373934738,46.82744755757337],[-84.15514533934758,46.827214357532306],[-84.15522923935583,46.82706585750461],[-84.15535903937298,46.82687095746715],[-84.15545053938979,46.82677175744656],[-84.15553443940894,46.826710857432325],[-84.15567943943097,46.82651675739408],[-84.1556564394079,46.82639025737604],[-84.15558793937373,46.826290957364854],[-84.1555116393367,46.82618845735364],[-84.15545043930916,46.826123757347325],[-84.1553895392831,46.82607025734265],[-84.15529793925239,46.826058157346175],[-84.15514533920908,46.826100657361636],[-84.15508443919394,46.82613495737044],[-84.15498503916753,46.826177057382736],[-84.15485543912808,46.82619185739256],[-84.15464943905488,46.82613115739533],[-84.15437473896316,46.826097157406245],[-84.15423733891218,46.82603905740541],[-84.15419923888531,46.825920857389484],[-84.15425273888066,46.825746157359575],[-84.15421453885043,46.82560095733954],[-84.15412303879181,46.825363857308574],[-84.15400843872686,46.82513525728031],[-84.15391693868489,46.82503205726983],[-84.15388653865627,46.824879857248284],[-84.15394743865673,46.82472745722137],[-84.1539779386546,46.82463205720494],[-84.15393213862198,46.824487157185416],[-84.15393213860058,46.824314957159],[-84.15389413857572,46.824212557145536],[-84.15380243852181,46.82401365712044],[-84.15378003850168,46.82390945710578],[-84.15365283845922,46.8238935571108],[-84.15358133844525,46.8239646571259],[-84.1534897384255,46.82404035714289],[-84.15344383841659,46.82408655715263],[-84.15328373836843,46.82410895716543],[-84.15319213833786,46.8240980571691],[-84.15309303830817,46.82411315717727],[-84.15306243830831,46.82419275719125],[-84.15294043829702,46.82441435723234],[-84.15284113828764,46.824593657265645],[-84.15281063828462,46.824647457275674],[-84.1527571382784,46.82473435729212],[-84.1526885382632,46.82478805730439],[-84.15263523824908,46.824810857311],[-84.15231463815402,46.82486805733858],[-84.15213933812004,46.82504395737578],[-84.15202483810017,46.82517755740293],[-84.15189503807832,46.825334157434554],[-84.15179593806332,46.825467357460774],[-84.15139163796917,46.8257462575272],[-84.15110933789056,46.825837357557646],[-84.15081933780715,46.82590945758571],[-84.15065913776135,46.82595205760165],[-84.15049883771314,46.82597455761448],[-84.15031573765624,46.82598625762697],[-84.15000293755709,46.82599045764595],[-84.14978163748704,46.82599425765951],[-84.14959083742666,46.82599725767113],[-84.1494382373776,46.825993557679524],[-84.1492932373285,46.825970557684506],[-84.14912553727136,46.82594035768965],[-84.14895753721825,46.82594385770003],[-84.1488202371797,46.82598585771451],[-84.14871363715244,46.826039457728974],[-84.14860673712685,46.826107657745695],[-84.14837033705541,46.82613885776432],[-84.14817183698459,46.82607795776662],[-84.14805743694004,46.82601245776328],[-84.14786663687217,46.82595585776578],[-84.1474621367419,46.82594455778769],[-84.1472868366875,46.825956057799765],[-84.14694343658275,46.825993657825606],[-84.14663813649257,46.82605045785216],[-84.14649333645127,46.82608925786664],[-84.14636353640753,46.82607035787136],[-84.14605083631024,46.82608905789253],[-84.14588283627522,46.82623775792518],[-84.14577603624406,46.826260957934984],[-84.14559293619094,46.82630305795212],[-84.14547853614835,46.826253357951224],[-84.1454252361247,46.826199657946084],[-84.1452725360742,46.82618475795275],[-84.14513523603708,46.826238057968965],[-84.14504363601642,46.826306957984904],[-84.14484513595595,46.82632925799996],[-84.14466973589956,46.82632505800956],[-84.14447893583691,46.82631005801847],[-84.14392973569036,46.82653895808568],[-84.14376193565874,46.82671455812246],[-84.14376943567676,46.826840358141276],[-84.14376193568671,46.826939558156916],[-84.14388403574603,46.827103858174965],[-84.14416623584926,46.82721075817479],[-84.14434923591602,46.82727885817449],[-84.14457823599659,46.82734005817047],[-84.1448146360771,46.82738195816307],[-84.14512743618104,46.82741615814996],[-84.1453259362472,46.82743995814199],[-84.14559293633835,46.82748885813387],[-84.14598213647811,46.82761535813043],[-84.14633303660452,46.82773285812794],[-84.14656193668837,46.827821058128045],[-84.14663813671828,46.82786615813045],[-84.14674513676853,46.82799595814409]],[[-84.1511169379457,46.82626125762222],[-84.15106343792951,46.82626835762646],[-84.1509948379096,46.826283757632815],[-84.15090333788126,46.826290757639235],[-84.1508497378619,46.826271957639484],[-84.15078883784015,46.82625335764022],[-84.1507660378249,46.82618875763162],[-84.15081923783742,46.82615355762316],[-84.15092613786958,46.82613825761451],[-84.15103303790174,46.82612295760594],[-84.15116253793877,46.82608895759311],[-84.15126933796519,46.82602755757747],[-84.15135333798574,46.825977957564916],[-84.15146013800992,46.8258985575465],[-84.15154413803151,46.82585685753518],[-84.15165853806502,46.82583345752492],[-84.15176533809912,46.82583385751872],[-84.15191033814901,46.82586365751477],[-84.15200203818111,46.825886957512985],[-84.1521162382265,46.825959157517396],[-84.15220023825796,46.825997357518325],[-84.15225373827893,46.82602855751995],[-84.15229183829427,46.826054457521714],[-84.15229953830344,46.82610825752949],[-84.15228433830758,46.82618065754145],[-84.15219253828495,46.82623385755498],[-84.152139338269,46.826242057559405],[-84.15208583825144,46.826237857561864],[-84.15202473823109,46.82623055756431],[-84.15194083820283,46.82621825756736],[-84.1518873381844,46.82620735756883],[-84.15158983808773,46.826191957583916],[-84.15149823806037,46.82620685759153],[-84.15135343801475,46.82621085760063],[-84.15126193798662,46.82621895760723],[-84.15117783796265,46.82624155761564],[-84.1511169379457,46.82626125762222]]]},"properties":{"OGF_ID":103380266,"PROJECT_NAME":"Weckstrom Lake","WBY_LID":"16-7186-51904","SURVEY_YEAR":1964,"SCALE_TEXT":"1 inch = 200 feet","SURVEY_METHOD":"Transect","BATHYMETRY_LINE_IND":"Yes","BATHYMETRY_POINT_IND":"No","EFFECTIVE_DATETIME":1574252883000,"GEOMETRY_UPDATE_DATETIME":1358169107000,"SYSTEM_DATETIME":1574338635000,"OBJECTID":20737,"SHAPE.AREA":0,"SHAPE.LEN":0,"HISTORIC_MAP_IND":"Yes"}},{"type":"Feature","id":52209,"geometry":{"type":"Polygon","coordinates":[[[-84.12345101349075,46.699864539826876],[-84.12346611348043,46.69974153980708],[-84.12343571345298,46.69959723978666],[-84.12341271343533,46.69951343977507],[-84.12339751341723,46.69940593975941],[-84.1233593133938,46.699314639747634],[-84.12331351336566,46.69920453973332],[-84.1232754133437,46.69912463972326],[-84.12319141330089,46.69899413970805],[-84.12310771326301,46.69890303969893],[-84.12308461325232,46.69887553969602],[-84.12299321321382,46.69879933968965],[-84.1229168131806,46.69872713968297],[-84.12285571315554,46.69868153967955],[-84.1227795131266,46.69864313967809],[-84.12271851310351,46.69861333967706],[-84.12266501308218,46.69857873967481],[-84.12258871305414,46.69854823967459],[-84.12253521303568,46.69853623967588],[-84.12253551303493,46.698529439674765],[-84.12234461296471,46.69845253967411],[-84.121986012845,46.69840723968805],[-84.12189451281535,46.69840293969273],[-84.1217265127737,46.69849863971722],[-84.12156641272787,46.69854013973296],[-84.12141371268314,46.6985713397467],[-84.12126121264106,46.69862383976367],[-84.12109341258687,46.698617239772425],[-84.12083381250555,46.69862763978917],[-84.1205822124237,46.69861313980158],[-84.12036091234948,46.698582039809715],[-84.11997931221767,46.69849793981905],[-84.11958261207266,46.698345639818776],[-84.11928521196491,46.69823903981968],[-84.11914021191077,46.69817433981818],[-84.11907911188656,46.698135539815794],[-84.11882731179328,46.698028739814006],[-84.11856801169816,46.697926739813475],[-84.11828571159046,46.69778143980752],[-84.11807211150324,46.697625239795954],[-84.11795761144087,46.697414639770216],[-84.11788121139877,46.697270439752494],[-84.11784321136739,46.697114039730586],[-84.1177745113154,46.696869439696975],[-84.11763711125334,46.696720239682],[-84.1174845111903,46.69660293967287],[-84.1172862111089,46.69645413966153],[-84.11702681101309,46.69634653966006],[-84.1168207109504,46.69637013967573],[-84.11666821091362,46.6964654396993],[-84.11666811092441,46.69655313971281],[-84.11669861094634,46.69665243972631],[-84.11672161097049,46.696789039746015],[-84.116729110986,46.696895739762],[-84.11669101099412,46.69705993978947],[-84.11668331101473,46.6972468398187],[-84.11677501106979,46.69745703984569],[-84.11680541109739,46.6976024398663],[-84.11693521116442,46.69781153989093],[-84.11707251122414,46.69794163990299],[-84.11724031129111,46.698051839910164],[-84.11724811130588,46.698151739925095],[-84.11735491136241,46.69833443994697],[-84.11746161142123,46.69853633997181],[-84.11759901148665,46.69871253999091],[-84.11782781156646,46.69876933998635],[-84.11808731166647,46.69891073999294],[-84.11805671166474,46.69897564000475],[-84.11804141166176,46.69899074000796],[-84.1178812116225,46.69908624003198],[-84.11782021161383,46.69917344004896],[-84.11786591165098,46.699356640074484],[-84.11790411168757,46.69955474010278],[-84.11798051174664,46.69983724014179],[-84.11805671178786,46.69997474015849],[-84.11818641183243,46.70000154015505],[-84.11843821192474,46.7001004401556],[-84.1185145119636,46.70021874016936],[-84.11842311195106,46.70035284019536],[-84.11840001194557,46.70036814019903],[-84.11831611192872,46.70044804021622],[-84.11821701191553,46.70059694024492],[-84.11826281195034,46.70076104026752],[-84.11834661199708,46.700924140287746],[-84.11840011203351,46.70108134030882],[-84.11847641208637,46.70131324034007],[-84.11853741211613,46.70139714034942],[-84.11860621213857,46.701401940346145],[-84.118751112186,46.70141264033937],[-84.11892661225127,46.70148884034081],[-84.1190791123191,46.70164554035603],[-84.11923941238372,46.70175594036372],[-84.11936141244085,46.70190454037946],[-84.11924701242522,46.702073040412046],[-84.11904851237381,46.702168440438314],[-84.11881961228912,46.70207234043688],[-84.11872821225299,46.70201514043344],[-84.11860611220567,46.70194644042994],[-84.11857561219507,46.70193944043068],[-84.11840021212987,46.70186324042915],[-84.11817111206159,46.70190094044834],[-84.11812541206595,46.70205414047458],[-84.11811001207414,46.702160240491835],[-84.11803391206405,46.702274840513894],[-84.11792711204099,46.70236324053376],[-84.11772871198484,46.70242044055409],[-84.11763701195419,46.702408340557575],[-84.11755321191535,46.702309340547245],[-84.11737021184672,46.70222544054503],[-84.11726321181085,46.70221034054889],[-84.11696581172095,46.70224884057218],[-84.11671391164678,46.70229734059434],[-84.11659181161887,46.70238614061513],[-84.11643931158208,46.702481440638714],[-84.11622571152773,46.702591940668185],[-84.11591271145815,46.702835540723896],[-84.11569161142123,46.70310714077863],[-84.11560761142462,46.703351240821064],[-84.1157449114861,46.70349604083539],[-84.11582131152306,46.70359854084668],[-84.11579071151857,46.70364104085501],[-84.1157450115139,46.70372104087002],[-84.11573731151287,46.70373244087222],[-84.11571441152061,46.703854640892345],[-84.11569911152803,46.70395404090852],[-84.11560761151296,46.70406794093139],[-84.11550091149306,46.704182140955226],[-84.11538641148627,46.704422640998864],[-84.1153330114872,46.7045681410244],[-84.11540921152447,46.70467404103625],[-84.11556951159382,46.704822741049796],[-84.11563041162033,46.70488064105517],[-84.11579841167853,46.70491884105125],[-84.11602721174752,46.704887841033106],[-84.11627151182954,46.70492284102428],[-84.11650791190759,46.704945641014],[-84.11680561201038,46.70501064100662],[-84.11706491211683,46.70520494102138],[-84.11719471216854,46.705289141026775],[-84.1173853122395,46.70537284102854],[-84.11760661232066,46.7054601410291],[-84.11782031240142,46.705563441032496],[-84.11804921249738,46.70575074104796],[-84.1180797125272,46.705914141071354],[-84.11805671253633,46.7060475410932],[-84.1179957125343,46.70618864111849],[-84.11789651252919,46.706402941157236],[-84.11792711255809,46.70655844117939],[-84.11814831263467,46.70660864117424],[-84.11830851269592,46.706692041177725],[-84.1183696127333,46.70683774119654],[-84.11852991280264,46.70698634121011],[-84.11858311282191,46.707005141209855],[-84.11871291286927,46.7070545412099],[-84.11900271297233,46.7071422412065],[-84.11935381309729,46.70724964120254],[-84.11947581314796,46.707345341210114],[-84.11961321320949,46.707490041224396],[-84.1197734132867,46.70770284124777],[-84.11996411336438,46.70784054125788],[-84.12017771344881,46.70797414126594],[-84.1203533135208,46.70810434127574],[-84.12043721356441,46.70824164129197],[-84.12048301360339,46.70843944131976],[-84.12061281368042,46.70872954135681],[-84.12062801369896,46.70884054137301],[-84.12075761375279,46.708942741381186],[-84.12099421384227,46.70905774138505],[-84.1212688139447,46.70917964138781],[-84.12147491401778,46.709240441385106],[-84.1217648141218,46.70933594138289],[-84.12195561419524,46.709438741387615],[-84.12198611420733,46.70945824138883],[-84.12206991424006,46.70950764139151],[-84.1221233142594,46.7095264413913],[-84.12219971428708,46.70955364139102],[-84.12229121431892,46.70957584138914],[-84.12252021440463,46.70967984139174],[-84.12258111442863,46.70971754139398],[-84.12263451444895,46.70974424139495],[-84.12271091447704,46.709774741395236],[-84.12278721450701,46.70982104139792],[-84.12310001464408,46.71012524142643],[-84.12312291465612,46.71016404143109],[-84.12318391468452,46.710236641438705],[-84.1232449147129,46.71030924144627],[-84.12330601473933,46.7103660414515],[-84.12337461476913,46.71043054145741],[-84.12345861480054,46.7104687414584],[-84.12353491482816,46.71049594145811],[-84.12358821484887,46.71052594145961],[-84.12364921487067,46.71054564145908],[-84.12373331489982,46.71056474145712],[-84.12377151491435,46.71058394145786],[-84.12383251493837,46.7106216414601],[-84.12385531495029,46.71065924146455],[-84.12389351496677,46.71069424146775],[-84.12390111497388,46.710732241473096],[-84.12391651498635,46.71079374148167],[-84.12392401499342,46.7108317414871],[-84.1239316150033,46.71089234149597],[-84.12396971502352,46.7109576415038],[-84.12399281503644,46.711003141509444],[-84.12404601506141,46.71106804151631],[-84.1241223150936,46.71113234152179],[-84.12420631512424,46.71116384152169],[-84.1243284151645,46.7111751415163],[-84.1243894151828,46.711166641511454],[-84.12453431522624,46.71114474149963],[-84.12460291524702,46.71113614149433],[-84.12467181526661,46.71111734148738],[-84.12473271528654,46.71112134148443],[-84.12480901531221,46.711132741481755],[-84.12486241533009,46.71114024147977],[-84.1249312153548,46.7111631414793],[-84.12502261538388,46.7111628414739],[-84.12513711542175,46.71117434146904],[-84.1252438154562,46.71117824146337],[-84.12534301548821,46.71118224145818],[-84.12545001552232,46.71118264145205],[-84.12565601559774,46.71126254145233],[-84.12576271563397,46.711281041448885],[-84.12590011568156,46.71131214144566],[-84.12606801574346,46.71138064144638],[-84.12615961577822,46.71142654144815],[-84.12623591580821,46.711472841450814],[-84.12631971584281,46.71153694145577],[-84.12643411588864,46.711613641460936],[-84.12653331592824,46.71167844146511],[-84.12666311597995,46.71176264147043],[-84.12681551603777,46.711838341473225],[-84.12695311609194,46.711922341478136],[-84.12708281614161,46.7119908414811],[-84.12725061620544,46.71207504148425],[-84.12734211623828,46.712105241483535],[-84.12746411628277,46.71215134148351],[-84.12758631632543,46.71218174148107],[-84.12772351637516,46.71223094148062],[-84.12794491645178,46.712281041475414],[-84.12809751650221,46.712296041468846],[-84.12824241654744,46.712288741459204],[-84.12836451658588,46.71228534145159],[-84.12847891662034,46.712269841442506],[-84.12876881671119,46.71225854142387],[-84.12892911675931,46.71223504141089],[-84.12904351679715,46.71224654140595],[-84.12935631689533,46.71223574138607],[-84.12970721701163,46.71227334137135],[-84.12985231706246,46.712311041368686],[-84.1299438170988,46.71236924137232],[-84.12998191711314,46.712387341372846],[-84.13004301713737,46.712426141375296],[-84.13011921716817,46.71247924137901],[-84.13018051719482,46.71253714138433],[-84.13025651723348,46.712654341397915],[-84.1303178172601,46.71271224140324],[-84.1303633172811,46.71276504140872],[-84.13043201730771,46.71280364141066],[-84.13050851733684,46.71284204141211],[-84.13055421735135,46.71284194140941],[-84.13062281737461,46.71285354140718],[-84.13069921740271,46.71288404140744],[-84.13075251742531,46.71292984141133],[-84.1307983174464,46.712982641416836],[-84.1308059174554,46.71303644142465],[-84.13080601746351,46.71310164143468],[-84.13079831746863,46.71316264144454],[-84.1307984174775,46.71323464145557],[-84.13082131750042,46.71336114147366],[-84.13082891751303,46.71344414148602],[-84.13085181753027,46.713524541497044],[-84.1308823175522,46.71362384151053],[-84.13092051757006,46.71367004151544],[-84.13100431760286,46.713719441518116],[-84.13107301762894,46.713753641519396],[-84.13114941765701,46.713784141519604],[-84.13121041768021,46.71381504152082],[-84.13132481771987,46.71384124151814],[-84.13148491777694,46.71389084151644],[-84.13163761783072,46.71393274151397],[-84.13171391786071,46.71397904151664],[-84.13177481788708,46.714035841521856],[-84.13179791789868,46.71407014152576],[-84.13183611791415,46.71409724152771],[-84.13192741795581,46.71419934153809],[-84.13202671799552,46.714265241542414],[-84.13216421804636,46.71432224154318],[-84.13225561807816,46.71434444154125],[-84.13232421810241,46.714363941540256],[-84.1324005181281,46.714375341537554],[-84.13249971816194,46.714394041534646],[-84.13258371819019,46.71440634153161],[-84.13267531822171,46.714425241529156],[-84.13277441825691,46.71445514152799],[-84.13288881829568,46.7144744415243],[-84.13301871833899,46.71449004151909],[-84.13321691840486,46.71451274151101],[-84.13330851843395,46.714512441505605],[-84.13365951855558,46.7145928414975],[-84.13375861859178,46.71463064149754],[-84.13388841863691,46.71466194149477],[-84.13405621869548,46.71470344149136],[-84.13418591874049,46.714733641488415],[-84.13433081879036,46.714764541484726],[-84.13438421880733,46.71476424148154],[-84.13444531882587,46.71475694147686],[-84.13453691885319,46.714742041469215],[-84.13462851887941,46.71471814146023],[-84.13472751890667,46.71468394144915],[-84.13481911893066,46.7146420414374],[-84.13492601896141,46.71461554142708],[-84.13503291899491,46.714611441420196],[-84.1351244190208,46.714585341410825],[-84.13517781903914,46.71459624140939],[-84.13523881906002,46.71460804140763],[-84.13536851910504,46.71463824140472],[-84.13539911911342,46.714627241401224],[-84.13547541913717,46.71462294139613],[-84.13550591914216,46.714584941388516],[-84.13546781912255,46.71452414138137],[-84.13539151909686,46.714512741384056],[-84.13533801907832,46.71450074138536],[-84.13531511906879,46.71448224138385],[-84.13524651904368,46.71445594138381],[-84.13520831902763,46.71442444138116],[-84.13513201899681,46.71437134137749],[-84.13508621897753,46.71433324137427],[-84.13501761895013,46.714287841371316],[-84.13495641892447,46.714237841367215],[-84.13491071890664,46.714210941365714],[-84.13479621885416,46.71408134135248],[-84.13475061883165,46.7140162413451],[-84.13468961880339,46.71394474133766],[-84.13462071877242,46.71387124133041],[-84.13453681873644,46.71379594132373],[-84.13448351871516,46.713761341321465],[-84.1343691186703,46.713692541317606],[-84.13428511864022,46.71366554131831],[-84.13420871861116,46.71362714131687],[-84.13414001858372,46.713581841313896],[-84.13407911855816,46.71353174130981],[-84.13397991852094,46.71348604130852],[-84.13387321847998,46.71342934130607],[-84.13379681845196,46.71339884130578],[-84.13369761841376,46.71334534130337],[-84.13362141838479,46.713306941301916],[-84.13349161833501,46.713238441298955],[-84.13325511824235,46.713097541291084],[-84.13293471811735,46.71291054128101],[-84.1328889180971,46.712864541276616],[-84.13281261806392,46.71279244126997],[-84.13275921803988,46.7127354412643],[-84.13271341801963,46.712689441259904],[-84.13267531800085,46.712635341253794],[-84.13262941797596,46.7125522412437],[-84.1325837179477,46.71244094122923],[-84.13248441789396,46.71226144120742],[-84.13243871786918,46.71217834119731],[-84.13238541784324,46.712105541189224],[-84.13233941781822,46.712021241178974],[-84.13227841778982,46.71194864117136],[-84.13219461775287,46.71186544116343],[-84.13210301771241,46.711773441154634],[-84.1319276176373,46.71161744114088],[-84.13175961756222,46.7114420411237],[-84.13156891747511,46.71122784110186],[-84.13143171741693,46.71111014109173],[-84.13133241737596,46.71103404108583],[-84.13121791732728,46.710934841077275],[-84.13108061726949,46.710820441067646],[-84.13099661723275,46.7107395410601],[-84.13090511719328,46.71065544105252],[-84.13076781713464,46.71053434104191],[-84.13063051707488,46.71040414102989],[-84.13048551700385,46.710202241007316],[-84.13027951691097,46.709980640985194],[-84.13021851687925,46.709881040973436],[-84.13014971683053,46.70966354094403],[-84.13008871679564,46.709538140928295],[-84.13004301676516,46.70940884091103],[-84.12999731673747,46.709302140897286],[-84.12994381670345,46.70916414087918],[-84.12985981665506,46.70898864085708],[-84.12979131661447,46.70883634083767],[-84.12971491656987,46.708671940816814],[-84.12963091650082,46.70832894076894],[-84.12948611640542,46.707928940715846],[-84.12940211636163,46.70779064069946],[-84.1293335163187,46.7076192406771],[-84.12924951627366,46.707470840659155],[-84.12921141624834,46.7073638406449],[-84.12916561621587,46.70721884062529],[-84.12911981618439,46.70708174060685],[-84.12910461615975,46.706921240583036],[-84.1291198161533,46.706829740568075],[-84.12914281615168,46.70675714055555],[-84.12915031612307,46.70650604051647],[-84.12913511609942,46.7063534404939],[-84.1290969160773,46.706272340483665],[-84.12906651606065,46.70621584047671],[-84.12899781603222,46.70616254047251],[-84.12893661600796,46.706123740470154],[-84.12886031597988,46.706093240469876],[-84.12879941596057,46.70609374047351],[-84.12860101588993,46.706032840475714],[-84.12850181585596,46.70601304047845],[-84.12843311583276,46.70600254048086],[-84.12837211581096,46.70598284048141],[-84.12833391579409,46.7059445404777],[-84.1282959157764,46.70589944047301],[-84.12824241575515,46.70586484047082],[-84.12820431574062,46.705845640470095],[-84.12815841572369,46.70582664046983],[-84.12807461569561,46.70581544047298],[-84.1279983156723,46.70582314047866],[-84.12792191565073,46.705845540486536],[-84.12783791562404,46.705845540491445],[-84.12774651559873,46.70587624050151],[-84.12758621555281,46.705917740517215],[-84.12749471552569,46.705933740525026],[-84.12743361550714,46.70594104052971],[-84.12737261549196,46.70597534053858],[-84.12731161547677,46.706009640547414],[-84.12721241544945,46.70604384055848],[-84.12705221540595,46.706104440577114],[-84.12696061538293,46.70615424059012],[-84.12672411531469,46.70621134061272],[-84.12660201528013,46.706246140625176],[-84.1263808152145,46.706284840644045],[-84.12623581517262,46.706319140657826],[-84.12603751511323,46.70634934067401],[-84.12587721506176,46.706345840682836],[-84.12570941500883,46.706349340693144],[-84.12556431496452,46.706364540703966],[-84.12541941491986,46.70637634071422],[-84.12527451486993,46.706345440717975],[-84.12517531483513,46.70631894071962],[-84.12508371480129,46.70628094071916],[-84.1245572146064,46.70605904071576],[-84.12432081450906,46.705879840701904],[-84.12406901440163,46.70565834068257],[-84.12399261436703,46.70557494067415],[-84.12389341432745,46.70551014066999],[-84.12375621427582,46.705445340668014],[-84.12362631422079,46.705334140658486],[-84.12350441417351,46.70526544065503],[-84.12333651410414,46.7051361406449],[-84.12323721405791,46.70501734063243],[-84.12307701399098,46.70488784062184],[-84.12296261394286,46.70479314061395],[-84.12281761387878,46.70464744059996],[-84.12271841383131,46.70451854058594],[-84.12261931378943,46.70443464057882],[-84.12252011373755,46.704269640559225],[-84.12241321368569,46.704125240543235],[-84.12237521366002,46.704014840528465],[-84.12238291365495,46.70395394051859],[-84.12234471363236,46.70386944050785],[-84.12235231362492,46.703789340495106],[-84.1223447136135,46.7037164404843],[-84.12230641358677,46.70359824046831],[-84.12229891356986,46.70348034045063],[-84.12224541352275,46.70323654041621],[-84.1222913135045,46.70296974037252],[-84.12232181347748,46.70267194032484],[-84.12243611347853,46.702385340274084],[-84.12249731347505,46.70219914024187],[-84.1225353134754,46.70210364022492],[-84.12253541346735,46.70203834021492],[-84.12249721344962,46.70199324021017],[-84.12245141343021,46.70195404020681],[-84.12236741340215,46.701942840209966],[-84.12232941338918,46.70193594021116],[-84.12227601337167,46.70193184021363],[-84.1222302133571,46.70193194021635],[-84.1221615133352,46.70193154022025],[-84.12208521330953,46.70192014022296],[-84.12204711329369,46.70188974022053],[-84.12204711328715,46.70183684021239],[-84.12205471328053,46.70176344020062],[-84.1221768133133,46.70171404018593],[-84.12223791333182,46.70170674018119],[-84.12230661335413,46.7017104401778],[-84.12235221336961,46.701718240176326],[-84.12242091339373,46.70173664017513],[-84.12247431341123,46.701740740172674],[-84.12253541342976,46.701733440167985],[-84.12258871344667,46.70173314016482],[-84.12267281346834,46.701691440153496],[-84.12279471349864,46.70162294013583],[-84.12291691352243,46.701500340109845],[-84.1230007135383,46.70141254009142],[-84.12310761356015,46.70131394007],[-84.1232296135919,46.70125664005409],[-84.12336691362236,46.701149340029545],[-84.12348921364865,46.70104704000669],[-84.12355761365816,46.70094733998732],[-84.12361891366925,46.7008792399733],[-84.12364931367232,46.70082553996324],[-84.12367221367396,46.70077993995486],[-84.12368741367457,46.70074573994876],[-84.12370261367509,46.70071043994241],[-84.12370271367139,46.70068003993775],[-84.12364171364455,46.70061983993204],[-84.1235425136044,46.70055053992717],[-84.12348901358412,46.70052393992618],[-84.12344331356489,46.70048573992295],[-84.1233899135399,46.70042083991609],[-84.12337461352428,46.700333539903525],[-84.12339001351789,46.70024193988857],[-84.12340511351043,46.70014253987238],[-84.12342811350229,46.7000170398517],[-84.12344341349392,46.69990973983432],[-84.12345101349075,46.699864539826876]],[[-84.12171141320948,46.702073240268334],[-84.12168861325208,46.702477740331936],[-84.12165801325213,46.70255734034598],[-84.12157401323289,46.70261814036021],[-84.12146721320076,46.70263344036883],[-84.12127651314061,46.70263754038058],[-84.12113151308827,46.70258744038133],[-84.12087211299828,46.70252704038717],[-84.12069671292976,46.7024238403815],[-84.12066621289895,46.702252540356874],[-84.12065081286292,46.70199984031891],[-84.12068891285867,46.70186714029627],[-84.12073471286006,46.70176014027711],[-84.12079571285405,46.70155374024181],[-84.12081861284251,46.701401240217024],[-84.12088731285027,46.70128684019535],[-84.12102481288647,46.70122574017794],[-84.12116961292892,46.70119594016493],[-84.1213146129722,46.70117284015288],[-84.12155871305602,46.701222440146275],[-84.12165791310345,46.70135134016034],[-84.12171141314167,46.70152314018368],[-84.12174181317671,46.7017292402136],[-84.12171901318742,46.701875040237404],[-84.12171141320948,46.702073240268334]],[[-84.12249721332635,46.70099314005625],[-84.12257351333649,46.70087854003413],[-84.12259641333723,46.7008250400246],[-84.12261171333883,46.70079874001965],[-84.12264211334286,46.70075294001081],[-84.12268041335079,46.70071814000325],[-84.12272611336212,46.70069213999659],[-84.12279481337875,46.70064973998602],[-84.1229398134155,46.70057383996591],[-84.12301601343785,46.70055823995903],[-84.12306181345338,46.700565939957556],[-84.12312281347745,46.70060363995982],[-84.12314571348811,46.700631139962695],[-84.12316871349908,46.700660939965935],[-84.12318391350819,46.700695339970366],[-84.12317621351238,46.70074953997916],[-84.12316111351319,46.70079503998706],[-84.12310761349943,46.700821239994184],[-84.12305411348518,46.70084404000082],[-84.12300081347257,46.70087924000936],[-84.1229626134618,46.70089044001328],[-84.12290931344667,46.70090534001868],[-84.12285571343479,46.70094734002827],[-84.12278711342053,46.70100884004175],[-84.12277191342035,46.70104634004844],[-84.12275671341973,46.70108054005454],[-84.12272601341557,46.701126340063404],[-84.12269561341112,46.70116884007171],[-84.12267281340719,46.701195340077106],[-84.12261921339571,46.70124064008723],[-84.12253541336959,46.70124524009283],[-84.12248961335501,46.70124534009554],[-84.1224438133381,46.70122634009527],[-84.12242091332745,46.701198840092346],[-84.12242091332425,46.70117294008838],[-84.12243621332473,46.70113764008207],[-84.1224515133264,46.70111134007714],[-84.12246661332559,46.70106594006924],[-84.12247421332465,46.70103874006463],[-84.12249721332635,46.70099314005625]]]},"properties":{"OGF_ID":119606022,"PROJECT_NAME":"Northland L.","WBY_LID":"16-7200-51762","SURVEY_YEAR":2021,"SCALE_TEXT":null,"SURVEY_METHOD":"GPS","BATHYMETRY_LINE_IND":"Yes","BATHYMETRY_POINT_IND":"No","EFFECTIVE_DATETIME":1655830221000,"GEOMETRY_UPDATE_DATETIME":1507307984000,"SYSTEM_DATETIME":1655850865000,"OBJECTID":52209,"SHAPE.AREA":0,"SHAPE.LEN":0,"HISTORIC_MAP_IND":"Yes"}},{"type":"Feature","id":79393,"geometry":{"type":"Polygon","coordinates":[[[-83.95868916984098,46.77155106045398],[-83.95864076981945,46.771501860449256],[-83.95849376976447,46.77143626044775],[-83.95837866971749,46.77135246044152],[-83.95831456969387,46.771326960441336],[-83.95822596966345,46.771309060443755],[-83.95813266963302,46.77130356044829],[-83.95803046959806,46.77128446045132],[-83.95796876957793,46.771280960454376],[-83.95790646955875,46.771286160458786],[-83.95777556952041,46.77131416047067],[-83.95770316949762,46.77131616047527],[-83.9575422694436,46.77129446048123],[-83.95738106938329,46.771221960479465],[-83.9573166693606,46.771204360480525],[-83.95722406932985,46.77119456048441],[-83.9570785692839,46.77119836049346],[-83.95691796922907,46.77116866049821],[-83.95678216918776,46.77118506050861],[-83.95673566917566,46.77120716051475],[-83.95670216916564,46.77121286051755],[-83.95666716915945,46.77125286052575],[-83.95664716915262,46.771249260526346],[-83.95660796913529,46.77121006052259],[-83.9565616691162,46.77117496051991],[-83.9565293691037,46.77115716051908],[-83.9565001690935,46.77115006051969],[-83.95647226908518,46.77115436052195],[-83.95645376908091,46.771167760525096],[-83.95640376906498,46.771167760527995],[-83.95637946905505,46.7711500605267],[-83.95636096904842,46.77114436052684],[-83.95629956902955,46.77115006053134],[-83.95628046902455,46.77115906053381],[-83.95625836901787,46.77116176053549],[-83.95621676900286,46.77114796053583],[-83.95617966899184,46.77115436053897],[-83.95615816898663,46.771167860542256],[-83.95613296897862,46.771167860543734],[-83.95602116893879,46.771133960545015],[-83.95594876891474,46.77112636054804],[-83.95586846889128,46.77114366055541],[-83.95583926888187,46.77114266055696],[-83.9556582688201,46.77111016056244],[-83.95562916881082,46.77110966056406],[-83.95554996878313,46.77109006056568],[-83.9555000687664,46.771083660567584],[-83.95546076875452,46.77108866057062],[-83.9554165687414,46.771096560574435],[-83.95537666873066,46.7711130605793],[-83.95536366872847,46.77112866058243],[-83.95535366872718,46.771144360585446],[-83.95532726872047,46.77115796058904],[-83.95529446871046,46.771161460591536],[-83.95526306870009,46.77115866059293],[-83.95522806868742,46.771146460593094],[-83.95518096867062,46.771132260593625],[-83.95514546865726,46.77111556059312],[-83.95501936861551,46.771102960598526],[-83.95484446855492,46.77106376060267],[-83.9547316685168,46.77104636060655],[-83.95466626849232,46.77101726060587],[-83.95464416848345,46.771002260604824],[-83.95460416846858,46.77098516060455],[-83.95455916845336,46.77097806060607],[-83.95451706843969,46.7709758606082],[-83.95446996842536,46.77098156061178],[-83.9544415684176,46.77099226061509],[-83.954412968409,46.770996560617434],[-83.95437206839517,46.77099006061877],[-83.9543162683746,46.77096736061854],[-83.95417346832379,46.77092456062029],[-83.95398436825954,46.77089246062635],[-83.95382726820633,46.770867460631585],[-83.95368806816239,46.77087096064027],[-83.95354976811754,46.770864860647364],[-83.953337068039,46.77077816064641],[-83.95328926802166,46.77076106064651],[-83.9532500680074,46.77074676064662],[-83.95321866799733,46.77074606064835],[-83.95317806798498,46.77075116065145],[-83.9531404679731,46.77075186065378],[-83.95310626796102,46.77074246065432],[-83.95306456794651,46.77073266065525],[-83.95303456793532,46.770719260654936],[-83.9529873679171,46.77069396065378],[-83.95296166790787,46.770685360653964],[-83.9529367679004,46.77068886065593],[-83.95288316788282,46.770684960658414],[-83.95282456786123,46.77066176065827],[-83.95278316784577,46.770643260657835],[-83.95273106782791,46.77063326065934],[-83.95267826780906,46.7706168606599],[-83.95261186778676,46.77060756066234],[-83.952502667753,46.77061606066998],[-83.9524804677452,46.77061036067036],[-83.95246256773784,46.77059716066943],[-83.95245406773334,46.77058256066762],[-83.95243556772647,46.77057466066753],[-83.9524162677202,46.77057396066849],[-83.95238696771042,46.77057046066968],[-83.9522513676631,46.770536860672394],[-83.95220856764924,46.77053536067465],[-83.9521783676401,46.770539060676946],[-83.9518213675192,46.77048196068894],[-83.95163576746174,46.770495960701915],[-83.95157256744069,46.77048866070447],[-83.95143946739393,46.77045396070686],[-83.95139016737357,46.770416360703955],[-83.95133206735237,46.77039446070393],[-83.95127016733112,46.770382060705614],[-83.95121026731144,46.77037736070839],[-83.95115506729415,46.77038016071203],[-83.95103036725291,46.77036786071741],[-83.9509313672198,46.77035546072127],[-83.95085716719427,46.7703401607232],[-83.95078856716991,46.770320260724134],[-83.95068486713495,46.7703049607278],[-83.9506477671229,46.77030306072969],[-83.95054986709356,46.770318360737704],[-83.95045946706593,46.770327860744445],[-83.95036366703854,46.77035366075399],[-83.95028796701584,46.77036546076019],[-83.95022416699594,46.770368860764435],[-83.9501631669755,46.770360960766766],[-83.9500149669231,46.77031946076899],[-83.94995956690191,46.77029076076783],[-83.94981946685083,46.770238760767924],[-83.94973686682233,46.77022126077009],[-83.94967026679831,46.7701983607704],[-83.94959516676984,46.77016166076912],[-83.94955986675323,46.77011846076453],[-83.94955606674802,46.77008606075976],[-83.94955036674223,46.77005376075513],[-83.94953696673481,46.77002806075197],[-83.94951506672497,46.77000516074969],[-83.94948176671237,46.76998896074913],[-83.94939426667932,46.76994716074782],[-83.94932476665434,46.769924260748304],[-83.94924856662668,46.76989666074855],[-83.94909916657305,46.76984816074974],[-83.94902016654349,46.76981296074895],[-83.94890596650333,46.769782460750854],[-83.948825066474,46.76975386075116],[-83.94876226645151,46.76973396075176],[-83.9486946664288,46.76972436075422],[-83.94862136640157,46.76969296075363],[-83.94858706638789,46.76967106075229],[-83.94850426635836,46.76964536075315],[-83.94841956632922,46.769628260755425],[-83.94828916628249,46.76958636075656],[-83.94824446626704,46.76957686075774],[-83.94813306622964,46.76956166076186],[-83.94800556618627,46.76953976076588],[-83.9479056661526,46.76952456076934],[-83.94783706612952,46.76951506077187],[-83.94774386609794,46.76949976077497],[-83.94760586605541,46.76951216078486],[-83.94753826603248,46.76950076078708],[-83.94747736601283,46.769498860790286],[-83.94741456599313,46.76950166079439],[-83.9473335659702,46.769524960802684],[-83.94729746596035,46.76953886080694],[-83.94726446595338,46.76956756081323],[-83.94721896594868,46.76964716082812],[-83.94715276593321,46.76969296083901],[-83.947042365905,46.76975006085422],[-83.94691216587115,46.7698123608714],[-83.94678776583841,46.76986816088719],[-83.94668446580836,46.76989196089687],[-83.94656456577327,46.76991766090777],[-83.94646086574211,46.76993286091615],[-83.94639896572338,46.769941460921075],[-83.94632876570472,46.76997156092979],[-83.94622616568026,46.77003856094605],[-83.9461826656731,46.770093060957],[-83.94600816563015,46.770196260982985],[-83.94596406562044,46.770231460990985],[-83.94589836560128,46.77024596099702],[-83.9458193655776,46.770258361003556],[-83.94574696555729,46.770281161011276],[-83.94571276554807,46.77029456101532],[-83.94568306554227,46.770324561021646],[-83.94564326553235,46.77034686102739],[-83.94560236552188,46.770368061033025],[-83.94556516551192,46.77038306103751],[-83.94548906548741,46.77038116104161],[-83.94538246545395,46.77038586104852],[-83.94530626543099,46.770396361054594],[-83.94523016540776,46.77040496106034],[-83.9451587653838,46.77039546106302],[-83.94507216535631,46.7703963610682],[-83.94503026534268,46.77039446107031],[-83.94496466531932,46.77037446107111],[-83.9449055652985,46.77035826107204],[-83.94483996527532,46.770340161073044],[-83.9447565652484,46.77033756107752],[-83.94460796519971,46.77032696108448],[-83.94447096515235,46.77029706108789],[-83.94435366511443,46.77029296109406],[-83.94431006510118,46.77029846109743],[-83.94420606507173,46.770328261108055],[-83.94410756504845,46.77039466112404],[-83.9439754650145,46.77046096114187],[-83.94384036497608,46.77049896115558],[-83.9436808649356,46.77058326117786],[-83.9436421649283,46.77062426118635],[-83.94355096490757,46.77069186120209],[-83.94348386489509,46.77076456121715],[-83.94343306488811,46.770839461231645],[-83.94337576488245,46.7709416612507],[-83.94337246488857,46.77099996125984],[-83.94333236488828,46.77110136127778],[-83.94331186489637,46.77122016129722],[-83.94328546489463,46.77127456130714],[-83.943252264888,46.77130686131403],[-83.94315406487709,46.771472361345246],[-83.94308436486298,46.7715380613594],[-83.9430458648585,46.77160156137141],[-83.9429568648384,46.7716688613869],[-83.94292866483329,46.77170066139349],[-83.9429132648342,46.771747961401644],[-83.94288316483055,46.77179626141082],[-83.94284706482334,46.77183116141825],[-83.94279116481816,46.771933861437304],[-83.94277186482302,46.77202306145214],[-83.94267726480871,46.77215176147743],[-83.94264246480515,46.7722128614889],[-83.94259906479739,46.772262661499084],[-83.94258586479654,46.77229006150404],[-83.94255126479071,46.772332261512545],[-83.94251946478353,46.772356161518076],[-83.94242096476478,46.77245886153962],[-83.94240076476302,46.772496761546634],[-83.94239066476544,46.77254256155422],[-83.94236936476405,46.772586561562214],[-83.94231276475529,46.772661961577114],[-83.9422880647582,46.772749861592054],[-83.94224076475182,46.77282016160562],[-83.94222846475843,46.77290596161956],[-83.94222556476439,46.77296166162832],[-83.94223256477008,46.772989861632226],[-83.9422012647742,46.77310436165164],[-83.94218276477726,46.77317716166392],[-83.9421736647797,46.77322056167116],[-83.9421529647773,46.773254661677605],[-83.94210706476522,46.77327566168351],[-83.94207806476113,46.7733173616916],[-83.94204566475163,46.77332426169452],[-83.94203136474904,46.77333996169776],[-83.94201126474645,46.77337126170374],[-83.9419742647387,46.77340386171097],[-83.94196006473531,46.77341316171321],[-83.94194726473532,46.77344626171904],[-83.9419092647296,46.77349836172926],[-83.9418439647163,46.77355956174248],[-83.9418036647076,46.77359306174994],[-83.94177446470256,46.77362806175704],[-83.94175086469994,46.77366796176455],[-83.94171946469568,46.77371436177349],[-83.94171736469691,46.773730061776014],[-83.94172966470303,46.77374786177809],[-83.94174156471017,46.77377506178154],[-83.94174516471503,46.77380506178598],[-83.9417387647163,46.77383216179047],[-83.94173226471864,46.773867861796354],[-83.94172156472138,46.77391786180467],[-83.9417175647237,46.773947061809416],[-83.94170016472363,46.77399136181726],[-83.94167636471873,46.774013361822036],[-83.941653264712,46.77401866182417],[-83.94157716469132,46.774047961833105],[-83.94154456468145,46.7740520618356],[-83.94152386467572,46.774059161837876],[-83.94150106467099,46.77407986184245],[-83.94148456466928,46.774108461847746],[-83.94146966466815,46.77413766185315],[-83.9414653646709,46.774171261858555],[-83.94148536467966,46.77419056186038],[-83.94150816468864,46.77420476186119],[-83.94151606469329,46.77422196186339],[-83.94151246469592,46.77425266186834],[-83.9414938646951,46.77429406187577],[-83.9414760646937,46.77432896188218],[-83.94145396469021,46.77435756188787],[-83.94142826468699,46.77439826189564],[-83.94141606468673,46.774427561900836],[-83.94140256468549,46.774452461905476],[-83.94137466468132,46.77449106191301],[-83.94137036468435,46.77452676191877],[-83.94136826468915,46.77457096192567],[-83.94136186469316,46.77462026193364],[-83.94132966469282,46.77470096194793],[-83.94131976469383,46.774734461953635],[-83.94132046469686,46.77475726195711],[-83.94130756469801,46.77480016196445],[-83.94128826469642,46.77483726197133],[-83.9412604646929,46.77488076197963],[-83.94123186468704,46.774907261985355],[-83.94119766467935,46.77493296199128],[-83.94116266467131,46.77495856199726],[-83.94113056466372,46.77498006200244],[-83.94111156465969,46.77499666200607],[-83.94108756465559,46.77502546201191],[-83.94107476465769,46.77507546202035],[-83.941069064662,46.775125362028355],[-83.94104906466406,46.77519396204008],[-83.9410533646728,46.775253862049055],[-83.94106906468924,46.7753466620624],[-83.94108046469835,46.77539096206852],[-83.94107756470677,46.77546666208035],[-83.94108186471604,46.77553086208997],[-83.94109616472497,46.775566562094646],[-83.94111896473649,46.77560086209857],[-83.9411389647478,46.77564076210354],[-83.941150464756,46.7756779621086],[-83.94114756476003,46.7757178621149],[-83.94112326475737,46.77575926212272],[-83.94109046475326,46.77581066213249],[-83.94104476474497,46.77586206214308],[-83.94102046474043,46.77588776214842],[-83.94092346471771,46.77595486216441],[-83.94086206470342,46.77599776217455],[-83.94077776468131,46.776036262185414],[-83.94069276466074,46.776089462198485],[-83.94056676462579,46.7761320622124],[-83.94047936460231,46.77616766222294],[-83.9404023645823,46.77620476223311],[-83.94035286456817,46.77621816223805],[-83.9403454645656,46.7762160622382],[-83.94029376455013,46.77622476224252],[-83.94025236453761,46.776230262245754],[-83.94021856452947,46.776251562251005],[-83.94019446452593,46.77628526225761],[-83.94013316451165,46.77632826226779],[-83.9400198644812,46.77637466228148],[-83.93974266440178,46.776447362308815],[-83.9397100643942,46.77647016231423],[-83.93959856436604,46.776530262329935],[-83.93948146433448,46.776577362343964],[-83.9393772643067,46.776621662356824],[-83.93929156428585,46.77667446236992],[-83.93918536426209,46.77675646238873],[-83.93908556423656,46.77680766240238],[-83.93899266421055,46.776836662412286],[-83.93892436419257,46.77686766242101],[-83.93877196414675,46.77689026243336],[-83.93855226408738,46.77697716245949],[-83.93845026405761,46.77699986246889],[-83.93828106401057,46.777056162487426],[-83.93823296399835,46.77708116249405],[-83.93820216399122,46.77710296249917],[-83.93802116394295,46.777179662521505],[-83.93790376391222,46.77723456253678],[-83.93785576389857,46.77724796254164],[-83.93779836388036,46.77724866254506],[-83.93770066384624,46.77722496254713],[-83.93753736379647,46.77724366255947],[-83.93736166374121,46.7772500625707],[-83.93725036370904,46.77727726258132],[-83.93713706367298,46.77727756258797],[-83.93687416359191,46.77729996260667],[-83.93678396356219,46.7772926626108],[-83.93650666347503,46.77730306262852],[-83.9363714634332,46.77731356263798],[-83.936276363403,46.77731456264367],[-83.93618016337199,46.77731166264885],[-83.93603746332751,46.77732026265845],[-83.93592126329267,46.777338262668],[-83.9358051632589,46.77736496267884],[-83.93574616324348,46.777392662686495],[-83.93568026322541,46.77741656269402],[-83.93563716321326,46.77742916269846],[-83.935595063202,46.77744706270366],[-83.93557156319741,46.777470562708636],[-83.93555936319666,46.77749626271331],[-83.93554366319492,46.77752276271831],[-83.93553106319403,46.77754816272292],[-83.93548056318512,46.777606562734846],[-83.9354192631728,46.77766496274738],[-83.93515156311729,46.77790796280032],[-83.93509156310093,46.77793006280724],[-83.93504396309011,46.7779657628155],[-83.93500236308215,46.77800856282448],[-83.93495596307244,46.7780501628336],[-83.93485836304733,46.77809896284678],[-83.93479766303425,46.778150162858154],[-83.93471676301665,46.77821676287313],[-83.9346775630091,46.778257162881616],[-83.93461526299507,46.778304162892454],[-83.93447956295984,46.778369462910405],[-83.93433786292552,46.77845806293224],[-83.93429756291798,46.77850086294118],[-83.9342783629143,46.778521262945404],[-83.93425656291569,46.778588662957084],[-83.93421456291247,46.77867126297221],[-83.93421266291885,46.77872836298109],[-83.93424276294242,46.77884156299675],[-83.9342275629431,46.77888656300455],[-83.93410156291506,46.77898496302703],[-83.93393546287395,46.77908126305149],[-83.93383826285502,46.779179563072255],[-83.93348086276971,46.77941236312883],[-83.93337056275136,46.77954916315628],[-83.93327116272485,46.779590963168495],[-83.93308206267054,46.779639763187],[-83.9330239626558,46.77967106319519],[-83.93297876264666,46.77971366320439],[-83.93294146264144,46.77976776321488],[-83.9329216626417,46.77982126322424],[-83.9329112626485,46.779903463237495],[-83.93293326267623,46.78007166326205],[-83.93298676270727,46.78018486327639],[-83.9330236627338,46.78030456329264],[-83.93315696281343,46.780606163331264],[-83.9332759628766,46.78081046335578],[-83.93338526293282,46.780984163376125],[-83.93348996298775,46.781158963396976],[-83.93357676303334,46.781304163414205],[-83.93374576311463,46.78152666343862],[-83.93390436318705,46.781703663456625],[-83.93393606320491,46.78176676346447],[-83.93395896321611,46.781798163467975],[-83.93399176323113,46.78183526347175],[-83.93405196325968,46.781911163479926],[-83.9340959632774,46.781940963481965],[-83.93410746328314,46.78195806348395],[-83.93412166328909,46.7819694634849],[-83.93415316330439,46.78201186348956],[-83.93421036334283,46.7821761635115],[-83.93419976336368,46.78237286354236],[-83.93420596336998,46.782407663547346],[-83.93419816337146,46.78243976355273],[-83.93420516337764,46.7824719635573],[-83.93423306339201,46.782516263562506],[-83.93436436345286,46.78267046357859],[-83.93440866347967,46.7827732635918],[-83.93445866350457,46.78284606360008],[-83.9344957635256,46.78292036360934],[-83.93448716353132,46.78298886362036],[-83.93449286353767,46.78302596362573],[-83.93451146354674,46.78305166362865],[-83.93453576355749,46.78307596363097],[-83.93453996356237,46.78310446363509],[-83.93450426355591,46.78314446364333],[-83.93446576354854,46.78318446365173],[-83.93443576354619,46.78324296366245],[-83.9344186635499,46.783317263674874],[-83.93441296355721,46.783391463686634],[-83.93443866357488,46.783468563696985],[-83.9344628635888,46.78351856370326],[-83.93452286361581,46.783582763709646],[-83.93462566366095,46.78368266371902],[-83.93470706369817,46.78377406372834],[-83.93480696374641,46.783906863742956],[-83.93490836379279,46.784021063754615],[-83.9350096638355,46.78410526376167],[-83.93515246389461,46.784215263770314],[-83.93526096394383,46.7843337637822],[-83.93532806397154,46.78438516378622],[-83.93537376399388,46.784447963793234],[-83.93548796404525,46.784569263805245],[-83.93556506407758,46.784632063810385],[-83.93559936409221,46.784662063813045],[-83.93571356413706,46.78473066381691],[-83.93589346421014,46.784857663826],[-83.936273164361,46.785098963841065],[-83.93643306442534,46.785207463848394],[-83.93663586450744,46.78534876385832],[-83.93675576455203,46.785400163859286],[-83.93686856459684,46.78547156386373],[-83.93697846463768,46.78551866386455],[-83.93706846467026,46.78555006386414],[-83.93715696469903,46.78555436385967],[-83.93720266471149,46.785537263854394],[-83.93726976473185,46.78552866384918],[-83.9373425647563,46.78553866384645],[-83.93738966477147,46.78554006384396],[-83.93743966478623,46.785530163839525],[-83.93748246480106,46.78554006383855],[-83.93754526482202,46.78554726383598],[-83.93759666483878,46.785550063833455],[-83.93765086485902,46.78557436383402],[-83.9377208648889,46.785635763839394],[-83.93775946490565,46.78567146384266],[-83.93781366492871,46.78571856384676],[-83.9378450649435,46.78575716385083],[-83.93790216496609,46.785792763853],[-83.93792076497682,46.78583136385783],[-83.93793356498722,46.78588276386502],[-83.93796216500427,46.78594696387321],[-83.93799786502112,46.78599126387797],[-83.93803776503911,46.786034063882255],[-83.93807346505508,46.786071163885865],[-83.93810776507094,46.78611116389004],[-83.93815056508777,46.78613686389146],[-83.93820346510954,46.78617686389455],[-83.93822486512272,46.78622826390124],[-83.93822626512949,46.78627966390901],[-83.93824336513745,46.7862996639111],[-83.93828336515507,46.78633956391489],[-83.93833336517953,46.78640816392255],[-83.93838046520138,46.7864638639284],[-83.93842186522235,46.78652666393563],[-83.93845896524033,46.78657656394115],[-83.93850136525992,46.78662586394627],[-83.93851746527058,46.78667086395226],[-83.93854316528198,46.78669656395469],[-83.93858606529777,46.786713663954814],[-83.93863176531303,46.78671936395307],[-83.93866746532338,46.78671076394965],[-83.93870026533241,46.786699363946],[-83.93873166534209,46.78669656394374],[-83.93876166535252,46.78670366394309],[-83.93879876536668,46.78672226394376],[-83.93882736537776,46.78673796394454],[-83.938857265389,46.78675216394499],[-83.93889156540105,46.786760763944315],[-83.93892296541101,46.78676076394247],[-83.93895156542085,46.786766463941724],[-83.93897726543048,46.78677786394199],[-83.93902286544728,46.78679646394217],[-83.93905486545896,46.78680806394208],[-83.93912136548421,46.78684076394326],[-83.93913716549115,46.78685646394477],[-83.93917996550623,46.78686786394403],[-83.93924566552859,46.78687926394191],[-83.93935056556364,46.78689226393784],[-83.93946986560776,46.786941463938454],[-83.93955946564289,46.786994463941426],[-83.93959206565762,46.787029663944956],[-83.93962726567091,46.78704676394551],[-83.93967106568654,46.78706006394498],[-83.93973296570827,46.78707626394389],[-83.93979386572876,46.78708486394168],[-83.93985956574942,46.78708196393743],[-83.9399137657675,46.78708866393528],[-83.93996646578566,46.78709936393388],[-83.94002326580582,46.78711626393317],[-83.94007846582382,46.78711916393037],[-83.94014606584722,46.78713436392879],[-83.94020506586828,46.78715246392818],[-83.94025736588826,46.78717906392924],[-83.94028786590135,46.78720666393166],[-83.94032206591523,46.78723046393335],[-83.94036496592994,46.78723906393216],[-83.94041826594793,46.78724666393024],[-83.94047726596894,46.78726476392963],[-83.94053336598918,46.78728376392924],[-83.94054856599429,46.787285863928695],[-83.94064096602635,46.787306663926536],[-83.94070946605042,46.78732466392534],[-83.94078656607772,46.78734656392418],[-83.94085226609843,46.78734466392011],[-83.94091506611855,46.787345663916604],[-83.94096736613716,46.78736086391584],[-83.94101406615287,46.787367563914195],[-83.94107396617302,46.78737606391199],[-83.94113776619398,46.78738086390903],[-83.94120626621523,46.7873760639043],[-83.94127676623644,46.78736566389858],[-83.94134816625882,46.787362763894016],[-83.94143856628288,46.78732376388276],[-83.94152986630603,46.78727516386997],[-83.94163186633517,46.787247963859876],[-83.94168606634932,46.787222263852776],[-83.9417446663615,46.78716946384128],[-83.94178456636718,46.78711236383012],[-83.94182886637198,46.78703666381593],[-83.94186166637522,46.78697816380501],[-83.94189596637611,46.7868967637905],[-83.9419145663754,46.78684256378112],[-83.94191966637443,46.78682146377754],[-83.94194156637455,46.78676596376778],[-83.9419266663642,46.78672036376161],[-83.94193806636383,46.78668796375595],[-83.94197046637089,46.78666126374997],[-83.94210946641063,46.78662396373614],[-83.94232016647297,46.78658476371785],[-83.94234046647925,46.786583063716414],[-83.94240106649552,46.78655836370913],[-83.94247176651372,46.78652286369953],[-83.94250536651899,46.786478563690764],[-83.94254346652573,46.78643476368185],[-83.94258146653411,46.786404363674954],[-83.94263476654477,46.786352963663916],[-83.9427337665667,46.78627486364616],[-83.9428041665845,46.786236763636225],[-83.94288606660639,46.78620256362619],[-83.94297746662966,46.78615496361354],[-83.9430307666399,46.78609976360199],[-83.94310686665854,46.78605406359055],[-83.94314876666932,46.78603316358487],[-83.94320016668597,46.78603506358219],[-83.94325156669926,46.78601026357539],[-83.94329156670898,46.785985563569284],[-83.94333716672239,46.785976063565144],[-83.94336386672876,46.78595886356092],[-83.9434152667433,46.78594366355561],[-83.94344246675155,46.78594036355351],[-83.94350286677356,46.78596266355345],[-83.94353136678474,46.78597986355443],[-83.94358276680163,46.78598366355203],[-83.94363796681714,46.785966463546174],[-83.94367226682525,46.78594366354066],[-83.94370646683501,46.785934163537235],[-83.9437274668424,46.78593986353685],[-83.94373806684676,46.785947863537515],[-83.94376336685579,46.785955463537206],[-83.94378456686225,46.78595316353562],[-83.94381496687174,46.78595126353353],[-83.94383276687705,46.78594866353209],[-83.94395636691969,46.78597476352892],[-83.94397916692756,46.78597946352835],[-83.94407696696344,46.78601746352847],[-83.94415786699201,46.78604006352725],[-83.94421856701284,46.78605196352558],[-83.94426496702842,46.786057963523774],[-83.94429706703806,46.78605316352116],[-83.94434346705327,46.78605676351903],[-83.94437086706381,46.786071063519614],[-83.94440536707535,46.78607576351836],[-83.94444346708741,46.78607456351592],[-83.94449336710271,46.78606986351231],[-83.94457356713005,46.78608396350981],[-83.94463476715286,46.78611066351039],[-83.9446968671737,46.786119263508105],[-83.94477536720251,46.7861495635082],[-83.94483526722297,46.78616056350636],[-83.94487886723688,46.78616086350389],[-83.94495616726444,46.786184063502944],[-83.94500616728287,46.786204263503144],[-83.94505496730021,46.78621856350253],[-83.94510376731739,46.786231663501695],[-83.94517506734144,46.78624236349922],[-83.94523456736009,46.78623996349535],[-83.94530476738092,46.786226863489276],[-83.9453630673989,46.78622216348518],[-83.94543566742104,46.78621376347965],[-83.94548916743705,46.78620546347527],[-83.94557726746254,46.78618406346682],[-83.94566286748821,46.78617096345985],[-83.94572956750653,46.78614716345231],[-83.94582946753373,46.78610906344065],[-83.94589136754875,46.786071063431194],[-83.9459424675595,46.78602586342128],[-83.94597226756402,46.785985363413296],[-83.94601866757519,46.78595566340608],[-83.94608286759491,46.78594966340144],[-83.94612566760632,46.785931863396186],[-83.94616136761437,46.78590446338987],[-83.9461851676183,46.78587476338394],[-83.94625606763809,46.7858517633763],[-83.94632916765869,46.78582956336864],[-83.94638506767193,46.7857926633597],[-83.94644926768902,46.78576526335174],[-83.94649686770144,46.785742663345474],[-83.94656236771984,46.78572246333857],[-83.94664676774602,46.785716463332754],[-83.94670156776202,46.78570456332773],[-83.94677646778445,46.78569266332155],[-83.9468347678003,46.78567006331471],[-83.94688456781222,46.785637963306826],[-83.9469346678283,46.78563916330415],[-83.94697036784102,46.78564986330366],[-83.94701086785425,46.7856522633017],[-83.94705486786519,46.785627263295304],[-83.94709416787484,46.785603463289355],[-83.94710486787469,46.78557496328437],[-83.94711076787306,46.785546363279614],[-83.94711436787085,46.78551896327518],[-83.94712386787093,46.78549516327096],[-83.94713936787456,46.785484463268446],[-83.94716316788144,46.78547856326614],[-83.94720116789321,46.785476163263596],[-83.94725116791312,46.7855082632656],[-83.94729046792713,46.785520163265105],[-83.94733686794265,46.78552616326336],[-83.94738566795809,46.7855249632603],[-83.94743206797101,46.78550946325526],[-83.94744866797362,46.78548806325097],[-83.94747846798019,46.78546426324561],[-83.9475295679927,46.785433363237885],[-83.9475712680035,46.785413163232356],[-83.94762596801935,46.78540006322718],[-83.94765686802761,46.785386963223324],[-83.94770086803975,46.78537146321841],[-83.94775326804849,46.7853072632055],[-83.94780436805834,46.78525486319446],[-83.94783776806196,46.78519776318375],[-83.94785316805499,46.785101363168],[-83.94783056803564,46.785002663154124],[-83.94780796802225,46.78495266314776],[-83.94778776800659,46.78487776313746],[-83.94775796799078,46.7848265631313],[-83.94773246797773,46.784786663126646],[-83.94769996795779,46.78470926311663],[-83.94768306793567,46.78457346309674],[-83.94767656792675,46.78451786308856],[-83.94765326790998,46.78444226307828],[-83.94764376789966,46.78438276306973],[-83.94765446789688,46.78433286306141],[-83.9476806678969,46.784265063049446],[-83.94770086789734,46.784216263040776],[-83.94769966789207,46.78417696303482],[-83.94769496788298,46.78411516302557],[-83.94765216786344,46.784067563020734],[-83.94763046785513,46.78405626302027],[-83.94758746783612,46.784013263016156],[-83.94755576781351,46.78391166300239],[-83.94752956779516,46.783830762991464],[-83.94749626777605,46.783761762982785],[-83.94747846775657,46.78364996296663],[-83.94747486774445,46.78356066295309],[-83.9474700677372,46.78351426294627],[-83.9474508676986,46.78325086290689],[-83.94743746767111,46.78306246287867],[-83.94746036766102,46.78292156285565],[-83.94747556765462,46.78283016284075],[-83.94746416763059,46.782664562815945],[-83.94746416761556,46.782542762797235],[-83.94745276759362,46.78239426277504],[-83.9474527675751,46.782243962751956],[-83.94746796756846,46.78215066273672],[-83.94748316755947,46.78203836271855],[-83.94753266756469,46.78195266270249],[-83.94757836756634,46.78184796268375],[-83.94760116756449,46.781773762671016],[-83.9476202675553,46.78164996265084],[-83.94765446754627,46.78148816262395],[-83.9476678675393,46.7813968626092],[-83.94770626753461,46.78125956258586],[-83.94770326752698,46.78120516257764],[-83.94774396752274,46.7810655625538],[-83.94777256752319,46.78099516254129],[-83.94778396751745,46.78091906252899],[-83.94780486751003,46.780804862510145],[-83.94782196750778,46.780741962499505],[-83.94783156750496,46.780694362491616],[-83.94785436749835,46.780582062473066],[-83.94786006749013,46.78050026246012],[-83.94787146748672,46.78044316245068],[-83.94789436748391,46.78036126243674],[-83.9479247674887,46.78032126242882],[-83.94793676749102,46.78030876242623],[-83.94798586750517,46.78029706242158],[-83.94802636751665,46.780285162417385],[-83.94805486752367,46.78026846241313],[-83.948072767525,46.78023276240661],[-83.94809766752837,46.78019586239949],[-83.94813936753816,46.78016736239269],[-83.94820596755548,46.78013526238389],[-83.94826546757045,46.78010306237545],[-83.94832736758725,46.78007936236822],[-83.9483939676072,46.78006856236271],[-83.94847726763044,46.780041262353656],[-83.94854866765053,46.78001986234619],[-83.94862596767327,46.78000436233934],[-83.94868426768633,46.77995916232895],[-83.94873656769758,46.779915162319206],[-83.94879256771173,46.779885362311305],[-83.94883416772299,46.77986876230636],[-83.94886266772897,46.779843762300864],[-83.9489102677383,46.77979616229077],[-83.9489757677551,46.779762862281835],[-83.94901496776585,46.7797485622774],[-83.94906256777966,46.77973786227296],[-83.94909946778864,46.77971526226731],[-83.94913036779396,46.77967836225985],[-83.94913516778948,46.77962956225205],[-83.94913996777989,46.7795391622379],[-83.94915186777826,46.77949516223044],[-83.94919816778761,46.77945116222099],[-83.94924346779413,46.77938686220845],[-83.94931006781023,46.7793452621982],[-83.94935166782075,46.77932266219227],[-83.94937666782477,46.779290562185864],[-83.94939096782782,46.779278662183216],[-83.94943426784099,46.77927326217989],[-83.94944876784609,46.77927706217965],[-83.949486167861,46.77930126218118],[-83.94954326787965,46.7793047621784],[-83.9496645679183,46.77930476217134],[-83.94973356793973,46.77930006216662],[-83.94980376796343,46.77931076216414],[-83.94984896797847,46.77931546216227],[-83.94989656799216,46.77930366215766],[-83.94996316801121,46.77928576215105],[-83.95001436802356,46.77925366214313],[-83.9500333680261,46.77922506213763],[-83.95006076803311,46.77921086213382],[-83.95009646804407,46.77920726213125],[-83.95013456805664,46.779210862129524],[-83.95017136806733,46.779202462126136],[-83.95020116807423,46.77918106212109],[-83.95025116808769,46.77916086211506],[-83.95028326809822,46.77916326211361],[-83.95031896811122,46.779176262113495],[-83.95035696812388,46.77918106211204],[-83.9504117681399,46.779169162107],[-83.95047836815881,46.77915016210025],[-83.95054496817744,46.779128762093045],[-83.95063066820227,46.77910846208494],[-83.95068656821726,46.77908586207825],[-83.9507448682337,46.77906806207208],[-83.95086146826443,46.779015662057304],[-83.95092686827928,46.77896696204596],[-83.95098276828905,46.77890146203263],[-83.9510363683,46.778851562021885],[-83.95111966831875,46.7787884620073],[-83.95116366832663,46.77873846199706],[-83.95121126833493,46.778682561985704],[-83.95124576834024,46.778636161976564],[-83.95125766833783,46.77858616196815],[-83.95125986833544,46.77856086196418],[-83.9512695683318,46.778506461955246],[-83.95128496833424,46.77848626195126],[-83.95131626834137,46.77846286194578],[-83.95134096834757,46.77844936194232],[-83.95138376835875,46.778429161936735],[-83.95141946836745,46.778407761931305],[-83.95146936838015,46.77838156192441],[-83.95152296839096,46.778330461913434],[-83.95156106839751,46.77828516190424],[-83.95161576841087,46.77825186189596],[-83.95167406842283,46.77819836188429],[-83.95172756843436,46.77815316187426],[-83.95177636844554,46.7781174618659],[-83.95180606845423,46.77811136186329],[-83.95183446846083,46.778091161858484],[-83.95184176846183,46.778080561856434],[-83.95188056846887,46.77803706184748],[-83.95191436847723,46.77801756184256],[-83.95195036848403,46.777979861834666],[-83.95196906848466,46.7779365618269],[-83.95200356849217,46.77790806182053],[-83.9520345684991,46.77788426181506],[-83.95203806849905,46.77787476181336],[-83.95203686849545,46.77784856180943],[-83.95202976849069,46.77782836180673],[-83.95203576849,46.77780696180311],[-83.9520476684922,46.777793861800355],[-83.95207256849761,46.777773661795806],[-83.9521082685074,46.777760561791744],[-83.95212496851083,46.77774506178842],[-83.9521332685095,46.777712961783],[-83.95217136851943,46.777695061777976],[-83.95219156852353,46.777676061773874],[-83.9522082685252,46.77764636176839],[-83.9522224685243,46.77760226176075],[-83.95223436852503,46.777577361756244],[-83.95226056852911,46.7775427617494],[-83.95232246854493,46.77751066174087],[-83.9523890685638,46.777491661734054],[-83.95242836857474,46.77747856172978],[-83.95247946859135,46.77748096172715],[-83.95251876860209,46.77746666172268],[-83.95257346861618,46.77743926171529],[-83.95260916862357,46.77740716170826],[-83.95265556863048,46.7773429616957],[-83.95269606863872,46.7773048616875],[-83.95272696864133,46.7772465616767],[-83.95277096864906,46.7771953616663],[-83.95282446866148,46.77715736165731],[-83.95288166867607,46.777127561649415],[-83.95293756868959,46.777093061640876],[-83.95299466870331,46.7770561616319],[-83.95301486870564,46.77702286162554],[-83.9530541687108,46.776963461614145],[-83.95309096871644,46.77691346160433],[-83.95312556872231,46.7768717615959],[-83.95316476872735,46.77681116158431],[-83.95320646873375,46.77675516157327],[-83.95325876874192,46.7766861615596],[-83.95329086874409,46.776620761547704],[-83.95329926874122,46.77657556154026],[-83.95330036873521,46.77652436153229],[-83.95331706873337,46.77646606152237],[-83.95333846873129,46.77639356150995],[-83.9533670687325,46.776329261498425],[-83.95340626873484,46.77624716148354],[-83.95343956873904,46.77619486147349],[-83.95346696874306,46.77615676146607],[-83.95353956876328,46.77613296145819],[-83.9536097687822,46.77610446144974],[-83.953626968787,46.77609936144794],[-83.9537358688202,46.776086561439655],[-83.95379296883826,46.77608536143616],[-83.95385246885544,46.77607116143052],[-83.95391546887143,46.776037761421705],[-83.95400116889408,46.77599976141085],[-83.95408206891578,46.775966461401055],[-83.95416536893782,46.77592956139054],[-83.95421176894982,46.77590696138433],[-83.95430266897597,46.775883661375445],[-83.9543497689913,46.77588666137323],[-83.95439376900286,46.775866461367514],[-83.9544472690179,46.77584986136187],[-83.95451276903852,46.775847461357706],[-83.9545734690586,46.77585336135504],[-83.95463886908031,46.775860561352374],[-83.9546923690984,46.775868861350546],[-83.95474266911422,46.77586736134739],[-83.9547841691271,46.77586426134449],[-83.9548208691372,46.775851061340305],[-83.95484706914141,46.7758176613337],[-83.95489706915413,46.77579156132676],[-83.9549297691628,46.775777161322644],[-83.95497916917843,46.77577606131959],[-83.95504796920018,46.77577436131533],[-83.95507866921082,46.77578156131464],[-83.95510546921915,46.77577976131279],[-83.95512306922302,46.775765361309546],[-83.95518846924048,46.77573796130155],[-83.9552646692605,46.775703461291805],[-83.95531696927372,46.7756749612844],[-83.95536216928373,46.77563926127625],[-83.95544226929908,46.7755566612589],[-83.9554672693046,46.7755368612544],[-83.95553656932222,46.77550046124476],[-83.95564646935355,46.77547036123375],[-83.95576076938721,46.775447661223616],[-83.95587026941952,46.77542626121399],[-83.95594876944394,46.77542156120865],[-83.95601296946425,46.77542036120474],[-83.95615136950295,46.77537606118988],[-83.9562864695433,46.775353661178606],[-83.95644746958799,46.77529966116094],[-83.9565257696108,46.77528236115369],[-83.95657686962069,46.775230261142724],[-83.95658846962355,46.775223561141054],[-83.95665136964202,46.775210761135384],[-83.95671616966288,46.77521216113186],[-83.9567839696829,46.77519906112586],[-83.95685886970557,46.77518956112006],[-83.95690886972127,46.775187161116826],[-83.95697186973882,46.77516696110998],[-83.95702906975312,46.77513476110175],[-83.95711466977767,46.77511216109326],[-83.95720986980625,46.77509796108553],[-83.95722316980964,46.77509126108377],[-83.95727766982787,46.77509796108159],[-83.95735736985404,46.77510386107788],[-83.95742046987311,46.77509556107295],[-83.95746926988721,46.775083661068265],[-83.95751676989971,46.775062261062246],[-83.95753776990213,46.77502756105567],[-83.9575851699054,46.77493156103816],[-83.95763716991218,46.77485166102284],[-83.95768246992219,46.7748157610147],[-83.95774996994038,46.77478856100656],[-83.95781306995725,46.774762360998885],[-83.95792036998576,46.77471586098548],[-83.95794796999353,46.774707860982616],[-83.95799657000534,46.77467776097515],[-83.9581009700344,46.774643460963816],[-83.95814857004652,46.77461846095723],[-83.9582104700655,46.7746124609527],[-83.95824257007516,46.7746077609501],[-83.95828657008818,46.77459946094625],[-83.95831747009746,46.77459466094373],[-83.958362670112,46.77459586094127],[-83.95839367012024,46.774582760937456],[-83.95841987012615,46.77456256093284],[-83.9585531701548,46.77445046090787],[-83.95859387016426,46.77442196090107],[-83.95859537016467,46.77442096090084],[-83.95864347017617,46.77439006089334],[-83.95866967018073,46.774359060887015],[-83.9587005701879,46.77433766088194],[-83.9587362701949,46.774301960874354],[-83.9587814702055,46.77427106086698],[-83.95884577022412,46.77425556086088],[-83.95889567023873,46.77424486085631],[-83.95897547026343,46.77423896085073],[-83.95904207028512,46.77424246084741],[-83.9591621703249,46.774254360842264],[-83.95926807036071,46.77427106083868],[-83.95930977037695,46.7742948608399],[-83.95935377039348,46.77431506084044],[-83.95937157040014,46.77432336084069],[-83.9593895704055,46.7743202608392],[-83.95947037043047,46.774313860833495],[-83.95949417043704,46.774305560830854],[-83.95953887045128,46.77430556082826],[-83.95957147046289,46.774315060827796],[-83.95963457048241,46.77431036082342],[-83.95970587050472,46.7743067608187],[-83.95977727052745,46.774306760814554],[-83.95984037054615,46.774294860809036],[-83.95988077055594,46.77426986080287],[-83.95994027056993,46.77422936079316],[-83.9600033705852,46.77419016078345],[-83.96007117060026,46.77413666077129],[-83.9601520706168,46.77406166075507],[-83.96024007063527,46.77398366073793],[-83.96030717064201,46.77386516071582],[-83.96035677064488,46.77375996069676],[-83.9603825706432,46.7736795606829],[-83.96044647065119,46.77357906066369],[-83.9604550706422,46.77348386064857],[-83.96045137061836,46.773299760620446],[-83.96041387059428,46.773201560607546],[-83.96040587058988,46.773186460605686],[-83.96037707056738,46.773078260590694],[-83.96034507052879,46.77284826055721],[-83.96025087047603,46.77266366053428],[-83.96020617045463,46.77260556052796],[-83.96015017041435,46.772423860503274],[-83.96006057037211,46.77231256049137],[-83.95991557029672,46.77207616046343],[-83.95985757027015,46.77201046045671],[-83.95981347025251,46.77198176045488],[-83.95978967024155,46.77195436045203],[-83.95979107023732,46.77191606044609],[-83.95981867024281,46.77188926044035],[-83.95983017024216,46.771854460434305],[-83.95982057023572,46.77182706043068],[-83.95980397022798,46.77180686042854],[-83.95977657021598,46.77178066042608],[-83.95974747020492,46.771766260425565],[-83.95968467018692,46.77178236043166],[-83.95961737016472,46.7717765604347],[-83.959558470143,46.771752560434436],[-83.95945177010155,46.7716924604314],[-83.95939517008128,46.77167436043193],[-83.95933877006316,46.771673360435074],[-83.95921657002488,46.77167906044301],[-83.95907936997662,46.77164236044534],[-83.95893936993298,46.77165036045475],[-83.95889366991781,46.77164536045661],[-83.9587515698666,46.771597560457515],[-83.95868916984098,46.77155106045398]]]},"properties":{"OGF_ID":103381080,"PROJECT_NAME":"Devil's Lake","WBY_LID":"17-2752-51845","SURVEY_YEAR":2024,"SCALE_TEXT":"3 inches = 1 km","SURVEY_METHOD":"GPS","BATHYMETRY_LINE_IND":"Yes","BATHYMETRY_POINT_IND":"No","EFFECTIVE_DATETIME":1724245843000,"GEOMETRY_UPDATE_DATETIME":1724246702000,"SYSTEM_DATETIME":1724279699000,"OBJECTID":79393,"SHAPE.AREA":0,"SHAPE.LEN":0,"HISTORIC_MAP_IND":"Yes"}},{"type":"Feature","id":79409,"geometry":{"type":"Polygon","coordinates":[[[-83.96038326349313,46.71554745173408],[-83.96051416352408,46.71545935171292],[-83.96057836352819,46.71532615168866],[-83.96063786352431,46.715140551656596],[-83.96064496351022,46.715007251635626],[-83.96063066349255,46.71490025161997],[-83.96059516347528,46.714851851614604],[-83.9605687634625,46.714816151610634],[-83.96055006345378,46.714793651608254],[-83.9604858634167,46.714658151591095],[-83.96038576336339,46.7144841515701],[-83.96032926332991,46.71435785155392],[-83.96024376328852,46.71424285154118],[-83.96007956322663,46.71416465153863],[-83.95999616319872,46.714153751541794],[-83.9599302631789,46.714163851547184],[-83.95988526316644,46.714179051552144],[-83.95971816312313,46.71425995157432],[-83.95964736310655,46.71430885158598],[-83.95962416310255,46.71433625159153],[-83.95956946308598,46.714343451595845],[-83.9595337630729,46.71432915159567],[-83.95949886305442,46.71426925158847],[-83.95948266304583,46.71424145158514],[-83.95947046303068,46.71414975157173],[-83.95945206301933,46.71410495156588],[-83.95936616298016,46.71400885155605],[-83.95923376292522,46.71390535154783],[-83.95898346283235,46.71379855154587],[-83.95892126280798,46.7137614515438],[-83.95886516278414,46.713712951539584],[-83.9588371627701,46.713671151534754],[-83.95881646275024,46.713563051519316],[-83.95877156272078,46.71343945150288],[-83.95878196271731,46.713384451493766],[-83.95892226274742,46.71326555146733],[-83.95904126277544,46.71318465144797],[-83.95916256281379,46.71318225144053],[-83.95932436286681,46.71319415143296],[-83.95945766291108,46.713208451427406],[-83.95949336292297,46.71321315142609],[-83.95966466297789,46.71321555141648],[-83.95986926303873,46.71317985139914],[-83.96011676311117,46.71312755137665],[-83.96032136316873,46.71306565135524],[-83.96043796319802,46.713001351338605],[-83.96066876325258,46.712846751301335],[-83.96081396328776,46.712756351279],[-83.96095906331881,46.71263255125146],[-83.96113516335387,46.712461251214854],[-83.96120896336569,46.71236605119592],[-83.96121606335483,46.71225895117897],[-83.96119566333901,46.712182951168465],[-83.9611300633008,46.71204215115059],[-83.96107226327366,46.71197095114299],[-83.9610127632495,46.71192885113993],[-83.96093756322222,46.71190155114008],[-83.96079646317524,46.71188515114575],[-83.96074076315521,46.71186675114618],[-83.9605946631006,46.711800951144504],[-83.96051876306889,46.71173985113952],[-83.96044476304012,46.71169735113725],[-83.96034886299708,46.711595951127194],[-83.96028416295955,46.71145815110972],[-83.96020606291988,46.7113376510957],[-83.96014076289009,46.71126415108812],[-83.9600933628703,46.711226251085044],[-83.96003246284775,46.71120065108461],[-83.95992606281041,46.711172551086506],[-83.95956726269084,46.711129951100766],[-83.95942106264117,46.71110505110544],[-83.95936836262239,46.7110884511059],[-83.95933096260781,46.71106675110474],[-83.95919896254695,46.71091385108885],[-83.95913136251197,46.7108045510759],[-83.9590134624616,46.71069995106664],[-83.9589215624145,46.71055505104965],[-83.95879166235689,46.710422751036845],[-83.95873136233179,46.710374651032915],[-83.95850116225083,46.71031285103672],[-83.95843566222874,46.710302951039],[-83.95836486220678,46.71030785104389],[-83.95824626217363,46.71034585105665],[-83.95820046215988,46.71035245106035],[-83.95797646208355,46.71031205106707],[-83.9576312619719,46.71029885108512],[-83.95755686194703,46.71028945108798],[-83.9574805619202,46.71026895108924],[-83.95743316190249,46.71024755108873],[-83.95726926183795,46.71014725108274],[-83.9571892618052,46.71008825107833],[-83.9570766617629,46.71003575107673],[-83.95700146172155,46.709894351059354],[-83.95693846169294,46.70982435105223],[-83.95682756164632,46.70973275104454],[-83.95663216156912,46.70961115103713],[-83.95660546155727,46.70958375103444],[-83.95657816153238,46.70945175101568],[-83.95655496151785,46.70939345100806],[-83.95646986146951,46.7092209509864],[-83.95637096142235,46.70909345097253],[-83.95636706140888,46.70899355095735],[-83.95634066139368,46.70893845095039],[-83.95630356137748,46.708902650946996],[-83.956222861346,46.70885575094448],[-83.95612076130314,46.70877145093739],[-83.95597516124589,46.70868305093225],[-83.95585516119502,46.70857995092333],[-83.95571136112768,46.708405050904716],[-83.95558026106374,46.708224150884405],[-83.95548366101114,46.70804655086269],[-83.95545896099307,46.707963150851256],[-83.95543046097806,46.70791485084549],[-83.95533756093835,46.70783255083815],[-83.95526986090685,46.70775155082963],[-83.95516296086805,46.707712850829886],[-83.95506406082566,46.70762435082197],[-83.95494756077915,46.70754765081689],[-83.95483676073111,46.70744425080738],[-83.95474356069363,46.707380650803024],[-83.95470396067158,46.70730395079346],[-83.95451226058351,46.707083750770664],[-83.95446466055641,46.70698665075845],[-83.95438166051531,46.706867250744914],[-83.95423866044942,46.70670155072764],[-83.95400916034714,46.70646395070434],[-83.95379556026087,46.70631545069384],[-83.95374056023338,46.706234550684556],[-83.95363406018787,46.706140150676234],[-83.95330896005896,46.705933850663314],[-83.95316325999086,46.7057569506445],[-83.95305175994388,46.7056636506366],[-83.95298965991904,46.70562265063386],[-83.95284855986826,46.705575350634774],[-83.9525702597653,46.70545885063298],[-83.95227545965136,46.705295950624965],[-83.9521637596098,46.70524715062392],[-83.95212775959773,46.70524205062521],[-83.95202155955798,46.70519395062396],[-83.95195305953405,46.70517675062532],[-83.95187115950655,46.705165350628306],[-83.95180235948517,46.70516995063298],[-83.95178485947824,46.70515885063228],[-83.95171885945601,46.705149150634654],[-83.95168285944509,46.705153350637374],[-83.95161805942145,46.70512915063742],[-83.95158565940996,46.705119650637805],[-83.95156095940303,46.70512725064041],[-83.95155135940324,46.70515395064511],[-83.95155905941222,46.705207250652876],[-83.95155325941784,46.7052681506626],[-83.95157045943056,46.70532715067072],[-83.95161035945681,46.705437550685396],[-83.95165605948146,46.70551945069537],[-83.95171125950996,46.70560885070593],[-83.95177605954186,46.70570025071627],[-83.95187535958279,46.7057760507222],[-83.9519010595945,46.705804950725174],[-83.95197715963795,46.70596155074487],[-83.95223615975438,46.70623755077235],[-83.95238115982853,46.70646555079912],[-83.95242165986497,46.70665735082634],[-83.95251115991468,46.706830050847756],[-83.95254825996041,46.70710645088816],[-83.95258605998406,46.707200850900556],[-83.95259695998918,46.707214250902],[-83.95260935999893,46.70726155090856],[-83.95260116000264,46.70731335091702],[-83.95259776000647,46.70735305092333],[-83.95260796001678,46.70741075093165],[-83.95263506003313,46.707473650939754],[-83.95267796005588,46.70754785094867],[-83.95272646007659,46.70759065095247],[-83.95282356011683,46.70766635095854],[-83.95292206015806,46.70774635096511],[-83.9530277602005,46.70781765096998],[-83.95314336024694,46.707896250975374],[-83.95326186029368,46.707969050979706],[-83.95340606035343,46.70808185098873],[-83.95356166042073,46.70822605100194],[-83.95365446045994,46.70830455100864],[-83.95375586050189,46.708383051014856],[-83.953860060551,46.70851295102884],[-83.95395146058996,46.708592951035826],[-83.95403276062373,46.70865715104104],[-83.95413126066425,46.70873145104679],[-83.95423406070593,46.70880425105203],[-83.95435136075001,46.708858851053634],[-83.95436546075584,46.70886985105447],[-83.9544982608073,46.708944151058205],[-83.95462816085654,46.70900835106056],[-83.95472946089617,46.70906835106395],[-83.95477516091675,46.70911685106876],[-83.9548151609382,46.70918825107747],[-83.95484516095465,46.709243951084275],[-83.95489516097986,46.70931965109307],[-83.95492226099462,46.70936955109921],[-83.95496226101422,46.70942525110543],[-83.95502936104432,46.70949665111256],[-83.95512086108506,46.709591051121755],[-83.95512616108995,46.70961715112549],[-83.95512856109724,46.70967015113356],[-83.95512216109738,46.70968795113664],[-83.9551263611036,46.70972795114257],[-83.95513926110945,46.70974215114401],[-83.95516496111891,46.70975215114405],[-83.95519636112823,46.70974645114137],[-83.95523486114449,46.709779351144206],[-83.9552563611559,46.70981645114866],[-83.95529726118303,46.70993155116406],[-83.95530016118789,46.709963351168774],[-83.95532766120263,46.710012051174644],[-83.95536766121907,46.71004205117693],[-83.95538056122844,46.71008485118279],[-83.95539036123708,46.71012995118919],[-83.95538476124567,46.71021455120255],[-83.95538036124734,46.710239251206595],[-83.95537336125528,46.71032255121986],[-83.95538406126177,46.71034755122311],[-83.9554019612701,46.71036895122533],[-83.95545366129292,46.71042045123031],[-83.95547266130686,46.7104846512391],[-83.95546956131155,46.710530951246405],[-83.95546746133137,46.71069815127228],[-83.955448361335,46.71077705128555],[-83.95544836133688,46.71079245128791],[-83.95546376134502,46.71081875129108],[-83.95548406135265,46.710828151291366],[-83.95552086136539,46.71083655129053],[-83.9555232613689,46.710859151293825],[-83.95551496136817,46.710874551296705],[-83.95547426136359,46.71094305130961],[-83.95546446136254,46.710959951312816],[-83.9554570613644,46.71099425131853],[-83.95548206139104,46.711146651340556],[-83.95546436139936,46.71126035135909],[-83.95546736140662,46.711311251366766],[-83.95548996141859,46.7113504513715],[-83.9555294614399,46.71142125138013],[-83.9555388614489,46.71147025138713],[-83.95555616146147,46.71152795139502],[-83.95565786151852,46.71172865142003],[-83.95577846157632,46.711886451437366],[-83.95579466159242,46.711975451450144],[-83.9558265616097,46.712033451457195],[-83.95585306166427,46.71240935151359],[-83.95588646168437,46.71248635152356],[-83.9559196617168,46.71266415154897],[-83.95597646176,46.71286875157724],[-83.95600956178356,46.712974851591646],[-83.95606786181307,46.713064051602046],[-83.95609686183103,46.71313475161125],[-83.95610066183886,46.71318875161931],[-83.95612256185268,46.71324455162669],[-83.95612946187431,46.713402751650655],[-83.95616576191112,46.71360855168026],[-83.95616256192157,46.71370185169482],[-83.95613486192421,46.71379555171085],[-83.95611016192149,46.7138372517187],[-83.95605986191309,46.71389945173121],[-83.95597336189527,46.713979051748495],[-83.95586706186748,46.71402835176227],[-83.95576316184551,46.714119151782306],[-83.95568686183707,46.7142486518067],[-83.95565616183178,46.714285151814074],[-83.95563416182922,46.71432145182099],[-83.95561756183811,46.71443735183977],[-83.95561606184795,46.7145211518528],[-83.95562326185507,46.71456035185843],[-83.95562676185924,46.71458535186206],[-83.95563516186412,46.714603151864345],[-83.9556655618763,46.71462325186567],[-83.95567106187954,46.7146355518672],[-83.95569576189803,46.71472215187915],[-83.95572796191738,46.714795951888654],[-83.95575886193322,46.71484475189438],[-83.95578146194548,46.71488635189945],[-83.95583356197149,46.71496285190826],[-83.95592266202823,46.71519365193864],[-83.95598216208968,46.715540051988576],[-83.95603226211668,46.715629751999465],[-83.95606296213127,46.71566875200371],[-83.95608846214705,46.71573105201179],[-83.956103862155,46.71575605201476],[-83.95613006216583,46.71577625201633],[-83.95618236218527,46.71579885201681],[-83.95624426221029,46.71584175201979],[-83.95628586222878,46.71588455202401],[-83.95633846225599,46.71596955203406],[-83.95636336227201,46.71603565204276],[-83.95636936227592,46.71605165204489],[-83.95639056228903,46.71610345205164],[-83.95644176231087,46.71614865205562],[-83.95648456232877,46.71618315205848],[-83.95653336234768,46.716210552059835],[-83.95660476237703,46.71626405206397],[-83.95664516239513,46.71630685206817],[-83.95670946242086,46.716349752071075],[-83.95674516243561,46.71637705207324],[-83.95679276245356,46.716399652073896],[-83.95683076246775,46.716416352074276],[-83.95688196248521,46.71642585207279],[-83.95692246249811,46.71642585207043],[-83.95695806251062,46.71643535206983],[-83.95699376252436,46.71645445207072],[-83.95702946253735,46.71646755207065],[-83.95709256255934,46.71648295206935],[-83.95713296257496,46.71650555207051],[-83.95716396258766,46.71652815207215],[-83.9572031626025,46.71654725207286],[-83.9572460626182,46.71656385207291],[-83.95729716263742,46.71658765207363],[-83.95734236265588,46.71662095207608],[-83.95740306267932,46.716654252077696],[-83.95745236269465,46.71665105207437],[-83.957487562707,46.716660252073744],[-83.95758036274121,46.71669835207421],[-83.95766246277151,46.71673165207456],[-83.95771596279248,46.71676375207641],[-83.95779206282286,46.71681375207968],[-83.95782306283768,46.716854152084125],[-83.9578599628585,46.716927952093364],[-83.9578777628696,46.71697195209911],[-83.95791106288851,46.71703975210758],[-83.95792776289866,46.7170790521127],[-83.95795866291306,46.71711595211658],[-83.95799076292606,46.71713855211822],[-83.95802176293795,46.71715515211896],[-83.9580574629495,46.71715635211705],[-83.958097762963,46.717161552115556],[-83.95812496297313,46.717173652115825],[-83.95816056298666,46.71719155211651],[-83.95819206299788,46.7172008521161],[-83.95822196300804,46.717205852115114],[-83.95825916302019,46.71720865211339],[-83.95828196302878,46.71721935211374],[-83.95829906303602,46.71723365211491],[-83.958322663045,46.71724575211547],[-83.95835406305562,46.7172507521144],[-83.95837046306154,46.717256452114306],[-83.95838116306453,46.71725295211314],[-83.95839116306611,46.71724005211058],[-83.95840676306918,46.717224152107235],[-83.95842546307482,46.71722155210573],[-83.95845326308428,46.71722655210493],[-83.95849326309786,46.71723365210365],[-83.95855246311717,46.71723725210078],[-83.95860106313364,46.71724505209915],[-83.95864106314649,46.717245752096964],[-83.95868026315941,46.717249352095216],[-83.95871166316866,46.717242952092434],[-83.95872896317235,46.71722835208913],[-83.95874496317677,46.717222752087416],[-83.95879166318895,46.71720085208126],[-83.95881356319464,46.717190552078435],[-83.95888396321578,46.71717985207268],[-83.95898196324876,46.717194152069204],[-83.95899626325311,46.71719225206807],[-83.95900446325497,46.71718645206669],[-83.95902926326254,46.717183552064846],[-83.95905336327071,46.71718745206402],[-83.95907046327697,46.71719415206408],[-83.95907736327952,46.71719685206407],[-83.95907856327995,46.71719735206408],[-83.95909616328811,46.71721795206626],[-83.95911146329402,46.717226552066705],[-83.95912956330058,46.71723315206661],[-83.95914756330636,46.71723345206563],[-83.95917836331834,46.717251252066596],[-83.95919216332419,46.717262852067606],[-83.95923876334665,46.717324652074346],[-83.9592532633552,46.71735685207851],[-83.95926036335878,46.71736765207974],[-83.95929696338338,46.71747305209385],[-83.95929496338708,46.71750835209944],[-83.95931756340569,46.717601052112386],[-83.95935396342583,46.717670552120985],[-83.95936956343967,46.7177428521312],[-83.9593680634404,46.71775275213284],[-83.9593541634395,46.717781452138084],[-83.9593512634407,46.717798552140856],[-83.95935696344517,46.7178204521439],[-83.95936266344849,46.7178327521455],[-83.95938706346216,46.71788055215146],[-83.95939636347615,46.717970352164706],[-83.95938816348374,46.71805315217798],[-83.95936006348435,46.71813125219165],[-83.95937486350056,46.718225052205206],[-83.95939086351062,46.71826525221048],[-83.95940746351853,46.71828685221281],[-83.95945126353998,46.718347752219714],[-83.95949116355958,46.71840385222604],[-83.95951596357403,46.71845715223279],[-83.9595436635866,46.7184877522359],[-83.95960066362004,46.71861195225168],[-83.95961306362801,46.71864465225602],[-83.95962826363508,46.71866275225796],[-83.95963706363858,46.71866855225834],[-83.95966936365302,46.718702352261666],[-83.95971896367848,46.718780952270876],[-83.95973336368714,46.71881405227515],[-83.95975296370219,46.71888545228502],[-83.95978716371877,46.718932152290215],[-83.95981666373207,46.718963552293374],[-83.95990606377181,46.71905535230233],[-83.95993996378972,46.71911315230923],[-83.95997086380717,46.71917485231695],[-83.95998896381629,46.719202452320154],[-83.95999756382183,46.719225252323184],[-83.96000326382526,46.71923855232487],[-83.96001376382982,46.719248152325726],[-83.96002896383537,46.71925385232571],[-83.96004326383944,46.7192500523243],[-83.96007056384774,46.719246852322236],[-83.96008746385418,46.719255452322585],[-83.96014316387816,46.71930595232711],[-83.96018956389821,46.71934875233103],[-83.96022526391465,46.71939035233533],[-83.96024306392417,46.71942135233911],[-83.96026806393708,46.71946175234387],[-83.96029426394995,46.71949865234804],[-83.96032636396323,46.71952365235001],[-83.96036446397719,46.719537952350024],[-83.96041796399552,46.71954865234853],[-83.96050846402566,46.719559352344945],[-83.96060716406066,46.7195878523436],[-83.96071426410032,46.71963305234432],[-83.96085106415079,46.719689052345046],[-83.96090576417014,46.719704452344224],[-83.9609557641871,46.719712852342624],[-83.9610211642088,46.71971995233991],[-83.96106756422462,46.719728252338506],[-83.96110086423612,46.71973545233764],[-83.96113656424998,46.719755652338684],[-83.96117336426428,46.71977685233985],[-83.96122086427826,46.71976735233558],[-83.96127036429074,46.71974065232863],[-83.96133326430709,46.71971015232023],[-83.96144556434072,46.71969305231111],[-83.96154646437125,46.719679752303215],[-83.96167016441,46.71967405229513],[-83.96175386443832,46.71968735229234],[-83.96182626446438,46.71971205229191],[-83.9618795644854,46.71974445229384],[-83.96194426450953,46.719773052294485],[-83.96201086453351,46.719795852294084],[-83.96206416454838,46.71977875228838],[-83.96211936456109,46.71973875227899],[-83.96217836457546,46.71970255227003],[-83.96225836459836,46.71968165226212],[-83.9623592646317,46.71969115225776],[-83.96241256465218,46.71971975225901],[-83.96245256466399,46.71971205225553],[-83.9624487646546,46.71964545224548],[-83.96243916464313,46.719576952235485],[-83.9623820646226,46.71955795223587],[-83.96228886459456,46.71957125224336],[-83.96219816456276,46.71954795224502],[-83.96205656449274,46.71934535222203],[-83.96177236436161,46.71901465218765],[-83.96168966431675,46.71886415216923],[-83.9616140642693,46.71867405214434],[-83.96151646422346,46.71855405213149],[-83.96144796418663,46.71843175211662],[-83.96132206412908,46.718289852102124],[-83.96121356407308,46.71811555208154],[-83.9610541640011,46.717942852064176],[-83.96095536394296,46.71772615203651],[-83.96088716391142,46.71764615202817],[-83.96082516387817,46.7175364520149],[-83.96077596384038,46.71735615198998],[-83.96074156381974,46.71727735197984],[-83.96062946376284,46.7171052519598],[-83.96051726370985,46.71696455194467],[-83.96037896365156,46.71684895193486],[-83.9603385636323,46.716796951929226],[-83.96023746357054,46.716556151897954],[-83.96015646353052,46.71644075188492],[-83.96014186351792,46.71637575187574],[-83.96007266347395,46.71619725185226],[-83.96009256345786,46.716014751822975],[-83.96020556346399,46.71577125177888],[-83.96038326349313,46.71554745173408]]]},"properties":{"OGF_ID":119606092,"PROJECT_NAME":"Leishman Lake","WBY_LID":"17-2739-51772","SURVEY_YEAR":2024,"SCALE_TEXT":"12\" = 1 mile","SURVEY_METHOD":"GPS","BATHYMETRY_LINE_IND":"Yes","BATHYMETRY_POINT_IND":"No","EFFECTIVE_DATETIME":1724246186000,"GEOMETRY_UPDATE_DATETIME":1724246702000,"SYSTEM_DATETIME":1724279699000,"OBJECTID":79409,"SHAPE.AREA":0,"SHAPE.LEN":0,"HISTORIC_MAP_IND":"Yes"}},{"type":"Feature","id":79425,"geometry":{"type":"Polygon","coordinates":[[[-83.9550736627723,46.72345715326113],[-83.95503876276429,46.723482453267046],[-83.95499956275377,46.72349865327182],[-83.95498626274986,46.72350115327297],[-83.95495776274254,46.72351575327687],[-83.95494236274033,46.72353775328114],[-83.95493676274232,46.72356855328622],[-83.9549095627377,46.723601353292814],[-83.9548635627269,46.72363265330037],[-83.95467126267548,46.723712853323846],[-83.95458246265389,46.72376765333749],[-83.95446386262097,46.72380745335049],[-83.9543589625945,46.72386425336536],[-83.95426356257356,46.72394135338276],[-83.95414056254101,46.72399535339822],[-83.95401026250426,46.72403435341182],[-83.95393466248836,46.72410125342649],[-83.95361316240388,46.72424755346766],[-83.95345646236107,46.72430555348574],[-83.9533384623254,46.72432125349501],[-83.95330096231649,46.724346153501],[-83.95327546231245,46.72437925350759],[-83.95312076227708,46.724492753534044],[-83.95305836226571,46.724562053548354],[-83.9528773622431,46.72484765360291],[-83.95282706223888,46.7249438536206],[-83.95277436224032,46.7250925536466],[-83.9527021622303,46.72519815366704],[-83.95262596221335,46.72525805368069],[-83.95257746220096,46.725282853687325],[-83.95241136215843,46.72536765371006],[-83.95221106210258,46.72543295373171],[-83.95197456203151,46.72546775375085],[-83.95185536199325,46.725465953757485],[-83.95179126197095,46.7254504537588],[-83.95175106195566,46.725430253758034],[-83.95165906190998,46.725297053742864],[-83.9516128618908,46.72526105373999],[-83.95155126186745,46.725230753738906],[-83.95149036184529,46.725208253738984],[-83.95142346182229,46.72519445374075],[-83.9511864617444,46.725175553751626],[-83.9510476617065,46.72522725376763],[-83.9509297616758,46.725283253783125],[-83.95079356163527,46.72530665379462],[-83.95053766156087,46.725365153818515],[-83.9504574615361,46.725371353824094],[-83.95023776146542,46.72536585383604],[-83.95014796143768,46.72537325384239],[-83.94997626138108,46.725358153849996],[-83.9498715613487,46.72536625385733],[-83.94978436132395,46.72539095386625],[-83.94965716129174,46.7254589538841],[-83.9495886612711,46.72546845388951],[-83.94945556122858,46.725467453897096],[-83.94923506116682,46.72553705392064],[-83.94916836114932,46.725567653929225],[-83.94914286114482,46.72559705393519],[-83.94914536114916,46.725626053939564],[-83.94920936118343,46.725738953953226],[-83.94920456118562,46.72576915395817],[-83.94916756117908,46.72581205396692],[-83.94909786116143,46.72584915397666],[-83.94893656111529,46.72589195399265],[-83.94887296109877,46.72592275400107],[-83.94869876105972,46.726056954031854],[-83.94855606103032,46.72618765406028],[-83.94845476101382,46.72631615408597],[-83.94833896098753,46.726402554105995],[-83.9480809609195,46.726518554138835],[-83.947829060856,46.72665495417449],[-83.94773336083388,46.72672345419061],[-83.94770096082517,46.72673685419456],[-83.94770346082174,46.72670245418911],[-83.94774856082867,46.7266416541771],[-83.94783416084285,46.72653505415573],[-83.94788176084961,46.72646655414242],[-83.94790276084532,46.7263770541274],[-83.94790276083526,46.72629515411478],[-83.94788936081956,46.72620195410123],[-83.94784346079646,46.72613285409324],[-83.94780046077663,46.72608305408806],[-83.94774896075624,46.726051054086085],[-83.94759556070073,46.7259970540867],[-83.94752536067722,46.72598765408932],[-83.94745746065725,46.7260015540954],[-83.94736216062778,46.72600895410209],[-83.9472837606051,46.726027354109476],[-83.94712806056216,46.72608225412697],[-83.94702026053447,46.72613625414153],[-83.94697396052291,46.72616235414825],[-83.94693346051429,46.726197354156014],[-83.94683416050246,46.726358654186654],[-83.94678096049142,46.7264071541972],[-83.94673606047934,46.726425054202544],[-83.94658426043378,46.726448254214915],[-83.94647586040321,46.72648065422621],[-83.94642696039743,46.72656015424134],[-83.94640956040423,46.726660754257836],[-83.94642686041674,46.726717854265615],[-83.94644646043093,46.72678245427441],[-83.94653406046866,46.726862454281665],[-83.94663496051018,46.72693855428753],[-83.9466958605319,46.72695735428691],[-83.94675016055308,46.726989054288595],[-83.94679576056916,46.72700145428788],[-83.9468519605878,46.72700715428552],[-83.94691766060815,46.72700235428098],[-83.94696806062395,46.727000454277714],[-83.94700616063588,46.72699855427525],[-83.94708986065987,46.726976654266956],[-83.94712796067118,46.72696995426375],[-83.9471736606847,46.726961454259744],[-83.94721266069621,46.726953854256315],[-83.94726846071518,46.72696355425459],[-83.94727796071987,46.72697735425614],[-83.9472888607248,46.72698905425732],[-83.94728126072529,46.72701285426143],[-83.94726406072272,46.727036654266115],[-83.94723076071516,46.72706135427182],[-83.94717466070055,46.72708805427924],[-83.94711746068651,46.727122254287785],[-83.94706516067266,46.727145154294384],[-83.94698426065014,46.72717175430314],[-83.94694146063725,46.727177454306535],[-83.94689096062109,46.727177454309476],[-83.9468416606043,46.727168654310994],[-83.94671656056632,46.727184054320624],[-83.94651676050944,46.72723945434074],[-83.9462993604442,46.72727255435848],[-83.94623716042472,46.72727525436249],[-83.94618206040604,46.72726635436432],[-83.94601656034614,46.72720785436494],[-83.94595966032723,46.72720155436728],[-83.94583886028889,46.72720285437444],[-83.94564696023055,46.72722585438913],[-83.94539116015856,46.72730365441601],[-83.94533636014506,46.72733595442417],[-83.94527346013446,46.727413154439716],[-83.94517936010989,46.7274568544519],[-83.94487396003807,46.72766475450165],[-83.94472676,46.72773695452134],[-83.94457565995796,46.72778675453778],[-83.94445325992189,46.727810754548585],[-83.9443707598994,46.727842154558246],[-83.94435015989481,46.72785785456185],[-83.94422355986148,46.72791545457805],[-83.94402945981474,46.72803855460831],[-83.94398495980542,46.72807815461696],[-83.94392925979679,46.728152154631566],[-83.94384925977715,46.728200154643666],[-83.94379035976061,46.728218254649875],[-83.94367845972529,46.72822095465677],[-83.94339155964072,46.7282773546821],[-83.94329215960914,46.72827785468796],[-83.9431071595445,46.72823205469164],[-83.94291315946738,46.728107354683715],[-83.94272725940378,46.72807215468908],[-83.94257465934888,46.728021054690075],[-83.94246615931101,46.72799435469228],[-83.94241775929422,46.72798355469339],[-83.94205445918399,46.72802905472149],[-83.94199815916825,46.72804675472749],[-83.94193915915517,46.728093154738076],[-83.94178155911018,46.728135954753796],[-83.94175355910315,46.72815135475785],[-83.94171115909833,46.72822245477122],[-83.94157335906753,46.72832935479567],[-83.9415101590551,46.72839225480907],[-83.94146645905259,46.72848515482589],[-83.94145335905206,46.728514854831275],[-83.94142675905094,46.72857495484207],[-83.94142485905739,46.72863205485095],[-83.94144965907138,46.728681554857125],[-83.94149915909229,46.728723454860756],[-83.94157145912165,46.728774854864426],[-83.94165715915575,46.728830054867984],[-83.94175605919337,46.72887955486984],[-83.94189445923993,46.72889975486493],[-83.94197945926881,46.7289141548622],[-83.94208165930698,46.72895955486329],[-83.94213685932577,46.728969054861516],[-83.94223965935898,46.72897285485613],[-83.94234625939177,46.72896335484851],[-83.94241285941257,46.72895955484406],[-83.94245285942719,46.728974754844074],[-83.94252325944797,46.72896145483791],[-83.94260885947102,46.728927154827666],[-83.94273455950595,46.72888525481393],[-83.94283925953467,46.72884715480194],[-83.94292675955766,46.72880725479073],[-83.94304485958924,46.72875775477626],[-83.94313805961238,46.72870445476263],[-83.94320475962873,46.728664454752604],[-83.943273259644,46.72861115474041],[-83.94335305965849,46.72852165472199],[-83.94337865966405,46.72850075471724],[-83.94342525967569,46.72847455471053],[-83.94353115970588,46.72844545469987],[-83.94362525973686,46.72845335469566],[-83.94367875975416,46.728455654692915],[-83.94370135976051,46.728448554690495],[-83.94372395976482,46.728424754685506],[-83.94374895976797,46.72838555467803],[-83.94378945977489,46.72833675466815],[-83.94382745978345,46.72830815466152],[-83.94386555979507,46.7283034546586],[-83.94391795981319,46.72831535465741],[-83.94396315982964,46.728331954657335],[-83.9440495598644,46.72839045466135],[-83.94414475990976,46.72851285467467],[-83.94417135992234,46.728546154678234],[-83.94421175993841,46.728572254679925],[-83.94426295995652,46.72858655467915],[-83.94435215998494,46.72858655467395],[-83.94442236000597,46.72857585466821],[-83.94449966002769,46.7285520546601],[-83.94457826005069,46.72853545465295],[-83.94463416006677,46.72852115464752],[-83.94471026008796,46.72849615463925],[-83.9447971601136,46.72847945463164],[-83.94490186014639,46.728474754624806],[-83.94496016016355,46.72846285461957],[-83.94504936019109,46.72845565461332],[-83.94519896023517,46.72842635460011],[-83.94530876026808,46.72840925459107],[-83.9453646602843,46.72839625458586],[-83.9454276603004,46.72836405457722],[-83.94550736032187,46.72833195456765],[-83.94557286033968,46.72830695455998],[-83.945653760363,46.728286754552194],[-83.94571446037958,46.72826415454517],[-83.94578106039907,46.728249854539115],[-83.94584176041779,46.72824515453489],[-83.94589406043231,46.72822725452904],[-83.94595946045007,46.728202254521406],[-83.94603206046973,46.72817375451283],[-83.94607606048068,46.72814875450643],[-83.94613796049835,46.72813205450025],[-83.94618866051287,46.72811885449524],[-83.94636866056274,46.7280577544754],[-83.94639606056992,46.728044954471805],[-83.94643746058095,46.72802735446671],[-83.94653656061034,46.7280095544582],[-83.94665426064452,46.727982154447176],[-83.9467851606826,46.72795245443497],[-83.94683996069959,46.72794875443124],[-83.94695996073521,46.72792745442099],[-83.94708096077258,46.727917454412434],[-83.94721926081633,46.72791465440397],[-83.94725266082796,46.72792265440323],[-83.94728096083574,46.727912554400035],[-83.94731386084332,46.72788925439453],[-83.94747286088925,46.72785015437929],[-83.94753826090758,46.72782985437236],[-83.94760846092791,46.727813254365735],[-83.94766556094463,46.727801354360594],[-83.94773216096544,46.72779775435614],[-83.94775846097323,46.727792954353866],[-83.94785356100284,46.72778705434749],[-83.9479284610261,46.727782354342374],[-83.94798796104317,46.72776685433652],[-83.94804036105698,46.727743054329856],[-83.94809146107079,46.72772285432379],[-83.9481509610871,46.72770145431699],[-83.94822116110788,46.7276883543109],[-83.94829136112894,46.72767765430517],[-83.9483449611447,46.72766695430045],[-83.94840556116283,46.727657354295424],[-83.94847106118489,46.727666954293134],[-83.9485412612052,46.727650254286466],[-83.94859716121908,46.727618154278275],[-83.94866616123828,46.72759555427076],[-83.94874226126065,46.727580054263946],[-83.94881366128051,46.72755625425617],[-83.94889336130154,46.72752055424603],[-83.94893856131303,46.72749675423972],[-83.94901706133653,46.72748485423333],[-83.94908476135558,46.72746375422611],[-83.94911226136269,46.72745035422247],[-83.94916706137971,46.72744685421875],[-83.9492181613944,46.72743375421378],[-83.94924076139836,46.72740755420846],[-83.9492657614033,46.72738255420314],[-83.94933596142157,46.727349254193896],[-83.94941206144144,46.72731355418402],[-83.94945966145457,46.727296854178704],[-83.94951206146818,46.72727195417178],[-83.94955726147926,46.72724455416491],[-83.94961196149696,46.72724695416213],[-83.94970956152807,46.72724695415646],[-83.94977976154954,46.727239754151256],[-83.9498665615765,46.727233854145354],[-83.94992246159359,46.72722785414118],[-83.94998076161055,46.727214854135795],[-83.95003196162502,46.7271993541304],[-83.95008666164065,46.72718505412504],[-83.9501580616605,46.72716125411723],[-83.95024966168285,46.72710535410329],[-83.95036146171188,46.72705185408857],[-83.95046506173982,46.727010154076126],[-83.95052926175707,46.726983954068324],[-83.95061296177798,46.72693705405628],[-83.95075856181741,46.726880154039044],[-83.95076816181931,46.72687075403703],[-83.95083736184066,46.72686505403215],[-83.95094326187454,46.726866254026184],[-83.95104466190585,46.72685795401901],[-83.95107646191587,46.72685715401704],[-83.95122156196636,46.72689165401391],[-83.95137186202243,46.726957754015366],[-83.9514216620419,46.72698715401703],[-83.95144416204904,46.726986954015636],[-83.95160596210253,46.72700265400867],[-83.95162276210836,46.727006654008335],[-83.95166966212733,46.727039054010575],[-83.9517010621423,46.727079454015026],[-83.95173336216752,46.727200954031844],[-83.95174216218012,46.72728095404368],[-83.95176506219323,46.72732835404963],[-83.95180736221114,46.72736425405271],[-83.95184976222693,46.72738295405311],[-83.95193086225922,46.727434954056385],[-83.9520009622859,46.72747055405786],[-83.95205136230351,46.72748305405683],[-83.95208306231449,46.72749035405609],[-83.95211446232544,46.72749795405545],[-83.95214966233702,46.72750085405385],[-83.95218396234665,46.727490354050225],[-83.95223056236057,46.72748265404637],[-83.95229206237728,46.7274589540391],[-83.95237626240527,46.72746825403569],[-83.95247686243682,46.72746425402919],[-83.95259856248086,46.72750715402876],[-83.95262266249105,46.72752745403046],[-83.95265416250308,46.72754385403118],[-83.95268766251615,46.72756315403221],[-83.95271266252499,46.72757025403184],[-83.95274516253588,46.727574354030594],[-83.9527972625554,46.72759855403129],[-83.95283466256839,46.727607254030445],[-83.95286186257889,46.7276216540311],[-83.9528932625904,46.72763385403117],[-83.95292536260132,46.727639554030155],[-83.952975362619,46.727653854029434],[-83.95301676263436,46.727671654029805],[-83.95304956264648,46.72768525402997],[-83.95306026265001,46.72768605402948],[-83.9531116626688,46.72770555402952],[-83.95317526269211,46.727730454029626],[-83.9532301627119,46.72774905402933],[-83.95329896273654,46.72777105402873],[-83.95338326276821,46.72781035402984],[-83.95340436277876,46.72784115403341],[-83.95342936278908,46.7278604540349],[-83.95345296279822,46.72787355403553],[-83.95347486280829,46.72789885403816],[-83.95349626281978,46.72793695404284],[-83.95350146282479,46.72796395404667],[-83.95351286283044,46.72798035404854],[-83.9535257628363,46.72799465404996],[-83.95355896284919,46.728013554050975],[-83.95359426286524,46.72805245405493],[-83.95359996286992,46.7280759540582],[-83.95361206287465,46.72808315405858],[-83.95362426287839,46.72808175405769],[-83.95364066288204,46.72806885405475],[-83.95365636288555,46.72805675405199],[-83.953674262889,46.728038454048104],[-83.95368616289214,46.728033254046636],[-83.9537040628978,46.72803295404553],[-83.95373736290709,46.728021754041855],[-83.95376606291582,46.72801855403972],[-83.9537849629222,46.728021654039104],[-83.95379386292524,46.7280232540388],[-83.95380106292853,46.72803105403957],[-83.95380216292922,46.72803405404004],[-83.95380426293035,46.7280376540404],[-83.9538078629318,46.728039954040575],[-83.95381406293387,46.72804115404038],[-83.95381946293567,46.72804145404011],[-83.9538317629388,46.72803525403848],[-83.95385036294448,46.72803295403703],[-83.9538741629509,46.72802345403416],[-83.95389326295498,46.728007354030574],[-83.95390216295536,46.72798715402698],[-83.95390686295447,46.72796805402377],[-83.95390456295098,46.72794545402041],[-83.95389106294331,46.72791785401693],[-83.95389956293484,46.72782705400243],[-83.9538918629292,46.72780085399887],[-83.95384216290893,46.72776505399628],[-83.95371806286342,46.72771655399595],[-83.95365056283998,46.72770095399748],[-83.95359006282125,46.727705454001686],[-83.95355586281096,46.72771015400443],[-83.95351296279772,46.72771405400747],[-83.95347586278497,46.7277063540085],[-83.95343396277012,46.72769405400899],[-83.9534054627594,46.72768065400858],[-83.95332676272804,46.727629754005356],[-83.95322286268815,46.72757455400285],[-83.95317356266733,46.72753305399932],[-83.95316176265997,46.72750355399549],[-83.95317396266066,46.72747785399083],[-83.95323886267695,46.727441753981466],[-83.95329786269329,46.72742185397498],[-83.95335686271011,46.72740565396907],[-83.95341496272756,46.72739705396435],[-83.95346636274363,46.72739425396094],[-83.95351776275831,46.72738085395588],[-83.95355196276608,46.72735515394996],[-83.95358056277087,46.72731995394286],[-83.95361866277715,46.72727235393337],[-83.95364056277998,46.72723815392681],[-83.95367856278867,46.727210553920315],[-83.95374716280703,46.727181953911916],[-83.95383656283445,46.72717335390543],[-83.95395846287285,46.72716955389777],[-83.95404126289822,46.72716105389164],[-83.95412216292343,46.72715625388621],[-83.95421156295271,46.72716295388201],[-83.95426966297215,46.727170553879816],[-83.95434866300006,46.727192453878644],[-83.95439436301717,46.727213353879186],[-83.95442766302892,46.727222853878686],[-83.95447526304496,46.72722955387699],[-83.95458186308113,46.72724765387356],[-83.95466276310879,46.72726285387122],[-83.9547245631298,46.727273353869265],[-83.95480456315667,46.727284753866336],[-83.95486836317842,46.72729615386439],[-83.95495236320615,46.727303753860674],[-83.95502946323185,46.727313053857685],[-83.95511006325859,46.727321653854325],[-83.95515866327382,46.727319453851116],[-83.95521216329051,46.72731665384759],[-83.95527786330987,46.727303753841774],[-83.95535706333189,46.727277353833145],[-83.95540636334567,46.72726165382785],[-83.95542156334938,46.727252353825556],[-83.95550416337385,46.72723735381842],[-83.95559116339852,46.727212453809514],[-83.95569396342792,46.72718525379936],[-83.95575966344667,46.72716745379277],[-83.95583816346549,46.727116753780436],[-83.95588176347533,46.727083953772876],[-83.95592816348365,46.72703105376199],[-83.9559666634878,46.72696475374954],[-83.9560298634954,46.726862753730195],[-83.95609076350195,46.72675805371052],[-83.95612976349996,46.72664095369021],[-83.95616406349586,46.72651825366929],[-83.95620326346737,46.72618465361566],[-83.95623526345456,46.72599755358497],[-83.95632036345586,46.72578705354762],[-83.95640666346902,46.725670653524645],[-83.9564711634781,46.7255771535065],[-83.95655926349566,46.72549125348818],[-83.95662926350498,46.72538555346784],[-83.9566920635113,46.72527425344701],[-83.95672206351176,46.725199953433815],[-83.95672916350084,46.725092953416905],[-83.95673916348036,46.724900153386656],[-83.9567334634694,46.724825953375536],[-83.95668896343247,46.72464075334961],[-83.9566979634122,46.72445205332],[-83.95670026341102,46.72443645331748],[-83.9566951633941,46.7243120532986],[-83.95671206337913,46.724146353272126],[-83.95673206337517,46.724062153258004],[-83.9567748633776,46.723970753241396],[-83.95680486338031,46.72391505323111],[-83.95682626337693,46.7238322532171],[-83.95683056337269,46.72378655320981],[-83.95682626336712,46.72375235320478],[-83.95680766335647,46.72371375319992],[-83.95675346333623,46.72368965319935],[-83.95669866331235,46.72363745319451],[-83.95664186327811,46.72350575317752],[-83.95658806325298,46.723440853170615],[-83.95648696320966,46.723350353162544],[-83.95644406318841,46.723289053155625],[-83.95639446316791,46.723250953152665],[-83.95624736311188,46.72317635314971],[-83.95615696307976,46.72314935315074],[-83.95600106302629,46.72311835315505],[-83.9559374630067,46.72312415315964],[-83.95588626299293,46.72314475316582],[-83.95584826298534,46.7231816531737],[-83.95583456298273,46.72319605317671],[-83.95580236297324,46.72320245317954],[-83.95579116296963,46.72320185318012],[-83.95573386294896,46.72318255318046],[-83.95568456293071,46.723161953180174],[-83.95563886291475,46.72315045318102],[-83.95559316290208,46.72316575318607],[-83.95552656288669,46.723213353197224],[-83.95545226286978,46.723268553210076],[-83.95544476286896,46.72328115321245],[-83.95539616285795,46.72331775322088],[-83.95537056285306,46.723344053226434],[-83.95532856284373,46.723377053233975],[-83.95527146282788,46.723396053240236],[-83.95521346281387,46.7234327532492],[-83.95516776280094,46.72344605325395],[-83.95512816278814,46.723444853256076],[-83.9550736627723,46.72345715326113]]]},"properties":{"OGF_ID":119606099,"PROJECT_NAME":"Metivier Lake","WBY_LID":"17-2745-51787","SURVEY_YEAR":2024,"SCALE_TEXT":"12\" = 1 mile","SURVEY_METHOD":"GPS","BATHYMETRY_LINE_IND":"Yes","BATHYMETRY_POINT_IND":"No","EFFECTIVE_DATETIME":1724246041000,"GEOMETRY_UPDATE_DATETIME":1724246702000,"SYSTEM_DATETIME":1724279699000,"OBJECTID":79425,"SHAPE.AREA":0,"SHAPE.LEN":0,"HISTORIC_MAP_IND":"Yes"}}]}