{"type":"FeatureCollection","name":"Bear Management Area","features":[{"type":"Feature","id":86817,"geometry":{"type":"Polygon","coordinates":[[[-83.99273341516799,47.04865020088594],[-83.99350921545232,47.04893890088443],[-83.99431731574123,47.04918140087394],[-83.99495731597082,47.0493801008667],[-83.9958656162916,47.04962150085029],[-83.99677161660014,47.04977140082],[-83.99801231701817,47.04994030077297],[-83.99945111748768,47.0500154007],[-84.00052131783417,47.05004900064239],[-84.00195601828231,47.049963900545286],[-84.00332511871528,47.0499254004591],[-84.00449201907533,47.049820500374686],[-84.0054245193578,47.049695400300934],[-84.00712291987261,47.04946990016697],[-84.00911912046786,47.0491265999976],[-84.01101452102807,47.048761499830796],[-84.01214562136516,47.048565399734585],[-84.01304642164615,47.04850919967317],[-84.01398052193775,47.0484526996098],[-84.01481682220971,47.04848879956621],[-84.01592102256978,47.048544699509954],[-84.01692612290411,47.04864749946663],[-84.01786442321713,47.04875109942742],[-84.01886892354837,47.04883099938059],[-84.01997132389923,47.04881819931397],[-84.0213403243321,47.048779399227776],[-84.02230852463737,47.04874529916571],[-84.02317522490462,47.04866659910292],[-84.02404322517798,47.048633599046916],[-84.02491002544528,47.048554898984094],[-84.02577612570943,47.04845329891782],[-84.0268415260312,47.04830349883243],[-84.0276075262635,47.048203098772184],[-84.02807742640293,47.04811669873145],[-84.02809532640374,47.04807769872445],[-84.0281944264197,47.047952498699544],[-84.02828612642793,47.047784698668636],[-84.02836242643454,47.04764319864262],[-84.02840052643433,47.0475442986253],[-84.02846932642369,47.04728479858177],[-84.02849972640225,47.04703659854213],[-84.02848432637235,47.04683779851279],[-84.02839282630626,47.046544398473415],[-84.02825552621252,47.04614759842108],[-84.02811062613414,47.04589259839076],[-84.02797332604761,47.04555319834709],[-84.02785902597462,47.04526259830955],[-84.0277290258976,47.04498029827414],[-84.02763752583431,47.044709298238224],[-84.027591925756,47.04420209816363],[-84.02757652572868,47.044023598137386],[-84.02766072572877,47.04380989809987],[-84.02772922572375,47.04359549806319],[-84.02781302573389,47.04346279803806],[-84.02800372575787,47.043168597982074],[-84.0281029257743,47.04304669795767],[-84.02827082580696,47.04287919792227],[-84.02843872584086,47.04272169788842],[-84.02859122587098,47.04257369785695],[-84.02869822589327,47.042478597836165],[-84.02876672590746,47.042417197822815],[-84.02917132598702,47.04202059773865],[-84.02954522605913,47.04164279765916],[-84.02989602612715,47.041291597585044],[-84.03020132618741,47.04099439752187],[-84.03054452624728,47.040597197441215],[-84.03093382631901,47.04017739735444],[-84.03168902645088,47.03930469717718],[-84.0324062265776,47.03848809701064],[-84.03279532665452,47.03810989693019],[-84.03306252670939,47.037866596877436],[-84.03335242677805,47.037675496831305],[-84.0336117268393,47.03750329678984],[-84.03404682694347,47.037225096721954],[-84.0343290270165,47.03708829668455],[-84.03462652709437,47.03695099664617],[-84.03493932717751,47.036816696607346],[-84.03516802723868,47.03672179657942],[-84.03542012730543,47.03661159654786],[-84.0357176273871,47.036504696514115],[-84.03602262747218,47.03640549648114],[-84.03628232754453,47.036320996453014],[-84.03658712763294,47.03624879642408],[-84.03726652782606,47.036057496355085],[-84.03764022793312,47.03595869631812],[-84.03809782806982,47.035882396279646],[-84.03845662817642,47.035817796248715],[-84.03883802829309,47.03577609621996],[-84.0391816283995,47.03574899619567],[-84.03944852848194,47.03572619617659],[-84.03977652858444,47.03570729615441],[-84.0403031287537,47.03571469612465],[-84.0406084288532,47.03573019610909],[-84.04094402896138,47.035737096090415],[-84.04111942902037,47.03576049608372],[-84.04132532909041,47.0357943960768],[-84.04143982913092,47.035825096074724],[-84.04158492917878,47.03583699606803],[-84.04175282923622,47.03586739606283],[-84.04191272929263,47.035909296059806],[-84.0420043293253,47.03593609605851],[-84.04214922937447,47.03595929605359],[-84.04232482943782,47.036016496051964],[-84.04253112951042,47.036069496047965],[-84.04272932958187,47.036133996046146],[-84.04288172963923,47.03620299604772],[-84.04314142973327,47.036290596045795],[-84.04330912979304,47.03634009604347],[-84.0434539298475,47.03640489604487],[-84.04366792992592,47.03648469604445],[-84.04378222997069,47.036550296047764],[-84.0439273300266,47.036626296050805],[-84.04402613006293,47.03666419605078],[-84.04427033015783,47.036798296056894],[-84.04470553032334,47.03700829606335],[-84.0449722304296,47.03717559607313],[-84.04520883051714,47.037270596073775],[-84.04560553066706,47.037454596078504],[-84.04578103073362,47.037537696080854],[-84.0460025308121,47.03759929607721],[-84.04620863088422,47.03764889607268],[-84.04633063092469,47.03766029606726],[-84.04662823102738,47.03772099605904],[-84.04686433110474,47.03773609604746],[-84.04699443114932,47.03775959604341],[-84.04713913119609,47.03776369603555],[-84.04735293126242,47.037747796020575],[-84.0475742313331,47.03774759600757],[-84.04775723138975,47.03773259599452],[-84.04790983143658,47.03771729598326],[-84.04803933147517,47.0376946959722],[-84.04816143151038,47.037664395960434],[-84.04832193155634,47.03762189594451],[-84.04849723160609,47.037572195926664],[-84.04868053165517,47.03749649590435],[-84.04890173171201,47.03738599587453],[-84.04900843173839,47.037324595858934],[-84.04916883177869,47.037237095836176],[-84.04929083180807,47.03716069581736],[-84.04940533183509,47.03708459579902],[-84.04950453185336,47.03697729577689],[-84.04959593186909,47.036870195755185],[-84.04971063189481,47.03678279573515],[-84.04995453194637,47.03657269568882],[-84.05024463200742,47.03632079563344],[-84.05049633206262,47.036119495588],[-84.0507328321118,47.035909595542115],[-84.0509389321595,47.03576459550794],[-84.0511601322091,47.03559669546937],[-84.05128203223846,47.03552029545056],[-84.05145743228489,47.03544359542856],[-84.05170193234245,47.03527959538925],[-84.05182373237615,47.035238095375746],[-84.05225883248492,47.03499699531351],[-84.05243443253012,47.034910195289946],[-84.05266293259017,47.0348062952607],[-84.05283863263922,47.03474979524182],[-84.05296853267309,47.03468899522489],[-84.05306753270084,47.034658195214405],[-84.0531970327322,47.03457829519461],[-84.05342623279476,47.03449339516824],[-84.05363193285338,47.03443619514743],[-84.05384593291367,47.0343719951251],[-84.05402903296694,47.03432999510793],[-84.05416633300696,47.03429929509524],[-84.0544026330739,47.03423109507097],[-84.0545629331212,47.03419979505676],[-84.05473853317447,47.034177095042985],[-84.05499783325494,47.03415779502487],[-84.05518863331217,47.03412799500908],[-84.05531823334917,47.03409299499616],[-84.05556993342401,47.03404809497451],[-84.05576073348304,47.034032794961014],[-84.05601273355778,47.03398669493915],[-84.05623373362317,47.03394479491981],[-84.05648573369889,47.03390659489919],[-84.05666103375592,47.03391429489011],[-84.05692793383494,47.0338643948668],[-84.05704253387204,47.03386809486062],[-84.05727903394384,47.03383819484224],[-84.05737843397274,47.03381529483287],[-84.05777513409524,47.033780994804346],[-84.05817953422013,47.03374659477537],[-84.05839293428451,47.03371619475819],[-84.05869083437351,47.03366659473318],[-84.05893483444898,47.033646494715775],[-84.05917903452223,47.03360849469563],[-84.05934673457539,47.033605194685286],[-84.05954523463929,47.03360879467419],[-84.05970553468858,47.033593294662396],[-84.05990383475302,47.03360149465201],[-84.06005643480081,47.03359399464194],[-84.06024723485888,47.03357089462719],[-84.06044523492065,47.03355889461376],[-84.06054463495393,47.03357089460973],[-84.06068963499975,47.03356699460067],[-84.06083463504845,47.03358559459495],[-84.06101763511127,47.03362009458943],[-84.06109393513708,47.03363149458671],[-84.06126943519371,47.03363579457704],[-84.0614143352438,47.033665694573095],[-84.06158223530043,47.033689394566835],[-84.06168903533587,47.03369999456217],[-84.06189493540226,47.0337045945508],[-84.06226133552262,47.03373079453331],[-84.06255113562291,47.03379169452555],[-84.06284873572478,47.033845594516244],[-84.06303183578525,47.03386089450785],[-84.06326843586373,47.03388379449742],[-84.06348983593642,47.0338992944868],[-84.06377983603095,47.03391399447201],[-84.06399333610113,47.033929694461875],[-84.06412283614054,47.03391379445185],[-84.06430613619962,47.03391789444166],[-84.06451963626881,47.03392569443036],[-84.06466473631573,47.03392969442244],[-84.0650003364238,47.03393639440372],[-84.06522913649799,47.03394489439162],[-84.06534383653269,47.033929494382534],[-84.06548893658055,47.03394139437583],[-84.0656335366281,47.033952094368935],[-84.06570983665299,47.03395569436501],[-84.06590843672168,47.03399759435971],[-84.06598483674854,47.03401689435819],[-84.06612973679975,47.034055794355595],[-84.06619043682143,47.03407439435483],[-84.0664424369078,47.034120494347086],[-84.06836493757675,47.03455499430034],[-84.06871593769469,47.03460069428672],[-84.0690669378178,47.034687994279345],[-84.06930333789863,47.034730094271914],[-84.06950963796754,47.0347537942634],[-84.06965443801656,47.03477579425825],[-84.06986803808778,47.03479929424928],[-84.0701656381905,47.034859894241016],[-84.07024183821872,47.0348904942412],[-84.07037153826397,47.03492079423818],[-84.07051683831428,47.034951694234366],[-84.07085233842915,47.035012494223956],[-84.07112703852842,47.03510409422173],[-84.07143223864033,47.03521849422126],[-84.07179853877751,47.035378594224134],[-84.07193573883006,47.03544799422664],[-84.072088338885,47.03549679422508],[-84.07225643894833,47.03557329422684],[-84.07245443902366,47.03566919422983],[-84.07420933968612,47.036478194249966],[-84.07433903973237,47.03651629424813],[-84.07449183978974,47.03658419424953],[-84.07470533986329,47.03662679424344],[-84.07489623993145,47.03668359424092],[-84.0750943400024,47.036744594238534],[-84.0752623400609,47.03678279423448],[-84.07548334013916,47.036843294230735],[-84.07565134019578,47.03686689422442],[-84.07591094028152,47.03688919421257],[-84.07609384033952,47.03688539420124],[-84.07630754040733,47.03688189418816],[-84.0765058404726,47.036896794178794],[-84.07658234049606,47.036889094173155],[-84.0767805405566,47.036866894158074],[-84.07685694058246,47.03687829415532],[-84.07710104065812,47.03685939413811],[-84.07742914075718,47.036813494111875],[-84.07773434084662,47.036748994084114],[-84.07796344091251,47.03669109406184],[-84.07814624097044,47.036687294050516],[-84.07832194102473,47.03667239403793],[-84.078482241074,47.03665689402612],[-84.0786727411358,47.03666409401606],[-84.07887144119651,47.03664189400094],[-84.07916874128769,47.036611393978845],[-84.07940524136511,47.03662639396727],[-84.07967994145525,47.03664489395394],[-84.07984764151036,47.03665729394599],[-84.08006124157801,47.03665259393268],[-84.08039704168633,47.03666049391417],[-84.08074044179943,47.036687193898025],[-84.08096174187108,47.03669479388619],[-84.08119054194708,47.03671779387624],[-84.0814119420208,47.03674109386681],[-84.08159514208126,47.0367563938584],[-84.08174014212891,47.036767193851496],[-84.08194574220084,47.03681669384695],[-84.08207574224777,47.036859393845795],[-84.08228184231889,47.03690109384004],[-84.08248764238947,47.0369393938338],[-84.08264774244343,47.03696209382784],[-84.0828691425161,47.036977493817176],[-84.08302954257263,47.03701929381414],[-84.08321274263507,47.03705039380811],[-84.08336504268662,47.03707319380258],[-84.08350994273769,47.03711099379985],[-84.08374684281767,47.03714509379111],[-84.08388404286387,47.03716389378593],[-84.08413574294865,47.037198693776425],[-84.08424994298663,47.03721029377147],[-84.08438744303433,47.037240293767944],[-84.08451714307874,47.03726379376394],[-84.08460874310936,47.03727479376022],[-84.0847767431645,47.03728609375204],[-84.08688224389292,47.03772879369572],[-84.08892734459677,47.038129193636486],[-84.08932394473162,47.03819379362304],[-84.08959874482471,47.03823589361327],[-84.08980464489916,47.038304593611684],[-84.08991924494057,47.03834309361077],[-84.0900487449872,47.038384593609464],[-84.09017844503259,47.03841599360664],[-84.09032344508462,47.03846159360509],[-84.09051414515228,47.038514893601985],[-84.09068204520976,47.03854529359669],[-84.0908421452638,47.03856799359079],[-84.09110174535208,47.03861039358197],[-84.09121594539086,47.03862869357806],[-84.09137624545073,47.03869749357906],[-84.09158244551956,47.0387211935706],[-84.09178084558587,47.03874399356236],[-84.09192574563586,47.038773793558434],[-84.09214674570843,47.03878919354778],[-84.09229184575727,47.038808893542246],[-84.09244454580796,47.03882389353551],[-84.09261984586679,47.03884619352861],[-84.09281064592581,47.0388308935151],[-84.09302424599504,47.0388385935037],[-84.0932075460507,47.03881569348943],[-84.0933142460805,47.03878129347793],[-84.09345164611914,47.03873929346346],[-84.09364994617967,47.038717093448426],[-84.09375664621425,47.038720893442736],[-84.09382524623327,47.03869769343518],[-84.09391714625933,47.03867159342578],[-84.09400834628545,47.038647793416786],[-84.09422214634995,47.03861719339957],[-84.09431354637584,47.03859109339021],[-84.09445104641011,47.03851429337045],[-84.0945885464407,47.038408193346214],[-84.09472564647585,47.03833919332766],[-84.0948478465043,47.03825489330761],[-84.09495444652595,47.03815639328636],[-84.095053746549,47.03808739327002],[-84.09515314656882,47.03799239324967],[-84.0952445465894,47.037923593233856],[-84.09531314660214,47.03785089321873],[-84.09537434661156,47.03777049320289],[-84.09544294662253,47.03768309318557],[-84.09548864663186,47.03764139317655],[-84.09565674666108,47.037446693137014],[-84.09577094667395,47.03725909310171],[-84.09585484668646,47.03714549307947],[-84.09593884669549,47.03700369305294],[-84.09599994669587,47.03685129302614],[-84.09609894671115,47.03672149300059],[-84.09622864673491,47.03658079297153],[-84.09628204674287,47.036508392957366],[-84.09636624675535,47.036393692934936],[-84.0965188467897,47.036279292908574],[-84.0966178468102,47.03619109288933],[-84.0967249468349,47.03611509287141],[-84.09693084688679,47.03600489284255],[-84.09705264691793,47.035943092825995],[-84.09719034694905,47.03584039280225],[-84.09729674697391,47.03576779278494],[-84.0974495470131,47.035691592764316],[-84.09757924704591,47.03562289274625],[-84.09770894707786,47.035547392727146],[-84.09783864711147,47.035485292710085],[-84.09793784713891,47.03545119269901],[-84.09810564718443,47.03538699267938],[-84.09823554721585,47.03530699265959],[-84.09834974724944,47.03528359264927],[-84.09845674727828,47.03524139263656],[-84.09855574729984,47.035161092618544],[-84.09863984731804,47.03509239260315],[-84.09871604733821,47.03505889259353],[-84.0988458473676,47.03496309257133],[-84.09889924737557,47.03489079255717],[-84.09901384740022,47.03479539253589],[-84.09905174740894,47.03476849252959],[-84.09908984741445,47.03471569251932],[-84.09912034741988,47.03468119251225],[-84.09916614742767,47.03462709250132],[-84.09926564744329,47.03449839247587],[-84.09935724746147,47.03441039245707],[-84.09945624747962,47.034303092434946],[-84.09963944752039,47.03416199240268],[-84.09979974755437,47.03402489237236],[-84.10006654761085,47.03379609232183],[-84.10024204764964,47.03365859229058],[-84.10046344769924,47.03349059225201],[-84.1006465477371,47.033326992216324],[-84.100791247768,47.03320489218923],[-84.10097434780877,47.033063892157],[-84.10112734784329,47.03294949213056],[-84.10124924787355,47.03288089211292],[-84.10137104790374,47.03281119209517],[-84.10150114793578,47.032735692076045],[-84.10170714798434,47.032598492042986],[-84.10182894801547,47.032536692026454],[-84.10194344804344,47.0324683920093],[-84.10207314807624,47.0323995919912],[-84.10211894808663,47.03236569198334],[-84.10222594810404,47.032232291956745],[-84.10235544813098,47.03211749193165],[-84.10247734815692,47.03201399190876],[-84.10257684817871,47.03193479189081],[-84.10267584819584,47.03181959186742],[-84.10275974820925,47.03171279184625],[-84.10282864821926,47.0316174918277],[-84.10292754823512,47.03149219180282],[-84.1029582482329,47.03139689178651],[-84.10300384823587,47.031304491769724],[-84.10303464823569,47.0312248917558],[-84.10308014823917,47.03113709173974],[-84.10309554823739,47.03108379173073],[-84.10311094823462,47.03102259172049],[-84.10314134823278,47.03093069170473],[-84.10315644822664,47.03084359169056],[-84.10317184821226,47.030690191666295],[-84.10315664819505,47.03059159165218],[-84.10317174801422,47.02911529142648],[-84.10319474795004,47.02854659133848],[-84.10321754793631,47.028379391311645],[-84.10317964790455,47.02822299129007],[-84.10316424788128,47.028077091268734],[-84.10311864785002,47.02794449125126],[-84.10307274782134,47.02783329123704],[-84.10304984780734,47.027779891230225],[-84.10301924778366,47.02766929121516],[-84.1029660477567,47.02758979120621],[-84.10289744772328,47.027498291196316],[-84.10283634768642,47.02736039117888],[-84.10275994764713,47.02724209116534],[-84.10269874761605,47.02715039115499],[-84.10259964757384,47.027066491148055],[-84.10248504752673,47.02698299114206],[-84.10237834747629,47.02685309112855],[-84.10226374742484,47.02673469111723],[-84.1021648473803,47.02663169110739],[-84.10208094734105,47.02653269109721],[-84.10198164729292,47.02640259108324],[-84.1018441472318,47.02626579107049],[-84.1017681471969,47.02618119106209],[-84.1016458471406,47.02604389104835],[-84.10153154708453,47.025888391031394],[-84.10147054705688,47.025823591025095],[-84.10138674701955,47.02573929101718],[-84.10129504697963,47.025655191009754],[-84.10124934695601,47.0255832910015],[-84.10117274692333,47.025517890996014],[-84.10111184689572,47.02545309098977],[-84.10103554685747,47.02534269097739],[-84.10097464682552,47.025243090965795],[-84.1009286467984,47.02514419095348],[-84.10088304676982,47.025032990939174],[-84.1008446467509,47.02497999093338],[-84.10076094669785,47.02477079090646],[-84.10073014667215,47.02464449088901],[-84.1007381466608,47.02453399087168],[-84.10074564664731,47.02440779085203],[-84.10077594664605,47.024320390836934],[-84.10076864662692,47.02418669081701],[-84.10080674662184,47.02404959079388],[-84.10082194661139,47.02392769077446],[-84.10082934659785,47.023801490754785],[-84.10084494656067,47.02346579070275],[-84.10096694627218,47.02086039029866],[-84.10095914624469,47.020661490268786],[-84.10096674622702,47.02050159024402],[-84.1009898462229,47.02040979022865],[-84.10102044621257,47.020250390202534],[-84.10106594621611,47.0201624901865],[-84.10112734622084,47.02004389016481],[-84.10116534622432,47.01997539015213],[-84.10120334622162,47.019857290131924],[-84.1012644462258,47.01973529010975],[-84.10131794622944,47.019628090090286],[-84.10141704624337,47.019486990062944],[-84.10148564625513,47.019406390046655],[-84.10164614628435,47.01923109001048],[-84.10168414628889,47.01917038999898],[-84.10174534630032,47.01910578998558],[-84.10186724632725,47.01901018996385],[-84.1020045463548,47.018880489936016],[-84.10211134637879,47.0187999899175],[-84.10222574640676,47.01873158990033],[-84.10231724642833,47.01867068988567],[-84.1024853464666,47.01854798985706],[-84.10273714653319,47.01843768982551],[-84.1028742465683,47.01836868980696],[-84.10305004661153,47.018265989780964],[-84.10315664663791,47.018204689765334],[-84.10327884666985,47.01814848974962],[-84.10348454672598,47.01807198972584],[-84.10373634679338,47.017968389695284],[-84.1038967468374,47.01791118967711],[-84.10411024689698,47.01784238965408],[-84.10433144695855,47.01777008963005],[-84.10442344698224,47.01772478961779],[-84.10523974720753,47.017442789526825],[-84.10620854747324,47.01709468941686],[-84.10701734769133,47.01677468932057],[-84.10810094798765,47.0163784891965],[-84.10858154812142,47.016221389144285],[-84.108863748201,47.01613728911492],[-84.10914614828302,47.016072189088426],[-84.10946654837291,47.01597348905454],[-84.10987074848522,47.01583988901045],[-84.11035154862107,47.01569858896059],[-84.11093114876587,47.01537798887774],[-84.11129734886376,47.01522628883309],[-84.11149604891762,47.0151499888098],[-84.11180894899165,47.01494348875989],[-84.11234294910945,47.01452398866462],[-84.1127548492051,47.01423828859688],[-84.11304464927703,47.01407398855483],[-84.11342644936305,47.01378798848878],[-84.11367044941548,47.0135855884436],[-84.1140137495002,47.013387288393204],[-84.11432644958091,47.01323478835158],[-84.11452484963232,47.01313938832542],[-84.11485314971893,47.01299428828399],[-84.11528024982844,47.01278018822622],[-84.11568484994423,47.01267358818622],[-84.11613475007029,47.01253308813837],[-84.11652405018211,47.012433588100286],[-84.11696635031235,47.01234618806099],[-84.11734785042071,47.01223898802222],[-84.11779045055349,47.012170687985794],[-84.11843895074664,47.01205968793074],[-84.11894245089641,47.011971687887794],[-84.11946145105698,47.011930487851],[-84.11993425120589,47.011914287820716],[-84.12055225140327,47.011914287784386],[-84.12113215158801,47.01191078774972],[-84.12160545173828,47.01190358772082],[-84.12216985191456,47.011872387682864],[-84.1238332524401,47.01182698757816],[-84.12428325258041,47.01180008754758],[-84.12474135272238,47.01176618751548],[-84.12528275289148,47.01173568747902],[-84.12623645319115,47.011697187417035],[-84.1268925533959,47.011659087372685],[-84.12730495352577,47.01164438734617],[-84.12773945366341,47.01163588731935],[-84.12815165378844,47.01158298728704],[-84.12845695388017,47.01153748726214],[-84.12876965397429,47.01149188723679],[-84.12923525411428,47.0114228871989],[-84.12959365421622,47.011323087162644],[-84.12989125430076,47.01123958713241],[-84.13034135443101,47.011132687089656],[-84.13062375451118,47.01105298706095],[-84.13098215461306,47.01095318702461],[-84.13135605471858,47.01084288698587],[-84.13190545487431,47.01068608692966],[-84.1326455550814,47.010453186850626],[-84.13314145521863,47.010285486795894],[-84.13353825532859,47.01015198675227],[-84.13406455547461,47.00997668669458],[-84.13482755568224,47.00969028660609],[-84.13611705603888,47.009252186463485],[-84.13999295710224,47.00786678602444],[-84.14376195813733,47.006528085598745],[-84.14565405865795,47.00586408538632],[-84.14680625897158,47.00543298525283],[-84.14714195906444,47.00531918521575],[-84.14735545912058,47.00522328518855],[-84.14754625917092,47.005139285164574],[-84.14770655921447,47.00507858514589],[-84.14793535927357,47.0049676851155],[-84.14808045931134,47.00489958509661],[-84.14831705937205,47.00478168506471],[-84.14847715941201,47.004692885041734],[-84.14862205944868,47.00461698502169],[-84.14870605946643,47.00454488500578],[-84.14884335950062,47.00446798498595],[-84.14900365953991,47.00437358496211],[-84.1491333595693,47.004277784939895],[-84.14924005959563,47.00421628492429],[-84.14936235962179,47.004113984901466],[-84.14956815966782,47.00395758486556],[-84.14967515969427,47.00389608484988],[-84.14977415971393,47.00380108482959],[-84.14992685974927,47.00369458480437],[-84.15003365977228,47.00360608478461],[-84.15018635980904,47.00351078476108],[-84.15034645985051,47.00343438474007],[-84.15059055991021,47.00328928470356],[-84.15072785994397,47.00320898468324],[-84.15090335998704,47.003106284657285],[-84.15106366002621,47.003010784633304],[-84.15121626006635,47.002942384613945],[-84.1513078600903,47.00290048460212],[-84.15148326013585,47.00281698457913],[-84.15167406018801,47.0027475845573],[-84.15482516104197,47.001539084187804],[-84.15857136206175,47.00013858375392],[-84.16266846317531,46.998593383277466],[-84.16338556337254,46.998341783196906],[-84.1639959635353,46.99808638312206],[-84.1644537636545,46.99787238306254],[-84.16477416374092,46.99774648302449],[-84.16519386385474,46.997586382975406],[-84.16549156393025,46.99743078293414],[-84.16573556399165,46.99730028289988],[-84.16619336410244,46.99701878283009],[-84.16662066420136,46.996721182759565],[-84.1669716642808,46.99646168269942],[-84.16708606430146,46.996335882673456],[-84.16726926433785,46.99615988263586],[-84.1674217643703,46.99603078260723],[-84.16750576438262,46.9959159825848],[-84.16764296440533,46.995747882551115],[-84.16777266442564,46.99558008251792],[-84.16789496444937,46.99545858249217],[-84.16797876446108,46.995339282469075],[-84.16807806447325,46.995183482439515],[-84.16819246449393,46.99505768241358],[-84.1682533644956,46.99491648238852],[-84.16835256451053,46.9947832823624],[-84.16844416451863,46.994615382331396],[-84.1684975645164,46.99446198230489],[-84.1686043645285,46.99428698227196],[-84.16867296453118,46.99413428224464],[-84.16875686453008,46.99391258220593],[-84.16878756452509,46.99379478218614],[-84.16886386452738,46.99361938215495],[-84.1689247645176,46.993387082115916],[-84.16897056451157,46.993222682088216],[-84.16904696451489,46.99305518205815],[-84.16910026450161,46.9928140820183],[-84.16932936448373,46.9920900818945],[-84.16952756447118,46.991487181790966],[-84.16968786446,46.99099118170596],[-84.1698708644479,46.99043028160967],[-84.16999296444757,46.99011758155483],[-84.1700998644447,46.989823281503675],[-84.17016086443935,46.98962578147003],[-84.17021426443532,46.98945788144129],[-84.1702982644376,46.989263181406685],[-84.17035926444218,46.989144481384955],[-84.17042036443725,46.98895038135179],[-84.17060336445105,46.98859548128695],[-84.17077886446206,46.98823738122208],[-84.17090096446398,46.98794258116994],[-84.17103076446865,46.98764988111766],[-84.17117566448273,46.98739388107016],[-84.17125176447536,46.98714198102724],[-84.17141216449868,46.98692048098409],[-84.1715799645211,46.98667278093641],[-84.1716943645332,46.98647838090007],[-84.17182406455011,46.986283580862775],[-84.17203786458053,46.98598288080433],[-84.17221316460521,46.98573388075605],[-84.17238106463348,46.98553238071548],[-84.17250306465274,46.98537598068449],[-84.1736094648486,46.98412468042867],[-84.17373926487313,46.98399058040055],[-84.1739147649048,46.98379678036071],[-84.17412826494076,46.98354108030916],[-84.17431906497869,46.98335798026998],[-84.17444866500699,46.98325428024662],[-84.17450216501933,46.98321678023774],[-84.17457086503357,46.9831552802243],[-84.17463946504925,46.98310618021277],[-84.17474636507089,46.98300638019128],[-84.17493696511548,46.982877380160396],[-84.17502096513462,46.98281658014621],[-84.17512786516099,46.98275508013053],[-84.17528806520735,46.98271688011527],[-84.17539476523368,46.982655480099645],[-84.1754787652538,46.98260248008664],[-84.17554736526951,46.98255328007506],[-84.17564666529208,46.98248078005818],[-84.17572286530867,46.98241908004429],[-84.17586026534056,46.982324180021784],[-84.17595946536031,46.982229180001404],[-84.17605856538083,46.98214087998217],[-84.17612726539501,46.982079379968724],[-84.17621886541335,46.9819924799501],[-84.176302665429,46.98190457993174],[-84.17648586546296,46.98170937989126],[-84.17655466547734,46.98164897987801],[-84.17666906550284,46.98156147985793],[-84.17679116552878,46.98145797983493],[-84.1768750655479,46.981397079820724],[-84.17694366556069,46.98132437980562],[-84.17706586558683,46.98122197978283],[-84.17714966560433,46.981148779766706],[-84.17725646562788,46.98106477974761],[-84.1775311656969,46.98091647970885],[-84.1776913657374,46.980832179686544],[-84.17776006575502,46.98079767967727],[-84.17785166577852,46.98075237966498],[-84.17804226582878,46.98066837964093],[-84.17813386585276,46.98062637962921],[-84.1782712658903,46.98057647961349],[-84.17841626592902,46.98051617959572],[-84.17856116596897,46.98046607957961],[-84.17873676601646,46.980398179558904],[-84.17889686606459,46.9803745795459],[-84.17900356609573,46.98035137953604],[-84.17918676615139,46.980329379521905],[-84.17932406619317,46.98031317951136],[-84.1794691662391,46.98031027950242],[-84.17977426633158,46.9802714794785],[-84.17992686637935,46.98026387946837],[-84.18016336645479,46.9802639794545],[-84.18043816654293,46.98026757943888],[-84.18066696661357,46.980248879422575],[-84.18095696670326,46.98022617940205],[-84.18119346677392,46.98018807938227],[-84.18144526685182,46.98016877936455],[-84.18167416692113,46.980138779346476],[-84.18194876700143,46.98008047932146],[-84.1821241670521,46.980038479304724],[-84.18245996715018,46.97996617927393],[-84.18271166722138,46.9798938792481],[-84.18294056728587,46.97982567922427],[-84.18297866729604,46.97980997921961],[-84.18342886742963,46.979729979180895],[-84.1838409675444,46.97959697913636],[-84.18415376763366,46.97951287910515],[-84.18437496769697,46.97945497908329],[-84.18458106775368,46.979382879060175],[-84.18479466780991,46.97928807903316],[-84.1850464678762,46.979176379001316],[-84.18522186792505,46.97911977898236],[-84.18548126799587,46.97902477895263],[-84.18561106803187,46.97898187893843],[-84.18574836806714,46.978913878919975],[-84.18585506809488,46.97886367890605],[-84.18594686811568,46.9787958788903],[-84.18606116814199,46.97871507887129],[-84.18620626817392,46.97860077884531],[-84.18633586819995,46.978479078819106],[-84.1864579682235,46.97835637879326],[-84.18654176823922,46.97826857877492],[-84.18661046824873,46.978169878755814],[-84.1866562682499,46.97806287873686],[-84.18671726825164,46.97792167871169],[-84.1868164682665,46.977788378685524],[-84.1869079682756,46.97762837865576],[-84.18695376827577,46.97751347863558],[-84.18715216829115,46.97713217856576],[-84.18729716830386,46.976864878516466],[-84.18736586829995,46.9766593784811],[-84.18739636829287,46.97652577845898],[-84.18740406827524,46.97636577843412],[-84.18744976827256,46.97622837841048],[-84.18748036826892,46.97612177839244],[-84.18751846826426,46.97598797836978],[-84.18757956826704,46.97585467834585],[-84.1876251682695,46.97575887832857],[-84.18769386827908,46.97566027830949],[-84.18777786829042,46.97553757828588],[-84.18787706830395,46.97539307825799],[-84.1880067683275,46.97525107822872],[-84.1881973683701,46.97510627819545],[-84.18842646842361,46.974950278158175],[-84.18860186846608,46.97484297813146],[-84.18880776851886,46.97474047810375],[-84.18893756855546,46.97470197809023],[-84.1891816686237,46.97462547806422],[-84.18936476867837,46.97459557804886],[-84.18969286877821,46.97455717802371],[-84.18998276887172,46.97456487800777],[-84.19021926894757,46.974568377994395],[-84.19050936904931,46.97464127798845],[-84.1906237690882,46.97466057798468],[-84.19092126919224,46.97473327797822],[-84.1909899692165,46.974751677976975],[-84.1911197692618,46.97478287797411],[-84.19118066928357,46.97480147797333],[-84.19128746932154,46.97483217797177],[-84.19137896935308,46.974850977969254],[-84.19147826938864,46.97488197796812],[-84.19158516942504,46.97490037796461],[-84.19171476947122,46.9749383779628],[-84.19182926951257,46.97497687796196],[-84.19205056959323,46.97505727796118],[-84.19215736963062,46.9750835779589],[-84.19227176967235,46.975125377958506],[-84.19236326970643,46.97516437795908],[-84.19249316975271,46.97520237795723],[-84.19260756979388,46.975239777956205],[-84.19272196983422,46.975270277954124],[-84.19283626987207,46.975281677949106],[-84.19303476994082,46.97532457794396],[-84.19318726999558,46.9753731779424],[-84.19325597001851,46.97538137793963],[-84.19349267009744,46.97540847792979],[-84.19366037015237,46.97541957792159],[-84.19375197018292,46.975430477917875],[-84.19397317025539,46.97544567790718],[-84.19407997028955,46.975446077900976],[-84.19420217033047,46.97546187789616],[-84.19427837035482,46.97546197789172],[-84.19446137041352,46.975464677881334],[-84.1946063704579,46.9754493778705],[-84.19475157050142,46.975427377858594],[-84.19487347053834,46.97541157784898],[-84.19505657059302,46.975381677833624],[-84.19516347062418,46.97535847782381],[-84.1952854706587,46.9753235778113],[-84.195399970691,46.97528997779945],[-84.19553727072854,46.975240077783745],[-84.19562887075152,46.97519027777076],[-84.19587307081754,46.975095677742004],[-84.19597987084292,46.975026277725114],[-84.19613237088052,46.97493877770278],[-84.19622387090205,46.97487777768815],[-84.19637647094018,46.97479357766632],[-84.19652907097445,46.974679077639884],[-84.1967350710215,46.974530477605065],[-84.19674287102215,46.97451557760234],[-84.19697177106495,46.97427527755225],[-84.19699457106888,46.97424867754684],[-84.19723867112509,46.97407647750623],[-84.19742937117299,46.97397327747924],[-84.19768887123948,46.97384347744421],[-84.1978794712907,46.97376727742135],[-84.19815437136793,46.97368417739252],[-84.1983145714137,46.97364147737658],[-84.19870357152679,46.97355407734038],[-84.19894007159502,46.97349687731771],[-84.19916917166194,46.9734476772967],[-84.19936737171557,46.97337127727343],[-84.19955807176925,46.973314177253506],[-84.19973357181797,46.97325637723432],[-84.19987867185569,46.9731881772154],[-84.20008467190837,46.97308457718748],[-84.2003364719734,46.972962777154116],[-84.20052707202362,46.97287867713005],[-84.20070267206869,46.97279167710642],[-84.20086287211157,46.97272647708705],[-84.20105357216045,46.97263107706132],[-84.20122907220437,46.972535077036326],[-84.20147327226742,46.97241687700395],[-84.20168677232017,46.97229497697277],[-84.20194627238341,46.97213927693379],[-84.20238117248714,46.97186047686568],[-84.20253377252281,46.97175717684092],[-84.20266337255462,46.97168157682176],[-84.2028846726041,46.97151337678311],[-84.20306027264617,46.971402676755915],[-84.20329667270296,46.97125437671936],[-84.20342637273228,46.97115847669712],[-84.2035408727544,46.97104387667291],[-84.20367817278529,46.970941076649176],[-84.2037698728069,46.97087997663443],[-84.20388427283476,46.97081147661724],[-84.20400627285929,46.97069677659259],[-84.20417417289607,46.97056377656243],[-84.2044487729505,46.97029957650598],[-84.2047311730157,46.97010157645915],[-84.20488367304897,46.969979176431515],[-84.2051049731034,46.96985037639888],[-84.20531107314702,46.96967467635995],[-84.20547127318515,46.96957117633473],[-84.20566187322832,46.96943087630213],[-84.2058144732664,46.96934667628029],[-84.2060358733283,46.969277476256714],[-84.2061882733683,46.969209076237334],[-84.20636377341619,46.96914457621717],[-84.20671487350756,46.968980576171454],[-84.20696647357478,46.96887677614084],[-84.20721847364806,46.968820276117405],[-84.20746257371535,46.96873577609014],[-84.2077296737915,46.96866417606349],[-84.20803487387832,46.96858027603274],[-84.20823307393758,46.968548776016235],[-84.20841637399229,46.96851887600092],[-84.20880537411061,46.96847307597102],[-84.20904187418311,46.96844957595352],[-84.20930127426452,46.968438975936635],[-84.20959887435274,46.96838557591095],[-84.2098200744146,46.96831637588738],[-84.21002627446987,46.968232975862534],[-84.21035417456439,46.96815287583097],[-84.21058317463111,46.96810257580983],[-84.21083477470327,46.96803817578521],[-84.21113997479009,46.96795427575446],[-84.21133077484559,46.96791177573673],[-84.21149097488718,46.96783637571579],[-84.21163607492716,46.96778617569963],[-84.21214717505994,46.96754567563283],[-84.21238377511823,46.96740857559806],[-84.21254407514829,46.967240975563065],[-84.21270417517727,46.96706547552686],[-84.21278817519062,46.966958475505585],[-84.21287197520529,46.966862775486085],[-84.2129329752066,46.96671817546046],[-84.21300157521213,46.96658797543655],[-84.21303237520713,46.96647007541676],[-84.21307037520005,46.966317175391225],[-84.21308577519403,46.966230175377035],[-84.21313907518369,46.96601267534073],[-84.21313137516864,46.96591267532597],[-84.21308557513163,46.96573397530142],[-84.21303987506815,46.96534497524476],[-84.21302467503266,46.965101275208504],[-84.2129940750003,46.96492097518286],[-84.21298657498885,46.964849175172354],[-84.21297877497142,46.964730175154614],[-84.21295597495502,46.96465767514495],[-84.2129407749368,46.96455127512961],[-84.21291777491696,46.96445177511577],[-84.21289487489916,46.96436797510437],[-84.212856774877,46.96428807509443],[-84.21282627485334,46.964177575079376],[-84.21278817483017,46.96408977506822],[-84.21276517481373,46.964017275058524],[-84.21273467479352,46.96393377504756],[-84.21269927477066,46.963841575035616],[-84.21268897476395,46.96381467503215],[-84.21265067473833,46.963707775018065],[-84.21262017471713,46.96361637500596],[-84.2125592746781,46.96346057498579],[-84.21251337464867,46.96334267497052],[-84.21247527462634,46.963261574960356],[-84.21240647458048,46.96307117493543],[-84.21233787453706,46.96289977491334],[-84.21228467450193,46.962755074894396],[-84.21226167448307,46.96266347488176],[-84.21222347446269,46.96259817487409],[-84.21216247442929,46.96248737486078],[-84.21211667440228,46.96238857484842],[-84.21207857437868,46.96229737483671],[-84.21204807435971,46.96222397482737],[-84.2120098743385,46.9621518748186],[-84.21194877430989,46.96207937481114],[-84.21191057428865,46.96200737480244],[-84.21188007426973,46.961933974793006],[-84.21182677424373,46.96186227478519],[-84.21176577421274,46.96177067477485],[-84.21171997418995,46.9617055747676],[-84.21166657416481,46.96164067476086],[-84.21164377415181,46.96159517475525],[-84.21159777412558,46.96150317474396],[-84.2115445740996,46.961431474736166],[-84.21147577406603,46.96133897472606],[-84.21139957403227,46.96126347471906],[-84.21137667401908,46.96121687471329],[-84.21130037398329,46.96112557470391],[-84.2112620739653,46.96107947469912],[-84.21121637394067,46.960999774689625],[-84.21114007390827,46.96093547468436],[-84.2110942738855,46.96087037467709],[-84.21104097386375,46.960832574674505],[-84.21100267384575,46.96078637466967],[-84.21092647381138,46.96070637466198],[-84.21085787377741,46.960610374651345],[-84.21076627373589,46.960511774641695],[-84.21068997370008,46.9604204746323],[-84.2105449736293,46.960225474611114],[-84.21046877359599,46.96015337460458],[-84.21039227356236,46.960080174597955],[-84.21036197354462,46.96001577458986],[-84.21028567350544,46.95989747457633],[-84.21023987348264,46.95983237456912],[-84.21018627345741,46.95976757456239],[-84.21010247341823,46.95966867455224],[-84.21003367337907,46.95953107453534],[-84.21001087335448,46.95939337451565],[-84.20999557334723,46.9593746745137],[-84.2099345733153,46.9592750745021],[-84.20982777326408,46.95913857448757],[-84.20972857321088,46.95896707446729],[-84.20971337319357,46.95886737445295],[-84.2096065731159,46.958520474406335],[-84.2095300730651,46.95830997437876],[-84.20949967302865,46.958097074348075],[-84.20949967299798,46.95785297431087],[-84.20947687297482,46.957726474292905],[-84.20946917296098,46.957635574279514],[-84.20947667294512,46.95749027425688],[-84.20948437293649,46.95740227424301],[-84.20949207291167,46.95718497420943],[-84.20951497289981,46.95703247418481],[-84.20960647290028,46.95680377414456],[-84.20966757290405,46.956678274121806],[-84.20976687291557,46.95651797409152],[-84.2098658729318,46.9563959740671],[-84.20997277295002,46.95626917404145],[-84.2100565729657,46.95618137402314],[-84.21019397299577,46.95607177399831],[-84.21038467304119,46.95594937396842],[-84.21049917306755,46.95586857394937],[-84.21062127309462,46.955774073927785],[-84.21075847312393,46.955658773902115],[-84.210880673152,46.9555721738817],[-84.21107137320311,46.95549477385871],[-84.21146057330282,46.955300473806126],[-84.21156747332937,46.95524007379063],[-84.21171227336782,46.95517867377276],[-84.21188017341173,46.95510197375116],[-84.21202507344694,46.955014673729345],[-84.21220067348906,46.95490397370213],[-84.21236847353052,46.95480807367761],[-84.21255157357601,46.954705073651084],[-84.21268887360786,46.95461007362853],[-84.21282617364157,46.95452977360821],[-84.21296357367683,46.95446177358974],[-84.21314677372708,46.954396973569075],[-84.2132610737534,46.95431617355006],[-84.21345197379807,46.9541870735191],[-84.21359697382802,46.95405697349073],[-84.21371127385008,46.953942373466504],[-84.21379527386438,46.95384327344645],[-84.21386397387634,46.953763773430296],[-84.21392497388707,46.953694573416115],[-84.21395557388684,46.95361497340218],[-84.21400117388696,46.953499973381966],[-84.21405457389154,46.953400673363674],[-84.21408507388546,46.953274873342735],[-84.21410037388699,46.953248573337824],[-84.21413087388761,46.953175773324936],[-84.21415377388394,46.95308847331024],[-84.21415367387476,46.95301537329908],[-84.21416157386392,46.95290937328243],[-84.21416907384953,46.952775273261565],[-84.21417657383364,46.952629973238984],[-84.21415377381248,46.952519273223395],[-84.21414617380103,46.95244747321295],[-84.21413847378845,46.952366673201055],[-84.21411577376988,46.95227617318858],[-84.21409287375245,46.95219587317769],[-84.21403937372529,46.95211517316853],[-84.21399347370004,46.952030973158394],[-84.2139325736701,46.9519472731492],[-84.21386397363496,46.95184117313707],[-84.21381047360971,46.95177627313028],[-84.21378767359519,46.95171847312282],[-84.21372657356899,46.95166497311829],[-84.21365017353742,46.951607573114025],[-84.21359677351562,46.951569673111386],[-84.21351297347988,46.95149777310534],[-84.21343667344834,46.951440273101085],[-84.21336807342217,46.95140617309986],[-84.21328417338826,46.951348973096145],[-84.21321527336146,46.95131037309425],[-84.21315427333627,46.95126487309091],[-84.21303997329359,46.95121517309009],[-84.21293307325622,46.9511889730924],[-84.21281867321248,46.951131373090305],[-84.21271947317699,46.95110047309148],[-84.21263537314775,46.95108147309352],[-84.21255927312063,46.951058773094545],[-84.21236087305596,46.951047473104445],[-84.21223107300986,46.951009573106326],[-84.2121318729743,46.95097857310747],[-84.21204037294136,46.95094857310828],[-84.21196397291456,46.95092927310981],[-84.21187257288308,46.950910473112316],[-84.21178097285092,46.95088717311413],[-84.21167427281361,46.95086097311645],[-84.21157507277806,46.95082997311759],[-84.21148357274511,46.95079987311838],[-84.21137657270718,46.95076917311994],[-84.21122397265462,46.95073857312427],[-84.21113257262076,46.950700673123876],[-84.21107147259882,46.95068097312446],[-84.2109647725615,46.95065477312678],[-84.21085777252449,46.95063187312955],[-84.21077377249375,46.95060047312969],[-84.21068987246377,46.95057467313076],[-84.21051437240148,46.95052447313338],[-84.21033137233786,46.95048237313777],[-84.20997277220586,46.95034167313739],[-84.20973627211842,46.950245973136724],[-84.20946917201655,46.9501128731321],[-84.20927837193939,46.94998317312356],[-84.20900377183838,46.949876173123435],[-84.20871377172818,46.9497346731189],[-84.20856127167106,46.949666973117544],[-84.20839337160552,46.949571573112856],[-84.20830177156813,46.94950657310832],[-84.20817967152004,46.949433573104386],[-84.20788207141078,46.949319273104464],[-84.20764567132103,46.94920437310087],[-84.20754657128667,46.949182373103355],[-84.20732517121115,46.94914367311047],[-84.20721077116946,46.9491018731108],[-84.20703527111114,46.94908317311828],[-84.20686737105562,46.9490675731258],[-84.20673777100954,46.94902957312762],[-84.20660807096526,46.94900627313169],[-84.20645537091413,46.94898687313772],[-84.20602047077597,46.94899117316396],[-84.20576887069434,46.94898027317712],[-84.20554747062369,46.94897967319009],[-84.2052805705391,46.948983773206365],[-84.20509727048257,46.948999073219525],[-84.20493707043093,46.94899457322826],[-84.20469297035449,46.949005873244346],[-84.20450217029318,46.94900227325501],[-84.20440297026202,46.94900617326146],[-84.20426557021773,46.94900217326896],[-84.20399867012891,46.948972473280094],[-84.20378497005782,46.94894927328915],[-84.20349496996099,46.94891457330091],[-84.20326616988615,46.9488996733121],[-84.20302976980551,46.94885787331961],[-84.20280836972539,46.948781973321125],[-84.2026253696626,46.948746573326474],[-84.20241926958826,46.94867807332815],[-84.2022133695154,46.948620873331535],[-84.20201486944494,46.94856347333446],[-84.20176316934887,46.94843777333006],[-84.20164876930772,46.94840047333114],[-84.20148076924016,46.94828927332407],[-84.20118336912621,46.948136673318245],[-84.20094676903211,46.947988073309496],[-84.200809468973,46.94786597329895],[-84.20064166889986,46.94770977328501],[-84.2005347688509,46.94759127327324],[-84.2003591687604,46.947316073241566],[-84.20029826872722,46.94720637322841],[-84.20024476869523,46.94708747321337],[-84.20019916866252,46.94694257319402],[-84.2001609686379,46.94684347318114],[-84.20016856862127,46.94669137315745],[-84.20018376858866,46.94639287311102],[-84.20023716857898,46.94617987307542],[-84.20025256857383,46.94609957306222],[-84.20034396858144,46.945928273030724],[-84.20038976858262,46.94582117301165],[-84.20038226855687,46.94563467298366],[-84.2004432685628,46.94552717296366],[-84.20048906855594,46.94535607293486],[-84.20048896853669,46.94520307291152],[-84.20050436853073,46.945115972897355],[-84.20050426849907,46.9448640728589],[-84.20049656847162,46.94466507282898],[-84.2004967684493,46.944486272801726],[-84.2004280684077,46.94432957278187],[-84.2002753683337,46.94412797276007],[-84.2002296683042,46.94400887274457],[-84.20022956828417,46.943849072720184],[-84.20020666825718,46.943692272697604],[-84.20019916823901,46.94356647267886],[-84.20021426822035,46.94337927264946],[-84.20022966821531,46.943300072636426],[-84.20025246820532,46.94316227261407],[-84.20027526818245,46.94292197257603],[-84.20032866817363,46.94271577254145],[-84.20040506817115,46.94250207250433],[-84.20045076816669,46.94235007247848],[-84.20055776817304,46.94212887243843],[-84.20061096817079,46.94197547241185],[-84.20071786818488,46.941816072381265],[-84.20077116818743,46.94170097236055],[-84.20087046820377,46.941578972336124],[-84.20096966821731,46.9414344723082],[-84.20109926823896,46.94127777227668],[-84.20120616825734,46.94115217225123],[-84.20126726826487,46.941057072233114],[-84.20138926828501,46.94090747220312],[-84.20148846830332,46.94080117218104],[-84.2015495683127,46.940720672165185],[-84.20160296831884,46.94063377214879],[-84.2016333683218,46.94057997213876],[-84.20162586830784,46.94048797212516],[-84.20162576829682,46.94040017211181],[-84.20161826828301,46.94030927209835],[-84.2016334682538,46.94003777205602],[-84.2015953682078,46.9397676720171],[-84.20155726817069,46.93956847198887],[-84.20149606812627,46.93936997196222],[-84.20145796808268,46.939119071926164],[-84.2014273680489,46.93892757189875],[-84.20140446800765,46.938657071858835],[-84.20136646796827,46.9384398718279],[-84.20133576793027,46.93821457179531],[-84.20129786788758,46.93797047176027],[-84.20125966784576,46.93773417172647],[-84.20121376779711,46.93746317168782],[-84.20115276775041,46.93724547165818],[-84.20111476770202,46.936956371616304],[-84.20112236767862,46.93675027158439],[-84.20113756765662,46.93653607155078],[-84.20110716762403,46.93635357152473],[-84.2010840675942,46.936174171498735],[-84.20105356756862,46.936047971481244],[-84.20103066748764,46.93546017139289],[-84.20101536746024,46.93528067136638],[-84.20101546742968,46.93503647132909],[-84.20103846741029,46.93482327129525],[-84.20107646740661,46.934697271273755],[-84.20106886737699,46.9344803712411],[-84.20107636736496,46.934365471223096],[-84.20108406734599,46.93419427119657],[-84.20113746733809,46.9339958711631],[-84.20116046731856,46.93378147112903],[-84.20124426732866,46.933648671103846],[-84.20137406734459,46.93344587106525],[-84.20143506734254,46.933274271035486],[-84.2015418673465,46.93303397099249],[-84.20164116735481,46.932847770958276],[-84.20173266736532,46.93269897093015],[-84.20185466738404,46.932538070898424],[-84.20193856739654,46.932424370876156],[-84.20205316741972,46.932317670853124],[-84.20215986743939,46.93220327082934],[-84.2022972674678,46.93208017080249],[-84.20248806750907,46.93192407076747],[-84.20267116755355,46.93181317073973],[-84.20283126759116,46.931706370714046],[-84.2030602676494,46.9315885706826],[-84.20322036769089,46.93151207066147],[-84.2033883677326,46.93141737063714],[-84.2036401677975,46.93129447060356],[-84.20377756783274,46.931226470585116],[-84.20391486786787,46.931157370566474],[-84.20405986790213,46.931062170543434],[-84.20416656792844,46.93100067052777],[-84.20435726797452,46.930882870498564],[-84.20455566801435,46.930696170458425],[-84.2047159680515,46.930584870431986],[-84.20486846807437,46.93037917039164],[-84.20508216811047,46.93012347034002],[-84.20519666812837,46.929975070310626],[-84.20528036813826,46.929841170285286],[-84.20537966814899,46.92967417025391],[-84.20547116815796,46.929512970223946],[-84.20553226815731,46.92935257019583],[-84.20557806815526,46.92921967017288],[-84.20566966815441,46.928979770130866],[-84.2057534681643,46.92884577010548],[-84.20581446816368,46.92868547007743],[-84.2058756681565,46.92847227004125],[-84.20593656815439,46.928300670011495],[-84.2059747681398,46.928086969976654],[-84.2060357681166,46.92774666992112],[-84.20608166810737,46.92755636988933],[-84.20615796810068,46.9273089698471],[-84.20619616808693,46.927102069813245],[-84.20624946807665,46.926884569776945],[-84.2063104680718,46.92669046974369],[-84.20633336804994,46.92645806970691],[-84.2063638680496,46.92637736969278],[-84.20640206803598,46.92617146965906],[-84.20644786803393,46.92603856963611],[-84.2065012680303,46.925873969607814],[-84.20655456803298,46.92575996958729],[-84.20662336802904,46.92555336955169],[-84.20668426802595,46.925373869520705],[-84.20668436801938,46.925320969512654],[-84.20678356802996,46.92515286948116],[-84.20688276804147,46.924992569450865],[-84.20698956805599,46.924836569420776],[-84.20704306805717,46.92471016939832],[-84.20711926806574,46.924584269374606],[-84.20720316807724,46.92446266935112],[-84.20733296809514,46.924275669314895],[-84.20743206810806,46.924126669286345],[-84.2075541681312,46.92400056925993],[-84.20769906815448,46.923817669223446],[-84.20776786816309,46.923711169203116],[-84.20786696817697,46.92356996917576],[-84.20791276818015,46.923478669159124],[-84.20808816821302,46.92329486912075],[-84.20827896823187,46.922959969058404],[-84.20832476823067,46.92283376903643],[-84.20840876823983,46.92269306901004],[-84.20848486825157,46.92259306899026],[-84.2085231682538,46.922513168975804],[-84.20858426825797,46.9223911689536],[-84.20862996825433,46.9222458689287],[-84.20867566825461,46.92213206890869],[-84.20868326823982,46.92199456888725],[-84.20867566823206,46.92195206888119],[-84.20865276821007,46.92183456886456],[-84.20862986819127,46.92174296885195],[-84.20862226818454,46.9217082688471],[-84.20860706817156,46.92164346883808],[-84.20854596814733,46.92160586883593],[-84.20850776812358,46.92151356882408],[-84.2083248680324,46.921250868794736],[-84.207851767827,46.92081526875604],[-84.20734806762299,46.920468368732735],[-84.20652416731504,46.92010666872593],[-84.20577646703741,46.919793568722106],[-84.20509736677361,46.91941546870428],[-84.20456336654563,46.91895456866529],[-84.2040445663209,46.918480868623476],[-84.20337306601043,46.91771106854541],[-84.20293046581003,46.917237468499145],[-84.20251846562337,46.91679556845588],[-84.20227446547528,46.916234268384486],[-84.20218286540074,46.91587236833459],[-84.20225146536197,46.91538786825657],[-84.20240416535474,46.914941468179435],[-84.20258726535623,46.91448746809929],[-84.20270156533958,46.91406346802785],[-84.20277036531002,46.91365206796096],[-84.2026939652269,46.91318286789378],[-84.20250316509352,46.912603167816464],[-84.20217526492354,46.91208026775584],[-84.20177066471335,46.911431267680555],[-84.20132066448205,46.91072946759981],[-84.20096206428899,46.91010046752481],[-84.20059576410014,46.909524667458335],[-84.20026006392435,46.9089748673941],[-84.20001596376007,46.90828426730297],[-84.19983286364493,46.907830367244365],[-84.19955056350001,46.90739166719399],[-84.19903156326629,46.90684596714109],[-84.19808556289892,46.90632006711633],[-84.19725396258751,46.905949567108614],[-84.1963307622589,46.905674967120916],[-84.19539996193781,46.90548046714588],[-84.19465216168798,46.90538886717588],[-84.19407226149363,46.905312867198276],[-84.1939121614398,46.90529026720428],[-84.19369856136834,46.905263667212765],[-84.19328646123071,46.90521326722926],[-84.19267606102416,46.90511776725055],[-84.1919056607548,46.9049277672668],[-84.1911120604613,46.90460346726385],[-84.19043296020186,46.90426016725129],[-84.18944875981894,46.90370716722466],[-84.1877244591591,46.90282596719132],[-84.18659515872946,46.90226906717253],[-84.18535925825381,46.90161616714538],[-84.18401635773516,46.90089186711357],[-84.18304745736809,46.90042616709929],[-84.18252085717252,46.90020456709639],[-84.18193345696098,46.900010467101175],[-84.18103305664292,46.89976216711617],[-84.18034655638974,46.89948766711448],[-84.17968265611619,46.89899196707771],[-84.17897305582025,46.898434567034215],[-84.17816445546437,46.89764936696169],[-84.17752335518603,46.89705736690886],[-84.17701995496698,46.89658876686676],[-84.17649335474329,46.89614216682944],[-84.17600515453002,46.895680966787594],[-84.17557025432933,46.895184566737264],[-84.17531085419192,46.894746266685466],[-84.17503625402716,46.8941283666072],[-84.17495215392542,46.893528866520455],[-84.17475395336231,46.88952716592028],[-84.17472335323927,46.88862016578342],[-84.17470815314769,46.88792536567806],[-84.17460135304697,46.88739166560273],[-84.17441045292509,46.886903065539244],[-84.17387655268246,46.8863227654818],[-84.17329665240901,46.88561326540739],[-84.17230475198092,46.88471716532855],[-84.17152635164041,46.88397716526113],[-84.17074835131058,46.88332146520648],[-84.17006165100825,46.88265316514458],[-84.16944365072665,46.881975065077135],[-84.1689017504552,46.88118456498804],[-84.16849755026024,46.8806546649307],[-84.16789474995481,46.87974666482722],[-84.16720044963591,46.87896486474836],[-84.1666815494209,46.878567464718024],[-84.16596454911921,46.87798096467038],[-84.16508684876271,46.877366264627874],[-84.16427814843165,46.876778864585454],[-84.16382054825202,46.876508064570864],[-84.16323304800531,46.876031564532454],[-84.16249294768329,46.875341064470206],[-84.16185194738559,46.87459266439335],[-84.16150864721911,46.8741352643435],[-84.16114234702951,46.87355136427568],[-84.16091354688525,46.87297946420158],[-84.16065404673641,46.87244896413562],[-84.16055494665534,46.872052264080715],[-84.16030324651703,46.87158676402429],[-84.15983764632016,46.87119796399212],[-84.15944874615096,46.87083526395939],[-84.15913584598653,46.87031626389834],[-84.15887634583783,46.869786863832545],[-84.15879254573687,46.86919176374641],[-84.15885354569019,46.86866136366165],[-84.15892984566318,46.86824976359425],[-84.15880024553482,46.867551363494925],[-84.15852534537252,46.86695256341945],[-84.15802954514692,46.866410463365554],[-84.1576479449725,46.86598676332309],[-84.15725124477953,46.86545326326469],[-84.15682404458485,46.864983563217855],[-84.15649604443892,46.864651763186345],[-84.1560075442661,46.86451446319396],[-84.15543534405714,46.864300763194805],[-84.1549470438573,46.863946363169205],[-84.15457324368872,46.86354936313032],[-84.15421464352208,46.86312956308712],[-84.15389424334342,46.862515163011864],[-84.15363474319372,46.86197776294483],[-84.15331444301563,46.86136786287028],[-84.15300154284131,46.86076906279692],[-84.1523377425209,46.85989526270212],[-84.15191814232098,46.85936456264547],[-84.1514908421126,46.85878456258173],[-84.15086524181484,46.85799516249757],[-84.15017844148383,46.85709496239999],[-84.14957584119817,46.85634326232025],[-84.14905694096153,46.855771362263084],[-84.1485915407547,46.85530156221842],[-84.14838544061546,46.854711062140105],[-84.14830164051367,46.85410806205269],[-84.14830164047669,46.85381106200722],[-84.14830154044849,46.85358496197257],[-84.14833974044119,46.853428661946445],[-84.14842374041808,46.85302806188017],[-84.14833224032719,46.8525322618096],[-84.14813374021404,46.85213156175989],[-84.14791254010032,46.85178446171969],[-84.14751583992313,46.85137686168058],[-84.14688233966655,46.85093756165036],[-84.14626443943784,46.8506822616475],[-84.14532603910419,46.850404361659976],[-84.14443333878114,46.85009476166484],[-84.14308293830193,46.84970216168386],[-84.14225113800256,46.84942696169047],[-84.14157973777533,46.84932046171348],[-84.14088553754753,46.84926756174604],[-84.14032093734374,46.84907606174982],[-84.13998533721555,46.84890526174328],[-84.13919943690331,46.84840936171339],[-84.13838303659232,46.84800086169867],[-84.13778013636593,46.8477260616919],[-84.13693323605708,46.84741296169352],[-84.13668153596974,46.84735576169955],[-84.13639923587223,46.84729486170671],[-84.13632293584503,46.847272161707714],[-84.13623133581257,46.84724546170902],[-84.13615503578585,46.84722616171052],[-84.13602543574174,46.84720386171468],[-84.13593383570868,46.84717256171526],[-84.13584233567816,46.847161561718956],[-84.13572783563683,46.84712316171979],[-84.13562103559899,46.84709226172131],[-84.13550663556023,46.84707406172522],[-84.13539213551994,46.84704346172724],[-84.13527003547725,46.84701306172974],[-84.13511753542248,46.84696326173102],[-84.13501833538852,46.84694456173397],[-84.13492673535681,46.84692456173628],[-84.1348352353249,46.84690236173824],[-84.1347437352924,46.846875561739495],[-84.1346368352545,46.84684476174105],[-84.13455293522206,46.84679876173892],[-84.13448423519647,46.846769061738364],[-84.13443833517847,46.84674226173694],[-84.13434693514311,46.8466918617346],[-84.13423993510432,46.84665426173509],[-84.13415603507045,46.84659696173126],[-84.13406453503659,46.84655896173076],[-84.1339731350017,46.84651306172912],[-84.13385853495903,46.84646336172823],[-84.13379763493396,46.8464177617248],[-84.13369833488987,46.846318161715345],[-84.13354563482366,46.84617716170273],[-84.13337023474932,46.84602896169029],[-84.13317193466236,46.845837561672575],[-84.13312613463823,46.84576116166353],[-84.13307273461132,46.84568166165451],[-84.13301163458046,46.845589961644016],[-84.13295073454823,46.84548696163184],[-84.13288963451731,46.84539526162132],[-84.13285913449862,46.84532306161207],[-84.1328209344765,46.84524306160209],[-84.1327980344602,46.84517056159227],[-84.13276763443675,46.84506006157713],[-84.13275993442086,46.84495226156112],[-84.13276753440674,46.84481926154028],[-84.1327979344018,46.84470146152046],[-84.13280563438852,46.844575261500665],[-84.13284373437833,46.8443953614709],[-84.13288953437778,46.844273661449556],[-84.13292013437191,46.84414796142848],[-84.132981134368,46.84396066139623],[-84.13304233437191,46.843835261373435],[-84.13308793437315,46.843728261354364],[-84.13311863436964,46.84362166133624],[-84.13316433436857,46.84349556131425],[-84.13319473436258,46.84336986129322],[-84.13322543431309,46.84289316121841],[-84.13319483427865,46.84269486118979],[-84.13314903425261,46.842602761178355],[-84.1330956342265,46.84252996117034],[-84.133026834189,46.84240466115519],[-84.13295053415096,46.842294261142754],[-84.13280573407872,46.842084461119114],[-84.13274453404964,46.842007461110875],[-84.13269883402852,46.841954661105454],[-84.13263783400004,46.84188206109791],[-84.13256153396522,46.84179756108943],[-84.13250033393668,46.84172496108192],[-84.13244703391261,46.8416679610763],[-84.13240133389009,46.84160396106915],[-84.13234793386401,46.84153116106113],[-84.13230203384026,46.841458161052664],[-84.13225633381776,46.841394161045514],[-84.13221813379312,46.84129396103243],[-84.13217243376725,46.8412029610211],[-84.13216473374916,46.84107716100232],[-84.13214183373186,46.84099686099138],[-84.13211903371318,46.84090516097862],[-84.13211903369948,46.840794960961745],[-84.13210363368596,46.84072566095202],[-84.13209613367226,46.84063466093852],[-84.13210373366333,46.840543360924144],[-84.13210373365243,46.840455660910656],[-84.13212663365165,46.84039086089941],[-84.13215713365037,46.84030226088404],[-84.13218773364926,46.84021486086886],[-84.13221813365082,46.840149860857125],[-84.13227163365471,46.840043760837744],[-84.13233253366553,46.839974660823586],[-84.13238603367019,46.83987526080521],[-84.1324471336797,46.839794860789304],[-84.13253103369229,46.83968116076699],[-84.13258433370306,46.83963136075625],[-84.13263793371115,46.83955896074198],[-84.13269883372153,46.83948646072733],[-84.13277523373878,46.83942926071408],[-84.13283623374916,46.83935666069942],[-84.1329049337626,46.8392884606849],[-84.13297343377441,46.83920786066856],[-84.1333169338165,46.8386662605655],[-84.13334733381197,46.83855186054617],[-84.13335503379871,46.838425660526354],[-84.13337783379038,46.83830016050583],[-84.13338543377807,46.83818176048722],[-84.13340073376959,46.838074460469926],[-84.13340833376066,46.83798316045549],[-84.13335493371142,46.83772366041882],[-84.13333203368849,46.83759826040096],[-84.1333015336617,46.83746076038168],[-84.13328643364224,46.83734296036453],[-84.13324823361678,46.83723606035038],[-84.13317943356779,46.83701856032108],[-84.13313363353936,46.836907360306704],[-84.13310313351927,46.83682376029572],[-84.13305743349139,46.836717060282034],[-84.13301923347352,46.83667086027722],[-84.1329811334542,46.836613360270604],[-84.13290483341854,46.836522060261075],[-84.13284373339106,46.836457360254734],[-84.13276753335678,46.836377360246985],[-84.13272173333269,46.83630096023794],[-84.13266073330426,46.83622836023037],[-84.13259963327336,46.83613666021992],[-84.13256143325795,46.836110760218155],[-84.13248523322795,46.836064460215525],[-84.1323936331926,46.83601526021338],[-84.13233253316749,46.83596966020994],[-84.13229453315297,46.83595046020923],[-84.13219543311573,46.83590476020804],[-84.13214193309385,46.835865760205174],[-84.13205043306095,46.83583566020591],[-84.13197393303176,46.83579726020453],[-84.13183673297759,46.835713260199675],[-84.13177563295109,46.835656360194584],[-84.13173763293474,46.8356225601916],[-84.13168403290959,46.8355576601848],[-84.13163823288689,46.83549256017748],[-84.13140173278732,46.83529766016149],[-84.13133323275846,46.83524106015681],[-84.13126443272655,46.835160760148554],[-84.13118813268937,46.835057160137154],[-84.13114233266582,46.834985260128796],[-84.13106603263338,46.83491986012327],[-84.13098983259437,46.834801560109604],[-84.13092883256351,46.834709860099075],[-84.13086773253043,46.83460016008585],[-84.13082183250576,46.83451926007614],[-84.13077623247514,46.834390060059],[-84.13074553245201,46.834282860044425],[-84.13067703240412,46.83407326001632],[-84.13063873238063,46.833982060004544],[-84.13060823236088,46.8339018599941],[-84.13057023233972,46.83382865998506],[-84.13053203231956,46.83376445997748],[-84.13051673230562,46.833691759967245],[-84.13048623228931,46.83363855996084],[-84.13045583226587,46.83352805994569],[-84.13043283224715,46.83343645993303],[-84.1304099322289,46.83334815992084],[-84.1303793322064,46.83324555990692],[-84.13034133218433,46.83316555989684],[-84.13033373217046,46.833073559883196],[-84.13030303215075,46.832993359872695],[-84.13026503213064,46.83292915986509],[-84.1302268321085,46.8328491598551],[-84.13018093208443,46.83277285984604],[-84.1300971320444,46.83266595983457],[-84.1300359320177,46.83260805982929],[-84.12998263199266,46.832543159822485],[-84.12992153196654,46.832489659817874],[-84.12988343194976,46.83245245981439],[-84.12982993192787,46.83241345981155],[-84.12979943191255,46.83236815980638],[-84.1297460318908,46.83233025980369],[-84.12969273186815,46.83228445979978],[-84.12966213185499,46.83225715979739],[-84.12940283175158,46.83208985978695],[-84.12931893171769,46.83203255978311],[-84.12920433167305,46.831967059779785],[-84.12912813164496,46.831936559779514],[-84.12902133160293,46.831871959775896],[-84.12896033157878,46.831834259773686],[-84.12888393155104,46.831807059774],[-84.1287008314866,46.831758059777215],[-84.1286397314633,46.831727159776044],[-84.12852533141971,46.83166955977393],[-84.1284872314043,46.83164355977213],[-84.12841863137866,46.831612859771475],[-84.12837273135968,46.83157805976886],[-84.12830413133318,46.8315405597671],[-84.1282278313007,46.83147515976156],[-84.12816683127663,46.83143745975934],[-84.12808273124267,46.83138015975545],[-84.1280141312152,46.83133475975253],[-84.12795323118858,46.8312767597472],[-84.12789203115922,46.83119745973864],[-84.1278539311413,46.831151259733794],[-84.12775483109455,46.83102905972085],[-84.12770893106864,46.83093815970964],[-84.12767083105075,46.83089185970476],[-84.12762503102624,46.830812159695206],[-84.12758693100358,46.83072765968448],[-84.12755633098628,46.830666659676965],[-84.1275183309652,46.83059455966812],[-84.12749533094886,46.830522059658364],[-84.12747253092881,46.83041925964392],[-84.12748023092274,46.83035035963294],[-84.12747243091114,46.83027745962219],[-84.1274724309022,46.830205459611165],[-84.12748003088235,46.83002635958325],[-84.12751823087554,46.82987345955759],[-84.12761753088627,46.829705359526],[-84.12770893089218,46.82951835949203],[-84.1278310308282,46.82869045935801],[-84.12793793079452,46.82814525926813],[-84.12796083070694,46.8273818591498],[-84.12789973062254,46.826859259073274],[-84.12776233052811,46.82645135901883],[-84.12754863040789,46.82603185896699],[-84.12724353026798,46.825688158932195],[-84.12689263010593,46.82528375889072],[-84.12663322998682,46.82499045886093],[-84.12641962987995,46.824677958825525],[-84.1261754297623,46.82435725879068],[-84.1259388296462,46.82402955875427],[-84.1257100295031,46.82346435868104],[-84.12558032942013,46.8231292586373],[-84.12550392936642,46.822892858605506],[-84.12539712929625,46.82260215856714],[-84.12509202913091,46.82205355850095],[-84.1246646289354,46.821575858452704],[-84.12427542877775,46.821305258433966],[-84.12379482858155,46.820958458408924],[-84.12284122818997,46.820252058356466],[-84.12196372783517,46.81964605831491],[-84.12094132742554,46.81897085827114],[-84.1202546271508,46.818520458242304],[-84.11966732692723,46.818227158231664],[-84.11912552673184,46.81804385823527],[-84.11832432643246,46.81768885822769],[-84.11760732617938,46.81749015823916],[-84.11693572594318,46.81731165825113],[-84.11670702586314,46.81725375825563],[-84.1160201256287,46.81712845827658],[-84.11548632545242,46.81707885830017],[-84.11509702531602,46.8169792583077],[-84.114669525167,46.816876158316894],[-84.11416632499065,46.81674695832651],[-84.11382272487351,46.816685458337226],[-84.11328122469149,46.81660905835717],[-84.1132278246741,46.81660605835985],[-84.11303692460287,46.816522358358164],[-84.11294542456983,46.81649105835867],[-84.11242672438605,46.81634205836618],[-84.11202982424739,46.81624375837434],[-84.11182372417458,46.8161863583776],[-84.11129722398027,46.81597235837554],[-84.11107632390004,46.81589285837631],[-84.11096182385772,46.81584645837586],[-84.11069462375744,46.815724358372755],[-84.11064122373674,46.81569425837126],[-84.11033622361961,46.81553385836452],[-84.11011462353859,46.81544985836459],[-84.10996222348379,46.81539995836582],[-84.10964152336695,46.815281558366465],[-84.10927572323723,46.81517565837162],[-84.10900842314443,46.815114358377826],[-84.10871852304452,46.81505355838548],[-84.10838282293184,46.815007558398065],[-84.10813102285205,46.81501105841332],[-84.10803162281985,46.81500695841848],[-84.1072916225864,46.81502595846468],[-84.10691042247069,46.81507235849406],[-84.10636862230278,46.81511065853166],[-84.10594902217427,46.81515245856256],[-84.10542242201396,46.815212858602614],[-84.10490362186056,46.815309058647735],[-84.10440792170974,46.815366458685524],[-84.10388912155285,46.815434558726345],[-84.1033853214042,46.81553035877048],[-84.10304222130144,46.8155834587987],[-84.10256882115722,46.81563685883452],[-84.10224112105375,46.81564465885487],[-84.10195102096364,46.8156637588748],[-84.10179082091439,46.81567815888638],[-84.10144002080507,46.81569785890991],[-84.1010353206737,46.815678458930606],[-84.10067682055481,46.815640958945785],[-84.10028792042084,46.81556035895619],[-84.10002052032901,46.81550685896362],[-84.09967732021532,46.81547225897833],[-84.09865511986736,46.81529295901064],[-84.09797601963632,46.815175259032266],[-84.09761741951205,46.815094959040934],[-84.09671711920336,46.814919059066604],[-84.09621341902916,46.814808959079144],[-84.09545831877153,46.81467195910227],[-84.0947485185307,46.814553859125645],[-84.09417631833783,46.81446925914613],[-84.09374911819127,46.81438515915823],[-84.09329121803499,46.81430195917221],[-84.09281051786901,46.81419905918454],[-84.09243691773754,46.81409895919102],[-84.09220791765851,46.81405005919688],[-84.0918186175165,46.81390525919745],[-84.09152871740751,46.81377135919381],[-84.09117031726865,46.81357295918432],[-84.09092611716765,46.81338605916997],[-84.09075821709376,46.81322185915457],[-84.09062111702741,46.813038759134464],[-84.09048361696189,46.812863659115685],[-84.09039201691094,46.81268835909412],[-84.09031581685633,46.81244405906113],[-84.09026211680568,46.81217325902272],[-84.0901935167345,46.81177575896573],[-84.09017071671599,46.811685258953176],[-84.09017061668574,46.81144115891575],[-84.09014021665284,46.811254058888835],[-84.09014031662024,46.810990758848405],[-84.09013261658083,46.810692858803186],[-84.09009461653426,46.81041495876275],[-84.0899420164393,46.81004105871431],[-84.08978911635315,46.80973915867692],[-84.08953741624222,46.80949175865368],[-84.08921691610978,46.80924725863489],[-84.08897291601455,46.80910645862756],[-84.08880521594833,46.809003058621485],[-84.08849991583918,46.80890775862472],[-84.08627201504072,46.80819395864537],[-84.08579131486917,46.808046058650746],[-84.08548591475382,46.80790015864622],[-84.0852419146657,46.807816758647675],[-84.08509711461093,46.80774745864554],[-84.08488341453341,46.807671158646286],[-84.08474611447267,46.807534258633346],[-84.08466211442985,46.8074048586184],[-84.0845475143739,46.807248258601035],[-84.08434941426782,46.80690145855941],[-84.08416601416867,46.80657335851979],[-84.08393731405127,46.80621395847799],[-84.0837618139718,46.80602405845914],[-84.08361671390136,46.80582885843765],[-84.0834034138061,46.8056084584163],[-84.08314371368682,46.80531395838623],[-84.08289981358038,46.805082058364924],[-84.08259431345557,46.80486075834881],[-84.08235781336123,46.8047073583391],[-84.08219001329829,46.80463095833716],[-84.08128961296318,46.80424235833012],[-84.08086231281088,46.80411205833513],[-84.0804504126683,46.80402085834514],[-84.08012991256055,46.80397545835691],[-84.07961891238726,46.803891358373896],[-84.07911501221147,46.80376875838452],[-84.0787339120859,46.80373515840163],[-84.07848981200469,46.80370795841168],[-84.07835221195278,46.80364305840977],[-84.07818431189416,46.80360145841315],[-84.07775711174003,46.80345655841591],[-84.07739851160594,46.80329635841223],[-84.07702481147315,46.80318605841718],[-84.0766967113587,46.803105958423984],[-84.07644471126751,46.80301825842528],[-84.07624631119953,46.802979758430986],[-84.07588801107397,46.80288815843785],[-84.07540721091456,46.80283805845821],[-84.07507931080251,46.80277715846803],[-84.07474351068223,46.80267025847124],[-84.07442311057352,46.802617058481765],[-84.07412551047122,46.802556458489875],[-84.07388881038148,46.80244125848602],[-84.07362181028222,46.802326958484066],[-84.07344651021215,46.802212458476745],[-84.07327111014261,46.802102358470044],[-84.07312581008692,46.802026458466884],[-84.07304951005786,46.801987958465475],[-84.07288940999076,46.801858358454886],[-84.07275980993667,46.80175495844659],[-84.07235550977754,46.80151045843265],[-84.07087530918629,46.800545658371036],[-84.07051660904642,46.800339258360296],[-84.07033330896967,46.80019115834826],[-84.06998270881873,46.79987435832012],[-84.06972330869735,46.799561858287284],[-84.0695170086008,46.799313158261164],[-84.06915870842427,46.7988097582048],[-84.06886870829074,46.7984777581708],[-84.06860910817167,46.7981843581409],[-84.06844150809752,46.79801675812495],[-84.06804460793083,46.79769215809831],[-84.06773920780805,46.797486558084564],[-84.06742660768052,46.79726095806823],[-84.0671063075596,46.79710865806349],[-84.06691530748499,46.79699795805769],[-84.06650340733349,46.79683465805666],[-84.06610660719096,46.79670465805984],[-84.06571750704903,46.79655985806034],[-84.06530560690545,46.79646065806913],[-84.0649545067879,46.796414858082656],[-84.0647716067301,46.79641865809392],[-84.06426040656248,46.796380658117904],[-84.063794806406,46.796315458135076],[-84.06336750625609,46.79620435814295],[-84.06292490610363,46.79611265815473],[-84.06265790600972,46.7960410581593],[-84.06225370586759,46.79593375816647],[-84.06181880570499,46.79573955816202],[-84.06147550557999,46.79561375816271],[-84.06126180549253,46.795457458151226],[-84.0610788054191,46.79533525814313],[-84.0609032053446,46.79518585813044],[-84.06069730525408,46.794984358111506],[-84.06049880516333,46.79476235808901],[-84.06033840508395,46.7945338580633],[-84.0601323049762,46.794193958023165],[-84.05991130486848,46.79389275798979],[-84.05833200403144,46.79119565766784],[-84.05679050320379,46.78847615734016],[-84.05659990310583,46.78817525730506],[-84.05629460295177,46.787716557252395],[-84.05614980287827,46.78749535722688],[-84.05603530282671,46.78737355721487],[-84.0558447027353,46.7871255571879],[-84.05556230259018,46.78667975713595],[-84.05547840254549,46.78653455711852],[-84.05532580247034,46.78632045709454],[-84.05519600241107,46.786175357079834],[-84.05515030239417,46.78615635707958],[-84.05507390236046,46.78608075707242],[-84.05495950230933,46.78596235706089],[-84.05487560226659,46.78583295704592],[-84.0547613022041,46.78562225702026],[-84.05451690208237,46.78526765698002],[-84.05430330198692,46.78504615695846],[-84.05410490189738,46.78483315693733],[-84.05393700181784,46.7846227569148],[-84.05372350172337,46.78440915689446],[-84.05360160166435,46.78424585687648],[-84.05341830156955,46.78395155684197],[-84.0533268015201,46.78378745682208],[-84.05320490145202,46.783551056792874],[-84.05312100140833,46.78341385677673],[-84.0530447013614,46.78323135675314],[-84.05293020130458,46.78306675673455],[-84.05284600125842,46.78291045671542],[-84.05279290122023,46.7827385566921],[-84.05275440118214,46.782529256662215],[-84.05274680115413,46.782322456630894],[-84.05270870112497,46.78218505661205],[-84.05264010107403,46.78194955657982],[-84.05261720105676,46.781869156568824],[-84.05260180103537,46.7817356565492],[-84.05260210101989,46.781609656529874],[-84.05189990046235,46.778909356155985],[-84.05177790037155,46.77848955609863],[-84.05136600004704,46.77692555588233],[-84.05128959998638,46.776631755841656],[-84.05117509989286,46.7761701557774],[-84.05106089980453,46.77575025571956],[-84.05102939978094,46.77564035570452],[-84.05092359975322,46.77568865571811],[-84.05083209972268,46.77567755572175],[-84.05075559970118,46.775701055729826],[-84.05064889967377,46.77575445574426],[-84.05053449964579,46.77582275576138],[-84.05040469960718,46.775845355772454],[-84.0502229995556,46.77589625579089],[-84.05002309949882,46.77595225581111],[-84.04981729943796,46.77599045582899],[-84.0495956993725,46.77603235584834],[-84.04941269932036,46.77608225586672],[-84.04927559927944,46.776104955878175],[-84.04910749922631,46.776108355888525],[-84.04896249917977,46.77610545589652],[-84.04881769913315,46.77610145590436],[-84.04870329909521,46.77608985590928],[-84.04864969907818,46.77609015591242],[-84.048542799046,46.77610535592096],[-84.04842849900758,46.7760893559252],[-84.04837499898726,46.77606265592419],[-84.04842099898968,46.77596355590628],[-84.04842069898443,46.77592195589993],[-84.04839809897256,46.77588425589544],[-84.04833699894927,46.77585325589427],[-84.04823019891617,46.775860655901596],[-84.04803189886154,46.77593005592385],[-84.04778749878918,46.775974755944965],[-84.0476045987337,46.77599765595919],[-84.0474593986913,46.77602855597234],[-84.04738309866927,46.77604745597975],[-84.04723839862366,46.77605125598872],[-84.04705519856668,46.77606295600121],[-84.04691019852376,46.7760892560137],[-84.04675779848141,46.776139456030336],[-84.04657459843234,46.776215256052666],[-84.04639889838681,46.77629975607591],[-84.0462389983453,46.77637605609696],[-84.0461014983132,46.77647085611954],[-84.0459794982851,46.77655845614008],[-84.04584989826469,46.77672725617362],[-84.04575049824946,46.77686045619987],[-84.04561299822639,46.777028356233636],[-84.04555219821643,46.777104256248855],[-84.04543019819167,46.77721885627359],[-84.04539179818512,46.77726485628291],[-84.04523949815172,46.777387056310594],[-84.04513999814073,46.777555056342166],[-84.04497239809761,46.777638256364725],[-84.0447738980461,46.77773355639095],[-84.04457559799152,46.777802956413154],[-84.04437709793295,46.7778408564306],[-84.044186397875,46.77786395644524],[-84.04399559781693,46.777885956459755],[-84.0437972977552,46.77789795647319],[-84.04354539767634,46.77790915648956],[-84.0434156976378,46.77793175650062],[-84.0432556975897,46.777955156513514],[-84.04317909756622,46.77796275651915],[-84.04308009753649,46.77797775652725],[-84.04298859750695,46.7779745565321],[-84.04293499749073,46.77798165653635],[-84.04283609745788,46.77797075654043],[-84.04270619741177,46.777932656542085],[-84.04264539738914,46.77790615654157],[-84.0425381973445,46.777821256534786],[-84.04245459730419,46.777710956522704],[-84.0423856972719,46.77762725651388],[-84.04227139722737,46.777561656510485],[-84.04212629717271,46.77749355650845],[-84.04195089710741,46.77741725650697],[-84.04176009703389,46.7773142565023],[-84.04165359699527,46.77727665650271],[-84.04156189695985,46.7772261565003],[-84.04151619693398,46.77713515648898],[-84.04153149693467,46.777100956482805],[-84.04156959693263,46.77698635646303],[-84.04141669686553,46.77683745644905],[-84.04126439681411,46.776814456454424],[-84.0410275967311,46.77675325645881],[-84.04080639665591,46.77671525646586],[-84.04063869659731,46.77667365646927],[-84.0404476965289,46.77661235647094],[-84.0402877964765,46.77660085647855],[-84.04006629640318,46.776578556488026],[-84.0398831963453,46.776582356499276],[-84.03966189627519,46.77658595651267],[-84.03939499619479,46.776623456534026],[-84.03918909613539,46.77667395655378],[-84.0389373960617,46.77672675657656],[-84.0386930959867,46.77675005659441],[-84.03844899591128,46.776768956611576],[-84.03821239583876,46.776792156628936],[-84.03797609576672,46.77681865664676],[-84.03776219570369,46.77686035666564],[-84.0375792956482,46.77688315667983],[-84.03738839558966,46.776901756693775],[-84.0371977955294,46.77690565670553],[-84.03706029548756,46.776921756716],[-84.03693069545282,46.7769746567317],[-84.03666379536872,46.77698285674848],[-84.03654929532887,46.776955556750956],[-84.03637349526538,46.77689495675192],[-84.03620569520477,46.77683755675288],[-84.03611429517098,46.776799456752364],[-84.03593099510552,46.77674245675426],[-84.03572519503558,46.77670745676092],[-84.0355570949816,46.776704056770164],[-84.03538959492545,46.776681456776494],[-84.03521399487128,46.77669625678899],[-84.03504629482161,46.7767265568034],[-84.03488569477567,46.776769056819305],[-84.03474859473657,46.776806456833036],[-84.03456549468339,46.77684845685017],[-84.03444349464979,46.77689105686388],[-84.03426799460318,46.77696665688571],[-84.03417649458252,46.77703545690158],[-84.03409259456483,46.77710855691771],[-84.03393969452743,46.777200356940746],[-84.03384829451052,46.777299456961266],[-84.03378719451169,46.77746645699055],[-84.03380259453782,46.777638257016015],[-84.03383319456887,46.77781065704074],[-84.03388619460682,46.777981357063894],[-84.03397049465067,46.77811865708008],[-84.03414579472836,46.778295057096955],[-84.03430609480255,46.778482057116314],[-84.03442789486154,46.7786453571343],[-84.03451959490864,46.77879025715123],[-84.03461139495165,46.77890145716297],[-84.03471789499832,46.779004457172604],[-84.03484779504998,46.77908755717778],[-84.03496219510022,46.77919925718825],[-84.03509939515577,46.77929465719495],[-84.03525209521797,46.779404257202856],[-84.03538939527542,46.77951535721195],[-84.03542009529416,46.77958765722128],[-84.03545029533068,46.779805057252915],[-84.0354427953405,46.77990425726861],[-84.03539689534564,46.78006415729582],[-84.03538949536123,46.780209457318584],[-84.03529039534386,46.78032455734204],[-84.03514529530797,46.78040835736341],[-84.03500809527499,46.7804951573847],[-84.0348933952535,46.78061745741022],[-84.03486289525517,46.78070945742614],[-84.03480969524809,46.78078955744154],[-84.0346874952186,46.78086595746041],[-84.03452729517366,46.780915257477325],[-84.034336395118,46.780957357494906],[-84.0342220950868,46.78099975750808],[-84.03406199504187,46.78104905752498],[-84.03383289497917,46.7811327575512],[-84.03368049493763,46.78118965756883],[-84.03355069490242,46.78123925758403],[-84.0333675948502,46.781289057602365],[-84.03323029481064,46.781323157615596],[-84.03310039476982,46.78132765762385],[-84.03298629473102,46.78130825762754],[-84.03291739470528,46.78127745762684],[-84.03283339467292,46.78123235762477],[-84.03268849462054,46.78118225762552],[-84.03236049451414,46.78116735764235],[-84.03219269446343,46.78118975765561],[-84.03197879439762,46.781208957671026],[-84.03179569434448,46.78125095768818],[-84.03156679427948,46.781315457711436],[-84.0314217942385,46.78135755772633],[-84.03124629419105,46.78142635774713],[-84.03107089414559,46.78151085777034],[-84.03099459412536,46.78154435777992],[-84.03078889406926,46.78162075780369],[-84.03065919403167,46.78165115781593],[-84.03052149399394,46.78170095783158],[-84.03036149395474,46.781796357855534],[-84.03026239393404,46.78188445787489],[-84.03021639394052,46.78205555790385],[-84.03023949397807,46.78230015794007],[-84.03027759400818,46.78244535796017],[-84.0302926940228,46.78252485797151],[-84.03031559404891,46.782677257993605],[-84.03030809405978,46.78278435801046],[-84.03026239406732,46.78296325804059],[-84.03020119406344,46.78308975806363],[-84.03010199404686,46.78321165808814],[-84.03000279402852,46.783318958110385],[-84.02988819400932,46.78345925813866],[-84.02975129398416,46.78360905816963],[-84.02964439395991,46.78368845818808],[-84.02946869391101,46.78374595820712],[-84.02930849386605,46.783795158224045],[-84.02889659374651,46.78389045826272],[-84.02867539368118,46.78393235828202],[-84.02842349360425,46.78395925830089],[-84.02820249353577,46.783975258316175],[-84.0279886934657,46.78395955832627],[-84.02759949334023,46.78394845834721],[-84.02740109327557,46.78393685835699],[-84.02727129323225,46.78392115836215],[-84.02715719319447,46.783909558367036],[-84.02703519315094,46.78387225836841],[-84.0269584931218,46.78383385836701],[-84.02687479308939,46.78378765836481],[-84.02676039304355,46.783711958359824],[-84.02656959297002,46.783608958355096],[-84.02649319293617,46.7835322583478],[-84.02642479290073,46.783421558334794],[-84.02637119287465,46.78334875832672],[-84.0263482928575,46.78326945831584],[-84.02630249282582,46.78313115829725],[-84.02627949279314,46.78292595826708],[-84.0262566927746,46.78283425825433],[-84.02621079274438,46.78270835823766],[-84.02618059271876,46.782578658219514],[-84.02614239269906,46.78251775821238],[-84.02605839266046,46.78242215820258],[-84.02598189262814,46.78235775819715],[-84.02590559259902,46.78231935819564],[-84.02578359256015,46.78231915820274],[-84.02559279249843,46.78231185821275],[-84.02546319245569,46.78230065821858],[-84.0253793924275,46.7822882582216],[-84.02522659237592,46.78226525822691],[-84.0251121923382,46.78225485823203],[-84.02502089230896,46.7822538582372],[-84.02491389227448,46.782251058243006],[-84.02482229224475,46.78224675824768],[-84.02467739220144,46.78226965825961],[-84.0246084921837,46.78230415826896],[-84.02450969216449,46.78240345828998],[-84.02441029215203,46.78255915831969],[-84.0243262921394,46.782673858342186],[-84.02424259212502,46.78277285836232],[-84.02415839210664,46.78284145837773],[-84.0240746920876,46.782903258392125],[-84.02394479205134,46.78294495840611],[-84.02386879202665,46.78294135840995],[-84.02374649198528,46.782922058414094],[-84.02365499195474,46.782910958417744],[-84.02342599188223,46.78291475843167],[-84.02319699180815,46.78290625844373],[-84.02305209176484,46.78292915845568],[-84.02293029173357,46.782990858472274],[-84.022853691719,46.78307055848899],[-84.02280809171772,46.783177458508064],[-84.02278519172116,46.78326475852283],[-84.02283089174716,46.78335685853433],[-84.02293789179059,46.78343275853972],[-84.02307529184677,46.78353265854707],[-84.02317439189012,46.78362795855593],[-84.02326599192168,46.783646858553475],[-84.02338789196843,46.78371115855628],[-84.02350999201111,46.78374165855383],[-84.02357109203446,46.78377265855506],[-84.02370079208288,46.7838299585563],[-84.02381539212735,46.78389445855952],[-84.02387629215475,46.783959258565964],[-84.02389919217103,46.784031758575736],[-84.02397559220586,46.784116358584264],[-84.0240747922431,46.78416215858553],[-84.02422739229684,46.78420305858291],[-84.02441049235902,46.784234258577065],[-84.02457059241287,46.78425695857119],[-84.02469269245557,46.78428755856879],[-84.02479949249205,46.7843071585656],[-84.02494419254324,46.7843483585635],[-84.0250589925846,46.78438695856271],[-84.0251351926127,46.784417558562964],[-84.02521139264685,46.78449765857083],[-84.02525719267409,46.784599958583854],[-84.02526489268976,46.7847066585998],[-84.02529559271845,46.78485995862159],[-84.0252955927411,46.78504335864974],[-84.02531819276479,46.78517655866893],[-84.02534109279897,46.785394258701004],[-84.02537189283328,46.78559255872969],[-84.02540199285973,46.785728958748926],[-84.0255012929071,46.7858557587626],[-84.02571479298916,46.78596935876762],[-84.02592109306104,46.786018958763165],[-84.02614239313826,46.78607275875858],[-84.02634839320866,46.78611115875246],[-84.02653129327204,46.786152458748106],[-84.02675249334447,46.78616795873761],[-84.02695879341637,46.786217658733186],[-84.02716449349047,46.78628645873178],[-84.02740119356872,46.78630945872152],[-84.02769089366345,46.78632875870761],[-84.02785889372177,46.78636705870366],[-84.02802689378281,46.78642785870325],[-84.02821759385493,46.7865195587062],[-84.02833959390654,46.78662205871484],[-84.02849209397351,46.78677105872882],[-84.0285610940157,46.786934558749955],[-84.02861429405532,46.78711765877493],[-84.02864479408062,46.787243958792615],[-84.02869059411316,46.787389058812224],[-84.02869809413205,46.787522758832324],[-84.0286601941411,46.78769355886074],[-84.02859129413342,46.787809058882566],[-84.02850769412181,46.787930458906025],[-84.02844629411685,46.788049158927855],[-84.02837769410345,46.788117358942344],[-84.02830939409259,46.78820575895988],[-84.02824049407948,46.788277358974916],[-84.0281791940675,46.78833855898789],[-84.02810299404844,46.78838105899888],[-84.02807259403403,46.788342558994714],[-84.02810319403534,46.78827425898244],[-84.02814879403759,46.78817515896453],[-84.02817959403411,46.7880674589462],[-84.02824049403806,46.7879420589234],[-84.02828629403523,46.787801358899124],[-84.02834729404046,46.78768615887788],[-84.02837799403473,46.787560458856774],[-84.02838539402813,46.78748825884522],[-84.02830909400002,46.787457658845014],[-84.02811059393962,46.78748085886015],[-84.02798879390495,46.787514458872394],[-84.02786659387542,46.787590858891285],[-84.02772949384263,46.78767885891279],[-84.02763789382193,46.78774765892865],[-84.0275157937891,46.78779705894339],[-84.02734799373756,46.78781275895559],[-84.02718739368355,46.78778995896142],[-84.02699659361559,46.78773205896366],[-84.02681379355221,46.78769075896795],[-84.02664609349912,46.78769405897824],[-84.0264702934483,46.78773585899493],[-84.02634079341313,46.78778535901008],[-84.02618819337209,46.787846759028405],[-84.0260278933304,46.78792305904952],[-84.02588289329033,46.7879729590656],[-84.02569199323746,46.78803765908666],[-84.02554739319658,46.78807975910159],[-84.02534899314274,46.78815585912484],[-84.025051093059,46.788246959156176],[-84.02486819300927,46.788315959177424],[-84.0247612929804,46.78835815919021],[-84.02466229295636,46.78841925920534],[-84.02460879294689,46.788480359217836],[-84.02455519294054,46.788567259234284],[-84.02454759295037,46.78866645925],[-84.02457069296352,46.78871305925583],[-84.02457809297137,46.78875785926223],[-84.02452489296532,46.7888459592789],[-84.02438749292999,46.78891475929747],[-84.02424249288998,46.78896475931361],[-84.02405939283679,46.78900675933073],[-84.0238688927831,46.78906355935055],[-84.02373889274679,46.78910515936455],[-84.02344889265765,46.78913195938558],[-84.02330409261101,46.78912795939341],[-84.02315929256687,46.78914415940429],[-84.02301389252418,46.78917385941735],[-84.02280049246227,46.78922335943738],[-84.02267839242958,46.78927385945225],[-84.02258679240691,46.78932695946575],[-84.02252569239266,46.78936905947581],[-84.02247259238229,46.78942215948707],[-84.02241909237281,46.78948325949956],[-84.02240389237593,46.78954775951035],[-84.02241149239251,46.7896622595275],[-84.02246459242637,46.78979925954544],[-84.02256379247069,46.7899023595555],[-84.02274699253856,46.78997855955655],[-84.02299869263199,46.79008555955833],[-84.02324289272822,46.79023435956693],[-84.02340339279122,46.79033015957227],[-84.0236091928663,46.79040685957207],[-84.02381529294136,46.79048245957168],[-84.02398299300329,46.79055115957244],[-84.02413559305812,46.79060105957124],[-84.02457069320349,46.7906548595541],[-84.02485289329901,46.79070025954461],[-84.02505879337178,46.790757759541464],[-84.02524219343637,46.7908069595383],[-84.02546309351189,46.79084835953177],[-84.02567689359002,46.790929259531744],[-84.02579149363454,46.79099375953496],[-84.0259971937175,46.7911345595446],[-84.02617289378628,46.79123795955025],[-84.02628739383407,46.79132935955764],[-84.02642469389714,46.79148545957358],[-84.02650099394513,46.79167695959856],[-84.02654649398313,46.79186705962511],[-84.02658469401993,46.79206625965349],[-84.02656199403393,46.792237859681144],[-84.02655439405267,46.7924090597079],[-84.02652379406038,46.79255045973142],[-84.02644749405913,46.792737059764505],[-84.02636359404698,46.79285505978755],[-84.02623369402157,46.792984559814975],[-84.02611169399448,46.793080059836804],[-84.02595159395617,46.79318325986194],[-84.02585249393353,46.79325565987886],[-84.02571509389827,46.793324559897485],[-84.02558549386741,46.793408959918],[-84.02541729382226,46.79347755993832],[-84.0251275937421,46.79357625997037],[-84.02491409368444,46.79366065999579],[-84.02471569363063,46.793736860019074],[-84.02452499357823,46.79380486004065],[-84.02429589351571,46.793889660066974],[-84.02406709345215,46.79396546009196],[-84.02386129339222,46.79401146011103],[-84.0237541933613,46.79403786012136],[-84.02348709328415,46.79410236014684],[-84.0233422932418,46.79413316016001],[-84.02318209319596,46.794175660175874],[-84.02298369313223,46.79417186018685],[-84.02272429304287,46.794117960193695],[-84.02248749296456,46.79409496020397],[-84.02233509291219,46.79406416020812],[-84.02211379283315,46.79399576021056],[-84.02201469279785,46.793965760211684],[-84.02188489275038,46.79391626021167],[-84.02173239269321,46.79384716020993],[-84.02161779264772,46.7937748602055],[-84.02148799259929,46.79371756020428],[-84.0213888925648,46.79369426020647],[-84.02122889251233,46.79368276021407],[-84.02106079245833,46.79367936022331],[-84.02090049240857,46.793690360234386],[-84.02073309235718,46.79370596024651],[-84.02055719230151,46.79370946025731],[-84.0204045922524,46.793705660265616],[-84.02003859212677,46.793633160275824],[-84.01977149203412,46.79357276028212],[-84.01955039195839,46.79353026028849],[-84.01925249185491,46.79346156029529],[-84.01901609177199,46.79340036029967],[-84.01880239169402,46.79332046029987],[-84.01868819164864,46.79324816029542],[-84.01854319159067,46.79315296028923],[-84.01842849153154,46.792970360267894],[-84.01831429147711,46.79282486025217],[-84.01821499142855,46.792687960236954],[-84.0180929913727,46.79255056022293],[-84.0178717912758,46.79233706020305],[-84.01768079119826,46.79220256019352],[-84.01752829113836,46.792110960188324],[-84.01729949105129,46.79199666018411],[-84.01714709099426,46.79192866018252],[-84.01703999095687,46.79190226018474],[-84.01687209089805,46.79185946018796],[-84.01674269085305,46.791829060190814],[-84.01655189078703,46.79178686019546],[-84.01633809072412,46.79182966021451],[-84.01613969067304,46.79192826024123],[-84.01596429063133,46.79204316026906],[-84.01581949060261,46.79218416029916],[-84.01573559059324,46.792324760325656],[-84.01562119058089,46.792520160362336],[-84.01552949057714,46.79272626039935],[-84.01546859058503,46.79294716043684],[-84.01541499059427,46.7931601604727],[-84.01539209061049,46.7933508605033],[-84.0154072906399,46.793549560532924],[-84.01543799066616,46.79368266055161],[-84.01539959067851,46.79388166058443],[-84.01530809067341,46.79407646061965],[-84.01517849065611,46.79427106065714],[-84.01510959065386,46.79443036068557],[-84.014995490643,46.79463706072402],[-84.01495709064814,46.794777560747825],[-84.0148960906443,46.79490406077084],[-84.01483519064038,46.79502936079359],[-84.01476649063596,46.795170660819316],[-84.01466719061757,46.795277960841595],[-84.01451469058027,46.795369660864566],[-84.01442329056007,46.79544186088097],[-84.0143240905435,46.795563760905495],[-84.01414859052244,46.79584626095913],[-84.0140875905275,46.79604466099313],[-84.0140569905353,46.79618616101666],[-84.01400369053802,46.796346161044326],[-84.01397299054281,46.796463961064205],[-84.01391179054548,46.79664336109536],[-84.01385089054251,46.796776561119366],[-84.01382799055264,46.796917761142375],[-84.01379759055533,46.797017561159514],[-84.01369049053525,46.797131761183266],[-84.01346929048174,46.79726926121729],[-84.01325579043065,46.79740646125077],[-84.01301179037213,46.797562561289006],[-84.01283609032699,46.797650461312735],[-84.01264549027754,46.79774206133795],[-84.01253869025187,46.797810161354576],[-84.01243949022464,46.79784536136579],[-84.0123858902084,46.79785236136996],[-84.01234019019242,46.797841261370934],[-84.01224869015658,46.79778736136803],[-84.01210389011521,46.79782606138238],[-84.01192819007105,46.79792186140732],[-84.01180599003722,46.79796326142085],[-84.01163058998739,46.79801296143868],[-84.01147038994061,46.79804756145333],[-84.01137118990609,46.79802426145551],[-84.01121878985285,46.79798666145864],[-84.01104318979259,46.79795186146357],[-84.0108907897384,46.79790646146543],[-84.0106845896641,46.79783756146688],[-84.01049398959576,46.79777626146856],[-84.01027248951333,46.79768086146686],[-84.01011228944859,46.79757026145917],[-84.00995998938932,46.79748316145471],[-84.00983018933886,46.79741006145103],[-84.0097079892904,46.79733346144638],[-84.00955548922438,46.79719236143359],[-84.00948658918023,46.79701306141005],[-84.00938758910729,46.7966781613644],[-84.00933418907083,46.796520861343346],[-84.00922708902634,46.796437061336746],[-84.00909018897143,46.79634616133073],[-84.00895268891247,46.79622386131995],[-84.00885358886535,46.796098161306425],[-84.00879998883215,46.795967961289534],[-84.0087312887877,46.79578526126551],[-84.00870088876238,46.795658961247895],[-84.0086777887338,46.795487461222876],[-84.0087007887223,46.7953349611981],[-84.00878468873256,46.795201161172635],[-84.00891448876028,46.79509086114817],[-84.00909018880446,46.7949950611232],[-84.00921968883965,46.79494556110808],[-84.00931888886704,46.794911461097016],[-84.00941038889289,46.79488426108751],[-84.00954008893049,46.794853861075275],[-84.00965458895384,46.79474736105227],[-84.0097688889686,46.794572261018686],[-84.00979958896761,46.794484761003446],[-84.00978448893922,46.79429396097502],[-84.00977648891636,46.79412986095029],[-84.00972318887383,46.793923160921665],[-84.00967748884233,46.793786060903244],[-84.00964718881721,46.79366086088577],[-84.00960878877716,46.79343566085342],[-84.00959348875102,46.79326396082793],[-84.00965448873694,46.79299236078268],[-84.00976148874946,46.79281746074954],[-84.00989858876667,46.79260346070872],[-84.01001328878166,46.792428360675125],[-84.01014288879988,46.79224156063882],[-84.01020368879713,46.79206216060774],[-84.01027258878841,46.791813960565605],[-84.01032598877859,46.791596560529115],[-84.01031828875543,46.79142916050381],[-84.01021158869729,46.79123396048006],[-84.01003618862208,46.79107776046627],[-84.00991398857188,46.79098646045935],[-84.00976138850896,46.79087126045057],[-84.00958598843471,46.790722860438],[-84.00946368837972,46.790593260425176],[-84.0094025883536,46.79053976042056],[-84.00928818830683,46.79045616041438],[-84.009151088247,46.790325860402326],[-84.0090518882042,46.790235160394204],[-84.00893748815918,46.79016616039026],[-84.00873128808496,46.790097360391705],[-84.00854058801711,46.79004046039406],[-84.00836518795732,46.79000906039945],[-84.00817438789463,46.78999386040822],[-84.00794538782398,46.79001336042457],[-84.0078159877847,46.790029160434564],[-84.00764818773396,46.79005156044776],[-84.00750278769044,46.79007456045979],[-84.00734278764689,46.790134960478376],[-84.0071900876101,46.790231260502075],[-84.00706808758483,46.790341360526114],[-84.00693838755905,46.790467360552995],[-84.0068544875516,46.790623660581915],[-84.0067935875577,46.790830060617196],[-84.00672488759226,46.79128746069143],[-84.00675508762544,46.79147796071898],[-84.00677068765397,46.79166876074736],[-84.00671698765761,46.79183666077629],[-84.00670958767972,46.79203486080717],[-84.00669438768382,46.79210726081921],[-84.0065646876708,46.792336760862014],[-84.00643498764781,46.792485360892385],[-84.00631288762874,46.792646060924156],[-84.00616798759995,46.79278706095431],[-84.00603048757532,46.79294256098623],[-84.00587778753852,46.79303886100992],[-84.00566438748314,46.79314126103809],[-84.00548868743894,46.79323696106299],[-84.00534388740132,46.79330596108203],[-84.0051910873596,46.793362861099666],[-84.005031087318,46.79343906112072],[-84.00471058723701,46.793610661165765],[-84.00450438718171,46.79369486119071],[-84.0042908871286,46.793816261221814],[-84.0040313870662,46.79398066126216],[-84.00380258701358,46.79414526130078],[-84.00361958697263,46.79428616133311],[-84.0034285869286,46.79442286136523],[-84.00328378689903,46.79455716139432],[-84.003062486851,46.79473956143521],[-84.00297118684357,46.79491516146753],[-84.00292538684555,46.79504916149079],[-84.00291778686525,46.79522826151872],[-84.00295578690002,46.795411761544656],[-84.00303948694783,46.795582761566095],[-84.00312358699497,46.79574706158643],[-84.00326098705472,46.79587616159823],[-84.00339828711598,46.79601776161199],[-84.00352018717186,46.79615516162603],[-84.00368048724329,46.79631966164194],[-84.00384058731073,46.79645276165308],[-84.00400878738233,46.79659796166553],[-84.00415348744596,46.796739261678816],[-84.0043212875164,46.79687656169012],[-84.00439748756087,46.79703996171081],[-84.0044283875919,46.7972112617353],[-84.00442048760836,46.79736446175929],[-84.00443608763594,46.79754746178648],[-84.00443588764908,46.79765436180297],[-84.00445118766612,46.797752961817224],[-84.00442828768338,46.79795156184904],[-84.00438248768532,46.79808546187226],[-84.00430618767612,46.79820786189551],[-84.0042223876616,46.798306761915605],[-84.00395518761788,46.79864236198276],[-84.00374928757154,46.79879846201869],[-84.00355858753107,46.79896326205511],[-84.00342128750233,46.799084962081835],[-84.00332188748291,46.7991843621029],[-84.00321488745578,46.79924116211785],[-84.00305488741321,46.799309462137686],[-84.00285648735853,46.799378762159876],[-84.00268108730874,46.79942836217767],[-84.00246758724774,46.79948576219895],[-84.00226888719321,46.79955736222152],[-84.00205538714032,46.7996799622528],[-84.0018720870979,46.799809662283415],[-84.00169668705799,46.799939162313535],[-84.00154428702115,46.80003426233703],[-84.00131518696327,46.80015726236924],[-84.00101008688242,46.800290162407435],[-84.00076588682147,46.80042706244273],[-84.00046858674139,46.80054626247833],[-84.00025478668483,46.80064066250529],[-83.99993208660206,46.80080326254909],[-83.99963198652847,46.80098216259404],[-83.99954388650842,46.80104746260923],[-83.99950508649731,46.80105746261299],[-83.99944068647923,46.80107716261977],[-83.9992885864423,46.80117116264313],[-83.99922568642802,46.80121786265394],[-83.9991370864067,46.801274162667724],[-83.99903488638004,46.80132186268106],[-83.99893468635841,46.80140546269971],[-83.99882188633391,46.80149836272053],[-83.99874688631805,46.801563362734896],[-83.99863208628848,46.80162036275037],[-83.99851778626017,46.801686362767164],[-83.99839038622774,46.80175266278473],[-83.99821118618009,46.80182936280698],[-83.99805918614322,46.80192336283025],[-83.99787888609298,46.801982162849825],[-83.99784068608314,46.802001162854936],[-83.9977766860663,46.80202976286305],[-83.99770018604657,46.80206776287338],[-83.99762418602818,46.80211476288501],[-83.9975345860043,46.80215316289612],[-83.99745648598078,46.80216416290239],[-83.99739108596016,46.80216586290645],[-83.99729998593249,46.80217726291352],[-83.99720988590742,46.8022066629233],[-83.99710668587817,46.802236362933854],[-83.99704218586002,46.80225606294062],[-83.99699088584606,46.80227536294659],[-83.9969138858251,46.80230436295551],[-83.99684988580825,46.80233306296369],[-83.99675978578311,46.80236246297341],[-83.99669538576502,46.80238216298019],[-83.99660528573989,46.802411462989994],[-83.99652918572143,46.802458463001635],[-83.99640188568905,46.80252486301924],[-83.99629968566235,46.802572463032526],[-83.99613248561622,46.802630863051235],[-83.99600458558254,46.802688263067516],[-83.9958112855282,46.802747263087795],[-83.99566938548784,46.802787063102194],[-83.99550218544177,46.80284536312088],[-83.99532198539153,46.80290416314045],[-83.99514178534133,46.80296286315993],[-83.99498618529555,46.80299386317378],[-83.9947923852399,46.80304396319277],[-83.99457238517607,46.80309476321339],[-83.99409108503076,46.80316136325164],[-83.99399898500062,46.80315476325599],[-83.99390788497297,46.80316616326306],[-83.9938293849482,46.80316816326792],[-83.99373678491673,46.80315266327097],[-83.99365778489066,46.80314566327445],[-83.99357818486331,46.803129763276665],[-83.99352488484428,46.80311316327723],[-83.99345798481984,46.803087963277285],[-83.9934171848036,46.80306196327562],[-83.99334878477535,46.80300976327162],[-83.99327978474572,46.80294856326622],[-83.99321138471751,46.80289636326218],[-83.99315508469086,46.80282586325463],[-83.99308558466002,46.80275566324791],[-83.99303028463585,46.802703163243095],[-83.99298998462093,46.802686163242825],[-83.99293518459808,46.80264256323928],[-83.99285268456312,46.80257276323336],[-83.99277158453198,46.80252986323152],[-83.99270218450114,46.80245966322478],[-83.99262068446879,46.802407863221596],[-83.9925129844281,46.80235666321998],[-83.99241988439535,46.80233206322166],[-83.99232728436391,46.802316563224664],[-83.99218328431846,46.80232026323358],[-83.99200008426058,46.802325063245],[-83.99190948423426,46.80234546325345],[-83.99180678420628,46.80238416326533],[-83.99174228418812,46.80240386327218],[-83.99162558415352,46.80242486328219],[-83.99154748413,46.80243596328846],[-83.99146948410645,46.802446963294656],[-83.99137788407756,46.802449363300376],[-83.9913003840553,46.80246936330794],[-83.99119718402605,46.80249906331853],[-83.99114578401209,46.802518463324475],[-83.99109498399937,46.8025467633318],[-83.9910445839879,46.8025840633405],[-83.99100878398441,46.802648063352414],[-83.99094688397261,46.80271266336591],[-83.99088638396466,46.80280426338353],[-83.99064818391281,46.80299946342739],[-83.99059938390519,46.803063763440086],[-83.99056408390297,46.80313666345336],[-83.9905544839077,46.80319986346361],[-83.99053228390954,46.80327246347607],[-83.99048338390192,46.803336763488765],[-83.99045928389876,46.80337336349583],[-83.99041088389241,46.803446663509895],[-83.99036248388599,46.803519863523945],[-83.9903131838771,46.80357516353529],[-83.99023858386244,46.803649163551064],[-83.99017718385197,46.80372276356593],[-83.99013278385576,46.80386786359082],[-83.99013628386466,46.80393086360024],[-83.99012768387193,46.804012063613236],[-83.9901195838805,46.80410226362754],[-83.99009738388241,46.80417486363999],[-83.99005098388106,46.80428406365947],[-83.99001578387889,46.80435696367274],[-83.98995578387218,46.80445756369169],[-83.98992048386988,46.80453046370496],[-83.98987118386098,46.8045857637163],[-83.98983338385243,46.8046137637228],[-83.98979508384258,46.80463276372796],[-83.98975788383528,46.80466966373579],[-83.98969438381967,46.8047073637453],[-83.98958008379137,46.80477336376209],[-83.98947788376465,46.80482106377535],[-83.98937618373927,46.804877663789966],[-83.98927448371381,46.80493436380461],[-83.98918628369375,46.8049996638198],[-83.98913798368739,46.80507286383384],[-83.98911528368802,46.80513646384495],[-83.98908148368955,46.805236363862214],[-83.98904468368352,46.80528236387142],[-83.98902248368543,46.805354963883886],[-83.98900078368852,46.805436463897664],[-83.98900678370381,46.80554436391389],[-83.98902288371555,46.80559786392116],[-83.98903898372728,46.805651463928456],[-83.98906808374316,46.80570476393497],[-83.98909678375782,46.80574896394009],[-83.98915318378451,46.805819463947614],[-83.98918228380032,46.80587276395411],[-83.98921248381878,46.80594396396325],[-83.98923008383431,46.80602446397463],[-83.98923598384955,46.806132363990834],[-83.98921378385145,46.806204864003256],[-83.98919118385207,46.806268464014366],[-83.98921018387142,46.8063759640298],[-83.98925298389274,46.806437864036795],[-83.9892085838965,46.80658306406164],[-83.98916668390665,46.80677316409328],[-83.98915558390759,46.806809464099544],[-83.98909468389837,46.806891964115785],[-83.98898378387895,46.80702086414203],[-83.98891528387958,46.80720266417396],[-83.98889608388907,46.80732916419446],[-83.98888648389385,46.80739246420476],[-83.9888783839024,46.80748266421909],[-83.98885718390679,46.80757316423421],[-83.9887905839125,46.807790964271504],[-83.98878298392233,46.8078901642872],[-83.98878798393503,46.80798006430069],[-83.98876728394073,46.808079564317225],[-83.9887470839477,46.80818806433507],[-83.98872838395849,46.808323564356975],[-83.98873038396356,46.808359564362355],[-83.98871018397054,46.80846806438019],[-83.98867888397847,46.80861286440426],[-83.98864608398252,46.80873066442427],[-83.9886243839857,46.80881226443808],[-83.98861778399807,46.80892946445645],[-83.98859708400377,46.8090289644729],[-83.98856128400028,46.80909296448484],[-83.98851188399132,46.80914816449619],[-83.98846158397991,46.809185564504894],[-83.98841118396848,46.809222864513515],[-83.98829438393383,46.80924386452355],[-83.9882429839198,46.80926326452958],[-83.98812618388516,46.80928426453961],[-83.98804718385907,46.809277364543135],[-83.98796868383431,46.809279364548004],[-83.98787648380413,46.80927286455239],[-83.98778438377391,46.80926626455675],[-83.98765298373134,46.80926066456355],[-83.98756088370112,46.809254064567874],[-83.98746778366836,46.80922946456949],[-83.98740178364642,46.80922226457229],[-83.987309183615,46.80920666457529],[-83.9872301835889,46.80919966457877],[-83.98713758355744,46.80918416458183],[-83.98708468353966,46.8091764645837],[-83.98695328349704,46.80917096459054],[-83.9868359834611,46.809182964599195],[-83.98669248341695,46.809195764609534],[-83.986600883388,46.80919816461523],[-83.98648258334954,46.80919226462118],[-83.9863657833149,46.80921326463122],[-83.98538348303259,46.809463964726994],[-83.98534368301887,46.80945596472805],[-83.98530388300523,46.80944796472916],[-83.98523898298588,46.8094586647346],[-83.98517448296772,46.80947836474139],[-83.98512318295376,46.809497764747334],[-83.98486638288377,46.809594464777184],[-83.98478878286149,46.80961446478473],[-83.98467348283064,46.80966246479885],[-83.9845707828027,46.809701164810726],[-83.9844181827645,46.80978616483269],[-83.9842408827219,46.80989876486033],[-83.98414018269898,46.809973364877656],[-83.98404038267863,46.810065964897646],[-83.9839275826541,46.81015886491853],[-83.98382638262993,46.81022456493451],[-83.98370098260257,46.81032686495751],[-83.98357498257396,46.81042006497918],[-83.98342338253828,46.81052306500382],[-83.98339878253388,46.81055066500949],[-83.98327278250521,46.81064396503118],[-83.98314838248038,46.81076426505688],[-83.98303508245462,46.81084816507635],[-83.98293378243044,46.81091386509241],[-83.9828194824021,46.81097976510915],[-83.98270418237126,46.81102786512328],[-83.98267848236428,46.81103746512625],[-83.98258838233917,46.81106686513597],[-83.9824851823099,46.81109656514658],[-83.98235668227493,46.811144865161474],[-83.98222978224375,46.81122016518043],[-83.98210188221005,46.8112775651967],[-83.98198708218048,46.8113345652121],[-83.98188528215496,46.81139116522679],[-83.981771482128,46.81146616524491],[-83.98167178210761,46.811558765264955],[-83.98159868209675,46.81165966528466],[-83.98150138208273,46.811797165311496],[-83.98131998205878,46.812071865364224],[-83.98127158205243,46.81214516537829],[-83.98118838204506,46.812300365406976],[-83.98104178202213,46.812493165445105],[-83.98095708201097,46.81262136546974],[-83.98088458200145,46.812731265490875],[-83.98084978200043,46.812813165505474],[-83.98084108200773,46.81289436551847],[-83.98086168203088,46.813028865537866],[-83.98088068205024,46.81313636555328],[-83.98091788208647,46.81333336558138],[-83.98093688210582,46.81344086559679],[-83.98095598212518,46.81354836561219],[-83.9809890821512,46.81367346562947],[-83.9810101821757,46.81381696565025],[-83.98103218220267,46.81397836567377],[-83.98102658221758,46.81411356569488],[-83.98099768223179,46.814303265725634],[-83.98097898224258,46.81443876574758],[-83.98094868225304,46.814601565774346],[-83.98090528225939,46.814764665801874],[-83.98090628226194,46.81478266580461],[-83.98086228226694,46.81493676583084],[-83.98081838227202,46.81509096585709],[-83.98076138227292,46.81524546588413],[-83.98070338227126,46.815381965908465],[-83.98065898227505,46.81552706593334],[-83.98062668228044,46.81565396595471],[-83.98055658227722,46.81580876598253],[-83.9805242822826,46.815935566003915],[-83.98049298229053,46.816080366027954],[-83.98047518230379,46.81623386605256],[-83.98049228231814,46.816305366062544],[-83.98053508233939,46.81636726606955],[-83.98057878236321,46.81644716607926],[-83.98063608239246,46.81653566608951],[-83.98065218240421,46.816589266096805],[-83.98066978241975,46.81666976610818],[-83.98067378242996,46.816741666118965],[-83.98065198243309,46.816823266132744],[-83.98061578242832,46.81687816614328],[-83.98059208242641,46.81692376615169],[-83.98053158241842,46.8170153661693],[-83.98045748240501,46.817098266186335],[-83.98039598239448,46.81717186620123],[-83.98032098237861,46.81723686621554],[-83.98023178235603,46.817284166227985],[-83.98014308233469,46.81734046624184],[-83.98002778230385,46.817388466255935],[-83.97998948229396,46.81740746626109],[-83.97992458227458,46.81741816626648],[-83.9798081822412,46.81744826627788],[-83.9796777822011,46.81746066628738],[-83.97948198214041,46.81747476630094],[-83.97932538209203,46.81748776631209],[-83.97915518203834,46.817492266322674],[-83.97895978197882,46.81751536633765],[-83.9788419819416,46.81751836634495],[-83.97866978188283,46.81748686635013],[-83.97849608182017,46.81742836635129],[-83.97833458175913,46.817351666348905],[-83.97821378171432,46.81730076634816],[-83.97804008165167,46.817242266349275],[-83.97785338158496,46.81718416635123],[-83.97733528140463,46.81706266636273],[-83.97718888135284,46.81702146636494],[-83.97705548130517,46.81697996636637],[-83.97689538124791,46.81693006636803],[-83.97671058118621,46.81690786637538],[-83.97653998113125,46.816903366384665],[-83.97638138107786,46.81688046639035],[-83.9762368810311,46.816875266397986],[-83.97609288098565,46.816878966406925],[-83.97598858095378,46.81689066641481],[-83.97585718091119,46.816885166421635],[-83.97575348088066,46.816905866430865],[-83.97562308084059,46.8169181664403],[-83.97554498081705,46.816929266446564],[-83.9755187808088,46.81692996644818],[-83.97547908079515,46.81692196644931],[-83.97543828077892,46.816896066447654],[-83.97538348075607,46.8168524664442],[-83.9753441807436,46.81685346644663],[-83.9752791807242,46.81686416645209],[-83.97522738070894,46.81687446645666],[-83.97512458068097,46.81691316646861],[-83.97506058066408,46.81694186647671],[-83.97499718064851,46.81697946648624],[-83.9749341806342,46.81702616649703],[-83.97489688062687,46.81706306650487],[-83.97486158062459,46.81713606651814],[-83.9748121806157,46.81719126652951],[-83.974788980615,46.81724586653926],[-83.97478088062356,46.81733606655356],[-83.9748149806522,46.81747926657358],[-83.97485778067346,46.81754106658054],[-83.97491408070017,46.817611666588114],[-83.97496988072557,46.817673166594325],[-83.97502528074973,46.81772576659918],[-83.97512188079139,46.81781326660693],[-83.9752305808346,46.81788236661122],[-83.9753518808807,46.81794226661338],[-83.97548628093091,46.81800176661469],[-83.97552598094455,46.81800976661359],[-83.97564578098682,46.81804256661163],[-83.97581798104567,46.81807416660646],[-83.97615118116424,46.818173466602325],[-83.97661538132418,46.81826936658997],[-83.97669488135148,46.81828526658775],[-83.9769073814253,46.818333766582896],[-83.97706598147875,46.81835666657713],[-83.97746468161796,46.81845426656891],[-83.9776111816698,46.818495466566695],[-83.97777268173081,46.818572266569056],[-83.97793478179312,46.81865796657278],[-83.97808278184874,46.818726166574606],[-83.97820658190125,46.81883096658351],[-83.9783298819524,46.81892676659103],[-83.9784254819915,46.81899626659614],[-83.97860708207445,46.81919846661659],[-83.97867748210778,46.81928666662603],[-83.97875138215007,46.81943776664496],[-83.97882578219358,46.819597766665176],[-83.97887548223262,46.81978546669107],[-83.97892228226412,46.81991926670891],[-83.97891808228279,46.82008136673406],[-83.97891448230283,46.820252466760515],[-83.9788850823158,46.82043326678999],[-83.97886738232911,46.82058666681458],[-83.97883698233953,46.82074946684132],[-83.97879458234841,46.820930566871624],[-83.97872498234645,46.821094366900816],[-83.97862718233117,46.82122296692625],[-83.97854098231618,46.82132416694683],[-83.97844178229708,46.82142576696821],[-83.97831728227224,46.82154596699389],[-83.97820338224516,46.82162096701207],[-83.97810218222102,46.82168656702799],[-83.97801648220732,46.821796867049954],[-83.97794638220408,46.82195166707781],[-83.97789088220884,46.82213306710888],[-83.9778095822065,46.82232416714293],[-83.97776618221287,46.82248736717055],[-83.97775908222398,46.82259556718758],[-83.97776388226553,46.822919367236985],[-83.97777078228332,46.82304516725589],[-83.97778078230873,46.823224967282925],[-83.97780228233444,46.82337736730506],[-83.97781318236238,46.82357506733478],[-83.9777818823703,46.82371986735882],[-83.97773748237407,46.82386506738372],[-83.97774538239437,46.82400886740531],[-83.97776878245412,46.82443126746879],[-83.97775298247247,46.8246206674988],[-83.9777386824947,46.82483706753285],[-83.97772248251184,46.82501746756153],[-83.97769608253242,46.82525216759906],[-83.97766728254672,46.82544186762988],[-83.97767918257718,46.825657567662304],[-83.97769108260766,46.825873267694675],[-83.97770298263815,46.8260889677271],[-83.97767518265498,46.82629666776063],[-83.9777016826934,46.826538967796246],[-83.9777563827452,46.82681656783571],[-83.9777934827814,46.8270135678638],[-83.97782268279725,46.82706676787021],[-83.97787488284273,46.82729946790291],[-83.9779274828894,46.82754106793692],[-83.97805218297333,46.82789776798439],[-83.97807948304319,46.828392068058704],[-83.97810148307016,46.82855346808222],[-83.97812508310096,46.82874186810971],[-83.97817728314645,46.8289745681424],[-83.97824158319342,46.82918886817153],[-83.97834118324269,46.829330268187455],[-83.97848008330442,46.829470668200926],[-83.97861748336224,46.8295840682103],[-83.9787810834284,46.82969676821804],[-83.97910428355054,46.829850368222814],[-83.97929548362875,46.829989368232994],[-83.97950038371236,46.83013706824375],[-83.97983158385485,46.83043436827006],[-83.98010488396677,46.830634268284804],[-83.98032188405203,46.830763668292015],[-83.98043608410924,46.8309316683111],[-83.98047068413908,46.831083768332476],[-83.98049128416227,46.83121816835189],[-83.98051328418926,46.831379668375384],[-83.98058618422901,46.83151276839158],[-83.98069698427739,46.83161786840123],[-83.98096978438805,46.83180876841465],[-83.98101358441185,46.83188856842432],[-83.98095798441659,46.832070068455415],[-83.98092118441055,46.83211596846462],[-83.98101438444331,46.83214056846299],[-83.98108288447163,46.832192768466975],[-83.98113868449707,46.83225426847318],[-83.98116888451551,46.83232556848236],[-83.98118648453112,46.832406068493654],[-83.9812528845543,46.832422368492324],[-83.981318384575,46.83242066848825],[-83.98135968459246,46.832455568491206],[-83.98142468461188,46.83244486848576],[-83.98154098464526,46.8324148684744],[-83.98164628467966,46.83242106846919],[-83.98162258467777,46.83246666847758],[-83.98153288465384,46.83250506848869],[-83.98140488462013,46.83256236850493],[-83.98118128454726,46.832550168516065],[-83.9810730845053,46.832490068513174],[-83.98102878448015,46.83240116850214],[-83.9809452844427,46.83231336849351],[-83.98086718441914,46.83232436849978],[-83.98074018438791,46.832399668518725],[-83.98066508437199,46.832464668533085],[-83.98048578432427,46.83254136855529],[-83.98030448427146,46.83258206857209],[-83.9801185842072,46.83254186857676],[-83.9798702841299,46.832557368593626],[-83.97958468404526,46.832609768618326],[-83.9793746839778,46.83260626862998],[-83.97915058390372,46.8325850686398],[-83.97888668381592,46.832555968650716],[-83.97877798377269,46.832486868646484],[-83.97863708370588,46.83231046862763],[-83.97849418363403,46.832098268603374],[-83.97842428360195,46.832019068595265],[-83.97824908353546,46.83193356859236],[-83.97798418344513,46.83188646860059],[-83.97777218337258,46.83184706860692],[-83.97750828328478,46.83181786861779],[-83.97707068313431,46.83173026862986],[-83.97676458302652,46.83164826863512],[-83.97658988296132,46.83157176863351],[-83.97631708285067,46.83138096862014],[-83.97624808282106,46.831319668614796],[-83.97606378276063,46.83130646862349],[-83.97576878265188,46.83118816862253],[-83.97558388259012,46.83116596862992],[-83.97554468257775,46.831167068632325],[-83.97530748249947,46.83114616864295],[-83.97505718241712,46.831125668654394],[-83.9746139822816,46.83117326868754],[-83.97434188220231,46.83123426871278],[-83.97408598213482,46.831348968745274],[-83.9739337820979,46.83144296876856],[-83.97377098206317,46.83158216879941],[-83.97368428204693,46.83167436881863],[-83.97360158204086,46.83183856884864],[-83.97342448202838,46.83219416891357],[-83.97334278202483,46.832376268946234],[-83.97332548203939,46.83253866897219],[-83.97333548206484,46.83271846899922],[-83.9734505821246,46.83290446902103],[-83.9734876821608,46.83310146904913],[-83.9735660822145,46.83333346908016],[-83.97365608226855,46.83353806910631],[-83.97369368230603,46.83374416913571],[-83.97383108236389,46.83385756914515],[-83.9739679824205,46.8339619691532],[-83.974200082515,46.83412696916497],[-83.97435158257956,46.83425796917626],[-83.97453018265489,46.83440636918861],[-83.97475978274299,46.83452636919364],[-83.97498288281453,46.83452956918117],[-83.97525638289764,46.834495469160004],[-83.97546298295617,46.83443606913884],[-83.97554008297718,46.834407069129846],[-83.97564278300516,46.83436836911793],[-83.97584688305741,46.83426406909005],[-83.9761290831332,46.8341487690559],[-83.97630888318213,46.834081069035044],[-83.97701868338297,46.83387356896184],[-83.97725238345231,46.83383156894176],[-83.97750128353096,46.83382506892622],[-83.97774558359804,46.833737668898586],[-83.97807048369509,46.83368426887145],[-83.9782164837457,46.83371646886789],[-83.97837668380295,46.83376626886619],[-83.97850958384936,46.83379876886341],[-83.97855948385957,46.833752468853454],[-83.97861728389006,46.83384996886503],[-83.97865708390378,46.83385796886389],[-83.97876338394066,46.83388216886147],[-83.97891138399635,46.83395036886329],[-83.97904728405037,46.83403676886862],[-83.97922248411685,46.834122268871546],[-83.97931968415982,46.834218668880645],[-83.9794313842107,46.834341768893076],[-83.9794800842472,46.834511468916226],[-83.97954338429173,46.83470786894267],[-83.97955288431586,46.834878568968335],[-83.9795904843534,46.83508456899774],[-83.97961108437659,46.83521906901718],[-83.9796864844227,46.83539706904009],[-83.97977148446405,46.835511869052766],[-83.97974678445955,46.835539569058504],[-83.97973418445669,46.83554886906064],[-83.97967068444106,46.835586469070094],[-83.97960718442552,46.835624169079594],[-83.97951758440165,46.835662469090664],[-83.97944348438828,46.83574546910774],[-83.97947658441431,46.835870569125],[-83.97956308445947,46.836012269141726],[-83.97962198449255,46.83612776915601],[-83.97963038451417,46.836280569178946],[-83.97959758451829,46.83639836919891],[-83.9796482845599,46.83660406922757],[-83.97968448459363,46.83678316925292],[-83.97971958462477,46.8369442692756],[-83.97971248463587,46.837052369292635],[-83.97965448463431,46.83718886931695],[-83.97961348464698,46.83739696935124],[-83.97961088466953,46.8375860693804],[-83.97960518468446,46.83772116940147],[-83.97958998470416,46.837919569432785],[-83.97954798471429,46.838109669464416],[-83.97945418470917,46.83831006950067],[-83.97931508467637,46.83840376952314],[-83.97902378460662,46.83859126956889],[-83.97828308441501,46.838952569667505],[-83.9778880843148,46.839160869722484],[-83.9775171842177,46.83933256977047],[-83.97730918415535,46.83936496978755],[-83.97715148410438,46.83936006979599],[-83.97703118406082,46.83931816979658],[-83.97675118396126,46.83923546980021],[-83.97661668391098,46.839175969798895],[-83.97654478387378,46.83906086978546],[-83.9766077838881,46.83901426977462],[-83.97665668389578,46.8389499697619],[-83.97665218388427,46.83886906974973],[-83.9765585838503,46.83883546975003],[-83.97635958378186,46.83879566975556],[-83.97614858371185,46.83877416976455],[-83.97592448363774,46.838752969774376],[-83.97566098355117,46.83873286978663],[-83.9755305835111,46.83874526979614],[-83.97523038341849,46.83877106981758],[-83.97488888330838,46.8387619698361],[-83.97456588321641,46.83885136986862],[-83.97437438316705,46.83894636989441],[-83.97399858305727,46.839028069928794],[-83.97358598294143,46.83915586997248],[-83.97339598289591,46.83927777000229],[-83.97318078284462,46.83941837003639],[-83.97304118281055,46.8395029700575],[-83.97285168276629,46.83963387008864],[-83.97268928273282,46.839782170120884],[-83.97261818272705,46.83991897014597],[-83.97257418273207,46.84007307017221],[-83.9724264827066,46.840247970207635],[-83.972265682677,46.8404231702439],[-83.97200898263712,46.84076277031099],[-83.97187528261829,46.84095527034829],[-83.97168558260292,46.841320170415344],[-83.97137038256017,46.84178737050541],[-83.97129978255569,46.841933170531895],[-83.97125878256834,46.84214127056622],[-83.9711567825718,46.84243187061672],[-83.97098878255325,46.842715270669984],[-83.9709003825621,46.84301457072111],[-83.97089818258593,46.843212570751575],[-83.97093278261579,46.843364670772935],[-83.97093208264346,46.84358977080748],[-83.97089058265485,46.84378877084044],[-83.97090098268154,46.84397757086878],[-83.97091038270568,46.84414827089442],[-83.97097838273274,46.844191470897094],[-83.97107748278076,46.84432397091165],[-83.97107038279188,46.84443207092864],[-83.97106668281184,46.844603170955146],[-83.97099708280996,46.844766970984324],[-83.97093038281558,46.84498477102161],[-83.97077198279231,46.84520487106464],[-83.97075368280434,46.84534937108785],[-83.97074758281802,46.84547547110754],[-83.97074088283041,46.84559267112594],[-83.97066678281702,46.845675571143005],[-83.97063688282873,46.84584737117106],[-83.97063078284246,46.84597347119074],[-83.97062458285606,46.846099671210474],[-83.97072888288788,46.846087971202586],[-83.97080948291784,46.846121871203096],[-83.97081198292419,46.846166771209866],[-83.97081538293304,46.84622967121933],[-83.97077808292573,46.846266671227184],[-83.97078208293591,46.846338571237936],[-83.97078798295118,46.84644637125415],[-83.97085548297696,46.846480671255456],[-83.97096328301765,46.84653187125707],[-83.97109818306923,46.846600371259726],[-83.97126238313668,46.84672207126877],[-83.97135998318089,46.8468275712793],[-83.97144648322605,46.84696927129595],[-83.971483083261,46.84715737132269],[-83.97143968326738,46.84732047135026],[-83.9713805832632,46.847438971371865],[-83.97135638325997,46.84747567137891],[-83.971284783253,46.84760347140272],[-83.97113498322237,46.84774237143272],[-83.9710195831915,46.847790371446806],[-83.97077618312683,46.84789567147718],[-83.97055548306157,46.84793747149647],[-83.97030558298042,46.847925871509204],[-83.97007998290243,46.84787777151501],[-83.96980088280536,46.84781307152137],[-83.96953448271118,46.84773897152552],[-83.96934568263929,46.847644871522085],[-83.96900828251036,46.84747357151548],[-83.96868748239454,46.84736497151749],[-83.96833498225648,46.847158071506335],[-83.96779318204517,46.846848171490336],[-83.9675082819329,46.84667557148047],[-83.96725148183394,46.84653827147437],[-83.96718748181705,46.846566871482494],[-83.96704628177909,46.84662457149958],[-83.96703868178895,46.846723771515215],[-83.96708638182301,46.84687547153571],[-83.96708118183918,46.84701967155816],[-83.96714008187226,46.84713507157246],[-83.96719688190026,46.84721467158137],[-83.96725868194093,46.84738407160373],[-83.96731708197277,46.84749047161666],[-83.96733218198196,46.84752607162124],[-83.96736278200166,46.84760627163176],[-83.96743918205034,46.84780237165737],[-83.96749998208853,46.84795377167705],[-83.96754868212504,46.848123471700255],[-83.96759548215657,46.84825727171808],[-83.96767178220519,46.848453271743644],[-83.96768588221184,46.84847087174556],[-83.96772948226464,46.848784771791166],[-83.9677423822977,46.849018471826284],[-83.96764948229507,46.84923687186519],[-83.96756718229028,46.84940997189655],[-83.96746018228097,46.849610771933584],[-83.96741268227711,46.84970197195033],[-83.96738378229139,46.84989177198111],[-83.96727778228468,46.850110472020845],[-83.96721778227797,46.85021107203977],[-83.96713648227572,46.85040217207384],[-83.9670531822683,46.8505572721025],[-83.96698208226256,46.85069417212763],[-83.96696478227717,46.85085657215356],[-83.96698038228767,46.85090117215946],[-83.9670018823134,46.851053572181634],[-83.96705008234869,46.851214372203486],[-83.96715218240435,46.851400672226106],[-83.96734498248645,46.851566672240324],[-83.96749158253834,46.851607872238084],[-83.96772928261792,46.851637772228834],[-83.96794288269432,46.85170417222654],[-83.96808848274365,46.8517273722216],[-83.9682612828038,46.8517679722178],[-83.96838258284993,46.85182777221986],[-83.96842388286743,46.85186267222281],[-83.96852008290789,46.85194117222928],[-83.96871858297503,46.851972072222395],[-83.96895478305078,46.851974872209055],[-83.96916348311841,46.85198297219816],[-83.96924398314438,46.85198537219383],[-83.96960978325771,46.85195787216832],[-83.96987578335066,46.85202297216278],[-83.97002388340638,46.852091172164585],[-83.9700287834191,46.85218107217812],[-83.96987608338088,46.852265972200044],[-83.96974608334203,46.85228737221087],[-83.96962368329332,46.852209572206085],[-83.96939698321279,46.85214347220915],[-83.96935728319914,46.85213547221026],[-83.96925148316345,46.85212017221409],[-83.96901418308514,46.852099372224735],[-83.96885648303423,46.85209447223315],[-83.96869778298075,46.85207157223891],[-83.96856928294571,46.85211987225382],[-83.96857568296225,46.85223677227134],[-83.96863208298899,46.85230727227886],[-83.96872728302684,46.8523677722826],[-83.9688223830647,46.85242837228633],[-83.96891808310383,46.85249787229146],[-83.96893368311437,46.85254247229735],[-83.96892848313054,46.85268657231977],[-83.96898488315728,46.85275707232728],[-83.96907948319387,46.85280867232969],[-83.9692270832483,46.852867872330194],[-83.96937318329891,46.85290007232663],[-83.96949458334508,46.85295987232868],[-83.96956798338613,46.85310197234622],[-83.96965748343887,46.85329767237102],[-83.96989978352995,46.853408372373856],[-83.97003518358274,46.853485872377846],[-83.9702220836496,46.853543972375896],[-83.97038178370562,46.853584872372835],[-83.97066078380271,46.8536495723665],[-83.97084568386444,46.853671772359114],[-83.9710461839367,46.853738572357685],[-83.97112828397049,46.85379947236224],[-83.97124398403157,46.853994472385416],[-83.97138538409966,46.85417977240558],[-83.97144328413022,46.854277272417136],[-83.97151468416612,46.85438337242924],[-83.97163238423232,46.854614272457795],[-83.97164728427049,46.854883972498286],[-83.97163198429016,46.85508227252962],[-83.9716817843293,46.85527007255551],[-83.97171388435282,46.85537717257005],[-83.97173348437354,46.85549367258677],[-83.97170308438399,46.8556564726135],[-83.97172218440339,46.85576397262887],[-83.97175478442817,46.85588007264478],[-83.97178548444793,46.85596027265533],[-83.97176368445108,46.85604187266909],[-83.97168388445264,46.856259972707186],[-83.97160018444404,46.856406172734495],[-83.97152998444083,46.85656097276237],[-83.97148848445224,46.85675997279525],[-83.97143238445572,46.856932472824994],[-83.97140308446878,46.857113272854434],[-83.97134548446837,46.857258772880094],[-83.97126168445976,46.85740487290737],[-83.9711618844394,46.85749747292739],[-83.97102218440526,46.85758207294857],[-83.97089618437663,46.85767537297022],[-83.97078218434955,46.85775037298835],[-83.9706571843234,46.85786157301269],[-83.97066168433486,46.85794247302482],[-83.97068118435553,46.858058973041544],[-83.9707269843845,46.85817477305663],[-83.97071438438165,46.85818407305879],[-83.97065078436599,46.85822177306828],[-83.97049858432902,46.85831567309158],[-83.97044718431508,46.85833507309753],[-83.9703210842864,46.858428273119166],[-83.9703416843096,46.858562773138594],[-83.97036118433027,46.858679273155374],[-83.9703695843519,46.858832073178284],[-83.97030098435249,46.85901377321013],[-83.97030138435372,46.85902277321152],[-83.97027008436169,46.85916757323553],[-83.9703026843865,46.85928377325142],[-83.97030318438776,46.85929277325284],[-83.97042288445907,46.859559673286746],[-83.97042338446035,46.859568673288074],[-83.97056338452462,46.85972697330421],[-83.97060658454721,46.859797873312594],[-83.97074758461403,46.859974173331345],[-83.9707922846405,46.860072073343765],[-83.97080738464969,46.86010767334834],[-83.9708143846675,46.86023347336726],[-83.97083638469454,46.86039487339068],[-83.97089328472254,46.86047437339961],[-83.97092098473469,46.860500673402015],[-83.97108358479828,46.860595473407066],[-83.9712306848515,46.860645673406154],[-83.97146188494348,46.86079267341525],[-83.97173138504537,46.86092057341915],[-83.97192228512242,46.86105067342793],[-83.97204418516988,46.86111947343137],[-83.97242088531121,46.86128967343552],[-83.97269908540576,46.86133647342649],[-83.97315148556434,46.86145067341759],[-83.97352428569549,46.86154897341093],[-83.97383208580729,46.86165797340969],[-83.97400688587253,46.861734473411204],[-83.97419578594449,46.86182857341462],[-83.97435948601068,46.86194127342236],[-83.97474818618262,46.86232717345887],[-83.9749153862577,46.86250277347602],[-83.97514948635734,46.86270367349321],[-83.97524718640162,46.86280917350364],[-83.97530758643856,46.86295157352197],[-83.97535628647512,46.86312137354516],[-83.97540558651302,46.86330007356973],[-83.97544748659101,46.863820973647115],[-83.97545628664287,46.86421667370729],[-83.97540908666927,46.864550973761254],[-83.97530308666254,46.864769673800964],[-83.97524758666728,46.864951073832046],[-83.97512398664497,46.86508937386047],[-83.97506788664846,46.865261773890175],[-83.97501378665703,46.8654701739253],[-83.9749552866542,46.865597673948216],[-83.97486698663408,46.865662973963396],[-83.97487398665191,46.865788773982246],[-83.97491978668091,46.86590467399737],[-83.97496248670218,46.865966474004324],[-83.97505768674014,46.866027074008095],[-83.97519228679043,46.86608657400933],[-83.97530058683247,46.866146674012285],[-83.97548798690057,46.866213874011635],[-83.97568948697541,46.86629857401289],[-83.97575648699993,46.86632387401284],[-83.97588998704768,46.86636537401137],[-83.97607588711203,46.86640557400667],[-83.97635258720278,46.86642537399361],[-83.9767098873235,46.86647907398102],[-83.97698648741425,46.86649887396788],[-83.9773084875327,46.86662547396856],[-83.97755328763016,46.8667810739781],[-83.97773008770054,46.86689347398506],[-83.97797538779922,46.867058073995906],[-83.9782498879139,46.86727597401337],[-83.97851478803331,46.86755707404099],[-83.97870618811164,46.867696074051125],[-83.97892328819695,46.86782537405825],[-83.97912338826796,46.86788317405548],[-83.97931078833611,46.8679502740548],[-83.9793429883597,46.86805747406935],[-83.97940188839281,46.868172874083626],[-83.97949088844439,46.868359574107025],[-83.97954318848993,46.86859217413964],[-83.97959558850644,46.86859087413639],[-83.97947698849693,46.86881897417828],[-83.97938208848925,46.8690013742118],[-83.97927408847742,46.869184174246065],[-83.97913848845361,46.86934077427801],[-83.97897608842014,46.86948897431023],[-83.97886458839942,46.869608874335114],[-83.97889678842301,46.86971607434967],[-83.97896578845261,46.86977727435497],[-83.97909218851154,46.86992697437055],[-83.97916268854495,46.870015074379985],[-83.97945528867645,46.870322474410024],[-83.97957868872773,46.87041827441749],[-83.97965168876759,46.87055137443362],[-83.97969648879398,46.87064917444603],[-83.97979598887233,46.87102457449777],[-83.97984928892042,46.87127517453302],[-83.97989798895699,46.871444874556204],[-83.97994528898982,46.87158767457534],[-83.98001668905482,46.871927774623316],[-83.98011388909778,46.87202427463241],[-83.9802327891376,46.87203917462777],[-83.98039108918988,46.87205307462065],[-83.98061178925514,46.872011274601405],[-83.98089498936248,46.87214787460577],[-83.98109408943097,46.87218777460027],[-83.98126438948474,46.87218327458965],[-83.98154108957556,46.87220307457654],[-83.98179158965803,46.8722235745651],[-83.98202698973131,46.87220837454901],[-83.9823389898243,46.87215527452268],[-83.9824457898625,46.87218847452154],[-83.9825011898867,46.87224107452638],[-83.9825167898972,46.872285674532286],[-83.98246538988323,46.87230497453824],[-83.98236008984881,46.87229867454344],[-83.98211058976887,46.87229617455762],[-83.98191398970677,46.87230137456984],[-83.98170678964685,46.872351774589696],[-83.98170018965932,46.87246887460805],[-83.98171878967749,46.87256747462206],[-83.98168698968418,46.87270327464469],[-83.981602189673,46.87283147466928],[-83.98149268965737,46.87298727469958],[-83.98132728961633,46.873081674723714],[-83.9811987895813,46.8731299747386],[-83.98108328955038,46.873177974752714],[-83.9810630895574,46.87328647477049],[-83.98112298959308,46.873419974787446],[-83.98120908963702,46.8735526748028],[-83.98129318967584,46.873649474812716],[-83.98140848973574,46.87383547483447],[-83.98143258976793,46.87403287486333],[-83.98148078980324,46.87419357488513],[-83.98155228983929,46.874299774897224],[-83.9816651898928,46.87444077491228],[-83.98183838998327,46.8747242749456],[-83.98199399005809,46.87492717496764],[-83.98211939011446,46.87505897498051],[-83.98236229020688,46.875178574984666],[-83.98268829033556,46.87537707499607],[-83.98302489046203,46.8755302749999],[-83.98341589061013,46.87571807500584],[-83.98374699072254,46.875772474994875],[-83.98398489080218,46.875802274985546],[-83.98440829094488,46.87586317497018],[-83.98478069107483,46.87595247496215],[-83.98512639119525,46.87603347495439],[-83.98545959131282,46.876123774948745],[-83.9856504913899,46.87625377495754],[-83.98573409142746,46.87634157496613],[-83.98586359149408,46.87654517498973],[-83.98599249155939,46.876739875012056],[-83.98601509158777,46.87691027503686],[-83.9859856916008,46.87709097506624],[-83.98588739158427,46.87721057509031],[-83.98585109157946,46.877265475100856],[-83.98578999157024,46.87734807511706],[-83.98566349154031,46.87743237513738],[-83.9854324914785,46.877528475165605],[-83.98518649140746,46.8775888751892],[-83.98479929129857,46.87770697522992],[-83.98447519120397,46.87777837525974],[-83.9842437911409,46.87786547528662],[-83.98411619110841,46.87793177530424],[-83.9840318910985,46.878068975330166],[-83.98396029109156,46.878196875353936],[-83.98391679109793,46.878359975381485],[-83.98380189106831,46.878416975396895],[-83.98368489103358,46.878438075406976],[-83.98344999096159,46.87846217542439],[-83.983045190837,46.87849967545373],[-83.98242209065354,46.87862397550919],[-83.98203439054335,46.878733075548496],[-83.98173789046079,46.87883077558081],[-83.98134059035539,46.87900317563041],[-83.98104569027669,46.87912787566666],[-83.98081419021362,46.87921487569352],[-83.9803327900693,46.87929037573322],[-83.97998138996385,46.87934457576199],[-83.97960728985905,46.8794622758019],[-83.97942778981127,46.8795389758241],[-83.9791579897383,46.879644975856074],[-83.97895578969116,46.87978527588939],[-83.97886438969246,46.88003067593232],[-83.97871908967338,46.880250475974506],[-83.97856008964878,46.880461576016124],[-83.97846418963861,46.8806260760469],[-83.97843438965043,46.880797876075015],[-83.97845688967877,46.88096827609975],[-83.97850168970521,46.881066076112155],[-83.97883588982533,46.88117437610922],[-83.97905968989826,46.88118657609804],[-83.97918878993462,46.88114717608448],[-83.97935618998076,46.88108877606576],[-83.97960069004797,46.88100147603809],[-83.97986899011714,46.88086847600206],[-83.98003689016461,46.88081907598471],[-83.98063279033728,46.880677575928225],[-83.98104569045319,46.880549775884575],[-83.98134469054212,46.88049697585904],[-83.9815422906068,46.88050987584949],[-83.98168849065746,46.88054207584586],[-83.98195509075173,46.88061607584167],[-83.98235869090274,46.88079457584548],[-83.98273519104298,46.88095577584818],[-83.98307179116941,46.881108975852015],[-83.98326429125038,46.881265975864835],[-83.98335389130322,46.88146157588955],[-83.98343789137111,46.88179237593537],[-83.98357229145044,46.882085875972486],[-83.98371519155148,46.8825321760325],[-83.98376299158559,46.882683876052944],[-83.98380829161331,46.8827906760667],[-83.98379259163181,46.882980076096636],[-83.98377729165152,46.88317847612792],[-83.98377419167294,46.883358576155665],[-83.9837286916742,46.883485776177814],[-83.98374779169362,46.88359327619318],[-83.98393279175544,46.883615476185774],[-83.98406439179816,46.88362097617898],[-83.9843718919087,46.88372097617633],[-83.98472359204442,46.88390977618471],[-83.98489849210974,46.883986276186256],[-83.98502449216745,46.88412697620042],[-83.98519219224393,46.88431157621892],[-83.98535399230514,46.88438837622123],[-83.98564789241026,46.88447967621806],[-83.98585149249027,46.88460037622465],[-83.98605459256893,46.884712076229945],[-83.98620769263745,46.884870076245235],[-83.9863321926913,46.88498377625536],[-83.98635229271332,46.88510927627337],[-83.9862805927063,46.88523717629715],[-83.98614489268242,46.885393676329045],[-83.98588759264135,46.88572437639474],[-83.98568789260061,46.885909576434806],[-83.98540599252605,46.886033976470316],[-83.98523659247476,46.886056376483616],[-83.98501579240944,46.88609817650292],[-83.98487409237026,46.88614677651861],[-83.98466239229889,46.886116376526346],[-83.98431859218356,46.88607127653948],[-83.98420259215138,46.88611037655222],[-83.98416379214025,46.88612037655605],[-83.98398369209114,46.88618807657694],[-83.98376939204246,46.88634667661375],[-83.98368259202618,46.88643887663293],[-83.98357199203708,46.88681077669636],[-83.98354259205013,46.886991576725784],[-83.98356419207592,46.88714397674785],[-83.98357019209126,46.887251776764046],[-83.9835252920938,46.88738797678751],[-83.98344099208397,46.88752517681343],[-83.98331639205914,46.88764547683912],[-83.98306419200176,46.88783197688247],[-83.98291339196867,46.887952976909766],[-83.98272619193071,46.88812877694767],[-83.98237309185043,46.88838997700823],[-83.98161849168352,46.88898567714356],[-83.98135169161819,46.88914557718359],[-83.98090339149996,46.889346277240556],[-83.98062399143184,46.889515577282786],[-83.98032799135055,46.88962227731641],[-83.97996739125115,46.88974867735682],[-83.9796698911661,46.889828477386395],[-83.97938499108389,46.88989887741383],[-83.97913739100896,46.88993227743341],[-83.97899869097745,46.89003487745721],[-83.97879889093664,46.89022007749722],[-83.97868689091466,46.89033107752076],[-83.97864039091338,46.8904402775402],[-83.97849159088531,46.89059707757293],[-83.9784400908713,46.89061647757889],[-83.97827469083019,46.890710777602976],[-83.97829079084204,46.890764377610246],[-83.97842989090387,46.890904677623624],[-83.97855229095256,46.89098247762837],[-83.97866169099724,46.89106067763397],[-83.97876089104533,46.89119307764847],[-83.97879759108042,46.89138107767515],[-83.97874909107405,46.891454377689215],[-83.97868309105205,46.891447077691964],[-83.97860039101698,46.891377277686075],[-83.97852939098225,46.89128007767531],[-83.97840149091948,46.891103477655754],[-83.97834459089144,46.89102397764686],[-83.9781626908082,46.89082167762654],[-83.97792319072472,46.890764877631774],[-83.97779359068709,46.89079527764402],[-83.97757379062436,46.890854977665995],[-83.97751519062149,46.890982477688915],[-83.97754689064378,46.89108067770212],[-83.97767429070527,46.891248377720395],[-83.97779979076172,46.891380077733245],[-83.97796459083057,46.89151077774365],[-83.97816769090932,46.89162247774888],[-83.9783974909976,46.89174257775389],[-83.97855929105879,46.89181927775614],[-83.97873119111647,46.89184187774959],[-83.97888799116485,46.89182877773846],[-83.97911239123917,46.89184987772855],[-83.97929839130353,46.89189007772384],[-83.97962349142975,46.89207057773253],[-83.97981749151455,46.892254577749426],[-83.97997979157701,46.89234027775308],[-83.98031799170735,46.89252047776095],[-83.9808335919094,46.892822077777026],[-83.98092879194736,46.892882577780675],[-83.98102909199805,46.89303297779792],[-83.98117729205384,46.89310107779967],[-83.98134409212778,46.893267677815444],[-83.98144329217592,46.89340017782996],[-83.98158289223906,46.89354947784464],[-83.98178189233656,46.89382327787497],[-83.98196479242233,46.89404347789802],[-83.98206099246278,46.894121977904454],[-83.98215879250715,46.89422747791493],[-83.98223079254446,46.89434257792829],[-83.98235629260084,46.89447427794116],[-83.98238849262445,46.894581477955676],[-83.98251489268341,46.89473117797123],[-83.9827517927896,46.89497697799507],[-83.98298409288424,46.89514187800677],[-83.98327089300064,46.895341478020576],[-83.98358289312266,46.89552227803008],[-83.98366909316668,46.89565507804537],[-83.9837455932155,46.89585107807088],[-83.98381809325406,46.895975178085656],[-83.9839732933277,46.8961690781063],[-83.98409679337905,46.896264878113804],[-83.9842479934425,46.89638687812363],[-83.98439669349952,46.896464078126805],[-83.98459939357704,46.89656677813065],[-83.98476569364972,46.896724378145095],[-83.98500859374212,46.89684407814922],[-83.98526419383745,46.8969543781512],[-83.98538619388492,46.897023178154626],[-83.98560049396275,46.89709857815367],[-83.98575469403386,46.897274578171626],[-83.98578839406123,46.897408678190146],[-83.98582309409124,46.8975607782114],[-83.98583109411165,46.897704578233004],[-83.98572759411141,46.89796827827943],[-83.98541729405247,46.89829137834703],[-83.98536719407129,46.89857167839286],[-83.98537369408794,46.89868847841038],[-83.9854320941198,46.898794978423226],[-83.98552079417021,46.8989726784453],[-83.98554129422256,46.89934107850047],[-83.98543269420945,46.89951487853345],[-83.98524859417927,46.899744678579395],[-83.98508609414579,46.89989297861159],[-83.98501439413882,46.900020878635345],[-83.98497809413405,46.90007577864586],[-83.98495869417263,46.90043627870221],[-83.98494999420907,46.90075147875096],[-83.9850274942604,46.900965478779234],[-83.98504759428243,46.90109097879726],[-83.98524399440265,46.90155377885667],[-83.98538159446066,46.90166717886597],[-83.98548999450279,46.90172737886888],[-83.98569119457643,46.90180307886875],[-83.98588219465357,46.9019331788775],[-83.98613289473617,46.90195357886596],[-83.98648079486182,46.90207047886356],[-83.98666929493255,46.90215557886555],[-83.9868184949909,46.90224167887005],[-83.98693139504445,46.90238267888504],[-83.98696509507192,46.90251687890362],[-83.98695699508055,46.902607078917875],[-83.9869800951102,46.90278647894402],[-83.98698959513447,46.902957178969636],[-83.98694769514475,46.903147279001175],[-83.98686339513486,46.90328447902708],[-83.98666809510561,46.903550579079216],[-83.98639409505142,46.90381867913628],[-83.98612259500366,46.90413177920004],[-83.98577739494382,46.90453677928221],[-83.98556089491902,46.90489347934948],[-83.98550429492127,46.90505687937781],[-83.98554099495638,46.90524497940447],[-83.98562669499913,46.905368679418416],[-83.98569579502882,46.905429879423764],[-83.98572449504348,46.905474179428815],[-83.98586209510152,46.90558757943817],[-83.98597399515255,46.905710679450486],[-83.98607579520713,46.9058879794717],[-83.98627529530594,46.90617077950333],[-83.98638869536084,46.906320779519675],[-83.98646029539692,46.90642687953171],[-83.98656309545402,46.906622279555634],[-83.9866586955223,46.906925779596484],[-83.98670809556025,46.907104479621],[-83.98680929561351,46.90727277964082],[-83.98706089572774,46.90754517966781],[-83.9872004957909,46.90769457968253],[-83.98742379589166,46.90793167970576],[-83.98757999596793,46.908143679729136],[-83.98765109600268,46.90824077973985],[-83.98764599601897,46.90838487976219],[-83.98765449604072,46.90853767978507],[-83.98757069603212,46.90868387981236],[-83.98748539601974,46.90880307983561],[-83.98733949599936,46.9090138798764],[-83.98714879595249,46.909126879904825],[-83.98681129588277,46.90943267997133],[-83.9866356958452,46.909581280004325],[-83.98635719577953,46.90976858004925],[-83.9861401957244,46.90988218007935],[-83.98576229563969,46.91017108014563],[-83.98552009557878,46.91030338018003],[-83.98535809554657,46.91046058021356],[-83.98530259555143,46.91064208024458],[-83.98533179556736,46.91069528025104],[-83.98541499560373,46.910774080258214],[-83.98548449563467,46.9108442802649],[-83.98559539568318,46.91094938027454],[-83.98574469574153,46.91103548027897],[-83.98589289579735,46.91110358028075],[-83.98606839586402,46.9111890802836],[-83.98624289592814,46.911256480283704],[-83.98634069597249,46.91136188029413],[-83.98635929599067,46.91146048030813],[-83.986299195984,46.911560980327],[-83.98609639593555,46.911692280358956],[-83.98590669589126,46.911823280390124],[-83.985676595832,46.911937280420986],[-83.98547329578228,46.912059580451576],[-83.98525729572965,46.91219118048437],[-83.98515339569906,46.9122118804936],[-83.9850232956602,46.912233280504466],[-83.98477459558272,46.91224878052136],[-83.98462169554442,46.912333780543314],[-83.98427869543153,46.91230668055919],[-83.98396399533208,46.912314880578805],[-83.98369919524275,46.9122768805885],[-83.98348789517262,46.912255380597536],[-83.98307889503774,46.91222098061616],[-83.98264359489455,46.91218738063646],[-83.98236419479728,46.91212268064287],[-83.98215089472203,46.91206518064651],[-83.98187549463496,46.912072380663716],[-83.98162979456514,46.91214178068866],[-83.98159099455403,46.912151780692476],[-83.98144619450709,46.9121465807001],[-83.98118239442037,46.91212648071248],[-83.98084249431513,46.912153280736455],[-83.98063859426415,46.91226658076562],[-83.98054019424757,46.912386180789696],[-83.9804664942355,46.91247808080809],[-83.98028789419021,46.91257278083299],[-83.9801319941443,46.91260378084689],[-83.97993579408342,46.912617980860475],[-83.97968959401231,46.912678380884145],[-83.97946959394947,46.91273808090608],[-83.97936819392524,46.91280368092208],[-83.97913809386593,46.912917680952965],[-83.9789953938242,46.912948380966014],[-83.97883549376803,46.9129075809691],[-83.9786857937084,46.91281248096327],[-83.97840489360728,46.91272078096565],[-83.97821879354291,46.91268068097035],[-83.97796259344621,46.91256128096706],[-83.97786829341081,46.912518780966074],[-83.97771509334224,46.912360780950834],[-83.97766379331017,46.912234680934546],[-83.97763909329473,46.91217378092666],[-83.97759079325931,46.91201298090487],[-83.97753949321624,46.91179838087498],[-83.97747949318045,46.9116648808581],[-83.97739839314924,46.91162208085626],[-83.97724909309082,46.91153588085179],[-83.97714019304746,46.91146678084755],[-83.97695019297286,46.911354680841505],[-83.9767290928869,46.911231380835495],[-83.9766112928411,46.911165580832346],[-83.97638509275582,46.91106068082946],[-83.97620699268865,46.91097808082724],[-83.97590849257192,46.91080588081828],[-83.97577889251504,46.91068108080676],[-83.97576199262876,46.91163888095435],[-83.97571889291844,46.91407908133042],[-83.97567019324586,46.916836481755304],[-83.97548319450364,46.92742468338648],[-83.97543779480897,46.92999368378217],[-83.97500669771233,46.95440268754016],[-83.97499929776228,46.95482198760467],[-83.97478889917501,46.96668718943033],[-83.97479370008062,46.97393089053678],[-83.97482030476806,47.01136739625077],[-83.97482160498338,47.01308509651274],[-83.97482200506344,47.013723596610184],[-83.9748224051295,47.01425059669052],[-83.97484050832404,47.039708900571895],[-83.9748409083838,47.04018470064439],[-83.9748414084814,47.04096200076284],[-83.97484160851711,47.04124650080618],[-83.97484170853329,47.04137510082579],[-83.97484180855895,47.041579400856904],[-83.9748419085653,47.04163000086463],[-83.97484200859223,47.04184450089729],[-83.97484210860264,47.04192760090994],[-83.9748421086041,47.04193900091167],[-83.97484220861772,47.042047200928174],[-83.97484290875005,47.0431011010888],[-83.97484570923017,47.04692270167108],[-83.9748457092423,47.04701950168583],[-83.97485550924507,47.04701690168483],[-83.97485550924526,47.04701830168508],[-83.97488000925284,47.04701640168332],[-83.97543250942431,47.04697420164452],[-83.97551580945012,47.0469678016387],[-83.97597540959649,47.04696260161095],[-83.97658240978977,47.04695580157435],[-83.9766182098012,47.04695540157222],[-83.97718840999424,47.04704060155178],[-83.97789161022682,47.047101301519774],[-83.97859601046542,47.04720780149474],[-83.97933141070254,47.0472225014539],[-83.980098010938,47.04714520139722],[-83.98096201119019,47.046952401317164],[-83.98159671139227,47.046945201278895],[-83.98229991162476,47.04700600124693],[-83.98307171188775,47.04713460122132],[-83.98407791222824,47.04728340118501],[-83.9852159126021,47.04736210113031],[-83.98618701292283,47.04744270108567],[-83.98709121322219,47.047524001045026],[-83.98786131347602,47.04758400100907],[-83.98890031382405,47.0477095009673],[-83.99004131421322,47.047902600929824],[-83.99091501451724,47.048098700908476],[-83.99185731485169,47.04836260089342],[-83.99273341516799,47.04865020088594]]]},"properties":{"OGF_ID":800517538,"BEAR_MANAGEMENT_IDENT":"SS-35-037","BEAR_MANAGEMENT_IDENT_SX":1,"LOCATION_ACCURACY":"Within 100 metres","LOCATION_DESCR":null,"VERIFICATION_STATUS_FLG":"Verified","VERIFICATION_STATUS_DATE":886291200000,"BUSINESS_EFF_DATE_FLG":"Estimated","BUSINESS_EFFECTIVE_DATE":886291200000,"BUSINESS_EXPIRY_DATE":null,"SYSTEM_CALCULATED_AREA":378308990.803,"SYSTEM_CALCULATED_LENGTH":98286.99799999999,"GEOMETRY_UPDATE_DATETIME":1364214776000,"EFFECTIVE_DATETIME":1368091292000,"OBJECTID":86817}},{"type":"Feature","id":98785,"geometry":{"type":"Polygon","coordinates":[[[-84.22210397797525,46.965474674730714],[-84.22215727799463,46.96549347473047],[-84.22218027800582,46.965524274733795],[-84.2221955780126,46.96553957473525],[-84.22218797801825,46.96560397474551],[-84.22221077803366,46.965668574753984],[-84.22219557803325,46.96570387476031],[-84.22215737803009,46.96577577477348],[-84.22208107802018,46.9658904747955],[-84.22205057802049,46.96597007480943],[-84.22201997801945,46.96603957482182],[-84.2220429780349,46.966104174830285],[-84.22211157806146,46.966141574831944],[-84.22220307809121,46.96614577482722],[-84.22231757812578,46.966130174818055],[-84.22240137814481,46.96606927480385],[-84.2224473781538,46.9660241747943],[-84.22247787815343,46.96594337478014],[-84.22250067815732,46.965916874774784],[-84.22257697816642,46.96579547475175],[-84.22259987816699,46.9657419747423],[-84.22262267816274,46.965650174726925],[-84.22266857816489,46.96555107470913],[-84.22272187816895,46.96544827469033],[-84.22279827818076,46.96534827467056],[-84.2228517781855,46.965249974652444],[-84.22291267819183,46.96514587463299],[-84.22301947820908,46.965012374606346],[-84.2231186782356,46.96497137459423],[-84.22324077826914,46.96492857458049],[-84.22335527830242,46.96490287456986],[-84.22354607835933,46.96487157455387],[-84.22369097840264,46.96484837454181],[-84.22383607844952,46.964853274533965],[-84.22400367850435,46.96486427452581],[-84.22417167856516,46.96492147452464],[-84.2242861786069,46.96496317452425],[-84.22449207868213,46.965039574523736],[-84.22456067870887,46.965078074525564],[-84.22465987874381,46.96510457452376],[-84.22478197878472,46.96512027451895],[-84.22491167882744,46.96513117451297],[-84.22497267884782,46.9651384745105],[-84.22519397892188,46.96516597450165],[-84.22540757899037,46.96516897448957],[-84.22587317914949,46.96525367447506],[-84.22596457918202,46.965280374473714],[-84.22620107926069,46.96530637446376],[-84.22634597930836,46.965317974456966],[-84.22649097934926,46.96527567444196],[-84.22657507936945,46.965222674428944],[-84.22665137939096,46.96520027442106],[-84.22673507941326,46.96516527441076],[-84.22687257944517,46.965070274388204],[-84.22695637946421,46.965009374373984],[-84.226994579472,46.964974574366444],[-84.22709377949455,46.96490207434951],[-84.22713207950392,46.964879574343826],[-84.22725407953521,46.9648187743274],[-84.22732277955375,46.964792074319256],[-84.22743717959409,46.964822574317196],[-84.22752877962365,46.96482567431223],[-84.22758987964424,46.96483407430992],[-84.22765847966654,46.96483777430648],[-84.22780327971316,46.96484147429848],[-84.22792547975115,46.96483357429007],[-84.22803977978326,46.96479887427809],[-84.22810857980242,46.96477667427062],[-84.22820007982632,46.96473467425879],[-84.2282838798462,46.96468057424563],[-84.22832217985521,46.96465477423947],[-84.22842147987576,46.96456647422017],[-84.22849007988908,46.9644981742057],[-84.22853577989541,46.96443277419306],[-84.22860457989972,46.96429237416758],[-84.22861977989929,46.96425037416028],[-84.22865037990088,46.96418537414854],[-84.2287112799116,46.96411617413444],[-84.22881807993662,46.96404447411724],[-84.22894007997257,46.96402077410641],[-84.22903187999997,46.964005874098724],[-84.22906988000867,46.96397887409237],[-84.22912338001568,46.96389867407698],[-84.22915378002013,46.96385727406889],[-84.22916918002164,46.963829874063805],[-84.22925308003833,46.96374987404669],[-84.22944378008386,46.96362857401696],[-84.22947418009022,46.96360187401107],[-84.22958118011478,46.96352577399316],[-84.22963448012734,46.96349047398468],[-84.22968788013867,46.963445073974626],[-84.22973368014988,46.9634179739678],[-84.22982518017291,46.96336917395494],[-84.22989398019052,46.96333467394561],[-84.22997018021042,46.96329987393583],[-84.23007708024257,46.9632844739272],[-84.23019908028064,46.963277673918974],[-84.23042028035209,46.963284873907014],[-84.23058048040699,46.96331527390223],[-84.2307178804533,46.96333497389712],[-84.2309162805194,46.96335757388891],[-84.23111468058448,46.96337217387944],[-84.23125958063217,46.963383873872694],[-84.23137408066913,46.963387373866475],[-84.23148098070466,46.963398973861935],[-84.23154188072654,46.963418573861304],[-84.23166408076932,46.96344887385879],[-84.23179368081442,46.96347897385567],[-84.23192338085731,46.96349107384993],[-84.23205308090004,46.963502073843934],[-84.23206848090503,46.96350267384315],[-84.23221348095079,46.963498673833996],[-84.23232778098621,46.963490873826025],[-84.23247288103296,46.96349467381807],[-84.23261778107725,46.96347937380722],[-84.23273998111438,46.96346457379774],[-84.23283128114305,46.9634608737918],[-84.23284668114789,46.96346047379089],[-84.23292288116778,46.96342567378103],[-84.23300678118935,46.963383973769744],[-84.23315178123022,46.96334157375476],[-84.23317478123764,46.96334207375348],[-84.23328898126726,46.96328827373855],[-84.2333959812918,46.96321207372061],[-84.23344948130216,46.963158773709345],[-84.23350268131246,46.96310557369806],[-84.23356388132767,46.963071173689265],[-84.2335866813258,46.962998573676856],[-84.23360188133117,46.96300267367658],[-84.23361718133116,46.96296397366977],[-84.23360958132311,46.9629191736634],[-84.23359428131718,46.96291057366299],[-84.23355618130174,46.962884673661264],[-84.2334798812692,46.96281937365585],[-84.23338828123526,46.96278147365547],[-84.2332890811973,46.96273137365367],[-84.23319748116332,46.962693473653275],[-84.23306788111724,46.96265547365512],[-84.23304488110743,46.962635873653454],[-84.23300688108965,46.96259087364882],[-84.23296868106685,46.96250637363824],[-84.23301448107198,46.962430873623994],[-84.23306798108321,46.96238437361376],[-84.23312128109832,46.96236937360836],[-84.2331900811203,46.96236967360431],[-84.23325088114099,46.962380273602335],[-84.23334248117273,46.9624002736],[-84.2334341812043,46.96241897359745],[-84.23351038123147,46.962441573596415],[-84.23361718127035,46.962480173595985],[-84.23370868130188,46.9624989735935],[-84.23378518132675,46.9625024735895],[-84.23389178136219,46.96251407358498],[-84.23396828138657,46.962514173580516],[-84.23410538142981,46.962510273571816],[-84.23425808147428,46.962476673557724],[-84.23441078151764,46.96243417354223],[-84.23452518154886,46.96239267352915],[-84.23466248158736,46.962350573514684],[-84.23475398161465,46.962335573506984],[-84.2348760816516,46.9623197734974],[-84.2349905816862,46.96230417348831],[-84.23512798172949,46.962300273479585],[-84.2352269817611,46.96230077347383],[-84.2354406818268,46.96228127345825],[-84.23556288186394,46.962266573448794],[-84.23565438189124,46.96225157344116],[-84.23572318190884,46.96221707343182],[-84.23577638191993,46.9621705734216],[-84.23584518193186,46.962090973405424],[-84.23587558193483,46.96203727339543],[-84.23590618193599,46.96196887338323],[-84.23593678193757,46.96190387337152],[-84.23597478193763,46.96180827335468],[-84.23597488192384,46.96169807333788],[-84.23597478191799,46.96165197333084],[-84.2359748819128,46.96161027332448],[-84.2359823819051,46.96153017331183],[-84.23595958188636,46.9614385732992],[-84.23593668186851,46.961354873287846],[-84.23589858184295,46.96124797327373],[-84.23589088183809,46.961229073271326],[-84.2358449818109,46.9611290732588],[-84.23579168178675,46.961072073253234],[-84.23570788175182,46.96100697324826],[-84.23563148171937,46.96094277324298],[-84.23556268169166,46.96089637323993],[-84.23547898165691,46.96083237323511],[-84.23542538163309,46.960778773230096],[-84.23538728161509,46.960732573225314],[-84.23536438160208,46.96068707321972],[-84.23537218159551,46.96061487320827],[-84.23540258159505,46.96053417319417],[-84.23547128160455,46.96043547317507],[-84.23553988161107,46.96031317315238],[-84.23553998160965,46.96030187315067],[-84.23563918162453,46.96016857312449],[-84.23573828164561,46.96008477310592],[-84.23580688165735,46.96000407308956],[-84.23583748165471,46.95990537307267],[-84.23589858165981,46.95979107305166],[-84.23592898165457,46.95967217303177],[-84.23594428165613,46.95964587302686],[-84.23597488165007,46.95952007300584],[-84.23605888166485,46.95942437298632],[-84.23614268168488,46.95937137297328],[-84.23624198170882,46.959310072958104],[-84.23630288172296,46.959267772948046],[-84.23637918173728,46.95918807293138],[-84.23644778174896,46.95910737291507],[-84.23655478177352,46.95903117289715],[-84.23662328179101,46.95899667288788],[-84.2367836818279,46.95888297286105],[-84.2368979818566,46.95882127284491],[-84.23708118190119,46.95871137281737],[-84.2371650819227,46.95866967280607],[-84.23731768196018,46.95858097278358],[-84.23742458198672,46.958520572768066],[-84.23758468202811,46.95844407274695],[-84.23772198206319,46.958374872728314],[-84.23788998211154,46.95833307271207],[-84.23801198214659,46.9583025727002],[-84.2382102822002,46.95822607267689],[-84.23837828224525,46.95815837265666],[-84.23850798228034,46.95810857264145],[-84.23864518231737,46.958055172625215],[-84.23880548235884,46.9579785726041],[-84.23892758239155,46.957929072589344],[-84.23908768242919,46.957822172563574],[-84.23920978245849,46.95774557254471],[-84.23930908247918,46.95765837252555],[-84.23939298249586,46.95757837250846],[-84.23943118250028,46.95751657249674],[-84.23949228251321,46.95746417248521],[-84.23957608252546,46.957349272462714],[-84.23965988254118,46.95726147244439],[-84.23972108255637,46.957227072435515],[-84.23994228261056,46.95709707240272],[-84.24004908262934,46.956975872377924],[-84.24011778264548,46.95693007236688],[-84.24021708266609,46.95684177234755],[-84.24033898269627,46.956773072329916],[-84.24046118272237,46.956670572307125],[-84.24049158272872,46.95664387230123],[-84.24061368276327,46.9566089722887],[-84.24063658277059,46.956609372287446],[-84.24076638280914,46.9565865722763],[-84.24085018283142,46.95655157226602],[-84.2409798828743,46.95656367226027],[-84.24110198291265,46.956559072252354],[-84.24120898294498,46.956544772243824],[-84.24132328298131,46.956543772236955],[-84.24146818303039,46.956566672231936],[-84.24157508306509,46.95657157222636],[-84.24184978314204,46.95648727219736],[-84.24199468318393,46.956452772183525],[-84.24209388321127,46.95641847217248],[-84.24221598324056,46.95634187215359],[-84.24230748325967,46.956261672135966],[-84.24236868327401,46.95622057212611],[-84.2424217832841,46.956166172114685],[-84.24249058329265,46.95605957209439],[-84.2425364832938,46.95595257207535],[-84.24256688329253,46.955865072060234],[-84.24261268329565,46.9557737720436],[-84.24264318330002,46.95573127203532],[-84.24269668331037,46.95567807202408],[-84.2428033833348,46.955601872006156],[-84.24288738335734,46.95556797199603],[-84.2429483833759,46.95556067199133],[-84.24300178338949,46.95553327198398],[-84.24308568341097,46.95549147197273],[-84.24316968343432,46.955464371963615],[-84.2432992834714,46.95543037195077],[-84.24337558349374,46.95541467194387],[-84.24345968351867,46.95539987193667],[-84.24356628354977,46.95537667192688],[-84.24364268357326,46.95536997192133],[-84.24377998361257,46.95533457190785],[-84.24403188368579,46.955277971884385],[-84.24417678372808,46.95524677187112],[-84.2442987837661,46.95523997186289],[-84.24435978378932,46.95526977186384],[-84.24442098381229,46.95529727186441],[-84.24452778385016,46.95532797186277],[-84.24463458388796,46.95535757186099],[-84.24473368392542,46.95540427186232],[-84.24481008395786,46.95546847186759],[-84.24484808397898,46.95554047187633],[-84.24485578398965,46.95560557188576],[-84.24487868400362,46.95565887189259],[-84.24497018404195,46.9557316718983],[-84.24503898407198,46.95579607190404],[-84.24513048410746,46.95584637190632],[-84.24525268414885,46.95586537190203],[-84.24533658417798,46.95588437189999],[-84.24545848421965,46.9559067718962],[-84.24566458428735,46.95592237188641],[-84.24582468434076,46.95594147187991],[-84.24600788440348,46.95597557187431],[-84.24613758444637,46.955987671868506],[-84.24632078450848,46.95601737186221],[-84.24652668457944,46.95605987185656],[-84.2466792846362,46.956124171857404],[-84.24678618467512,46.956162771856974],[-84.24693878473241,46.95623157185845],[-84.24705328477712,46.95629687186169],[-84.24716758482504,46.95638817186888],[-84.24728978487927,46.956509571880204],[-84.24738118491996,46.956601471888796],[-84.24748038496651,46.95672017190102],[-84.2475948850125,46.9567956719058],[-84.24769398505462,46.95687947191272],[-84.24783138511,46.95697117191866],[-84.24822048525813,46.957162671924884],[-84.24835788531342,46.957254371930745],[-84.24848758536861,46.95736427193991],[-84.24860958541808,46.95744857194552],[-84.24876228548446,46.95758937195799],[-84.24880038550668,46.95766927196792],[-84.24881568552746,46.95779597198636],[-84.24882328554571,46.95792177200506],[-84.24881568556961,46.95813117203743],[-84.24880808557967,46.958230472053],[-84.2488155855989,46.95836407207297],[-84.24890718565871,46.95860787210474],[-84.24894528568011,46.95868107211364],[-84.24901408571348,46.958772472123485],[-84.24923528579595,46.95886737212494],[-84.24943378586362,46.958902272118564],[-84.24958638591615,46.958932772114196],[-84.24973118596701,46.9589702721114],[-84.24996768604437,46.9589860720999],[-84.25015838610706,46.95900097209093],[-84.2503033861533,46.95900127208239],[-84.25046358620386,46.95899677207226],[-84.25070018627547,46.95896637205367],[-84.25087568632613,46.95892427203693],[-84.25115028640882,46.95888607201491],[-84.25135648646992,46.95884877199711],[-84.25163098654582,46.95875657196682],[-84.25179118659163,46.95871487195103],[-84.25205828667063,46.958665671927804],[-84.25229488674225,46.95863537190927],[-84.25257718682302,46.95856207188147],[-84.2528669869073,46.95849757185452],[-84.25302728695317,46.95845587183873],[-84.25327138702472,46.958406171816726],[-84.25349278708721,46.958341371793836],[-84.25364518713043,46.95829877177833],[-84.2538054871743,46.95824137176014],[-84.25396568721447,46.95815467173747],[-84.2540876872423,46.95806687171688],[-84.25418708726191,46.9579706716964],[-84.25432428729127,46.9578564716709],[-84.25439288730556,46.957796071657654],[-84.2544615873173,46.9577153716413],[-84.25454548733539,46.95764657162586],[-84.25461418734733,46.95756697160968],[-84.25472108737182,46.95749087159179],[-84.25487378740709,46.957384171566495],[-84.25513308746574,46.957193371522166],[-84.25525508749688,46.95713137150549],[-84.25530858751203,46.95711637150003],[-84.25552208756373,46.9569865714677],[-84.25575878763298,46.956937071446205],[-84.25589598767382,46.95691407143457],[-84.2560486877231,46.95691867142628],[-84.2562089877756,46.95692987141856],[-84.25632338781254,46.95693337141231],[-84.25649888787,46.956945271403804],[-84.25665128792383,46.9569870714012],[-84.25678098796755,46.95700587139639],[-84.25690318801027,46.957036071393816],[-84.25705588805954,46.95704077138551],[-84.25714738808767,46.95703257137891],[-84.25716258809246,46.95703207137792],[-84.25729988813008,46.95698317136234],[-84.25741438816122,46.95694057134915],[-84.25753638819391,46.95689097133437],[-84.25770438823412,46.9567849713083],[-84.25788748827954,46.9566818712818],[-84.25805538832016,46.95657917125622],[-84.25834528840006,46.956479771223975],[-84.258604588474,46.956410571198155],[-84.25882598853647,46.956345771175215],[-84.2590699886023,46.95625107114641],[-84.25926838865837,46.95619367112597],[-84.25946668871674,46.956155371108466],[-84.25968038877959,46.95611327108943],[-84.25986348883646,46.95610127107682],[-84.26009238890758,46.956086871061146],[-84.26027548896448,46.956074971048544],[-84.26047378902587,46.95606027103459],[-84.26069518909253,46.9560291710168],[-84.26093928916463,46.95598397099553],[-84.26125208926041,46.95595257097228],[-84.26142768931263,46.95592287095739],[-84.26161078936228,46.95585347093603],[-84.26185488943062,46.955777870910126],[-84.26219058952172,46.955651370871024],[-84.262442289589,46.955548570840534],[-84.26263318963602,46.955438470812474],[-84.2628086896799,46.955342370787456],[-84.26305268974379,46.955231870756286],[-84.26326638979894,46.95512907072796],[-84.26338838983021,46.95506817071149],[-84.26353358986786,46.954999870692525],[-84.26364018989655,46.9549574706798],[-84.26376228992923,46.954907870665025],[-84.2639531899839,46.95485857064625],[-84.26412099003535,46.95484247063393],[-84.26422789007005,46.9548473706284],[-84.26444129013602,46.95483117061333],[-84.2645864901843,46.95484727060721],[-84.26473889023761,46.9548844706039],[-84.26492969030565,46.954942070601426],[-84.26505939034992,46.954965370597336],[-84.26519669039504,46.95497607059083],[-84.26538749045885,46.95499987058324],[-84.26552489049976,46.95497677057161],[-84.26563919053179,46.95494207055959],[-84.26579959057769,46.9549003705438],[-84.26613509067651,46.95483567051414],[-84.26626479071258,46.9547936705001],[-84.26640209075146,46.95475487048605],[-84.26653189078613,46.954701670470314],[-84.26665409081984,46.95465997045676],[-84.26675319084613,46.95461777044449],[-84.26682959086286,46.95455707043074],[-84.26691329087849,46.954469170412416],[-84.2669056908645,46.95437717039877],[-84.26688299085149,46.954331670393174],[-84.26682199082396,46.95426707038696],[-84.26671499078314,46.95421387038513],[-84.26663889075266,46.95416427038209],[-84.26657019072168,46.954091970375124],[-84.26651659069785,46.95403837037013],[-84.26650909068627,46.95396547035943],[-84.26657779069905,46.953892670344295],[-84.26666159071948,46.953842970331756],[-84.26669969073026,46.95383177032783],[-84.26681429076491,46.95381727031883],[-84.26689809078965,46.95380137031148],[-84.26702779082912,46.95378637030153],[-84.26718809087738,46.95376387028865],[-84.2672949909095,46.95374837028001],[-84.26742469094899,46.95373347027011],[-84.2675847909994,46.953728870259944],[-84.26771449104226,46.95374097025415],[-84.26783649107578,46.953698070240414],[-84.26789009109197,46.95369087023614],[-84.26811139115631,46.95364187021565],[-84.26817989117718,46.95363427021043],[-84.26843169125019,46.953576470186775],[-84.26860719130565,46.95357257017583],[-84.26877509135969,46.953576770166535],[-84.26894309141281,46.95357307015609],[-84.26930149152801,46.953580870136136],[-84.26959149162225,46.95359507012122],[-84.26974399167287,46.95361097011464],[-84.26998049174962,46.95362217010241],[-84.27017909181588,46.95364577009434],[-84.27030869186099,46.95367577009125],[-84.27040789189732,46.95371347009115],[-84.27061379197171,46.953782970089584],[-84.27078169203384,46.95385127009011],[-84.27092669208572,46.953896570088425],[-84.2711097921494,46.95393867008407],[-84.27120129218005,46.95395067008048],[-84.27133109222184,46.95395367007334],[-84.2714072922495,46.95398077007292],[-84.27152179229083,46.95401907007203],[-84.27172779236747,46.95410657007323],[-84.27188789242473,46.95415597007129],[-84.27202539247344,46.95419477006913],[-84.27215499251956,46.95423277006728],[-84.27228479256807,46.95428977006829],[-84.27242969261955,46.95433177006615],[-84.27258999267305,46.954350770059605],[-84.27275779272604,46.954347070049124],[-84.27284949275578,46.95435127004438],[-84.27299429279863,46.95432457003174],[-84.2731010928273,46.95428217001898],[-84.27324619286736,46.95423297000295],[-84.27336819289863,46.95417216998645],[-84.27352079293763,46.95409576996585],[-84.27365799297166,46.95401866994595],[-84.27381839301177,46.953930869923155],[-84.2739937930591,46.95386286990245],[-84.27416159310631,46.95381306988496],[-84.27436779316481,46.953755369864005],[-84.27455089321455,46.953687169842816],[-84.27477969327789,46.9536108698177],[-84.27495509332995,46.95357996980264],[-84.27521459341126,46.953569169785695],[-84.27538249346618,46.9535800697774],[-84.27554269351776,46.95358446976867],[-84.27571039357403,46.95360666976214],[-84.27587849363152,46.953637869757],[-84.27609199370232,46.95365986974776],[-84.27624459375399,46.95368366974242],[-84.27655739386475,46.953771469737305],[-84.27672529392017,46.95378686972974],[-84.27687029397111,46.95382436972693],[-84.27699989401873,46.953874669726936],[-84.27714479407204,46.953931269727015],[-84.27729759412658,46.95397746972503],[-84.2775187942038,46.95403076972017],[-84.27769429427023,46.9541146697226],[-84.27789269433973,46.954164069718374],[-84.27800709437759,46.95417536971339],[-84.27818259443744,46.95420636970776],[-84.27829699447771,46.95423686970563],[-84.27850299454862,46.95427816969978],[-84.2786706946044,46.9542969696928],[-84.2788310946575,46.95431266968573],[-84.27901429471974,46.95434336967958],[-84.2792125947858,46.95436586967129],[-84.27960169491226,46.95438506965128],[-84.27983049498476,46.954381869637295],[-84.2799219950129,46.954373669630634],[-84.28008239505873,46.95433186961483],[-84.28014329507383,46.95429756960599],[-84.28017379508262,46.95428986960304],[-84.28027309510088,46.95418356958095],[-84.28028079510128,46.95416756957812],[-84.280341795115,46.954121969567524],[-84.28042559513068,46.9540340695492],[-84.28050979514553,46.95393936952977],[-84.2805630951549,46.953878269517325],[-84.28063169516658,46.95379756950098],[-84.28067739516871,46.953698369483135],[-84.28071559517417,46.953645469472875],[-84.28079949518892,46.95354976945331],[-84.2808834952046,46.95346186943497],[-84.28102079523256,46.95333636940774],[-84.28113519525947,46.953259969389364],[-84.281203895276,46.95321746937883],[-84.28140229532492,46.953103869349796],[-84.28152439535518,46.953035069332124],[-84.28166169539023,46.95296586931346],[-84.2818219954327,46.95289716929356],[-84.28202039548967,46.952847569274276],[-84.28214989552708,46.95281686926194],[-84.2822568955594,46.952802569253485],[-84.2823941956031,46.95280196924528],[-84.28256199566192,46.952844469241846],[-84.28271459571535,46.952882769238705],[-84.28279079574435,46.95291996923984],[-84.28290529578564,46.95295826923895],[-84.28303519583095,46.95298946923607],[-84.28316479587603,46.95301946923298],[-84.28330979592273,46.95302316922496],[-84.2834319959608,46.953016369216726],[-84.2835387959953,46.95301996921099],[-84.28366829603556,46.95301176920208],[-84.2837826960696,46.95299276919247],[-84.28379809607402,46.952988969191],[-84.28393539611729,46.95298496918223],[-84.28409559616414,46.95295116916764],[-84.28429399622111,46.95290156914838],[-84.28440079625219,46.95287826913851],[-84.28454579629408,46.952843769124726],[-84.28472879634622,46.95279456910646],[-84.28482049637255,46.95277166909753],[-84.28491959639982,46.952737369086485],[-84.28502629642946,46.95270276907492],[-84.28533939652264,46.95264996904841],[-84.28547669656207,46.952615569035046],[-84.28566729661323,46.95253926901214],[-84.28583509666042,46.95248946899464],[-84.28599539670951,46.95247356898277],[-84.28624719678601,46.95244386896343],[-84.28644549684535,46.95241336894704],[-84.28659049688767,46.95238226893374],[-84.28668199691253,46.95234806892318],[-84.28679659694144,46.952287468907144],[-84.28692619697306,46.95221056888782],[-84.28699489698592,46.952138868872794],[-84.287078797004,46.95207006885736],[-84.28716279702071,46.95199006884024],[-84.28726949704696,46.951928468824526],[-84.28732299706068,46.95190216881735],[-84.28744509709902,46.951897568809486],[-84.28752149712253,46.95189086880394],[-84.28757479713947,46.951890468800755],[-84.28766629716914,46.95189456879598],[-84.28780379721104,46.95187936878556],[-84.2879333972495,46.951856568774424],[-84.28810879729909,46.95180646875643],[-84.28825399733779,46.951746068738665],[-84.28839129737385,46.951684768721194],[-84.288558897419,46.95161916870133],[-84.28868109745365,46.95158526868896],[-84.28900159754429,46.951493968656116],[-84.28916179759494,46.95149046864614],[-84.28925339762404,46.95149006864071],[-84.28942109767704,46.951486368630206],[-84.28968819776165,46.95148206861381],[-84.28989419783022,46.9515053686052],[-84.29006199788746,46.9515354685999],[-84.29033689798287,46.95159726859312],[-84.29064959809924,46.95173006859487],[-84.29082509816382,46.95179926859511],[-84.290901398193,46.951837568596424],[-84.29110729826817,46.95191376859591],[-84.29113789827882,46.95192076859515],[-84.29126759832066,46.95192486858813],[-84.2913589983488,46.951916668581475],[-84.2914353983755,46.951935768579894],[-84.29154209841238,46.951958568577034],[-84.29171019846987,46.951989768571885],[-84.29197709855357,46.951978668554446],[-84.29214499860643,46.9519738685438],[-84.29226719864452,46.95196696853555],[-84.2923204986596,46.95195196853015],[-84.29246539869806,46.95189036851219],[-84.29253419871661,46.95186366850407],[-84.29322839889711,46.951539968413755],[-84.29335039893735,46.95155106840825],[-84.2936631990447,46.95161176839904],[-84.2938081990948,46.95164246839519],[-84.2940293991696,46.9516766683873],[-84.29414409920952,46.951703668384695],[-84.2942583992522,46.951753268385474],[-84.29436529929113,46.95179186838508],[-84.29447959933702,46.951867268389854],[-84.2945559993672,46.95191346839238],[-84.29461699939333,46.951966868396916],[-84.29462459939955,46.951996968401],[-84.29468569943158,46.95209646841259],[-84.29470849945231,46.95220376842757],[-84.29475439947983,46.95230596844045],[-84.29481549951278,46.95241336845319],[-84.29489179954997,46.952515768464316],[-84.29496789958671,46.95261486847493],[-84.29507479963567,46.95273326848667],[-84.29515119967405,46.95284466849913],[-84.2952883997307,46.95294756850672],[-84.29539519976949,46.95298506850614],[-84.29550219980264,46.95297746849867],[-84.29559349983127,46.9529736684927],[-84.29570039986338,46.95295826848405],[-84.29599799995871,46.95296206846706],[-84.29616580001507,46.95298526846069],[-84.29621930003363,46.9529972684594],[-84.29639460008987,46.95300006844948],[-84.29653210013757,46.95303096844603],[-84.29663880017402,46.95305046844272],[-84.29678390022413,46.953081168438864],[-84.29682190023766,46.95309236843835],[-84.29687540025564,46.95309986843629],[-84.29700510030231,46.95314226843511],[-84.29708150033333,46.95319516843866],[-84.2971653003672,46.953252368442456],[-84.29729500041671,46.953317268444664],[-84.29746290048563,46.95343956845338],[-84.29754690052286,46.95352266846108],[-84.2976612005719,46.95362286846962],[-84.29782910063982,46.953737268477155],[-84.29792830067612,46.95377486847703],[-84.29809620074022,46.95385886847994],[-84.298317400815,46.95389306847205],[-84.29840900084756,46.95391966847071],[-84.29857680090396,46.95394296846437],[-84.298721800954,46.95397356846048],[-84.29885160099917,46.9540036684574],[-84.2989965010468,46.954015168450574],[-84.29911090108706,46.95404566844851],[-84.29930930115408,46.954075868441386],[-84.29956870124445,46.9541370684354],[-84.29966800128003,46.95416796843427],[-84.299812901331,46.95420646843159],[-84.29998080138931,46.95424446842743],[-84.30018670146495,46.954323968427424],[-84.30030120150867,46.95438146842939],[-84.30040790154838,46.95442676843001],[-84.30057580160681,46.95446576842606],[-84.30077430167529,46.954507268420684],[-84.30095720173301,46.95450306840921],[-84.30112520178372,46.95448026839588],[-84.30119380180219,46.9544535683877],[-84.30130070183003,46.95440436837393],[-84.30140750186075,46.95437766836351],[-84.30156770190551,46.954327968346504],[-84.3017432019553,46.95427906832868],[-84.30194160201226,46.95422946830944],[-84.30208650205212,46.95417916829324],[-84.30223920209457,46.95412976827668],[-84.3024909021642,46.95404596824909],[-84.30267400221481,46.953984468228896],[-84.3028878022748,46.95391976820642],[-84.30307840232929,46.953870368187616],[-84.30318530235907,46.953835768176035],[-84.30350560244297,46.95369156813514],[-84.30364300248384,46.95366846812354],[-84.30373470251057,46.95364896811514],[-84.3038260025392,46.953645168109176],[-84.3039711025835,46.95362976809828],[-84.30406260261414,46.95364166809468],[-84.30419230265785,46.95366046808987],[-84.30447460275559,46.953722068082634],[-84.30460440280069,46.95375206807952],[-84.30471120283863,46.953782768077915],[-84.30481800287592,46.95380886807555],[-84.30491720291045,46.953831868073195],[-84.30504690295328,46.953843868067395],[-84.30515370299115,46.95387456806574],[-84.30528350303248,46.95387416805804],[-84.30557340312394,46.953866968039854],[-84.30566490315063,46.95384736803143],[-84.30580220319048,46.953816468018616],[-84.30591670322514,46.953801868009634],[-84.3061074032773,46.95373336798795],[-84.30625240331715,46.95368306797173],[-84.30644310336692,46.95359546794709],[-84.30661860341469,46.95353076792688],[-84.30674830345073,46.95348876791289],[-84.30692390350049,46.953439767895],[-84.30706880353893,46.95337816787707],[-84.30725960359011,46.953301867854194],[-84.30745020364121,46.953225467831295],[-84.30747900364925,46.953215967828164],[-84.3075500036689,46.953192467820394],[-84.30754790365575,46.95309336780541],[-84.30752390350715,46.95197386763622],[-84.30751850347396,46.951724067598484],[-84.307512703438,46.95145296755749],[-84.30736880254769,46.94474346654343],[-84.30712640139063,46.93615976524924],[-84.30710830130438,46.93551966515272],[-84.30695750058493,46.93018006434742],[-84.30684790016167,46.92709056388274],[-84.30646459868113,46.91627916225618],[-84.306424398526,46.915145962085695],[-84.30596589780005,46.91052776140805],[-84.30590139777662,46.91050486140837],[-84.30584819775491,46.91046706140576],[-84.30580999773936,46.91044006140386],[-84.30577179772341,46.9104096614015],[-84.3057334977068,46.91037476139845],[-84.30569539768902,46.91032966139379],[-84.30567259767125,46.910245961382344],[-84.30566489766103,46.91018436137343],[-84.30566479765623,46.91014606136757],[-84.30565719764621,46.91008556135881],[-84.30564199763745,46.91005446135496],[-84.30563439762842,46.91000186134738],[-84.3056342976206,46.90993996133789],[-84.30570309764256,46.90994026133389],[-84.3057946976741,46.90995896133134],[-84.30590139771095,46.90998176132855],[-84.30591189771452,46.90998386132827],[-84.30583539759348,46.909213561215225],[-84.30578569751478,46.9087126611417],[-84.30498189624223,46.90061335995297],[-84.304980796241,46.90060645995197],[-84.3045491957438,46.897738859539665],[-84.3045367957295,46.89765635952778],[-84.30419139533167,46.89536175919785],[-84.3033425943541,46.88972225838676],[-84.30294399389516,46.88707365800578],[-84.302886493829,46.88669195795091],[-84.30281459374618,46.88621395788216],[-84.30334619391573,46.88621635785117],[-84.30516289330846,46.87675515629904],[-84.30537699323689,46.875639756116016],[-84.30631119292461,46.87077235531732],[-84.30631269292392,46.87076305531581],[-84.30865949184529,46.856180252948974],[-84.30866229184396,46.85616245294606],[-84.30692319045615,46.84949405202899],[-84.3066302902225,46.84837115187454],[-84.30486768881647,46.84161285094482],[-84.31343059181577,46.84380605077615],[-84.31317268994998,46.82953654860875],[-84.31307758991717,46.829516348611264],[-84.30380898672172,46.827544648855],[-84.303677486449,46.82569614857989],[-84.30352648613585,46.8235732482639],[-84.30284068471416,46.81393174682856],[-84.30284028471327,46.81392594682768],[-84.30209908406,46.810580146359094],[-84.29935908164597,46.798211544626135],[-84.29927418161813,46.79820514463013],[-84.29786688116978,46.798199544712006],[-84.29733788100127,46.79819744474275],[-84.29728378042,46.79367154405268],[-84.28576957676407,46.79372624473771],[-84.27603377367244,46.793771645316575],[-84.2759160728551,46.78750794436368],[-84.27590677279034,46.78701124428807],[-84.26959647079097,46.7870766446687],[-84.26902297060923,46.78708264470327],[-84.26720487003317,46.78710144481291],[-84.26712736970673,46.78467594444568],[-84.26711296964626,46.784226844377656],[-84.26730906970148,46.784169344357366],[-84.26750756975848,46.78411984433809],[-84.26766016979036,46.783986044308655],[-84.2677974698113,46.78380324427256],[-84.26794226983641,46.78363484423825],[-84.26805686984629,46.78342124419877],[-84.26810266984434,46.78328834417575],[-84.26817886983622,46.78302854413139],[-84.2683543698745,46.78288734409947],[-84.26843826989696,46.78285344408936],[-84.26854506992667,46.78281894407775],[-84.26865196995692,46.78278884406688],[-84.2687204699677,46.782700244049295],[-84.26874336995598,46.78254774402456],[-84.2685451698588,46.78227324399413],[-84.26837726977887,46.782059843971275],[-84.26820176969692,46.781849943949396],[-84.26816356967902,46.7818038439446],[-84.26820936967705,46.78167084392152],[-84.26836206969905,46.78145724387981],[-84.26849156971835,46.78128144384523],[-84.26867476975248,46.78108714380472],[-84.26892646982115,46.78099564377592],[-84.26912486987332,46.7809078437508],[-84.2693918699492,46.78083494372394],[-84.26964387002091,46.78076694369871],[-84.2700023701292,46.78072074367059],[-84.2702618702061,46.78067504364836],[-84.27054407028788,46.78061074362191],[-84.270765270352,46.780560543601275],[-84.27113927046429,46.78050704357107],[-84.2713985705564,46.780584043567686],[-84.27150537060871,46.780731743584],[-84.27165807067354,46.7808623435951],[-84.27174197071153,46.78095334360413],[-84.27189437077375,46.78106374361208],[-84.27211577085617,46.78115974361378],[-84.27223027090058,46.7812239436169],[-84.272413370964,46.78126594361259],[-84.27271107106215,46.78129344359936],[-84.27298557114652,46.781269843579615],[-84.27325257122575,46.781223943556874],[-84.273649371342,46.781143943521336],[-84.27399277144556,46.78109814349415],[-84.2742673715244,46.78102954346749],[-84.27454967160952,46.78099214344518],[-84.27480917169062,46.78098024342811],[-84.27503027176182,46.780987443416265],[-84.27538897186889,46.78093104338656],[-84.27556437191748,46.780873143367366],[-84.27587227200145,46.78076044333204],[-84.275887872357,46.783577843762956],[-84.27614117243661,46.783570143746914],[-84.27661157258446,46.78355584371707],[-84.28550687538039,46.78328564315325],[-84.28594667551859,46.78327224312534],[-84.28589067591196,46.786574643634744],[-84.28588507595154,46.786907043685986],[-84.28637597610704,46.78690184365639],[-84.2873022764005,46.78689214360046],[-84.29720157953628,46.78678774300282],[-84.29719437945836,46.78618074291024],[-84.2971138785933,46.779438941881814],[-84.28601147506241,46.77944144253439],[-84.2811050735019,46.77944224282267],[-84.28078547340027,46.779442342841485],[-84.28079827339626,46.77937754283077],[-84.2808287733913,46.77925964281089],[-84.28084407339092,46.779217542803565],[-84.28087467338838,46.77911884278661],[-84.28092037339198,46.779031042770505],[-84.28098147339581,46.77890544274762],[-84.28105007339425,46.77871784271489],[-84.28114157340245,46.77854984268374],[-84.28114927337704,46.77832574264896],[-84.28117217336377,46.77816074262229],[-84.28117987334731,46.778008642598536],[-84.28117217332822,46.777875042578486],[-84.28118747331081,46.77769574255015],[-84.28112647326668,46.777497242523296],[-84.28111117323714,46.77729854249373],[-84.28110357321667,46.77715364247196],[-84.28105007317363,46.77694474244305],[-84.28099667313533,46.77677304241985],[-84.28091277308818,46.77660894239962],[-84.28081357303715,46.776452042381415],[-84.28065327296098,46.776249642359815],[-84.28053127289611,46.77604054233493],[-84.28053117286952,46.775826742302165],[-84.28061517287722,46.77567364227374],[-84.28074497289994,46.77552474224328],[-84.28092037293732,46.7753768422103],[-84.28104237295949,46.775242842182585],[-84.28117987298705,46.775112942154614],[-84.28133237302228,46.77500614212925],[-84.28142387304517,46.774956242116275],[-84.28172157312856,46.774865642084876],[-84.28191997318213,46.77478904206148],[-84.28217167325039,46.774694042032145],[-84.28236237330627,46.77465594201512],[-84.28269047340349,46.77459814198695],[-84.28295757347375,46.77448024195324],[-84.28308727348936,46.774274041913955],[-84.28320917350626,46.774098341879885],[-84.28330857352468,46.77399204185778],[-84.28346107355691,46.77386164182884],[-84.28367467360869,46.77373174179634],[-84.28385017365605,46.77366374177561],[-84.28406367371777,46.77361374175542],[-84.28419347375282,46.773563841740184],[-84.28429277376883,46.77343834171508],[-84.28436137377777,46.77333514169521],[-84.28446057379037,46.773182641666],[-84.28442237377347,46.77314444166244],[-84.28439187375955,46.77311044165899],[-84.28407147366241,46.77314884168369],[-84.28397997363714,46.77317964169377],[-84.28378907358494,46.77324814171547],[-84.2836440735483,46.77332424173566],[-84.28344587349383,46.773392941757876],[-84.28330077345275,46.7734342417727],[-84.28314067340722,46.77347714178872],[-84.2829270733406,46.77348774180288],[-84.28272097327465,46.773484641814484],[-84.28252247320383,46.77342284181666],[-84.28236997314633,46.77335074181459],[-84.28210297305243,46.77327854181917],[-84.28188167297824,46.77324774182745],[-84.28171397292527,46.773250941837766],[-84.281652872906,46.77325204184154],[-84.28146957285382,46.773301241859826],[-84.28130187280567,46.77334314187614],[-84.28105777274419,46.773472741910325],[-84.2808441726843,46.77353744193278],[-84.28071867265085,46.77358964194818],[-84.28057707261313,46.77364854196552],[-84.28025657252356,46.77374774199951],[-84.28005817246901,46.77381644202169],[-84.27972247237028,46.77388124205135],[-84.2795856723305,46.77391124206397],[-84.27935627226375,46.77396144208517],[-84.2789976721611,46.77405274212021],[-84.27857047203851,46.77415954216163],[-84.2781125719037,46.77424684220195],[-84.27779237181333,46.77433934223492],[-84.27740307170839,46.77449114228106],[-84.27706737161303,46.77458284231482],[-84.27681557154195,46.774655342340694],[-84.27652567145597,46.77470524236539],[-84.27628957139184,46.77479344239278],[-84.27609837133988,46.77486484241492],[-84.27587717127676,46.77492294243686],[-84.27522847108645,46.7750518424947],[-84.27497367101076,46.77509484251626],[-84.27490817099131,46.77510594252178],[-84.27464887091257,46.775135942541596],[-84.27389337068458,46.77523514260119],[-84.27374247064024,46.77526464261455],[-84.2734815705636,46.77531564263768],[-84.27283297037584,46.77546464269861],[-84.27258127030477,46.77553714272448],[-84.27233707024223,46.775658842757515],[-84.27206997017294,46.775784642792466],[-84.27177237010002,46.775959642836774],[-84.27157407005079,46.776071042865475],[-84.27129176998035,46.77622654290589],[-84.2711098699383,46.77635344293602],[-84.27097896990796,46.776444742957715],[-84.27079276986682,46.77658994299091],[-84.27031416960233,46.77568744288065],[-84.27023956956111,46.77554684286346],[-84.27020606954262,46.77548364285574],[-84.27008686947673,46.77525884282827],[-84.27114866975212,46.77475754268908],[-84.27167216988788,46.774510342620445],[-84.27307487025173,46.77384814243655],[-84.27299617020591,46.7736811424156],[-84.27313567024417,46.773631942399824],[-84.27327837028403,46.77358724238461],[-84.27342377032528,46.7735470423699],[-84.27357187036796,46.773511542355756],[-84.27372207041192,46.77348074234222],[-84.27387427045709,46.77345474232931],[-84.27402797050335,46.77343364231707],[-84.27418297055064,46.773417342305436],[-84.27448597072694,46.77406014238618],[-84.2746211708056,46.77434704242229],[-84.27628157126753,46.773814742243154],[-84.2762743711544,46.77292334210691],[-84.27627367114427,46.77284354209474],[-84.2762742711327,46.77274934208023],[-84.27627607110006,46.77248214203916],[-84.28584017413546,46.772429441469534],[-84.2859934741841,46.77242864146041],[-84.28613007422747,46.77242794145231],[-84.28771377473001,46.77241904135792],[-84.28791317479333,46.77241794134601],[-84.2956535772496,46.77237464088481],[-84.29613777740325,46.772371940855905],[-84.29702937768617,46.772366940802776],[-84.29703067764783,46.772055340754946],[-84.29703637747944,46.770687840544966],[-84.29705577690807,46.7660457398321],[-84.29705657688324,46.76584383980111],[-84.29706027677439,46.76495903966523],[-84.29675747667734,46.764953339682116],[-84.29267387536925,46.76487663991019],[-84.28625977331454,46.76475604026833],[-84.28504237293276,46.764799540346495],[-84.28467247281684,46.764812740370175],[-84.27606017011607,46.76512044092294],[-84.27612237015474,46.7652724409426],[-84.27615197019068,46.76548574097357],[-84.27654707067033,46.768333141387046],[-84.27654837067642,46.768378841393975],[-84.27648197065545,46.76837984139802],[-84.27634697060421,46.768313041395764],[-84.2606800657131,46.769054142428836],[-84.26067936571,46.7690312424254],[-84.26076636665357,46.77639904355015],[-84.26073316664305,46.77639954355218],[-84.25637446524108,46.77627584378897],[-84.25636976517247,46.77573614370648],[-84.25656646523204,46.775712043691236],[-84.25680286529915,46.775646843667374],[-84.25697076533505,46.7755059436359],[-84.25709286533402,46.77518514357955],[-84.25717686533096,46.7749454435379],[-84.25726076532392,46.77467414349137],[-84.25729126531377,46.774514643465125],[-84.2572987653005,46.77438844344532],[-84.25729886529476,46.77434224343824],[-84.25742076529845,46.77405984338778],[-84.25739036526747,46.77388854336326],[-84.25735996523511,46.77370604333706],[-84.25729126518847,46.77350664331053],[-84.25722256515205,46.773389343296586],[-84.25718446513281,46.77333194329002],[-84.25714626511154,46.77325874328099],[-84.2571691651014,46.773118643258194],[-84.25722256510701,46.773027043241015],[-84.25730646513075,46.77300334323249],[-84.25750476519343,46.77299994322029],[-84.25759646522253,46.772999543214866],[-84.25765746523909,46.772976443207725],[-84.25765746523768,46.77296514320601],[-84.25764986522775,46.77290464319716],[-84.257520165157,46.77266754316841],[-84.25744386511428,46.77251904315009],[-84.25743616510987,46.77250344314816],[-84.25735986507051,46.772381943134015],[-84.25714636499073,46.77228674313192],[-84.25691726489843,46.7721301431214],[-84.25675716482328,46.771935543100895],[-84.25664276474996,46.77163844306209],[-84.25659696469029,46.771275243009036],[-84.256543564643,46.7710315429748],[-84.25652056458964,46.77066094291932],[-84.25647476456375,46.77056994290804],[-84.25639076451324,46.77037884288368],[-84.25625356444591,46.77018814286246],[-84.25613906439999,46.77011154285743],[-84.25589496431519,46.770054342863],[-84.25576536427221,46.77004004286839],[-84.2555591642061,46.77003584287987],[-84.25529216412588,46.770073742901346],[-84.25505576405543,46.77011204292106],[-84.25481156398867,46.77019994294891],[-84.25457506392236,46.7702719429738],[-84.2542545638319,46.77036434300681],[-84.25410196378432,46.77037204301691],[-84.25373586366118,46.77031834303013],[-84.253499363576,46.77023844303181],[-84.25310246343827,46.770146243040905],[-84.25282786334816,46.77012364305358],[-84.2526447632904,46.77012774306491],[-84.25243106323084,46.770195743087875],[-84.25225556318458,46.77027274311001],[-84.25218686317261,46.770352243126204],[-84.25201156313636,46.7705091431606],[-84.25184046310979,46.770733543205026],[-84.2518384629012,46.76905994294845],[-84.24733416145611,46.76896204319761],[-84.24668826124888,46.76894794323335],[-84.24655196082642,46.7658962427732],[-84.24644276079195,46.765898342779955],[-84.23520005724255,46.76611804347288],[-84.23508315702966,46.76470314326267],[-84.23506495699652,46.76448294322995],[-84.23461615617953,46.759051542422824],[-84.23458925613062,46.75872614237445],[-84.23418025538632,46.753776341638776],[-84.23417165537056,46.753671441623204],[-84.23412065527776,46.75305454153149],[-84.23406385517447,46.75236734142932],[-84.23403765512685,46.75205054138223],[-84.23471515534078,46.75203774134058],[-84.23485515538496,46.75203514133195],[-84.23606645576749,46.752012441257506],[-84.23856075655506,46.75196554110413],[-84.2401075570435,46.75193644100899],[-84.24500745859063,46.7518442407076],[-84.26605486519574,46.75112783936343],[-84.26602866508559,46.75030773923912],[-84.26598586490573,46.74896863903613],[-84.26594896489618,46.74898623904097],[-84.26597146484544,46.748519738968106],[-84.2659220646378,46.74697403873379],[-84.26588746449221,46.74588953856938],[-84.26582976424989,46.744085138295794],[-84.26571716377683,46.7405611377615],[-84.26563026341184,46.73784183734914],[-84.2655908632463,46.73660883716213],[-84.26556696314591,46.735860637048695],[-84.26556286312855,46.73573133702906],[-84.26549386283908,46.733574236701934],[-84.26547526276086,46.732990936613454],[-84.25950516087127,46.73306103697422],[-84.25482635939031,46.73311593725692],[-84.25487065982963,46.7365454377809],[-84.25487305985389,46.73673463780984],[-84.25248825909897,46.73676243795388],[-84.25209685897505,46.736766937977485],[-84.24525465680905,46.73684663839074],[-84.24415855646205,46.73685933845688],[-84.23782055445541,46.73693253883953],[-84.23450925340703,46.73697083903937],[-84.23359675311814,46.73698133909448],[-84.23385285413733,46.744545940241004],[-84.22404545103883,46.744716440841756],[-84.2239588506922,46.7421424404516],[-84.22390595004963,46.73709243967912],[-84.22390285001137,46.73679163963311],[-84.223765149638,46.734131339232576],[-84.22372544933292,46.731770238872244],[-84.22371764927226,46.73130103880063],[-84.22369424909272,46.729911038588455],[-84.22369434907382,46.72975813856497],[-84.22410614920398,46.729751538539844],[-84.23287865198604,46.729687938016305],[-84.23334975213547,46.72968453798823],[-84.23643565311401,46.729661837804],[-84.23971625415433,46.729637737608115],[-84.24493105580788,46.729599437296685],[-84.24488505566563,46.72856963714123],[-84.24460525479992,46.722299536194484],[-84.24428535381072,46.715132735112064],[-84.24428135379827,46.71504233509838],[-84.24120685282169,46.715050235279676],[-84.2334592503607,46.715069635736285],[-84.23339984987759,46.71131823516321],[-84.2333969498542,46.71113693513551],[-84.23334724944998,46.70799713465582],[-84.22775284768231,46.708086934997084],[-84.2274724475937,46.708091435014175],[-84.22319674624264,46.708159835274955],[-84.22319434622892,46.708055235258975],[-84.22317764613003,46.70729853514367],[-84.22317054608837,46.70697953509499],[-84.22316944608201,46.7069310350876],[-84.22316044602879,46.7065241350256],[-84.22315474599512,46.70626633498632],[-84.22315304598604,46.706197134975746],[-84.2231377459024,46.70556043487878],[-84.22313004586005,46.705237334829555],[-84.2231017457052,46.70405773464985],[-84.22308234559907,46.7032496345267],[-84.2229853450691,46.699211733911525],[-84.21369334211856,46.69924333445995],[-84.2136775419852,46.69820443430106],[-84.21367944116083,46.69152663327385],[-84.22125584356307,46.69147393282262],[-84.22244604394044,46.691465632751736],[-84.22349424427279,46.69145833268931],[-84.22359034430326,46.69145763268358],[-84.22361954437217,46.69194053275611],[-84.22405744540728,46.69919013384544],[-84.2280718466939,46.69927333362337],[-84.22891024696261,46.69929063357693],[-84.22881734674324,46.697755233346314],[-84.22876634662279,46.69691193321962],[-84.22848744596443,46.692302332526985],[-84.23345614753661,46.692242832227166],[-84.2381322490161,46.69218663194487],[-84.2425768504223,46.6921330316765],[-84.24322915062868,46.692125131637084],[-84.24357525161923,46.69924653271186],[-84.2435841516449,46.6994309327397],[-84.24358845165709,46.69951853275289],[-84.24358905165866,46.69953013275464],[-84.24359055166293,46.699560832759296],[-84.2468445526962,46.699551432567326],[-84.25375085488909,46.69953153215989],[-84.25377865489791,46.69953153215827],[-84.25380295490557,46.69953143215682],[-84.25396445495691,46.699530932147276],[-84.25456235514673,46.699529232112035],[-84.25518825534544,46.69952733207506],[-84.25535225539748,46.69952683206536],[-84.25565105549236,46.69952603204773],[-84.26229625760213,46.69950623165552],[-84.26190285508207,46.68013992870072],[-84.26001585443167,46.67972932874801],[-84.25995355441377,46.67974492875405],[-84.25985445438651,46.67977922876511],[-84.25972465435147,46.67982902878035],[-84.25967135433459,46.679829428783584],[-84.25957985430217,46.67980282878483],[-84.25954165428632,46.679772428782385],[-84.25948045426541,46.67976062878416],[-84.25942705425084,46.679780128790306],[-84.2593737542348,46.6797873287945],[-84.25932025421865,46.67979442879873],[-84.25925165419783,46.67980202880392],[-84.25921355418343,46.67978402880337],[-84.25918285417035,46.67975672880096],[-84.25915235415586,46.67971822879685],[-84.25912945414063,46.679653628788245],[-84.25913725413557,46.67959262877842],[-84.25910665412344,46.67957322877721],[-84.25906855410898,46.67955412877653],[-84.25899215408425,46.67955062878048],[-84.25887785404653,46.67953932878538],[-84.2587937540222,46.679558528793244],[-84.25873285400573,46.67958172880044],[-84.2587023539993,46.6796084288063],[-84.25870995401058,46.67968022881689],[-84.25872515402024,46.67971912882198],[-84.25873275402681,46.6797527288267],[-84.25877095404701,46.6798179288345],[-84.25880915406708,46.679882128842124],[-84.2587938540623,46.67988252884314],[-84.25869465404014,46.679958528860595],[-84.25855735399283,46.67992872886406],[-84.25854205398706,46.679921228863826],[-84.2585038539734,46.67990882886416],[-84.25845045395742,46.679917128868546],[-84.25839695393897,46.6799051288698],[-84.25837415392846,46.67987882886713],[-84.2583131539076,46.679867028868856],[-84.25826745389645,46.67989422887575],[-84.25822915388842,46.67992792888314],[-84.25819865388024,46.679940028886776],[-84.2581604538699,46.6799546288913],[-84.25809955385243,46.67996982889721],[-84.25803085383309,46.67998982890425],[-84.25799265382274,46.68000442890878],[-84.25796225381734,46.68003902891588],[-84.25794705382145,46.68011142892787],[-84.25794685382614,46.680149728933806],[-84.25790105381576,46.6801836289417],[-84.25782495379255,46.68019142894734],[-84.25774105376688,46.68019942895347],[-84.2576799537484,46.680206828958184],[-84.25759595372449,46.680229528966606],[-84.25748165369342,46.68027212897987],[-84.25735945365972,46.68031382899343],[-84.25719925361301,46.68034762900799],[-84.25710775358775,46.680378429018084],[-84.25701615356517,46.68043162903166],[-84.2568635535285,46.68052712905525],[-84.25674135350482,46.680649829081304],[-84.25667285349388,46.68073732909878],[-84.25658115348453,46.68089742912873],[-84.25641345345767,46.6811114291715],[-84.2562761534339,46.68127172920419],[-84.25612345340551,46.68143472923819],[-84.25594785337044,46.68160282927432],[-84.25581065334012,46.68171022929886],[-84.25563525330045,46.681840129329096],[-84.25543685326558,46.682068529375876],[-84.25534525325158,46.682190429399995],[-84.25525365324695,46.68238872943583],[-84.25520785325216,46.68254872946312],[-84.25516215325088,46.68265572948225],[-84.25506305323267,46.682763229504594],[-84.25497905321531,46.682838729521116],[-84.25485705319072,46.682953529545905],[-84.25475775317568,46.683086929572276],[-84.25459755314739,46.68327032960985],[-84.25439145310268,46.68343822964774],[-84.25415515306342,46.68372842970621],[-84.25388795301657,46.68403642976922],[-84.25363625294709,46.68412122979698],[-84.25349125290843,46.68418162981475],[-84.25331585286123,46.68425072983565],[-84.25307915279397,46.68431482985942],[-84.25288085272912,46.68430022986872],[-84.25271305267432,46.684288129876684],[-84.25232385254402,46.68423502989131],[-84.25224765251748,46.684215829892814],[-84.25221715250551,46.6841976298918],[-84.25217135248704,46.684166229889655],[-84.25215605247895,46.68413972988648],[-84.25214835247414,46.68412082988403],[-84.25211785245887,46.68407552987884],[-84.25209485244719,46.684040229874775],[-84.25208745244248,46.684021329872245],[-84.25205695242721,46.68397602986711],[-84.25202635241175,46.683929629861744],[-84.25197295238912,46.68388392985785],[-84.2516218522507,46.683666629845014],[-84.25136245214746,46.68349852983428],[-84.25073685189498,46.68306402980408],[-84.25046985179134,46.68291192979634],[-84.25032485173152,46.682801229787806],[-84.2416635482352,46.67678102936848],[-84.23951284757788,46.67699332952695],[-84.23970624747237,46.6756411293076],[-84.24742944992238,46.675605328850246],[-84.24704754976514,46.67531462882788],[-84.24631114931888,46.67359592860648],[-84.24514074880456,46.67244272849754],[-84.24412704827711,46.670780228301005],[-84.24405234818096,46.6701935282151],[-84.24379014795595,46.669045628053766],[-84.24163584725207,46.6688897281558],[-84.24163524724908,46.668866828152275],[-84.24132454667095,46.66498242757259],[-84.25149664984929,46.664545826910384],[-84.25154114943507,46.66107502637361],[-84.25146174940761,46.661057126375475],[-84.25143114939883,46.66106472637842],[-84.25139294939001,46.661091626384824],[-84.25137774938752,46.66111012638857],[-84.251362449386,46.66113752639366],[-84.25133954937967,46.66114492639614],[-84.25129394936616,46.66115302640006],[-84.25128604936351,46.66115212640041],[-84.25125554935242,46.66114052640036],[-84.25123284934433,46.66113332640061],[-84.25120994933557,46.66112162640014],[-84.25114124931233,46.661110026402376],[-84.25112604930659,46.66110262640212],[-84.25108774929207,46.6610834264014],[-84.25104204927517,46.66106452640117],[-84.25098864925594,46.661045826401434],[-84.25095044924379,46.661045726403614],[-84.25089714922302,46.66101462640195],[-84.2508513492043,46.66098102639946],[-84.25079794918113,46.66093082639487],[-84.25075974916481,46.66089702639192],[-84.25067584911653,46.660721626369785],[-84.25066054909607,46.6605950263512],[-84.25063784907903,46.66051572634034],[-84.25063004906521,46.66042372632666],[-84.25059944903671,46.660271626305],[-84.25046224899499,46.660286726315384],[-84.25042414898388,46.660294526318815],[-84.25030184895901,46.66040832634348],[-84.25032484896734,46.66041662634341],[-84.25035534897849,46.66042812634337],[-84.25036304898407,46.66045382634692],[-84.25037834899476,46.660500626353226],[-84.2503706489945,46.660518826356466],[-84.25036314899648,46.6605539263623],[-84.25030964898137,46.6605689263677],[-84.25027914897396,46.66058782637245],[-84.25024094896182,46.66058782637468],[-84.25021034895303,46.66059542637764],[-84.25014944893556,46.66061062638349],[-84.2500271488995,46.66063322639414],[-84.25000444889476,46.66065302639855],[-84.24995094888097,46.660679326405706],[-84.24990524886842,46.66069522641082],[-84.24986704885946,46.66072102641706],[-84.24981364885002,46.66078222642958],[-84.24972964883325,46.660862226446774],[-84.2496611488181,46.66091592645908],[-84.249592348808,46.66101122647779],[-84.24953904880002,46.661083626491994],[-84.24949314879056,46.66112542650114],[-84.249493248792,46.66113672650285],[-84.24943984877785,46.66115962650953],[-84.24938654876333,46.66117912651568],[-84.24936354875457,46.661167326515155],[-84.2493253487416,46.661160626516384],[-84.24931014873529,46.6611486265154],[-84.24928724872716,46.66114142651568],[-84.24927184871841,46.66111032651178],[-84.2492719487119,46.66105742650362],[-84.24913464865223,46.660927526491655],[-84.24912704864552,46.660892826486744],[-84.249104148636,46.66087432648523],[-84.24907364862158,46.660835826481126],[-84.2490432486077,46.66080182647763],[-84.24901264859226,46.66075542647232],[-84.248982148577,46.660710226467174],[-84.2489590485625,46.660652326459584],[-84.24892854854765,46.66061042645489],[-84.248898248531,46.66055392644799],[-84.24889804852762,46.660526926443865],[-84.24889814852672,46.6605191264426],[-84.24892104853306,46.66051172644018],[-84.24897434854756,46.66049212643401],[-84.2490124485611,46.66050342643354],[-84.24905064857758,46.660538426436666],[-84.24908114858864,46.66054992643669],[-84.24910404859915,46.6605762264394],[-84.24911944860551,46.66058812644029],[-84.24916514862421,46.66062172644284],[-84.24919564863531,46.66063322644278],[-84.24924134865216,46.66065222644305],[-84.24927194866429,46.66067162644423],[-84.24934824869088,46.66069082644271],[-84.24935584869424,46.66069842644344],[-84.24942444871651,46.660702126440036],[-84.24947794873498,46.660714126438734],[-84.24940174870036,46.660629626430165],[-84.24938634869316,46.66061092642819],[-84.24936354868115,46.660572226423554],[-84.24934064866864,46.66053012641843],[-84.24930244864862,46.66046592641078],[-84.24929484864387,46.66044702640835],[-84.24927954863571,46.66042052640512],[-84.2492796486334,46.660401326402166],[-84.24930254863071,46.66032082638846],[-84.24919564859532,46.660309226392926],[-84.24917264858658,46.66029752639246],[-84.2491040485639,46.66029052639542],[-84.24906594855041,46.66027922639585],[-84.24904314854074,46.66025962639421],[-84.24896674851172,46.66022122639277],[-84.24892864849409,46.66017622638808],[-84.24890574848342,46.660148726385174],[-84.24887514846908,46.66011132638123],[-84.24886764846475,46.66009582637927],[-84.24885224845757,46.6600771263773],[-84.24884474844856,46.66002332636945],[-84.2488294484399,46.65999232636553],[-84.24882184843334,46.65995872636083],[-84.24876084840264,46.65986712635025],[-84.24875304838879,46.659775026336575],[-84.24873784837834,46.65972942633045],[-84.24871494836208,46.659656926320636],[-84.24868454834493,46.65959592631299],[-84.24864644833043,46.659576726312274],[-84.24859284831204,46.65956582631374],[-84.24855484829862,46.65955452631424],[-84.24847844827434,46.6595545263187],[-84.24844794826323,46.65954302631868],[-84.24840224824634,46.65952402631847],[-84.24838684824039,46.65951542631804],[-84.24836404823091,46.659497026316515],[-84.24834884822377,46.659478326314506],[-84.24832594821308,46.65945082631163],[-84.24830294820252,46.659424526308946],[-84.24827234818707,46.65937812630361],[-84.24826484817682,46.659314226294214],[-84.24824194816613,46.65928672629129],[-84.24823424815624,46.65922622628247],[-84.24821914814679,46.65918832627752],[-84.24819614813471,46.6591496262729],[-84.24817334812087,46.65909632626598],[-84.24815044810794,46.65905082626032],[-84.2481274480917,46.658978326250505],[-84.24808944807062,46.6589051262415],[-84.24806654805535,46.65884052623286],[-84.24804354804147,46.658787226226],[-84.24798244800743,46.65866852621133],[-84.2479291479693,46.658496826188006],[-84.24786054791748,46.65825352615455],[-84.24785284790704,46.658188526145],[-84.24786804790622,46.658143026137104],[-84.2478604478986,46.65810052613097],[-84.24786054789293,46.65805442612392],[-84.24787574789214,46.65800892611603],[-84.2478910478881,46.65793652610396],[-84.24788334787662,46.65786362609318],[-84.2478985478749,46.65781032608409],[-84.24789864786837,46.657757426075975],[-84.24791374786565,46.65769622606568],[-84.24793674786302,46.657615726051894],[-84.24796724786148,46.65752482603615],[-84.24800554786384,46.657445026021605],[-84.24802824786111,46.65736452600791],[-84.24809694787116,46.657269125989174],[-84.24813514787665,46.65721522597864],[-84.24818844788936,46.657181025970296],[-84.24823444789602,46.65711672595769],[-84.24830304791026,46.657055125944204],[-84.24835634792296,46.6570210259358],[-84.24846324795169,46.656978625923024],[-84.2485394479751,46.65697192591758],[-84.24862334800216,46.65697522591317],[-84.2486615480143,46.65697522591095],[-84.24877594805105,46.656978725904786],[-84.24875314803013,46.65686802588907],[-84.24876064802739,46.65682612588215],[-84.24876084801856,46.65675412587105],[-84.24875314800904,46.65669702586272],[-84.24873794799905,46.656654725857095],[-84.24873034799526,46.65664362585584],[-84.24870744798234,46.65659812585016],[-84.24867694796833,46.65656302584656],[-84.24861594794194,46.656506225841405],[-84.24853944790877,46.65643422583479],[-84.24845554787406,46.65636902582961],[-84.24836404783882,46.65631882582727],[-84.24828784780902,46.65627372582476],[-84.24820384777662,46.65622772582257],[-84.24811984774621,46.656197525822876],[-84.24802074770993,46.6561586258227],[-84.24796724768967,46.65613202582173],[-84.24792154767144,46.65610182581971],[-84.24786814764784,46.65604822581459],[-84.24780714762284,46.65600272581115],[-84.247769047607,46.65597232580874],[-84.24774614759554,46.6559381258048],[-84.2477308475882,46.655918325802624],[-84.24770784757861,46.655899825801114],[-84.24770784757764,46.65589192579993],[-84.24763164754539,46.65582662579434],[-84.24760114753896,46.6558533258002],[-84.2475781475327,46.65586182580289],[-84.24755534752636,46.65586922580531],[-84.24750194750797,46.65585732580666],[-84.24746374749346,46.65583812580595],[-84.24742564747812,46.65581222580415],[-84.2474104474709,46.655792425801984],[-84.24740274746608,46.655773425799495],[-84.24737984745128,46.65571222579146],[-84.2473733474482,46.65570432579061],[-84.24259274594259,46.65581232608683],[-84.24191564572938,46.65582762612875],[-84.2414175455725,46.65583892615957],[-84.24108874456458,46.648511725050575],[-84.24149374469214,46.64850252502547],[-84.24966144726422,46.64831762451941],[-84.25078044761653,46.64829232445013],[-84.25141594781662,46.64827792441075],[-84.25142834785456,46.648553524452424],[-84.25146904797886,46.649456724589164],[-84.25149704806446,46.650078324683214],[-84.25152284807032,46.6500593246788],[-84.25154564806994,46.649997924668],[-84.25162194808105,46.64989112464706],[-84.25166014808808,46.64984952463845],[-84.25171354809939,46.64980412462837],[-84.2517591481086,46.64976122461905],[-84.25178984810947,46.64968942460618],[-84.25180504810108,46.64958212458881],[-84.25185084810578,46.649502124573814],[-84.25187374810842,46.649464324566665],[-84.25190414811514,46.64944092456126],[-84.25192704812252,46.64944142455998],[-84.25201094814916,46.6494413245551],[-84.25207214817088,46.64945982455432],[-84.25213304819499,46.64949852455672],[-84.25220184822398,46.6495562245616],[-84.25223224824909,46.649681424579114],[-84.2522551482643,46.6497460245877],[-84.25230104828884,46.64982682459749],[-84.25235434831046,46.64986462460015],[-84.2524306483404,46.64991082460279],[-84.25246124835806,46.649975224610955],[-84.2524763483671,46.650009724615366],[-84.2524839483742,46.65004772462079],[-84.25249934838708,46.6501125246299],[-84.25250694838809,46.65010102462764],[-84.25259084841375,46.650093024621526],[-84.25264414843116,46.65009712461905],[-84.25272834846123,46.65012402461825],[-84.25281974849734,46.6501810246217],[-84.25299524856338,46.65026492462433],[-84.25304874858661,46.65031512462891],[-84.25310214860924,46.65036092463286],[-84.25311724862617,46.65045942464711],[-84.25310204863125,46.650539724660405],[-84.253094448643,46.650654724678525],[-84.25310204865428,46.65072652468917],[-84.25314024867448,46.650791824697],[-84.25321654870815,46.65086842470432],[-84.25325454872579,46.65091342470903],[-84.25329274874127,46.65094052471093],[-84.25333854876143,46.65098642471536],[-84.253384248775,46.650978424711404],[-84.25339204877744,46.650978124710946],[-84.25343774878444,46.650917224698915],[-84.25348354878358,46.650792124676926],[-84.25350634878978,46.6507836246743],[-84.25359044881563,46.6507767246683],[-84.25370484885242,46.65078022466215],[-84.25381154888437,46.65076482465353],[-84.25388794890533,46.65073792464497],[-84.25395644892615,46.65073032463978],[-84.25397954893593,46.65074992464142],[-84.25404054896191,46.65080332464607],[-84.25407864897775,46.65083372464856],[-84.25410924898986,46.65085312464972],[-84.2542007490114,46.65079202463498],[-84.25425414901848,46.65071172461948],[-84.25432284903367,46.6506580246072],[-84.2543686490464,46.650643224602234],[-84.25442964906807,46.65066172460152],[-84.25452124909862,46.650673724598036],[-84.25455934910974,46.65066592459462],[-84.25462794912396,46.65060432458108],[-84.25469664913456,46.65051352456308],[-84.25476534914787,46.65044402454837],[-84.25481864916058,46.650409924539986],[-84.25487214917666,46.650402724535795],[-84.25494084919657,46.6503873245294],[-84.25497904920871,46.65038732452717],[-84.25503994922951,46.65039912452542],[-84.25512404925861,46.65041812452342],[-84.25513144926325,46.650437024525885],[-84.2551467492714,46.65046352452905],[-84.25506284924894,46.65049742453921],[-84.25500194923245,46.65052052454634],[-84.2549332492172,46.65057422455858],[-84.25492554922037,46.650619524566025],[-84.25494094923285,46.65068092457456],[-84.25494844924323,46.65074592458414],[-84.25497144925947,46.65081842459394],[-84.25497884927167,46.650898124605796],[-84.25497894927742,46.650944224612914],[-84.25496364927673,46.65097842461901],[-84.2549103492632,46.651005824626395],[-84.25484154924546,46.65103922463557],[-84.25476534922461,46.65106622464416],[-84.25469664920462,46.651081624650566],[-84.25464324918957,46.65109662465601],[-84.25460504917743,46.651096624658244],[-84.2545516491548,46.651050924654335],[-84.25450594913698,46.651024024652855],[-84.25443734911612,46.651031624658046],[-84.25436864909622,46.65104712466445],[-84.25429234907628,46.65108192467425],[-84.25429984908277,46.651115424679006],[-84.25432274909814,46.65118112468777],[-84.25433804910962,46.651234724695136],[-84.2542998491097,46.65133372471259],[-84.25432274912588,46.65140612472242],[-84.25435334914216,46.6514593247288],[-84.25441434916856,46.65151602473396],[-84.25445244918633,46.65156222473884],[-84.2544982492056,46.651600324742],[-84.25455174922591,46.651626924742985],[-84.2546126492467,46.65163862474123],[-84.25466604926594,46.65165742474103],[-84.2547272492878,46.65167702474045],[-84.25478054930807,46.65170362474144],[-84.25478834931855,46.65176862475099],[-84.25475004931289,46.65182152476138],[-84.25468144929873,46.65188312477487],[-84.25459744928187,46.65196312479208],[-84.25454394927087,46.652011924802714],[-84.2544982492686,46.652111024820655],[-84.25446774926888,46.65219182483491],[-84.25446784927693,46.652257024844936],[-84.25446014928106,46.65231012485356],[-84.25447534929015,46.65234462485794],[-84.25446774929566,46.652408924868304],[-84.25445254929741,46.6524622248774],[-84.25445244930305,46.6525084248845],[-84.25443714930242,46.65254252489069],[-84.25444494931625,46.65263462490437],[-84.25441444931307,46.65268722491427],[-84.25441424931394,46.652695124915525],[-84.25440684931263,46.6527032249172],[-84.25437624930385,46.65271082492016],[-84.25435334929787,46.652721624923146],[-84.25432284928914,46.6527292249261],[-84.25426934927319,46.652737524930494],[-84.25424664926447,46.652725724930015],[-84.25420844925233,46.65272572493227],[-84.25418544924261,46.65270612493056],[-84.2541702492369,46.65269862493031],[-84.2541396492273,46.652699524932274],[-84.25413194922332,46.652687424930825],[-84.25412444921349,46.65262682492194],[-84.25407114918384,46.6525237249092],[-84.25407874917971,46.652470624900566],[-84.25407094916625,46.65238202488735],[-84.25404064914967,46.65232552488045],[-84.2540328491439,46.65229872487679],[-84.25401774913819,46.652291224876535],[-84.25401004913422,46.65227912487509],[-84.25397944912778,46.65230582488101],[-84.25394894912142,46.652332624886924],[-84.25393374912318,46.652385924895995],[-84.25393364912742,46.652420824901384],[-84.25394904913799,46.652466424907544],[-84.25395664914606,46.65251232491413],[-84.25395654915073,46.65255062492],[-84.25394894915252,46.6525846249257],[-84.25394144915433,46.65261852493136],[-84.25387264913812,46.65266442494244],[-84.25384204912837,46.65266412494422],[-84.25383454912695,46.65267222494585],[-84.25378884911245,46.65267242494862],[-84.25376574910607,46.65267982495104],[-84.25373534909637,46.65267952495284],[-84.25371254909017,46.65268812495549],[-84.25368944908276,46.65268762495677],[-84.25367434907885,46.65269482495873],[-84.25364374906923,46.65269562496066],[-84.25362084906193,46.65269522496196],[-84.25359034905314,46.65270282496485],[-84.25356754904449,46.652691124964434],[-84.25354444903806,46.65269852496688],[-84.25349874902356,46.65269862496959],[-84.25347594901737,46.65270722497225],[-84.25343784900666,46.65271842497619],[-84.25340734899885,46.65273392498035],[-84.25338444899486,46.652760424985814],[-84.25336914899087,46.65276762498778],[-84.25335374898921,46.65279392499274],[-84.25335374899255,46.65282092499689],[-84.25335384899732,46.65285912500277],[-84.25333864899572,46.65288542500771],[-84.25332324899283,46.65290162501111],[-84.25328504898152,46.6529083250144],[-84.25326994897583,46.65290092501414],[-84.25321654895654,46.652882225014366],[-84.25319354894779,46.652870525013924],[-84.25315554893389,46.65285582501385],[-84.2531174489204,46.652844525014345],[-84.25307924890826,46.65284452501659],[-84.25304104889695,46.652851225019845],[-84.25298754888337,46.65287862502719],[-84.2529570488756,46.652894125031395],[-84.25292654887,46.652927625038316],[-84.25292654887332,46.65295462504244],[-84.25292664887907,46.65300072504955],[-84.25294954888957,46.65302702505227],[-84.25298764890402,46.653046225053004],[-84.25301054891513,46.65307702505639],[-84.25304864892806,46.653083825055205],[-84.2530792489392,46.65309532505519],[-84.25311734895365,46.65311452505595],[-84.25317834897547,46.65313412505536],[-84.25320114898598,46.65316052505812],[-84.25320134898936,46.65318752506227],[-84.25318594898772,46.653213825067205],[-84.25316304898374,46.65324032507261],[-84.25313264897832,46.6532749250797],[-84.25311734897585,46.65329452508365],[-84.25311744897826,46.65331362508656],[-84.25311744898244,46.65334742509179],[-84.2531019489831,46.653392825099665],[-84.25310214898654,46.6534198251038],[-84.2531020489908,46.65345472510919],[-84.25307924899013,46.65350822511879],[-84.25306404899423,46.65358072513083],[-84.25309444903155,46.65380482516354],[-84.2530867490423,46.653911925180516],[-84.25312504906726,46.65401542519417],[-84.25317844909738,46.654121925207455],[-84.25342244923233,46.654587525264844],[-84.25350644927923,46.6547516252852],[-84.25363604934303,46.65493472530584],[-84.25378884941084,46.655091225320994],[-84.25397184948874,46.65525142533493],[-84.25418534957487,46.65539942534525],[-84.25444134967401,46.65554402535253],[-84.25458844972034,46.65554072534342],[-84.2547404497682,46.65553722533398],[-84.26227445214059,46.65536592486684],[-84.2623294521578,46.655364224863376],[-84.26252195221825,46.655358124851155],[-84.26346565251433,46.65532812479135],[-84.26356075254417,46.6553250247853],[-84.26533085309953,46.65526872467308],[-84.26656155348564,46.655229524595036],[-84.26698885361974,46.65521592456792],[-84.27227455527802,46.6550475242327],[-84.27257205537133,46.65503802421378],[-84.27252075523556,46.65407012406782],[-84.27245115505119,46.652755623869574],[-84.2722773545912,46.649475723374835],[-84.27221445456705,46.649441823373294],[-84.27209995452456,46.649392223372345],[-84.27183295444249,46.6494145233914],[-84.2715276543677,46.64959422343694],[-84.27115395427018,46.649765823485204],[-84.27090965421091,46.64991452352241],[-84.27074945417367,46.65002492354874],[-84.27057405412967,46.65011992357364],[-84.27042145408981,46.6501895235933],[-84.27035275408112,46.6502961236137],[-84.2703603541046,46.650466923639584],[-84.27028415410125,46.65063562367],[-84.27016215407885,46.65076842369757],[-84.27002465404607,46.65085672371925],[-84.26972715397376,46.65103632376427],[-84.26955165392401,46.651085223782076],[-84.26949055391124,46.651138723793885],[-84.26941435389782,46.65122632381185],[-84.26932275386977,46.65123462381848],[-84.26892595373371,46.65115372382924],[-84.2686893536501,46.65108512383251],[-84.2685140535803,46.6509708238252],[-84.26839955353365,46.650887523819065],[-84.26827755348926,46.650841523819125],[-84.26820885345698,46.6507568238101],[-84.26816305343218,46.6506737238],[-84.26813255341361,46.65060152379065],[-84.26810965339874,46.65054032378255],[-84.26807145337854,46.65047502377477],[-84.26797995334245,46.65041802377134],[-84.26788065331085,46.65041742377707],[-84.2677433532691,46.65043262378741],[-84.26768995325496,46.65045552379407],[-84.2676671532403,46.65039542378618],[-84.26762135321637,46.65031912377705],[-84.26753735314486,46.64995592372609],[-84.26751455311312,46.64975742369686],[-84.26751465309914,46.649643723679354],[-84.26745345305854,46.64947222365651],[-84.26739255300528,46.64919722361773],[-84.26736195296596,46.64895732358261],[-84.26734675294077,46.64879242355809],[-84.26728565289883,46.64860962353352],[-84.26725515286937,46.648449623510665],[-84.26722455283839,46.64827732348596],[-84.2672474528302,46.64815172346528],[-84.26722455281158,46.6480601234525],[-84.2671101527593,46.64793062343925],[-84.26702625271479,46.64778572342184],[-84.26697555268845,46.64770302341213],[-84.26694225267119,46.647648623405686],[-84.26689645264526,46.647556523394165],[-84.26688885263066,46.6474577233794],[-84.26691185262149,46.64732432335752],[-84.26691175257488,46.64694632329932],[-84.26732385267138,46.64666792323235],[-84.26747995272063,46.64666502322273],[-84.26755265274353,46.64666362321829],[-84.26774345280141,46.64664132320368],[-84.26805615290172,46.646649223186635],[-84.26833095298763,46.6466380231688],[-84.26857505306607,46.646645623155706],[-84.26874285311973,46.64664872314636],[-84.26890315316885,46.64663402313473],[-84.26898715320912,46.64674412314679],[-84.26904805323741,46.646816623154386],[-84.26913955327115,46.64685452315485],[-84.26926925331188,46.646850823146714],[-84.26952105338901,46.64682782312846],[-84.26970415344586,46.64681692311604],[-84.26984915349097,46.64680942310637],[-84.26998655352041,46.64669412308057],[-84.27007055353306,46.64658032305818],[-84.27017735355616,46.64649292303846],[-84.27032225360031,46.646477523027585],[-84.27049775364989,46.646427523009656],[-84.27058935367045,46.64635852299366],[-84.27066565367834,46.646225822968766],[-84.27073425367793,46.64604612293711],[-84.27076465368097,46.64599232292699],[-84.27077245366134,46.645813222898994],[-84.27071145361191,46.645569722865055],[-84.27070385358321,46.64535622283267],[-84.27085645361088,46.64518762279772],[-84.27118445368679,46.644958822743305],[-84.2712150536914,46.64491742273515],[-84.27124545367653,46.644718522702746],[-84.27119955364412,46.64457362268312],[-84.27109285359657,46.64446302267236],[-84.27100135355951,46.64439812266766],[-84.27091745352166,46.64430722265861],[-84.27088695349636,46.644180922640956],[-84.27090205349322,46.644116322630104],[-84.27099375351148,46.644028222611205],[-84.2710927535367,46.64397812259767],[-84.27118445356162,46.643944022587085],[-84.27118435356024,46.64393282258534],[-84.27129895359624,46.643929522578134],[-84.27139035363173,46.64398202258084],[-84.27142855365192,46.64404732258868],[-84.27147435367782,46.64413932260018],[-84.27148195369575,46.644265122619075],[-84.27142855369992,46.64443652264859],[-84.2713826537051,46.64459652267596],[-84.27135995371901,46.64476812270369],[-84.27132925372344,46.64488262272312],[-84.27132945372918,46.6449288227302],[-84.27132175374074,46.645042622748186],[-84.27132935376437,46.64521452277421],[-84.27132165377559,46.64532502279166],[-84.27136735380464,46.645442922807185],[-84.27137515383123,46.64563852283682],[-84.27140565386208,46.64580972286141],[-84.27147445390084,46.645947322878534],[-84.27161165395619,46.64604232288518],[-84.2717109539957,46.64610702288933],[-84.27178725402561,46.64615322289196],[-84.27190145407215,46.64623652289808],[-84.27209985414132,46.64628602289414],[-84.2722906542025,46.64629072288367],[-84.27250435426795,46.646271022868135],[-84.27261865430421,46.64627112286149],[-84.27274095434129,46.64625642285207],[-84.2728401543831,46.646340222859116],[-84.27290115440948,46.64639692286431],[-84.27293915443381,46.646496022877336],[-84.2730002544824,46.64673272291022],[-84.27300025449462,46.64683172292544],[-84.273045954527,46.646976722945105],[-84.27306885455643,46.647156022971345],[-84.27307645457437,46.64728182299031],[-84.27308425459236,46.64740762300919],[-84.27312995462808,46.647579523032974],[-84.27320625466037,46.647644923038555],[-84.2734275547335,46.647667823029174],[-84.27361065478361,46.64760292300848],[-84.27375555482205,46.64754142299052],[-84.27383945484353,46.64749962297916],[-84.27393115486515,46.64743852296441],[-84.27399985488506,46.64742302295797],[-84.27410665491898,46.64742332295179],[-84.27418295494897,46.64746952295444],[-84.27425155496452,46.647419222942666],[-84.27435835498295,46.64729352291705],[-84.27441935498727,46.6471713228947],[-84.27448035499015,46.6470380228706],[-84.27459485502223,46.64700322285855],[-84.27465595504644,46.647041922860936],[-84.27462545505323,46.6471756228833],[-84.27463295507019,46.647293522900995],[-84.27466355510104,46.64746472292556],[-84.27463305511114,46.647625422952125],[-84.27460255511143,46.64770612296629],[-84.2744351550606,46.64772522297905],[-84.27624345562782,46.6476674228643],[-84.27739675598957,46.64763062279117],[-84.28269845765254,46.64746122245481],[-84.28260565742302,46.64584022221069],[-84.28253955725971,46.64468702203701],[-84.28252015721172,46.64434782198589],[-84.2823065566836,46.64061702142399],[-84.28230255667368,46.64054702141344],[-84.28314435693923,46.64053252136194],[-84.2840288572182,46.64051722130784],[-84.28866145867956,46.640437321024415],[-84.28896735877603,46.640432021005694],[-84.29283345999548,46.64036532076908],[-84.2923842589858,46.63333731971318],[-84.29233565887652,46.63257641959886],[-84.29233265886973,46.63252891959172],[-84.29231215882368,46.63220841954359],[-84.29228595876477,46.63179801948188],[-84.2922663587207,46.63149131943577],[-84.29224675867668,46.63118471938972],[-84.29222715863261,46.63087801934361],[-84.29220755858857,46.63057131929753],[-84.29218795854452,46.63026461925147],[-84.2921683585005,46.629957919205374],[-84.29214875845642,46.62965121915928],[-84.29212915841241,46.629344519113175],[-84.29210955836838,46.629037819067086],[-84.29206895827699,46.628401318971434],[-84.29205075823624,46.6281178189288],[-84.29203795820746,46.62791721889869],[-84.29202975818893,46.62778821887929],[-84.2920167581599,46.627585918848865],[-84.29200635813653,46.627423218824454],[-84.29187965785177,46.62543981852636],[-84.2919700578803,46.6254387185209],[-84.29189125767329,46.62396211829805],[-84.29186135759448,46.6233999182132],[-84.29160155691186,46.61853021747812],[-84.29157635684574,46.61805831740691],[-84.29128045606788,46.61250721656884],[-84.29121575589784,46.61129341638556],[-84.29120915588055,46.61117001636693],[-84.29120825588028,46.61117001636696],[-84.29119995587767,46.61117011636749],[-84.288037254879,46.61121351655915],[-84.28225685305365,46.61129251690933],[-84.28062945253973,46.61131471700796],[-84.28104795357336,46.61862841811061],[-84.28110945372532,46.61970391827269],[-84.28114815382094,46.62038021837463],[-84.28135625433501,46.624016018922624],[-84.28143745453572,46.62543551913663],[-84.28144485455404,46.62556481915608],[-84.28144795456139,46.625616819163895],[-84.28147055461673,46.626007519222775],[-84.28169105515637,46.62981741979681],[-84.2818493555436,46.632550620208484],[-84.2818845556298,46.63315942030021],[-84.2715463523826,46.63344992094973],[-84.27090005145126,46.62755862007997],[-84.27088595143104,46.62743072006108],[-84.27087825141996,46.62736042005072],[-84.27086045139421,46.6271975200267],[-84.27085045137989,46.627106720013266],[-84.27084115137684,46.62710652001379],[-84.27076485135026,46.62708732001532],[-84.27069625132475,46.62705672001459],[-84.27058155128258,46.62701042001417],[-84.27040625121954,46.626950220015125],[-84.27016215112357,46.6268008200064],[-84.27004765108346,46.62677032000841],[-84.26990265103699,46.6267666200163],[-84.26977285099662,46.626773720024985],[-84.26964325095926,46.62680442003731],[-84.26939905089117,46.62688112006337],[-84.26928465085342,46.62686982006834],[-84.26920825082448,46.62683152006694],[-84.26905575077228,46.62680102007112],[-84.26887265071032,46.62677022007709],[-84.26862865063008,46.626747920087915],[-84.26846835057863,46.62674352009664],[-84.26832335053548,46.62676682010866],[-84.26823945051635,46.626827720123],[-84.2681859505059,46.626881020134334],[-84.2680639504845,46.62702172016312],[-84.26794935046084,46.62712512018575],[-84.26782745043627,46.627240020210614],[-84.2676747503872,46.62723532021877],[-84.26749165033294,46.62726652023433],[-84.26733145028298,46.627274420244916],[-84.26711025021407,46.62728522025951],[-84.26703725019188,46.62729302026496],[-84.26719295022752,46.62718112023863],[-84.26738445025705,46.62692692018824],[-84.26757395027742,46.6266040201274],[-84.26772965028431,46.6262587200651],[-84.2677561502645,46.626029620028305],[-84.26774415021,46.62561801996557],[-84.26766985015274,46.62534461992777],[-84.2675942500894,46.62502541988303],[-84.26741664998256,46.62461611983033],[-84.26724224989086,46.62432121979507],[-84.26706854980218,46.624049119763356],[-84.26686444971521,46.62386891974746],[-84.26679554968216,46.623778419737555],[-84.26672594964607,46.62366501972418],[-84.26638244948023,46.623204019673196],[-84.26637014947724,46.623211319675086],[-84.26627864945849,46.62329491969329],[-84.26620984944462,46.62335991970734],[-84.26613354943882,46.6235094197348],[-84.26608014943825,46.62364261975849],[-84.26592764940393,46.62375721978503],[-84.26580544937127,46.623806819799825],[-84.26563774932218,46.62384081981493],[-84.26549264927802,46.623856219825754],[-84.26537834923796,46.62382581982775],[-84.26517994916651,46.623757219828754],[-84.26502734911662,46.623745819835925],[-84.26484424905804,46.62374201984603],[-84.26473744902268,46.62373041985049],[-84.26456964896848,46.623722919859155],[-84.26446274893686,46.62374171986834],[-84.26433314889846,46.62376451987939],[-84.26426444887856,46.623779919885756],[-84.26425684887855,46.62379931988923],[-84.26419564886332,46.62383371989812],[-84.26423384888434,46.62390571990697],[-84.26430254892392,46.62405001992519],[-84.2644016489682,46.62415401993544],[-84.26454664902789,46.62426461994398],[-84.26459994905697,46.62436331995607],[-84.26466114908672,46.62444701996541],[-84.26464574909173,46.62452731997867],[-84.2645771490807,46.62461481999616],[-84.26440164903764,46.62471772002227],[-84.26404304893514,46.62481002005748],[-84.26371484883553,46.62484752008241],[-84.26347084875944,46.62485902009846],[-84.26303604862471,46.624886120128075],[-84.26261634849095,46.62488232015201],[-84.2623340483976,46.624852120163844],[-84.26204424830131,46.624817620175506],[-84.26183804823295,46.624794220183915],[-84.2616015481545,46.6247672201936],[-84.26141074809114,46.62474462020125],[-84.26112864798979,46.62464912020303],[-84.26096064792944,46.624592020204084],[-84.26081574787878,46.62455452020674],[-84.26069364783615,46.62452312020909],[-84.26062494781205,46.624504920210306],[-84.26060984780676,46.624500820210535],[-84.26053344778248,46.624500720214954],[-84.26048004776645,46.62450792021922],[-84.2605028477802,46.624561220226106],[-84.26057144780675,46.624599820228006],[-84.26060224782225,46.624646120233365],[-84.26058694782203,46.62468372024004],[-84.26054104780926,46.624698520245026],[-84.26044954777885,46.62468762024869],[-84.26035784773705,46.62458452023816],[-84.26028924770398,46.62449312022806],[-84.26018254766215,46.62442862022436],[-84.26009854762985,46.62438262022218],[-84.25995364758006,46.62435192022596],[-84.25977044751671,46.624309920230196],[-84.25958734746473,46.624360120248596],[-84.25942714741896,46.62440182026439],[-84.25925924736752,46.6244167202765],[-84.2590228472873,46.624375020283885],[-84.25876324720385,46.62436672029779],[-84.25828264704889,46.62434782032299],[-84.25809944699215,46.62435972033553],[-84.25788584693032,46.62440862035559],[-84.25777154689733,46.624435520366376],[-84.25764184685106,46.624394220367584],[-84.25756554680797,46.62424112034846],[-84.25748914675889,46.624039620321874],[-84.25741284671678,46.62389442030394],[-84.25735184668756,46.62381402029518],[-84.25729074666197,46.623764020291],[-84.25717624662241,46.62373802029368],[-84.25693984654205,46.62369532030092],[-84.25680254649241,46.62364632030143],[-84.25672614646348,46.62360802029995],[-84.25661174641768,46.62353142029483],[-84.25653534638452,46.62345932028824],[-84.25647174635574,46.62338942028114],[-84.26058884745774,46.62172071978335],[-84.26075854750314,46.62165171976281],[-84.26074484746255,46.62135751971824],[-84.26073994744807,46.621252319702364],[-84.26064024715266,46.61911031937801],[-84.26062654711201,46.61881561933341],[-84.26055144688978,46.61720411908945],[-84.26051554678341,46.61643261897261],[-84.26051034676796,46.61632031895559],[-84.2605047467515,46.61620111893757],[-84.26029494613063,46.611697718255684],[-84.26028584610357,46.61150131822588],[-84.25952354586393,46.611521118273494],[-84.25871354560934,46.6115422183241],[-84.25256144367545,46.61170201870823],[-84.25177154342715,46.61172251875749],[-84.25101904319058,46.61174211880449],[-84.24988674283463,46.61177151887521],[-84.2498860428344,46.611771518875244],[-84.24471344120843,46.6119066191982],[-84.2394527395546,46.61204371952664],[-84.23792823907513,46.612082019621546],[-84.2378431390484,46.61208421962689],[-84.23625893855015,46.61212401972552],[-84.23606573848937,46.612128819737535],[-84.23548753830757,46.612143319773544],[-84.235380838274,46.61214601978019],[-84.23198663720649,46.612231219991536],[-84.22945733641096,46.61229462014897],[-84.22945423642433,46.61241162016724],[-84.22942673654339,46.61345072032904],[-84.22937293677576,46.61547982064505],[-84.22937143678222,46.615536120653815],[-84.22930013709103,46.61823132107352],[-84.22929693710466,46.61835012109203],[-84.22926213725528,46.61966442129672],[-84.22925643727973,46.619878121329954],[-84.22915493771904,46.623710921926715],[-84.22914453776424,46.6241051219881],[-84.22913693779716,46.62439232203283],[-84.22913183781922,46.6245849220628],[-84.22909283798799,46.626057222292],[-84.22908963800182,46.62617782231079],[-84.22906283806215,46.62673712239858],[-84.22905293808458,46.626945022431215],[-84.22902603814511,46.627506022519256],[-84.22902333821011,46.62804152260191],[-84.22901543840348,46.62963272284759],[-84.22900713860318,46.63127682310148],[-84.22899843881575,46.6330257233715],[-84.22899783883119,46.63315282339111],[-84.22899773883363,46.63317272339417],[-84.22899193890619,46.63377742348767],[-84.22898983892678,46.63394982351443],[-84.22895873923804,46.63655792391808],[-84.22882453919526,46.63655672392576],[-84.22868373915038,46.63655552393376],[-84.22184843697131,46.63649542432381],[-84.22172373693154,46.63649432433096],[-84.22159443689034,46.636493224338324],[-84.2204791365348,46.63648332440193],[-84.22062283704362,46.640245324973186],[-84.22067933722408,46.641565025173236],[-84.2206804372276,46.64159092517719],[-84.22070763731449,46.64222602527338],[-84.2207204373554,46.6425254253188],[-84.22084783776228,46.64550022576963],[-84.2208855378677,46.64625882588428],[-84.22089253788724,46.64639952590557],[-84.22100123819109,46.64858562623592],[-84.22101413822725,46.64884582627526],[-84.22102383825433,46.64904032630468],[-84.22105163833221,46.649600826389396],[-84.22106753837674,46.649921226437776],[-84.22107153838793,46.65000192644998],[-84.22108853843557,46.65034452650177],[-84.22112733854405,46.651124526619654],[-84.22116153863948,46.651811226723396],[-84.22118163869568,46.65221532678446],[-84.22121163877964,46.65281932687574],[-84.2212587389023,46.65369312700755],[-84.22128813897888,46.65423842708981],[-84.22131403904609,46.65471722716202],[-84.22131933905996,46.65481622717698],[-84.22091283893094,46.65481742720092],[-84.22068673885917,46.65481812721423],[-84.22025843872325,46.654819327239416],[-84.21993833862163,46.65482032725833],[-84.2167337376044,46.654829827447024],[-84.21664233757537,46.65483012745243],[-84.21460293692799,46.65483612757248],[-84.21456743691674,46.65483622757459],[-84.21425923681889,46.6548371275927],[-84.214165136789,46.654837427598274],[-84.21390153670536,46.654838227613816],[-84.21385453669045,46.65483832761654],[-84.21379853667264,46.65483852761989],[-84.21374813665666,46.65483862762281],[-84.21368913663792,46.65483882762627],[-84.21368923658838,46.654436327564284],[-84.21368923657079,46.65429352754229],[-84.2136906358838,46.64871382668277],[-84.21369233503735,46.64183622562312],[-84.21369233502573,46.6417419256086],[-84.21369243497803,46.64135402554885],[-84.21369293476883,46.63965342528675],[-84.21369293475028,46.63950282526355],[-84.21369363439649,46.63662692482035],[-84.21369363437002,46.63641182478722],[-84.21317783420567,46.63640832481681],[-84.21287243410843,46.636406224834296],[-84.21117763356845,46.63639462493148],[-84.2091773329312,46.63638092504615],[-84.20902113288145,46.636379925055124],[-84.20364233116773,46.636342925363444],[-84.20348583111787,46.63634192537243],[-84.20318073102067,46.6363397253899],[-84.20238773076801,46.63633422543538],[-84.20075363024732,46.63632302552901],[-84.2000458300218,46.63631812556964],[-84.19976332993183,46.63631612558575],[-84.19952912985718,46.636314525599204],[-84.1930924278062,46.63626972596796],[-84.18258632445755,46.63619012656877],[-84.18244042441103,46.6361890265771],[-84.17720382274179,46.63614892687644],[-84.17572502227036,46.636137626960924],[-84.175588922227,46.63613652696871],[-84.17208022110843,46.63610952716923],[-84.17153612093485,46.63610402720007],[-84.16149021772912,46.636002027770225],[-84.16143031771001,46.636001427773586],[-84.16062231745214,46.63599312781941],[-84.15666791619009,46.63595212804364],[-84.15584581592796,46.635945528090545],[-84.15423791541522,46.63593252818231],[-84.15409061536825,46.63593132819072],[-84.15390531530917,46.635929828201235],[-84.1509002143509,46.635905628372704],[-84.15071631429223,46.635904128383196],[-84.14999281406327,46.63591242842663],[-84.14668951301778,46.63595012862498],[-84.14457211234757,46.63597432875211],[-84.14457211237269,46.636178728783655],[-84.1445718129072,46.640530729454724],[-84.14457181291839,46.64062172946875],[-84.14478201298557,46.64062442945695],[-84.14511901309325,46.64062882943795],[-84.14574461329308,46.640636429402655],[-84.1462941134683,46.640640429371246],[-84.146988313689,46.64064042933079],[-84.14724791377245,46.64064792931684],[-84.1477971139475,46.64065192928543],[-84.14807181403589,46.64066012927066],[-84.14828561410339,46.64065642925765],[-84.14959011451992,46.64067112918387],[-84.15064311485568,46.64067922912375],[-84.15064131488728,46.64094092916421],[-84.15063991491233,46.641148729196324],[-84.15071651496515,46.64138032922758],[-84.15071651498586,46.64154882925353],[-84.15071651500534,46.64170722927792],[-84.15071661556301,46.64624412997731],[-84.15071661557239,46.646320329989095],[-84.15071661572898,46.647594230185454],[-84.15071661575952,46.64784253022375],[-84.15071661605417,46.650239030593106],[-84.15071671616373,46.651129530730366],[-84.15071671650934,46.65393983116344],[-84.15062781647626,46.653900931162646],[-84.15033021635952,46.65372123115231],[-84.14980381615425,46.65341283113549],[-84.14962841608339,46.65329053112688],[-84.14937641598353,46.65312993111684],[-84.14930031595378,46.6530847311143],[-84.14910951587663,46.652950531104736],[-84.14888831578807,46.652802431094784],[-84.14852211564165,46.65255833107854],[-84.14789621539227,46.65214913105199],[-84.1477132153145,46.651989931038074],[-84.1474385151999,46.651768031019905],[-84.1471944151026,46.6516082310095],[-84.14708001505502,46.65151683100211],[-84.14701131502513,46.65145123099598],[-84.14691971498799,46.6513862309913],[-84.14682051494708,46.651310230985395],[-84.14663751488094,46.6512455309861],[-84.14657651485363,46.65118083097968],[-84.14653061483432,46.65114273097649],[-84.14643921480061,46.65110473097595],[-84.1462942147493,46.651062630977876],[-84.14623301472659,46.65103613097737],[-84.1459508146326,46.651001230988456],[-84.14588211460928,46.650989530990685],[-84.14579061457884,46.65097863099435],[-84.14569891454973,46.650978830999705],[-84.1456456145323,46.65097473100217],[-84.14556931451037,46.650993731009564],[-84.14554641450258,46.65098983101026],[-84.1454549144735,46.65099003101568],[-84.14543961446955,46.650997231017655],[-84.14538631445122,46.65098633101908],[-84.1453174144293,46.65098603102302],[-84.1452564144108,46.65099333102777],[-84.14518011438278,46.650962731027484],[-84.14511901435777,46.65091723102404],[-84.14505041432939,46.65086393101977],[-84.14500471431116,46.65083373101781],[-84.14493611428375,46.65078833101478],[-84.14489021426351,46.650742331010385],[-84.14485211424905,46.650723131009634],[-84.1446767141825,46.65063573100641],[-84.14457081414588,46.6506117310089],[-84.14445531410593,46.65058553101162],[-84.14437911408035,46.650574131014274],[-84.14428761404986,46.65056323101794],[-84.14421881402563,46.65054373101893],[-84.1441577140047,46.65053193102071],[-84.14408911398205,46.65052473102356],[-84.14389851391864,46.65050193103115],[-84.1437305138576,46.65044013103144],[-84.14362361382135,46.65042173103486],[-84.14352451378755,46.65040303103774],[-84.14340241374485,46.65037153103997],[-84.1432269136863,46.650349331046804],[-84.14302861361581,46.65028843104896],[-84.14273861351282,46.65020083105235],[-84.14246401342032,46.65015883106187],[-84.14237251339073,46.650154631066606],[-84.14226571335861,46.6501699310752],[-84.14219691333766,46.650177431080344],[-84.14210531331094,46.65019683108867],[-84.14204451329111,46.6501928310916],[-84.14193761325664,46.65018903109724],[-84.14184591322837,46.650196031103654],[-84.14180781321723,46.65020383110707],[-84.14176971320602,46.650211631110544],[-84.14166291317218,46.65021233111686],[-84.14160961315474,46.65020823111932],[-84.14151791312557,46.65020843112469],[-84.1414645131071,46.650196431125984],[-84.14142651309366,46.65018513112642],[-84.14135011306934,46.65018493113085],[-84.14129671304865,46.65015493112936],[-84.1412737130403,46.650146531129394],[-84.14122041302106,46.65012773112955],[-84.14119741301148,46.650109231128106],[-84.14119001300581,46.6500824311244],[-84.1411594129937,46.65006303112317],[-84.14115931299136,46.65004393112025],[-84.1411517129866,46.650025031117785],[-84.1411517129823,46.64999013111241],[-84.14116701298391,46.64996383110746],[-84.1411670129806,46.64993683110331],[-84.14118231298227,46.64991053109835],[-84.14121281298534,46.64985683108828],[-84.14126611299146,46.64976873107163],[-84.14128141299548,46.64976163106964],[-84.14133491301158,46.64975453106542],[-84.14138821302379,46.64971593105632],[-84.14138811302047,46.64968893105217],[-84.14129661299002,46.64967793105584],[-84.14122041296575,46.64967773106022],[-84.14115181294346,46.649674031063654],[-84.14107531291678,46.64965473106511],[-84.14101431289274,46.64961703106292],[-84.14095331286778,46.649571431059414],[-84.14089991284834,46.64955153105949],[-84.1408466128324,46.649559731063825],[-84.14080841282674,46.64961253107417],[-84.1407625128178,46.649658831084],[-84.1407474128182,46.6497009310914],[-84.14074741281956,46.64971213109308],[-84.1407321128199,46.64975413110045],[-84.14077031284322,46.64984543111232],[-84.14072451283302,46.64988043112041],[-84.1407244128418,46.6499524311315],[-84.14067871284044,46.65005943115069],[-84.14062531283231,46.65013173116493],[-84.14051091281186,46.65026093119152],[-84.14037361278706,46.650414331223146],[-84.14027431276808,46.650517131244754],[-84.1401522127457,46.65065103127256],[-84.1400682127297,46.650737731290825],[-84.13999961271874,46.650826231308464],[-84.13993091270667,46.650905731324706],[-84.13988521269965,46.650966631336736],[-84.13983181269113,46.651035531350495],[-84.13980131269037,46.6511084313635],[-84.13979361269584,46.65117273137387],[-84.13975541269447,46.6512604313896],[-84.13972491269374,46.6513332314026],[-84.1397097126931,46.65136743140877],[-84.13969451269578,46.6514286314191],[-84.13968691269808,46.65146703142545],[-84.13968681270136,46.65149403142961],[-84.13968691270375,46.65151313143252],[-84.1396715127039,46.65155413143974],[-84.13967151270722,46.65158113144389],[-84.13967151270958,46.65160023144687],[-84.13966391271049,46.6516274314515],[-84.13966061271067,46.65163733145321],[-84.13965161271108,46.65166383145782],[-84.13959161269199,46.6516638314613],[-84.13956071268214,46.65166383146311],[-84.13928751259526,46.65166373147906],[-84.13397861090698,46.6516626317883],[-84.13324491067361,46.65166243183104],[-84.13241901041096,46.65166223187916],[-84.13075370988132,46.65166183197612],[-84.13032070974363,46.651661732001365],[-84.12931870942491,46.651661432059704],[-84.1282848090961,46.65166113211991],[-84.12828740830928,46.645250431131416],[-84.12828770821402,46.64447453101175],[-84.12828920773681,46.64058523041195],[-84.12829010746148,46.63834053006573],[-84.12829040736433,46.63754852994357],[-84.12829050733458,46.637306129906136],[-84.12829100716468,46.635921129692534],[-84.12798390706702,46.635920729710335],[-84.12778400700343,46.63592042972197],[-84.1264565065811,46.635918529798985],[-84.1261894064961,46.63591812981449],[-84.12564680632352,46.63591732984595],[-84.12342440561646,46.635914129974935],[-84.1226252053622,46.635913030021285],[-84.12234950527447,46.635912630037254],[-84.11952330437533,46.63590853020125],[-84.11899480420716,46.63590773023189],[-84.11219840204471,46.63589743062607],[-84.11146310181078,46.63589623066865],[-84.11144410180474,46.63589623066974],[-84.11135320177578,46.63589613067508],[-84.1113353017701,46.63589613067611],[-84.1109563016495,46.635895530698065],[-84.10908020105252,46.63589253080683],[-84.10815880075936,46.63589113086028],[-84.10760010058118,46.63588713089215],[-84.10734770050068,46.63588533090655],[-84.10597920006433,46.63587553098472],[-84.09862409771873,46.635822831404724],[-84.09753039736991,46.63581493146714],[-84.09696979719114,46.63581083149912],[-84.09725319787894,46.640682732234225],[-84.09809289991796,46.65511793441151],[-84.09886310178912,46.668353136406836],[-84.09893290195882,46.66955303658772],[-84.09977310400137,46.683988138762835],[-84.10064520612248,46.698964541018285],[-84.10083140659282,46.70230224152132],[-84.10109110717332,46.70634294212819],[-84.10135060775339,46.71038024273442],[-84.10151690805357,46.712385743033366],[-84.10162490824848,46.713688543227505],[-84.10194950907714,46.719571344113746],[-84.10196900912696,46.71992484416703],[-84.1020301092829,46.721031144333665],[-84.10236221013095,46.72704924524007],[-84.10241041025407,46.7279228453716],[-84.10283871124031,46.734809046405665],[-84.10326821222974,46.74171504744247],[-84.10329181228309,46.74208614749814],[-84.10329641229356,46.742158947509076],[-84.10331021232477,46.742376247541706],[-84.1033124123297,46.74241064754688],[-84.10332531235903,46.74261484757749],[-84.10356811297947,46.74701164823923],[-84.10358041300042,46.7471496482597],[-84.10360781304689,46.7474551483051],[-84.10363261308896,46.747731648346125],[-84.1036355130941,46.74776614835128],[-84.10365491312845,46.7479937483851],[-84.10368011317301,46.748289548429106],[-84.1036062131427,46.74823484842505],[-84.10349181309597,46.74815134841887],[-84.10337721304805,46.74805884841135],[-84.10323231297889,46.74787264839115],[-84.10311781292683,46.74774634837844],[-84.10301861288582,46.74767024837253],[-84.10291961284395,46.747586348365424],[-84.10278221278887,46.74749444835929],[-84.1026374127357,46.74743764835902],[-84.10251501268962,46.74738024835735],[-84.10237021263832,46.74733804835932],[-84.10226331259963,46.747300448359795],[-84.1021797125693,46.74727004836],[-84.10196601249736,46.747238748367664],[-84.10175981242656,46.7471970483733],[-84.10143921231789,46.7471438483838],[-84.1013097122743,46.74712494838847],[-84.10108831219858,46.74708254839489],[-84.10092051214143,46.747052248399996],[-84.10075281208286,46.747010648403396],[-84.10056961201501,46.74693344840222],[-84.10041721195812,46.74686564840073],[-84.10024941189755,46.74680824840169],[-84.10007361183317,46.746739948401434],[-84.09989061176677,46.74667404840195],[-84.0996846116936,46.74661324840464],[-84.09955471164658,46.74656724840518],[-84.09934101156774,46.746479648404154],[-84.09919641151323,46.746411548402165],[-84.0990665114662,46.74636564840266],[-84.09894461142125,46.746316048402186],[-84.09883771138341,46.74628514840366],[-84.09874611135098,46.74625844840487],[-84.09860901130358,46.74622834840824],[-84.09854001128116,46.746224648411726],[-84.09841051123936,46.746220248418645],[-84.09828081119905,46.746228248427414],[-84.09818921117176,46.74624314843504],[-84.0981204111541,46.74627764844435],[-84.09802131114094,46.746426548473],[-84.0979375111284,46.746541348495555],[-84.09786881111539,46.74661294851058],[-84.09775431109405,46.7467353485361],[-84.09767051107816,46.74682304855444],[-84.09754821105341,46.746937748579214],[-84.09743391103531,46.747085948608664],[-84.0973879110307,46.74716714862385],[-84.09733451102913,46.747292348646226],[-84.0973039110302,46.74737974866144],[-84.09724321102557,46.74749844868319],[-84.0971821110235,46.74763954870846],[-84.09716691102996,46.747731048723416],[-84.09718191105458,46.74789154874726],[-84.0972278110871,46.748036548766834],[-84.0973040111406,46.74827304879872],[-84.09737271118179,46.74842974881884],[-84.09748741123619,46.74857404883432],[-84.09757111127655,46.74868534884656],[-84.09767011132405,46.74881434886056],[-84.09775431136643,46.748940348875045],[-84.0978536114084,46.749024248882144],[-84.09800601146961,46.74912694888905],[-84.09808241150441,46.74921154889756],[-84.09818921155863,46.74937514891648],[-84.09829611160873,46.74950504893022],[-84.09844851167189,46.74962354893951],[-84.09869271176522,46.749749648944686],[-84.0988912118453,46.749886048954025],[-84.0990817119178,46.749982048957655],[-84.09928021199273,46.750076848960646],[-84.09947081206292,46.750153748961345],[-84.09964661213169,46.75025704896701],[-84.09979901218956,46.75033274896969],[-84.09996671225237,46.75040924897171],[-84.10018041233225,46.75050464897386],[-84.10040961243259,46.75072574899448],[-84.1005163124883,46.750901649015304],[-84.10060001252518,46.75098494902319],[-84.10069161256477,46.7510690490308],[-84.10085951264327,46.751271549052134],[-84.10093601267889,46.751362849061685],[-84.10097381269749,46.75141574906757],[-84.10098171270569,46.75146164907421],[-84.10101231273104,46.75158794909181],[-84.10101221274225,46.751679149105826],[-84.10096641273199,46.75171414911388],[-84.10091301271821,46.75174034912103],[-84.10083651269481,46.7517480491267],[-84.10070691265636,46.75177064913769],[-84.10060011262755,46.75181294915045],[-84.10055421261812,46.751854649159526],[-84.1004628125965,46.751915649174265],[-84.10041681258521,46.751942749181126],[-84.1003790125807,46.752003449192664],[-84.1003256125694,46.7520498492029],[-84.10027971255994,46.75209164921203],[-84.10016541252689,46.752118349222776],[-84.10002041248116,46.75212224923186],[-84.09980671241117,46.75210664924189],[-84.09963881235734,46.75210334925117],[-84.09949371231059,46.75209944925909],[-84.09941761228639,46.75209924926352],[-84.09907431217886,46.75211414928583],[-84.09887591211859,46.75213754930098],[-84.09876151207978,46.75211814930471],[-84.09867001205107,46.7521217493106],[-84.09859351202668,46.75212154931499],[-84.09839521196824,46.75215954933244],[-84.09821961191663,46.75219474934811],[-84.09802131185823,46.75223274936554],[-84.09780771179634,46.75228234938558],[-84.09762481174604,46.752346949406224],[-84.09745681170439,46.7524426494307],[-84.09721271164926,46.75262584947315],[-84.09710591162745,46.75272434949451],[-84.09698381159704,46.752792949512184],[-84.09682361155542,46.75286924953325],[-84.0966784115154,46.752919349549444],[-84.09646491145115,46.75294984956659],[-84.09632011140692,46.752965049577384],[-84.09612141134501,46.75297604959064],[-84.09599191130239,46.75296494959649],[-84.09575531122518,46.752949949608016],[-84.09553421115527,46.752953749621526],[-84.09541981111835,46.752950049627586],[-84.09492351094985,46.752865649643596],[-84.0946413108525,46.75280464965068],[-84.09442001077592,46.75275544965605],[-84.09423691071001,46.75269404965731],[-84.09406891065181,46.75265584966124],[-84.09393191060211,46.75260664966171],[-84.0937485105365,46.75254864966346],[-84.09361881048814,46.75249144966223],[-84.09342061040441,46.75232464964816],[-84.0933215103647,46.75225874964384],[-84.09324501033339,46.752202249639595],[-84.09315351029483,46.75212604963325],[-84.09303161024556,46.752041549627364],[-84.0929705102195,46.75198804962274],[-84.09294741019332,46.75183574960064],[-84.09294751016891,46.751637749570186],[-84.09291701013564,46.751447249542714],[-84.09291701011006,46.75124024951086],[-84.09290931008655,46.75106944948507],[-84.09289421005714,46.750870749455416],[-84.0929325100548,46.75075274943505],[-84.0929476100252,46.7504744493914],[-84.09296291000936,46.75030644936465],[-84.09301621000975,46.750172249340906],[-84.0930848100127,46.75001964931348],[-84.09316891002312,46.74988684928815],[-84.0932909100525,46.74981044926927],[-84.09340541007816,46.749722949249126],[-84.09356561011828,46.74963424922616],[-84.0937412101662,46.74956984920602],[-84.09387851019822,46.74947504918343],[-84.09398541021994,46.74937534916185],[-84.09412261024995,46.74926474913688],[-84.09426731028515,46.749176449114834],[-84.09438191031182,46.74909684909593],[-84.09450421034369,46.74903954907999],[-84.09464901037569,46.74892544905399],[-84.09471761038664,46.74883694903639],[-84.09483971041621,46.74876164901768],[-84.09497701045238,46.748700549000226],[-84.09509151047554,46.74859284897705],[-84.09514491048418,46.74852494896349],[-84.0951832104897,46.74847104895293],[-84.09521371049192,46.748410648941885],[-84.09523641048035,46.7482581489171],[-84.09521371045841,46.74813944890021],[-84.09516041042357,46.747994648881075],[-84.09506101038154,46.74791074887398],[-84.0948779103157,46.74784934887518],[-84.09465681024056,46.74781144888225],[-84.094473610178,46.74777704888766],[-84.09433641012866,46.74773124888867],[-84.0940004100136,46.74766604889826],[-84.09387850997575,46.747673848906565],[-84.09369530992124,46.74770474892196],[-84.09347390985684,46.74775454894253],[-84.09339030983065,46.747757948947964],[-84.09319170977255,46.74779934896591],[-84.09300850971701,46.74782224898015],[-84.09279480965138,46.747841548995545],[-84.09262710959989,46.74785734900781],[-84.09248200955655,46.74788044901979],[-84.09232180950595,46.74788364902965],[-84.09190230937567,46.747910749058306],[-84.09171920931783,46.74791454906958],[-84.09149780924544,46.747899149080084],[-84.09129190917704,46.74787654908866],[-84.09113180912233,46.74784604909333],[-84.09095640905605,46.7477619490906],[-84.09080370900034,46.747704149090644],[-84.09060510893049,46.747651049094074],[-84.09042990887099,46.74762094909967],[-84.0902543088122,46.74759754910628],[-84.09010180876217,46.74758584911342],[-84.0899339087101,46.74759714912493],[-84.08979650866738,46.74760534913425],[-84.08961350860619,46.74758224914135],[-84.08938440852903,46.747547949149464],[-84.08923950847822,46.74751014915207],[-84.08908680842246,46.74745244915211],[-84.08888090834603,46.747364649150654],[-84.08869000827156,46.74725394914478],[-84.08856800822008,46.747151449136126],[-84.08847640817953,46.74705944912733],[-84.08836990813391,46.74696444911895],[-84.0881791080561,46.74682674910887],[-84.08798840798035,46.74670474910127],[-84.08777450789904,46.74659804909734],[-84.08756860781651,46.74646074908822],[-84.08740850775288,46.746358149081814],[-84.08718720766923,46.746251649078324],[-84.08701150760054,46.746148349072726],[-84.08689730755609,46.74608284906931],[-84.08672940748997,46.74598044906337],[-84.08661480744634,46.74592284906119],[-84.0864471073868,46.745873349063395],[-84.08634800735238,46.745850149065554],[-84.0862258073103,46.745824249068725],[-84.0861267072749,46.74579314906974],[-84.08601200723454,46.74576244907168],[-84.08589000719293,46.745739849075356],[-84.08576050715031,46.745728749081216],[-84.08564600711576,46.74574424909024],[-84.08556210708988,46.745750949096184],[-84.08550120707152,46.74575934910103],[-84.0854169070455,46.745766149107006],[-84.08536380703057,46.74578224911256],[-84.08531010701674,46.7458084491197],[-84.08523380700007,46.74587014913364],[-84.08514990698654,46.745976949154986],[-84.08511170699173,46.746117549178834],[-84.08510450700831,46.74627074920281],[-84.0851119070276,46.746407749223444],[-84.08512720705129,46.74656034924597],[-84.08517280709029,46.746758249273725],[-84.08520350711329,46.746865449288435],[-84.08523410714322,46.74702884931178],[-84.0852795071789,46.747200849335606],[-84.08531780721374,46.74738434936157],[-84.08536390725718,46.74761714939466],[-84.08537900728317,46.74778884942019],[-84.08539430731065,46.74797174944738],[-84.08540960734324,46.748196349481056],[-84.08537120735407,46.74838304951196],[-84.0853332073652,46.74857084954309],[-84.08531010738221,46.74876834957476],[-84.08523410738023,46.74894814960685],[-84.08518810738386,46.749096749632365],[-84.08510410737273,46.749222749656646],[-84.08500510735622,46.74934464968119],[-84.08485240732172,46.74945904970766],[-84.08469240728115,46.74954324972993],[-84.08459300726037,46.7496314497493],[-84.08443270722017,46.7497189497721],[-84.08431080718746,46.74976844978681],[-84.08416570714881,46.74982964980469],[-84.08402100710556,46.74985274981671],[-84.08387580706298,46.74988254982975],[-84.08366220700205,46.74994004985108],[-84.08347910695133,46.75000124987112],[-84.08335720691528,46.750023649881705],[-84.08315890685498,46.75004694989686],[-84.08294500679158,46.75008534991524],[-84.08284580675951,46.75008124992038],[-84.08270090671425,46.75008854992997],[-84.08257880667591,46.75009294993776],[-84.08244900663776,46.75011894994934],[-84.08234220660567,46.750134249957895],[-84.0822279065688,46.75013054996401],[-84.08215150654208,46.7501112499655],[-84.0820067064899,46.75006224996641],[-84.0818007064125,46.74996654996374],[-84.08171670637297,46.749863149952745],[-84.08165550633797,46.74973764993699],[-84.08158680630383,46.749638249925724],[-84.08147240625705,46.74955464991955],[-84.08133520620159,46.749459349912904],[-84.08122080615483,46.74937584990673],[-84.0811064061038,46.74925744989524],[-84.08100700605705,46.74913524988223],[-84.08091570601103,46.74899814986645],[-84.08080120596412,46.748913549860156],[-84.08067140591476,46.7488483498577],[-84.08059510588818,46.748830249859324],[-84.08033560579558,46.7487494498621],[-84.08015280573227,46.748708249866425],[-84.08003810569004,46.748661849866],[-84.07990070564114,46.74862054986763],[-84.07974080558786,46.748601249873985],[-84.07959580554214,46.748605149883055],[-84.07946610550263,46.74861984989288],[-84.07925990543518,46.74860514990265],[-84.07909970537942,46.748566749906104],[-84.07889380530729,46.748513749909925],[-84.07867220523191,46.74847474991689],[-84.07853510518548,46.74845254992144],[-84.07835970512912,46.74844824993102],[-84.07822240508484,46.74844414993844],[-84.07799340501575,46.748475049956504],[-84.07786380497821,46.74850554996878],[-84.0777264049373,46.74852834998031],[-84.0775583048857,46.74854414999253],[-84.07735990482526,46.74856635000751],[-84.07719240477327,46.74857755001901],[-84.07699370470954,46.74857395003003],[-84.07694060469267,46.74857425003317],[-84.07662760459303,46.74857475005153],[-84.07645990454245,46.7485973500648],[-84.07631480449574,46.74859335007265],[-84.07626140447735,46.748582350074045],[-84.07605550440799,46.74855195008137],[-84.07588010435342,46.74856225009322],[-84.07573490431152,46.74859765010716],[-84.07555200425615,46.74862065012134],[-84.07549840423994,46.74862765012553],[-84.07540690421027,46.74862335013021],[-84.07529260417256,46.74861295013526],[-84.0752164041445,46.748582350135],[-84.07508670409611,46.748525150133766],[-84.07500240407111,46.748539750140964],[-84.07489590404141,46.748574150152415],[-84.07476620400526,46.74861585016644],[-84.07455230394005,46.74863965018253],[-84.0744382039065,46.74866185019264],[-84.07420910383634,46.74868485020955],[-84.07397250376428,46.748711450227376],[-84.07382760372236,46.74874575024115],[-84.0735912036509,46.748776850259716],[-84.07349960362353,46.74879165026731],[-84.07330100356639,46.748840850286484],[-84.07311780351088,46.74886385030071],[-84.07290440344762,46.74890215031903],[-84.07272120339402,46.74894085033566],[-84.07247720332661,46.74902395036265],[-84.0724086033104,46.74906965037365],[-84.0723550033032,46.74914985038913],[-84.07233980330355,46.749191850396485],[-84.07233240331341,46.74929105041219],[-84.07237790334497,46.749429350430795],[-84.07247700338912,46.7495312504407],[-84.07261470344771,46.74965025045093],[-84.07285850353938,46.74976405045422],[-84.07310280362805,46.749851950453476],[-84.07330870370447,46.749939850454965],[-84.07357560380127,46.75003505045406],[-84.07381990389226,46.750142050456276],[-84.07402580397064,46.750245650460194],[-84.0742246040443,46.75032915046137],[-84.07442270411728,46.75040935046219],[-84.074544604165,46.75048145046617],[-84.07464400421176,46.75060365047918],[-84.07472020424491,46.7506758504858],[-84.07480420428544,46.75078725049801],[-84.07485000432212,46.75096595052288],[-84.0748423043366,46.75110345054445],[-84.07488820436916,46.751248450564034],[-84.07494170439934,46.75135505057728],[-84.07497200443818,46.751591550611906],[-84.07495700444429,46.75167975062633],[-84.07487290442874,46.751770850645265],[-84.07466680437213,46.751843950668544],[-84.07450670432628,46.75188535068423],[-84.0742321042468,46.75195015071017],[-84.07394220416018,46.75199615073415],[-84.07355290404742,46.75208765077097],[-84.07337000399714,46.7521521507915],[-84.0731333039303,46.752221550815996],[-84.07283580384447,46.75229365084446],[-84.07261430378338,46.75237045086918],[-84.07227870369056,46.7524841509062],[-84.07213360365093,46.75253755092289],[-84.07192010359097,46.752602850945394],[-84.07174470354362,46.75267175096621],[-84.07146230346683,46.752778350999044],[-84.07126400341637,46.75288155102647],[-84.07109600338025,46.75302215105793],[-84.0709589033516,46.753143951084596],[-84.07079110332123,46.75333075112311],[-84.07065350328588,46.75339965114176],[-84.07056230326772,46.75348765116062],[-84.07048580325932,46.75361675118492],[-84.07044020325951,46.75373615120593],[-84.07044010327168,46.75383515122114],[-84.0704857033008,46.75395315123661],[-84.07063840336214,46.75405595124354],[-84.07086740344445,46.754131951241845],[-84.07109610352352,46.75418205123622],[-84.07138600362154,46.75422825122641],[-84.07153880367149,46.75423875121913],[-84.07171420372794,46.75424305120957],[-84.07190500379056,46.75425815120074],[-84.07217950388318,46.754300251191175],[-84.07229420392349,46.754330951189225],[-84.07236270394579,46.75433475118581],[-84.07241640396383,46.75434225118381],[-84.07249250399087,46.75436495118286],[-84.07254570400877,46.754372551180914],[-84.07257620402325,46.75441115118512],[-84.07262980404917,46.754482851192996],[-84.0726601040669,46.75454835120131],[-84.0727898041153,46.754605651202525],[-84.07286620414203,46.754624951201066],[-84.07299610418477,46.75463605119517],[-84.07306460421123,46.75467365119693],[-84.0731106042396,46.7547848512114],[-84.07311820425757,46.754910651230276],[-84.07307990426088,46.75503655125186],[-84.07306460427247,46.75516975127322],[-84.07305700428466,46.755288051291856],[-84.07299590428266,46.75542925131715],[-84.07288930425722,46.75549845133397],[-84.07273670421941,46.755585851356315],[-84.07256100417293,46.75566255137837],[-84.07236290411593,46.75571175139746],[-84.07225580408546,46.75574165140833],[-84.07204990402614,46.75579215142808],[-84.0718896039788,46.75582235144209],[-84.07169880392325,46.75586455145972],[-84.071447203852,46.75593655148544],[-84.07137090383101,46.755963351494024],[-84.07124890379725,46.75600495150751],[-84.0710352037396,46.756089451532986],[-84.07089040370425,46.75617655155483],[-84.07073770366279,46.756234651572676],[-84.07050880360023,46.75631845159886],[-84.07025690353262,46.7564208516293],[-84.07000530346706,46.75653895166214],[-84.06983720342434,46.75662665168542],[-84.0697078033926,46.75670325170473],[-84.06959300336446,46.75677165172199],[-84.0693261032988,46.75692845176162],[-84.06918890327448,46.75708515179371],[-84.06902070326367,46.7574316518568],[-84.06897530327149,46.7576117518871],[-84.06895230328617,46.75779005191587],[-84.06894460330263,46.75794325193987],[-84.06893690331891,46.75809535196374],[-84.06894470333934,46.7582402519855],[-84.0689601033599,46.758366952004096],[-84.06895240337522,46.75851115202673],[-84.06896760339892,46.758663752049266],[-84.06906670345741,46.75888165207696],[-84.06915060349912,46.7590031520908],[-84.06925000354312,46.759102852100284],[-84.06933390357788,46.7591680521054],[-84.06948630363482,46.75923595210699],[-84.0696162036809,46.75927415210529],[-84.06979900374435,46.759316452101096],[-84.0702339038844,46.75932845207758],[-84.07069940403741,46.75936655205627],[-84.07092080410885,46.75937405204454],[-84.07122610419896,46.75931635201785],[-84.07146240427294,46.75930555200242],[-84.07168370434043,46.75928155198577],[-84.07189750440718,46.759270251971586],[-84.07211850447943,46.75928565196105],[-84.07233970454845,46.75927405194637],[-84.072523004605,46.759259051933356],[-84.07272130466684,46.75924805192012],[-84.07290440472568,46.75925215191009],[-84.07308000478338,46.75926655190205],[-84.07330890486014,46.75929755189343],[-84.07351500493422,46.759366251891954],[-84.07374380501707,46.759446751891005],[-84.07398010510508,46.75954955189301],[-84.0741709051766,46.759636651895285],[-84.07460580534065,46.759843151901634],[-84.0749492054679,46.759988051903896],[-84.07532310560259,46.76011415190145],[-84.07555200568729,46.76020925190272],[-84.07570450574438,46.760278251904424],[-84.07610150588869,46.76042285190347],[-84.07637600598923,46.76052905190379],[-84.07664290608939,46.76065125190695],[-84.07689490618284,46.7607580519087],[-84.07720740629803,46.7608846519099],[-84.07730690633771,46.76094955191411],[-84.07739080637333,46.761021451920236],[-84.0774823064119,46.761097751926606],[-84.07755860644197,46.76114415192932],[-84.07763490647004,46.761174651929515],[-84.07772640650056,46.7611857519259],[-84.07789430655446,46.7611890519166],[-84.07803930659638,46.76115475190289],[-84.07812320662032,46.761132251894544],[-84.07823010665108,46.76110575188426],[-84.07841320670796,46.76109405187176],[-84.07850480673535,46.761079251864096],[-84.07863450677569,46.76107125185531],[-84.07874130680779,46.76105605184674],[-84.07890130686059,46.76107085183971],[-84.07900070689469,46.76109065183691],[-84.07909210692951,46.761136551838675],[-84.0791762069699,46.761246851850736],[-84.07919890699178,46.76136545186758],[-84.07918380700914,46.76154475189603],[-84.07919120703025,46.761696351918935],[-84.07923710706277,46.76184145193855],[-84.0793361071307,46.76213575197795],[-84.07932110713763,46.76223065199342],[-84.07927530714001,46.76236805201724],[-84.07921420713801,46.762509152042455],[-84.0790999071181,46.76264275206969],[-84.07899300709914,46.762764852094676],[-84.07884030706798,46.762906252125326],[-84.07871050704163,46.76302785215159],[-84.07855820701158,46.76317705218336],[-84.07843590698343,46.763264752204044],[-84.0782759069476,46.76338715223211],[-84.0781386069132,46.76346285225179],[-84.0779629068677,46.76354745227501],[-84.07785620684017,46.763599852289325],[-84.07778740682353,46.763642152299845],[-84.07768050679368,46.76367655231138],[-84.07756640676025,46.76369985232158],[-84.07742120671683,46.763722952333616],[-84.07726120666862,46.7637452523464],[-84.07705490660011,46.763722652354936],[-84.0767803065084,46.76368845236575],[-84.07655890643167,46.763638152370945],[-84.07629960634063,46.76356975237552],[-84.07607830626586,46.76353515238312],[-84.07591040620959,46.763512752389495],[-84.07576540615959,46.763481752393155],[-84.07561310610737,46.76345205239752],[-84.0755216060777,46.7634477524022],[-84.07542990604756,46.76344015240638],[-84.07526970599707,46.76344445241639],[-84.0750635059351,46.76347475243305],[-84.0749417058949,46.76346335243841],[-84.07479660584917,46.76346725244749],[-84.07460610578882,46.76347015245904],[-84.07410230563919,46.763557952501934],[-84.07387330557104,46.763596752521224],[-84.07367510551829,46.76368085254577],[-84.07351500547335,46.763730152562665],[-84.0732629054091,46.76385955259726],[-84.07302660535221,46.764008752634],[-84.07282810530496,46.764137852665385],[-84.07253830523486,46.76431775270993],[-84.07225600517084,46.76452785275868],[-84.07198120510688,46.76471855280404],[-84.07177540506389,46.76490075284403],[-84.0715845050258,46.76508475288344],[-84.07138630499,46.76530605292904],[-84.07121830495814,46.76548155296581],[-84.07111170494068,46.76561495299251],[-84.07100480493062,46.76580905302857],[-84.07094370493661,46.76601545306386],[-84.07091310495464,46.76624015310018],[-84.07085220496728,46.76649945314357],[-84.0708370049936,46.76675185318325],[-84.07085230502724,46.76698425321808],[-84.07087520506377,46.76722105325311],[-84.07090560510117,46.76744525328578],[-84.07090570512904,46.76767025332035],[-84.07086720513995,46.76785805335146],[-84.07082180514763,46.76803695338162],[-84.07077570515033,46.76817775340594],[-84.07073010515136,46.768303853427966],[-84.07066910514526,46.768411253448015],[-84.07058520512832,46.76849105346521],[-84.07044030508924,46.76854785348238],[-84.07018820501266,46.768578253501786],[-84.06996700494265,46.76858195351523],[-84.06969230485323,46.768566853528945],[-84.06914300466839,46.768487053548704],[-84.06889880459015,46.76848345356243],[-84.06866240451618,46.768494353577836],[-84.06848680445749,46.76847205358473],[-84.06834960441093,46.768448753589134],[-84.06820490436345,46.76843795359593],[-84.06802930431118,46.7684674536107],[-84.0678460042566,46.7684982536261],[-84.0677010042146,46.76853255363981],[-84.06750290415772,46.76858285365911],[-84.06734250411367,46.76864005367727],[-84.06712890405826,46.76874245370547],[-84.06695320400843,46.76879215372333],[-84.06673190394274,46.76883075374223],[-84.06651850388323,46.76889945376522],[-84.0661905037998,46.76907025381057],[-84.06606850376805,46.76912755382652],[-84.06584700370794,46.76921225385246],[-84.06547310360105,46.76931115388948],[-84.06529020354556,46.76933405390366],[-84.06509950348672,46.769349253917134],[-84.06494700344099,46.769372453929584],[-84.06477150338884,46.76940305394451],[-84.06462620334527,46.76942495395632],[-84.06440520327781,46.769448853972925],[-84.06426790323535,46.76945935398253],[-84.06413800319733,46.769486453994276],[-84.06397770314997,46.76951655400826],[-84.06390160312765,46.76953215401506],[-84.06384830311308,46.76955155402122],[-84.06377960309408,46.76957475402878],[-84.06368790307471,46.76965485404643],[-84.06359650306399,46.76980355407461],[-84.06356600306982,46.769929254095715],[-84.06355060307241,46.76999045410598],[-84.06349730307565,46.77015385413421],[-84.06349720308982,46.77026855415181],[-84.06349730310873,46.770421554175336],[-84.0634970031142,46.77046655418226],[-84.06350470312805,46.77055865419599],[-84.06353530315995,46.770737854221736],[-84.06356590318195,46.77083715423519],[-84.0636191032069,46.7709020542421],[-84.06368040323683,46.77098595425141],[-84.06377940327539,46.77104295425437],[-84.0638939033222,46.77112645426053],[-84.06399290336094,46.77118455426366],[-84.06412280340787,46.77122945426302],[-84.06422970344573,46.77126035426149],[-84.0643287034788,46.77127235425758],[-84.06447380352634,46.77128305425079],[-84.06461090356383,46.77123325423508],[-84.06483230363062,46.77120255421747],[-84.06493900366428,46.771199654210776],[-84.06509160371098,46.77118435419955],[-84.06525960375502,46.77110785417803],[-84.06536640377912,46.771027354159386],[-84.06554960381393,46.77083685411941],[-84.06561830381695,46.770684254091975],[-84.06569440382704,46.7705696540699],[-84.06580150385277,46.770501554053226],[-84.06587750387129,46.770455654041704],[-84.06599180389915,46.770386254024416],[-84.06609870392714,46.77033725401066],[-84.06638880400502,46.77021925397556],[-84.06657930405711,46.770149953953826],[-84.06675510410463,46.770081153933006],[-84.06696110416792,46.77006215391805],[-84.06725880425479,46.76999785389079],[-84.0674797043224,46.76997505387438],[-84.06778490441484,46.76993655385069],[-84.06789950444764,46.769906453839376],[-84.0681664045265,46.76985655381614],[-84.06840290459718,46.76981865379649],[-84.06860160465817,46.769799853782],[-84.06885330474014,46.7698144537696],[-84.06910490482976,46.769890953766655],[-84.06934920492266,46.77001265377111],[-84.0694025049443,46.77005055377382],[-84.06958580502018,46.770191953784824],[-84.06978400509519,46.77028785378801],[-84.0699825051735,46.77040965379513],[-84.07002050518891,46.770436753797085],[-84.07018830525737,46.77055825380599],[-84.07032570531156,46.77064225381086],[-84.0704782053705,46.770725953814804],[-84.07060040542318,46.77083745382483],[-84.07066120545377,46.770928053835206],[-84.07074520549571,46.771050653849166],[-84.07076830551769,46.77116925386602],[-84.07074540553012,46.771328553891834],[-84.07071480552936,46.77140135390481],[-84.07066920552427,46.77147795391924],[-84.07058500551204,46.771596053942254],[-84.07044010547288,46.77165285395948],[-84.07024160542147,46.77174815398569],[-84.06995930534148,46.771828854014565],[-84.06974580528198,46.77189765403756],[-84.06953200522516,46.77198885406408],[-84.06932610517372,46.7721035540937],[-84.06919660514191,46.77218015411304],[-84.06908190511146,46.772229354127276],[-84.06886840505524,46.77232505415446],[-84.06857840499724,46.77260285421404],[-84.06845660497396,46.77272875424051],[-84.06835720495503,46.77283155426208],[-84.06825780494314,46.77299165429249],[-84.06808250490482,46.77313365432452],[-84.06799110489314,46.77327445435148],[-84.06789180488319,46.773450354384345],[-84.06774700486676,46.77369055442963],[-84.06765550486308,46.77389655446668],[-84.06764010487896,46.7740646544934],[-84.06760190488791,46.7742355545219],[-84.06754070488486,46.774368754545925],[-84.06751030489092,46.774495654567176],[-84.06747990489438,46.77460215458533],[-84.06745680489459,46.77466355459612],[-84.06742640489807,46.77477015461424],[-84.06739570489815,46.77484965462826],[-84.06730420487654,46.774910654642945],[-84.06722030485079,46.77491855464906],[-84.06710620481633,46.77493395465809],[-84.06698380477827,46.77494175466642],[-84.06686950474695,46.774983054679446],[-84.06675490471767,46.77504125469509],[-84.0666253046847,46.77510885471301],[-84.06648030464373,46.77515095472798],[-84.06630480458978,46.7751669547406],[-84.0661524045384,46.77514405474602],[-84.06594610446737,46.77510115475149],[-84.0658165044237,46.775082154756134],[-84.06569440438102,46.77505165475852],[-84.06561800435531,46.77504025476129],[-84.06552670432248,46.77501005476194],[-84.06546560429831,46.77497235475969],[-84.06541990426821,46.77484645474302],[-84.06544280425668,46.774693954718245],[-84.06550370425528,46.774525754688895],[-84.06552660424468,46.77438115466535],[-84.06555720423555,46.7742284546401],[-84.06558750423287,46.77412865462301],[-84.06560270421555,46.77394935459456],[-84.06558780418638,46.77375175456505],[-84.06554960415862,46.773625654547914],[-84.0655189041366,46.773526354534454],[-84.06541990408992,46.77340415452144],[-84.06529780403739,46.77329385451165],[-84.06519860399209,46.773182854500384],[-84.06510680395479,46.773117854495744],[-84.06504600393212,46.773091354495236],[-84.0649163038847,46.7730419544952],[-84.06484770385961,46.77301565449515],[-84.06471020381058,46.77297325449667],[-84.06461860377902,46.77295425449909],[-84.06448890373244,46.77291165450008],[-84.0643366036802,46.772881954504435],[-84.0642602036545,46.77287055450712],[-84.06409990360285,46.772865854515786],[-84.06391690354737,46.772888754529966],[-84.06381000351668,46.77291635454044],[-84.0636879034829,46.772957854553965],[-84.06359640345752,46.77298845456399],[-84.06347430342196,46.77301535457522],[-84.06337490338879,46.773003354579224],[-84.0632988033584,46.772953654575964],[-84.06323010332856,46.77288915457005],[-84.0631765032983,46.77278255455684],[-84.06308520325742,46.77268715454748],[-84.06296320321147,46.77262965454579],[-84.06272630313454,46.772617954557795],[-84.06259680309383,46.772622554566055],[-84.06245930305187,46.772637554576434],[-84.06229930300364,46.772659754589135],[-84.06214670295888,46.77269085460283],[-84.06197110290904,46.77274055462068],[-84.06187970288416,46.77277455463128],[-84.06178800285775,46.7727972546401],[-84.06171950283921,46.7728238546482],[-84.06163550282008,46.7728857546626],[-84.06153640279842,46.772965954680714],[-84.06146740279378,46.77310615470626],[-84.06141430279762,46.7732741547352],[-84.06139880281063,46.773419654758435],[-84.06138380283453,46.77365185479502],[-84.06142940287172,46.77383505482049],[-84.06152100292121,46.77399915484037],[-84.0616431029828,46.77418265486141],[-84.06174980303702,46.77434625488034],[-84.0618112030778,46.7745178549031],[-84.06183410311627,46.774770354940564],[-84.0618338031387,46.77495265496857],[-84.06184140316572,46.775151554998686],[-84.0618032031855,46.77541015504064],[-84.06175020319746,46.77564335507958],[-84.06167360319706,46.77583775511391],[-84.06158230319205,46.77603265514917],[-84.06151340318328,46.77613905516955],[-84.06142190316974,46.776265255194275],[-84.06135340315733,46.77634135520998],[-84.06126930314188,46.77643365522906],[-84.06119300312703,46.776509955245224],[-84.06114730311901,46.77656285525603],[-84.06089530305334,46.776681055288854],[-84.06078080302349,46.77673465530378],[-84.06067400300022,46.77682195532345],[-84.06052140296437,46.77692505534819],[-84.06036150292518,46.77702045537218],[-84.06018590288193,46.777122955398156],[-84.06002570283944,46.7771925554182],[-84.05988840280605,46.77727605543907],[-84.0597435027698,46.77735645545987],[-84.05960590273212,46.77740625547555],[-84.05949940270423,46.77745525548927],[-84.05939230267673,46.77750875550372],[-84.05930830265508,46.77755035551503],[-84.05920170262971,46.777619555531864],[-84.05911010260802,46.77768055554659],[-84.05907970261053,46.777779255563516],[-84.05904920260842,46.77784075557475],[-84.05896530259157,46.77792065559193],[-84.05895000259424,46.77798185560223],[-84.05893480259742,46.77804635561303],[-84.05888900259367,46.77813415562915],[-84.0587743025533,46.778103555631134],[-84.05869800252339,46.77805825562868],[-84.05862940249916,46.77803875562967],[-84.05852260246893,46.77806975564065],[-84.05836240242303,46.77811115565633],[-84.05796560230077,46.77814535568476],[-84.05753860217003,46.77818835571628],[-84.05729430209594,46.77821845573516],[-84.05707300202586,46.77822215574862],[-84.05682880194857,46.77822645576353],[-84.05656190186164,46.77821105577674],[-84.05634050178683,46.77817645578435],[-84.05612670170781,46.77808885578339],[-84.05592070163034,46.7779930557807],[-84.05569190154235,46.777870955775285],[-84.05547830145927,46.777749555769084],[-84.05532570140116,46.77767255576612],[-84.05519610135039,46.777596155761984],[-84.0550663013035,46.77755125576262],[-84.05495950125436,46.77742925575015],[-84.05486030120392,46.77727665573246],[-84.05485270118025,46.777104755706475],[-84.05488330116306,46.77688675567125],[-84.0548986011548,46.776780655653994],[-84.05485260112458,46.776654755637345],[-84.05479940108823,46.7764975556163],[-84.05475340105801,46.77637165559963],[-84.0547153010322,46.77626125558492],[-84.05468470101114,46.77616985557263],[-84.05469260099153,46.77599075554468],[-84.05475350099017,46.775822655515334],[-84.0548680010068,46.775662055483934],[-84.05495190102089,46.77555975546335],[-84.05506630103098,46.77534625542385],[-84.0551730010442,46.77517805539182],[-84.05531810105506,46.77489185533936],[-84.055401901061,46.77472415530871],[-84.05546300106725,46.77461685528863],[-84.05547830106079,46.7745252552737],[-84.05550890105974,46.774437855258434],[-84.0555469010563,46.77431195523689],[-84.05558510106,46.77424345522413],[-84.05566930108031,46.77419055521114],[-84.05577590111002,46.7741562551996],[-84.05588270113783,46.77410605518568],[-84.05594380114503,46.77400655516681],[-84.05597420114059,46.77389215514748],[-84.05601230112966,46.77370555511658],[-84.05596650108906,46.77349525508694],[-84.05595160106088,46.77330555505866],[-84.05595150103997,46.77313675503273],[-84.0559436010239,46.77302675501628],[-84.05591320099957,46.77290825499986],[-84.05589030097994,46.77280875498588],[-84.0558904009711,46.772736754974815],[-84.05585970094805,46.772629554960155],[-84.05579890091737,46.77253785494962],[-84.05569940087767,46.77247305494545],[-84.05543250077373,46.77232035493755],[-84.0553183007294,46.772255954934316],[-84.05517300067608,46.77219905493406],[-84.05500530061832,46.772164154938466],[-84.05482200055759,46.77214545494628],[-84.05464670049888,46.772122054952945],[-84.05444810043274,46.77209915496096],[-84.05433370039586,46.7720954549671],[-84.05415830033954,46.77209235497684],[-84.05401350029624,46.772115254988826],[-84.05386860025277,46.77213715500063],[-84.0537770002256,46.772153155008446],[-84.05369300020395,46.77219475501972],[-84.05360910019613,46.77234775504814],[-84.0535634002023,46.77251545507657],[-84.05348700019445,46.772649155101576],[-84.05340300018185,46.772763855124076],[-84.0533037001667,46.77289705515033],[-84.0532198001498,46.77297685516753],[-84.05308270013116,46.77317965520664],[-84.05311300015863,46.77332395522709],[-84.05314350018956,46.773495255251596],[-84.05300610017734,46.77375095529894],[-84.05292260017394,46.77393875533266],[-84.05284620016518,46.77406455535641],[-84.05272420014224,46.77419385538342],[-84.05264000013098,46.77431985540767],[-84.05254850011923,46.77446065543464],[-84.0524646001114,46.77461365546305],[-84.05238060009962,46.77473515548659],[-84.05231950009248,46.77483465550547],[-84.05223570007756,46.77493025552506],[-84.05216690006648,46.775017555542455],[-84.0520679000458,46.77510575556177],[-84.05196100002487,46.775212055584376],[-84.05183909999977,46.7753233556086],[-84.05179339998996,46.77536165561711],[-84.05171669997061,46.77540315562798],[-84.05163319994836,46.77543795563816],[-84.05154149992188,46.77546065564705],[-84.05145009989602,46.77548675565635],[-84.05134289986569,46.775517755667394],[-84.05119049982319,46.77556675568381],[-84.05102939978094,46.77564035570452],[-84.05106089980453,46.77575025571956],[-84.05117509989286,46.7761701557774],[-84.05128959998638,46.776631755841656],[-84.05136600004704,46.77692555588233],[-84.05177790037155,46.77848955609863],[-84.05189990046235,46.778909356155985],[-84.05260210101989,46.781609656529874],[-84.05260180103537,46.7817356565492],[-84.05261720105676,46.781869156568824],[-84.05264010107403,46.78194955657982],[-84.05270870112497,46.78218505661205],[-84.05274680115413,46.782322456630894],[-84.05275440118214,46.782529256662215],[-84.05279290122023,46.7827385566921],[-84.05284600125842,46.78291045671542],[-84.05293020130458,46.78306675673455],[-84.0530447013614,46.78323135675314],[-84.05312100140833,46.78341385677673],[-84.05320490145202,46.783551056792874],[-84.0533268015201,46.78378745682208],[-84.05341830156955,46.78395155684197],[-84.05360160166435,46.78424585687648],[-84.05372350172337,46.78440915689446],[-84.05393700181784,46.7846227569148],[-84.05410490189738,46.78483315693733],[-84.05430330198692,46.78504615695846],[-84.05451690208237,46.78526765698002],[-84.0547613022041,46.78562225702026],[-84.05487560226659,46.78583295704592],[-84.05495950230933,46.78596235706089],[-84.05507390236046,46.78608075707242],[-84.05515030239417,46.78615635707958],[-84.05519600241107,46.786175357079834],[-84.05532580247034,46.78632045709454],[-84.05547840254549,46.78653455711852],[-84.05556230259018,46.78667975713595],[-84.0558447027353,46.7871255571879],[-84.05603530282671,46.78737355721487],[-84.05614980287827,46.78749535722688],[-84.05629460295177,46.787716557252395],[-84.05659990310583,46.78817525730506],[-84.05679050320379,46.78847615734016],[-84.05833200403144,46.79119565766784],[-84.05991130486848,46.79389275798979],[-84.0601323049762,46.794193958023165],[-84.06033840508395,46.7945338580633],[-84.06049880516333,46.79476235808901],[-84.06069730525408,46.794984358111506],[-84.0609032053446,46.79518585813044],[-84.0610788054191,46.79533525814313],[-84.06126180549253,46.795457458151226],[-84.06147550557999,46.79561375816271],[-84.06181880570499,46.79573955816202],[-84.06225370586759,46.79593375816647],[-84.06265790600972,46.7960410581593],[-84.06292490610363,46.79611265815473],[-84.06336750625609,46.79620435814295],[-84.063794806406,46.796315458135076],[-84.06426040656248,46.796380658117904],[-84.0647716067301,46.79641865809392],[-84.0649545067879,46.796414858082656],[-84.06530560690545,46.79646065806913],[-84.06571750704903,46.79655985806034],[-84.06610660719096,46.79670465805984],[-84.06650340733349,46.79683465805666],[-84.06691530748499,46.79699795805769],[-84.0671063075596,46.79710865806349],[-84.06742660768052,46.79726095806823],[-84.06773920780805,46.797486558084564],[-84.06804460793083,46.79769215809831],[-84.06844150809752,46.79801675812495],[-84.06860910817167,46.7981843581409],[-84.06886870829074,46.7984777581708],[-84.06915870842427,46.7988097582048],[-84.0695170086008,46.799313158261164],[-84.06972330869735,46.799561858287284],[-84.06998270881873,46.79987435832012],[-84.07033330896967,46.80019115834826],[-84.07051660904642,46.800339258360296],[-84.07087530918629,46.800545658371036],[-84.07235550977754,46.80151045843265],[-84.07275980993667,46.80175495844659],[-84.07288940999076,46.801858358454886],[-84.07304951005786,46.801987958465475],[-84.07312581008692,46.802026458466884],[-84.07327111014261,46.802102358470044],[-84.07344651021215,46.802212458476745],[-84.07362181028222,46.802326958484066],[-84.07388881038148,46.80244125848602],[-84.07412551047122,46.802556458489875],[-84.07442311057352,46.802617058481765],[-84.07474351068223,46.80267025847124],[-84.07507931080251,46.80277715846803],[-84.07540721091456,46.80283805845821],[-84.07588801107397,46.80288815843785],[-84.07624631119953,46.802979758430986],[-84.07644471126751,46.80301825842528],[-84.0766967113587,46.803105958423984],[-84.07702481147315,46.80318605841718],[-84.07739851160594,46.80329635841223],[-84.07775711174003,46.80345655841591],[-84.07818431189416,46.80360145841315],[-84.07835221195278,46.80364305840977],[-84.07848981200469,46.80370795841168],[-84.0787339120859,46.80373515840163],[-84.07911501221147,46.80376875838452],[-84.07961891238726,46.803891358373896],[-84.08012991256055,46.80397545835691],[-84.0804504126683,46.80402085834514],[-84.08086231281088,46.80411205833513],[-84.08128961296318,46.80424235833012],[-84.08219001329829,46.80463095833716],[-84.08235781336123,46.8047073583391],[-84.08259431345557,46.80486075834881],[-84.08289981358038,46.805082058364924],[-84.08314371368682,46.80531395838623],[-84.0834034138061,46.8056084584163],[-84.08361671390136,46.80582885843765],[-84.0837618139718,46.80602405845914],[-84.08393731405127,46.80621395847799],[-84.08416601416867,46.80657335851979],[-84.08434941426782,46.80690145855941],[-84.0845475143739,46.807248258601035],[-84.08466211442985,46.8074048586184],[-84.08474611447267,46.807534258633346],[-84.08488341453341,46.807671158646286],[-84.08509711461093,46.80774745864554],[-84.0852419146657,46.807816758647675],[-84.08548591475382,46.80790015864622],[-84.08579131486917,46.808046058650746],[-84.08627201504072,46.80819395864537],[-84.08849991583918,46.80890775862472],[-84.08880521594833,46.809003058621485],[-84.08897291601455,46.80910645862756],[-84.08921691610978,46.80924725863489],[-84.08953741624222,46.80949175865368],[-84.08978911635315,46.80973915867692],[-84.0899420164393,46.81004105871431],[-84.09009461653426,46.81041495876275],[-84.09013261658083,46.810692858803186],[-84.09014031662024,46.810990758848405],[-84.09014021665284,46.811254058888835],[-84.09017061668574,46.81144115891575],[-84.09017071671599,46.811685258953176],[-84.0901935167345,46.81177575896573],[-84.09026211680568,46.81217325902272],[-84.09031581685633,46.81244405906113],[-84.09039201691094,46.81268835909412],[-84.09048361696189,46.812863659115685],[-84.09062111702741,46.813038759134464],[-84.09075821709376,46.81322185915457],[-84.09092611716765,46.81338605916997],[-84.09117031726865,46.81357295918432],[-84.09152871740751,46.81377135919381],[-84.0918186175165,46.81390525919745],[-84.09220791765851,46.81405005919688],[-84.09243691773754,46.81409895919102],[-84.09281051786901,46.81419905918454],[-84.09329121803499,46.81430195917221],[-84.09374911819127,46.81438515915823],[-84.09417631833783,46.81446925914613],[-84.0947485185307,46.814553859125645],[-84.09545831877153,46.81467195910227],[-84.09621341902916,46.814808959079144],[-84.09671711920336,46.814919059066604],[-84.09761741951205,46.815094959040934],[-84.09797601963632,46.815175259032266],[-84.09865511986736,46.81529295901064],[-84.09967732021532,46.81547225897833],[-84.10002052032901,46.81550685896362],[-84.10028792042084,46.81556035895619],[-84.10067682055481,46.815640958945785],[-84.1010353206737,46.815678458930606],[-84.10144002080507,46.81569785890991],[-84.10179082091439,46.81567815888638],[-84.10195102096364,46.8156637588748],[-84.10224112105375,46.81564465885487],[-84.10256882115722,46.81563685883452],[-84.10304222130144,46.8155834587987],[-84.1033853214042,46.81553035877048],[-84.10388912155285,46.815434558726345],[-84.10440792170974,46.815366458685524],[-84.10490362186056,46.815309058647735],[-84.10542242201396,46.815212858602614],[-84.10594902217427,46.81515245856256],[-84.10636862230278,46.81511065853166],[-84.10691042247069,46.81507235849406],[-84.1072916225864,46.81502595846468],[-84.10803162281985,46.81500695841848],[-84.10813102285205,46.81501105841332],[-84.10838282293184,46.815007558398065],[-84.10871852304452,46.81505355838548],[-84.10900842314443,46.815114358377826],[-84.10927572323723,46.81517565837162],[-84.10964152336695,46.815281558366465],[-84.10996222348379,46.81539995836582],[-84.11011462353859,46.81544985836459],[-84.11033622361961,46.81553385836452],[-84.11064122373674,46.81569425837126],[-84.11069462375744,46.815724358372755],[-84.11096182385772,46.81584645837586],[-84.11107632390004,46.81589285837631],[-84.11129722398027,46.81597235837554],[-84.11182372417458,46.8161863583776],[-84.11202982424739,46.81624375837434],[-84.11242672438605,46.81634205836618],[-84.11294542456983,46.81649105835867],[-84.11303692460287,46.816522358358164],[-84.1132278246741,46.81660605835985],[-84.11328122469149,46.81660905835717],[-84.11382272487351,46.816685458337226],[-84.11416632499065,46.81674695832651],[-84.114669525167,46.816876158316894],[-84.11509702531602,46.8169792583077],[-84.11548632545242,46.81707885830017],[-84.1160201256287,46.81712845827658],[-84.11670702586314,46.81725375825563],[-84.11693572594318,46.81731165825113],[-84.11760732617938,46.81749015823916],[-84.11832432643246,46.81768885822769],[-84.11912552673184,46.81804385823527],[-84.11966732692723,46.818227158231664],[-84.1202546271508,46.818520458242304],[-84.12094132742554,46.81897085827114],[-84.12196372783517,46.81964605831491],[-84.12284122818997,46.820252058356466],[-84.12379482858155,46.820958458408924],[-84.12427542877775,46.821305258433966],[-84.1246646289354,46.821575858452704],[-84.12509202913091,46.82205355850095],[-84.12539712929625,46.82260215856714],[-84.12550392936642,46.822892858605506],[-84.12558032942013,46.8231292586373],[-84.1257100295031,46.82346435868104],[-84.1259388296462,46.82402955875427],[-84.1261754297623,46.82435725879068],[-84.12641962987995,46.824677958825525],[-84.12663322998682,46.82499045886093],[-84.12689263010593,46.82528375889072],[-84.12724353026798,46.825688158932195],[-84.12754863040789,46.82603185896699],[-84.12776233052811,46.82645135901883],[-84.12789973062254,46.826859259073274],[-84.12796083070694,46.8273818591498],[-84.12793793079452,46.82814525926813],[-84.1278310308282,46.82869045935801],[-84.12770893089218,46.82951835949203],[-84.12761753088627,46.829705359526],[-84.12751823087554,46.82987345955759],[-84.12748003088235,46.83002635958325],[-84.1274724309022,46.830205459611165],[-84.12747243091114,46.83027745962219],[-84.12748023092274,46.83035035963294],[-84.12747253092881,46.83041925964392],[-84.12749533094886,46.830522059658364],[-84.1275183309652,46.83059455966812],[-84.12755633098628,46.830666659676965],[-84.12758693100358,46.83072765968448],[-84.12762503102624,46.830812159695206],[-84.12767083105075,46.83089185970476],[-84.12770893106864,46.83093815970964],[-84.12775483109455,46.83102905972085],[-84.1278539311413,46.831151259733794],[-84.12789203115922,46.83119745973864],[-84.12795323118858,46.8312767597472],[-84.1280141312152,46.83133475975253],[-84.12808273124267,46.83138015975545],[-84.12816683127663,46.83143745975934],[-84.1282278313007,46.83147515976156],[-84.12830413133318,46.8315405597671],[-84.12837273135968,46.83157805976886],[-84.12841863137866,46.831612859771475],[-84.1284872314043,46.83164355977213],[-84.12852533141971,46.83166955977393],[-84.1286397314633,46.831727159776044],[-84.1287008314866,46.831758059777215],[-84.12888393155104,46.831807059774],[-84.12896033157878,46.831834259773686],[-84.12902133160293,46.831871959775896],[-84.12912813164496,46.831936559779514],[-84.12920433167305,46.831967059779785],[-84.12931893171769,46.83203255978311],[-84.12940283175158,46.83208985978695],[-84.12966213185499,46.83225715979739],[-84.12969273186815,46.83228445979978],[-84.1297460318908,46.83233025980369],[-84.12979943191255,46.83236815980638],[-84.12982993192787,46.83241345981155],[-84.12988343194976,46.83245245981439],[-84.12992153196654,46.832489659817874],[-84.12998263199266,46.832543159822485],[-84.1300359320177,46.83260805982929],[-84.1300971320444,46.83266595983457],[-84.13018093208443,46.83277285984604],[-84.1302268321085,46.8328491598551],[-84.13026503213064,46.83292915986509],[-84.13030303215075,46.832993359872695],[-84.13033373217046,46.833073559883196],[-84.13034133218433,46.83316555989684],[-84.1303793322064,46.83324555990692],[-84.1304099322289,46.83334815992084],[-84.13043283224715,46.83343645993303],[-84.13045583226587,46.83352805994569],[-84.13048623228931,46.83363855996084],[-84.13051673230562,46.833691759967245],[-84.13053203231956,46.83376445997748],[-84.13057023233972,46.83382865998506],[-84.13060823236088,46.8339018599941],[-84.13063873238063,46.833982060004544],[-84.13067703240412,46.83407326001632],[-84.13074553245201,46.834282860044425],[-84.13077623247514,46.834390060059],[-84.13082183250576,46.83451926007614],[-84.13086773253043,46.83460016008585],[-84.13092883256351,46.834709860099075],[-84.13098983259437,46.834801560109604],[-84.13106603263338,46.83491986012327],[-84.13114233266582,46.834985260128796],[-84.13118813268937,46.835057160137154],[-84.13126443272655,46.835160760148554],[-84.13133323275846,46.83524106015681],[-84.13140173278732,46.83529766016149],[-84.13163823288689,46.83549256017748],[-84.13168403290959,46.8355576601848],[-84.13173763293474,46.8356225601916],[-84.13177563295109,46.835656360194584],[-84.13183673297759,46.835713260199675],[-84.13197393303176,46.83579726020453],[-84.13205043306095,46.83583566020591],[-84.13214193309385,46.835865760205174],[-84.13219543311573,46.83590476020804],[-84.13229453315297,46.83595046020923],[-84.13233253316749,46.83596966020994],[-84.1323936331926,46.83601526021338],[-84.13248523322795,46.836064460215525],[-84.13256143325795,46.836110760218155],[-84.13259963327336,46.83613666021992],[-84.13266073330426,46.83622836023037],[-84.13272173333269,46.83630096023794],[-84.13276753335678,46.836377360246985],[-84.13284373339106,46.836457360254734],[-84.13290483341854,46.836522060261075],[-84.1329811334542,46.836613360270604],[-84.13301923347352,46.83667086027722],[-84.13305743349139,46.836717060282034],[-84.13310313351927,46.83682376029572],[-84.13313363353936,46.836907360306704],[-84.13317943356779,46.83701856032108],[-84.13324823361678,46.83723606035038],[-84.13328643364224,46.83734296036453],[-84.1333015336617,46.83746076038168],[-84.13333203368849,46.83759826040096],[-84.13335493371142,46.83772366041882],[-84.13340833376066,46.83798316045549],[-84.13340073376959,46.838074460469926],[-84.13338543377807,46.83818176048722],[-84.13337783379038,46.83830016050583],[-84.13335503379871,46.838425660526354],[-84.13334733381197,46.83855186054617],[-84.1333169338165,46.8386662605655],[-84.13297343377441,46.83920786066856],[-84.1329049337626,46.8392884606849],[-84.13283623374916,46.83935666069942],[-84.13277523373878,46.83942926071408],[-84.13269883372153,46.83948646072733],[-84.13263793371115,46.83955896074198],[-84.13258433370306,46.83963136075625],[-84.13253103369229,46.83968116076699],[-84.1324471336797,46.839794860789304],[-84.13238603367019,46.83987526080521],[-84.13233253366553,46.839974660823586],[-84.13227163365471,46.840043760837744],[-84.13221813365082,46.840149860857125],[-84.13218773364926,46.84021486086886],[-84.13215713365037,46.84030226088404],[-84.13212663365165,46.84039086089941],[-84.13210373365243,46.840455660910656],[-84.13210373366333,46.840543360924144],[-84.13209613367226,46.84063466093852],[-84.13210363368596,46.84072566095202],[-84.13211903369948,46.840794960961745],[-84.13211903371318,46.84090516097862],[-84.13214183373186,46.84099686099138],[-84.13216473374916,46.84107716100232],[-84.13217243376725,46.8412029610211],[-84.13221813379312,46.84129396103243],[-84.13225633381776,46.841394161045514],[-84.13230203384026,46.841458161052664],[-84.13234793386401,46.84153116106113],[-84.13240133389009,46.84160396106915],[-84.13244703391261,46.8416679610763],[-84.13250033393668,46.84172496108192],[-84.13256153396522,46.84179756108943],[-84.13263783400004,46.84188206109791],[-84.13269883402852,46.841954661105454],[-84.13274453404964,46.842007461110875],[-84.13280573407872,46.842084461119114],[-84.13295053415096,46.842294261142754],[-84.133026834189,46.84240466115519],[-84.1330956342265,46.84252996117034],[-84.13314903425261,46.842602761178355],[-84.13319483427865,46.84269486118979],[-84.13322543431309,46.84289316121841],[-84.13319473436258,46.84336986129322],[-84.13316433436857,46.84349556131425],[-84.13311863436964,46.84362166133624],[-84.13308793437315,46.843728261354364],[-84.13304233437191,46.843835261373435],[-84.132981134368,46.84396066139623],[-84.13292013437191,46.84414796142848],[-84.13288953437778,46.844273661449556],[-84.13284373437833,46.8443953614709],[-84.13280563438852,46.844575261500665],[-84.1327979344018,46.84470146152046],[-84.13276753440674,46.84481926154028],[-84.13275993442086,46.84495226156112],[-84.13276763443675,46.84506006157713],[-84.1327980344602,46.84517056159227],[-84.1328209344765,46.84524306160209],[-84.13285913449862,46.84532306161207],[-84.13288963451731,46.84539526162132],[-84.13295073454823,46.84548696163184],[-84.13301163458046,46.845589961644016],[-84.13307273461132,46.84568166165451],[-84.13312613463823,46.84576116166353],[-84.13317193466236,46.845837561672575],[-84.13337023474932,46.84602896169029],[-84.13354563482366,46.84617716170273],[-84.13369833488987,46.846318161715345],[-84.13379763493396,46.8464177617248],[-84.13385853495903,46.84646336172823],[-84.1339731350017,46.84651306172912],[-84.13406453503659,46.84655896173076],[-84.13415603507045,46.84659696173126],[-84.13423993510432,46.84665426173509],[-84.13434693514311,46.8466918617346],[-84.13443833517847,46.84674226173694],[-84.13448423519647,46.846769061738364],[-84.13455293522206,46.84679876173892],[-84.1346368352545,46.84684476174105],[-84.1347437352924,46.846875561739495],[-84.1348352353249,46.84690236173824],[-84.13492673535681,46.84692456173628],[-84.13501833538852,46.84694456173397],[-84.13511753542248,46.84696326173102],[-84.13527003547725,46.84701306172974],[-84.13539213551994,46.84704346172724],[-84.13550663556023,46.84707406172522],[-84.13562103559899,46.84709226172131],[-84.13572783563683,46.84712316171979],[-84.13584233567816,46.847161561718956],[-84.13593383570868,46.84717256171526],[-84.13602543574174,46.84720386171468],[-84.13615503578585,46.84722616171052],[-84.13623133581257,46.84724546170902],[-84.13632293584503,46.847272161707714],[-84.13639923587223,46.84729486170671],[-84.13668153596974,46.84735576169955],[-84.13693323605708,46.84741296169352],[-84.13778013636593,46.8477260616919],[-84.13838303659232,46.84800086169867],[-84.13919943690331,46.84840936171339],[-84.13998533721555,46.84890526174328],[-84.14032093734374,46.84907606174982],[-84.14088553754753,46.84926756174604],[-84.14157973777533,46.84932046171348],[-84.14225113800256,46.84942696169047],[-84.14308293830193,46.84970216168386],[-84.14443333878114,46.85009476166484],[-84.14532603910419,46.850404361659976],[-84.14626443943784,46.8506822616475],[-84.14688233966655,46.85093756165036],[-84.14751583992313,46.85137686168058],[-84.14791254010032,46.85178446171969],[-84.14813374021404,46.85213156175989],[-84.14833224032719,46.8525322618096],[-84.14842374041808,46.85302806188017],[-84.14833974044119,46.853428661946445],[-84.14830154044849,46.85358496197257],[-84.14830164047669,46.85381106200722],[-84.14830164051367,46.85410806205269],[-84.14838544061546,46.854711062140105],[-84.1485915407547,46.85530156221842],[-84.14905694096153,46.855771362263084],[-84.14957584119817,46.85634326232025],[-84.15017844148383,46.85709496239999],[-84.15086524181484,46.85799516249757],[-84.1514908421126,46.85878456258173],[-84.15191814232098,46.85936456264547],[-84.1523377425209,46.85989526270212],[-84.15300154284131,46.86076906279692],[-84.15331444301563,46.86136786287028],[-84.15363474319372,46.86197776294483],[-84.15389424334342,46.862515163011864],[-84.15421464352208,46.86312956308712],[-84.15457324368872,46.86354936313032],[-84.1549470438573,46.863946363169205],[-84.15543534405714,46.864300763194805],[-84.1560075442661,46.86451446319396],[-84.15649604443892,46.864651763186345],[-84.15682404458485,46.864983563217855],[-84.15725124477953,46.86545326326469],[-84.1576479449725,46.86598676332309],[-84.15802954514692,46.866410463365554],[-84.15852534537252,46.86695256341945],[-84.15880024553482,46.867551363494925],[-84.15892984566318,46.86824976359425],[-84.15885354569019,46.86866136366165],[-84.15879254573687,46.86919176374641],[-84.15887634583783,46.869786863832545],[-84.15913584598653,46.87031626389834],[-84.15944874615096,46.87083526395939],[-84.15983764632016,46.87119796399212],[-84.16030324651703,46.87158676402429],[-84.16055494665534,46.872052264080715],[-84.16065404673641,46.87244896413562],[-84.16091354688525,46.87297946420158],[-84.16114234702951,46.87355136427568],[-84.16150864721911,46.8741352643435],[-84.16185194738559,46.87459266439335],[-84.16249294768329,46.875341064470206],[-84.16323304800531,46.876031564532454],[-84.16382054825202,46.876508064570864],[-84.16427814843165,46.876778864585454],[-84.16508684876271,46.877366264627874],[-84.16596454911921,46.87798096467038],[-84.1666815494209,46.878567464718024],[-84.16720044963591,46.87896486474836],[-84.16789474995481,46.87974666482722],[-84.16849755026024,46.8806546649307],[-84.1689017504552,46.88118456498804],[-84.16944365072665,46.881975065077135],[-84.17006165100825,46.88265316514458],[-84.17074835131058,46.88332146520648],[-84.17152635164041,46.88397716526113],[-84.17230475198092,46.88471716532855],[-84.17329665240901,46.88561326540739],[-84.17387655268246,46.8863227654818],[-84.17441045292509,46.886903065539244],[-84.17460135304697,46.88739166560273],[-84.17470815314769,46.88792536567806],[-84.17472335323927,46.88862016578342],[-84.17475395336231,46.88952716592028],[-84.17495215392542,46.893528866520455],[-84.17503625402716,46.8941283666072],[-84.17531085419192,46.894746266685466],[-84.17557025432933,46.895184566737264],[-84.17600515453002,46.895680966787594],[-84.17649335474329,46.89614216682944],[-84.17701995496698,46.89658876686676],[-84.17752335518603,46.89705736690886],[-84.17816445546437,46.89764936696169],[-84.17897305582025,46.898434567034215],[-84.17968265611619,46.89899196707771],[-84.18034655638974,46.89948766711448],[-84.18103305664292,46.89976216711617],[-84.18193345696098,46.900010467101175],[-84.18252085717252,46.90020456709639],[-84.18304745736809,46.90042616709929],[-84.18401635773516,46.90089186711357],[-84.18535925825381,46.90161616714538],[-84.18659515872946,46.90226906717253],[-84.1877244591591,46.90282596719132],[-84.18944875981894,46.90370716722466],[-84.19043296020186,46.90426016725129],[-84.1911120604613,46.90460346726385],[-84.1919056607548,46.9049277672668],[-84.19267606102416,46.90511776725055],[-84.19328646123071,46.90521326722926],[-84.19369856136834,46.905263667212765],[-84.1939121614398,46.90529026720428],[-84.19407226149363,46.905312867198276],[-84.19465216168798,46.90538886717588],[-84.19539996193781,46.90548046714588],[-84.1963307622589,46.905674967120916],[-84.19725396258751,46.905949567108614],[-84.19808556289892,46.90632006711633],[-84.19903156326629,46.90684596714109],[-84.19955056350001,46.90739166719399],[-84.19983286364493,46.907830367244365],[-84.20001596376007,46.90828426730297],[-84.20026006392435,46.9089748673941],[-84.20059576410014,46.909524667458335],[-84.20096206428899,46.91010046752481],[-84.20132066448205,46.91072946759981],[-84.20177066471335,46.911431267680555],[-84.20217526492354,46.91208026775584],[-84.20250316509352,46.912603167816464],[-84.2026939652269,46.91318286789378],[-84.20277036531002,46.91365206796096],[-84.20270156533958,46.91406346802785],[-84.20258726535623,46.91448746809929],[-84.20240416535474,46.914941468179435],[-84.20225146536197,46.91538786825657],[-84.20218286540074,46.91587236833459],[-84.20227446547528,46.916234268384486],[-84.20251846562337,46.91679556845588],[-84.20293046581003,46.917237468499145],[-84.20337306601043,46.91771106854541],[-84.2040445663209,46.918480868623476],[-84.20456336654563,46.91895456866529],[-84.20509736677361,46.91941546870428],[-84.20577646703741,46.919793568722106],[-84.20652416731504,46.92010666872593],[-84.20734806762299,46.920468368732735],[-84.207851767827,46.92081526875604],[-84.2083248680324,46.921250868794736],[-84.20850776812358,46.92151356882408],[-84.20854596814733,46.92160586883593],[-84.20860706817156,46.92164346883808],[-84.20862226818454,46.9217082688471],[-84.20862986819127,46.92174296885195],[-84.20865276821007,46.92183456886456],[-84.20867566823206,46.92195206888119],[-84.20868326823982,46.92199456888725],[-84.20867566825461,46.92213206890869],[-84.20862996825433,46.9222458689287],[-84.20858426825797,46.9223911689536],[-84.2085231682538,46.922513168975804],[-84.20848486825157,46.92259306899026],[-84.20840876823983,46.92269306901004],[-84.20832476823067,46.92283376903643],[-84.20827896823187,46.922959969058404],[-84.20808816821302,46.92329486912075],[-84.20791276818015,46.923478669159124],[-84.20786696817697,46.92356996917576],[-84.20776786816309,46.923711169203116],[-84.20769906815448,46.923817669223446],[-84.2075541681312,46.92400056925993],[-84.20743206810806,46.924126669286345],[-84.20733296809514,46.924275669314895],[-84.20720316807724,46.92446266935112],[-84.20711926806574,46.924584269374606],[-84.20704306805717,46.92471016939832],[-84.20698956805599,46.924836569420776],[-84.20688276804147,46.924992569450865],[-84.20678356802996,46.92515286948116],[-84.20668436801938,46.925320969512654],[-84.20668426802595,46.925373869520705],[-84.20662336802904,46.92555336955169],[-84.20655456803298,46.92575996958729],[-84.2065012680303,46.925873969607814],[-84.20644786803393,46.92603856963611],[-84.20640206803598,46.92617146965906],[-84.2063638680496,46.92637736969278],[-84.20633336804994,46.92645806970691],[-84.2063104680718,46.92669046974369],[-84.20624946807665,46.926884569776945],[-84.20619616808693,46.927102069813245],[-84.20615796810068,46.9273089698471],[-84.20608166810737,46.92755636988933],[-84.2060357681166,46.92774666992112],[-84.2059747681398,46.928086969976654],[-84.20593656815439,46.928300670011495],[-84.2058756681565,46.92847227004125],[-84.20581446816368,46.92868547007743],[-84.2057534681643,46.92884577010548],[-84.20566966815441,46.928979770130866],[-84.20557806815526,46.92921967017288],[-84.20553226815731,46.92935257019583],[-84.20547116815796,46.929512970223946],[-84.20537966814899,46.92967417025391],[-84.20528036813826,46.929841170285286],[-84.20519666812837,46.929975070310626],[-84.20508216811047,46.93012347034002],[-84.20486846807437,46.93037917039164],[-84.2047159680515,46.930584870431986],[-84.20455566801435,46.930696170458425],[-84.20435726797452,46.930882870498564],[-84.20416656792844,46.93100067052777],[-84.20405986790213,46.931062170543434],[-84.20391486786787,46.931157370566474],[-84.20377756783274,46.931226470585116],[-84.2036401677975,46.93129447060356],[-84.2033883677326,46.93141737063714],[-84.20322036769089,46.93151207066147],[-84.2030602676494,46.9315885706826],[-84.20283126759116,46.931706370714046],[-84.20267116755355,46.93181317073973],[-84.20248806750907,46.93192407076747],[-84.2022972674678,46.93208017080249],[-84.20215986743939,46.93220327082934],[-84.20205316741972,46.932317670853124],[-84.20193856739654,46.932424370876156],[-84.20185466738404,46.932538070898424],[-84.20173266736532,46.93269897093015],[-84.20164116735481,46.932847770958276],[-84.2015418673465,46.93303397099249],[-84.20143506734254,46.933274271035486],[-84.20137406734459,46.93344587106525],[-84.20124426732866,46.933648671103846],[-84.20116046731856,46.93378147112903],[-84.20113746733809,46.9339958711631],[-84.20108406734599,46.93419427119657],[-84.20107636736496,46.934365471223096],[-84.20106886737699,46.9344803712411],[-84.20107646740661,46.934697271273755],[-84.20103846741029,46.93482327129525],[-84.20101546742968,46.93503647132909],[-84.20101536746024,46.93528067136638],[-84.20103066748764,46.93546017139289],[-84.20105356756862,46.936047971481244],[-84.2010840675942,46.936174171498735],[-84.20110716762403,46.93635357152473],[-84.20113756765662,46.93653607155078],[-84.20112236767862,46.93675027158439],[-84.20111476770202,46.936956371616304],[-84.20115276775041,46.93724547165818],[-84.20121376779711,46.93746317168782],[-84.20125966784576,46.93773417172647],[-84.20129786788758,46.93797047176027],[-84.20133576793027,46.93821457179531],[-84.20136646796827,46.9384398718279],[-84.20140446800765,46.938657071858835],[-84.2014273680489,46.93892757189875],[-84.20145796808268,46.939119071926164],[-84.20149606812627,46.93936997196222],[-84.20155726817069,46.93956847198887],[-84.2015953682078,46.9397676720171],[-84.2016334682538,46.94003777205602],[-84.20161826828301,46.94030927209835],[-84.20162576829682,46.94040017211181],[-84.20162586830784,46.94048797212516],[-84.2016333683218,46.94057997213876],[-84.20160296831884,46.94063377214879],[-84.2015495683127,46.940720672165185],[-84.20148846830332,46.94080117218104],[-84.20138926828501,46.94090747220312],[-84.20126726826487,46.941057072233114],[-84.20120616825734,46.94115217225123],[-84.20109926823896,46.94127777227668],[-84.20096966821731,46.9414344723082],[-84.20087046820377,46.941578972336124],[-84.20077116818743,46.94170097236055],[-84.20071786818488,46.941816072381265],[-84.20061096817079,46.94197547241185],[-84.20055776817304,46.94212887243843],[-84.20045076816669,46.94235007247848],[-84.20040506817115,46.94250207250433],[-84.20032866817363,46.94271577254145],[-84.20027526818245,46.94292197257603],[-84.20025246820532,46.94316227261407],[-84.20022966821531,46.943300072636426],[-84.20021426822035,46.94337927264946],[-84.20019916823901,46.94356647267886],[-84.20020666825718,46.943692272697604],[-84.20022956828417,46.943849072720184],[-84.2002296683042,46.94400887274457],[-84.2002753683337,46.94412797276007],[-84.2004280684077,46.94432957278187],[-84.2004967684493,46.944486272801726],[-84.20049656847162,46.94466507282898],[-84.20050426849907,46.9448640728589],[-84.20050436853073,46.945115972897355],[-84.20048896853669,46.94520307291152],[-84.20048906855594,46.94535607293486],[-84.2004432685628,46.94552717296366],[-84.20038226855687,46.94563467298366],[-84.20038976858262,46.94582117301165],[-84.20034396858144,46.945928273030724],[-84.20025256857383,46.94609957306222],[-84.20023716857898,46.94617987307542],[-84.20018376858866,46.94639287311102],[-84.20016856862127,46.94669137315745],[-84.2001609686379,46.94684347318114],[-84.20019916866252,46.94694257319402],[-84.20024476869523,46.94708747321337],[-84.20029826872722,46.94720637322841],[-84.2003591687604,46.947316073241566],[-84.2005347688509,46.94759127327324],[-84.20064166889986,46.94770977328501],[-84.200809468973,46.94786597329895],[-84.20094676903211,46.947988073309496],[-84.20118336912621,46.948136673318245],[-84.20148076924016,46.94828927332407],[-84.20164876930772,46.94840047333114],[-84.20176316934887,46.94843777333006],[-84.20201486944494,46.94856347333446],[-84.2022133695154,46.948620873331535],[-84.20241926958826,46.94867807332815],[-84.2026253696626,46.948746573326474],[-84.20280836972539,46.948781973321125],[-84.20302976980551,46.94885787331961],[-84.20326616988615,46.9488996733121],[-84.20349496996099,46.94891457330091],[-84.20378497005782,46.94894927328915],[-84.20399867012891,46.948972473280094],[-84.20426557021773,46.94900217326896],[-84.20440297026202,46.94900617326146],[-84.20450217029318,46.94900227325501],[-84.20469297035449,46.949005873244346],[-84.20493707043093,46.94899457322826],[-84.20509727048257,46.948999073219525],[-84.2052805705391,46.948983773206365],[-84.20554747062369,46.94897967319009],[-84.20576887069434,46.94898027317712],[-84.20602047077597,46.94899117316396],[-84.20645537091413,46.94898687313772],[-84.20660807096526,46.94900627313169],[-84.20673777100954,46.94902957312762],[-84.20686737105562,46.9490675731258],[-84.20703527111114,46.94908317311828],[-84.20721077116946,46.9491018731108],[-84.20732517121115,46.94914367311047],[-84.20754657128667,46.949182373103355],[-84.20764567132103,46.94920437310087],[-84.20788207141078,46.949319273104464],[-84.20817967152004,46.949433573104386],[-84.20830177156813,46.94950657310832],[-84.20839337160552,46.949571573112856],[-84.20856127167106,46.949666973117544],[-84.20871377172818,46.9497346731189],[-84.20900377183838,46.949876173123435],[-84.20927837193939,46.94998317312356],[-84.20946917201655,46.9501128731321],[-84.20973627211842,46.950245973136724],[-84.20997277220586,46.95034167313739],[-84.21033137233786,46.95048237313777],[-84.21051437240148,46.95052447313338],[-84.21068987246377,46.95057467313076],[-84.21077377249375,46.95060047312969],[-84.21085777252449,46.95063187312955],[-84.2109647725615,46.95065477312678],[-84.21107147259882,46.95068097312446],[-84.21113257262076,46.950700673123876],[-84.21122397265462,46.95073857312427],[-84.21137657270718,46.95076917311994],[-84.21148357274511,46.95079987311838],[-84.21157507277806,46.95082997311759],[-84.21167427281361,46.95086097311645],[-84.21178097285092,46.95088717311413],[-84.21187257288308,46.950910473112316],[-84.21196397291456,46.95092927310981],[-84.21204037294136,46.95094857310828],[-84.2121318729743,46.95097857310747],[-84.21223107300986,46.951009573106326],[-84.21236087305596,46.951047473104445],[-84.21255927312063,46.951058773094545],[-84.21263537314775,46.95108147309352],[-84.21271947317699,46.95110047309148],[-84.21281867321248,46.951131373090305],[-84.21293307325622,46.9511889730924],[-84.21303997329359,46.95121517309009],[-84.21315427333627,46.95126487309091],[-84.21321527336146,46.95131037309425],[-84.21328417338826,46.951348973096145],[-84.21336807342217,46.95140617309986],[-84.21343667344834,46.951440273101085],[-84.21351297347988,46.95149777310534],[-84.21359677351562,46.951569673111386],[-84.21365017353742,46.951607573114025],[-84.21372657356899,46.95166497311829],[-84.21378767359519,46.95171847312282],[-84.21381047360971,46.95177627313028],[-84.21386397363496,46.95184117313707],[-84.2139325736701,46.9519472731492],[-84.21399347370004,46.952030973158394],[-84.21403937372529,46.95211517316853],[-84.21409287375245,46.95219587317769],[-84.21411577376988,46.95227617318858],[-84.21413847378845,46.952366673201055],[-84.21414617380103,46.95244747321295],[-84.21415377381248,46.952519273223395],[-84.21417657383364,46.952629973238984],[-84.21416907384953,46.952775273261565],[-84.21416157386392,46.95290937328243],[-84.21415367387476,46.95301537329908],[-84.21415377388394,46.95308847331024],[-84.21413087388761,46.953175773324936],[-84.21410037388699,46.953248573337824],[-84.21408507388546,46.953274873342735],[-84.21405457389154,46.953400673363674],[-84.21400117388696,46.953499973381966],[-84.21395557388684,46.95361497340218],[-84.21392497388707,46.953694573416115],[-84.21386397387634,46.953763773430296],[-84.21379527386438,46.95384327344645],[-84.21371127385008,46.953942373466504],[-84.21359697382802,46.95405697349073],[-84.21345197379807,46.9541870735191],[-84.2132610737534,46.95431617355006],[-84.21314677372708,46.954396973569075],[-84.21296357367683,46.95446177358974],[-84.21282617364157,46.95452977360821],[-84.21268887360786,46.95461007362853],[-84.21255157357601,46.954705073651084],[-84.21236847353052,46.95480807367761],[-84.21220067348906,46.95490397370213],[-84.21202507344694,46.955014673729345],[-84.21188017341173,46.95510197375116],[-84.21171227336782,46.95517867377276],[-84.21156747332937,46.95524007379063],[-84.21146057330282,46.955300473806126],[-84.21107137320311,46.95549477385871],[-84.210880673152,46.9555721738817],[-84.21075847312393,46.955658773902115],[-84.21062127309462,46.955774073927785],[-84.21049917306755,46.95586857394937],[-84.21038467304119,46.95594937396842],[-84.21019397299577,46.95607177399831],[-84.2100565729657,46.95618137402314],[-84.20997277295002,46.95626917404145],[-84.2098658729318,46.9563959740671],[-84.20976687291557,46.95651797409152],[-84.20966757290405,46.956678274121806],[-84.20960647290028,46.95680377414456],[-84.20951497289981,46.95703247418481],[-84.20949207291167,46.95718497420943],[-84.20948437293649,46.95740227424301],[-84.20947667294512,46.95749027425688],[-84.20946917296098,46.957635574279514],[-84.20947687297482,46.957726474292905],[-84.20949967299798,46.95785297431087],[-84.20949967302865,46.958097074348075],[-84.2095300730651,46.95830997437876],[-84.2096065731159,46.958520474406335],[-84.20971337319357,46.95886737445295],[-84.20972857321088,46.95896707446729],[-84.20982777326408,46.95913857448757],[-84.2099345733153,46.9592750745021],[-84.20999557334723,46.9593746745137],[-84.21001087335448,46.95939337451565],[-84.21003367337907,46.95953107453534],[-84.21010247341823,46.95966867455224],[-84.21018627345741,46.95976757456239],[-84.21023987348264,46.95983237456912],[-84.21028567350544,46.95989747457633],[-84.21036197354462,46.96001577458986],[-84.21039227356236,46.960080174597955],[-84.21046877359599,46.96015337460458],[-84.2105449736293,46.960225474611114],[-84.21068997370008,46.9604204746323],[-84.21076627373589,46.960511774641695],[-84.21085787377741,46.960610374651345],[-84.21092647381138,46.96070637466198],[-84.21100267384575,46.96078637466967],[-84.21104097386375,46.960832574674505],[-84.2110942738855,46.96087037467709],[-84.21114007390827,46.96093547468436],[-84.21121637394067,46.960999774689625],[-84.2112620739653,46.96107947469912],[-84.21130037398329,46.96112557470391],[-84.21137667401908,46.96121687471329],[-84.21139957403227,46.96126347471906],[-84.21147577406603,46.96133897472606],[-84.2115445740996,46.961431474736166],[-84.21159777412558,46.96150317474396],[-84.21164377415181,46.96159517475525],[-84.21166657416481,46.96164067476086],[-84.21171997418995,46.9617055747676],[-84.21176577421274,46.96177067477485],[-84.21182677424373,46.96186227478519],[-84.21188007426973,46.961933974793006],[-84.21191057428865,46.96200737480244],[-84.21194877430989,46.96207937481114],[-84.2120098743385,46.9621518748186],[-84.21204807435971,46.96222397482737],[-84.21207857437868,46.96229737483671],[-84.21211667440228,46.96238857484842],[-84.21216247442929,46.96248737486078],[-84.21222347446269,46.96259817487409],[-84.21226167448307,46.96266347488176],[-84.21228467450193,46.962755074894396],[-84.21233787453706,46.96289977491334],[-84.21240647458048,46.96307117493543],[-84.21247527462634,46.963261574960356],[-84.21251337464867,46.96334267497052],[-84.2125592746781,46.96346057498579],[-84.21262017471713,46.96361637500596],[-84.21265067473833,46.963707775018065],[-84.21268897476395,46.96381467503215],[-84.21269927477066,46.963841575035616],[-84.21280327480426,46.963845275030096],[-84.21285687482286,46.963857275028744],[-84.21291007484079,46.96386477502675],[-84.21304747488509,46.96386877501931],[-84.21315437492063,46.963880375014774],[-84.21328397496154,46.96387677500656],[-84.21337567499215,46.963887675002844],[-84.21344427501408,46.963887974998876],[-84.21357387505579,46.96389107499165],[-84.2135891750574,46.963864774986746],[-84.21361967506134,46.963818874977974],[-84.21361977505137,46.963739074965815],[-84.21360447503534,46.96365057495324],[-84.21355107501014,46.963585774946466],[-84.21346727497398,46.96351047493993],[-84.21341387495262,46.9634759749378],[-84.21333757492205,46.96342637493477],[-84.21326877489766,46.963406874935835],[-84.21320767487585,46.963388374936606],[-84.21315437485731,46.96337637493789],[-84.21307797482817,46.96333807493657],[-84.21303227480777,46.963292074932255],[-84.21303237480457,46.96326617492826],[-84.21308567480712,46.96315107490763],[-84.21311617481027,46.963098474897805],[-84.21316197481237,46.962999274879955],[-84.21324577482227,46.962865274854586],[-84.2132764748301,46.96284987485044],[-84.2133145748399,46.96283077484525],[-84.2134060748672,46.962815774837615],[-84.2135280749065,46.962819174830926],[-84.2136426749421,46.96281137482299],[-84.2137874749879,46.96280847481406],[-84.2139326750323,46.96279317480313],[-84.21406987507555,46.96278927479451],[-84.21425297512864,46.96274697477726],[-84.21434457515694,46.96273997477081],[-84.21442087518274,46.962751274768024],[-84.21461917525218,46.962800874763914],[-84.21469557528039,46.96283137476406],[-84.21478697531093,46.96284227476034],[-84.21493217535966,46.96286177475477],[-84.21502357538839,46.96285807474884],[-84.21509987541174,46.962850374743155],[-84.21525257545368,46.96279657472598],[-84.21531357547265,46.962792574721774],[-84.21545077551308,46.96276627470968],[-84.215511875534,46.96277797470783],[-84.21558817556061,46.96279607470613],[-84.21568737558373,46.96272807468992],[-84.21571037559012,46.962720674687425],[-84.2157713756053,46.96268637467861],[-84.21582467561983,46.96266687467251],[-84.21588587563504,46.96263247466363],[-84.21596967566128,46.96262897465817],[-84.21604607568568,46.96262907465367],[-84.21612237571144,46.96264047465092],[-84.21626727575911,46.96265217464419],[-84.21637407579453,46.962662674639475],[-84.21653417584753,46.962678374632446],[-84.21670217590491,46.96270857462718],[-84.21686997596237,46.96273987462206],[-84.21698447600114,46.962757974618064],[-84.21720567607599,46.962792274610294],[-84.21735067612472,46.96281177460474],[-84.21748037616803,46.96282727459942],[-84.21758707620438,46.96284567459598],[-84.21796877633096,46.962884374579346],[-84.2182051764068,46.962887874566015],[-84.21831957644228,46.96288017455809],[-84.21844937648325,46.9628764745499],[-84.21859437652994,46.96288027454193],[-84.21873927657423,46.96286497453104],[-84.21889947662348,46.962850374519405],[-84.21904457666683,46.96282717450734],[-84.21918187670873,46.96281207449689],[-84.21928087674506,46.962849774496824],[-84.21935717677563,46.96289937449991],[-84.21941057680081,46.962964174506645],[-84.21941837680764,46.962998874511484],[-84.21942607681923,46.96307177452211],[-84.21941077682533,46.96315887453633],[-84.21939537682528,46.963197474543094],[-84.21938017682372,46.96322377454801],[-84.21932667681854,46.96331867456565],[-84.21929637682145,46.96341857458261],[-84.21925807682028,46.963506274598245],[-84.21927337683087,46.96355197460436],[-84.21931907685702,46.96364407461567],[-84.21932677687431,46.963761974633215],[-84.2193495768931,46.963853574645846],[-84.21937257690811,46.963914774653844],[-84.21939537692452,46.96398727466353],[-84.21940307693173,46.96402527466889],[-84.21943357694575,46.96405927467224],[-84.21945637695686,46.964090174675626],[-84.21951757697971,46.96411657467602],[-84.21961667702185,46.96420037468297],[-84.21969307705344,46.96425787468721],[-84.21973117706798,46.964277074687956],[-84.21983787711252,46.96436067469438],[-84.21986837712896,46.96441377470069],[-84.21990667715035,46.96448697470956],[-84.21992187715995,46.96452477471447],[-84.21987607715639,46.96461267473055],[-84.21986067716242,46.964699774744766],[-84.21985317717392,46.964810174762015],[-84.21986077718749,46.964898874775095],[-84.21986857719814,46.96496387478454],[-84.21989137721539,46.965043174795255],[-84.21991427723093,46.96510887480394],[-84.21993727724256,46.96514307480779],[-84.21997537726516,46.96522637481822],[-84.2200133772821,46.96526467482187],[-84.2200897773147,46.96533007482732],[-84.22018887735204,46.96537567482846],[-84.22031867740156,46.96544057483067],[-84.22044837745253,46.965516874834655],[-84.22049417747051,46.96554367483605],[-84.22060087751164,46.965600274838444],[-84.2206467775311,46.96563837484152],[-84.22075357756998,46.9656769748411],[-84.22096717765346,46.96579917484717],[-84.22115797773064,46.96592887485571],[-84.22121127774477,46.965905974849065],[-84.22132577777451,46.965852074834075],[-84.22139437778961,46.965798474821916],[-84.22148587781166,46.96574187480786],[-84.22155467782927,46.96570727479855],[-84.22163107784787,46.965661274787024],[-84.2217453778791,46.965619774773955],[-84.22183707790406,46.96558567476336],[-84.22192847792557,46.965524674748735],[-84.22206587796208,46.965466774731816],[-84.22210397797525,46.965474674730714]]]},"properties":{"OGF_ID":800517551,"BEAR_MANAGEMENT_IDENT":"SS-36-003","BEAR_MANAGEMENT_IDENT_SX":1,"LOCATION_ACCURACY":"Within 100 metres","LOCATION_DESCR":null,"VERIFICATION_STATUS_FLG":"Verified","VERIFICATION_STATUS_DATE":886291200000,"BUSINESS_EFF_DATE_FLG":"Estimated","BUSINESS_EFFECTIVE_DATE":886291200000,"BUSINESS_EXPIRY_DATE":null,"SYSTEM_CALCULATED_AREA":429633062.586,"SYSTEM_CALCULATED_LENGTH":186108.901,"GEOMETRY_UPDATE_DATETIME":1364214776000,"EFFECTIVE_DATETIME":1368091209000,"OBJECTID":98785}},{"type":"Feature","id":98865,"geometry":{"type":"Polygon","coordinates":[[[-83.9638433759186,46.80749526567911],[-83.96404117598436,46.80751716567095],[-83.9642002760391,46.807549065666606],[-83.9644371761161,46.80756086565466],[-83.9647908762289,46.80756056563402],[-83.96583737655828,46.80752456556754],[-83.96683207687242,46.80749876550565],[-83.96722447699518,46.80747966547989],[-83.96769407714017,46.807440365446475],[-83.96826777731692,46.80738966540531],[-83.968635177434,46.8073890653838],[-83.96892237752357,46.807372465364544],[-83.96935487766123,46.80737026533904],[-83.97002357787464,46.80737096530019],[-83.97087467814454,46.807357765248604],[-83.97175217842276,46.80734416519542],[-83.97252287866276,46.807297165143325],[-83.97317547886439,46.80724406509716],[-83.97360647899824,46.80721476506756],[-83.97395767910471,46.80716966504015],[-83.97429497920449,46.80710686501086],[-83.97468317931708,46.80701576497426],[-83.97501857941187,46.80691696493959],[-83.9752234794666,46.80683086491438],[-83.97539067951267,46.80677236489571],[-83.97568627959379,46.80666566486208],[-83.97595467966407,46.806541764827415],[-83.97618527972647,46.80645136480007],[-83.97624977974394,46.80642606479242],[-83.97677747989057,46.8062503647347],[-83.9772401800177,46.806085264682395],[-83.97765258013348,46.8059575646388],[-83.97780658017545,46.8058995646209],[-83.97801188023138,46.80582226459708],[-83.9782171802862,46.80573586457185],[-83.97857708038536,46.805609564531466],[-83.9792713805768,46.805366364453675],[-83.98001618077973,46.80508596436721],[-83.98076038098131,46.80479656427943],[-83.98083668100094,46.80475856426913],[-83.98091378102083,46.80472056425884],[-83.98105398105736,46.80465396424041],[-83.98125888111201,46.80456756421523],[-83.98166948122274,46.80440376416615],[-83.98209368134002,46.80425796411906],[-83.98294408157845,46.80399266402875],[-83.9836665817832,46.8037847639547],[-83.98441318199116,46.80354046387372],[-83.9847233820802,46.8034603638433],[-83.98497908214759,46.80334556381082],[-83.98516788219716,46.80325946378658],[-83.98520928220802,46.80324056378128],[-83.98581248237178,46.80300906371058],[-83.98604398243592,46.80293076368503],[-83.986106482449,46.80287516367284],[-83.98618258246746,46.8028281636612],[-83.98627168249007,46.802780863648756],[-83.98642418252814,46.802695763626815],[-83.98656318256096,46.80260216360433],[-83.98666298258132,46.802509563584266],[-83.98685418263054,46.80241456355855],[-83.98703348267827,46.802337963536345],[-83.98727668274283,46.80223266350602],[-83.98762478284048,46.8021245634691],[-83.98790888292243,46.80205416344178],[-83.98812948298757,46.8020122634225],[-83.98835048305403,46.801979563404586],[-83.98862378313697,46.80194536338338],[-83.98905418326949,46.80190716335244],[-83.98948368339951,46.80185096331883],[-83.99008218358068,46.80177226327187],[-83.990602083737,46.801695663229786],[-83.99064688375023,46.80168716322591],[-83.9910949838826,46.80160176318663],[-83.99122318391643,46.80154456317042],[-83.99140228396405,46.80146786314818],[-83.99150228398564,46.80138416312949],[-83.99153768398789,46.8013110631162],[-83.99161168400126,46.80122836309918],[-83.99169678401366,46.801109163075914],[-83.99182058403711,46.80097976304886],[-83.99196668405884,46.80077796300933],[-83.9922516841132,46.80048266294736],[-83.99256638418473,46.800249362893204],[-83.99273168422586,46.80015516286905],[-83.99300038429729,46.800039862835746],[-83.993166784342,46.7999725628157],[-83.99342488441464,46.79989386278856],[-83.99364328447466,46.799816062763895],[-83.99393798455321,46.79969136272756],[-83.99423488463808,46.799611662698],[-83.99453078472031,46.79951386266574],[-83.994891684822,46.79940546262808],[-83.99542128497365,46.799265562575705],[-83.99589948511121,46.799145062529355],[-83.99626288521928,46.79908156249843],[-83.9966532853369,46.799026362467224],[-83.99696758543723,46.799027062449],[-83.99724288552524,46.799028862433246],[-83.99750538560923,46.79903096241823],[-83.99772578567433,46.798989162399],[-83.99790608572457,46.79893036237945],[-83.99811068577911,46.798844062354306],[-83.99831208582494,46.7986947623196],[-83.99850158586915,46.798563862288454],[-83.99865148590092,46.798434062259766],[-83.99878628592234,46.79825936222506],[-83.99888008592859,46.79806796219026],[-83.9989732859324,46.797858462152604],[-83.99909678595475,46.7977202621242],[-83.99925988599065,46.79758996209465],[-83.99957458606218,46.79735676204052],[-83.99993368613326,46.79700556196564],[-83.99997518614217,46.7969703619578],[-84.00005878615804,46.79688276193951],[-84.00015408617979,46.79681286192317],[-84.00033428621566,46.79663816188583],[-84.00040348623011,46.79657676187238],[-84.00045968623925,46.79650546185815],[-84.00054248625591,46.796426861841255],[-84.00066898627779,46.79627726181093],[-84.00077178628534,46.79607326177359],[-84.00091898629721,46.79578916172139],[-84.00095538628561,46.79560146169041],[-84.00102858629243,46.79546796166562],[-84.001022186276,46.79535116164804],[-84.00106958627232,46.79519926162197],[-84.00110098627015,46.79510046160498],[-84.00116008627477,46.79498546158388],[-84.00122648626503,46.794734861541485],[-84.00134938626353,46.79440546148371],[-84.00140118625234,46.79418126144626],[-84.00162158627005,46.79375586136803],[-84.00166648627223,46.79365786135038],[-84.00172378627954,46.79356876133339],[-84.00179488628915,46.793463361313],[-84.00184068628943,46.79334736129252],[-84.00196658631224,46.79320696126366],[-84.00206178633508,46.79314586124867],[-84.00214328635464,46.79309426123599],[-84.00231768640077,46.79301766121406],[-84.002544786464,46.792943061189426],[-84.00284008654248,46.79281606115269],[-84.002986986583,46.792764961136236],[-84.00317618663058,46.792662061109425],[-84.00324698664129,46.792565961090524],[-84.00339018665952,46.79234376104806],[-84.00346178666935,46.792238361027685],[-84.00347928666487,46.79215686101413],[-84.00348628665164,46.79203186099456],[-84.00352018664582,46.791897160971885],[-84.003543986629,46.79169946094012],[-84.00354748662245,46.79163756093042],[-84.00360658662693,46.791521260909086],[-84.00366368663424,46.791433160892204],[-84.00367858663574,46.791407060887316],[-84.0037618866515,46.79131926086902],[-84.0038302866668,46.791266760856914],[-84.00394978670187,46.791242360846255],[-84.00397628670945,46.7912348608435],[-84.00425568678939,46.791161360815956],[-84.00440148683182,46.79112806080236],[-84.00457658687719,46.79104356077916],[-84.0047380869191,46.790966260757884],[-84.00490058695733,46.79085636073154],[-84.00494248696724,46.79082806072477],[-84.00511888700956,46.79071546069716],[-84.00533898705596,46.79052306065477],[-84.00725068746482,46.78889876029382],[-84.0075112875221,46.788689460246474],[-84.00823628768559,46.78814186012008],[-84.008510187746,46.787924160070666],[-84.00864548777953,46.78784626005081],[-84.00886118783454,46.78773486002113],[-84.0090755878925,46.78765065999571],[-84.00936788797667,46.78757745996745],[-84.00995398814199,46.78740345990654],[-84.00998018815056,46.787404959905246],[-84.01027258823463,46.787330959876854],[-84.01110928847625,46.78712775979683],[-84.01199958873305,46.78690855971132],[-84.01235798883613,46.786818259676565],[-84.01271698893953,46.78672875964187],[-84.01298428901347,46.78663735961223],[-84.01330488910116,46.78651975957546],[-84.01350708915288,46.78641665954785],[-84.01376198922159,46.786315359517445],[-84.01395198926726,46.78619445948778],[-84.01415868931036,46.786010159447414],[-84.0143681893479,46.78577305939879],[-84.0145466893865,46.785625359365675],[-84.01469968941576,46.78546715933246],[-84.01487658945717,46.785345459303485],[-84.0150268894922,46.78524145927873],[-84.01526778955754,46.78514865925043],[-84.01608318978117,46.78485465915775],[-84.0161173897904,46.78484135915373],[-84.01643118987539,46.78471955911668],[-84.01723439009298,46.784408059021985],[-84.0175288901734,46.78429905898812],[-84.01763569020336,46.78426585897679],[-84.01962379072671,46.78337185872353],[-84.0211826911364,46.78266605852424],[-84.02174679128464,46.782410158452016],[-84.02204379136025,46.782256058411065],[-84.02228669142188,46.78212815837724],[-84.02236879144046,46.78206635836295],[-84.02245029146005,46.78201485835029],[-84.02250619147031,46.78195365833763],[-84.02256299147848,46.78187335832199],[-84.02259239148027,46.78181195831086],[-84.02262189148195,46.781749358299486],[-84.02266589148606,46.78166925828462],[-84.02273349150228,46.781625858274026],[-84.02277479151117,46.78159095826626],[-84.02280219151783,46.781574558262136],[-84.02288289153816,46.78153085825069],[-84.02295129155361,46.781479658238844],[-84.02308639158707,46.781401658219025],[-84.0231675916077,46.78135905820771],[-84.02324879162819,46.78131525819623],[-84.02335469165895,46.781291058186355],[-84.02348779169745,46.781259458173736],[-84.02359389172831,46.78123525816386],[-84.02374009176967,46.781193158148845],[-84.02404489185908,46.78113015812138],[-84.02425669192155,46.78108945810279],[-84.02436189195431,46.781083158095676],[-84.02453229200808,46.78107865808507],[-84.02465149204316,46.78105535807453],[-84.02478349208343,46.78104065806463],[-84.0248754921119,46.7810337580582],[-84.02492959212604,46.78100865805116],[-84.02506229216317,46.78096685803698],[-84.02517029219239,46.78092465802421],[-84.02526579221322,46.78084675800665],[-84.02544039225941,46.78077005798474],[-84.0255613922916,46.78071855796979],[-84.02568549231712,46.78060505794514],[-84.02575419233142,46.78054355793164],[-84.02591899236785,46.780413257902],[-84.02598749238209,46.780351757888575],[-84.02604509238961,46.78026365787166],[-84.02616189239936,46.78004115783066],[-84.0264149924119,46.77948995773119],[-84.02648719241957,46.779365457707875],[-84.02651759242056,46.77929485769525],[-84.02657199243238,46.77925065768529],[-84.02659989243816,46.77922515767977],[-84.0267221924674,46.77914645766051],[-84.02688269251139,46.779088457642274],[-84.02704199255706,46.779047057626585],[-84.02794119282542,46.77889945755149],[-84.02829679293443,46.77886405752533],[-84.02971679337489,46.77876575742746],[-84.03101849377953,46.77868295733888],[-84.03144059390766,46.7786312573063],[-84.03171559399495,46.77862845728985],[-84.03193969406388,46.77860805727365],[-84.0319929940787,46.77859065726789],[-84.0320985941105,46.77857565725941],[-84.03217869413301,46.77855085725093],[-84.03223339414514,46.77850815724118],[-84.03226149414967,46.77847225723403],[-84.03228929415523,46.77844565722832],[-84.03231649416064,46.77841895722264],[-84.03231869415688,46.77838295721694],[-84.03234839415872,46.77832145720581],[-84.03230609412289,46.77814025718039],[-84.0322803941135,46.77813085718045],[-84.03221819408569,46.77806615717413],[-84.03212919405149,46.77801895717207],[-84.03200199400278,46.777952557169314],[-84.03177089391835,46.777865357169375],[-84.03168079388603,46.777836257170165],[-84.03157899384769,46.777788357168696],[-84.03150099382026,46.7777678571701],[-84.03137259377341,46.77771985717022],[-84.0313086937495,46.77769095716954],[-84.03125839372888,46.77765395716676],[-84.03113339367528,46.777542557156956],[-84.0310967936579,46.77749625715196],[-84.0310222936251,46.77742285714501],[-84.03099729361374,46.77739535714224],[-84.03092829357158,46.77723195712114],[-84.03089389354818,46.77713145710774],[-84.03089749354267,46.777077357099195],[-84.03090439352827,46.77694335707821],[-84.03093749352328,46.77681755705694],[-84.03098099352842,46.7767467570435],[-84.03105409353425,46.77660535701756],[-84.03109709354031,46.7765433570055],[-84.03119819355052,46.776365156972226],[-84.03128309356342,46.77625055694965],[-84.03137949358451,46.77617245693202],[-84.03145039359391,46.77606595691151],[-84.03153249361263,46.77600535689744],[-84.03161449363127,46.77594475688336],[-84.03168309364666,46.775892356871275],[-84.03180439367684,46.77582365685368],[-84.03188549369729,46.77577995684223],[-84.03198209371733,46.775693056823215],[-84.03206389373594,46.775632356809105],[-84.03213159375325,46.77559795679993],[-84.03227719379571,46.775565956786494],[-84.03239659382963,46.77553235677438],[-84.0325285938699,46.7755176567644],[-84.03266039391002,46.775502856754464],[-84.03336019412093,46.77540455669859],[-84.0347876945483,46.775180956580975],[-84.03544659474915,46.77510725653127],[-84.03589469488564,46.77505595649722],[-84.03614449496278,46.77503585647959],[-84.03628939500719,46.77502185646899],[-84.03645989506099,46.77501735645835],[-84.03668179513346,46.775031656447645],[-84.03677279516383,46.77504275644403],[-84.0369024952089,46.775073056441116],[-84.03741059537695,46.775122556419085],[-84.03757879543444,46.77515395641414],[-84.03772069548563,46.775202156413236],[-84.03787549553998,46.7752429564105],[-84.03819639565661,46.775359256409665],[-84.03843979574717,46.77546425641158],[-84.03868369583564,46.77555105641073],[-84.03882399588979,46.775627356414255],[-84.03893849593325,46.77568385641629],[-84.03908029598338,46.77572395641417],[-84.03915829600963,46.77573535641136],[-84.03926049604799,46.77578215641262],[-84.03940099610107,46.775849456414775],[-84.03950539613578,46.775861156410436],[-84.03976329622658,46.775930756406105],[-84.0404490964651,46.77609255639099],[-84.04102009665887,46.77618765637231],[-84.0412390967372,46.776257156370214],[-84.04145919681248,46.776298456363754],[-84.04165459687759,46.7763214563559],[-84.04186309694694,46.77634505634733],[-84.04204579700678,46.77635835633875],[-84.04217559704969,46.77637065633306],[-84.04246449714051,46.7763606563147],[-84.04279209724481,46.77635985629547],[-84.04305509732612,46.77633935627697],[-84.04327959739399,46.77630975625932],[-84.04347859745246,46.77626955624155],[-84.04358409748423,46.77625435623306],[-84.04375649753413,46.776213756216784],[-84.04390439757286,46.77614575619771],[-84.04402549760411,46.77608625618149],[-84.04413249763296,46.77604405616877],[-84.04428059767166,46.77597495614949],[-84.04441439770811,46.77592515613404],[-84.04454859774349,46.775865356117045],[-84.04485859782208,46.775701856073866],[-84.04521069790879,46.77549555602164],[-84.04557439800143,46.775307055971425],[-84.04599049811196,46.77512835591971],[-84.04639059822408,46.775004155877276],[-84.0470544984144,46.77483215581217],[-84.04935409907111,46.77421615558335],[-84.04951429911607,46.774166955566486],[-84.04964639915639,46.774152355556566],[-84.04971229917534,46.7741359555502],[-84.04975199918815,46.77413715554804],[-84.04986839922778,46.77415755554438],[-84.04963559923621,46.774826655660796],[-84.04979469934374,46.77528635572211],[-84.0502229995556,46.77589625579089],[-84.05040469960718,46.775845355772454],[-84.05053449964579,46.77582275576138],[-84.05064889967377,46.77575445574426],[-84.05075559970118,46.775701055729826],[-84.05083209972268,46.77567755572175],[-84.05092359975322,46.77568865571811],[-84.05102939978094,46.77564035570452],[-84.05119049982319,46.77556675568381],[-84.05134289986569,46.775517755667394],[-84.05145009989602,46.77548675565635],[-84.05154149992188,46.77546065564705],[-84.05163319994836,46.77543795563816],[-84.05171669997061,46.77540315562798],[-84.05179339998996,46.77536165561711],[-84.05183909999977,46.7753233556086],[-84.05196100002487,46.775212055584376],[-84.0520679000458,46.77510575556177],[-84.05216690006648,46.775017555542455],[-84.05223570007756,46.77493025552506],[-84.05231950009248,46.77483465550547],[-84.05238060009962,46.77473515548659],[-84.0524646001114,46.77461365546305],[-84.05254850011923,46.77446065543464],[-84.05264000013098,46.77431985540767],[-84.05272420014224,46.77419385538342],[-84.05284620016518,46.77406455535641],[-84.05292260017394,46.77393875533266],[-84.05300610017734,46.77375095529894],[-84.05314350018956,46.773495255251596],[-84.05311300015863,46.77332395522709],[-84.05308270013116,46.77317965520664],[-84.0532198001498,46.77297685516753],[-84.0533037001667,46.77289705515033],[-84.05340300018185,46.772763855124076],[-84.05348700019445,46.772649155101576],[-84.0535634002023,46.77251545507657],[-84.05360910019613,46.77234775504814],[-84.05369300020395,46.77219475501972],[-84.0537770002256,46.772153155008446],[-84.05386860025277,46.77213715500063],[-84.05401350029624,46.772115254988826],[-84.05415830033954,46.77209235497684],[-84.05433370039586,46.7720954549671],[-84.05444810043274,46.77209915496096],[-84.05464670049888,46.772122054952945],[-84.05482200055759,46.77214545494628],[-84.05500530061832,46.772164154938466],[-84.05517300067608,46.77219905493406],[-84.0553183007294,46.772255954934316],[-84.05543250077373,46.77232035493755],[-84.05569940087767,46.77247305494545],[-84.05579890091737,46.77253785494962],[-84.05585970094805,46.772629554960155],[-84.0558904009711,46.772736754974815],[-84.05589030097994,46.77280875498588],[-84.05591320099957,46.77290825499986],[-84.0559436010239,46.77302675501628],[-84.05595150103997,46.77313675503273],[-84.05595160106088,46.77330555505866],[-84.05596650108906,46.77349525508694],[-84.05601230112966,46.77370555511658],[-84.05597420114059,46.77389215514748],[-84.05594380114503,46.77400655516681],[-84.05588270113783,46.77410605518568],[-84.05577590111002,46.7741562551996],[-84.05566930108031,46.77419055521114],[-84.05558510106,46.77424345522413],[-84.0555469010563,46.77431195523689],[-84.05550890105974,46.774437855258434],[-84.05547830106079,46.7745252552737],[-84.05546300106725,46.77461685528863],[-84.055401901061,46.77472415530871],[-84.05531810105506,46.77489185533936],[-84.0551730010442,46.77517805539182],[-84.05506630103098,46.77534625542385],[-84.05495190102089,46.77555975546335],[-84.0548680010068,46.775662055483934],[-84.05475350099017,46.775822655515334],[-84.05469260099153,46.77599075554468],[-84.05468470101114,46.77616985557263],[-84.0547153010322,46.77626125558492],[-84.05475340105801,46.77637165559963],[-84.05479940108823,46.7764975556163],[-84.05485260112458,46.776654755637345],[-84.0548986011548,46.776780655653994],[-84.05488330116306,46.77688675567125],[-84.05485270118025,46.777104755706475],[-84.05486030120392,46.77727665573246],[-84.05495950125436,46.77742925575015],[-84.0550663013035,46.77755125576262],[-84.05519610135039,46.777596155761984],[-84.05532570140116,46.77767255576612],[-84.05547830145927,46.777749555769084],[-84.05569190154235,46.777870955775285],[-84.05592070163034,46.7779930557807],[-84.05612670170781,46.77808885578339],[-84.05634050178683,46.77817645578435],[-84.05656190186164,46.77821105577674],[-84.05682880194857,46.77822645576353],[-84.05707300202586,46.77822215574862],[-84.05729430209594,46.77821845573516],[-84.05753860217003,46.77818835571628],[-84.05796560230077,46.77814535568476],[-84.05836240242303,46.77811115565633],[-84.05852260246893,46.77806975564065],[-84.05862940249916,46.77803875562967],[-84.05869800252339,46.77805825562868],[-84.0587743025533,46.778103555631134],[-84.05888900259367,46.77813415562915],[-84.05893480259742,46.77804635561303],[-84.05895000259424,46.77798185560223],[-84.05896530259157,46.77792065559193],[-84.05904920260842,46.77784075557475],[-84.05907970261053,46.777779255563516],[-84.05911010260802,46.77768055554659],[-84.05920170262971,46.777619555531864],[-84.05930830265508,46.77755035551503],[-84.05939230267673,46.77750875550372],[-84.05949940270423,46.77745525548927],[-84.05960590273212,46.77740625547555],[-84.0597435027698,46.77735645545987],[-84.05988840280605,46.77727605543907],[-84.06002570283944,46.7771925554182],[-84.06018590288193,46.777122955398156],[-84.06036150292518,46.77702045537218],[-84.06052140296437,46.77692505534819],[-84.06067400300022,46.77682195532345],[-84.06078080302349,46.77673465530378],[-84.06089530305334,46.776681055288854],[-84.06114730311901,46.77656285525603],[-84.06119300312703,46.776509955245224],[-84.06126930314188,46.77643365522906],[-84.06135340315733,46.77634135520998],[-84.06142190316974,46.776265255194275],[-84.06151340318328,46.77613905516955],[-84.06158230319205,46.77603265514917],[-84.06167360319706,46.77583775511391],[-84.06175020319746,46.77564335507958],[-84.0618032031855,46.77541015504064],[-84.06184140316572,46.775151554998686],[-84.0618338031387,46.77495265496857],[-84.06183410311627,46.774770354940564],[-84.0618112030778,46.7745178549031],[-84.06174980303702,46.77434625488034],[-84.0616431029828,46.77418265486141],[-84.06152100292121,46.77399915484037],[-84.06142940287172,46.77383505482049],[-84.06138380283453,46.77365185479502],[-84.06139880281063,46.773419654758435],[-84.06141430279762,46.7732741547352],[-84.06146740279378,46.77310615470626],[-84.06153640279842,46.772965954680714],[-84.06163550282008,46.7728857546626],[-84.06171950283921,46.7728238546482],[-84.06178800285775,46.7727972546401],[-84.06187970288416,46.77277455463128],[-84.06197110290904,46.77274055462068],[-84.06214670295888,46.77269085460283],[-84.06229930300364,46.772659754589135],[-84.06245930305187,46.772637554576434],[-84.06259680309383,46.772622554566055],[-84.06272630313454,46.772617954557795],[-84.06296320321147,46.77262965454579],[-84.06308520325742,46.77268715454748],[-84.0631765032983,46.77278255455684],[-84.06323010332856,46.77288915457005],[-84.0632988033584,46.772953654575964],[-84.06337490338879,46.773003354579224],[-84.06347430342196,46.77301535457522],[-84.06359640345752,46.77298845456399],[-84.0636879034829,46.772957854553965],[-84.06381000351668,46.77291635454044],[-84.06391690354737,46.772888754529966],[-84.06409990360285,46.772865854515786],[-84.0642602036545,46.77287055450712],[-84.0643366036802,46.772881954504435],[-84.06448890373244,46.77291165450008],[-84.06461860377902,46.77295425449909],[-84.06471020381058,46.77297325449667],[-84.06484770385961,46.77301565449515],[-84.0649163038847,46.7730419544952],[-84.06504600393212,46.773091354495236],[-84.06510680395479,46.773117854495744],[-84.06519860399209,46.773182854500384],[-84.06529780403739,46.77329385451165],[-84.06541990408992,46.77340415452144],[-84.0655189041366,46.773526354534454],[-84.06554960415862,46.773625654547914],[-84.06558780418638,46.77375175456505],[-84.06560270421555,46.77394935459456],[-84.06558750423287,46.77412865462301],[-84.06555720423555,46.7742284546401],[-84.06552660424468,46.77438115466535],[-84.06550370425528,46.774525754688895],[-84.06544280425668,46.774693954718245],[-84.06541990426821,46.77484645474302],[-84.06546560429831,46.77497235475969],[-84.06552670432248,46.77501005476194],[-84.06561800435531,46.77504025476129],[-84.06569440438102,46.77505165475852],[-84.0658165044237,46.775082154756134],[-84.06594610446737,46.77510115475149],[-84.0661524045384,46.77514405474602],[-84.06630480458978,46.7751669547406],[-84.06648030464373,46.77515095472798],[-84.0666253046847,46.77510885471301],[-84.06675490471767,46.77504125469509],[-84.06686950474695,46.774983054679446],[-84.06698380477827,46.77494175466642],[-84.06710620481633,46.77493395465809],[-84.06722030485079,46.77491855464906],[-84.06730420487654,46.774910654642945],[-84.06739570489815,46.77484965462826],[-84.06742640489807,46.77477015461424],[-84.06745680489459,46.77466355459612],[-84.06747990489438,46.77460215458533],[-84.06751030489092,46.774495654567176],[-84.06754070488486,46.774368754545925],[-84.06760190488791,46.7742355545219],[-84.06764010487896,46.7740646544934],[-84.06765550486308,46.77389655446668],[-84.06774700486676,46.77369055442963],[-84.06789180488319,46.773450354384345],[-84.06799110489314,46.77327445435148],[-84.06808250490482,46.77313365432452],[-84.06825780494314,46.77299165429249],[-84.06835720495503,46.77283155426208],[-84.06845660497396,46.77272875424051],[-84.06857840499724,46.77260285421404],[-84.06886840505524,46.77232505415446],[-84.06908190511146,46.772229354127276],[-84.06919660514191,46.77218015411304],[-84.06932610517372,46.7721035540937],[-84.06953200522516,46.77198885406408],[-84.06974580528198,46.77189765403756],[-84.06995930534148,46.771828854014565],[-84.07024160542147,46.77174815398569],[-84.07044010547288,46.77165285395948],[-84.07058500551204,46.771596053942254],[-84.07066920552427,46.77147795391924],[-84.07071480552936,46.77140135390481],[-84.07074540553012,46.771328553891834],[-84.07076830551769,46.77116925386602],[-84.07074520549571,46.771050653849166],[-84.07066120545377,46.770928053835206],[-84.07060040542318,46.77083745382483],[-84.0704782053705,46.770725953814804],[-84.07032570531156,46.77064225381086],[-84.07018830525737,46.77055825380599],[-84.07002050518891,46.770436753797085],[-84.0699825051735,46.77040965379513],[-84.06978400509519,46.77028785378801],[-84.06958580502018,46.770191953784824],[-84.0694025049443,46.77005055377382],[-84.06934920492266,46.77001265377111],[-84.06910490482976,46.769890953766655],[-84.06885330474014,46.7698144537696],[-84.06860160465817,46.769799853782],[-84.06840290459718,46.76981865379649],[-84.0681664045265,46.76985655381614],[-84.06789950444764,46.769906453839376],[-84.06778490441484,46.76993655385069],[-84.0674797043224,46.76997505387438],[-84.06725880425479,46.76999785389079],[-84.06696110416792,46.77006215391805],[-84.06675510410463,46.770081153933006],[-84.06657930405711,46.770149953953826],[-84.06638880400502,46.77021925397556],[-84.06609870392714,46.77033725401066],[-84.06599180389915,46.770386254024416],[-84.06587750387129,46.770455654041704],[-84.06580150385277,46.770501554053226],[-84.06569440382704,46.7705696540699],[-84.06561830381695,46.770684254091975],[-84.06554960381393,46.77083685411941],[-84.06536640377912,46.771027354159386],[-84.06525960375502,46.77110785417803],[-84.06509160371098,46.77118435419955],[-84.06493900366428,46.771199654210776],[-84.06483230363062,46.77120255421747],[-84.06461090356383,46.77123325423508],[-84.06447380352634,46.77128305425079],[-84.0643287034788,46.77127235425758],[-84.06422970344573,46.77126035426149],[-84.06412280340787,46.77122945426302],[-84.06399290336094,46.77118455426366],[-84.0638939033222,46.77112645426053],[-84.06377940327539,46.77104295425437],[-84.06368040323683,46.77098595425141],[-84.0636191032069,46.7709020542421],[-84.06356590318195,46.77083715423519],[-84.06353530315995,46.770737854221736],[-84.06350470312805,46.77055865419599],[-84.0634970031142,46.77046655418226],[-84.06349730310873,46.770421554175336],[-84.06349720308982,46.77026855415181],[-84.06349730307565,46.77015385413421],[-84.06355060307241,46.76999045410598],[-84.06356600306982,46.769929254095715],[-84.06359650306399,46.76980355407461],[-84.06368790307471,46.76965485404643],[-84.06377960309408,46.76957475402878],[-84.06384830311308,46.76955155402122],[-84.06390160312765,46.76953215401506],[-84.06397770314997,46.76951655400826],[-84.06413800319733,46.769486453994276],[-84.06426790323535,46.76945935398253],[-84.06440520327781,46.769448853972925],[-84.06462620334527,46.76942495395632],[-84.06477150338884,46.76940305394451],[-84.06494700344099,46.769372453929584],[-84.06509950348672,46.769349253917134],[-84.06529020354556,46.76933405390366],[-84.06547310360105,46.76931115388948],[-84.06584700370794,46.76921225385246],[-84.06606850376805,46.76912755382652],[-84.0661905037998,46.76907025381057],[-84.06651850388323,46.76889945376522],[-84.06673190394274,46.76883075374223],[-84.06695320400843,46.76879215372333],[-84.06712890405826,46.76874245370547],[-84.06734250411367,46.76864005367727],[-84.06750290415772,46.76858285365911],[-84.0677010042146,46.76853255363981],[-84.0678460042566,46.7684982536261],[-84.06802930431118,46.7684674536107],[-84.06820490436345,46.76843795359593],[-84.06834960441093,46.768448753589134],[-84.06848680445749,46.76847205358473],[-84.06866240451618,46.768494353577836],[-84.06889880459015,46.76848345356243],[-84.06914300466839,46.768487053548704],[-84.06969230485323,46.768566853528945],[-84.06996700494265,46.76858195351523],[-84.07018820501266,46.768578253501786],[-84.07044030508924,46.76854785348238],[-84.07058520512832,46.76849105346521],[-84.07066910514526,46.768411253448015],[-84.07073010515136,46.768303853427966],[-84.07077570515033,46.76817775340594],[-84.07082180514763,46.76803695338162],[-84.07086720513995,46.76785805335146],[-84.07090570512904,46.76767025332035],[-84.07090560510117,46.76744525328578],[-84.07087520506377,46.76722105325311],[-84.07085230502724,46.76698425321808],[-84.0708370049936,46.76675185318325],[-84.07085220496728,46.76649945314357],[-84.07091310495464,46.76624015310018],[-84.07094370493661,46.76601545306386],[-84.07100480493062,46.76580905302857],[-84.07111170494068,46.76561495299251],[-84.07121830495814,46.76548155296581],[-84.07138630499,46.76530605292904],[-84.0715845050258,46.76508475288344],[-84.07177540506389,46.76490075284403],[-84.07198120510688,46.76471855280404],[-84.07225600517084,46.76452785275868],[-84.07253830523486,46.76431775270993],[-84.07282810530496,46.764137852665385],[-84.07302660535221,46.764008752634],[-84.0732629054091,46.76385955259726],[-84.07351500547335,46.763730152562665],[-84.07367510551829,46.76368085254577],[-84.07387330557104,46.763596752521224],[-84.07410230563919,46.763557952501934],[-84.07460610578882,46.76347015245904],[-84.07479660584917,46.76346725244749],[-84.0749417058949,46.76346335243841],[-84.0750635059351,46.76347475243305],[-84.07526970599707,46.76344445241639],[-84.07542990604756,46.76344015240638],[-84.0755216060777,46.7634477524022],[-84.07561310610737,46.76345205239752],[-84.07576540615959,46.763481752393155],[-84.07591040620959,46.763512752389495],[-84.07607830626586,46.76353515238312],[-84.07629960634063,46.76356975237552],[-84.07655890643167,46.763638152370945],[-84.0767803065084,46.76368845236575],[-84.07705490660011,46.763722652354936],[-84.07726120666862,46.7637452523464],[-84.07742120671683,46.763722952333616],[-84.07756640676025,46.76369985232158],[-84.07768050679368,46.76367655231138],[-84.07778740682353,46.763642152299845],[-84.07785620684017,46.763599852289325],[-84.0779629068677,46.76354745227501],[-84.0781386069132,46.76346285225179],[-84.0782759069476,46.76338715223211],[-84.07843590698343,46.763264752204044],[-84.07855820701158,46.76317705218336],[-84.07871050704163,46.76302785215159],[-84.07884030706798,46.762906252125326],[-84.07899300709914,46.762764852094676],[-84.0790999071181,46.76264275206969],[-84.07921420713801,46.762509152042455],[-84.07927530714001,46.76236805201724],[-84.07932110713763,46.76223065199342],[-84.0793361071307,46.76213575197795],[-84.07923710706277,46.76184145193855],[-84.07919120703025,46.761696351918935],[-84.07918380700914,46.76154475189603],[-84.07919890699178,46.76136545186758],[-84.0791762069699,46.761246851850736],[-84.07909210692951,46.761136551838675],[-84.07900070689469,46.76109065183691],[-84.07890130686059,46.76107085183971],[-84.07874130680779,46.76105605184674],[-84.07863450677569,46.76107125185531],[-84.07850480673535,46.761079251864096],[-84.07841320670796,46.76109405187176],[-84.07823010665108,46.76110575188426],[-84.07812320662032,46.761132251894544],[-84.07803930659638,46.76115475190289],[-84.07789430655446,46.7611890519166],[-84.07772640650056,46.7611857519259],[-84.07763490647004,46.761174651929515],[-84.07755860644197,46.76114415192932],[-84.0774823064119,46.761097751926606],[-84.07739080637333,46.761021451920236],[-84.07730690633771,46.76094955191411],[-84.07720740629803,46.7608846519099],[-84.07689490618284,46.7607580519087],[-84.07664290608939,46.76065125190695],[-84.07637600598923,46.76052905190379],[-84.07610150588869,46.76042285190347],[-84.07570450574438,46.760278251904424],[-84.07555200568729,46.76020925190272],[-84.07532310560259,46.76011415190145],[-84.0749492054679,46.759988051903896],[-84.07460580534065,46.759843151901634],[-84.0741709051766,46.759636651895285],[-84.07398010510508,46.75954955189301],[-84.07374380501707,46.759446751891005],[-84.07351500493422,46.759366251891954],[-84.07330890486014,46.75929755189343],[-84.07308000478338,46.75926655190205],[-84.07290440472568,46.75925215191009],[-84.07272130466684,46.75924805192012],[-84.072523004605,46.759259051933356],[-84.07233970454845,46.75927405194637],[-84.07211850447943,46.75928565196105],[-84.07189750440718,46.759270251971586],[-84.07168370434043,46.75928155198577],[-84.07146240427294,46.75930555200242],[-84.07122610419896,46.75931635201785],[-84.07092080410885,46.75937405204454],[-84.07069940403741,46.75936655205627],[-84.0702339038844,46.75932845207758],[-84.06979900374435,46.759316452101096],[-84.0696162036809,46.75927415210529],[-84.06948630363482,46.75923595210699],[-84.06933390357788,46.7591680521054],[-84.06925000354312,46.759102852100284],[-84.06915060349912,46.7590031520908],[-84.06906670345741,46.75888165207696],[-84.06896760339892,46.758663752049266],[-84.06895240337522,46.75851115202673],[-84.0689601033599,46.758366952004096],[-84.06894470333934,46.7582402519855],[-84.06893690331891,46.75809535196374],[-84.06894460330263,46.75794325193987],[-84.06895230328617,46.75779005191587],[-84.06897530327149,46.7576117518871],[-84.06902070326367,46.7574316518568],[-84.06918890327448,46.75708515179371],[-84.0693261032988,46.75692845176162],[-84.06959300336446,46.75677165172199],[-84.0697078033926,46.75670325170473],[-84.06983720342434,46.75662665168542],[-84.07000530346706,46.75653895166214],[-84.07025690353262,46.7564208516293],[-84.07050880360023,46.75631845159886],[-84.07073770366279,46.756234651572676],[-84.07089040370425,46.75617655155483],[-84.0710352037396,46.756089451532986],[-84.07124890379725,46.75600495150751],[-84.07137090383101,46.755963351494024],[-84.071447203852,46.75593655148544],[-84.07169880392325,46.75586455145972],[-84.0718896039788,46.75582235144209],[-84.07204990402614,46.75579215142808],[-84.07225580408546,46.75574165140833],[-84.07236290411593,46.75571175139746],[-84.07256100417293,46.75566255137837],[-84.07273670421941,46.755585851356315],[-84.07288930425722,46.75549845133397],[-84.07299590428266,46.75542925131715],[-84.07305700428466,46.755288051291856],[-84.07306460427247,46.75516975127322],[-84.07307990426088,46.75503655125186],[-84.07311820425757,46.754910651230276],[-84.0731106042396,46.7547848512114],[-84.07306460421123,46.75467365119693],[-84.07299610418477,46.75463605119517],[-84.07286620414203,46.754624951201066],[-84.0727898041153,46.754605651202525],[-84.0726601040669,46.75454835120131],[-84.07262980404917,46.754482851192996],[-84.07257620402325,46.75441115118512],[-84.07254570400877,46.754372551180914],[-84.07249250399087,46.75436495118286],[-84.07241640396383,46.75434225118381],[-84.07236270394579,46.75433475118581],[-84.07229420392349,46.754330951189225],[-84.07217950388318,46.754300251191175],[-84.07190500379056,46.75425815120074],[-84.07171420372794,46.75424305120957],[-84.07153880367149,46.75423875121913],[-84.07138600362154,46.75422825122641],[-84.07109610352352,46.75418205123622],[-84.07086740344445,46.754131951241845],[-84.07063840336214,46.75405595124354],[-84.0704857033008,46.75395315123661],[-84.07044010327168,46.75383515122114],[-84.07044020325951,46.75373615120593],[-84.07048580325932,46.75361675118492],[-84.07056230326772,46.75348765116062],[-84.07065350328588,46.75339965114176],[-84.07079110332123,46.75333075112311],[-84.0709589033516,46.753143951084596],[-84.07109600338025,46.75302215105793],[-84.07126400341637,46.75288155102647],[-84.07146230346683,46.752778350999044],[-84.07174470354362,46.75267175096621],[-84.07192010359097,46.752602850945394],[-84.07213360365093,46.75253755092289],[-84.07227870369056,46.7524841509062],[-84.07261430378338,46.75237045086918],[-84.07283580384447,46.75229365084446],[-84.0731333039303,46.752221550815996],[-84.07337000399714,46.7521521507915],[-84.07355290404742,46.75208765077097],[-84.07394220416018,46.75199615073415],[-84.0742321042468,46.75195015071017],[-84.07450670432628,46.75188535068423],[-84.07466680437213,46.751843950668544],[-84.07487290442874,46.751770850645265],[-84.07495700444429,46.75167975062633],[-84.07497200443818,46.751591550611906],[-84.07494170439934,46.75135505057728],[-84.07488820436916,46.751248450564034],[-84.0748423043366,46.75110345054445],[-84.07485000432212,46.75096595052288],[-84.07480420428544,46.75078725049801],[-84.07472020424491,46.7506758504858],[-84.07464400421176,46.75060365047918],[-84.074544604165,46.75048145046617],[-84.07442270411728,46.75040935046219],[-84.0742246040443,46.75032915046137],[-84.07402580397064,46.750245650460194],[-84.07381990389226,46.750142050456276],[-84.07357560380127,46.75003505045406],[-84.07330870370447,46.749939850454965],[-84.07310280362805,46.749851950453476],[-84.07285850353938,46.74976405045422],[-84.07261470344771,46.74965025045093],[-84.07247700338912,46.7495312504407],[-84.07237790334497,46.749429350430795],[-84.07233240331341,46.74929105041219],[-84.07233980330355,46.749191850396485],[-84.0723550033032,46.74914985038913],[-84.0724086033104,46.74906965037365],[-84.07247720332661,46.74902395036265],[-84.07272120339402,46.74894085033566],[-84.07290440344762,46.74890215031903],[-84.07311780351088,46.74886385030071],[-84.07330100356639,46.748840850286484],[-84.07349960362353,46.74879165026731],[-84.0735912036509,46.748776850259716],[-84.07382760372236,46.74874575024115],[-84.07397250376428,46.748711450227376],[-84.07420910383634,46.74868485020955],[-84.0744382039065,46.74866185019264],[-84.07455230394005,46.74863965018253],[-84.07476620400526,46.74861585016644],[-84.07489590404141,46.748574150152415],[-84.07500240407111,46.748539750140964],[-84.07508670409611,46.748525150133766],[-84.0752164041445,46.748582350135],[-84.07529260417256,46.74861295013526],[-84.07540690421027,46.74862335013021],[-84.07549840423994,46.74862765012553],[-84.07555200425615,46.74862065012134],[-84.07573490431152,46.74859765010716],[-84.07588010435342,46.74856225009322],[-84.07605550440799,46.74855195008137],[-84.07626140447735,46.748582350074045],[-84.07631480449574,46.74859335007265],[-84.07645990454245,46.7485973500648],[-84.07662760459303,46.74857475005153],[-84.07694060469267,46.74857425003317],[-84.07699370470954,46.74857395003003],[-84.07719240477327,46.74857755001901],[-84.07735990482526,46.74856635000751],[-84.0775583048857,46.74854414999253],[-84.0777264049373,46.74852834998031],[-84.07786380497821,46.74850554996878],[-84.07799340501575,46.748475049956504],[-84.07822240508484,46.74844414993844],[-84.07835970512912,46.74844824993102],[-84.07853510518548,46.74845254992144],[-84.07867220523191,46.74847474991689],[-84.07889380530729,46.748513749909925],[-84.07909970537942,46.748566749906104],[-84.07925990543518,46.74860514990265],[-84.07946610550263,46.74861984989288],[-84.07959580554214,46.748605149883055],[-84.07974080558786,46.748601249873985],[-84.07990070564114,46.74862054986763],[-84.08003810569004,46.748661849866],[-84.08015280573227,46.748708249866425],[-84.08033560579558,46.7487494498621],[-84.08059510588818,46.748830249859324],[-84.08067140591476,46.7488483498577],[-84.08080120596412,46.748913549860156],[-84.08091570601103,46.74899814986645],[-84.08100700605705,46.74913524988223],[-84.0811064061038,46.74925744989524],[-84.08122080615483,46.74937584990673],[-84.08133520620159,46.749459349912904],[-84.08147240625705,46.74955464991955],[-84.08158680630383,46.749638249925724],[-84.08165550633797,46.74973764993699],[-84.08171670637297,46.749863149952745],[-84.0818007064125,46.74996654996374],[-84.0820067064899,46.75006224996641],[-84.08215150654208,46.7501112499655],[-84.0822279065688,46.75013054996401],[-84.08234220660567,46.750134249957895],[-84.08244900663776,46.75011894994934],[-84.08257880667591,46.75009294993776],[-84.08270090671425,46.75008854992997],[-84.08284580675951,46.75008124992038],[-84.08294500679158,46.75008534991524],[-84.08315890685498,46.75004694989686],[-84.08335720691528,46.750023649881705],[-84.08347910695133,46.75000124987112],[-84.08366220700205,46.74994004985108],[-84.08387580706298,46.74988254982975],[-84.08402100710556,46.74985274981671],[-84.08416570714881,46.74982964980469],[-84.08431080718746,46.74976844978681],[-84.08443270722017,46.7497189497721],[-84.08459300726037,46.7496314497493],[-84.08469240728115,46.74954324972993],[-84.08485240732172,46.74945904970766],[-84.08500510735622,46.74934464968119],[-84.08510410737273,46.749222749656646],[-84.08518810738386,46.749096749632365],[-84.08523410738023,46.74894814960685],[-84.08531010738221,46.74876834957476],[-84.0853332073652,46.74857084954309],[-84.08537120735407,46.74838304951196],[-84.08540960734324,46.748196349481056],[-84.08539430731065,46.74797174944738],[-84.08537900728317,46.74778884942019],[-84.08536390725718,46.74761714939466],[-84.08531780721374,46.74738434936157],[-84.0852795071789,46.747200849335606],[-84.08523410714322,46.74702884931178],[-84.08520350711329,46.746865449288435],[-84.08517280709029,46.746758249273725],[-84.08512720705129,46.74656034924597],[-84.0851119070276,46.746407749223444],[-84.08510450700831,46.74627074920281],[-84.08511170699173,46.746117549178834],[-84.08514990698654,46.745976949154986],[-84.08523380700007,46.74587014913364],[-84.08531010701674,46.7458084491197],[-84.08536380703057,46.74578224911256],[-84.0854169070455,46.745766149107006],[-84.08550120707152,46.74575934910103],[-84.08556210708988,46.745750949096184],[-84.08564600711576,46.74574424909024],[-84.08576050715031,46.745728749081216],[-84.08589000719293,46.745739849075356],[-84.08601200723454,46.74576244907168],[-84.0861267072749,46.74579314906974],[-84.0862258073103,46.745824249068725],[-84.08634800735238,46.745850149065554],[-84.0864471073868,46.745873349063395],[-84.08661480744634,46.74592284906119],[-84.08672940748997,46.74598044906337],[-84.08689730755609,46.74608284906931],[-84.08701150760054,46.746148349072726],[-84.08718720766923,46.746251649078324],[-84.08740850775288,46.746358149081814],[-84.08756860781651,46.74646074908822],[-84.08777450789904,46.74659804909734],[-84.08798840798035,46.74670474910127],[-84.0881791080561,46.74682674910887],[-84.08836990813391,46.74696444911895],[-84.08847640817953,46.74705944912733],[-84.08856800822008,46.747151449136126],[-84.08869000827156,46.74725394914478],[-84.08888090834603,46.747364649150654],[-84.08908680842246,46.74745244915211],[-84.08923950847822,46.74751014915207],[-84.08938440852903,46.747547949149464],[-84.08961350860619,46.74758224914135],[-84.08979650866738,46.74760534913425],[-84.0899339087101,46.74759714912493],[-84.09010180876217,46.74758584911342],[-84.0902543088122,46.74759754910628],[-84.09042990887099,46.74762094909967],[-84.09060510893049,46.747651049094074],[-84.09080370900034,46.747704149090644],[-84.09095640905605,46.7477619490906],[-84.09113180912233,46.74784604909333],[-84.09129190917704,46.74787654908866],[-84.09149780924544,46.747899149080084],[-84.09171920931783,46.74791454906958],[-84.09190230937567,46.747910749058306],[-84.09232180950595,46.74788364902965],[-84.09248200955655,46.74788044901979],[-84.09262710959989,46.74785734900781],[-84.09279480965138,46.747841548995545],[-84.09300850971701,46.74782224898015],[-84.09319170977255,46.74779934896591],[-84.09339030983065,46.747757948947964],[-84.09347390985684,46.74775454894253],[-84.09369530992124,46.74770474892196],[-84.09387850997575,46.747673848906565],[-84.0940004100136,46.74766604889826],[-84.09433641012866,46.74773124888867],[-84.094473610178,46.74777704888766],[-84.09465681024056,46.74781144888225],[-84.0948779103157,46.74784934887518],[-84.09506101038154,46.74791074887398],[-84.09516041042357,46.747994648881075],[-84.09521371045841,46.74813944890021],[-84.09523641048035,46.7482581489171],[-84.09521371049192,46.748410648941885],[-84.0951832104897,46.74847104895293],[-84.09514491048418,46.74852494896349],[-84.09509151047554,46.74859284897705],[-84.09497701045238,46.748700549000226],[-84.09483971041621,46.74876164901768],[-84.09471761038664,46.74883694903639],[-84.09464901037569,46.74892544905399],[-84.09450421034369,46.74903954907999],[-84.09438191031182,46.74909684909593],[-84.09426731028515,46.749176449114834],[-84.09412261024995,46.74926474913688],[-84.09398541021994,46.74937534916185],[-84.09387851019822,46.74947504918343],[-84.0937412101662,46.74956984920602],[-84.09356561011828,46.74963424922616],[-84.09340541007816,46.749722949249126],[-84.0932909100525,46.74981044926927],[-84.09316891002312,46.74988684928815],[-84.0930848100127,46.75001964931348],[-84.09301621000975,46.750172249340906],[-84.09296291000936,46.75030644936465],[-84.0929476100252,46.7504744493914],[-84.0929325100548,46.75075274943505],[-84.09289421005714,46.750870749455416],[-84.09290931008655,46.75106944948507],[-84.09291701011006,46.75124024951086],[-84.09291701013564,46.751447249542714],[-84.09294751016891,46.751637749570186],[-84.09294741019332,46.75183574960064],[-84.0929705102195,46.75198804962274],[-84.09303161024556,46.752041549627364],[-84.09315351029483,46.75212604963325],[-84.09324501033339,46.752202249639595],[-84.0933215103647,46.75225874964384],[-84.09342061040441,46.75232464964816],[-84.09361881048814,46.75249144966223],[-84.0937485105365,46.75254864966346],[-84.09393191060211,46.75260664966171],[-84.09406891065181,46.75265584966124],[-84.09423691071001,46.75269404965731],[-84.09442001077592,46.75275544965605],[-84.0946413108525,46.75280464965068],[-84.09492351094985,46.752865649643596],[-84.09541981111835,46.752950049627586],[-84.09553421115527,46.752953749621526],[-84.09575531122518,46.752949949608016],[-84.09599191130239,46.75296494959649],[-84.09612141134501,46.75297604959064],[-84.09632011140692,46.752965049577384],[-84.09646491145115,46.75294984956659],[-84.0966784115154,46.752919349549444],[-84.09682361155542,46.75286924953325],[-84.09698381159704,46.752792949512184],[-84.09710591162745,46.75272434949451],[-84.09721271164926,46.75262584947315],[-84.09745681170439,46.7524426494307],[-84.09762481174604,46.752346949406224],[-84.09780771179634,46.75228234938558],[-84.09802131185823,46.75223274936554],[-84.09821961191663,46.75219474934811],[-84.09839521196824,46.75215954933244],[-84.09859351202668,46.75212154931499],[-84.09867001205107,46.7521217493106],[-84.09876151207978,46.75211814930471],[-84.09887591211859,46.75213754930098],[-84.09907431217886,46.75211414928583],[-84.09941761228639,46.75209924926352],[-84.09949371231059,46.75209944925909],[-84.09963881235734,46.75210334925117],[-84.09980671241117,46.75210664924189],[-84.10002041248116,46.75212224923186],[-84.10016541252689,46.752118349222776],[-84.10027971255994,46.75209164921203],[-84.1003256125694,46.7520498492029],[-84.1003790125807,46.752003449192664],[-84.10041681258521,46.751942749181126],[-84.1004628125965,46.751915649174265],[-84.10055421261812,46.751854649159526],[-84.10060011262755,46.75181294915045],[-84.10070691265636,46.75177064913769],[-84.10083651269481,46.7517480491267],[-84.10091301271821,46.75174034912103],[-84.10096641273199,46.75171414911388],[-84.10101221274225,46.751679149105826],[-84.10101231273104,46.75158794909181],[-84.10098171270569,46.75146164907421],[-84.10097381269749,46.75141574906757],[-84.10093601267889,46.751362849061685],[-84.10085951264327,46.751271549052134],[-84.10069161256477,46.7510690490308],[-84.10060001252518,46.75098494902319],[-84.1005163124883,46.750901649015304],[-84.10040961243259,46.75072574899448],[-84.10018041233225,46.75050464897386],[-84.09996671225237,46.75040924897171],[-84.09979901218956,46.75033274896969],[-84.09964661213169,46.75025704896701],[-84.09947081206292,46.750153748961345],[-84.09928021199273,46.750076848960646],[-84.0990817119178,46.749982048957655],[-84.0988912118453,46.749886048954025],[-84.09869271176522,46.749749648944686],[-84.09844851167189,46.74962354893951],[-84.09829611160873,46.74950504893022],[-84.09818921155863,46.74937514891648],[-84.09808241150441,46.74921154889756],[-84.09800601146961,46.74912694888905],[-84.0978536114084,46.749024248882144],[-84.09775431136643,46.748940348875045],[-84.09767011132405,46.74881434886056],[-84.09757111127655,46.74868534884656],[-84.09748741123619,46.74857404883432],[-84.09737271118179,46.74842974881884],[-84.0973040111406,46.74827304879872],[-84.0972278110871,46.748036548766834],[-84.09718191105458,46.74789154874726],[-84.09716691102996,46.747731048723416],[-84.0971821110235,46.74763954870846],[-84.09724321102557,46.74749844868319],[-84.0973039110302,46.74737974866144],[-84.09733451102913,46.747292348646226],[-84.0973879110307,46.74716714862385],[-84.09743391103531,46.747085948608664],[-84.09754821105341,46.746937748579214],[-84.09767051107816,46.74682304855444],[-84.09775431109405,46.7467353485361],[-84.09786881111539,46.74661294851058],[-84.0979375111284,46.746541348495555],[-84.09802131114094,46.746426548473],[-84.0981204111541,46.74627764844435],[-84.09818921117176,46.74624314843504],[-84.09828081119905,46.746228248427414],[-84.09841051123936,46.746220248418645],[-84.09854001128116,46.746224648411726],[-84.09860901130358,46.74622834840824],[-84.09874611135098,46.74625844840487],[-84.09883771138341,46.74628514840366],[-84.09894461142125,46.746316048402186],[-84.0990665114662,46.74636564840266],[-84.09919641151323,46.746411548402165],[-84.09934101156774,46.746479648404154],[-84.09955471164658,46.74656724840518],[-84.0996846116936,46.74661324840464],[-84.09989061176677,46.74667404840195],[-84.10007361183317,46.746739948401434],[-84.10024941189755,46.74680824840169],[-84.10041721195812,46.74686564840073],[-84.10056961201501,46.74693344840222],[-84.10075281208286,46.747010648403396],[-84.10092051214143,46.747052248399996],[-84.10108831219858,46.74708254839489],[-84.1013097122743,46.74712494838847],[-84.10143921231789,46.7471438483838],[-84.10175981242656,46.7471970483733],[-84.10196601249736,46.747238748367664],[-84.1021797125693,46.74727004836],[-84.10226331259963,46.747300448359795],[-84.10237021263832,46.74733804835932],[-84.10251501268962,46.74738024835735],[-84.1026374127357,46.74743764835902],[-84.10278221278887,46.74749444835929],[-84.10291961284395,46.747586348365424],[-84.10301861288582,46.74767024837253],[-84.10311781292683,46.74774634837844],[-84.10323231297889,46.74787264839115],[-84.10337721304805,46.74805884841135],[-84.10349181309597,46.74815134841887],[-84.1036062131427,46.74823484842505],[-84.10368011317301,46.748289548429106],[-84.10365491312845,46.7479937483851],[-84.1036355130941,46.74776614835128],[-84.10363261308896,46.747731648346125],[-84.10360781304689,46.7474551483051],[-84.10358041300042,46.7471496482597],[-84.10356811297947,46.74701164823923],[-84.10332531235903,46.74261484757749],[-84.1033124123297,46.74241064754688],[-84.10331021232477,46.742376247541706],[-84.10329641229356,46.742158947509076],[-84.10329181228309,46.74208614749814],[-84.10326821222974,46.74171504744247],[-84.10283871124031,46.734809046405665],[-84.10241041025407,46.7279228453716],[-84.10236221013095,46.72704924524007],[-84.1020301092829,46.721031144333665],[-84.10196900912696,46.71992484416703],[-84.10194950907714,46.719571344113746],[-84.10162490824848,46.713688543227505],[-84.10151690805357,46.712385743033366],[-84.10135060775339,46.71038024273442],[-84.10109110717332,46.70634294212819],[-84.10083140659282,46.70230224152132],[-84.10064520612248,46.698964541018285],[-84.09977310400137,46.683988138762835],[-84.09893290195882,46.66955303658772],[-84.09886310178912,46.668353136406836],[-84.09809289991796,46.65511793441151],[-84.09725319787894,46.640682732234225],[-84.09696979719114,46.63581083149912],[-84.09227549569997,46.63582533177457],[-84.08773719425818,46.635839032040735],[-84.08761959422081,46.63583943204761],[-84.08186329239217,46.63585753238526],[-84.07768499106474,46.635870532630335],[-84.06721698773879,46.63590233324399],[-84.05821568487849,46.635929033771454],[-84.05693318447094,46.63593273384656],[-84.05678298442318,46.63593313385533],[-84.0565553843509,46.63593383386871],[-84.05654378524459,46.64325733499955],[-84.054921284729,46.64326263509469],[-84.05492268494653,46.64503333536785],[-84.05492678555873,46.65001633613638],[-84.05493068614324,46.65477283686988],[-84.05491298669492,46.659316037571635],[-84.0453134836404,46.659319438130424],[-84.0381117813486,46.6593214385494],[-84.03051397893053,46.65932303899129],[-84.02218617627996,46.659324239475396],[-84.01568407421024,46.65932483985326],[-84.00886847204062,46.65932494024913],[-84.00175096977469,46.65932464066242],[-83.99790346854972,46.65932434088584],[-83.99119306641315,46.659323441275234],[-83.98966856592772,46.65932314136368],[-83.98550456460178,46.65932234160524],[-83.9852345645158,46.65932224162093],[-83.97922536260221,46.65932084196943],[-83.97603416158596,46.659319942154475],[-83.97208096032693,46.65931864238365],[-83.97201146030481,46.65931864238768],[-83.96976215958841,46.65931794251807],[-83.95922255623152,46.659313743128735],[-83.95320215431377,46.65931084347744],[-83.94516175175237,46.65930664394299],[-83.94038875023175,46.65930384421922],[-83.93493784849508,46.65930034453457],[-83.92844544642641,46.65929594491014],[-83.9221544444218,46.65929124527389],[-83.91493154212002,46.659285545691404],[-83.9074215397266,46.65927904612534],[-83.90121243774756,46.65927324648397],[-83.90090683765015,46.659272946501616],[-83.89770283662892,46.659269846686605],[-83.89435973556328,46.65926654687962],[-83.88919973391842,46.65926114717747],[-83.88910443388806,46.65926104718295],[-83.88896663384413,46.659260947190894],[-83.88792893351328,46.6592598472508],[-83.88783243348254,46.65925974725636],[-83.88760093340876,46.65925954726974],[-83.88714883326462,46.65925904729581],[-83.88073473121983,46.659251947665894],[-83.87965923087694,46.65925074772795],[-83.8764824298641,46.65924704791114],[-83.87456002925119,46.65924484802203],[-83.87347792910455,46.660868948335555],[-83.87293832903138,46.66167874849188],[-83.86899442849686,46.66759774963431],[-83.86887662846415,46.667637349647265],[-83.86854332837325,46.6677626496859],[-83.86844312835147,46.66784614970459],[-83.86834392833228,46.66794764972599],[-83.86831142833739,46.668074549747466],[-83.86830452834947,46.66819164976597],[-83.86837602838636,46.668306849779654],[-83.86842142841496,46.668422749794914],[-83.86849382845432,46.668555949811285],[-83.86850232847677,46.668717749835785],[-83.86847222848813,46.668889449864054],[-83.868360428466,46.66900024988763],[-83.86822542844317,46.669165649920956],[-83.86815372843593,46.669293449944895],[-83.86816322846092,46.66947324997211],[-83.86821282850073,46.66966994999962],[-83.86831042854584,46.669784550011634],[-83.86839452858555,46.66989045002314],[-83.86850652863849,46.670031650038496],[-83.86861672868646,46.670136850048365],[-83.86872642873324,46.67023305005685],[-83.86889072880268,46.670372950068966],[-83.86891732881213,46.67038135006874],[-83.868990728854,46.670532450087805],[-83.86903652888385,46.67065735010446],[-83.86909352891281,46.67074585011482],[-83.86908852892992,46.67089905013878],[-83.86901732892393,46.671035750163995],[-83.86889292889896,46.67115595018978],[-83.86876712887025,46.671249050211394],[-83.8685630288168,46.67134415023789],[-83.8682897287327,46.67136905025758],[-83.86779212857232,46.67135455028414],[-83.86756442848726,46.671252250281526],[-83.86736242840921,46.671140350275884],[-83.86713192831667,46.67098405026512],[-83.86691632823323,46.67086345025898],[-83.86673062816799,46.670814150262096],[-83.86653292810118,46.67078315026872],[-83.86628482802284,46.67078935028406],[-83.86589882791418,46.67090705032453],[-83.86568062785406,46.670984450349124],[-83.86546862781024,46.67117875039136],[-83.86534282778153,46.671271950413086],[-83.86521752775404,46.671374050436086],[-83.86506512771582,46.671458950458025],[-83.86484782765822,46.67155435048534],[-83.8645900275845,46.671623850511],[-83.86427712748683,46.67164065053165],[-83.86388632736566,46.67166845055854],[-83.8635687272555,46.671595450565675],[-83.86333082717378,46.67154735057196],[-83.86285462700918,46.671442250583304],[-83.86256492691224,46.67140455059422],[-83.8623396268334,46.67134715059839],[-83.86216562676856,46.67127055059663],[-83.86200662671288,46.67122955059954],[-83.86189692666616,46.67113325059097],[-83.86178912662447,46.671072950587906],[-83.86168182658398,46.6710216505862],[-83.86138102648792,46.67102015060337],[-83.86092592634863,46.67106755063699],[-83.86074212628841,46.67105415064555],[-83.86050712621423,46.67106005066008],[-83.86018162611364,46.67108615068294],[-83.85989772603169,46.671156250710155],[-83.85965912597835,46.671342250752744],[-83.85951332595761,46.67155295079368],[-83.85938392594971,46.67182615084339],[-83.85923912593142,46.67205475088703],[-83.85901972589842,46.672357250946476],[-83.8587882258638,46.67267805100941],[-83.85862942583893,46.672889051051165],[-83.85851902582057,46.67302675107887],[-83.85848222581441,46.67307275108809],[-83.8582455257661,46.67329465113604],[-83.85802422572806,46.67356115119],[-83.85788172571606,46.673834751240456],[-83.85771552570199,46.67415385129937],[-83.85770132569766,46.67415535130042],[-83.85758182568287,46.674346251336836],[-83.85748492566984,46.67449265136506],[-83.85734342566033,46.674784151418244],[-83.85719712563835,46.67498585145787],[-83.85709982562412,46.675123251484735],[-83.85694932559086,46.67524405151208],[-83.85666432550634,46.675296151536614],[-83.85648342545365,46.675336651553344],[-83.85628852539433,46.67535955156813],[-83.85626242538605,46.67536015156976],[-83.85610622533784,46.6753730515808],[-83.85597272528909,46.675322451580705],[-83.85576142521688,46.67528265158674],[-83.85552502513896,46.675261651597175],[-83.85517432503259,46.67530635162435],[-83.85483712493163,46.675359751652124],[-83.85431952477917,46.675462751697985],[-83.85403702470099,46.67555975172929],[-83.85360442459076,46.675786551789336],[-83.85355312457676,46.6758058517953],[-83.85296562442204,46.676072551870476],[-83.85255872431878,46.67628965192751],[-83.85239232427769,46.6763877519523],[-83.85200062418103,46.67661855201059],[-83.85163142408639,46.67680775206114],[-83.85125012399023,46.677015352115255],[-83.85094712391867,46.6772208521645],[-83.85074522387143,46.67736085219787],[-83.8503881237784,46.6775317522449],[-83.8501699237183,46.67760925226945],[-83.84987572363968,46.677733552305654],[-83.84971302360482,46.67787265233657],[-83.84961282358306,46.677956152355264],[-83.8496115236101,46.67818115239008],[-83.84967282365037,46.67835065241269],[-83.8498510237264,46.678508152426716],[-83.85001342379084,46.6786121524334],[-83.85025322387759,46.67869615243252],[-83.85048182396517,46.67881645243788],[-83.8505804240128,46.678949052452616],[-83.85053762402123,46.679130052483046],[-83.85043782400072,46.67922255250315],[-83.85020512393271,46.67927335252446],[-83.85004942388574,46.67929525253681],[-83.849659523767,46.6793409525664],[-83.84918752361357,46.67931675258999],[-83.8489296235398,46.6793861526156],[-83.84863722346616,46.67954645265727],[-83.84842002340856,46.679641852684576],[-83.8482022233497,46.67972825271051],[-83.84806042330932,46.67976785272487],[-83.8478114232285,46.679756052737396],[-83.84778302321779,46.67974265273697],[-83.84755662313259,46.67963635273368],[-83.84737002306493,46.67956905273407],[-83.84722212300832,46.67949165273067],[-83.84703552294062,46.679424352731026],[-83.84678552285727,46.67939455274091],[-83.8465425227926,46.679499652771156],[-83.84630292273673,46.67966755281096],[-83.84608662268157,46.67978095284102],[-83.84591772263043,46.679803152854205],[-83.84544812248325,46.67982385288456],[-83.84509552237193,46.6798326529063],[-83.844848322296,46.67985675292431],[-83.84457542221315,46.67989055294531],[-83.84430312213155,46.67993335296769],[-83.8440303220487,46.679967152988674],[-83.84379852198317,46.68003585301267],[-83.84359472193088,46.68013995304056],[-83.84352442192737,46.68029475306851],[-83.8436285219899,46.680535153099605],[-83.84381852206643,46.680665453108766],[-83.84401962214199,46.68075935311166],[-83.84443382229477,46.68092905311387],[-83.84463732237664,46.681068053123624],[-83.8448286224568,46.68122525313682],[-83.84501212254662,46.6814817531658],[-83.84508452258598,46.6816148531822],[-83.84518632264229,46.68181035320644],[-83.84521952266928,46.68194455322525],[-83.84519952267723,46.682062053244586],[-83.84506252264937,46.68219145327248],[-83.84490812260611,46.68224025328895],[-83.84475192255789,46.682253153299996],[-83.84459232250089,46.682203153301494],[-83.84440382242818,46.68209985329642],[-83.84427872237104,46.681958953281864],[-83.84415032230524,46.68175515325788],[-83.84410262227041,46.6815943532358],[-83.8440573222418,46.6814784532205],[-83.84397282220081,46.68136355320767],[-83.84382592214678,46.681304253206996],[-83.84357492206088,46.681256453214104],[-83.843353321992,46.68127095322917],[-83.84315432195224,46.68146495327067],[-83.8431241219636,46.68163665329889],[-83.84325252202942,46.681840453322934],[-83.84347092212037,46.68201505333732],[-83.84360902218158,46.68215565335098],[-83.84377572225726,46.68234045336988],[-83.84394562234169,46.68258825339832],[-83.84407452240876,46.68280105342373],[-83.84418652246173,46.682942253439094],[-83.84424252248823,46.68301285344677],[-83.84439702256232,46.683216053469195],[-83.84449462260737,46.683330553481206],[-83.84462212267074,46.683516453502584],[-83.8447863227402,46.683656353514635],[-83.84481392275217,46.6836826535171],[-83.84496462281624,46.683813853528655],[-83.84507342286052,46.68389215353449],[-83.84534692297547,46.68411935355374],[-83.84548502303669,46.68425995356747],[-83.84560972309255,46.6843918535806],[-83.8457091231426,46.684542353598104],[-83.84574232316957,46.6846765536169],[-83.84572002317131,46.68474905362937],[-83.84560712314668,46.68484185365024],[-83.84551712312155,46.684871153659984],[-83.84529322304645,46.684840653668225],[-83.84514672299356,46.68479035366894],[-83.84496892291872,46.68464175365623],[-83.84481722285211,46.684492553642],[-83.84473032280492,46.684332753622364],[-83.84463422276356,46.68424505361439],[-83.8445371227197,46.684139553603686],[-83.8443635226561,46.684071853603285],[-83.8441387225785,46.68402345360879],[-83.84388962249767,46.68401165362139],[-83.84357522239614,46.68400145363799],[-83.84344652235988,46.684040653651486],[-83.8433952223459,46.68405995365744],[-83.84321892230564,46.68419035368775],[-83.84303672227992,46.684455853739316],[-83.84286612225463,46.684694053785975],[-83.84277062224535,46.68486745381828],[-83.84264852222657,46.68503245385078],[-83.84248812219786,46.68521645388846],[-83.8423361221609,46.68531025391174],[-83.84214402210897,46.685387053934704],[-83.84197662206164,46.68543615395197],[-83.8417564219965,46.68547765397112],[-83.84161042194485,46.68543625397319],[-83.84152492190137,46.685303453957616],[-83.84148752186317,46.68508835392657],[-83.84146552183535,46.68491785390149],[-83.84140332179263,46.684730453876185],[-83.84133242175707,46.68462425386389],[-83.84125952171644,46.684482053846104],[-83.84111112165859,46.684395753841414],[-83.84092592159463,46.684355353845824],[-83.84070252152071,46.68433385385542],[-83.84052012146425,46.68434735386808],[-83.84019142138568,46.68456255392033],[-83.84013602139127,46.684752953952945],[-83.84018692143485,46.684976653984535],[-83.8403079215115,46.68528865402572],[-83.84038882157331,46.68558365406658],[-83.84033762159015,46.685854954111456],[-83.84030832160397,46.6860446541424],[-83.84018022159974,46.686344854196186],[-83.83989962155728,46.686729754271816],[-83.83969772151002,46.686869854305144],[-83.83959842149075,46.68697125432655],[-83.83948512146485,46.687055054346004],[-83.83935682142979,46.6871032543609],[-83.83914882136632,46.687126454376504],[-83.83905742133747,46.687128754382144],[-83.83891372129206,46.68713225439098],[-83.83852742115245,46.686997854392615],[-83.83830662105528,46.686778354371484],[-83.83813022098414,46.686656754362886],[-83.83794172091143,46.68655345435788],[-83.83780832086272,46.686502754357704],[-83.83763522080031,46.68644405435866],[-83.83747662074585,46.68641195436286],[-83.83729092068057,46.68636255436601],[-83.83713512063362,46.68638445437839],[-83.83708282061704,46.686385754381604],[-83.83691592057097,46.68644385440022],[-83.83674102053435,46.68660125443462],[-83.83665762052671,46.68675625446338],[-83.83664182054592,46.68695465449499],[-83.8367600206151,46.68721275452799],[-83.83677272064881,46.68745545456472],[-83.83670702065773,46.687700054606275],[-83.83660472064045,46.68782565463158],[-83.83653502062865,46.68791135464884],[-83.836349020593,46.68810495468947],[-83.83611762052868,46.68818265471486],[-83.83585372046952,46.68838725476175],[-83.83561542041734,46.6885821548056],[-83.83539072037057,46.688785754850066],[-83.8352532203722,46.68915815491546],[-83.83517732038446,46.68945695496604],[-83.83506082038066,46.68972985501486],[-83.83492152037732,46.690066355074904],[-83.83477752036148,46.69031295512131],[-83.83469832036508,46.69054885516226],[-83.83462332037982,46.69086575521557],[-83.83460472039155,46.691010155238935],[-83.83461412041653,46.691189955266125],[-83.83453072040882,46.6913450552949],[-83.83435392036729,46.69146635532385],[-83.83418652031989,46.691515555341155],[-83.83388412021996,46.691487055354216],[-83.83367092014278,46.69141135535489],[-83.83344512006265,46.69134495535766],[-83.83323371999035,46.69130515536377],[-83.83305231993633,46.6913366553791],[-83.83292401990131,46.69138485539399],[-83.83283441987739,46.69142305540502],[-83.83263111982639,46.69153605543422],[-83.8325695198157,46.69160965544914],[-83.83252111980924,46.6916828554633],[-83.8324297198111,46.69193705550779],[-83.83239761981746,46.692072855530625],[-83.8323281198164,46.69224565556136],[-83.83220321979013,46.69235665558571],[-83.83202311973987,46.692415155605126],[-83.83153881958464,46.69240915563222],[-83.83110401943851,46.69234795564791],[-83.83109101943444,46.69234825564873],[-83.83071311931721,46.69237565567478],[-83.8302993191964,46.69246685571282],[-83.82985851906486,46.69254075574966],[-83.82958461897941,46.692556555767965],[-83.82917871884901,46.69254855579016],[-83.8288246187338,46.69253035580785],[-83.82861511866655,46.69252655581936],[-83.8283921185939,46.69251405583037],[-83.8282610185514,46.692508255837055],[-83.8280226184684,46.692451155842036],[-83.8276741183374,46.69228885583713],[-83.82729331818196,46.69201025581612],[-83.82707491809101,46.69183565580175],[-83.82697601804216,46.691694055785604],[-83.82685371799253,46.6916070557793],[-83.82676921795154,46.69149215576638],[-83.82668711791685,46.6914222557604],[-83.82659281788045,46.691370555757835],[-83.82637031780907,46.69136705577017],[-83.82615251775012,46.691453455796086],[-83.82600421772307,46.69161905583023],[-83.82584141768812,46.69175815586112],[-83.82571971767054,46.69193215589504],[-83.82553361763482,46.69212575593566],[-83.82539601760567,46.69224615596225],[-83.82538351763355,46.692507456003284],[-83.82553561770138,46.69266565601891],[-83.82580861781508,46.69288395603686],[-83.82604981790558,46.692994956040046],[-83.82635641801676,46.69310435603921],[-83.82658641810809,46.693251656048616],[-83.82674791817011,46.693337756052614],[-83.82691171823834,46.693468656063345],[-83.82690661825539,46.693621756087246],[-83.82678681824284,46.69383175612664],[-83.82656011819101,46.69399935616562],[-83.82627921811765,46.69413225620236],[-83.8259518180428,46.69437435625866],[-83.82567611798319,46.69460615631038],[-83.82554561797275,46.69486145635738],[-83.82528771792973,46.695182756421886],[-83.8252066179283,46.69538275645746],[-83.82499571788804,46.6956040565038],[-83.82452601777152,46.695876656573056],[-83.82433431772084,46.69596235659736],[-83.82384581758524,46.69612745665109],[-83.82362791752621,46.69621375667698],[-83.82323051741827,46.69636765672376],[-83.82309471739408,46.69652395675569],[-83.82302291738681,46.69665175677962],[-83.82291381737208,46.696816456811305],[-83.82271651733724,46.6970462568582],[-83.82248791728041,46.69717795689175],[-83.82224341721194,46.69725595691795],[-83.82191821711247,46.69729095694213],[-83.82167141703783,46.697324056961556],[-83.82144841696517,46.6973115569725],[-83.82126411690365,46.69728915697972],[-83.82106531683422,46.69724005698363],[-83.82089271677313,46.69719035698589],[-83.82067661668836,46.69706065697837],[-83.82052591662425,46.69692935696682],[-83.82048301660187,46.696858456958346],[-83.82033411654272,46.69676305695226],[-83.82010781646133,46.69668765695369],[-83.8199086163907,46.69662955695624],[-83.81977181633324,46.696515956946584],[-83.81954691625555,46.69646755695214],[-83.81931091617884,46.69645535696389],[-83.8191956161479,46.69650315697794],[-83.81910101614108,46.69669455701297],[-83.81905991615449,46.696911557048814],[-83.81909211617891,46.69702775706494],[-83.81912621620835,46.69717985708642],[-83.81905301619736,46.697280657106205],[-83.81881971612805,46.69732245712616],[-83.8185953160516,46.69728295713302],[-83.81835781597111,46.697243857140734],[-83.8180559158724,46.69722425715513],[-83.817807715794,46.69723035717043],[-83.81760151573539,46.69728945719146],[-83.81745131570332,46.69741915722018],[-83.81737341571063,46.697682057265254],[-83.81742191574793,46.69786085729006],[-83.81754651580377,46.69799285730327],[-83.81768891587627,46.698214357329235],[-83.81771921589572,46.69829455733987],[-83.81777521592218,46.69836515734749],[-83.8177743159505,46.698599157383704],[-83.81768991594033,46.698736257409706],[-83.81751311589873,46.69885765743867],[-83.81733441585217,46.69894305746219],[-83.81716501579974,46.698956257474016],[-83.81700961575397,46.69898705748776],[-83.81679131569375,46.699064457512335],[-83.8167190156852,46.69918315753487],[-83.81677641571542,46.699280757546624],[-83.81692711577954,46.69941205755815],[-83.8170610158295,46.69947175755964],[-83.81723271588818,46.69950355755459],[-83.81750801597735,46.69951475754043],[-83.81777071606366,46.69953525752842],[-83.81794341612483,46.69958505752611],[-83.81810391618433,46.69965305752733],[-83.81820101622822,46.69975865753799],[-83.81823651624934,46.699838657548334],[-83.81826031626342,46.69989225755523],[-83.81824251627762,46.700054657581276],[-83.81819311626856,46.70010985759268],[-83.81809651625673,46.70026525762223],[-83.81800141624872,46.7004475576559],[-83.81789551624269,46.70067515769715],[-83.81786751626024,46.700891857732245],[-83.81783681627036,46.70105465775915],[-83.81781671627827,46.701172157778444],[-83.81776261628757,46.70138945781514],[-83.81767681627366,46.70149955783705],[-83.8175634162477,46.70158335785658],[-83.81741271621436,46.7017040578839],[-83.81728491618063,46.701761257900124],[-83.8171731161542,46.701836957918246],[-83.81713321614475,46.70186395792475],[-83.8168897160788,46.70195995795364],[-83.81671051603098,46.70203635797582],[-83.81652161598778,46.70217605800827],[-83.81645161598546,46.70233975803761],[-83.81645861600414,46.70247455805797],[-83.81659671606538,46.70261515807171],[-83.81683611615091,46.70269025806947],[-83.81684921615505,46.70268995806865],[-83.81712451624423,46.702701158054495],[-83.81733171630533,46.70266005803619],[-83.81756501637466,46.7026183580162],[-83.81784961645798,46.70255735799038],[-83.81812261654092,46.70252355796933],[-83.81840811662676,46.70248055794623],[-83.81878701674647,46.70247125792286],[-83.8191286168588,46.70249875790739],[-83.8194226169671,46.70261755790871],[-83.81991911715477,46.702857257917024],[-83.82009691722965,46.70300585792967],[-83.82037371735339,46.70329605795843],[-83.82080681752544,46.7035733579762],[-83.82100931760483,46.70369435798314],[-83.8211825176672,46.70375315798222],[-83.82134491773172,46.70385715798887],[-83.82154551780613,46.70394215799039],[-83.82177801790378,46.70413445800661],[-83.82191471796123,46.70424805801627],[-83.82207671802452,46.704343058021564],[-83.82229131810551,46.704445758025],[-83.82243881816093,46.70451405802702],[-83.82270441825474,46.70458855802314],[-83.82282481829938,46.70463955802404],[-83.82291021834286,46.704772458039656],[-83.82294621837735,46.704960558066595],[-83.82286271836965,46.705115658095345],[-83.82266021832108,46.70524665812727],[-83.82242831825552,46.705315358151275],[-83.82231121821961,46.7053272581599],[-83.82220761818908,46.705347758169054],[-83.82182581806185,46.70530325818425],[-83.82161491799079,46.70527245819169],[-83.82139091791561,46.705241958199984],[-83.82104101781164,46.705304558229855],[-83.82081001774856,46.7053912582566],[-83.82061731769537,46.7054590582782],[-83.82038541762977,46.70552775830219],[-83.8201110175431,46.70553455831911],[-83.81983471745139,46.70550535833061],[-83.81944461733252,46.70555095836018],[-83.81909321722479,46.70558665838601],[-83.81893831718025,46.70562645840113],[-83.81873251712291,46.70569455842351],[-83.81859491709373,46.70581495845008],[-83.81842371706709,46.70604415849534],[-83.8184601171028,46.706241258523676],[-83.8187285172041,46.70636965852795],[-83.81896741728836,46.70643575852433],[-83.81923201737972,46.70649225851778],[-83.819445317457,46.70656795851715],[-83.81958201751448,46.70668155852674],[-83.8196810175634,46.706823158542875],[-83.81978181761723,46.70700065856444],[-83.8198425176562,46.7071611585857],[-83.81973991765898,46.70745165863646],[-83.81963541765674,46.7077062586818],[-83.81946281762643,46.70790855872301],[-83.81926401758777,46.708111458765806],[-83.81904101754589,46.70835085881564],[-83.81888011751597,46.70852585885197],[-83.81879561750576,46.70866295887803],[-83.81870421750769,46.708917158922524],[-83.81859781750043,46.709135858962426],[-83.81855451750768,46.7093078589915],[-83.8185116175161,46.70948895902189],[-83.81841261749801,46.709599359044695],[-83.81819101742911,46.7096138590597],[-83.8180729173907,46.70960775906559],[-83.8178591173121,46.709523059064885],[-83.81765701723396,46.709411059059285],[-83.81753431718307,46.70931505905157],[-83.81740221713805,46.70929125905553],[-83.81725611708639,46.70924985905759],[-83.81704801702283,46.709273059073205],[-83.81690941699112,46.70937545909704],[-83.81688891699783,46.70948395911497],[-83.8168660169983,46.7095474591261],[-83.81699391706293,46.709742359148784],[-83.81723661715722,46.70988035915604],[-83.81744151724284,46.71004635916977],[-83.8177650173682,46.71022735917901],[-83.81794001743556,46.71032205918353],[-83.81805391749357,46.71049925920429],[-83.81811461753256,46.71065975922556],[-83.818201917581,46.710828559246515],[-83.81836391764433,46.71092355925186],[-83.8185641177175,46.71099965925203],[-83.81880351780306,46.71107475924971],[-83.81886231783702,46.71119925926556],[-83.81889741786901,46.711369459289806],[-83.81891561788686,46.71146795930394],[-83.81880741787468,46.711650659338346],[-83.81863141783559,46.71178995937004],[-83.81846391778812,46.71183905938731],[-83.81800981765231,46.71191325942506],[-83.81773591756689,46.71192905944329],[-83.81753891750242,46.711915859452645],[-83.81724911740532,46.71187805946359],[-83.81676981723297,46.71171885946677],[-83.81658211716268,46.71163345946445],[-83.81622281703372,46.71151635946716],[-83.81600901695518,46.7114315594664],[-83.81575891687173,46.71140175947627],[-83.81549471678161,46.711354259484224],[-83.81524881670944,46.711405359506344],[-83.81509901667857,46.7115440595364],[-83.81507151669739,46.71176965957281],[-83.8150729167319,46.71204865961576],[-83.81505611674862,46.7122290596446],[-83.81513591680792,46.71250605968271],[-83.81523261685062,46.71260275969201],[-83.81546221694079,46.71274105970009],[-83.81574361704617,46.71286915970363],[-83.81588231710873,46.71301875971867],[-83.81611011722472,46.71337305976014],[-83.8161619172708,46.713614859794475],[-83.81617551730699,46.7138754598339],[-83.8161499173308,46.714137159875754],[-83.81613641735626,46.71438045991411],[-83.81616161739282,46.71461385994862],[-83.81615981741864,46.71482985998209],[-83.81627791748788,46.715087960015076],[-83.81640671755497,46.715300760040435],[-83.81647071760268,46.715524160071254],[-83.81654771765457,46.71574726010122],[-83.81655801768201,46.71594506013114],[-83.81654131769875,46.716125460159915],[-83.8163560176655,46.71633706020329],[-83.81619731764177,46.716556960246365],[-83.81605081761964,46.71675856028599],[-83.81601161763807,46.717011460327235],[-83.81615731775014,46.7175478604016],[-83.81630811781433,46.717679160413105],[-83.81655881792986,46.71796996044349],[-83.81673851800976,46.718154560461585],[-83.81685151806528,46.71831376047961],[-83.81691271810554,46.71848326050224],[-83.81693231815792,46.718860760559316],[-83.81683671814868,46.71903416059157],[-83.81654921808861,46.71929326064822],[-83.81639101806614,46.719522160692655],[-83.81631401807589,46.719803060740446],[-83.81621001807495,46.72006656078713],[-83.81617681807876,46.72018436080723],[-83.81609471807484,46.72036646084003],[-83.81607141807406,46.72042096084983],[-83.81603551807044,46.720484860861745],[-83.81586421804377,46.72071406090699],[-83.81579091803272,46.720814860926815],[-83.81572421803916,46.721041560965645],[-83.81570881805959,46.7212488609985],[-83.81563001806444,46.72149386104088],[-83.8154774180569,46.72183056110164],[-83.81540691805334,46.72198536112961],[-83.81540411807666,46.72218336116027],[-83.8155437181417,46.72235096117809],[-83.815680018198,46.722455561186344],[-83.8159069182807,46.72254006118625],[-83.81610531834896,46.72258016118096],[-83.81622291838613,46.722577261173676],[-83.81643211845221,46.7225720611608],[-83.81665611852742,46.72260256115252],[-83.81681721858826,46.72267956115511],[-83.81686531862432,46.722849361178504],[-83.81680931862867,46.72303076120977],[-83.81666001859914,46.723178461241126],[-83.81653581857528,46.72330756126827],[-83.81632061852376,46.72344786130236],[-83.81597761843847,46.723645261352644],[-83.81568211838803,46.72400356142502],[-83.81551601837515,46.72433166148522],[-83.81543571837615,46.72454956152349],[-83.81544931841242,46.72481026156292],[-83.81557631847456,46.724987161582845],[-83.81560391851741,46.725265461624176],[-83.81555161853173,46.725518761666265],[-83.81546951852779,46.72570076169907],[-83.81534441850147,46.725811861723486],[-83.81529351848867,46.72584006173076],[-83.81519921848307,46.72604036176712],[-83.81516571848567,46.72614926178584],[-83.81507981847176,46.72625936180781],[-83.81499111845032,46.72631556182158],[-83.81491551843303,46.72637136183459],[-83.81477451839508,46.72642886185158],[-83.81471581837776,46.72644046185676],[-83.81456721833396,46.726469961869896],[-83.8144641183047,46.72649946188042],[-83.81432031825919,46.726503061889325],[-83.81425491823855,46.72650466189332],[-83.8140182181604,46.72648346190377],[-83.81387871812623,46.72656796192488],[-83.81372791809292,46.7266886619522],[-83.81360281806658,46.72679966197655],[-83.81346841804609,46.72698296201259],[-83.81338671804339,46.72717406204679],[-83.81335781805852,46.727372762079106],[-83.8133615180993,46.727696662128864],[-83.81344841817739,46.72810846218734],[-83.81353901823468,46.72834026221786],[-83.81358381826207,46.728447162231795],[-83.81365711830395,46.72859836225083],[-83.81380751836691,46.72872066226105],[-83.81391671841243,46.728807962268135],[-83.81394331842193,46.72881626226792],[-83.81430701856222,46.72901436227743],[-83.81449661863756,46.729135662285145],[-83.81458381867145,46.72918526228778],[-83.8147025187258,46.72931956230163],[-83.8148253187767,46.72941556230931],[-83.81490751881151,46.72948556231535],[-83.81497521883838,46.729528862318126],[-83.81503021886238,46.72958156232304],[-83.81508531888637,46.72963416232797],[-83.81515541891956,46.729722462337556],[-83.81520401895698,46.729901262362326],[-83.81523811898646,46.7300533623838],[-83.81526281902177,46.730277762416954],[-83.8152437190323,46.73041326243895],[-83.81524331906186,46.730656262476465],[-83.81524001908394,46.730845362505825],[-83.81523311909612,46.73096256252434],[-83.81527881912596,46.73108736254091],[-83.81534191917122,46.73129286256896],[-83.81544131922138,46.731443362586404],[-83.81570611934364,46.73175186261864],[-83.81588541942236,46.73192746263537],[-83.81598151945778,46.73196666263586],[-83.81615291952119,46.732037862636915],[-83.81634021959034,46.732114262637864],[-83.81657921967467,46.73218036263426],[-83.81682851975569,46.73219226262162],[-83.8168416197598,46.73219186262082],[-83.81701341981855,46.73222366261578],[-83.81717171987185,46.73224676261018],[-83.81746021996526,46.732257662595195],[-83.81771052004878,46.732287462585305],[-83.81783052009226,46.73232956258481],[-83.81801912016509,46.73243286258987],[-83.81813072021686,46.73256516260378],[-83.81814892023472,46.732663662617945],[-83.81817282026763,46.73287006264837],[-83.81812612026606,46.7329792626679],[-83.81804122025464,46.73310736269261],[-83.81800522025095,46.733171162704515],[-83.81789792024131,46.73337186274165],[-83.81789842024257,46.73338086274304],[-83.81782512023152,46.733481662762806],[-83.81772752021719,46.733619062789685],[-83.81769582022478,46.73376386281381],[-83.81769262024692,46.733952862843125],[-83.81772292026639,46.73403316285379],[-83.81772622027515,46.73409606286329],[-83.81773372029512,46.734239862885026],[-83.81771552030811,46.734393362909756],[-83.81765772030748,46.73453876293553],[-83.8175606202944,46.73468516296373],[-83.81752372028825,46.734731062972905],[-83.81746162027635,46.734795562986456],[-83.81733422024381,46.73486176300403],[-83.81707652017113,46.734940063031],[-83.81682952009636,46.73497316305039],[-83.81651661999967,46.73499886307248],[-83.81622761990499,46.73497896308612],[-83.81596341981488,46.73493146309408],[-83.81572571973423,46.734892363101814],[-83.81547451964823,46.73484456310898],[-83.8152901195866,46.73482206311619],[-83.81494411946294,46.73471356311945],[-83.81439551925979,46.73448406311582],[-83.81373241899732,46.73406846309012],[-83.8132141187828,46.73366716305818],[-83.81287611864951,46.73345946304573],[-83.81272571858658,46.733337163035586],[-83.81246851848434,46.733172563025065],[-83.81230271841099,46.733005663008925],[-83.81209631832155,46.732812662991066],[-83.81177001818864,46.73257776297378],[-83.81157991811202,46.7324473629646],[-83.81140441804338,46.732343762958784],[-83.81115931794275,46.73216076294476],[-83.81096741786115,46.73199446293023],[-83.81068261774692,46.73180346291721],[-83.81042251763719,46.73158486289858],[-83.81019231754567,46.73143756288918],[-83.81004251748402,46.73132416288035],[-83.8098398174045,46.731203162873406],[-83.80955691729524,46.73104816286587],[-83.80940941723982,46.730979762863875],[-83.80923481717366,46.73089406286076],[-83.80911481713017,46.73085196286118],[-83.8089416170677,46.73079326286213],[-83.80883511702969,46.73075986286313],[-83.80870211698212,46.730718162864406],[-83.80859471694158,46.730666762862725],[-83.808487316901,46.73061546286104],[-83.80843131687449,46.73054476285332],[-83.80839911684997,46.73042856283728],[-83.80844391684654,46.73028346281232],[-83.80852841685676,46.73014646278631],[-83.80861431687067,46.730036262764344],[-83.80877301689442,46.72981646272123],[-83.80882341690595,46.72977916271261],[-83.80897421693928,46.729658462685244],[-83.80904751695034,46.72955766266546],[-83.80915861697007,46.72942896263917],[-83.80924641698904,46.72935476262262],[-83.80939531701739,46.7291981625899],[-83.80944481702642,46.72914296257849],[-83.80955591704608,46.72901416255225],[-83.80961151704054,46.72882386251961],[-83.80964601704046,46.72873296250363],[-83.80967071701413,46.728453362459064],[-83.80962121697426,46.72825656243157],[-83.80954651692868,46.728078462408455],[-83.8094569168739,46.727864662380675],[-83.80937101682915,46.72772276236373],[-83.80931031679013,46.7275622623425],[-83.80922721675287,46.727474262333715],[-83.8091315167127,46.72739566232713],[-83.80892801663074,46.727256662317465],[-83.8088463165972,46.72719566231277],[-83.8087408165617,46.7271802623165],[-83.80855821650506,46.727193762329115],[-83.80837801645471,46.72725216234855],[-83.80826271642377,46.72729996236258],[-83.80816141639943,46.72736546237854],[-83.80806101637764,46.72744896239726],[-83.80802601637646,46.727530762411895],[-83.8080144163761,46.72755806241674],[-83.80797891637366,46.727630962430084],[-83.80793271637337,46.727749062450975],[-83.80782161635369,46.72787776247725],[-83.80772121633186,46.72796126249597],[-83.80758441630513,46.728099662525196],[-83.80743591627797,46.72826526255931],[-83.80735381627406,46.728447262592134],[-83.80732061627785,46.728565062612226],[-83.80728611627798,46.728655962628274],[-83.80727721628507,46.728737162641266],[-83.8072380163035,46.7289901626826],[-83.80721371633105,46.729278762728505],[-83.80713531633707,46.72953266277219],[-83.8071175163513,46.72969506279825],[-83.80713341639375,46.73000066284451],[-83.80715911643159,46.73024306288042],[-83.80715351647825,46.730639162941806],[-83.80719591653023,46.73095316298778],[-83.80721181657269,46.731258763034],[-83.80725151661716,46.731518763071826],[-83.80730521666824,46.731796463111515],[-83.80731361669073,46.731958263136],[-83.80730751670532,46.73209336315719],[-83.80724221671548,46.732346963200094],[-83.80714921671363,46.732574263240494],[-83.80701571669564,46.73277556327926],[-83.80687751666518,46.73288696330447],[-83.80673981663598,46.73300726333098],[-83.80666461661988,46.73307216334533],[-83.80660441661297,46.73317266336427],[-83.8065586166139,46.73329976338657],[-83.80663591665056,46.73339746339714],[-83.80664591666243,46.733468563407534],[-83.8069013167597,46.73359736341262],[-83.80703721681475,46.733692963419486],[-83.80714641686029,46.733780363426696],[-83.80749431698901,46.73392476342879],[-83.80762271705491,46.73412866345285],[-83.80776371712376,46.73432316347464],[-83.80794291720242,46.7344987634914],[-83.80830011732525,46.73457096348186],[-83.8085793174245,46.73465416347852],[-83.80900051756426,46.73469776346089],[-83.80928951765894,46.734717663447235],[-83.80952671773834,46.7347478634382],[-83.80959251776027,46.73475526343548],[-83.80988291785864,46.73480206342592],[-83.81013131793715,46.7347959634106],[-83.81031671800127,46.73483646340613],[-83.81038621803316,46.73491576341432],[-83.81045811807132,46.735039963429344],[-83.81043761807807,46.73514846344726],[-83.81037651806862,46.73523096346354],[-83.81027791805177,46.735350363487605],[-83.81011171800807,46.735426463508965],[-83.80988061794493,46.7355131635357],[-83.8090500176967,46.73565056360497],[-83.80897251767436,46.73567046361252],[-83.80855831755338,46.73576166365051],[-83.80810871742993,46.735925663701856],[-83.80769741731645,46.73607076374802],[-83.80729961720827,46.73622456379471],[-83.80695311711418,46.7363590638355],[-83.80663191702588,46.73647496387198],[-83.80650351699073,46.736523063886835],[-83.80609071687346,46.73664116392889],[-83.80579371678839,46.736720463958335],[-83.80541931668104,46.73681966399526],[-83.80497521654176,46.73683956402404],[-83.80496261653889,46.73684886402621],[-83.80459661642314,46.73685786404872],[-83.80420151629163,46.736813564064796],[-83.80394941620311,46.73674776406922],[-83.80353621605379,46.73660486407107],[-83.80315381592514,46.73655126408492],[-83.80275651578745,46.73646196409411],[-83.80229281562653,46.73635636410467],[-83.80197391551361,46.73626516410906],[-83.80152241535437,46.73614126411607],[-83.80132171527985,46.73605616411451],[-83.80113491521199,46.73598876411495],[-83.80096171514951,46.73592996411591],[-83.80085431510895,46.735878564114195],[-83.8007726150754,46.73581756410949],[-83.80049391497742,46.735743464114165],[-83.80020531488393,46.7357324641292],[-83.79998121480871,46.73570196413747],[-83.79975711473342,46.735671464145696],[-83.79949241464203,46.73561496415231],[-83.79927711455967,46.735503264147546],[-83.79912731449802,46.7353898641387],[-83.79905541445986,46.73526566412369],[-83.79901431444247,46.7352306641207],[-83.7988817143961,46.73519786412332],[-83.79851381427538,46.73517096414043],[-83.79809691414688,46.73520816417028],[-83.79782281406136,46.735223864188555],[-83.79744181393649,46.73519716420643],[-83.79710001382401,46.73516946422195],[-83.79659861365445,46.73509176423895],[-83.79630821355605,46.735044864248536],[-83.79596601344231,46.73500826426268],[-83.79549021327978,46.73492086427668],[-83.79531701321736,46.734862164277644],[-83.79498831310903,46.73483416429233],[-83.79477731303786,46.734803264299764],[-83.794568612973,46.73481736431405],[-83.79401151280898,46.73493006436363],[-83.79366321270984,46.73502856439894],[-83.7933125126045,46.73508206442749],[-83.7930188125281,46.73522426446638],[-83.79246821238154,46.73546276453503],[-83.79219831230722,46.73555926456551],[-83.79187621221638,46.73565716459924],[-83.79179861219406,46.73567706460678],[-83.79155301212298,46.73573706463026],[-83.79133311205896,46.735787464650706],[-83.79113931200322,46.7358371646696],[-83.7910352119714,46.73584866467738],[-83.7906925118564,46.73580306469019],[-83.79030871172402,46.735722464699904],[-83.79027341171142,46.73571136470024],[-83.79012241165742,46.73566396470169],[-83.78997721160826,46.73564056470644],[-83.78985821156728,46.73561646470965],[-83.78972651152343,46.73560166471495],[-83.78963221148702,46.735549964712455],[-83.78960141146628,46.73546066470044],[-83.78950951140533,46.73520196466584],[-83.78930041130839,46.73495506463988],[-83.78913661124008,46.73482406462913],[-83.788603011046,46.73463006463009],[-83.78827111092896,46.73453916463523],[-83.78788641079412,46.734440564642256],[-83.7875166106684,46.734377564653904],[-83.78727851058652,46.73432936466024],[-83.78691011046452,46.73429336467598],[-83.7865268103334,46.7342216646871],[-83.78630141025445,46.73416416469124],[-83.78605821015883,46.73401706468261],[-83.78583971006772,46.73384246466834],[-83.78567500999691,46.73369346465484],[-83.7854767098979,46.73340126462124],[-83.78539880984356,46.73316016458857],[-83.78527190978143,46.732983264568645],[-83.78517480973753,46.73287766455791],[-83.78506190968197,46.73271836453988],[-83.78502740965129,46.73255726451705],[-83.78502520961428,46.73226026447132],[-83.78505700960673,46.7321155644472],[-83.78504780955099,46.73168376438112],[-83.78512640954501,46.731429864337386],[-83.78515960954124,46.7313120643173],[-83.78529180955553,46.731083864274474],[-83.7854525095843,46.7308998642368],[-83.78554870959496,46.73073556420591],[-83.78557960958493,46.730572764179016],[-83.78551530953598,46.730340364146855],[-83.7855093095198,46.73022356412918],[-83.78547200948155,46.73000846409818],[-83.78530630940828,46.72984146408196],[-83.78520880936311,46.72972686406995],[-83.78501790928411,46.72957846405809],[-83.78486670921869,46.729438164045185],[-83.78473280916862,46.72937846404372],[-83.78449050907552,46.72924936403775],[-83.7841745089701,46.72921206405029],[-83.78381780884853,46.729148764061115],[-83.78358160877161,46.729136464072894],[-83.78318850864514,46.72912806409431],[-83.78268950848185,46.72909516411806],[-83.78247840841071,46.72906436412552],[-83.78213720829947,46.72904566414236],[-83.78184680820107,46.72899866415189],[-83.78157980810343,46.72889716415164],[-83.78141280802645,46.72870326413137],[-83.78124710795312,46.72853626411521],[-83.78101860783468,46.72816386407095],[-83.78081280774651,46.72797986405447],[-83.78063640767535,46.72785816404586],[-83.78044920760622,46.72778176404494],[-83.78023540752763,46.727696964044185],[-83.78005860745522,46.72756626403423],[-83.77982620735756,46.72737386401799],[-83.7796647072955,46.72728776401406],[-83.77942660721357,46.72723956402034],[-83.77925300714989,46.7271717640199],[-83.77906540707959,46.72708636401757],[-83.77883350698313,46.726902964002704],[-83.77868410692271,46.72679866399522],[-83.7785619068731,46.72671166398885],[-83.77833410678787,46.72660916398622],[-83.77814930672504,46.726577663991996],[-83.77794100666137,46.726600664007584],[-83.7777085065944,46.72666036403024],[-83.77750350653949,46.72674636405537],[-83.77726030647469,46.72685126408561],[-83.77705620642227,46.72695516411343],[-83.77686510640476,46.72731086417935],[-83.7766870063913,46.72766616424448],[-83.77661870639386,46.7278657642792],[-83.77652840639941,46.728146964327834],[-83.77644250638545,46.72825706434976],[-83.77634480637109,46.72839446437662],[-83.77627100635875,46.72848626439506],[-83.77618460634349,46.72858736441564],[-83.77609720632577,46.7286704644335],[-83.77581430624731,46.72876736446481],[-83.77564710620106,46.728825364483455],[-83.77406200572291,46.72905286461013],[-83.77300870540299,46.72918636469159],[-83.77215140514505,46.72931516476096],[-83.77178820503683,46.72937796479167],[-83.77152950496159,46.72943826481589],[-83.7711919048603,46.72949146484362],[-83.77082860475207,46.72955426487427],[-83.77052890465944,46.72957946489552],[-83.77030850459415,46.729620864914615],[-83.76983840444657,46.72964126494491],[-83.76941550430183,46.72956146495706],[-83.7691377042063,46.729505164964436],[-83.76896500414506,46.72945536496667],[-83.76848890398131,46.72935896497934],[-83.76770840371252,46.729197864999556],[-83.76739280360827,46.72916946501338],[-83.76728730357269,46.729153965017126],[-83.76710290351109,46.72913146502432],[-83.76689190343994,46.72910056503172],[-83.76657680333702,46.729081165046935],[-83.76609680319403,46.72916486508759],[-83.76559120304398,46.729258065131184],[-83.76530490295674,46.72929196515293],[-83.76499400286502,46.7293534651804],[-83.7646041027472,46.72940796521131],[-83.76434540267196,46.72946816523554],[-83.76419310263482,46.72956186525879],[-83.76406980261343,46.729708865288615],[-83.76393240258534,46.729838165316465],[-83.763832902566,46.729939565337865],[-83.76366840252713,46.73005156536466],[-83.76354050249327,46.73010866538085],[-83.76335840243792,46.73013106539485],[-83.76325470240731,46.73015156540402],[-83.76296570231258,46.730131465417585],[-83.76280840226173,46.73012626542588],[-83.76247750214718,46.7300532654337],[-83.76221460206075,46.73003266544573],[-83.76195320197806,46.730038965461794],[-83.76159070186341,46.73004776548407],[-83.761561001854,46.73004846548591],[-83.76112020172339,46.73013106552413],[-83.76074620161717,46.73023916556241],[-83.76050190154986,46.73032606558989],[-83.76011430143822,46.73042536562767],[-83.75998500140061,46.730455465639764],[-83.75957030127827,46.730537465676335],[-83.75949230125468,46.73054836568254],[-83.75928410119104,46.730571365698076],[-83.75891850107651,46.730589265721974],[-83.75869260099623,46.73052266572478],[-83.75847890091768,46.73043786572402],[-83.75802290074598,46.73022386571734],[-83.75779610066323,46.73013926571736],[-83.757619700592,46.7300175657088],[-83.7574826005333,46.72989486569777],[-83.75737300048651,46.729798565689244],[-83.75722140041988,46.72964916567494],[-83.75712670038226,46.72958846567104],[-83.7570329003471,46.729545765669876],[-83.75683490028005,46.72951446567647],[-83.75647260017425,46.729595265709854],[-83.75628200012716,46.72970786573828],[-83.75614740010654,46.72989106577428],[-83.75609920010122,46.729973265789766],[-83.75595700009139,46.73026466584292],[-83.75597970012169,46.730453065870684],[-83.7558221001015,46.73069986591789],[-83.75558560005524,46.73093956596855],[-83.7552142999565,46.73110156601498],[-83.7548658998573,46.73119996605029],[-83.75485329985442,46.73120926605246],[-83.75428999970481,46.73145676612317],[-83.75377719956683,46.73166716618526],[-83.75282849931176,46.73205896630049],[-83.75249689922667,46.732228966345836],[-83.75233329919031,46.732358866375336],[-83.75201519911056,46.73253756642133],[-83.75179039906477,46.73274996646701],[-83.75160209902391,46.732907466502205],[-83.75149029900282,46.73302716652717],[-83.75137099899257,46.733255066569185],[-83.7512115989674,46.73346586661096],[-83.7510268989365,46.73369536665704],[-83.75078589887782,46.73384516669403],[-83.75046589879311,46.733987866734545],[-83.750016998672,46.73416956678849],[-83.74972589860296,46.73436556683557],[-83.7494698985352,46.73447976686796],[-83.74922839847528,46.73462056690363],[-83.74901159841986,46.734733766933594],[-83.7488583983802,46.734809466954154],[-83.74872989834508,46.734857566969026],[-83.74856549830625,46.73496946699575],[-83.74852619829385,46.73497046699817],[-83.74846179827563,46.734989967004914],[-83.7483715982504,46.73501916701459],[-83.74829459822936,46.73504796702348],[-83.7482052982066,46.73509516703595],[-83.74815349819131,46.73510536704049],[-83.74797269813962,46.735154767058575],[-83.74788209811312,46.735174967066925],[-83.7477522980743,46.7351960670777],[-83.74763559803955,46.73521686708759],[-83.74755709801474,46.73521876709244],[-83.74746699798949,46.73524786710214],[-83.74737729796554,46.73528606711323],[-83.74731329794858,46.73531456712132],[-83.74725059793533,46.73537006713347],[-83.74721329792797,46.73540696714131],[-83.74719079792965,46.73547956715383],[-83.74712949792011,46.73556196717007],[-83.74706919791315,46.735662467189094],[-83.74702139790902,46.73575356720588],[-83.7469155979041,46.73599016724854],[-83.74684179789175,46.73608186726692],[-83.74674079786864,46.73615636728424],[-83.7466912978596,46.736211567295626],[-83.74667379787492,46.73638296732309],[-83.74669099789025,46.73646356733453],[-83.74670819790559,46.73654406734598],[-83.74672809792837,46.73667866736557],[-83.74674709794868,46.73679516738243],[-83.74673949795947,46.73690336739957],[-83.74673329797398,46.73703846742078],[-83.74673789798642,46.73712836743437],[-83.74675779800924,46.737262867453985],[-83.74680199803532,46.737360867466585],[-83.74684669806265,46.73746776748049],[-83.74687789808463,46.73756596749381],[-83.7469505981252,46.73770826751155],[-83.74699759815876,46.73786016753232],[-83.7470539981865,46.73793976754135],[-83.74707259820558,46.73804736755685],[-83.74707849822173,46.738164167574524],[-83.74706909822754,46.73823636758623],[-83.74702089822222,46.73831856760165],[-83.7469848982185,46.73838246761364],[-83.74692269820653,46.738446967627134],[-83.74687309819741,46.73850206763856],[-83.74681049818423,46.73855766765074],[-83.74669509815324,46.73860536766474],[-83.74656569811556,46.73863546767686],[-83.74633179804489,46.73866806769539],[-83.74620149800477,46.73868026770482],[-83.74605809796047,46.73869266771503],[-83.74588949791045,46.738723767729546],[-83.74564289783686,46.738765667750236],[-83.74551309779797,46.738786767760956],[-83.74535659774955,46.738799567772006],[-83.74522719771191,46.73882966778414],[-83.74505859766188,46.73886066779861],[-83.74498159764079,46.738889567807554],[-83.74491849762634,46.73893606781837],[-83.74481749760322,46.73901046783563],[-83.74472959758415,46.73908456785217],[-83.7446800975751,46.739139767863534],[-83.74462019756935,46.73924916788386],[-83.74457249756529,46.73934036790073],[-83.74452519756241,46.7394404679189],[-83.74447739755828,46.73953166793571],[-83.74440449754839,46.73964136795684],[-83.74430219752153,46.73968886797008],[-83.74422439750028,46.739717967979075],[-83.74427799752395,46.73977176798426],[-83.74454839763794,46.73999826800359],[-83.74468459770084,46.74015726802025],[-83.74482029776085,46.74029336803343],[-83.74495689782667,46.74047526805358],[-83.74522729794072,46.7407017680729],[-83.74546409804121,46.740905668090726],[-83.7458350981928,46.741176968111155],[-83.74617339833682,46.74147146813704],[-83.74647799846731,46.74174346816141],[-83.74664839854671,46.74194796818312],[-83.74685139863368,46.74212916819932],[-83.74732309882293,46.74244536822086],[-83.74755849891464,46.74258056822815],[-83.74776059899575,46.742716068237385],[-83.74803149911271,46.74296546826019],[-83.74826789921032,46.74314646827445],[-83.74867359938138,46.743486168303406],[-83.74897869951488,46.743780968331265],[-83.74941949970828,46.7442118683723],[-83.74992769992876,46.7446879684164],[-83.7503007000922,46.74505086845078],[-83.75084120031735,46.74548086848587],[-83.75124780049433,46.74586636852187],[-83.75165500067426,46.74627476856136],[-83.75219740091124,46.74679626861045],[-83.75277350116173,46.74734046866107],[-83.75348350146047,46.747929168710876],[-83.75412560172913,46.7484497687541],[-83.75500320208954,46.74910556880448],[-83.7559472024711,46.74976076885101],[-83.7568903028468,46.75037016889046],[-83.75783390322542,46.75100246893346],[-83.75864460356176,46.75163596898429],[-83.75938650386227,46.7521556690216],[-83.76026280421387,46.75274276906144],[-83.76120690459553,46.753397969107944],[-83.76215250498605,46.75412176916484],[-83.76286130527598,46.75464166920406],[-83.76370390561412,46.75520616924239],[-83.76451090592693,46.755656569265156],[-83.76528620623803,46.75617586930042],[-83.7660287065415,46.756718369341115],[-83.76667010680444,46.75719316937724],[-83.76731100706442,46.75764506940988],[-83.7676818072132,46.75789336942674],[-83.7680868073785,46.75818726944859],[-83.76849130754081,46.75845816946695],[-83.76899790774965,46.758842669496985],[-83.7699408081225,46.75942896953279],[-83.77088570850725,46.76010696958272],[-83.77166060881542,46.76060336961441],[-83.77206510897777,46.76087426963275],[-83.7723372091008,46.76116936966252],[-83.77264350924032,46.76150986969727],[-83.77285060935104,46.76187426974149],[-83.77309380949009,46.762375669804676],[-83.77320360958393,46.762855469872314],[-83.77321410964892,46.76335906994932],[-83.77328780971445,46.76370176999785],[-83.77332630975756,46.76395327003439],[-83.77335120991128,46.76514367021637],[-83.77329050992562,46.7654189702623],[-83.77329390994691,46.765583870287536],[-83.77329480995222,46.76562497029387],[-83.77328310995784,46.76570107030627],[-83.77345510998579,46.765481070262396],[-83.7737350100556,46.765321270221584],[-83.77411071016564,46.76524017018738],[-83.77421941019905,46.765229570179464],[-83.77461971032209,46.76519067015032],[-83.7746495103313,46.76518777014812],[-83.77546601058228,46.76510827008861],[-83.77638311087568,46.765112970036334],[-83.77688241103915,46.76514587001254],[-83.77736641119228,46.765134069982686],[-83.77839191149793,46.76495616989597],[-83.77872851159562,46.764876069864165],[-83.77912741170637,46.764740369820196],[-83.77944611178731,46.76457056977556],[-83.77969701184135,46.76435746972821],[-83.77984551186735,46.764182869692746],[-83.78038251191485,46.763170869505714],[-83.78041971191968,46.76311316949465],[-83.78042821192078,46.76310006949215],[-83.78054801193638,46.762914669456634],[-83.78060081194319,46.76283286944099],[-83.78085971198757,46.76252026937787],[-83.7809361120032,46.76244906936245],[-83.7809609120083,46.76242596935749],[-83.78114711204651,46.762252269319944],[-83.78147751212789,46.76205536927045],[-83.78179591220763,46.7618765692245],[-83.78278061249706,46.76167266913612],[-83.78290001253815,46.76169666913289],[-83.78338071268361,46.76163096909495],[-83.78387711283837,46.76160076906162],[-83.78449161302512,46.761523669014196],[-83.78494401316264,46.761466968979285],[-83.78600171349278,46.76140516890855],[-83.78650771364293,46.76131186886488],[-83.7869453137648,46.76116616881717],[-83.78729091385642,46.761013768773694],[-83.78765911394645,46.76078876871771],[-83.78918091428795,46.75961036844805],[-83.7892825143108,46.75953166843001],[-83.78944721434775,46.75940426840087],[-83.78963201437863,46.75917466835478],[-83.78988541440935,46.758764868276955],[-83.78989761441079,46.758745168273244],[-83.79019791447068,46.75845096821052],[-83.79035891450273,46.75829296817687],[-83.79101831465944,46.757853968071046],[-83.79139701474945,46.757601768010275],[-83.79201981490345,46.75723556791784],[-83.7924212150205,46.75714496788064],[-83.79279801513414,46.75709046785046],[-83.79327201529176,46.757141967830954],[-83.7937489154569,46.7572473678196],[-83.79399731554636,46.75733006781797],[-83.79420201562003,46.75739826781663],[-83.79463911577149,46.75749546780636],[-83.7950978159188,46.757502267780865],[-83.79516061593735,46.757490367775375],[-83.79608341621062,46.75731616769514],[-83.79707721649294,46.75703086759365],[-83.79768471666853,46.756881067535424],[-83.79840171688976,46.756818467484266],[-83.79876491699689,46.7567465674522],[-83.79972601725451,46.75634516733473],[-83.80085961757219,46.7559842672135],[-83.80133511770269,46.75581066715924],[-83.80160681777409,46.75568506712417],[-83.80248601800491,46.755278467010605],[-83.80329861823434,46.75503356692585],[-83.80364861833837,46.754970966895904],[-83.80443971860285,46.7550685668652],[-83.80481441873366,46.755159766857595],[-83.80494331877865,46.75519126685497],[-83.80544411894746,46.75526436683726],[-83.80578781906328,46.7553144668251],[-83.80592121910551,46.75531116681687],[-83.80623241920391,46.75530356679767],[-83.80650591928709,46.75526986677665],[-83.80663921932668,46.75524566676523],[-83.8075954196106,46.75507216668312],[-83.81031482038267,46.75428856640499],[-83.81941242296517,46.75166686547432],[-83.82210852373049,46.750889965198496],[-83.82484122450171,46.75006656491339],[-83.82564152473043,46.74984896483353],[-83.82678112506422,46.74960456472991],[-83.82743162526212,46.74952546468006],[-83.8283854255615,46.749484664618514],[-83.82842472557381,46.74948296461599],[-83.82942102589536,46.74951226456281],[-83.83019832615433,46.749601164531484],[-83.83060262629358,46.74968486452098],[-83.83136312655559,46.749842264501154],[-83.83136412655594,46.749842564501165],[-83.83179032670932,46.749984364498324],[-83.83204272680018,46.75006836449668],[-83.83259232700524,46.75031026450212],[-83.83298042715003,46.75048106450599],[-83.83311432719995,46.750539964507325],[-83.83413362758024,46.750988564517385],[-83.83425962762843,46.75105346452006],[-83.8346930277941,46.75127656452936],[-83.83490072787347,46.75138356453384],[-83.83628332839325,46.75202426455245],[-83.8367950285903,46.75229956456523],[-83.8388893293792,46.75328266459544],[-83.84114773023478,46.754382864634124],[-83.84328673104517,46.75542476467065],[-83.84331183105468,46.75543696467111],[-83.84356083114902,46.755558264675344],[-83.8438464312572,46.75569736468024],[-83.8444262314769,46.75597986469021],[-83.84462363155079,46.75606876469243],[-83.84530453180574,46.756375564700214],[-83.84533053181545,46.75638726470052],[-83.84539203183849,46.756414864701235],[-83.84588713202032,46.75660956470254],[-83.84629993216846,46.75674326469922],[-83.84651993224533,46.756797464694834],[-83.846745132324,46.75685306469033],[-83.84683043235384,46.756874164688625],[-83.84738423253893,46.756942664667086],[-83.84773993265784,46.756986664653255],[-83.84774863266071,46.75698716465283],[-83.84812733278402,46.75700726463401],[-83.84809963277927,46.757040464640696],[-83.84809893277911,46.75704126464087],[-83.84795133275335,46.75721516467619],[-83.84792703275008,46.757251764683225],[-83.847915832751,46.757288064689504],[-83.84789113274645,46.7573156646952],[-83.84789253275025,46.757342564699236],[-83.84789443275524,46.75737856470468],[-83.84789773276401,46.75744146471417],[-83.84789873276654,46.757459464716895],[-83.84791373277571,46.757495064721496],[-83.84791743278569,46.757566964732376],[-83.84791933279074,46.75760296473778],[-83.84793433279985,46.75763856474239],[-83.8479498328103,46.75768316474839],[-83.8479797328286,46.75775446475763],[-83.8480396328652,46.75789696477609],[-83.84806913288222,46.75795916478397],[-83.84809903290052,46.75803046479322],[-83.84811503291223,46.758084064800556],[-83.84815803293465,46.75815496480901],[-83.84820103295702,46.758225864817405],[-83.84822953297159,46.75827016482259],[-83.84828903300692,46.75840366483971],[-83.84833343303315,46.75850156485223],[-83.84833363303335,46.75850286485244],[-83.84835313305483,46.75862706487038],[-83.84835833306859,46.758725964885336],[-83.84837573308403,46.75880656489674],[-83.848392133097,46.758869164905455],[-83.84841083311615,46.75897666492094],[-83.84841613312997,46.75907556493581],[-83.84840583313328,46.75912976494478],[-83.84839753314172,46.75921996495916],[-83.84838863314772,46.75929216497083],[-83.84837893315353,46.759364464982525],[-83.84836873315692,46.759418664991436],[-83.84837243316579,46.75948156500088],[-83.84836273317161,46.75955386501258],[-83.84833213316965,46.75961756502417],[-83.84833203316961,46.75961766502421],[-83.84833203316963,46.75961776502424],[-83.84832733316927,46.75962676502587],[-83.84831663317136,46.759671965033455],[-83.8483203331814,46.75974386504434],[-83.84833813319695,46.75982446505571],[-83.84835553321346,46.759913965068485],[-83.84837243322764,46.75998556507856],[-83.84836353323371,46.76005776509017],[-83.84836553323986,46.76010276509699],[-83.84838193325277,46.76016536510573],[-83.84841133326981,46.76022756511354],[-83.84845483329352,46.76030756512335],[-83.84847173330765,46.76037906513339],[-83.84848903332194,46.76045066514342],[-83.8485200333439,46.76054886515677],[-83.84853683335804,46.76062046516679],[-83.8485537333722,46.76069206517685],[-83.84856963338385,46.76074566518418],[-83.84856963338392,46.760746265184295],[-83.8485762334003,46.760862465201775],[-83.84856743340858,46.76095266521617],[-83.84853203340622,46.76102556522949],[-83.84849843340777,46.761125465246806],[-83.84847273340515,46.76117086525528],[-83.84847273340516,46.7611709652553],[-83.8493090337486,46.761794765302895],[-83.84950383396284,46.76303406548248],[-83.84977773408576,46.76332316551118],[-83.85047893433637,46.76354196550418],[-83.85066193441975,46.76374546552491],[-83.85075233460924,46.7650538657212],[-83.84941953438269,46.76667326604781],[-83.84886933435904,46.76791096627028],[-83.84890703442841,46.76837796634002],[-83.84930673460228,46.76875506637491],[-83.84989683479212,46.76876736634264],[-83.85112533508648,46.7679717661489],[-83.85147143511853,46.76733306603046],[-83.85220303528678,46.76680186590624],[-83.85337173563627,46.76661076580908],[-83.85426173585793,46.766102565679205],[-83.85517043615947,46.76619686564105],[-83.85597143645023,46.76648286563865],[-83.85690253675004,46.766504565588015],[-83.85818393721469,46.76695856558362],[-83.85980213777806,46.76734106554867],[-83.8616473383027,46.76681796536119],[-83.86205253855123,46.767788765487175],[-83.86268203878444,46.76805196549115],[-83.86333453907798,46.768746665560265],[-83.86395193930953,46.76902816556782],[-83.86396813935225,46.76933376561393],[-83.86441683956376,46.769889565673516],[-83.86762784089588,46.77239206587253],[-83.87014664173684,46.77269456577293],[-83.8702115417655,46.77275926577912],[-83.87031254180455,46.77281446578179],[-83.8705893419115,46.772966065789035],[-83.87091054202953,46.773092765789926],[-83.87091064202959,46.77309276578991],[-83.87118014213357,46.77323896579681],[-83.87139604222403,46.77341456581128],[-83.87157724229996,46.77356196582347],[-83.87157954230132,46.77356696582408],[-83.8716217423262,46.77365986583597],[-83.87162184232625,46.77365996583596],[-83.87179064240284,46.77384496585468],[-83.87183044242087,46.77388856585903],[-83.87210074252798,46.774058165869455],[-83.87238764264166,46.7742381658805],[-83.87256054271016,46.77434666588721],[-83.87258994272182,46.77436506588831],[-83.87260284272693,46.77437316588882],[-83.87260514272772,46.77437356588876],[-83.87283934280804,46.77441866588209],[-83.87293374284036,46.77443686587942],[-83.87325324294545,46.774462465864836],[-83.87361784306539,46.7744916658482],[-83.87383514313494,46.7744930658358],[-83.87390614315764,46.77449346583175],[-83.8745586433605,46.77444996578722],[-83.87455874336051,46.77444996578721],[-83.87519474355236,46.7743592657363],[-83.87524784356836,46.774351665732034],[-83.87524794356837,46.774351665732034],[-83.8754832436427,46.77434576571753],[-83.87574924373672,46.77442006571351],[-83.87583564377158,46.77447946571764],[-83.87592614380816,46.774541665721955],[-83.87593884381856,46.774593665729206],[-83.87594284382186,46.77461016573154],[-83.87609364394625,46.775230365818246],[-83.8762728440239,46.775396865833464],[-83.87662544416409,46.775622065847664],[-83.8767325442035,46.77566436584796],[-83.87674994420945,46.775667765847444],[-83.87698184428895,46.77571226584085],[-83.87706334431685,46.77572796583851],[-83.8770897443258,46.77573196583765],[-83.87716454435106,46.77574346583506],[-83.8772259443718,46.775752765832934],[-83.87736714441954,46.77577436582807],[-83.87751454446756,46.775782765820836],[-83.87753744447507,46.77578406581964],[-83.87769564452664,46.77579306581189],[-83.87769574452669,46.77579306581188],[-83.87769584452668,46.77579306581188],[-83.87786974459048,46.77586066581216],[-83.87806354466679,46.775978065819],[-83.87812674469166,46.77601626582121],[-83.87830494476677,46.776164765833755],[-83.87853004484346,46.776204065826704],[-83.87879664493984,46.77629636582545],[-83.87899194501452,46.77639696582959],[-83.87899164501444,46.77639686582957],[-83.87899144501434,46.77639686582958],[-83.87907954504806,46.77644226583149],[-83.87939834515987,46.776524165825585],[-83.88014614543971,46.776859365833765],[-83.88031094550138,46.7769332658356],[-83.88044504554955,46.77697696583455],[-83.88051794557572,46.77700076583398],[-83.88064424562111,46.77704186583295],[-83.88131664587561,46.77736686584399],[-83.88152054595774,46.77750576585349],[-83.88156814597984,46.77756186585935],[-83.88161124599985,46.77761256586469],[-83.88175034606432,46.7777761658818],[-83.8818903461293,46.777940965899035],[-83.88193984615222,46.77799916590506],[-83.88198804618166,46.77811356591989],[-83.88201484619808,46.778177365928194],[-83.88203754622734,46.77835666595443],[-83.88217754629267,46.7785241659721],[-83.88223234631276,46.77854546597215],[-83.88224704631816,46.778551165972196],[-83.88226674632539,46.77855886597221],[-83.88235144635645,46.77859176597237],[-83.882917346543,46.77864046594705],[-83.88311014661345,46.77871276594699],[-83.88320454664789,46.77874816594697],[-83.88378844686117,46.778967165946725],[-83.88384004687995,46.77898626594672],[-83.88394044691515,46.77901186594482],[-83.88413204698219,46.779059865941086],[-83.88433974704452,46.779027665924055],[-83.88443774706968,46.77897806591072],[-83.88447894708027,46.77895726590516],[-83.88462284711723,46.77888436588558],[-83.88482364716886,46.77878296585831],[-83.88521994727064,46.7785825658045],[-83.88556794736844,46.77847466576771],[-83.88576364742516,46.77842846574919],[-83.8858134474396,46.778416665744494],[-83.88584274744753,46.77840476574097],[-83.88586664745507,46.778404165739474],[-83.88593104747372,46.77838896573344],[-83.8859950474923,46.77837386572737],[-83.88604454750744,46.778368565723675],[-83.8862165475601,46.77835026571091],[-83.88654534766839,46.778377965696066],[-83.88656464767564,46.778386565696266],[-83.88657534767901,46.778386265695595],[-83.88658584768353,46.7783959656965],[-83.88663574770221,46.778418165697005],[-83.88667944771852,46.778437465697465],[-83.88676494775329,46.77849836570186],[-83.8869108478127,46.77860276570946],[-83.88707724788628,46.77876956572545],[-83.88716604793464,46.77893236574535],[-83.8871934479496,46.77898256575145],[-83.88731824800564,46.77911466576455],[-83.88744234805442,46.779189365768815],[-83.88744724805636,46.77919226576901],[-83.88756214810148,46.77926126577295],[-83.88763014812687,46.77929136577364],[-83.88813924831712,46.77951676577873],[-83.88831214838886,46.77965156578946],[-83.88838514841913,46.77970846579399],[-83.88873644856906,46.780016165820946],[-83.88893454865362,46.78018956583613],[-83.8893161488278,46.78061576587954],[-83.88947824890181,46.78079686589802],[-83.88953064892358,46.78083776590125],[-83.88964604897144,46.78092766590836],[-83.889724449004,46.78098896591327],[-83.89013814916191,46.78119936592162],[-83.89018524917833,46.78121096592068],[-83.89025204920279,46.78123636592067],[-83.89035934924225,46.78127856592094],[-83.89050694929773,46.78134686592289],[-83.89068274936659,46.78145046592868],[-83.89077784940436,46.78151106593244],[-83.89085864943544,46.78155396593434],[-83.8909668494774,46.781614265937364],[-83.89103554950682,46.78167546594274],[-83.89111954954556,46.78177236595279],[-83.89116144956544,46.78182536595855],[-83.89120404958662,46.781887265965594],[-83.89124664960788,46.78194916597263],[-83.89126304961968,46.78200276597993],[-83.89129134963416,46.78204696598508],[-83.8913207496512,46.782109265992965],[-83.89132544966375,46.782199166006514],[-83.89132944967385,46.782271066017366],[-83.89134724969058,46.78236066603009],[-83.89133954970036,46.78245976604579],[-83.89129194969637,46.78255086606257],[-83.89125554969154,46.782605966073156],[-83.89120714968507,46.782679166087206],[-83.89115774967613,46.78273436609861],[-83.89110624966756,46.78279856611145],[-83.89108404966389,46.782826266117],[-83.89099674964625,46.78290946613487],[-83.89087234962139,46.7830296661606],[-83.89086504961996,46.783037266162175],[-83.89068614958579,46.78322336620121],[-83.89060224957701,46.78336966622859],[-83.8905316495724,46.783515266255094],[-83.89050824957165,46.783569766264804],[-83.89050074958253,46.783677866281906],[-83.89050074958254,46.78367796628188],[-83.89051674959425,46.7837315662892],[-83.8905473496139,46.78381176629977],[-83.89068764968039,46.78398826631878],[-83.89078314971944,46.784058066324],[-83.89091754977073,46.78412616632667],[-83.89091774977081,46.78412636632668],[-83.89091784977087,46.784126466326676],[-83.89092134977199,46.78412656632651],[-83.8911679498532,46.78414726631536],[-83.89143174994211,46.78418556630596],[-83.89185175007701,46.7841928662827],[-83.89216685017881,46.78420286626591],[-83.89279485037726,46.78418706622706],[-83.89290435041205,46.78418576622048],[-83.89346245058931,46.78417916618705],[-83.89423735083632,46.784177166141745],[-83.89424865083991,46.784177166141085],[-83.89520615114803,46.78419796608872],[-83.89674205164548,46.78425806600874],[-83.89764945194219,46.784316065964944],[-83.89809615208775,46.78434076594284],[-83.8983335521672,46.784370765933645],[-83.89851905223023,46.784402065927665],[-83.8987314523051,46.78445966592418],[-83.898984352395,46.78453426592098],[-83.89909835243716,46.78458136592163],[-83.899292552509,46.78466146592266],[-83.89962855263514,46.78481506592681],[-83.89974855267856,46.784856965926274],[-83.90000225277086,46.784949365925726],[-83.900215352846,46.78500706592224],[-83.90041455291558,46.78505596591821],[-83.9006766529995,46.78505826590335],[-83.90087225306017,46.78504436588986],[-83.90109475313047,46.78503866587602],[-83.9013697532174,46.78503216585906],[-83.90166855330732,46.78498816583493],[-83.90191515338084,46.78494596581413],[-83.90207275343168,46.78495086580569],[-83.90251835357473,46.784957565780864],[-83.90293915371208,46.78498296576031],[-83.90324245381349,46.78502016574843],[-83.90346625388752,46.785041665738724],[-83.90351915390532,46.78504916573685],[-83.90373245398156,46.78511576573467],[-83.9039310540499,46.785155965729324],[-83.90437195421022,46.78531546572823],[-83.90501305444158,46.78553326572453],[-83.9051464544904,46.785584065724585],[-83.90562765466568,46.78576056572379],[-83.90621015487716,46.785968565721944],[-83.90630905491305,46.78600426572169],[-83.9066407550327,46.78611626571964],[-83.90680285509126,46.78617176571875],[-83.90692295513475,46.78621366571821],[-83.90713585520976,46.786271165714695],[-83.9072956552669,46.786321165713105],[-83.90750715533815,46.786351865705555],[-83.90794325548589,46.78642176569096],[-83.90884235579104,46.786569865661484],[-83.90886875580046,46.786578165661204],[-83.90902765585513,46.786610165656946],[-83.90914595589359,46.78661616565096],[-83.90934275595684,46.786620165640144],[-83.90947355599822,46.78661696563208],[-83.90957675602749,46.786587265621485],[-83.90968045605804,46.78656656561228],[-83.90990195612576,46.78654296559582],[-83.91016325620723,46.78652726557823],[-83.91048975630923,46.78650986555657],[-83.91071315638207,46.78652226554551],[-83.9109503564603,46.78654326553497],[-83.91112315652158,46.786592865532505],[-83.91125755657177,46.78665246553392],[-83.91136405660984,46.78668566553277],[-83.91145805664507,46.78672826553388],[-83.91157865668988,46.786779565534786],[-83.91166155672602,46.786858265542044],[-83.91175915677015,46.78696366555261],[-83.911894656824,46.78705006555802],[-83.91211305691297,46.7872066655694],[-83.91226415697737,46.787337765580794],[-83.91242535703825,46.78741466558326],[-83.91262595711157,46.78749056558324],[-83.91278665717125,46.78755856558436],[-83.91301255724923,46.787606665578664],[-83.91338405737885,46.78769646557089],[-83.91374305750554,46.7877950655652],[-83.91431365770357,46.787924665551955],[-83.91463045781025,46.78797056554063],[-83.91550335810712,46.78811936551277],[-83.9161000583133,46.78824796549785],[-83.91660395848803,46.78836116548602],[-83.91738705876088,46.78854816546925],[-83.91836905910218,46.788775065447055],[-83.9183956591117,46.788783465446805],[-83.91866045920196,46.788830665438724],[-83.91874185923433,46.788882565441924],[-83.91883595926961,46.78892516544304],[-83.91891645929952,46.78895926544361],[-83.91903615934284,46.789001065443024],[-83.919199859409,46.78911406545089],[-83.91938875948199,46.789217165455824],[-83.9197672596281,46.789423465465546],[-83.92006585974795,46.78962276547881],[-83.92024225981805,46.78973516548585],[-83.92052645992894,46.78989906549452],[-83.92078476003276,46.790072465506164],[-83.9209359600971,46.79020356551756],[-83.9210595601495,46.79030846552649],[-83.92122586022309,46.790475165542496],[-83.92144686031952,46.79068546556197],[-83.92177846046418,46.79100106559119],[-83.92202806057522,46.791255665615836],[-83.92216406062924,46.79134216562124],[-83.9222598606695,46.79142066562779],[-83.92238146071678,46.791489565631274],[-83.92252926077232,46.7915578656332],[-83.92269026083204,46.79162566563427],[-83.92285106089173,46.79169376563536],[-83.92303726095722,46.791742865632095],[-83.92326316103633,46.79180006562777],[-83.92344926110181,46.79184956562457],[-83.92367656118466,46.791933465624226],[-83.92391866127554,46.79204426562722],[-83.92404946131688,46.7920409656191],[-83.92415306134737,46.7920202656099],[-83.92436286141476,46.7920240655983],[-83.92489836158171,46.79199226556229],[-83.92551136177092,46.791940665518716],[-83.92599346191768,46.79188346548186],[-83.9262529619952,46.79184056546021],[-83.92686316217686,46.791734965408466],[-83.92705796223504,46.79170296539224],[-83.92712346225574,46.79170136538816],[-83.92724216229547,46.791716265383556],[-83.92730856231864,46.79173256538223],[-83.92737446234055,46.7917398653795],[-83.92744066236375,46.791756365378205],[-83.92749396238167,46.79176386537626],[-83.92760106242103,46.791806165376535],[-83.9276553624426,46.791840565378685],[-83.92773706247618,46.79190156538328],[-83.92776466248824,46.791927965385746],[-83.92781926251104,46.79197156538924],[-83.92787456253514,46.79202406539415],[-83.92793196256437,46.792112665404396],[-83.92805866262438,46.79227146542144],[-83.92812786265507,46.79234146542818],[-83.92820826268492,46.79237556542877],[-83.92838486275515,46.79248796543579],[-83.92850746280497,46.79257486544201],[-83.92876426290493,46.79272126544959],[-83.92891166295927,46.79278046545015],[-83.92907366302153,46.79286636545391],[-83.92916956306182,46.79294496546041],[-83.92925156309545,46.793005765465026],[-83.92930976312715,46.79311226547799],[-83.92935286314969,46.79318336548642],[-83.9293839631706,46.793272365498304],[-83.92938836318193,46.79335326551049],[-83.92940776320253,46.793469865527285],[-83.9293871632082,46.79356936554375],[-83.92938076322167,46.7936954655635],[-83.92938746323938,46.7938214655825],[-83.9293920632508,46.79390216559466],[-83.92943866328213,46.79403596561253],[-83.92946856330047,46.79410726562171],[-83.92952496332717,46.794177865629294],[-83.92958156335503,46.79425736563825],[-83.92962376337503,46.79431046564397],[-83.9296790633991,46.79436286564876],[-83.92978816344362,46.7944411656545],[-83.92985656347182,46.794493265658524],[-83.92996656351879,46.794589465666895],[-83.93003786355465,46.794695765679116],[-83.93010966359172,46.79481076569264],[-83.93012806360974,46.794909365706715],[-83.9301324636211,46.79499006571881],[-83.9301437636502,46.79519686574996],[-83.93011486366441,46.79538666578085],[-83.93003336366195,46.79557776581497],[-83.92998676366052,46.795686965834456],[-83.92991376364967,46.79578776585419],[-83.929815363633,46.795907265878256],[-83.92969086360813,46.79602746590399],[-83.92961816359846,46.796137365925105],[-83.92953736359738,46.796337565960556],[-83.92950586360519,46.796482265984665],[-83.92947216360672,46.79658206600195],[-83.92949216362858,46.7967075660201],[-83.92952286364934,46.79679676603203],[-83.92959476368651,46.79691196604554],[-83.92965096371314,46.796982466053095],[-83.9297489637585,46.797096966065006],[-83.92991236382457,46.797209766072854],[-83.93014216391381,46.797338866079365],[-83.93070496412149,46.79756736608175],[-83.93117406429414,46.7977534660831],[-83.93154756442873,46.79787886608066],[-83.93161496445451,46.79791316608199],[-83.93168246448032,46.797947866083405],[-83.93172556450273,46.79801836609173],[-83.93174006451068,46.79804506609497],[-83.93178466453698,46.79814276610741],[-83.93184096456365,46.798213466114994],[-83.93187176458333,46.798293566125494],[-83.93193986461152,46.79834586612958],[-83.93200676463599,46.79837136612961],[-83.93212896468458,46.79844896613447],[-83.93238356477835,46.79855066613526],[-83.9326249648679,46.798652366136864],[-83.9329852649972,46.79876906613383],[-83.9332812651085,46.798905466137626],[-83.93353726520711,46.79904286614382],[-83.93371456527866,46.799164266152175],[-83.93374146528934,46.79918156615329],[-83.93383776532976,46.799260166159776],[-83.93392136536839,46.79935686616975],[-83.9340170654075,46.79942656617494],[-83.93411706545798,46.79957686619218],[-83.93430066554701,46.79982426621952],[-83.9346437657209,46.80034646627986],[-83.9350137659055,46.800885866341225],[-83.93512586595754,46.80101806635501],[-83.93514186596417,46.80103026635597],[-83.93531686603568,46.801157166365286],[-83.93545746609226,46.80125256637179],[-83.93552096611786,46.801295866374716],[-83.93573626619926,46.80139856637798],[-83.93601796630371,46.801517166379845],[-83.93623226638255,46.80160166638037],[-83.93643246645466,46.80166846637901],[-83.93667056653541,46.80170736637113],[-83.93690856661621,46.80174656636331],[-83.93722616672423,46.80180116635323],[-83.9375043668199,46.80185696634562],[-83.9378883669512,46.8019281663342],[-83.93823426707269,46.80201826632795],[-83.93860636720353,46.802116666321446],[-83.93920556741612,46.80229026631324],[-83.93992556767353,46.802514766305855],[-83.94005936772241,46.802565266305834],[-83.94104706807774,46.80289116629846],[-83.94134066818268,46.802982366295375],[-83.94154056825468,46.803049166294024],[-83.94166076829823,46.80309106629346],[-83.94174256833071,46.80314296629669],[-83.94189136838885,46.80322916630127],[-83.94245916860928,46.80354746631715],[-83.94310696885829,46.80389086633226],[-83.9433115689418,46.80403856634301],[-83.9434493690009,46.804161066353856],[-83.94354836904881,46.80429356636846],[-83.94362316909354,46.804462766390074],[-83.94392736925627,46.804994766454136],[-83.94418586938903,46.805402066501685],[-83.94425396941718,46.8054544665058],[-83.9443761694658,46.80553236651066],[-83.9444969695106,46.80558306651139],[-83.944671969577,46.80566856651435],[-83.94490086966368,46.8057796665181],[-83.94518706977965,46.80597926653213],[-83.94541736987017,46.80611736653995],[-83.94548586989846,46.80616956654395],[-83.94555396992554,46.806212866546666],[-83.94566136996613,46.806264066548266],[-83.94588677004397,46.806312266542584],[-83.9460307700895,46.8063085665336],[-83.94634687019378,46.80633636651948],[-83.94657237027059,46.80637566651242],[-83.94690447038768,46.80646606650696],[-83.94734387054312,46.80658976650043],[-83.94775427068272,46.80666016648732],[-83.94801877077293,46.80670726647918],[-83.94825427084736,46.80670126646457],[-83.94848887091922,46.8066771664472],[-83.94880017101084,46.80661516641954],[-83.94912317110406,46.80653506638844],[-83.94954007123015,46.806479066355614],[-83.949879171335,46.80645236633174],[-83.9501802714301,46.806444566313026],[-83.95032387147434,46.8064318663027],[-83.95051807153123,46.80639086628515],[-83.95080347161583,46.806338466260485],[-83.95118107173063,46.806292866231466],[-83.95145607181752,46.806285666214386],[-83.95162727187378,46.8062992662065],[-83.9518115719342,46.80631246619782],[-83.95198337199183,46.80633506619125],[-83.9522093720721,46.8064011661883],[-83.95243577215247,46.80646736618527],[-83.95266087222915,46.80650656617819],[-83.95283217228545,46.806520166170316],[-83.95300167233792,46.80650686615842],[-83.95315827238622,46.806493766147305],[-83.95320897239891,46.80646536613996],[-83.95327367241713,46.806445766133166],[-83.9534150724563,46.80639736611753],[-83.95358207250119,46.8063297660974],[-83.95381377256551,46.80625186607194],[-83.9541745726672,46.80614346603429],[-83.95452407276873,46.80606246600156],[-83.95497857290447,46.8059876659636],[-83.95512227294876,46.80597486595323],[-83.95547457305778,46.8059478659286],[-83.9557357731392,46.80593216591096],[-83.95581387316274,46.80592116590476],[-83.95590497319041,46.8059097658977],[-83.95595697320572,46.80589946589305],[-83.95602127322381,46.80587976588629],[-83.95616377326546,46.80584906587332],[-83.9563168733049,46.80577306585267],[-83.95649667335395,46.805705665831894],[-83.95665237339976,46.80567446581801],[-83.95686067346334,46.80565116580236],[-83.95716077355591,46.80562556578093],[-83.95755347367995,46.80561546575651],[-83.95803867383539,46.805620565729086],[-83.95836837394504,46.805657065715465],[-83.9586852740518,46.805702865704056],[-83.95900547416626,46.805802765700776],[-83.95928537426576,46.80588536569718],[-83.95955247436235,46.80597736569573],[-83.9599263744971,46.80610276569325],[-83.96027097461595,46.80617486568426],[-83.96053587470625,46.806221965676094],[-83.96093247484036,46.80628356566245],[-83.96138157499108,46.806344065645625],[-83.9616730750909,46.80639946563716],[-83.96195217518907,46.806473265632256],[-83.96215297526248,46.80654906563221],[-83.96240847535879,46.80666846563568],[-83.9627737755008,46.80687496564613],[-83.96358727582107,46.80736706567435],[-83.9638433759186,46.80749526567911]]]},"properties":{"OGF_ID":800517568,"BEAR_MANAGEMENT_IDENT":"SS-36-005","BEAR_MANAGEMENT_IDENT_SX":1,"LOCATION_ACCURACY":"Within 100 metres","LOCATION_DESCR":null,"VERIFICATION_STATUS_FLG":"Verified","VERIFICATION_STATUS_DATE":886291200000,"BUSINESS_EFF_DATE_FLG":"Estimated","BUSINESS_EFFECTIVE_DATE":886291200000,"BUSINESS_EXPIRY_DATE":null,"SYSTEM_CALCULATED_AREA":301955244.554,"SYSTEM_CALCULATED_LENGTH":101899.115,"GEOMETRY_UPDATE_DATETIME":1364214776000,"EFFECTIVE_DATETIME":1368091040000,"OBJECTID":98865}},{"type":"Feature","id":108769,"geometry":{"type":"Polygon","coordinates":[[[-83.79727413379763,46.897161289129286],[-83.79733923381717,46.89715068912389],[-83.79737863382964,46.897149789121436],[-83.7974830338616,46.897138189113576],[-83.7975612338852,46.89712728910739],[-83.79762683390601,46.897125689103376],[-83.79770503392969,46.89711478909714],[-83.79777013394916,46.89710418909175],[-83.79786143397699,46.8970929890847],[-83.79804643403888,46.89711538907738],[-83.7980984340543,46.89710518907284],[-83.79820283408624,46.897093589064994],[-83.79829463411528,46.897091389059284],[-83.7983854341418,46.89707108905094],[-83.79848943417255,46.897050589041754],[-83.79856763419623,46.89703968903553],[-83.79873483424136,46.8969725890155],[-83.79883783426956,46.896934089003615],[-83.7989797343089,46.89688558898793],[-83.79908233433589,46.896838088974704],[-83.79915863435447,46.8967911889631],[-83.79923543437435,46.896753388952796],[-83.79933663439752,46.89667888893551],[-83.79941343441737,46.89664098892525],[-83.79947663443185,46.89659448891445],[-83.79953893444375,46.89652988890089],[-83.79961573446369,46.89649208889066],[-83.79969203448226,46.896445188879014],[-83.79974363449638,46.8964258888731],[-83.79980863451587,46.89641528886768],[-83.79989863453993,46.89637708885662],[-83.79998943456647,46.896356888848224],[-83.80006623458634,46.89631898883797],[-83.80013083460456,46.896299488831225],[-83.80022123462986,46.89627018882147],[-83.8003514346689,46.89624908881064],[-83.80043013469377,46.89624708880575],[-83.8004952347133,46.896236488800376],[-83.80061323475066,46.89623358879306],[-83.80071813478388,46.89623108878658],[-83.80079633480756,46.89622018878038],[-83.80083523481876,46.89621018877661],[-83.80096403485396,46.896162088761706],[-83.80102723486841,46.89611548875087],[-83.80107783488,46.89607828874228],[-83.80115503490113,46.896049388733346],[-83.80120613491398,46.896021088726044],[-83.80129693494052,46.89600088871767],[-83.80136253496127,46.89599928871359],[-83.80140133497248,46.895989388709815],[-83.80143973498241,46.895970388704676],[-83.80148993499273,46.89592418869468],[-83.80155313500717,46.895877588683845],[-83.80162893502451,46.89582178867088],[-83.801692235039,46.8957751886601],[-83.80175583505469,46.89573768865064],[-83.80183223507333,46.89569078863898],[-83.80193523510154,46.895652288627126],[-83.80201393512641,46.89565038862224],[-83.80206543514053,46.89563108861633],[-83.80212953515748,46.89560248860821],[-83.8022068351786,46.89557358859926],[-83.80228413519978,46.895544688590334],[-83.80234923521927,46.89553418858495],[-83.80242603523914,46.8954962885747],[-83.8025552352756,46.89545708856117],[-83.80267183530921,46.89542728854984],[-83.80273643532747,46.89540768854305],[-83.80285353536229,46.89538678853306],[-83.80299823540925,46.89539228852548],[-83.80306433543127,46.89539958852276],[-83.80318273546989,46.89540568851683],[-83.80327553550151,46.89542148851388],[-83.80338133553728,46.895436888510105],[-83.80344733555923,46.895444188507376],[-83.80355323559505,46.895459688503635],[-83.80357983560454,46.895467988503356],[-83.803657635627,46.89544808849575],[-83.80370913564106,46.89542878848982],[-83.80375973565265,46.895391588481175],[-83.80388473567774,46.895271488455485],[-83.80393433568679,46.895216288444104],[-83.80395683568503,46.89514378843171],[-83.80397973568452,46.89508018842063],[-83.80400323568529,46.8950255884109],[-83.80401353568188,46.89497138840197],[-83.80404903568417,46.8948984883887],[-83.80408463568659,46.894825588375475],[-83.8041197356877,46.89474378836084],[-83.80415493568884,46.89466188834624],[-83.8041778356883,46.894598388335176],[-83.8042265356948,46.89452518832113],[-83.80426263569849,46.894461288309245],[-83.80429913570333,46.8944063882987],[-83.80434823571112,46.894342188286004],[-83.80438573571857,46.89430528827816],[-83.80443633573007,46.89426798826948],[-83.80447423573881,46.89424008826303],[-83.80453883575701,46.89422048825623],[-83.80460203577147,46.894173988245434],[-83.80465123577925,46.89410978823273],[-83.8046999357858,46.894036588218704],[-83.80473693579192,46.893990688209485],[-83.80474913579359,46.893972388206],[-83.80478613579976,46.89392648819677],[-83.8048479358104,46.89385298818192],[-83.80488483581651,46.893807088172764],[-83.80493503582689,46.89376078816275],[-83.80497193583301,46.89371488815352],[-83.80503663585127,46.89369528814678],[-83.80510073586821,46.893666788138695],[-83.80516583588773,46.893656188133235],[-83.80532133593253,46.89361638811815],[-83.80538683595329,46.893614788114085],[-83.80545243597403,46.89361308811],[-83.80554373600185,46.89360188810299],[-83.80562193602552,46.89359098809676],[-83.80575263606579,46.89357878808735],[-83.8058312360907,46.89357688808245],[-83.80588463610982,46.89359348808188],[-83.805963736136,46.893600588078385],[-83.80605603616632,46.893607288074094],[-83.80618813621037,46.89362208806866],[-83.80625363623112,46.89362048806464],[-83.8064002362831,46.89366188806246],[-83.80652013632555,46.893694988060574],[-83.80657393634588,46.8937205880614],[-83.8066011363567,46.89373798806247],[-83.8066554363784,46.8937725880646],[-83.80668263638923,46.89378998806569],[-83.80670973640002,46.89380728806682],[-83.80676413642173,46.89384198806894],[-83.80680533643923,46.893876988071945],[-83.80684563645417,46.89389398807219],[-83.80698043650577,46.893962588074864],[-83.80702213652452,46.89400658807919],[-83.80710553656206,46.89409458808786],[-83.80714673657957,46.894129588090856],[-83.80720153660246,46.89417318809432],[-83.80722963661582,46.89420848809815],[-83.80725773662918,46.89424378810192],[-83.80728583664254,46.89427908810574],[-83.80735423667085,46.89433148810976],[-83.8074211366954,46.89435678810977],[-83.80746143671035,46.894373788110045],[-83.80754203674039,46.894407888110585],[-83.80764833677735,46.89443218810815],[-83.80776773681852,46.89445628810493],[-83.8078075368322,46.89446428810382],[-83.8078599368488,46.89446298810058],[-83.80791243686542,46.89446178809736],[-83.80799013688782,46.894441888089794],[-83.80805473690609,46.89442228808302],[-83.80813253692848,46.89440238807546],[-83.8081709369384,46.89438338807031],[-83.80824773695826,46.89434548806004],[-83.80829923697235,46.89432628805411],[-83.80833803698353,46.894316288050284],[-83.8084284370088,46.89428708804058],[-83.8084940370296,46.894285488036516],[-83.80854733704871,46.89430218803598],[-83.80858723706244,46.89431018803487],[-83.80866683708985,46.8943261880327],[-83.80873283711188,46.89433358803004],[-83.80879933713517,46.89434998802869],[-83.80887843716131,46.894356988025145],[-83.8089449371846,46.89437338802378],[-83.80903813721748,46.8943980880222],[-83.8091046372408,46.89441448802086],[-83.80918473726948,46.894439488020026],[-83.80923813728857,46.89445618801949],[-83.80927793730231,46.89446418801838],[-83.8093435373231,46.89446258801437],[-83.80939593733967,46.89446128801111],[-83.80969333742387,46.894372987980276],[-83.80975693743953,46.894335487970814],[-83.80982063745525,46.89429788796137],[-83.80991003747803,46.89425068794894],[-83.80997373749373,46.8942130879395],[-83.81005013751239,46.89416628792786],[-83.81011333752684,46.89411968791703],[-83.81020273754956,46.89407248790461],[-83.81026593756403,46.89402598789382],[-83.8103286375772,46.893970387881645],[-83.81041713759745,46.89390528786649],[-83.81047993761062,46.89384968785432],[-83.8105304376222,46.89381248784568],[-83.81058053763252,46.893766287835675],[-83.81061853764118,46.89373828782918],[-83.81065503764609,46.89368338781865],[-83.81070553765763,46.89364618780999],[-83.81074393766754,46.89362718780486],[-83.81079543768162,46.89360798779893],[-83.81084703769574,46.89358868779293],[-83.8108863377082,46.8935876877905],[-83.81097713773474,46.89356748778213],[-83.81104223775421,46.893556887776725],[-83.81108113776543,46.89354698777294],[-83.81113353778203,46.89354568776974],[-83.81118553779736,46.893535387765105],[-83.81125153781937,46.89354278776242],[-83.81136953785679,46.893539887755104],[-83.8114978378907,46.89348268773892],[-83.8115110378949,46.89348238773809],[-83.81156343791152,46.89348108773483],[-83.81162903793225,46.89347948773076],[-83.8117334379642,46.893467887722935],[-83.81179853798372,46.89345728771751],[-83.81187623800608,46.89343738770997],[-83.81196753803388,46.89342618770293],[-83.81207053806206,46.893387587691045],[-83.81212113807365,46.893350387682396],[-83.81215903808233,46.89332248767589],[-83.81224843810504,46.89327528766347],[-83.81228733811625,46.893265287659716],[-83.81238983814316,46.89321778764648],[-83.81247973816716,46.89317958763538],[-83.81258283819535,46.89314108762347],[-83.81271113822932,46.89308388760722],[-83.81278783824914,46.893045987596956],[-83.8128904382761,46.89299848758372],[-83.81300463830335,46.89292368756561],[-83.81309363832486,46.892867487551804],[-83.81322233836005,46.89281928753695],[-83.8133244383857,46.89276278752233],[-83.81334923839022,46.892735187516706],[-83.81342513840755,46.892679387503705],[-83.81352813843574,46.89264078749181],[-83.81361893846227,46.89262058748345],[-83.81373603849714,46.892599687473435],[-83.81385263853066,46.89256978746208],[-83.8139439385585,46.892558587455035],[-83.8140352385863,46.89254738744801],[-83.81412603861283,46.89252708743964],[-83.81421733864063,46.8925158874326],[-83.8143737386879,46.89249398742019],[-83.81447723871737,46.892464487409626],[-83.81456813874391,46.892444187401246],[-83.81464633876757,46.89243328739502],[-83.81471043878452,46.89240468738692],[-83.81477503880278,46.89238518738014],[-83.81482653881685,46.89236588737418],[-83.81490383883796,46.89233698736532],[-83.81499513886575,46.89232568735821],[-83.81506063888651,46.892324087354226],[-83.81524333894212,46.89230158734015],[-83.81535943897445,46.89226278732742],[-83.81550223901633,46.89223228731448],[-83.81565813906239,46.892201387300666],[-83.81577423909465,46.892162587287956],[-83.81588993912577,46.8921146872739],[-83.8159929391539,46.892076187262],[-83.81608333917923,46.89204698725229],[-83.81619943921149,46.89200808723958],[-83.81632913924923,46.89197788722739],[-83.81644663928536,46.89196598721874],[-83.81657683932437,46.89194478720792],[-83.8166812393563,46.89193318720009],[-83.81679873939238,46.89192138719147],[-83.8169036394256,46.89191878718498],[-83.81704743947,46.8919061871747],[-83.8171527395045,46.891912587169514],[-83.81725763953771,46.89191008716303],[-83.81737563957506,46.891907087155744],[-83.81746793960541,46.891913887151404],[-83.81769123967725,46.89191738713895],[-83.81780973971587,46.89192348713301],[-83.81794083975733,46.891920187124896],[-83.81801953978228,46.89191828712007],[-83.8181501398225,46.891906087110605],[-83.81829343986564,46.891884487098984],[-83.81847653992251,46.891870987086264],[-83.8185940399586,46.8918590870776],[-83.81867223998226,46.89184818707139],[-83.81882964003213,46.89184428706168],[-83.81893494006654,46.891850687056504],[-83.81902674009564,46.89184848705083],[-83.81914564013553,46.89186348704624],[-83.81926414017414,46.89186958704026],[-83.8193821402115,46.89186668703298],[-83.81948794024724,46.891882087029195],[-83.8196851403108,46.89188618701837],[-83.81979004034402,46.89188368701192],[-83.81985554036468,46.8918819870078],[-83.81992114038549,46.89188038700378],[-83.82002554041742,46.89186878699595],[-83.82011684044524,46.89185758698891],[-83.82022034047465,46.89182798697834],[-83.82031114050118,46.89180778696997],[-83.82037534051817,46.89177918696184],[-83.8204928405543,46.89176728695321],[-83.82060944058784,46.89173748694185],[-83.82070024061436,46.89171718693345],[-83.8208046406463,46.891705586925625],[-83.82084404065878,46.891704686923205],[-83.82092264068365,46.89170268691835],[-83.82100134070859,46.89170078691345],[-83.82110674074308,46.89170718690833],[-83.8211994407747,46.891722886905335],[-83.82122564078297,46.89172228690372],[-83.82138434083653,46.891745286898036],[-83.82151694088189,46.891769086893994],[-83.82158344090517,46.891785386892636],[-83.82166354093388,46.89181048689179],[-83.82174314096127,46.89182648688964],[-83.8217974409829,46.8918610868918],[-83.8218934410233,46.89193978689829],[-83.82196094104913,46.89197408689962],[-83.82202884107622,46.89201738690234],[-83.82210844110365,46.892033486900154],[-83.82218804113106,46.89204948689802],[-83.82226714115721,46.89205648689447],[-83.8223332411793,46.89206388689179],[-83.82243954121626,46.892088286889326],[-83.82251914124366,46.89210428688718],[-83.82259874127115,46.892120386885],[-83.82267834129856,46.89213638688285],[-83.82273224131895,46.89216208688363],[-83.82282774135811,46.892231686888756],[-83.82287084138063,46.89230258689717],[-83.82289894139399,46.89233788690094],[-83.82291824141458,46.892454486917714],[-83.82289624141762,46.89253598693146],[-83.822885941421,46.89259028694043],[-83.82287614142571,46.89265348695068],[-83.82285374142755,46.89272608696313],[-83.82283274143313,46.892825586979605],[-83.82280974143362,46.892889086990685],[-83.82280184144335,46.89298828700634],[-83.82276724144354,46.89307918702231],[-83.82275694144697,46.8931333870312],[-83.82274664145034,46.89318768704017],[-83.8227640414659,46.89326818705147],[-83.82278144148142,46.893348787062806],[-83.82285164151476,46.893437087072286],[-83.82286714152525,46.89348168707826],[-83.82292244154942,46.893534287083114],[-83.82300534158568,46.893613287090375],[-83.82307464161653,46.893683587097144],[-83.82316934165316,46.89373518709958],[-83.82323774168152,46.89378748710361],[-83.82330514170731,46.89382188710498],[-83.82339974174394,46.893873487107406],[-83.82345364176436,46.89389918710819],[-83.823507941786,46.89393388711038],[-83.82360164182009,46.893967587110104],[-83.82366864184465,46.8939928871101],[-83.82373604187046,46.894027187111426],[-83.82385594191291,46.89406028710953],[-83.8240709419932,46.894153987111395],[-83.82413744201646,46.89417028711006],[-83.82420394203976,46.89418668710871],[-83.82429714207258,46.89421138710705],[-83.8244034421096,46.89423568710462],[-83.82454814215656,46.89424118709703],[-83.82465304218975,46.89423858709059],[-83.82471764220796,46.8942189870838],[-83.82489884225976,46.89416948706568],[-83.82498964228628,46.89414928705731],[-83.82505524230709,46.89414768705325],[-83.82514654233483,46.89413638704621],[-83.8252247423585,46.89412548703998],[-83.8253160423863,46.89411418703297],[-83.82536894240418,46.894121887031055],[-83.82543314242116,46.89409328702292],[-83.82548464243523,46.89407408701699],[-83.82561434247296,46.89404378700482],[-83.82565274248287,46.89402488699968],[-83.82568924248778,46.893969986989134],[-83.82572474249008,46.89389708697593],[-83.82573504248673,46.89384288696701],[-83.82575984249124,46.89381528696131],[-83.82582354250695,46.893777686951864],[-83.82587454251974,46.89374938694456],[-83.82593914253795,46.89372978693777],[-83.82601684256034,46.893709886930225],[-83.8260965425878,46.89372588692806],[-83.8261363426015,46.893733986927],[-83.82619014262184,46.89375958692774],[-83.8262847426585,46.8938112869302],[-83.8263541426894,46.89388158693696],[-83.82645064273106,46.893969186944766],[-83.8265864427852,46.89405578695019],[-83.82668204282439,46.894125486955296],[-83.82677804286477,46.89420408696178],[-83.8268731429027,46.89426468696552],[-83.82695604293895,46.894343686972846],[-83.82698614295738,46.894414886982005],[-83.82698794296242,46.89445088698746],[-83.82696464296171,46.894505486997176],[-83.8269548429664,46.89456868700744],[-83.82696984297557,46.894604287012015],[-83.82701054299179,46.89463028701363],[-83.8270644430122,46.89465598701449],[-83.82711784303136,46.89467268701394],[-83.82718334305211,46.89467108700988],[-83.82731634309867,46.894703787007174],[-83.82736934311654,46.89471148700525],[-83.82743584313981,46.89472778700392],[-83.82750234316312,46.89474418700255],[-83.82758334319435,46.894787187004454],[-83.8276760432259,46.894802887001475],[-83.82774304325045,46.89482818700141],[-83.82783574328201,46.89484388699843],[-83.82784884328613,46.89484358699766],[-83.8279158433107,46.89486888699761],[-83.82802174334645,46.89488428699388],[-83.82811444337806,46.89489998699083],[-83.82819354340423,46.89490708698733],[-83.82831254344411,46.89492208698274],[-83.82840524347566,46.89493778697976],[-83.82848444350188,46.894944886976255],[-83.82856454353055,46.894969886975424],[-83.82861744354842,46.89497758697357],[-83.82868444357298,46.895002886973494],[-83.82873774359207,46.89501958697296],[-83.82880474361664,46.89504498697299],[-83.82888484364531,46.89506998697216],[-83.82893824366448,46.89508668697162],[-83.82903004369354,46.89508438696594],[-83.82910914371969,46.89509138696239],[-83.82920144375004,46.895098086958086],[-83.82926704377084,46.895096486953996],[-83.82937234380525,46.895102886948884],[-83.8294510438302,46.89510098694398],[-83.82952974385508,46.89509898693911],[-83.82967394390074,46.8950954869302],[-83.82973994392275,46.895102786927474],[-83.82983224395308,46.89510948692316],[-83.82989774397383,46.8951078869191],[-83.82997594399745,46.895096986912876],[-83.8300673440253,46.895085686905844],[-83.83018484406136,46.89507378689719],[-83.83027564408792,46.89505358688883],[-83.83035334411029,46.89503358688124],[-83.83045634413843,46.894995086869315],[-83.83052104415668,46.894975486862585],[-83.830572944172,46.894965186858],[-83.83066384419854,46.89494498684957],[-83.83075464422505,46.894924686841236],[-83.83085864425578,46.894904086831986],[-83.83093584427685,46.89487518682311],[-83.83102524429962,46.89482798681064],[-83.83110204431948,46.89479008680034],[-83.8311657443352,46.894752586790965],[-83.83131784437109,46.894649786766315],[-83.8313791443805,46.89456728675013],[-83.83145494439782,46.894511386737136],[-83.83151724440977,46.89444688672363],[-83.83156724442001,46.8944005867136],[-83.83160424442619,46.89435468670438],[-83.83161354442021,46.89428248669279],[-83.83164914442257,46.894209586679494],[-83.83168374442239,46.894118686663596],[-83.83170564441929,46.8940371866498],[-83.83168734440127,46.89393868663578],[-83.83167144438957,46.89388508662847],[-83.83165454437531,46.89381348661846],[-83.83165214436896,46.893768486611705],[-83.83164974436266,46.89372358660498],[-83.8316591443567,46.89365138659331],[-83.8316679443495,46.89357018658039],[-83.83166414433941,46.893498286569574],[-83.83168664433762,46.89342568655711],[-83.83170994433826,46.89337108654741],[-83.83169264432281,46.89329058653609],[-83.8316640443082,46.89324628653094],[-83.83163494429228,46.89319298652447],[-83.83161904428059,46.89313938651716],[-83.83162884427587,46.89307608650685],[-83.83166574428199,46.8930301864977],[-83.83172994429896,46.89300158648956],[-83.83176824430889,46.892982686484466],[-83.83184644433251,46.892971786478235],[-83.83191154435202,46.8929610864728],[-83.83201454438021,46.89292258646089],[-83.83206704439682,46.89292128645763],[-83.83214524442047,46.89291038645146],[-83.83218404443163,46.89290038644764],[-83.83222154443907,46.89286348643981],[-83.83227254445184,46.892835186432514],[-83.8322968444551,46.892798586425485],[-83.8323455444616,46.89272538641139],[-83.83240824447476,46.89266988639927],[-83.83245924448757,46.89264158639197],[-83.83252294450332,46.892603986382454],[-83.83261324452852,46.89257478637276],[-83.8326905445497,46.892545886363806],[-83.83280714458324,46.89251598635249],[-83.83288484460564,46.89249608634487],[-83.83298974463884,46.89249348633843],[-83.83308194466912,46.892500186334075],[-83.83316154469654,46.89251618633191],[-83.83325434472813,46.89253188632893],[-83.83333434475682,46.892556886328116],[-83.83340184478267,46.89259128632948],[-83.83346924480841,46.89262558633081],[-83.83353674483425,46.89265988633211],[-83.83360464486134,46.89270318633483],[-83.83365904488302,46.892737886337],[-83.83372694491007,46.89278118633971],[-83.83378224493423,46.89283378634457],[-83.83385254496761,46.892922086353984],[-83.83390974499689,46.89301068636428],[-83.83397954502901,46.89308988637233],[-83.83413034509229,46.89321218638237],[-83.83421234512606,46.89327308638693],[-83.83433184516723,46.89329718638364],[-83.83441094519337,46.893304186380156],[-83.8345017452199,46.89328398637179],[-83.83456634523814,46.89326438636499],[-83.83461834525349,46.893254086360415],[-83.83473544528835,46.89323318635042],[-83.83483934531901,46.893212586341185],[-83.83494324534968,46.89319198633202],[-83.83504724538034,46.89317148632282],[-83.83513804540686,46.893151186314405],[-83.83525554544293,46.893139286305754],[-83.83537264547779,46.893118386295754],[-83.83546304550312,46.89308918628599],[-83.83556694553377,46.893068586276826],[-83.83569714557278,46.893047386266026],[-83.83580104560343,46.89302678625679],[-83.83590594563663,46.89302418625028],[-83.83603614567562,46.893002986239466],[-83.83612744570343,46.89299168623245],[-83.8362449457395,46.89297978622378],[-83.83637554577969,46.89296748621434],[-83.83649404581831,46.892973586208385],[-83.83661254585698,46.89297968620238],[-83.83670384588478,46.89296838619536],[-83.83679464591125,46.89294808618695],[-83.83684614592538,46.89292888618101],[-83.8368709459299,46.892901286175366],[-83.83692244594394,46.892881986169414],[-83.83697394595801,46.89286268616344],[-83.83703904597752,46.892852086158044],[-83.83711774600239,46.89285008615315],[-83.83716964601773,46.89283978614857],[-83.83724834604267,46.892837886143674],[-83.83731344606213,46.89282728613828],[-83.83737894608288,46.892825686134266],[-83.83744404610239,46.89281498612881],[-83.83750964612314,46.892813386124736],[-83.83768004617708,46.892809186114214],[-83.83773254619375,46.89280788611096],[-83.83786414623648,46.89281358610414],[-83.83799754628427,46.89285528610278],[-83.83806554631137,46.892898586105495],[-83.83814514633876,46.89291458610334],[-83.83817184634839,46.89292298610308],[-83.83825004637197,46.89291198609682],[-83.83832774639437,46.89289208608927],[-83.83847004643496,46.89285258607494],[-83.8385468464548,46.89281468606466],[-83.83859834646891,46.892795386058694],[-83.8387780465169,46.89271888603654],[-83.838855346538,46.89268998602758],[-83.83897194657159,46.892660086016264],[-83.83908894660638,46.89263918600622],[-83.83917934663171,46.89260998599651],[-83.83932254667478,46.89258838598485],[-83.83941344670137,46.89256818597648],[-83.83949164672495,46.89255718597026],[-83.83964794677223,46.89253538595782],[-83.83977864681249,46.892523085948355],[-83.8398835468457,46.89252048594185],[-83.83996214687058,46.892518585936955],[-83.84006664690256,46.89250698592911],[-83.84018414693863,46.892494985920465],[-83.84032884698557,46.8925004859129],[-83.8404604470283,46.89250618590607],[-83.84056574706278,46.89251258590095],[-83.84069644710304,46.89250028589151],[-83.84082654714197,46.89247908588069],[-83.84094454717932,46.89247618587335],[-83.84108834722372,46.89246358586307],[-83.84124514727225,46.892450685851976],[-83.84153364736359,46.89244348583408],[-83.84165114739966,46.8924315858254],[-83.84179584744659,46.89243698581787],[-83.84191334748266,46.89242508580919],[-83.84199154750632,46.89241418580295],[-83.84210954754366,46.892411185795666],[-83.84220084757146,46.892399985788614],[-83.84229264760053,46.892397685782974],[-83.84244954764905,46.89238478577187],[-83.84258014768926,46.89237248576235],[-83.84271074772951,46.89236028575288],[-83.84286764777806,46.892347385741836],[-83.84292004779468,46.89234608573855],[-83.84298514781412,46.89233548573317],[-83.84311674785693,46.892341185726366],[-83.84319584788307,46.89234818572281],[-83.84324834789966,46.892346885719576],[-83.84333964792746,46.892335685712595],[-83.84344454796067,46.89233308570606],[-83.8435489479926,46.89232148569824],[-83.84362664801499,46.89230148569062],[-83.84392674810665,46.8922670856679],[-83.84395294811492,46.89226638566628],[-83.84401804813443,46.89225578566088],[-83.84405694814562,46.89224578565706],[-83.84413464816797,46.8922258856495],[-83.84418614818208,46.89220658564352],[-83.84423574819111,46.892151385632204],[-83.84429984820805,46.89212278562408],[-83.84432464821255,46.892095185618416],[-83.84436354822374,46.89208518561465],[-83.84449124825639,46.89201898559706],[-83.84454184826795,46.891981785588406],[-83.8446050482824,46.891935185577566],[-83.84466864829804,46.891897585568124],[-83.84471824830707,46.891842385556764],[-83.84476924831986,46.891814085549456],[-83.84481794832641,46.89174088553541],[-83.84489414834492,46.891693985523766],[-83.84495784836064,46.8916563855143],[-83.84500884837342,46.891628185506995],[-83.84506034838755,46.89160888550107],[-83.84520314842939,46.891578285488066],[-83.84525514844474,46.89156808548348],[-83.8453328484671,46.89154808547587],[-83.84546294850604,46.89152688546507],[-83.8457106485811,46.89149368544556],[-83.8458146486118,46.89147308543638],[-83.8458923486342,46.89145318542882],[-83.84597094865907,46.8914511854239],[-83.84611474870347,46.89143868541365],[-83.84619334872833,46.891436685408785],[-83.84628614875994,46.8914523854058],[-83.84637934879277,46.89147708540414],[-83.84645984882272,46.891511085404716],[-83.84655454885934,46.891562685407074],[-83.84659484887436,46.89157968540736],[-83.84663504888931,46.891596685407634],[-83.84670254891513,46.891630985408945],[-83.84676954893969,46.89165638540898],[-83.84687534897536,46.89167168540513],[-83.84698024900858,46.89166908539869],[-83.84708514904182,46.891666485392165],[-83.8471638490667,46.89166458538728],[-83.84725514909451,46.89165328538025],[-83.847345949121,46.89163298537186],[-83.84743674914755,46.89161278536346],[-83.84752804917534,46.891601485356446],[-83.84759214919225,46.89157288534834],[-83.84762964919969,46.891535985340475],[-83.84766704920708,46.89149898533261],[-83.84771804921986,46.891470785325346],[-83.84776904923265,46.89144248531805],[-83.84784584925251,46.89140458530777],[-83.84792304927362,46.89137568529885],[-83.84801434930141,46.8913643852918],[-83.84809204932378,46.891344485284264],[-83.84818244934903,46.891315185274465],[-83.84827414937806,46.891312885268825],[-83.84833834939502,46.891284285260696],[-83.8486122494784,46.891250485239546],[-83.84866414949374,46.89124018523496],[-83.84870304950492,46.891230185231194],[-83.84878124952853,46.89121928522496],[-83.84885944955217,46.89120828521869],[-83.84895074957997,46.89119708521172],[-83.84905604961439,46.89120348520654],[-83.84912164963518,46.89120178520248],[-83.8492269496696,46.891208185197364],[-83.8492536496792,46.89121648519706],[-83.84929354969293,46.891224485195956],[-83.8494246497344,46.891221285187854],[-83.84947754975228,46.89122898518593],[-83.84957024978381,46.89124458518297],[-83.84962364980296,46.891261285182445],[-83.84971634983457,46.89127698517945],[-83.84976974985365,46.891293685178915],[-83.84978284985783,46.891293285178065],[-83.84982364987405,46.89131928517967],[-83.84986344988779,46.891327285178626],[-83.84991734990821,46.89135298517941],[-83.85006484996266,46.891412285179904],[-83.85011924998436,46.89144698518208],[-83.8501862500089,46.89147228518206],[-83.85022695002513,46.89149828518366],[-83.85030755005508,46.89153228518423],[-83.85037455007962,46.89155758518422],[-83.85049535012455,46.891608585185004],[-83.85064245017776,46.89165888518416],[-83.85069685019945,46.89169358518633],[-83.85075115022107,46.89172818518847],[-83.85081955024944,46.891780485192484],[-83.85090155028314,46.89184138519708],[-83.85095645030611,46.89188508520058],[-83.85102485033448,46.89193738520459],[-83.8511063503669,46.89198928520784],[-83.85118835040068,46.89205028521245],[-83.85124275042236,46.89208488521458],[-83.85131115045066,46.89213718521862],[-83.8514062504886,46.8921978852224],[-83.85154025053767,46.89224848522239],[-83.8516212505689,46.89229148522428],[-83.85170185059886,46.89232548522477],[-83.85182265064377,46.892376485225554],[-83.85192995068326,46.89241878522583],[-83.85200955071075,46.892434785223664],[-83.85214165075475,46.89244948521824],[-83.85223395078508,46.892456185213874],[-83.85232615081536,46.892462885209554],[-83.85237855083196,46.892461585206306],[-83.85245775085815,46.89246858520276],[-83.85252375088017,46.89247598520007],[-83.85260335090759,46.892491985197914],[-83.85267035093212,46.89251728519785],[-83.85272375095128,46.89253398519731],[-83.85277765097163,46.89255968519814],[-83.85283245099458,46.89260328520161],[-83.85286105100916,46.892647585206745],[-83.85286445101805,46.892710485216185],[-83.8528668510244,46.89275538522297],[-83.85284245102112,46.89279198522999],[-83.85280455101247,46.89281998523647],[-83.85276625100252,46.892838885241595],[-83.85275405100094,46.89285718524513],[-83.85276815100762,46.89287488524702],[-83.85279485101717,46.892883185246745],[-83.85282205102803,46.892900485247814],[-83.85286185104172,46.89290848524673],[-83.85292685106118,46.89289788524133],[-83.85297935107783,46.89289658523806],[-83.85308425111103,46.892893985231545],[-83.85313665112758,46.892892685228354],[-83.85320225114837,46.89289108522427],[-83.85325415116371,46.892880785219674],[-83.85330665118029,46.89287938521639],[-83.85335865119563,46.89286918521177],[-83.8534236512151,46.8928584852064],[-83.85347615123169,46.892857185203134],[-83.85359175126271,46.89280928518903],[-83.85364325127678,46.8927900851831],[-83.85368205128798,46.892780085179325],[-83.85372095129917,46.89277008517551],[-83.85375935130908,46.8927511851704],[-83.85379815132029,46.89274118516663],[-83.85386275133848,46.89272158515982],[-83.85391425135253,46.892702285153916],[-83.85393955135831,46.89268368514954],[-83.85396385136156,46.89264708514255],[-83.85400035136645,46.89259218513201],[-83.85402365136716,46.89253758512227],[-83.8540596513707,46.89247368511039],[-83.85405685136314,46.8924196851023],[-83.8540520513505,46.89232988508879],[-83.85406035134203,46.89223968507448],[-83.85407015133731,46.8921763850642],[-83.85410275133204,46.892049585042805],[-83.8541130513286,46.891995385033944],[-83.85410775131466,46.89189648501907],[-83.85413015131282,46.89182388500663],[-83.85415405131484,46.89177828499828],[-83.85419885131122,46.89163318497342],[-83.85420765130398,46.89155198496044],[-83.85423145130595,46.89150638495204],[-83.85426745130951,46.89144248494017],[-83.85431755131981,46.89139628493018],[-83.85436665132757,46.89133198491743],[-83.85440315133245,46.89127708490689],[-83.85447935135097,46.891230184895306],[-83.85454205136415,46.89117468488312],[-83.85460425137603,46.8911100848696],[-83.85462815137805,46.8910644848612],[-83.85467775138703,46.891009284849844],[-83.8547282513986,46.89097198484121],[-83.85490415143644,46.89082358480821],[-83.85498135145748,46.89079468479927],[-83.8550192514662,46.890766784792824],[-83.85506985147771,46.89072948478413],[-83.85510775148637,46.890701584777695],[-83.8551587514992,46.89067328477038],[-83.855235451519,46.89063538476005],[-83.85529955153598,46.89060678475198],[-83.85537735155835,46.89058678474437],[-83.85543995157146,46.89053128473222],[-83.85550365158717,46.89049368472276],[-83.8555808516083,46.890464784713814],[-83.85570955164344,46.890416584698954],[-83.85578685166455,46.89038758469003],[-83.85586305168313,46.89034068467838],[-83.85596655171251,46.89031108466783],[-83.8560699517419,46.890281584657295],[-83.85617345177134,46.89025198464673],[-83.85625065179245,46.89022308463782],[-83.85632885181603,46.8902120846316],[-83.85644545184962,46.89018218462021],[-83.85649685186367,46.89016288461424],[-83.85658815189147,46.8901515846072],[-83.85662755190391,46.89015058460477],[-83.85670575192752,46.890139684598545],[-83.85686395197986,46.89015368459151],[-83.85694365200727,46.890169684589345],[-83.85700965202929,46.8901770845866],[-83.85707615205254,46.89019338458527],[-83.85712905207042,46.89020108458334],[-83.85715525207871,46.890200484581754],[-83.85726165211577,46.890224784579296],[-83.85732815213898,46.89024108457789],[-83.85740775216647,46.89025718457572],[-83.85746065218426,46.89026478457381],[-83.85752715220754,46.89028118457251],[-83.85760725223624,46.890306184571685],[-83.85772815228118,46.89035708457242],[-83.85778105229903,46.89036478457055],[-83.85783445231819,46.890381484570014],[-83.85790095234145,46.890397784568606],[-83.85795335235801,46.89039648456535],[-83.85799365237301,46.89041348456563],[-83.8580737524017,46.89043848456481],[-83.85811455241797,46.89046448456641],[-83.85814125242752,46.89047278456617],[-83.85823775246918,46.89056038457397],[-83.85830615249753,46.890612684578],[-83.85832165250802,46.89065728458395],[-83.85836345252679,46.89070128458829],[-83.85843235255642,46.890762484593665],[-83.85846095257105,46.89080678459874],[-83.85849005258689,46.89086008460528],[-83.85858465262353,46.89091168460769],[-83.85866525265348,46.890945684608184],[-83.8587191526739,46.89097138460899],[-83.85879825270004,46.89097838460549],[-83.85886385272082,46.890976684601384],[-83.8589424527457,46.89097478459655],[-83.85904685277762,46.890963184588685],[-83.85909835279168,46.89094388458272],[-83.85915035280705,46.890933584578136],[-83.85924115283352,46.89091328456972],[-83.8593188528559,46.89089338456217],[-83.85937035286995,46.8908740845562],[-83.8594597528927,46.89082688454376],[-83.85951075290549,46.89079858453647],[-83.85954905291541,46.89077958453131],[-83.85960055292946,46.89076028452535],[-83.85967785295058,46.89073138451644],[-83.85971575295923,46.89070348450995],[-83.85985515299224,46.890609984487504],[-83.859906153005,46.890581684480196],[-83.85999505302645,46.890525484466416],[-83.86006985304121,46.890451584450695],[-83.86011995305151,46.89040538444072],[-83.86023505308125,46.8903484844253],[-83.86029825309569,46.890301884414505],[-83.86036235311262,46.89027328440637],[-83.86041385312672,46.890253984400395],[-83.86047895314617,46.89024338439501],[-83.86054395316565,46.89023278438961],[-83.86062165318802,46.890212784382015],[-83.8607003532129,46.89021088437717],[-83.86075185322701,46.89019158437118],[-83.86083045325186,46.89018958436632],[-83.8608824532672,46.890179284361736],[-83.860948053288,46.89017768435763],[-83.86103935331572,46.89016638435062],[-83.86132865340952,46.890177084335384],[-83.86138255342993,46.890202784336225],[-83.86142385344749,46.89023778433918],[-83.86147955347286,46.89029938434543],[-83.86148295348178,46.89036228435485],[-83.86149895349354,46.89041588436215],[-83.86149345350955,46.89055998438457],[-83.86148325351306,46.89061428439347],[-83.8614734535177,46.890677484403746],[-83.86146415352368,46.890749684415326],[-83.86146805353386,46.890821584426135],[-83.86147325354773,46.890920484441025],[-83.86146355355248,46.890983684451285],[-83.86148145356928,46.89107328446394],[-83.86151245359021,46.891162484475814],[-83.86152885360319,46.891225084484475],[-83.86155745361783,46.89126938448963],[-83.86163855364904,46.89131238449151],[-83.86169245366946,46.89133798449226],[-83.86175985369529,46.89137228449364],[-83.86182645371855,46.89138858449223],[-83.86190655374723,46.8914135844914],[-83.86194675376218,46.89143058449169],[-83.86199975378011,46.8914382844898],[-83.86205215379664,46.891436984486546],[-83.86209145380911,46.89143598448412],[-83.86215755383112,46.89144338448136],[-83.86222355385311,46.891450684478635],[-83.86238185390546,46.891464684471615],[-83.8624998539428,46.89146178446431],[-83.86256535396352,46.891460184460236],[-83.86263045398303,46.891449484454796],[-83.86272175401082,46.891438184447765],[-83.86278635402901,46.89141858444098],[-83.86283835404433,46.891408284436395],[-83.86287665405426,46.89138938443128],[-83.86291505406419,46.89137038442612],[-83.86295245407156,46.8913334844183],[-83.8629767540748,46.89129688441129],[-83.86301375408094,46.89125088440208],[-83.86303805408413,46.891214284395055],[-83.86306135408483,46.89115968438533],[-83.86307165408145,46.891105484376396],[-83.8630949540821,46.89105088436668],[-83.8631173540803,46.89097838435426],[-83.86312565407178,46.89088808433991],[-83.86313445406454,46.89080688432694],[-83.86314475406111,46.890752684318],[-83.86315355405391,46.89067148430509],[-83.86314685403615,46.89054558428617],[-83.8631556540289,46.8904643842732],[-83.86317755402587,46.890382884259424],[-83.86319995402401,46.89031028424697],[-83.86322185402089,46.89022878423324],[-83.86325635402068,46.89013788421726],[-83.86327825401759,46.89005638420351],[-83.86331425402119,46.88999248419163],[-83.86335125402735,46.88994648418238],[-83.86340175403888,46.88990928417377],[-83.86347805405744,46.889862384162114],[-83.86352855406895,46.889825084153486],[-83.8635912540821,46.889769484141326],[-83.86369325410773,46.88971298412668],[-83.86376855412375,46.88964808411237],[-83.8638321541394,46.889610484102924],[-83.86389535415383,46.889563884092084],[-83.8639715541724,46.88951698408044],[-83.86400805417728,46.889462084069926],[-83.86404495418338,46.889416184060714],[-83.86409505419361,46.889369884050694],[-83.86417175421346,46.88933198404043],[-83.86426115423617,46.88928478402799],[-83.86429955424614,46.88926578402285],[-83.86435145426141,46.889255484018264],[-83.86439085427388,46.88925448401581],[-83.86440395427807,46.889254184015],[-83.86448215430165,46.88924318400874],[-83.86460055434026,46.889249284002794],[-83.86468015436766,46.88926528400064],[-83.864746754391,46.88928158399928],[-83.86486665443336,46.88931458399735],[-83.86497345447164,46.88934788399623],[-83.86514625453185,46.88938858399242],[-83.86534575460169,46.889437583988304],[-83.86547825464697,46.88946128398427],[-83.86562445469771,46.889493583980716],[-83.86573025473338,46.88950898397692],[-83.86590165478987,46.88952268396905],[-83.8659686548144,46.88954798396903],[-83.8661006548584,46.88956268396362],[-83.86619345489001,46.88957838396064],[-83.86624585490658,46.88957698395734],[-83.86635175494233,46.88959238395355],[-83.86645705497673,46.889598783948415],[-83.86661585503035,46.889621783942694],[-83.86677415508268,46.88963578393562],[-83.86694505513786,46.88964048392642],[-83.867064455179,46.889664483923156],[-83.86714355520515,46.88967148391961],[-83.86726305524628,46.88969548391634],[-83.8673547552753,46.88969318391065],[-83.86744805530816,46.889717883909036],[-83.86744755530688,46.889708883907645],[-83.86752665533302,46.88971588390416],[-83.86769905539204,46.88974758389895],[-83.86779125542238,46.88975428389465],[-83.86795095547845,46.88979528389165],[-83.8680170555005,46.88980258388892],[-83.86815005554706,46.88983528388617],[-83.86821605556901,46.889842583883436],[-83.86836175561848,46.88986598387858],[-83.86846895565796,46.88990828387885],[-83.86853505568001,46.88991558387612],[-83.86862825571285,46.889940283874466],[-83.86872145574567,46.88996498387281],[-83.8688544557922,46.88999758387008],[-83.8689336558184,46.89000458386659],[-83.86902635584994,46.89002028386359],[-83.86907975586908,46.89003698386299],[-83.86915985589776,46.89006198386221],[-83.86922735592358,46.89009628386353],[-83.869347255966,46.8901292838616],[-83.86956125604371,46.89020488386074],[-83.86965545607912,46.89024748386181],[-83.86972245610367,46.890272883861776],[-83.8698030561336,46.89030678386229],[-83.86988415616484,46.89034978386417],[-83.87005885623016,46.890426383865766],[-83.8701661562697,46.89046868386604],[-83.87023365629551,46.890502983867336],[-83.8703141563254,46.890536983867904],[-83.87038115634996,46.89056228386788],[-83.87044865637577,46.8905965838692],[-83.87054235640991,46.89063028386892],[-83.87060985643573,46.89066458387024],[-83.87069085646691,46.89070748387209],[-83.87075885649399,46.89075078387479],[-83.8708263565198,46.8907850838761],[-83.87090685654977,46.890819083876664],[-83.87097485657684,46.89086238387935],[-83.87104275660388,46.890905683882],[-83.87113695663929,46.89094828388307],[-83.87121995667555,46.891027183890344],[-83.87127525669979,46.89107988389519],[-83.87137185674143,46.891167383902996],[-83.8714402567698,46.891219683907025],[-83.87152225680357,46.89128068391163],[-83.87157855683027,46.89135118391916],[-83.87163535685826,46.89143078392804],[-83.87169015688116,46.89147438393157],[-83.87177225691498,46.89153538393608],[-83.87184115694454,46.89159658394148],[-83.87189645696873,46.891649183946335],[-83.8719784570025,46.89171018395094],[-83.87204735703207,46.89177148395635],[-83.87211585706044,46.89182368396033],[-83.8722114570996,46.89189328396545],[-83.87223865711046,46.89191058396651],[-83.87231965714165,46.89195358396839],[-83.87238865717127,46.8920148839738],[-83.87245795720212,46.89208508398051],[-83.87255265723881,46.89213678398295],[-83.87264685727418,46.89217938398399],[-83.87271385729872,46.89220468398396],[-83.87280655733026,46.89222038398097],[-83.87289925736185,46.89223598397795],[-83.87296585738514,46.89225238397659],[-83.87304495741128,46.8922593839731],[-83.87312405743741,46.892266383969556],[-83.87317655745406,46.8922650839663],[-83.8732556574802,46.89227208396275],[-83.87334745750925,46.892269783957026],[-83.87343875753703,46.892258483950016],[-83.87355575757182,46.892237583940016],[-83.873660657605,46.89223488393353],[-83.87375195763279,46.89222358392645],[-83.87384375766185,46.89222128392074],[-83.87392145768418,46.892201383913175],[-83.87399915770654,46.89218138390559],[-83.87407685772892,46.89216148389802],[-83.87415455775125,46.892141483890434],[-83.87421865776821,46.892112883882305],[-83.8742832577864,46.89209328387559],[-83.87434785780465,46.89207368386878],[-83.87439885781743,46.89204538386148],[-83.87447605783852,46.89201638385256],[-83.87454065785671,46.89199678384576],[-83.87460475787363,46.891968183837626],[-83.8746552578852,46.891930883829005],[-83.87471945790216,46.89190228382087],[-83.87479565792066,46.89185538380927],[-83.87492385795454,46.891798183793036],[-83.8749744579661,46.891760883784336],[-83.87514105800992,46.891684683763],[-83.87517845801729,46.891647783755175],[-83.8752289580288,46.89161048374647],[-83.8752789580391,46.89156428373649],[-83.87536835806178,46.89151698372403],[-83.87541835807204,46.891470783714055],[-83.87548055808391,46.8914061837005],[-83.87554375809833,46.89135958368971],[-83.8756199581169,46.89131268367805],[-83.87569675813673,46.8912747836678],[-83.87576085815364,46.89124618365966],[-83.87586375818175,46.89120758364778],[-83.8759667582099,46.891168983635886],[-83.87605755823641,46.89114868362747],[-83.87612265825587,46.89113808362206],[-83.87620035827825,46.89111808361447],[-83.87626585829898,46.89111648361039],[-83.87634385832268,46.89110678360441],[-83.87635715832675,46.891105183603365],[-83.87643635835289,46.89111218359981],[-83.87651495837775,46.891110183594925],[-83.87658055839854,46.89110858359089],[-83.87668545843174,46.891105883584345],[-83.87677815846328,46.89112158358136],[-83.87683015847867,46.89111128357678],[-83.87690875850352,46.89110928357191],[-83.87699955853002,46.891088983563485],[-83.87709085855775,46.89107768355646],[-83.87719525858967,46.89106608354861],[-83.87727395861458,46.89106408354374],[-83.87736615864486,46.891070783539355],[-83.87747155867937,46.891077083534185],[-83.87753755870132,46.89108448353149],[-83.87762935873039,46.89108218352578],[-83.87769495875116,46.89108048352174],[-83.87776045877189,46.89107888351767],[-83.87785175879968,46.89106758351062],[-83.87794305882741,46.89105628350361],[-83.87813875888709,46.891033383488676],[-83.87834705894966,46.891001083471615],[-83.87842475897203,46.89098118346404],[-83.87847715898862,46.89097978346076],[-83.87852915900395,46.89096948345616],[-83.8786073590276,46.89095858344993],[-83.87867245904705,46.89094788344448],[-83.87873695906525,46.89092828343775],[-83.87878795907801,46.890899983430444],[-83.878826359088,46.890881083425334],[-83.8788904591049,46.890852383417155],[-83.87892885911482,46.89083348341206],[-83.87897935912632,46.89079618340337],[-83.87905565914495,46.89074928339177],[-83.87910665915771,46.89072098338446],[-83.87918385917877,46.89069208337551],[-83.8792348591916,46.890663783368225],[-83.87933775921971,46.89062518335631],[-83.87938875923248,46.890596883349026],[-83.87944025924652,46.890577583343045],[-83.87951745926763,46.8905486833341],[-83.87958205928582,46.890529083327365],[-83.87967195930983,46.890490783316224],[-83.87977485933794,46.890452183304355],[-83.87985255936024,46.890432183296745],[-83.87995595938962,46.89040258328618],[-83.8800468594162,46.8903823832778],[-83.88015075944683,46.890361683268594],[-83.88021535946503,46.89034208326184],[-83.88027985948321,46.89032248325506],[-83.88038285951136,46.890283883243164],[-83.88046055953367,46.89026388323558],[-83.88051255954906,46.890253583230994],[-83.88060375957677,46.8902422832239],[-83.88066885959624,46.89023168321848],[-83.88072085961163,46.89022138321389],[-83.88078585963106,46.890210683208444],[-83.88085095965053,46.89020008320305],[-83.8809038596684,46.890207783201184],[-83.88096895968785,46.890197083195716],[-83.88102095970322,46.89018678319115],[-83.88108645972396,46.89018518318707],[-83.88113845973929,46.89017488318247],[-83.88119085975588,46.89017348317923],[-83.88126905977946,46.890162583173],[-83.88132105979484,46.89015228316835],[-83.88137245980883,46.89013298316244],[-83.8814249598255,46.89013168315917],[-83.88148995984488,46.89012098315372],[-83.88155605986692,46.890128283151],[-83.88160795988226,46.89011798314642],[-83.8816210598864,46.890117683145604],[-83.88168665990713,46.89011608314157],[-83.88176385992821,46.89008708313259],[-83.88182795994516,46.890058483124456],[-83.88195665998029,46.890010283109625],[-83.88203436000266,46.88999028310201],[-83.88211156002377,46.88996138309313],[-83.88216306003781,46.88994208308715],[-83.88220096004646,46.889914083080654],[-83.88225196005924,46.889885783073375],[-83.88228936006661,46.88984888306553],[-83.88232726007524,46.889820883058974],[-83.8823650600839,46.88979298305255],[-83.88240296009253,46.889764983046014],[-83.8824408601012,46.889737083039556],[-83.88249236011522,46.889717783033575],[-83.88251716011975,46.8896900830279],[-83.8825676601313,46.88965288301928],[-83.88260596014118,46.8896338830141],[-83.88265796015648,46.88962358300952],[-83.88269676016766,46.8896135830057],[-83.88272256017473,46.88960398300273],[-83.88276186018713,46.88960298300027],[-83.88280116019958,46.889601982997846],[-83.88284056021205,46.8896009829954],[-83.88288036022577,46.88960898299429],[-83.88290756023657,46.889626282995366],[-83.8829473602503,46.88963428299428],[-83.88300216027321,46.8896778829978],[-83.88305706029615,46.88972148300126],[-83.88308466030819,46.88974778300369],[-83.88311236032033,46.88977408300609],[-83.8831691603483,46.88985368301507],[-83.8831987603655,46.889915983022846],[-83.88322886038394,46.88998718303199],[-83.88327106040397,46.89004008303766],[-83.88331566043036,46.89013798305008],[-83.88335786045039,46.890190883055766],[-83.88341516047964,46.89027948306599],[-83.88349816051597,46.890358383073256],[-83.883540360536,46.89041128307891],[-83.8835966605627,46.89048188308648],[-83.88366606059361,46.89055218309322],[-83.88372286062159,46.890631683102065],[-83.88391506070248,46.890788883114986],[-83.88401076074166,46.8908584831201],[-83.88407866076874,46.89090168312276],[-83.88424126083238,46.89099658312787],[-83.88430976086076,46.89104888313187],[-83.88439036089076,46.89108288313239],[-83.88443066090572,46.891099883132654],[-83.88448496092734,46.891134483134806],[-83.88457966096402,46.89118608313719],[-83.88464666098857,46.89121138313719],[-83.88471516101691,46.891263683141226],[-83.88478356104523,46.89131598314525],[-83.88485206107357,46.891368183149275],[-83.88493456110861,46.89143808315517],[-83.88497626112739,46.89148208315948],[-83.88504566115829,46.891552283166256],[-83.88510196118501,46.89162288317375],[-83.8851442612051,46.891675883179445],[-83.88515876121299,46.891702483182655],[-83.88520096123302,46.89175538318832],[-83.8852296612477,46.89179968319345],[-83.88527326127151,46.89187958320317],[-83.8853427613024,46.891949783209846],[-83.88539806132664,46.89200238321471],[-83.88548056136162,46.89207238322062],[-83.88554996139253,46.8921425832274],[-83.88560486141547,46.89218618323085],[-83.88566066144091,46.892247783237025],[-83.88571556146388,46.89229138324055],[-83.88578446149346,46.89235268324596],[-83.88586596152594,46.892404583249125],[-83.88593636155933,46.89249278325855],[-83.88601936159564,46.89257168326582],[-83.8860887616265,46.89264198327255],[-83.88617186166286,46.89272088327982],[-83.88622816168957,46.892791483287375],[-83.88636786175381,46.89294988330351],[-83.88642276177679,46.892993583307],[-83.8864916618064,46.89305478331238],[-83.88653346182517,46.8930987833167],[-83.88657566184527,46.89315168332236],[-83.88666986188062,46.893194283323446],[-83.88671116189816,46.89322928332637],[-83.88676456191723,46.8932458833258],[-83.88684466194593,46.89327088332501],[-83.88689856196633,46.893296483325734],[-83.8869650619896,46.893312883324384],[-83.88701846200874,46.89332948332386],[-83.88708596203455,46.89336378332516],[-83.88727386210405,46.893440083325935],[-83.8873408621286,46.893465383325896],[-83.88742096215726,46.89349028332508],[-83.88748796218182,46.89351568332504],[-83.88754186220223,46.89354128332585],[-83.88759576222257,46.893566883326656],[-83.88766276224712,46.89359218332663],[-83.8877438622784,46.893635183328506],[-83.88783396232206,46.8937554833417],[-83.88796376237138,46.89381858334378],[-83.8882429624686,46.893883583337505],[-83.88838766251551,46.893888883329886],[-83.88848236255214,46.893940483332294],[-83.88860126259202,46.893955483327694],[-83.88874456263511,46.89393388331601],[-83.88882176265622,46.893904983307074],[-83.88883486266033,46.89390458330627],[-83.88893636268467,46.89383908329032],[-83.88906116270964,46.89371888326458],[-83.8891700627229,46.89354518323168],[-83.88928026273992,46.89339838320272],[-83.88947896277713,46.893186383158664],[-83.88956156278213,46.893013283127296],[-83.88971066281033,46.89285648309462],[-83.88980686282066,46.8926920830638],[-83.89008366288148,46.89246908301348],[-83.89030666292194,46.89222048296237],[-83.89054506297283,46.89201648291722],[-83.89073646302113,46.89191268289018],[-83.89092776306936,46.89180878286313],[-83.89118276313336,46.8916673828266],[-83.8913988631861,46.89153588279384],[-83.8916396632433,46.891376782755465],[-83.89179176327919,46.8912739827308],[-83.89202236333989,46.89116918270134],[-83.89223356341,46.89119078269239],[-83.8923127634362,46.89119778268883],[-83.89248706350023,46.89126538268902],[-83.89255786353489,46.89136258269983],[-83.89258796355334,46.89143388270899],[-83.89263166357723,46.89151368271866],[-83.89269046361032,46.891629282732985],[-83.89282006367806,46.891841982758066],[-83.89313216380135,46.892032082769035],[-83.89340016389953,46.8921332827689],[-83.89367846399423,46.89218028275992],[-83.89404846411794,46.89222488274523],[-83.89482876438045,46.89233108271605],[-83.89504136445441,46.89237978271113],[-83.89521426451468,46.89242038270731],[-83.89537786458092,46.8925331827151],[-83.89562406468222,46.892715982728724],[-83.89582746476215,46.892836782735436],[-83.8960299648396,46.892939682739424],[-83.89624986493256,46.89312308275472],[-83.89635866497595,46.89319238275902],[-83.89654556504289,46.893250582757055],[-83.89679706512801,46.89328928274835],[-83.89703506520773,46.893319282739064],[-83.8972059652629,46.893323882729824],[-83.89744246533887,46.89332688271652],[-83.89791826549832,46.893386882698],[-83.89795806551199,46.893394882696896],[-83.89815866558439,46.89346178269546],[-83.8984281656864,46.893589982699424],[-83.89866706576865,46.89363788269287],[-83.8988889658366,46.89361428267632],[-83.89905746588546,46.89357398266036],[-83.89923466592701,46.893452482631375],[-83.89947366597919,46.8932574825876],[-83.89964216602804,46.8932171825716],[-83.89989216610935,46.89322888255885],[-83.90006216616203,46.89321548254689],[-83.90029866623793,46.89321848253356],[-83.9005511663256,46.89327508252755],[-83.90082936642034,46.89332208251853],[-83.9010527664921,46.893325382506035],[-83.90131156656614,46.8932558824803],[-83.90168206666107,46.89306648242969],[-83.90210446677123,46.89286678237449],[-83.90227106681502,46.8927904823531],[-83.90255366689102,46.892675382318984],[-83.9028265669718,46.89262338229512],[-83.90311546706428,46.89262508227854],[-83.90339416716027,46.89268098227089],[-83.90374086728328,46.89278018226592],[-83.90410266741559,46.89291498226547],[-83.90450326755902,46.89303988226127],[-83.90486306768622,46.89313868225547],[-83.90503446774268,46.89315238224759],[-83.90537486784925,46.89313468222505],[-83.90600266804445,46.89309178218192],[-83.9062639681249,46.893067082162936],[-83.90651446820749,46.8930877821515],[-83.90690096834423,46.893194882145394],[-83.90716906844246,46.893296082145305],[-83.90746186854507,46.89336968213952],[-83.90791876871526,46.89356508214285],[-83.90816256881025,46.893702882149796],[-83.90839226889851,46.89382298215482],[-83.9088603690678,46.89398208215191],[-83.9090322691255,46.89400468214537],[-83.90955286931134,46.89416248213923],[-83.90973586936809,46.894148782126464],[-83.90989036941028,46.894090882108586],[-83.90998836942569,46.893962382083174],[-83.91013886945763,46.89383258205453],[-83.91030446949887,46.89373838203041],[-83.91049726955097,46.89366148200739],[-83.91079586963866,46.89359988198058],[-83.91126396977783,46.89351598194045],[-83.91170826991498,46.89347768190873],[-83.91202197001202,46.893451681886425],[-83.91240267013353,46.89345098186414],[-83.91288867028945,46.893456581836695],[-83.91311257036254,46.89346888182551],[-83.91346557047191,46.893441881800825],[-83.91382057058644,46.893450881781554],[-83.91407257067281,46.89349838177414],[-83.91442997079366,46.89355228176152],[-83.91466687087082,46.89356428174961],[-83.91483637092223,46.893541981736306],[-83.91503007097683,46.89348308171599],[-83.91520827102089,46.893379481689735],[-83.91548317110669,46.89336348167126],[-83.91568077117147,46.89337648166175],[-83.91587787123488,46.89338038165082],[-83.91612897131877,46.89340998164074],[-83.91632557138094,46.89340498162854],[-83.91652377144699,46.89342698162036],[-83.91670877150888,46.893449281613016],[-83.91688257157162,46.893507781611824],[-83.9171613716676,46.89356368160415],[-83.91747597176712,46.8935556815846],[-83.9177371718475,46.89353098156562],[-83.91799697192408,46.893479381542576],[-83.91828007200134,46.89337318150978],[-83.91845967204922,46.89329658148758],[-83.91868007211336,46.89324598146698],[-83.91892967219343,46.89324858145286],[-83.91919147227507,46.89323288143518],[-83.91942497234334,46.89318198141375],[-83.91974837243556,46.89309268138121],[-83.9199803725,46.89301478135581],[-83.92047417264614,46.89292118131267],[-83.92078937274694,46.8929220812944],[-83.92106617283781,46.89294208128136],[-83.92127787290926,46.892972681273704],[-83.92159497301513,46.893009581260884],[-83.92177947307572,46.8930228812522],[-83.92202757315195,46.89299848123397],[-83.92223637321575,46.892975181218226],[-83.9224839732907,46.8929418811987],[-83.9227325733682,46.89292648118186],[-83.92300697345271,46.89290148116204],[-83.92318947350826,46.89287878114795],[-83.92350167360141,46.89282588112164],[-83.923812973692,46.89275488109261],[-83.9240338737574,46.89271328107334],[-83.92427947382726,46.89264398104839],[-83.92470967395771,46.89258798101477],[-83.92499957405278,46.89260758100085],[-83.92523757413248,46.892637480991596],[-83.9255968742584,46.89272728098441],[-83.92582567434414,46.892829380986726],[-83.92621267448213,46.89294548098198],[-83.92657787462329,46.893143180990975],[-83.92679547470999,46.89328158099948],[-83.9270665748158,46.89343668100747],[-83.92741867495283,46.89363458101726],[-83.92773967506885,46.893743381015256],[-83.92867547540608,46.89405248100805],[-83.92923937561457,46.89428098101017],[-83.92991057586254,46.894551781012574],[-83.93012377593773,46.89460938100896],[-83.93030687599455,46.89459568099618],[-83.9305680760749,46.89457098097719],[-83.93085547616356,46.8945455809565],[-83.93112987624812,46.89452058093669],[-83.9314182763393,46.89451318091872],[-83.93174657644421,46.89451378089969],[-83.93217097658957,46.894592880887075],[-83.93250267670341,46.894656380877485],[-83.93265037675792,46.89471558087794],[-83.93297137687394,46.89482438087594],[-83.93353037706969,46.894962980864534],[-83.93384847717812,46.895017880854404],[-83.93419327729607,46.895080980844014],[-83.93449727739781,46.89511818083194],[-83.93479877749313,46.89511048081321],[-83.93511637760027,46.895156280801714],[-83.93547477772363,46.89522808079182],[-83.93578127783175,46.895310280786575],[-83.93623187798536,46.89538868077225],[-83.93649657807465,46.89542688076267],[-83.9367617781652,46.89547408075449],[-83.93715507828955,46.89546398073001],[-83.93742987837531,46.8954478807115],[-83.93769257845952,46.89545018069652],[-83.93802087856447,46.895450680677456],[-83.93833407866016,46.89541568065386],[-83.93851557871307,46.89537498063704],[-83.93870887876636,46.89530708061533],[-83.93893947882701,46.89520218058582],[-83.93916997888758,46.89509718055628],[-83.93953027898588,46.89496198051457],[-83.93979967905771,46.894847080481284],[-83.94008267913487,46.894740780448466],[-83.9403389792025,46.89462618041599],[-83.94070687929091,46.89439178035863],[-83.94094957935313,46.894268480325536],[-83.94133687943204,46.89390758024767],[-83.94152607947514,46.893767680215205],[-83.94171387951441,46.89360088017872],[-83.94186087953739,46.89340808014061],[-83.94204527956782,46.893178380094625],[-83.94219077958698,46.8929585800525],[-83.94236647962467,46.892810080019494],[-83.94263867967392,46.892506079957045],[-83.9429620797069,46.89193977985143],[-83.94311037970357,46.89153097978013],[-83.94331177974824,46.89137277974416],[-83.94357867981363,46.89121297970411],[-83.94377237986818,46.89115397968375],[-83.94411027996836,46.89109127965445],[-83.9443603800496,46.89110277964164],[-83.94461138013342,46.89113237963155],[-83.94497948025204,46.891140879611356],[-83.94534748037066,46.89114937959119],[-83.94562578046535,46.891196279582175],[-83.94595298056767,46.8911787795604],[-83.94631668067483,46.89110647952811],[-83.94669088077974,46.890988779488296],[-83.94701178086552,46.890854579448956],[-83.94733358095392,46.89073827941238],[-83.94761308102215,46.89056907937018],[-83.9479415810981,46.890335579315234],[-83.94817688114122,46.89007757926199],[-83.94841858120088,46.889936279226255],[-83.94878268130931,46.88987297919529],[-83.94900508137847,46.88985817918008],[-83.9492676814626,46.88986037916508],[-83.94967508159365,46.88986787914245],[-83.95018788175909,46.88988167911469],[-83.95058008188087,46.88985357908751],[-83.95085398196406,46.88981947906632],[-83.95100258200883,46.889797279054264],[-83.95121848207371,46.88976507903672],[-83.95162098219203,46.8896826790006],[-83.95202138230525,46.88956437895915],[-83.95248648243663,46.88942637891088],[-83.95274368250675,46.88932977888106],[-83.95300958256962,46.88915187883831],[-83.95337988266434,46.88896237878765],[-83.95358318271408,46.888840078757056],[-83.95385258278583,46.888725178723725],[-83.95411178286109,46.888664478699354],[-83.95438408294045,46.88860337867408],[-83.95465548301729,46.88852437864618],[-83.95483648306893,46.888474778628],[-83.95499228311483,46.88844367861416],[-83.9551894831783,46.88844757860321],[-83.95543848325701,46.88844117858774],[-83.95551218326911,46.88834927856934],[-83.95551118326655,46.88833127856669],[-83.95551298324146,46.888124278534825],[-83.95553028322685,46.88796177850891],[-83.95558888322972,46.88783427848594],[-83.95565048324023,46.88776067847112],[-83.95568838324887,46.88773277846461],[-83.9558673832954,46.88764707844105],[-83.9560177833273,46.887517178412374],[-83.95607398332388,46.88734477838269],[-83.9560383832914,46.88717467835872],[-83.95595328325001,46.88705987834606],[-83.95580368319038,46.88696477834023],[-83.95569338314328,46.886868678331915],[-83.9556854831229,46.88672487831036],[-83.95572948311782,46.88657067828418],[-83.95572848311528,46.88655277828149],[-83.95571908309108,46.88638197825582],[-83.95571168307197,46.88624717823559],[-83.95573448307137,46.88618357822453],[-83.95579358307553,46.886065078202954],[-83.95592018310555,46.88598077818262],[-83.9561123831562,46.88589477815821],[-83.95629338320784,46.885845178140116],[-83.95645068325756,46.8858410781303],[-83.95668218332067,46.88575407810346],[-83.95685018336823,46.8857047780861],[-83.95705448342054,46.88560047805818],[-83.95721648345275,46.885443278024646],[-83.95724688344227,46.88528047799794],[-83.95724048342571,46.88516367798041],[-83.95719078338658,46.88497597795458],[-83.95716578335181,46.884760577923025],[-83.95718508334231,46.88463407790247],[-83.95720488333407,46.88451657788334],[-83.9573391833542,46.884333177847374],[-83.95748708337973,46.88415837781201],[-83.95769038342944,46.88403607778142],[-83.95789318347792,46.88390487774947],[-83.95805708351521,46.88378357772128],[-83.95815408352799,46.8836370776932],[-83.95824088354428,46.88354487767403],[-83.95843448359878,46.883485877653676],[-83.95862818365332,46.883426877633305],[-83.9588353837132,46.88337647761353],[-83.95904318377441,46.88333507759503],[-83.95922268382222,46.883258477572824],[-83.95932508384898,46.88321077755956],[-83.95933768385186,46.88320147755742],[-83.95927168382987,46.88319417756016],[-83.95967998396338,46.8832195775402],[-83.95981008400233,46.8831982775294],[-83.96011058409506,46.88317247750791],[-83.96055668423715,46.88316997748146],[-83.96131938448384,46.883195177440854],[-83.9624122848404,46.88325687738657],[-83.96317548508837,46.88329107734725],[-83.96334488513969,46.883268777334],[-83.96369678524644,46.88322357730651],[-83.96411328537134,46.88315877727233],[-83.96447528547459,46.88305947723599],[-83.96459848549569,46.88291227720623],[-83.96464788550456,46.8828569771949],[-83.96475898552406,46.882728077168615],[-83.96495528555592,46.88247997711918],[-83.96511578558437,46.882295877081575],[-83.9653771856357,46.8820370770267],[-83.96558908567806,46.88183357698316],[-83.96581708573231,46.88168367694688],[-83.96604408578395,46.88151577690791],[-83.96639348588432,46.88142577687374],[-83.96673528599453,46.88143487685518],[-83.96711788612104,46.88146997683824],[-83.96744598622587,46.88147047681918],[-83.96764108628422,46.881438376802876],[-83.96785998634445,46.88136067677818],[-83.9681997864496,46.881333876754255],[-83.96847648654037,46.88135367674116],[-83.96863628659648,46.8813945767381],[-83.96908688675008,46.88147287672384],[-83.96928398681345,46.88147677671291],[-83.9694261868539,46.881437076698525],[-83.96966778691353,46.88129577666277],[-83.96983168695078,46.88117447663465],[-83.97004708700211,46.88103397660056],[-83.970386287106,46.880998076575274],[-83.97038638710599,46.88099807657525],[-83.97068728719998,46.88098127655511],[-83.97101698730866,46.88100877654007],[-83.97136018742266,46.8810447765256],[-83.97165498753037,46.88115417652515],[-83.97187068761195,46.88125657652824],[-83.97218208773268,46.88142847653642],[-83.97263968790409,46.881632576541016],[-83.97289508799933,46.88174287654299],[-83.97313208807645,46.881754776530975],[-83.97328828812363,46.881732676518496],[-83.9732883881236,46.881732676518496],[-83.97347128818033,46.88171897650572],[-83.97373098825678,46.88166717648262],[-83.97398818832691,46.88157047645278],[-83.97428268840433,46.881436876415144],[-83.97452268846008,46.881268576375376],[-83.9747214884983,46.88106547633263],[-83.97481488850215,46.88085597629511],[-83.97482718847475,46.88060367625573],[-83.97477848843816,46.880433976232545],[-83.97464858837031,46.880221376207544],[-83.9744142882706,46.88002047619046],[-83.97419568818138,46.87986417617924],[-83.973989588095,46.87969847616585],[-83.97361888793992,46.879402176142065],[-83.9731018877341,46.879073576121904],[-83.97277548760415,46.87886607610914],[-83.97273418758661,46.87883117610621],[-83.97244948747542,46.87866757609773],[-83.97225608739201,46.87849257608219],[-83.97224098738275,46.87845697607762],[-83.97234148737545,46.878139376023064],[-83.97245158739236,46.87799257599417],[-83.97245008738852,46.87796557599013],[-83.97241788736491,46.87785837597558],[-83.97230308730637,46.877681375955135],[-83.97225038725954,46.87743977592121],[-83.97232108726399,46.877293975894695],[-83.97253638731532,46.877153375860615],[-83.97279108737905,46.87701177582406],[-83.97304818744911,46.87691507579423],[-83.97335628753201,46.87679007575712],[-83.97371428762497,46.87661877570995],[-83.97401078770756,46.8765210756777],[-83.97435818780275,46.87639497563812],[-83.9747836879216,46.87625797559225],[-83.97503888798661,46.87612527555703],[-83.97518918801845,46.87599537552836],[-83.97534708804046,46.87576627548403],[-83.97548528807071,46.87565467545891],[-83.9757403881357,46.87552207542366],[-83.9761100882291,46.87532347537167],[-83.97650688833325,46.875142175320725],[-83.97679218841672,46.87508067529464],[-83.9771959885387,46.875025175262614],[-83.97738958859321,46.87496617524224],[-83.97752878862602,46.87487257521981],[-83.97778338868972,46.87473087518322],[-83.9779724887327,46.87459097515074],[-83.97802958873177,46.87443647512375],[-83.97802058870886,46.87427477509949],[-83.97797138867095,46.87409607507497],[-83.9779341886346,46.873898975046956],[-83.97790248861234,46.87380087503378],[-83.97783248858019,46.87372167502569],[-83.97772568854195,46.87368847502681],[-83.97781958854708,46.873487974990596],[-83.97778788852476,46.873389874977406],[-83.97777148848273,46.87309327493294],[-83.9776969884391,46.87293317491273],[-83.97770508843051,46.87284297489846],[-83.97783978845185,46.87266847486384],[-83.97793768846711,46.87253997483842],[-83.97808398848882,46.87233817479898],[-83.97823228851557,46.872172274764914],[-83.97832268851178,46.87190897471925],[-83.97840348851274,46.87170887468388],[-83.97844688850631,46.8715456746563],[-83.97841228847642,46.87139357463503],[-83.9784420884646,46.87122187460697],[-83.97848058844555,46.87096887456595],[-83.97850098840954,46.87062627451225],[-83.97848758837516,46.870383674475846],[-83.97845908833156,46.87010537443488],[-83.97845308831629,46.86999757441868],[-83.97845668829623,46.86982647439225],[-83.97842848828282,46.869791174388446],[-83.97886458839942,46.869608874335114],[-83.97897608842014,46.86948897431023],[-83.97913848845361,46.86934077427801],[-83.97927408847742,46.869184174246065],[-83.97938208848925,46.8690013742118],[-83.97947698849693,46.86881897417828],[-83.97959558850644,46.86859087413639],[-83.97954318848993,46.86859217413964],[-83.97949088844439,46.868359574107025],[-83.97940188839281,46.868172874083626],[-83.9793429883597,46.86805747406935],[-83.97931078833611,46.8679502740548],[-83.97912338826796,46.86788317405548],[-83.97892328819695,46.86782537405825],[-83.97870618811164,46.867696074051125],[-83.97851478803331,46.86755707404099],[-83.9782498879139,46.86727597401337],[-83.97797538779922,46.867058073995906],[-83.97773008770054,46.86689347398506],[-83.97755328763016,46.8667810739781],[-83.9773084875327,46.86662547396856],[-83.97698648741425,46.86649887396788],[-83.9767098873235,46.86647907398102],[-83.97635258720278,46.86642537399361],[-83.97607588711203,46.86640557400667],[-83.97588998704768,46.86636537401137],[-83.97575648699993,46.86632387401284],[-83.97568948697541,46.86629857401289],[-83.97548798690057,46.866213874011635],[-83.97530058683247,46.866146674012285],[-83.97519228679043,46.86608657400933],[-83.97505768674014,46.866027074008095],[-83.97496248670218,46.865966474004324],[-83.97491978668091,46.86590467399737],[-83.97487398665191,46.865788773982246],[-83.97486698663408,46.865662973963396],[-83.9749552866542,46.865597673948216],[-83.97501378665703,46.8654701739253],[-83.97506788664846,46.865261773890175],[-83.97512398664497,46.86508937386047],[-83.97524758666728,46.864951073832046],[-83.97530308666254,46.864769673800964],[-83.97540908666927,46.864550973761254],[-83.97545628664287,46.86421667370729],[-83.97544748659101,46.863820973647115],[-83.97540558651302,46.86330007356973],[-83.97535628647512,46.86312137354516],[-83.97530758643856,46.86295157352197],[-83.97524718640162,46.86280917350364],[-83.97514948635734,46.86270367349321],[-83.9749153862577,46.86250277347602],[-83.97474818618262,46.86232717345887],[-83.97435948601068,46.86194127342236],[-83.97419578594449,46.86182857341462],[-83.97400688587253,46.861734473411204],[-83.97383208580729,46.86165797340969],[-83.97352428569549,46.86154897341093],[-83.97315148556434,46.86145067341759],[-83.97269908540576,46.86133647342649],[-83.97242088531121,46.86128967343552],[-83.97204418516988,46.86111947343137],[-83.97192228512242,46.86105067342793],[-83.97173138504537,46.86092057341915],[-83.97146188494348,46.86079267341525],[-83.9712306848515,46.860645673406154],[-83.97108358479828,46.860595473407066],[-83.97092098473469,46.860500673402015],[-83.97089328472254,46.86047437339961],[-83.97083638469454,46.86039487339068],[-83.9708143846675,46.86023347336726],[-83.97080738464969,46.86010767334834],[-83.9707922846405,46.860072073343765],[-83.97074758461403,46.859974173331345],[-83.97060658454721,46.859797873312594],[-83.97056338452462,46.85972697330421],[-83.97042338446035,46.859568673288074],[-83.97042288445907,46.859559673286746],[-83.97030318438776,46.85929277325284],[-83.9703026843865,46.85928377325142],[-83.97027008436169,46.85916757323553],[-83.97030138435372,46.85902277321152],[-83.97030098435249,46.85901377321013],[-83.9703695843519,46.858832073178284],[-83.97036118433027,46.858679273155374],[-83.9703416843096,46.858562773138594],[-83.9703210842864,46.858428273119166],[-83.97044718431508,46.85833507309753],[-83.97049858432902,46.85831567309158],[-83.97065078436599,46.85822177306828],[-83.97071438438165,46.85818407305879],[-83.9707269843845,46.85817477305663],[-83.97068118435553,46.858058973041544],[-83.97066168433486,46.85794247302482],[-83.9706571843234,46.85786157301269],[-83.97078218434955,46.85775037298835],[-83.97089618437663,46.85767537297022],[-83.97102218440526,46.85758207294857],[-83.9711618844394,46.85749747292739],[-83.97126168445976,46.85740487290737],[-83.97134548446837,46.857258772880094],[-83.97140308446878,46.857113272854434],[-83.97143238445572,46.856932472824994],[-83.97148848445224,46.85675997279525],[-83.97152998444083,46.85656097276237],[-83.97160018444404,46.856406172734495],[-83.97168388445264,46.856259972707186],[-83.97176368445108,46.85604187266909],[-83.97178548444793,46.85596027265533],[-83.97175478442817,46.85588007264478],[-83.97172218440339,46.85576397262887],[-83.97170308438399,46.8556564726135],[-83.97173348437354,46.85549367258677],[-83.97171388435282,46.85537717257005],[-83.9716817843293,46.85527007255551],[-83.97163198429016,46.85508227252962],[-83.97164728427049,46.854883972498286],[-83.97163238423232,46.854614272457795],[-83.97151468416612,46.85438337242924],[-83.97144328413022,46.854277272417136],[-83.97138538409966,46.85417977240558],[-83.97124398403157,46.853994472385416],[-83.97112828397049,46.85379947236224],[-83.9710461839367,46.853738572357685],[-83.97084568386444,46.853671772359114],[-83.97066078380271,46.8536495723665],[-83.97038178370562,46.853584872372835],[-83.9702220836496,46.853543972375896],[-83.97003518358274,46.853485872377846],[-83.96989978352995,46.853408372373856],[-83.96965748343887,46.85329767237102],[-83.96956798338613,46.85310197234622],[-83.96949458334508,46.85295987232868],[-83.96937318329891,46.85290007232663],[-83.9692270832483,46.852867872330194],[-83.96907948319387,46.85280867232969],[-83.96898488315728,46.85275707232728],[-83.96892848313054,46.85268657231977],[-83.96893368311437,46.85254247229735],[-83.96891808310383,46.85249787229146],[-83.9688223830647,46.85242837228633],[-83.96872728302684,46.8523677722826],[-83.96863208298899,46.85230727227886],[-83.96857568296225,46.85223677227134],[-83.96856928294571,46.85211987225382],[-83.96869778298075,46.85207157223891],[-83.96885648303423,46.85209447223315],[-83.96901418308514,46.852099372224735],[-83.96925148316345,46.85212017221409],[-83.96935728319914,46.85213547221026],[-83.96939698321279,46.85214347220915],[-83.96962368329332,46.852209572206085],[-83.96974608334203,46.85228737221087],[-83.96987608338088,46.852265972200044],[-83.9700287834191,46.85218107217812],[-83.97002388340638,46.852091172164585],[-83.96987578335066,46.85202297216278],[-83.96960978325771,46.85195787216832],[-83.96924398314438,46.85198537219383],[-83.96916348311841,46.85198297219816],[-83.96895478305078,46.851974872209055],[-83.96871858297503,46.851972072222395],[-83.96852008290789,46.85194117222928],[-83.96842388286743,46.85186267222281],[-83.96838258284993,46.85182777221986],[-83.9682612828038,46.8517679722178],[-83.96808848274365,46.8517273722216],[-83.96794288269432,46.85170417222654],[-83.96772928261792,46.851637772228834],[-83.96749158253834,46.851607872238084],[-83.96734498248645,46.851566672240324],[-83.96715218240435,46.851400672226106],[-83.96705008234869,46.851214372203486],[-83.9670018823134,46.851053572181634],[-83.96698038228767,46.85090117215946],[-83.96696478227717,46.85085657215356],[-83.96698208226256,46.85069417212763],[-83.9670531822683,46.8505572721025],[-83.96713648227572,46.85040217207384],[-83.96721778227797,46.85021107203977],[-83.96727778228468,46.850110472020845],[-83.96738378229139,46.84989177198111],[-83.96741268227711,46.84970197195033],[-83.96746018228097,46.849610771933584],[-83.96756718229028,46.84940997189655],[-83.96764948229507,46.84923687186519],[-83.9677423822977,46.849018471826284],[-83.96772948226464,46.848784771791166],[-83.96768588221184,46.84847087174556],[-83.96767178220519,46.848453271743644],[-83.96759548215657,46.84825727171808],[-83.96754868212504,46.848123471700255],[-83.96749998208853,46.84795377167705],[-83.96743918205034,46.84780237165737],[-83.96736278200166,46.84760627163176],[-83.96733218198196,46.84752607162124],[-83.96731708197277,46.84749047161666],[-83.96725868194093,46.84738407160373],[-83.96719688190026,46.84721467158137],[-83.96714008187226,46.84713507157246],[-83.96708118183918,46.84701967155816],[-83.96708638182301,46.84687547153571],[-83.96703868178895,46.846723771515215],[-83.96704628177909,46.84662457149958],[-83.96718748181705,46.846566871482494],[-83.96725148183394,46.84653827147437],[-83.9675082819329,46.84667557148047],[-83.96779318204517,46.846848171490336],[-83.96833498225648,46.847158071506335],[-83.96868748239454,46.84736497151749],[-83.96900828251036,46.84747357151548],[-83.96934568263929,46.847644871522085],[-83.96953448271118,46.84773897152552],[-83.96980088280536,46.84781307152137],[-83.97007998290243,46.84787777151501],[-83.97030558298042,46.847925871509204],[-83.97055548306157,46.84793747149647],[-83.97077618312683,46.84789567147718],[-83.9710195831915,46.847790371446806],[-83.97113498322237,46.84774237143272],[-83.971284783253,46.84760347140272],[-83.97135638325997,46.84747567137891],[-83.9713805832632,46.847438971371865],[-83.97143968326738,46.84732047135026],[-83.971483083261,46.84715737132269],[-83.97144648322605,46.84696927129595],[-83.97135998318089,46.8468275712793],[-83.97126238313668,46.84672207126877],[-83.97109818306923,46.846600371259726],[-83.97096328301765,46.84653187125707],[-83.97085548297696,46.846480671255456],[-83.97078798295118,46.84644637125415],[-83.97078208293591,46.846338571237936],[-83.97077808292573,46.846266671227184],[-83.97081538293304,46.84622967121933],[-83.97081198292419,46.846166771209866],[-83.97080948291784,46.846121871203096],[-83.97072888288788,46.846087971202586],[-83.97062458285606,46.846099671210474],[-83.97063078284246,46.84597347119074],[-83.97063688282873,46.84584737117106],[-83.97066678281702,46.845675571143005],[-83.97074088283041,46.84559267112594],[-83.97074758281802,46.84547547110754],[-83.97075368280434,46.84534937108785],[-83.97077198279231,46.84520487106464],[-83.97093038281558,46.84498477102161],[-83.97099708280996,46.844766970984324],[-83.97106668281184,46.844603170955146],[-83.97107038279188,46.84443207092864],[-83.97107748278076,46.84432397091165],[-83.97097838273274,46.844191470897094],[-83.97091038270568,46.84414827089442],[-83.97090098268154,46.84397757086878],[-83.97089058265485,46.84378877084044],[-83.97093208264346,46.84358977080748],[-83.97093278261579,46.843364670772935],[-83.97089818258593,46.843212570751575],[-83.9709003825621,46.84301457072111],[-83.97098878255325,46.842715270669984],[-83.9711567825718,46.84243187061672],[-83.97125878256834,46.84214127056622],[-83.97129978255569,46.841933170531895],[-83.97137038256017,46.84178737050541],[-83.97168558260292,46.841320170415344],[-83.97187528261829,46.84095527034829],[-83.97200898263712,46.84076277031099],[-83.972265682677,46.8404231702439],[-83.9724264827066,46.840247970207635],[-83.97257418273207,46.84007307017221],[-83.97261818272705,46.83991897014597],[-83.97268928273282,46.839782170120884],[-83.97285168276629,46.83963387008864],[-83.97304118281055,46.8395029700575],[-83.97318078284462,46.83941837003639],[-83.97339598289591,46.83927777000229],[-83.97358598294143,46.83915586997248],[-83.97399858305727,46.839028069928794],[-83.97437438316705,46.83894636989441],[-83.97456588321641,46.83885136986862],[-83.97488888330838,46.8387619698361],[-83.97523038341849,46.83877106981758],[-83.9755305835111,46.83874526979614],[-83.97566098355117,46.83873286978663],[-83.97592448363774,46.838752969774376],[-83.97614858371185,46.83877416976455],[-83.97635958378186,46.83879566975556],[-83.9765585838503,46.83883546975003],[-83.97665218388427,46.83886906974973],[-83.97665668389578,46.8389499697619],[-83.9766077838881,46.83901426977462],[-83.97654478387378,46.83906086978546],[-83.97661668391098,46.839175969798895],[-83.97675118396126,46.83923546980021],[-83.97703118406082,46.83931816979658],[-83.97715148410438,46.83936006979599],[-83.97730918415535,46.83936496978755],[-83.9775171842177,46.83933256977047],[-83.9778880843148,46.839160869722484],[-83.97828308441501,46.838952569667505],[-83.97902378460662,46.83859126956889],[-83.97931508467637,46.83840376952314],[-83.97945418470917,46.83831006950067],[-83.97954798471429,46.838109669464416],[-83.97958998470416,46.837919569432785],[-83.97960518468446,46.83772116940147],[-83.97961088466953,46.8375860693804],[-83.97961348464698,46.83739696935124],[-83.97965448463431,46.83718886931695],[-83.97971248463587,46.837052369292635],[-83.97971958462477,46.8369442692756],[-83.97968448459363,46.83678316925292],[-83.9796482845599,46.83660406922757],[-83.97959758451829,46.83639836919891],[-83.97963038451417,46.836280569178946],[-83.97962198449255,46.83612776915601],[-83.97956308445947,46.836012269141726],[-83.97947658441431,46.835870569125],[-83.97944348438828,46.83574546910774],[-83.97951758440165,46.835662469090664],[-83.97960718442552,46.835624169079594],[-83.97967068444106,46.835586469070094],[-83.97973418445669,46.83554886906064],[-83.97974678445955,46.835539569058504],[-83.97977148446405,46.835511869052766],[-83.9796864844227,46.83539706904009],[-83.97961108437659,46.83521906901718],[-83.9795904843534,46.83508456899774],[-83.97955288431586,46.834878568968335],[-83.97954338429173,46.83470786894267],[-83.9794800842472,46.834511468916226],[-83.9794313842107,46.834341768893076],[-83.97931968415982,46.834218668880645],[-83.97922248411685,46.834122268871546],[-83.97904728405037,46.83403676886862],[-83.97891138399635,46.83395036886329],[-83.97876338394066,46.83388216886147],[-83.97865708390378,46.83385796886389],[-83.97861728389006,46.83384996886503],[-83.97855948385957,46.833752468853454],[-83.97850958384936,46.83379876886341],[-83.97837668380295,46.83376626886619],[-83.9782164837457,46.83371646886789],[-83.97807048369509,46.83368426887145],[-83.97774558359804,46.833737668898586],[-83.97750128353096,46.83382506892622],[-83.97725238345231,46.83383156894176],[-83.97701868338297,46.83387356896184],[-83.97630888318213,46.834081069035044],[-83.9761290831332,46.8341487690559],[-83.97584688305741,46.83426406909005],[-83.97564278300516,46.83436836911793],[-83.97554008297718,46.834407069129846],[-83.97546298295617,46.83443606913884],[-83.97525638289764,46.834495469160004],[-83.97498288281453,46.83452956918117],[-83.97475978274299,46.83452636919364],[-83.97453018265489,46.83440636918861],[-83.97435158257956,46.83425796917626],[-83.974200082515,46.83412696916497],[-83.9739679824205,46.8339619691532],[-83.97383108236389,46.83385756914515],[-83.97369368230603,46.83374416913571],[-83.97365608226855,46.83353806910631],[-83.9735660822145,46.83333346908016],[-83.9734876821608,46.83310146904913],[-83.9734505821246,46.83290446902103],[-83.97333548206484,46.83271846899922],[-83.97332548203939,46.83253866897219],[-83.97334278202483,46.832376268946234],[-83.97342448202838,46.83219416891357],[-83.97360158204086,46.83183856884864],[-83.97368428204693,46.83167436881863],[-83.97377098206317,46.83158216879941],[-83.9739337820979,46.83144296876856],[-83.97408598213482,46.831348968745274],[-83.97434188220231,46.83123426871278],[-83.9746139822816,46.83117326868754],[-83.97505718241712,46.831125668654394],[-83.97530748249947,46.83114616864295],[-83.97554468257775,46.831167068632325],[-83.97558388259012,46.83116596862992],[-83.97576878265188,46.83118816862253],[-83.97606378276063,46.83130646862349],[-83.97624808282106,46.831319668614796],[-83.97631708285067,46.83138096862014],[-83.97658988296132,46.83157176863351],[-83.97676458302652,46.83164826863512],[-83.97707068313431,46.83173026862986],[-83.97750828328478,46.83181786861779],[-83.97777218337258,46.83184706860692],[-83.97798418344513,46.83188646860059],[-83.97824908353546,46.83193356859236],[-83.97842428360195,46.832019068595265],[-83.97849418363403,46.832098268603374],[-83.97863708370588,46.83231046862763],[-83.97877798377269,46.832486868646484],[-83.97888668381592,46.832555968650716],[-83.97915058390372,46.8325850686398],[-83.9793746839778,46.83260626862998],[-83.97958468404526,46.832609768618326],[-83.9798702841299,46.832557368593626],[-83.9801185842072,46.83254186857676],[-83.98030448427146,46.83258206857209],[-83.98048578432427,46.83254136855529],[-83.98066508437199,46.832464668533085],[-83.98074018438791,46.832399668518725],[-83.98086718441914,46.83232436849978],[-83.9809452844427,46.83231336849351],[-83.98102878448015,46.83240116850214],[-83.9810730845053,46.832490068513174],[-83.98118128454726,46.832550168516065],[-83.98140488462013,46.83256236850493],[-83.98153288465384,46.83250506848869],[-83.98162258467777,46.83246666847758],[-83.98164628467966,46.83242106846919],[-83.98154098464526,46.8324148684744],[-83.98142468461188,46.83244486848576],[-83.98135968459246,46.832455568491206],[-83.981318384575,46.83242066848825],[-83.9812528845543,46.832422368492324],[-83.98118648453112,46.832406068493654],[-83.98116888451551,46.83232556848236],[-83.98113868449707,46.83225426847318],[-83.98108288447163,46.832192768466975],[-83.98101438444331,46.83214056846299],[-83.98092118441055,46.83211596846462],[-83.98095798441659,46.832070068455415],[-83.98101358441185,46.83188856842432],[-83.98096978438805,46.83180876841465],[-83.98069698427739,46.83161786840123],[-83.98058618422901,46.83151276839158],[-83.98051328418926,46.831379668375384],[-83.98049128416227,46.83121816835189],[-83.98047068413908,46.831083768332476],[-83.98043608410924,46.8309316683111],[-83.98032188405203,46.830763668292015],[-83.98010488396677,46.830634268284804],[-83.97983158385485,46.83043436827006],[-83.97950038371236,46.83013706824375],[-83.97929548362875,46.829989368232994],[-83.97910428355054,46.829850368222814],[-83.9787810834284,46.82969676821804],[-83.97861748336224,46.8295840682103],[-83.97848008330442,46.829470668200926],[-83.97834118324269,46.829330268187455],[-83.97824158319342,46.82918886817153],[-83.97817728314645,46.8289745681424],[-83.97812508310096,46.82874186810971],[-83.97810148307016,46.82855346808222],[-83.97807948304319,46.828392068058704],[-83.97805218297333,46.82789776798439],[-83.9779274828894,46.82754106793692],[-83.97787488284273,46.82729946790291],[-83.97782268279725,46.82706676787021],[-83.9777934827814,46.8270135678638],[-83.9777563827452,46.82681656783571],[-83.9777016826934,46.826538967796246],[-83.97767518265498,46.82629666776063],[-83.97770298263815,46.8260889677271],[-83.97769108260766,46.825873267694675],[-83.97767918257718,46.825657567662304],[-83.97766728254672,46.82544186762988],[-83.97769608253242,46.82525216759906],[-83.97772248251184,46.82501746756153],[-83.9777386824947,46.82483706753285],[-83.97775298247247,46.8246206674988],[-83.97776878245412,46.82443126746879],[-83.97774538239437,46.82400886740531],[-83.97773748237407,46.82386506738372],[-83.9777818823703,46.82371986735882],[-83.97781318236238,46.82357506733478],[-83.97780228233444,46.82337736730506],[-83.97778078230873,46.823224967282925],[-83.97777078228332,46.82304516725589],[-83.97776388226553,46.822919367236985],[-83.97775908222398,46.82259556718758],[-83.97776618221287,46.82248736717055],[-83.9778095822065,46.82232416714293],[-83.97789088220884,46.82213306710888],[-83.97794638220408,46.82195166707781],[-83.97801648220732,46.821796867049954],[-83.97810218222102,46.82168656702799],[-83.97820338224516,46.82162096701207],[-83.97831728227224,46.82154596699389],[-83.97844178229708,46.82142576696821],[-83.97854098231618,46.82132416694683],[-83.97862718233117,46.82122296692625],[-83.97872498234645,46.821094366900816],[-83.97879458234841,46.820930566871624],[-83.97883698233953,46.82074946684132],[-83.97886738232911,46.82058666681458],[-83.9788850823158,46.82043326678999],[-83.97891448230283,46.820252466760515],[-83.97891808228279,46.82008136673406],[-83.97892228226412,46.81991926670891],[-83.97887548223262,46.81978546669107],[-83.97882578219358,46.819597766665176],[-83.97875138215007,46.81943776664496],[-83.97867748210778,46.81928666662603],[-83.97860708207445,46.81919846661659],[-83.9784254819915,46.81899626659614],[-83.9783298819524,46.81892676659103],[-83.97820658190125,46.81883096658351],[-83.97808278184874,46.818726166574606],[-83.97793478179312,46.81865796657278],[-83.97777268173081,46.818572266569056],[-83.9776111816698,46.818495466566695],[-83.97746468161796,46.81845426656891],[-83.97706598147875,46.81835666657713],[-83.9769073814253,46.818333766582896],[-83.97669488135148,46.81828526658775],[-83.97661538132418,46.81826936658997],[-83.97615118116424,46.818173466602325],[-83.97581798104567,46.81807416660646],[-83.97564578098682,46.81804256661163],[-83.97552598094455,46.81800976661359],[-83.97548628093091,46.81800176661469],[-83.9753518808807,46.81794226661338],[-83.9752305808346,46.81788236661122],[-83.97512188079139,46.81781326660693],[-83.97502528074973,46.81772576659918],[-83.97496988072557,46.817673166594325],[-83.97491408070017,46.817611666588114],[-83.97485778067346,46.81754106658054],[-83.9748149806522,46.81747926657358],[-83.97478088062356,46.81733606655356],[-83.974788980615,46.81724586653926],[-83.9748121806157,46.81719126652951],[-83.97486158062459,46.81713606651814],[-83.97489688062687,46.81706306650487],[-83.9749341806342,46.81702616649703],[-83.97499718064851,46.81697946648624],[-83.97506058066408,46.81694186647671],[-83.97512458068097,46.81691316646861],[-83.97522738070894,46.81687446645666],[-83.9752791807242,46.81686416645209],[-83.9753441807436,46.81685346644663],[-83.97538348075607,46.8168524664442],[-83.97543828077892,46.816896066447654],[-83.97547908079515,46.81692196644931],[-83.9755187808088,46.81692996644818],[-83.97554498081705,46.816929266446564],[-83.97562308084059,46.8169181664403],[-83.97575348088066,46.816905866430865],[-83.97585718091119,46.816885166421635],[-83.97598858095378,46.81689066641481],[-83.97609288098565,46.816878966406925],[-83.9762368810311,46.816875266397986],[-83.97638138107786,46.81688046639035],[-83.97653998113125,46.816903366384665],[-83.97671058118621,46.81690786637538],[-83.97689538124791,46.81693006636803],[-83.97705548130517,46.81697996636637],[-83.97718888135284,46.81702146636494],[-83.97733528140463,46.81706266636273],[-83.97785338158496,46.81718416635123],[-83.97804008165167,46.817242266349275],[-83.97821378171432,46.81730076634816],[-83.97833458175913,46.817351666348905],[-83.97849608182017,46.81742836635129],[-83.97866978188283,46.81748686635013],[-83.9788419819416,46.81751836634495],[-83.97895978197882,46.81751536633765],[-83.97915518203834,46.817492266322674],[-83.97932538209203,46.81748776631209],[-83.97948198214041,46.81747476630094],[-83.9796777822011,46.81746066628738],[-83.9798081822412,46.81744826627788],[-83.97992458227458,46.81741816626648],[-83.97998948229396,46.81740746626109],[-83.98002778230385,46.817388466255935],[-83.98014308233469,46.81734046624184],[-83.98023178235603,46.817284166227985],[-83.98032098237861,46.81723686621554],[-83.98039598239448,46.81717186620123],[-83.98045748240501,46.817098266186335],[-83.98053158241842,46.8170153661693],[-83.98059208242641,46.81692376615169],[-83.98061578242832,46.81687816614328],[-83.98065198243309,46.816823266132744],[-83.98067378242996,46.816741666118965],[-83.98066978241975,46.81666976610818],[-83.98065218240421,46.816589266096805],[-83.98063608239246,46.81653566608951],[-83.98057878236321,46.81644716607926],[-83.98053508233939,46.81636726606955],[-83.98049228231814,46.816305366062544],[-83.98047518230379,46.81623386605256],[-83.98049298229053,46.816080366027954],[-83.9805242822826,46.815935566003915],[-83.98055658227722,46.81580876598253],[-83.98062668228044,46.81565396595471],[-83.98065898227505,46.81552706593334],[-83.98070338227126,46.815381965908465],[-83.98076138227292,46.81524546588413],[-83.98081838227202,46.81509096585709],[-83.98086228226694,46.81493676583084],[-83.98090628226194,46.81478266580461],[-83.98090528225939,46.814764665801874],[-83.98094868225304,46.814601565774346],[-83.98097898224258,46.81443876574758],[-83.98099768223179,46.814303265725634],[-83.98102658221758,46.81411356569488],[-83.98103218220267,46.81397836567377],[-83.9810101821757,46.81381696565025],[-83.9809890821512,46.81367346562947],[-83.98095598212518,46.81354836561219],[-83.98093688210582,46.81344086559679],[-83.98091788208647,46.81333336558138],[-83.98088068205024,46.81313636555328],[-83.98086168203088,46.813028865537866],[-83.98084108200773,46.81289436551847],[-83.98084978200043,46.812813165505474],[-83.98088458200145,46.812731265490875],[-83.98095708201097,46.81262136546974],[-83.98104178202213,46.812493165445105],[-83.98118838204506,46.812300365406976],[-83.98127158205243,46.81214516537829],[-83.98131998205878,46.812071865364224],[-83.98150138208273,46.811797165311496],[-83.98159868209675,46.81165966528466],[-83.98167178210761,46.811558765264955],[-83.981771482128,46.81146616524491],[-83.98188528215496,46.81139116522679],[-83.98198708218048,46.8113345652121],[-83.98210188221005,46.8112775651967],[-83.98222978224375,46.81122016518043],[-83.98235668227493,46.811144865161474],[-83.9824851823099,46.81109656514658],[-83.98258838233917,46.81106686513597],[-83.98267848236428,46.81103746512625],[-83.98270418237126,46.81102786512328],[-83.9828194824021,46.81097976510915],[-83.98293378243044,46.81091386509241],[-83.98303508245462,46.81084816507635],[-83.98314838248038,46.81076426505688],[-83.98327278250521,46.81064396503118],[-83.98339878253388,46.81055066500949],[-83.98342338253828,46.81052306500382],[-83.98357498257396,46.81042006497918],[-83.98370098260257,46.81032686495751],[-83.98382638262993,46.81022456493451],[-83.9839275826541,46.81015886491853],[-83.98404038267863,46.810065964897646],[-83.98414018269898,46.809973364877656],[-83.9842408827219,46.80989876486033],[-83.9844181827645,46.80978616483269],[-83.9845707828027,46.809701164810726],[-83.98467348283064,46.80966246479885],[-83.98478878286149,46.80961446478473],[-83.98486638288377,46.809594464777184],[-83.98512318295376,46.809497764747334],[-83.98517448296772,46.80947836474139],[-83.98523898298588,46.8094586647346],[-83.98530388300523,46.80944796472916],[-83.98534368301887,46.80945596472805],[-83.98538348303259,46.809463964726994],[-83.9863657833149,46.80921326463122],[-83.98648258334954,46.80919226462118],[-83.986600883388,46.80919816461523],[-83.98669248341695,46.809195764609534],[-83.9868359834611,46.809182964599195],[-83.98695328349704,46.80917096459054],[-83.98708468353966,46.8091764645837],[-83.98713758355744,46.80918416458183],[-83.9872301835889,46.80919966457877],[-83.987309183615,46.80920666457529],[-83.98740178364642,46.80922226457229],[-83.98746778366836,46.80922946456949],[-83.98756088370112,46.809254064567874],[-83.98765298373134,46.80926066456355],[-83.98778438377391,46.80926626455675],[-83.98787648380413,46.80927286455239],[-83.98796868383431,46.809279364548004],[-83.98804718385907,46.809277364543135],[-83.98812618388516,46.80928426453961],[-83.9882429839198,46.80926326452958],[-83.98829438393383,46.80924386452355],[-83.98841118396848,46.809222864513515],[-83.98846158397991,46.809185564504894],[-83.98851188399132,46.80914816449619],[-83.98856128400028,46.80909296448484],[-83.98859708400377,46.8090289644729],[-83.98861778399807,46.80892946445645],[-83.9886243839857,46.80881226443808],[-83.98864608398252,46.80873066442427],[-83.98867888397847,46.80861286440426],[-83.98871018397054,46.80846806438019],[-83.98873038396356,46.808359564362355],[-83.98872838395849,46.808323564356975],[-83.9887470839477,46.80818806433507],[-83.98876728394073,46.808079564317225],[-83.98878798393503,46.80798006430069],[-83.98878298392233,46.8078901642872],[-83.9887905839125,46.807790964271504],[-83.98885718390679,46.80757316423421],[-83.9888783839024,46.80748266421909],[-83.98888648389385,46.80739246420476],[-83.98889608388907,46.80732916419446],[-83.98891528387958,46.80720266417396],[-83.98898378387895,46.80702086414203],[-83.98909468389837,46.806891964115785],[-83.98915558390759,46.806809464099544],[-83.98916668390665,46.80677316409328],[-83.9892085838965,46.80658306406164],[-83.98925298389274,46.806437864036795],[-83.98921018387142,46.8063759640298],[-83.98919118385207,46.806268464014366],[-83.98921378385145,46.806204864003256],[-83.98923598384955,46.806132363990834],[-83.98923008383431,46.80602446397463],[-83.98921248381878,46.80594396396325],[-83.98918228380032,46.80587276395411],[-83.98915318378451,46.805819463947614],[-83.98909678375782,46.80574896394009],[-83.98906808374316,46.80570476393497],[-83.98903898372728,46.805651463928456],[-83.98902288371555,46.80559786392116],[-83.98900678370381,46.80554436391389],[-83.98900078368852,46.805436463897664],[-83.98902248368543,46.805354963883886],[-83.98904468368352,46.80528236387142],[-83.98908148368955,46.805236363862214],[-83.98911528368802,46.80513646384495],[-83.98913798368739,46.80507286383384],[-83.98918628369375,46.8049996638198],[-83.98927448371381,46.80493436380461],[-83.98937618373927,46.804877663789966],[-83.98947788376465,46.80482106377535],[-83.98958008379137,46.80477336376209],[-83.98969438381967,46.8047073637453],[-83.98975788383528,46.80466966373579],[-83.98979508384258,46.80463276372796],[-83.98983338385243,46.8046137637228],[-83.98987118386098,46.8045857637163],[-83.98992048386988,46.80453046370496],[-83.98995578387218,46.80445756369169],[-83.99001578387889,46.80435696367274],[-83.99005098388106,46.80428406365947],[-83.99009738388241,46.80417486363999],[-83.9901195838805,46.80410226362754],[-83.99012768387193,46.804012063613236],[-83.99013628386466,46.80393086360024],[-83.99013278385576,46.80386786359082],[-83.99017718385197,46.80372276356593],[-83.99023858386244,46.803649163551064],[-83.9903131838771,46.80357516353529],[-83.99036248388599,46.803519863523945],[-83.99041088389241,46.803446663509895],[-83.99045928389876,46.80337336349583],[-83.99048338390192,46.803336763488765],[-83.99053228390954,46.80327246347607],[-83.9905544839077,46.80319986346361],[-83.99056408390297,46.80313666345336],[-83.99059938390519,46.803063763440086],[-83.99064818391281,46.80299946342739],[-83.99088638396466,46.80280426338353],[-83.99094688397261,46.80271266336591],[-83.99100878398441,46.802648063352414],[-83.9910445839879,46.8025840633405],[-83.99109498399937,46.8025467633318],[-83.99114578401209,46.802518463324475],[-83.99119718402605,46.80249906331853],[-83.9913003840553,46.80246936330794],[-83.99137788407756,46.802449363300376],[-83.99146948410645,46.802446963294656],[-83.99154748413,46.80243596328846],[-83.99162558415352,46.80242486328219],[-83.99174228418812,46.80240386327218],[-83.99180678420628,46.80238416326533],[-83.99190948423426,46.80234546325345],[-83.99200008426058,46.802325063245],[-83.99218328431846,46.80232026323358],[-83.99232728436391,46.802316563224664],[-83.99241988439535,46.80233206322166],[-83.9925129844281,46.80235666321998],[-83.99262068446879,46.802407863221596],[-83.99270218450114,46.80245966322478],[-83.99277158453198,46.80252986323152],[-83.99285268456312,46.80257276323336],[-83.99293518459808,46.80264256323928],[-83.99298998462093,46.802686163242825],[-83.99303028463585,46.802703163243095],[-83.99308558466002,46.80275566324791],[-83.99315508469086,46.80282586325463],[-83.99321138471751,46.80289636326218],[-83.99327978474572,46.80294856326622],[-83.99334878477535,46.80300976327162],[-83.9934171848036,46.80306196327562],[-83.99345798481984,46.803087963277285],[-83.99352488484428,46.80311316327723],[-83.99357818486331,46.803129763276665],[-83.99365778489066,46.80314566327445],[-83.99373678491673,46.80315266327097],[-83.9938293849482,46.80316816326792],[-83.99390788497297,46.80316616326306],[-83.99399898500062,46.80315476325599],[-83.99409108503076,46.80316136325164],[-83.99457238517607,46.80309476321339],[-83.9947923852399,46.80304396319277],[-83.99498618529555,46.80299386317378],[-83.99514178534133,46.80296286315993],[-83.99532198539153,46.80290416314045],[-83.99550218544177,46.80284536312088],[-83.99566938548784,46.802787063102194],[-83.9958112855282,46.802747263087795],[-83.99600458558254,46.802688263067516],[-83.99613248561622,46.802630863051235],[-83.99629968566235,46.802572463032526],[-83.99640188568905,46.80252486301924],[-83.99652918572143,46.802458463001635],[-83.99660528573989,46.802411462989994],[-83.99669538576502,46.80238216298019],[-83.99675978578311,46.80236246297341],[-83.99684988580825,46.80233306296369],[-83.9969138858251,46.80230436295551],[-83.99699088584606,46.80227536294659],[-83.99704218586002,46.80225606294062],[-83.99710668587817,46.802236362933854],[-83.99720988590742,46.8022066629233],[-83.99729998593249,46.80217726291352],[-83.99739108596016,46.80216586290645],[-83.99745648598078,46.80216416290239],[-83.9975345860043,46.80215316289612],[-83.99762418602818,46.80211476288501],[-83.99770018604657,46.80206776287338],[-83.9977766860663,46.80202976286305],[-83.99784068608314,46.802001162854936],[-83.99787888609298,46.801982162849825],[-83.99805918614322,46.80192336283025],[-83.99821118618009,46.80182936280698],[-83.99839038622774,46.80175266278473],[-83.99851778626017,46.801686362767164],[-83.99863208628848,46.80162036275037],[-83.99874688631805,46.801563362734896],[-83.99882188633391,46.80149836272053],[-83.99893468635841,46.80140546269971],[-83.99903488638004,46.80132186268106],[-83.9991370864067,46.801274162667724],[-83.99922568642802,46.80121786265394],[-83.9992885864423,46.80117116264313],[-83.99944068647923,46.80107716261977],[-83.99950508649731,46.80105746261299],[-83.99954388650842,46.80104746260923],[-83.99963198652847,46.80098216259404],[-83.99993208660206,46.80080326254909],[-84.00025478668483,46.80064066250529],[-84.00046858674139,46.80054626247833],[-84.00076588682147,46.80042706244273],[-84.00101008688242,46.800290162407435],[-84.00131518696327,46.80015726236924],[-84.00154428702115,46.80003426233703],[-84.00169668705799,46.799939162313535],[-84.0018720870979,46.799809662283415],[-84.00205538714032,46.7996799622528],[-84.00226888719321,46.79955736222152],[-84.00246758724774,46.79948576219895],[-84.00268108730874,46.79942836217767],[-84.00285648735853,46.799378762159876],[-84.00305488741321,46.799309462137686],[-84.00321488745578,46.79924116211785],[-84.00332188748291,46.7991843621029],[-84.00342128750233,46.799084962081835],[-84.00355858753107,46.79896326205511],[-84.00374928757154,46.79879846201869],[-84.00395518761788,46.79864236198276],[-84.0042223876616,46.798306761915605],[-84.00430618767612,46.79820786189551],[-84.00438248768532,46.79808546187226],[-84.00442828768338,46.79795156184904],[-84.00445118766612,46.797752961817224],[-84.00443588764908,46.79765436180297],[-84.00443608763594,46.79754746178648],[-84.00442048760836,46.79736446175929],[-84.0044283875919,46.7972112617353],[-84.00439748756087,46.79703996171081],[-84.0043212875164,46.79687656169012],[-84.00415348744596,46.796739261678816],[-84.00400878738233,46.79659796166553],[-84.00384058731073,46.79645276165308],[-84.00368048724329,46.79631966164194],[-84.00352018717186,46.79615516162603],[-84.00339828711598,46.79601776161199],[-84.00326098705472,46.79587616159823],[-84.00312358699497,46.79574706158643],[-84.00303948694783,46.795582761566095],[-84.00295578690002,46.795411761544656],[-84.00291778686525,46.79522826151872],[-84.00292538684555,46.79504916149079],[-84.00297118684357,46.79491516146753],[-84.003062486851,46.79473956143521],[-84.00328378689903,46.79455716139432],[-84.0034285869286,46.79442286136523],[-84.00361958697263,46.79428616133311],[-84.00380258701358,46.79414526130078],[-84.0040313870662,46.79398066126216],[-84.0042908871286,46.793816261221814],[-84.00450438718171,46.79369486119071],[-84.00471058723701,46.793610661165765],[-84.005031087318,46.79343906112072],[-84.0051910873596,46.793362861099666],[-84.00534388740132,46.79330596108203],[-84.00548868743894,46.79323696106299],[-84.00566438748314,46.79314126103809],[-84.00587778753852,46.79303886100992],[-84.00603048757532,46.79294256098623],[-84.00616798759995,46.79278706095431],[-84.00631288762874,46.792646060924156],[-84.00643498764781,46.792485360892385],[-84.0065646876708,46.792336760862014],[-84.00669438768382,46.79210726081921],[-84.00670958767972,46.79203486080717],[-84.00671698765761,46.79183666077629],[-84.00677068765397,46.79166876074736],[-84.00675508762544,46.79147796071898],[-84.00672488759226,46.79128746069143],[-84.0067935875577,46.790830060617196],[-84.0068544875516,46.790623660581915],[-84.00693838755905,46.790467360552995],[-84.00706808758483,46.790341360526114],[-84.0071900876101,46.790231260502075],[-84.00734278764689,46.790134960478376],[-84.00750278769044,46.79007456045979],[-84.00764818773396,46.79005156044776],[-84.0078159877847,46.790029160434564],[-84.00794538782398,46.79001336042457],[-84.00817438789463,46.78999386040822],[-84.00836518795732,46.79000906039945],[-84.00854058801711,46.79004046039406],[-84.00873128808496,46.790097360391705],[-84.00893748815918,46.79016616039026],[-84.0090518882042,46.790235160394204],[-84.009151088247,46.790325860402326],[-84.00928818830683,46.79045616041438],[-84.0094025883536,46.79053976042056],[-84.00946368837972,46.790593260425176],[-84.00958598843471,46.790722860438],[-84.00976138850896,46.79087126045057],[-84.00991398857188,46.79098646045935],[-84.01003618862208,46.79107776046627],[-84.01021158869729,46.79123396048006],[-84.01031828875543,46.79142916050381],[-84.01032598877859,46.791596560529115],[-84.01027258878841,46.791813960565605],[-84.01020368879713,46.79206216060774],[-84.01014288879988,46.79224156063882],[-84.01001328878166,46.792428360675125],[-84.00989858876667,46.79260346070872],[-84.00976148874946,46.79281746074954],[-84.00965448873694,46.79299236078268],[-84.00959348875102,46.79326396082793],[-84.00960878877716,46.79343566085342],[-84.00964718881721,46.79366086088577],[-84.00967748884233,46.793786060903244],[-84.00972318887383,46.793923160921665],[-84.00977648891636,46.79412986095029],[-84.00978448893922,46.79429396097502],[-84.00979958896761,46.794484761003446],[-84.0097688889686,46.794572261018686],[-84.00965458895384,46.79474736105227],[-84.00954008893049,46.794853861075275],[-84.00941038889289,46.79488426108751],[-84.00931888886704,46.794911461097016],[-84.00921968883965,46.79494556110808],[-84.00909018880446,46.7949950611232],[-84.00891448876028,46.79509086114817],[-84.00878468873256,46.795201161172635],[-84.0087007887223,46.7953349611981],[-84.0086777887338,46.795487461222876],[-84.00870088876238,46.795658961247895],[-84.0087312887877,46.79578526126551],[-84.00879998883215,46.795967961289534],[-84.00885358886535,46.796098161306425],[-84.00895268891247,46.79622386131995],[-84.00909018897143,46.79634616133073],[-84.00922708902634,46.796437061336746],[-84.00933418907083,46.796520861343346],[-84.00938758910729,46.7966781613644],[-84.00948658918023,46.79701306141005],[-84.00955548922438,46.79719236143359],[-84.0097079892904,46.79733346144638],[-84.00983018933886,46.79741006145103],[-84.00995998938932,46.79748316145471],[-84.01011228944859,46.79757026145917],[-84.01027248951333,46.79768086146686],[-84.01049398959576,46.79777626146856],[-84.0106845896641,46.79783756146688],[-84.0108907897384,46.79790646146543],[-84.01104318979259,46.79795186146357],[-84.01121878985285,46.79798666145864],[-84.01137118990609,46.79802426145551],[-84.01147038994061,46.79804756145333],[-84.01163058998739,46.79801296143868],[-84.01180599003722,46.79796326142085],[-84.01192819007105,46.79792186140732],[-84.01210389011521,46.79782606138238],[-84.01224869015658,46.79778736136803],[-84.01234019019242,46.797841261370934],[-84.0123858902084,46.79785236136996],[-84.01243949022464,46.79784536136579],[-84.01253869025187,46.797810161354576],[-84.01264549027754,46.79774206133795],[-84.01283609032699,46.797650461312735],[-84.01301179037213,46.797562561289006],[-84.01325579043065,46.79740646125077],[-84.01346929048174,46.79726926121729],[-84.01369049053525,46.797131761183266],[-84.01379759055533,46.797017561159514],[-84.01382799055264,46.796917761142375],[-84.01385089054251,46.796776561119366],[-84.01391179054548,46.79664336109536],[-84.01397299054281,46.796463961064205],[-84.01400369053802,46.796346161044326],[-84.0140569905353,46.79618616101666],[-84.0140875905275,46.79604466099313],[-84.01414859052244,46.79584626095913],[-84.0143240905435,46.795563760905495],[-84.01442329056007,46.79544186088097],[-84.01451469058027,46.795369660864566],[-84.01466719061757,46.795277960841595],[-84.01476649063596,46.795170660819316],[-84.01483519064038,46.79502936079359],[-84.0148960906443,46.79490406077084],[-84.01495709064814,46.794777560747825],[-84.014995490643,46.79463706072402],[-84.01510959065386,46.79443036068557],[-84.01517849065611,46.79427106065714],[-84.01530809067341,46.79407646061965],[-84.01539959067851,46.79388166058443],[-84.01543799066616,46.79368266055161],[-84.0154072906399,46.793549560532924],[-84.01539209061049,46.7933508605033],[-84.01541499059427,46.7931601604727],[-84.01546859058503,46.79294716043684],[-84.01552949057714,46.79272626039935],[-84.01562119058089,46.792520160362336],[-84.01573559059324,46.792324760325656],[-84.01581949060261,46.79218416029916],[-84.01596429063133,46.79204316026906],[-84.01613969067304,46.79192826024123],[-84.01633809072412,46.79182966021451],[-84.01655189078703,46.79178686019546],[-84.01674269085305,46.791829060190814],[-84.01687209089805,46.79185946018796],[-84.01703999095687,46.79190226018474],[-84.01714709099426,46.79192866018252],[-84.01729949105129,46.79199666018411],[-84.01752829113836,46.792110960188324],[-84.01768079119826,46.79220256019352],[-84.0178717912758,46.79233706020305],[-84.0180929913727,46.79255056022293],[-84.01821499142855,46.792687960236954],[-84.01831429147711,46.79282486025217],[-84.01842849153154,46.792970360267894],[-84.01854319159067,46.79315296028923],[-84.01868819164864,46.79324816029542],[-84.01880239169402,46.79332046029987],[-84.01901609177199,46.79340036029967],[-84.01925249185491,46.79346156029529],[-84.01955039195839,46.79353026028849],[-84.01977149203412,46.79357276028212],[-84.02003859212677,46.793633160275824],[-84.0204045922524,46.793705660265616],[-84.02055719230151,46.79370946025731],[-84.02073309235718,46.79370596024651],[-84.02090049240857,46.793690360234386],[-84.02106079245833,46.79367936022331],[-84.02122889251233,46.79368276021407],[-84.0213888925648,46.79369426020647],[-84.02148799259929,46.79371756020428],[-84.02161779264772,46.7937748602055],[-84.02173239269321,46.79384716020993],[-84.02188489275038,46.79391626021167],[-84.02201469279785,46.793965760211684],[-84.02211379283315,46.79399576021056],[-84.02233509291219,46.79406416020812],[-84.02248749296456,46.79409496020397],[-84.02272429304287,46.794117960193695],[-84.02298369313223,46.79417186018685],[-84.02318209319596,46.794175660175874],[-84.0233422932418,46.79413316016001],[-84.02348709328415,46.79410236014684],[-84.0237541933613,46.79403786012136],[-84.02386129339222,46.79401146011103],[-84.02406709345215,46.79396546009196],[-84.02429589351571,46.793889660066974],[-84.02452499357823,46.79380486004065],[-84.02471569363063,46.793736860019074],[-84.02491409368444,46.79366065999579],[-84.0251275937421,46.79357625997037],[-84.02541729382226,46.79347755993832],[-84.02558549386741,46.793408959918],[-84.02571509389827,46.793324559897485],[-84.02585249393353,46.79325565987886],[-84.02595159395617,46.79318325986194],[-84.02611169399448,46.793080059836804],[-84.02623369402157,46.792984559814975],[-84.02636359404698,46.79285505978755],[-84.02644749405913,46.792737059764505],[-84.02652379406038,46.79255045973142],[-84.02655439405267,46.7924090597079],[-84.02656199403393,46.792237859681144],[-84.02658469401993,46.79206625965349],[-84.02654649398313,46.79186705962511],[-84.02650099394513,46.79167695959856],[-84.02642469389714,46.79148545957358],[-84.02628739383407,46.79132935955764],[-84.02617289378628,46.79123795955025],[-84.0259971937175,46.7911345595446],[-84.02579149363454,46.79099375953496],[-84.02567689359002,46.790929259531744],[-84.02546309351189,46.79084835953177],[-84.02524219343637,46.7908069595383],[-84.02505879337178,46.790757759541464],[-84.02485289329901,46.79070025954461],[-84.02457069320349,46.7906548595541],[-84.02413559305812,46.79060105957124],[-84.02398299300329,46.79055115957244],[-84.02381529294136,46.79048245957168],[-84.0236091928663,46.79040685957207],[-84.02340339279122,46.79033015957227],[-84.02324289272822,46.79023435956693],[-84.02299869263199,46.79008555955833],[-84.02274699253856,46.78997855955655],[-84.02256379247069,46.7899023595555],[-84.02246459242637,46.78979925954544],[-84.02241149239251,46.7896622595275],[-84.02240389237593,46.78954775951035],[-84.02241909237281,46.78948325949956],[-84.02247259238229,46.78942215948707],[-84.02252569239266,46.78936905947581],[-84.02258679240691,46.78932695946575],[-84.02267839242958,46.78927385945225],[-84.02280049246227,46.78922335943738],[-84.02301389252418,46.78917385941735],[-84.02315929256687,46.78914415940429],[-84.02330409261101,46.78912795939341],[-84.02344889265765,46.78913195938558],[-84.02373889274679,46.78910515936455],[-84.0238688927831,46.78906355935055],[-84.02405939283679,46.78900675933073],[-84.02424249288998,46.78896475931361],[-84.02438749292999,46.78891475929747],[-84.02452489296532,46.7888459592789],[-84.02457809297137,46.78875785926223],[-84.02457069296352,46.78871305925583],[-84.02454759295037,46.78866645925],[-84.02455519294054,46.788567259234284],[-84.02460879294689,46.788480359217836],[-84.02466229295636,46.78841925920534],[-84.0247612929804,46.78835815919021],[-84.02486819300927,46.788315959177424],[-84.025051093059,46.788246959156176],[-84.02534899314274,46.78815585912484],[-84.02554739319658,46.78807975910159],[-84.02569199323746,46.78803765908666],[-84.02588289329033,46.7879729590656],[-84.0260278933304,46.78792305904952],[-84.02618819337209,46.787846759028405],[-84.02634079341313,46.78778535901008],[-84.0264702934483,46.78773585899493],[-84.02664609349912,46.78769405897824],[-84.02681379355221,46.78769075896795],[-84.02699659361559,46.78773205896366],[-84.02718739368355,46.78778995896142],[-84.02734799373756,46.78781275895559],[-84.0275157937891,46.78779705894339],[-84.02763789382193,46.78774765892865],[-84.02772949384263,46.78767885891279],[-84.02786659387542,46.787590858891285],[-84.02798879390495,46.787514458872394],[-84.02811059393962,46.78748085886015],[-84.02830909400002,46.787457658845014],[-84.02838539402813,46.78748825884522],[-84.02837799403473,46.787560458856774],[-84.02834729404046,46.78768615887788],[-84.02828629403523,46.787801358899124],[-84.02824049403806,46.7879420589234],[-84.02817959403411,46.7880674589462],[-84.02814879403759,46.78817515896453],[-84.02810319403534,46.78827425898244],[-84.02807259403403,46.788342558994714],[-84.02810299404844,46.78838105899888],[-84.0281791940675,46.78833855898789],[-84.02824049407948,46.788277358974916],[-84.02830939409259,46.78820575895988],[-84.02837769410345,46.788117358942344],[-84.02844629411685,46.788049158927855],[-84.02850769412181,46.787930458906025],[-84.02859129413342,46.787809058882566],[-84.0286601941411,46.78769355886074],[-84.02869809413205,46.787522758832324],[-84.02869059411316,46.787389058812224],[-84.02864479408062,46.787243958792615],[-84.02861429405532,46.78711765877493],[-84.0285610940157,46.786934558749955],[-84.02849209397351,46.78677105872882],[-84.02833959390654,46.78662205871484],[-84.02821759385493,46.7865195587062],[-84.02802689378281,46.78642785870325],[-84.02785889372177,46.78636705870366],[-84.02769089366345,46.78632875870761],[-84.02740119356872,46.78630945872152],[-84.02716449349047,46.78628645873178],[-84.02695879341637,46.786217658733186],[-84.02675249334447,46.78616795873761],[-84.02653129327204,46.786152458748106],[-84.02634839320866,46.78611115875246],[-84.02614239313826,46.78607275875858],[-84.02592109306104,46.786018958763165],[-84.02571479298916,46.78596935876762],[-84.0255012929071,46.7858557587626],[-84.02540199285973,46.785728958748926],[-84.02537189283328,46.78559255872969],[-84.02534109279897,46.785394258701004],[-84.02531819276479,46.78517655866893],[-84.0252955927411,46.78504335864974],[-84.02529559271845,46.78485995862159],[-84.02526489268976,46.7847066585998],[-84.02525719267409,46.784599958583854],[-84.02521139264685,46.78449765857083],[-84.0251351926127,46.784417558562964],[-84.0250589925846,46.78438695856271],[-84.02494419254324,46.7843483585635],[-84.02479949249205,46.7843071585656],[-84.02469269245557,46.78428755856879],[-84.02457059241287,46.78425695857119],[-84.02441049235902,46.784234258577065],[-84.02422739229684,46.78420305858291],[-84.0240747922431,46.78416215858553],[-84.02397559220586,46.784116358584264],[-84.02389919217103,46.784031758575736],[-84.02387629215475,46.783959258565964],[-84.02381539212735,46.78389445855952],[-84.02370079208288,46.7838299585563],[-84.02357109203446,46.78377265855506],[-84.02350999201111,46.78374165855383],[-84.02338789196843,46.78371115855628],[-84.02326599192168,46.783646858553475],[-84.02317439189012,46.78362795855593],[-84.02307529184677,46.78353265854707],[-84.02293789179059,46.78343275853972],[-84.02283089174716,46.78335685853433],[-84.02278519172116,46.78326475852283],[-84.02280809171772,46.783177458508064],[-84.022853691719,46.78307055848899],[-84.02293029173357,46.782990858472274],[-84.02305209176484,46.78292915845568],[-84.02319699180815,46.78290625844373],[-84.02342599188223,46.78291475843167],[-84.02365499195474,46.782910958417744],[-84.02374649198528,46.782922058414094],[-84.02386879202665,46.78294135840995],[-84.02394479205134,46.78294495840611],[-84.0240746920876,46.782903258392125],[-84.02415839210664,46.78284145837773],[-84.02424259212502,46.78277285836232],[-84.0243262921394,46.782673858342186],[-84.02441029215203,46.78255915831969],[-84.02450969216449,46.78240345828998],[-84.0246084921837,46.78230415826896],[-84.02467739220144,46.78226965825961],[-84.02482229224475,46.78224675824768],[-84.02491389227448,46.782251058243006],[-84.02502089230896,46.7822538582372],[-84.0251121923382,46.78225485823203],[-84.02522659237592,46.78226525822691],[-84.0253793924275,46.7822882582216],[-84.02546319245569,46.78230065821858],[-84.02559279249843,46.78231185821275],[-84.02578359256015,46.78231915820274],[-84.02590559259902,46.78231935819564],[-84.02598189262814,46.78235775819715],[-84.02605839266046,46.78242215820258],[-84.02614239269906,46.78251775821238],[-84.02618059271876,46.782578658219514],[-84.02621079274438,46.78270835823766],[-84.0262566927746,46.78283425825433],[-84.02627949279314,46.78292595826708],[-84.02630249282582,46.78313115829725],[-84.0263482928575,46.78326945831584],[-84.02637119287465,46.78334875832672],[-84.02642479290073,46.783421558334794],[-84.02649319293617,46.7835322583478],[-84.02656959297002,46.783608958355096],[-84.02676039304355,46.783711958359824],[-84.02687479308939,46.78378765836481],[-84.0269584931218,46.78383385836701],[-84.02703519315094,46.78387225836841],[-84.02715719319447,46.783909558367036],[-84.02727129323225,46.78392115836215],[-84.02740109327557,46.78393685835699],[-84.02759949334023,46.78394845834721],[-84.0279886934657,46.78395955832627],[-84.02820249353577,46.783975258316175],[-84.02842349360425,46.78395925830089],[-84.02867539368118,46.78393235828202],[-84.02889659374651,46.78389045826272],[-84.02930849386605,46.783795158224045],[-84.02946869391101,46.78374595820712],[-84.02964439395991,46.78368845818808],[-84.02975129398416,46.78360905816963],[-84.02988819400932,46.78345925813866],[-84.03000279402852,46.783318958110385],[-84.03010199404686,46.78321165808814],[-84.03020119406344,46.78308975806363],[-84.03026239406732,46.78296325804059],[-84.03030809405978,46.78278435801046],[-84.03031559404891,46.782677257993605],[-84.0302926940228,46.78252485797151],[-84.03027759400818,46.78244535796017],[-84.03023949397807,46.78230015794007],[-84.03021639394052,46.78205555790385],[-84.03026239393404,46.78188445787489],[-84.03036149395474,46.781796357855534],[-84.03052149399394,46.78170095783158],[-84.03065919403167,46.78165115781593],[-84.03078889406926,46.78162075780369],[-84.03099459412536,46.78154435777992],[-84.03107089414559,46.78151085777034],[-84.03124629419105,46.78142635774713],[-84.0314217942385,46.78135755772633],[-84.03156679427948,46.781315457711436],[-84.03179569434448,46.78125095768818],[-84.03197879439762,46.781208957671026],[-84.03219269446343,46.78118975765561],[-84.03236049451414,46.78116735764235],[-84.03268849462054,46.78118225762552],[-84.03283339467292,46.78123235762477],[-84.03291739470528,46.78127745762684],[-84.03298629473102,46.78130825762754],[-84.03310039476982,46.78132765762385],[-84.03323029481064,46.781323157615596],[-84.0333675948502,46.781289057602365],[-84.03355069490242,46.78123925758403],[-84.03368049493763,46.78118965756883],[-84.03383289497917,46.7811327575512],[-84.03406199504187,46.78104905752498],[-84.0342220950868,46.78099975750808],[-84.034336395118,46.780957357494906],[-84.03452729517366,46.780915257477325],[-84.0346874952186,46.78086595746041],[-84.03480969524809,46.78078955744154],[-84.03486289525517,46.78070945742614],[-84.0348933952535,46.78061745741022],[-84.03500809527499,46.7804951573847],[-84.03514529530797,46.78040835736341],[-84.03529039534386,46.78032455734204],[-84.03538949536123,46.780209457318584],[-84.03539689534564,46.78006415729582],[-84.0354427953405,46.77990425726861],[-84.03545029533068,46.779805057252915],[-84.03542009529416,46.77958765722128],[-84.03538939527542,46.77951535721195],[-84.03525209521797,46.779404257202856],[-84.03509939515577,46.77929465719495],[-84.03496219510022,46.77919925718825],[-84.03484779504998,46.77908755717778],[-84.03471789499832,46.779004457172604],[-84.03461139495165,46.77890145716297],[-84.03451959490864,46.77879025715123],[-84.03442789486154,46.7786453571343],[-84.03430609480255,46.778482057116314],[-84.03414579472836,46.778295057096955],[-84.03397049465067,46.77811865708008],[-84.03388619460682,46.777981357063894],[-84.03383319456887,46.77781065704074],[-84.03380259453782,46.777638257016015],[-84.03378719451169,46.77746645699055],[-84.03384829451052,46.777299456961266],[-84.03393969452743,46.777200356940746],[-84.03409259456483,46.77710855691771],[-84.03417649458252,46.77703545690158],[-84.03426799460318,46.77696665688571],[-84.03444349464979,46.77689105686388],[-84.03456549468339,46.77684845685017],[-84.03474859473657,46.776806456833036],[-84.03488569477567,46.776769056819305],[-84.03504629482161,46.7767265568034],[-84.03521399487128,46.77669625678899],[-84.03538959492545,46.776681456776494],[-84.0355570949816,46.776704056770164],[-84.03572519503558,46.77670745676092],[-84.03593099510552,46.77674245675426],[-84.03611429517098,46.776799456752364],[-84.03620569520477,46.77683755675288],[-84.03637349526538,46.77689495675192],[-84.03654929532887,46.776955556750956],[-84.03666379536872,46.77698285674848],[-84.03693069545282,46.7769746567317],[-84.03706029548756,46.776921756716],[-84.0371977955294,46.77690565670553],[-84.03738839558966,46.776901756693775],[-84.0375792956482,46.77688315667983],[-84.03776219570369,46.77686035666564],[-84.03797609576672,46.77681865664676],[-84.03821239583876,46.776792156628936],[-84.03844899591128,46.776768956611576],[-84.0386930959867,46.77675005659441],[-84.0389373960617,46.77672675657656],[-84.03918909613539,46.77667395655378],[-84.03939499619479,46.776623456534026],[-84.03966189627519,46.77658595651267],[-84.0398831963453,46.776582356499276],[-84.04006629640318,46.776578556488026],[-84.0402877964765,46.77660085647855],[-84.0404476965289,46.77661235647094],[-84.04063869659731,46.77667365646927],[-84.04080639665591,46.77671525646586],[-84.0410275967311,46.77675325645881],[-84.04126439681411,46.776814456454424],[-84.04141669686553,46.77683745644905],[-84.04156959693263,46.77698635646303],[-84.04153149693467,46.777100956482805],[-84.04151619693398,46.77713515648898],[-84.04156189695985,46.7772261565003],[-84.04165359699527,46.77727665650271],[-84.04176009703389,46.7773142565023],[-84.04195089710741,46.77741725650697],[-84.04212629717271,46.77749355650845],[-84.04227139722737,46.777561656510485],[-84.0423856972719,46.77762725651388],[-84.04245459730419,46.777710956522704],[-84.0425381973445,46.777821256534786],[-84.04264539738914,46.77790615654157],[-84.04270619741177,46.777932656542085],[-84.04283609745788,46.77797075654043],[-84.04293499749073,46.77798165653635],[-84.04298859750695,46.7779745565321],[-84.04308009753649,46.77797775652725],[-84.04317909756622,46.77796275651915],[-84.0432556975897,46.777955156513514],[-84.0434156976378,46.77793175650062],[-84.04354539767634,46.77790915648956],[-84.0437972977552,46.77789795647319],[-84.04399559781693,46.777885956459755],[-84.044186397875,46.77786395644524],[-84.04437709793295,46.7778408564306],[-84.04457559799152,46.777802956413154],[-84.0447738980461,46.77773355639095],[-84.04497239809761,46.777638256364725],[-84.04513999814073,46.777555056342166],[-84.04523949815172,46.777387056310594],[-84.04539179818512,46.77726485628291],[-84.04543019819167,46.77721885627359],[-84.04555219821643,46.777104256248855],[-84.04561299822639,46.777028356233636],[-84.04575049824946,46.77686045619987],[-84.04584989826469,46.77672725617362],[-84.0459794982851,46.77655845614008],[-84.0461014983132,46.77647085611954],[-84.0462389983453,46.77637605609696],[-84.04639889838681,46.77629975607591],[-84.04657459843234,46.776215256052666],[-84.04675779848141,46.776139456030336],[-84.04691019852376,46.7760892560137],[-84.04705519856668,46.77606295600121],[-84.04723839862366,46.77605125598872],[-84.04738309866927,46.77604745597975],[-84.0474593986913,46.77602855597234],[-84.0476045987337,46.77599765595919],[-84.04778749878918,46.775974755944965],[-84.04803189886154,46.77593005592385],[-84.04823019891617,46.775860655901596],[-84.04833699894927,46.77585325589427],[-84.04839809897256,46.77588425589544],[-84.04842069898443,46.77592195589993],[-84.04842099898968,46.77596355590628],[-84.04837499898726,46.77606265592419],[-84.04842849900758,46.7760893559252],[-84.048542799046,46.77610535592096],[-84.04864969907818,46.77609015591242],[-84.04870329909521,46.77608985590928],[-84.04881769913315,46.77610145590436],[-84.04896249917977,46.77610545589652],[-84.04910749922631,46.776108355888525],[-84.04927559927944,46.776104955878175],[-84.04941269932036,46.77608225586672],[-84.0495956993725,46.77603235584834],[-84.04981729943796,46.77599045582899],[-84.05002309949882,46.77595225581111],[-84.0502229995556,46.77589625579089],[-84.04979469934374,46.77528635572211],[-84.04963559923621,46.774826655660796],[-84.04986839922778,46.77415755554438],[-84.04975199918815,46.77413715554804],[-84.04971229917534,46.7741359555502],[-84.04964639915639,46.774152355556566],[-84.04951429911607,46.774166955566486],[-84.04935409907111,46.77421615558335],[-84.0470544984144,46.77483215581217],[-84.04639059822408,46.775004155877276],[-84.04599049811196,46.77512835591971],[-84.04557439800143,46.775307055971425],[-84.04521069790879,46.77549555602164],[-84.04485859782208,46.775701856073866],[-84.04454859774349,46.775865356117045],[-84.04441439770811,46.77592515613404],[-84.04428059767166,46.77597495614949],[-84.04413249763296,46.77604405616877],[-84.04402549760411,46.77608625618149],[-84.04390439757286,46.77614575619771],[-84.04375649753413,46.776213756216784],[-84.04358409748423,46.77625435623306],[-84.04347859745246,46.77626955624155],[-84.04327959739399,46.77630975625932],[-84.04305509732612,46.77633935627697],[-84.04279209724481,46.77635985629547],[-84.04246449714051,46.7763606563147],[-84.04217559704969,46.77637065633306],[-84.04204579700678,46.77635835633875],[-84.04186309694694,46.77634505634733],[-84.04165459687759,46.7763214563559],[-84.04145919681248,46.776298456363754],[-84.0412390967372,46.776257156370214],[-84.04102009665887,46.77618765637231],[-84.0404490964651,46.77609255639099],[-84.03976329622658,46.775930756406105],[-84.03950539613578,46.775861156410436],[-84.03940099610107,46.775849456414775],[-84.03926049604799,46.77578215641262],[-84.03915829600963,46.77573535641136],[-84.03908029598338,46.77572395641417],[-84.03893849593325,46.77568385641629],[-84.03882399588979,46.775627356414255],[-84.03868369583564,46.77555105641073],[-84.03843979574717,46.77546425641158],[-84.03819639565661,46.775359256409665],[-84.03787549553998,46.7752429564105],[-84.03772069548563,46.775202156413236],[-84.03757879543444,46.77515395641414],[-84.03741059537695,46.775122556419085],[-84.0369024952089,46.775073056441116],[-84.03677279516383,46.77504275644403],[-84.03668179513346,46.775031656447645],[-84.03645989506099,46.77501735645835],[-84.03628939500719,46.77502185646899],[-84.03614449496278,46.77503585647959],[-84.03589469488564,46.77505595649722],[-84.03544659474915,46.77510725653127],[-84.0347876945483,46.775180956580975],[-84.03336019412093,46.77540455669859],[-84.03266039391002,46.775502856754464],[-84.0325285938699,46.7755176567644],[-84.03239659382963,46.77553235677438],[-84.03227719379571,46.775565956786494],[-84.03213159375325,46.77559795679993],[-84.03206389373594,46.775632356809105],[-84.03198209371733,46.775693056823215],[-84.03188549369729,46.77577995684223],[-84.03180439367684,46.77582365685368],[-84.03168309364666,46.775892356871275],[-84.03161449363127,46.77594475688336],[-84.03153249361263,46.77600535689744],[-84.03145039359391,46.77606595691151],[-84.03137949358451,46.77617245693202],[-84.03128309356342,46.77625055694965],[-84.03119819355052,46.776365156972226],[-84.03109709354031,46.7765433570055],[-84.03105409353425,46.77660535701756],[-84.03098099352842,46.7767467570435],[-84.03093749352328,46.77681755705694],[-84.03090439352827,46.77694335707821],[-84.03089749354267,46.777077357099195],[-84.03089389354818,46.77713145710774],[-84.03092829357158,46.77723195712114],[-84.03099729361374,46.77739535714224],[-84.0310222936251,46.77742285714501],[-84.0310967936579,46.77749625715196],[-84.03113339367528,46.777542557156956],[-84.03125839372888,46.77765395716676],[-84.0313086937495,46.77769095716954],[-84.03137259377341,46.77771985717022],[-84.03150099382026,46.7777678571701],[-84.03157899384769,46.777788357168696],[-84.03168079388603,46.777836257170165],[-84.03177089391835,46.777865357169375],[-84.03200199400278,46.777952557169314],[-84.03212919405149,46.77801895717207],[-84.03221819408569,46.77806615717413],[-84.0322803941135,46.77813085718045],[-84.03230609412289,46.77814025718039],[-84.03234839415872,46.77832145720581],[-84.03231869415688,46.77838295721694],[-84.03231649416064,46.77841895722264],[-84.03228929415523,46.77844565722832],[-84.03226149414967,46.77847225723403],[-84.03223339414514,46.77850815724118],[-84.03217869413301,46.77855085725093],[-84.0320985941105,46.77857565725941],[-84.0319929940787,46.77859065726789],[-84.03193969406388,46.77860805727365],[-84.03171559399495,46.77862845728985],[-84.03144059390766,46.7786312573063],[-84.03101849377953,46.77868295733888],[-84.02971679337489,46.77876575742746],[-84.02829679293443,46.77886405752533],[-84.02794119282542,46.77889945755149],[-84.02704199255706,46.779047057626585],[-84.02688269251139,46.779088457642274],[-84.0267221924674,46.77914645766051],[-84.02659989243816,46.77922515767977],[-84.02657199243238,46.77925065768529],[-84.02651759242056,46.77929485769525],[-84.02648719241957,46.779365457707875],[-84.0264149924119,46.77948995773119],[-84.02616189239936,46.78004115783066],[-84.02604509238961,46.78026365787166],[-84.02598749238209,46.780351757888575],[-84.02591899236785,46.780413257902],[-84.02575419233142,46.78054355793164],[-84.02568549231712,46.78060505794514],[-84.0255613922916,46.78071855796979],[-84.02544039225941,46.78077005798474],[-84.02526579221322,46.78084675800665],[-84.02517029219239,46.78092465802421],[-84.02506229216317,46.78096685803698],[-84.02492959212604,46.78100865805116],[-84.0248754921119,46.7810337580582],[-84.02478349208343,46.78104065806463],[-84.02465149204316,46.78105535807453],[-84.02453229200808,46.78107865808507],[-84.02436189195431,46.781083158095676],[-84.02425669192155,46.78108945810279],[-84.02404489185908,46.78113015812138],[-84.02374009176967,46.781193158148845],[-84.02359389172831,46.78123525816386],[-84.02348779169745,46.781259458173736],[-84.02335469165895,46.781291058186355],[-84.02324879162819,46.78131525819623],[-84.0231675916077,46.78135905820771],[-84.02308639158707,46.781401658219025],[-84.02295129155361,46.781479658238844],[-84.02288289153816,46.78153085825069],[-84.02280219151783,46.781574558262136],[-84.02277479151117,46.78159095826626],[-84.02273349150228,46.781625858274026],[-84.02266589148606,46.78166925828462],[-84.02262189148195,46.781749358299486],[-84.02259239148027,46.78181195831086],[-84.02256299147848,46.78187335832199],[-84.02250619147031,46.78195365833763],[-84.02245029146005,46.78201485835029],[-84.02236879144046,46.78206635836295],[-84.02228669142188,46.78212815837724],[-84.02204379136025,46.782256058411065],[-84.02174679128464,46.782410158452016],[-84.0211826911364,46.78266605852424],[-84.01962379072671,46.78337185872353],[-84.01763569020336,46.78426585897679],[-84.0175288901734,46.78429905898812],[-84.01723439009298,46.784408059021985],[-84.01643118987539,46.78471955911668],[-84.0161173897904,46.78484135915373],[-84.01608318978117,46.78485465915775],[-84.01526778955754,46.78514865925043],[-84.0150268894922,46.78524145927873],[-84.01487658945717,46.785345459303485],[-84.01469968941576,46.78546715933246],[-84.0145466893865,46.785625359365675],[-84.0143681893479,46.78577305939879],[-84.01415868931036,46.786010159447414],[-84.01395198926726,46.78619445948778],[-84.01376198922159,46.786315359517445],[-84.01350708915288,46.78641665954785],[-84.01330488910116,46.78651975957546],[-84.01298428901347,46.78663735961223],[-84.01271698893953,46.78672875964187],[-84.01235798883613,46.786818259676565],[-84.01199958873305,46.78690855971132],[-84.01110928847625,46.78712775979683],[-84.01027258823463,46.787330959876854],[-84.00998018815056,46.787404959905246],[-84.00995398814199,46.78740345990654],[-84.00936788797667,46.78757745996745],[-84.0090755878925,46.78765065999571],[-84.00886118783454,46.78773486002113],[-84.00864548777953,46.78784626005081],[-84.008510187746,46.787924160070666],[-84.00823628768559,46.78814186012008],[-84.0075112875221,46.788689460246474],[-84.00725068746482,46.78889876029382],[-84.00533898705596,46.79052306065477],[-84.00511888700956,46.79071546069716],[-84.00494248696724,46.79082806072477],[-84.00490058695733,46.79085636073154],[-84.0047380869191,46.790966260757884],[-84.00457658687719,46.79104356077916],[-84.00440148683182,46.79112806080236],[-84.00425568678939,46.791161360815956],[-84.00397628670945,46.7912348608435],[-84.00394978670187,46.791242360846255],[-84.0038302866668,46.791266760856914],[-84.0037618866515,46.79131926086902],[-84.00367858663574,46.791407060887316],[-84.00366368663424,46.791433160892204],[-84.00360658662693,46.791521260909086],[-84.00354748662245,46.79163756093042],[-84.003543986629,46.79169946094012],[-84.00352018664582,46.791897160971885],[-84.00348628665164,46.79203186099456],[-84.00347928666487,46.79215686101413],[-84.00346178666935,46.792238361027685],[-84.00339018665952,46.79234376104806],[-84.00324698664129,46.792565961090524],[-84.00317618663058,46.792662061109425],[-84.002986986583,46.792764961136236],[-84.00284008654248,46.79281606115269],[-84.002544786464,46.792943061189426],[-84.00231768640077,46.79301766121406],[-84.00214328635464,46.79309426123599],[-84.00206178633508,46.79314586124867],[-84.00196658631224,46.79320696126366],[-84.00184068628943,46.79334736129252],[-84.00179488628915,46.793463361313],[-84.00172378627954,46.79356876133339],[-84.00166648627223,46.79365786135038],[-84.00162158627005,46.79375586136803],[-84.00140118625234,46.79418126144626],[-84.00134938626353,46.79440546148371],[-84.00122648626503,46.794734861541485],[-84.00116008627477,46.79498546158388],[-84.00110098627015,46.79510046160498],[-84.00106958627232,46.79519926162197],[-84.001022186276,46.79535116164804],[-84.00102858629243,46.79546796166562],[-84.00095538628561,46.79560146169041],[-84.00091898629721,46.79578916172139],[-84.00077178628534,46.79607326177359],[-84.00066898627779,46.79627726181093],[-84.00054248625591,46.796426861841255],[-84.00045968623925,46.79650546185815],[-84.00040348623011,46.79657676187238],[-84.00033428621566,46.79663816188583],[-84.00015408617979,46.79681286192317],[-84.00005878615804,46.79688276193951],[-83.99997518614217,46.7969703619578],[-83.99993368613326,46.79700556196564],[-83.99957458606218,46.79735676204052],[-83.99925988599065,46.79758996209465],[-83.99909678595475,46.7977202621242],[-83.9989732859324,46.797858462152604],[-83.99888008592859,46.79806796219026],[-83.99878628592234,46.79825936222506],[-83.99865148590092,46.798434062259766],[-83.99850158586915,46.798563862288454],[-83.99831208582494,46.7986947623196],[-83.99811068577911,46.798844062354306],[-83.99790608572457,46.79893036237945],[-83.99772578567433,46.798989162399],[-83.99750538560923,46.79903096241823],[-83.99724288552524,46.799028862433246],[-83.99696758543723,46.799027062449],[-83.9966532853369,46.799026362467224],[-83.99626288521928,46.79908156249843],[-83.99589948511121,46.799145062529355],[-83.99542128497365,46.799265562575705],[-83.994891684822,46.79940546262808],[-83.99453078472031,46.79951386266574],[-83.99423488463808,46.799611662698],[-83.99393798455321,46.79969136272756],[-83.99364328447466,46.799816062763895],[-83.99342488441464,46.79989386278856],[-83.993166784342,46.7999725628157],[-83.99300038429729,46.800039862835746],[-83.99273168422586,46.80015516286905],[-83.99256638418473,46.800249362893204],[-83.9922516841132,46.80048266294736],[-83.99196668405884,46.80077796300933],[-83.99182058403711,46.80097976304886],[-83.99169678401366,46.801109163075914],[-83.99161168400126,46.80122836309918],[-83.99153768398789,46.8013110631162],[-83.99150228398564,46.80138416312949],[-83.99140228396405,46.80146786314818],[-83.99122318391643,46.80154456317042],[-83.9910949838826,46.80160176318663],[-83.99064688375023,46.80168716322591],[-83.990602083737,46.801695663229786],[-83.99008218358068,46.80177226327187],[-83.98948368339951,46.80185096331883],[-83.98905418326949,46.80190716335244],[-83.98862378313697,46.80194536338338],[-83.98835048305403,46.801979563404586],[-83.98812948298757,46.8020122634225],[-83.98790888292243,46.80205416344178],[-83.98762478284048,46.8021245634691],[-83.98727668274283,46.80223266350602],[-83.98703348267827,46.802337963536345],[-83.98685418263054,46.80241456355855],[-83.98666298258132,46.802509563584266],[-83.98656318256096,46.80260216360433],[-83.98642418252814,46.802695763626815],[-83.98627168249007,46.802780863648756],[-83.98618258246746,46.8028281636612],[-83.986106482449,46.80287516367284],[-83.98604398243592,46.80293076368503],[-83.98581248237178,46.80300906371058],[-83.98520928220802,46.80324056378128],[-83.98516788219716,46.80325946378658],[-83.98497908214759,46.80334556381082],[-83.9847233820802,46.8034603638433],[-83.98441318199116,46.80354046387372],[-83.9836665817832,46.8037847639547],[-83.98294408157845,46.80399266402875],[-83.98209368134002,46.80425796411906],[-83.98166948122274,46.80440376416615],[-83.98125888111201,46.80456756421523],[-83.98105398105736,46.80465396424041],[-83.98091378102083,46.80472056425884],[-83.98083668100094,46.80475856426913],[-83.98076038098131,46.80479656427943],[-83.98001618077973,46.80508596436721],[-83.9792713805768,46.805366364453675],[-83.97857708038536,46.805609564531466],[-83.9782171802862,46.80573586457185],[-83.97801188023138,46.80582226459708],[-83.97780658017545,46.8058995646209],[-83.97765258013348,46.8059575646388],[-83.9772401800177,46.806085264682395],[-83.97677747989057,46.8062503647347],[-83.97624977974394,46.80642606479242],[-83.97618527972647,46.80645136480007],[-83.97595467966407,46.806541764827415],[-83.97568627959379,46.80666566486208],[-83.97539067951267,46.80677236489571],[-83.9752234794666,46.80683086491438],[-83.97501857941187,46.80691696493959],[-83.97468317931708,46.80701576497426],[-83.97429497920449,46.80710686501086],[-83.97395767910471,46.80716966504015],[-83.97360647899824,46.80721476506756],[-83.97317547886439,46.80724406509716],[-83.97252287866276,46.807297165143325],[-83.97175217842276,46.80734416519542],[-83.97087467814454,46.807357765248604],[-83.97002357787464,46.80737096530019],[-83.96935487766123,46.80737026533904],[-83.96892237752357,46.807372465364544],[-83.968635177434,46.8073890653838],[-83.96826777731692,46.80738966540531],[-83.96769407714017,46.807440365446475],[-83.96722447699518,46.80747966547989],[-83.96683207687242,46.80749876550565],[-83.96583737655828,46.80752456556754],[-83.9647908762289,46.80756056563402],[-83.9644371761161,46.80756086565466],[-83.9642002760391,46.807549065666606],[-83.96404117598436,46.80751716567095],[-83.9638433759186,46.80749526567911],[-83.96358727582107,46.80736706567435],[-83.9627737755008,46.80687496564613],[-83.96240847535879,46.80666846563568],[-83.96215297526248,46.80654906563221],[-83.96195217518907,46.806473265632256],[-83.9616730750909,46.80639946563716],[-83.96138157499108,46.806344065645625],[-83.96093247484036,46.80628356566245],[-83.96053587470625,46.806221965676094],[-83.96027097461595,46.80617486568426],[-83.9599263744971,46.80610276569325],[-83.95955247436235,46.80597736569573],[-83.95928537426576,46.80588536569718],[-83.95900547416626,46.805802765700776],[-83.9586852740518,46.805702865704056],[-83.95836837394504,46.805657065715465],[-83.95803867383539,46.805620565729086],[-83.95755347367995,46.80561546575651],[-83.95716077355591,46.80562556578093],[-83.95686067346334,46.80565116580236],[-83.95665237339976,46.80567446581801],[-83.95649667335395,46.805705665831894],[-83.9563168733049,46.80577306585267],[-83.95616377326546,46.80584906587332],[-83.95602127322381,46.80587976588629],[-83.95595697320572,46.80589946589305],[-83.95590497319041,46.8059097658977],[-83.95581387316274,46.80592116590476],[-83.9557357731392,46.80593216591096],[-83.95547457305778,46.8059478659286],[-83.95512227294876,46.80597486595323],[-83.95497857290447,46.8059876659636],[-83.95452407276873,46.80606246600156],[-83.9541745726672,46.80614346603429],[-83.95381377256551,46.80625186607194],[-83.95358207250119,46.8063297660974],[-83.9534150724563,46.80639736611753],[-83.95327367241713,46.806445766133166],[-83.95320897239891,46.80646536613996],[-83.95315827238622,46.806493766147305],[-83.95300167233792,46.80650686615842],[-83.95283217228545,46.806520166170316],[-83.95266087222915,46.80650656617819],[-83.95243577215247,46.80646736618527],[-83.9522093720721,46.8064011661883],[-83.95198337199183,46.80633506619125],[-83.9518115719342,46.80631246619782],[-83.95162727187378,46.8062992662065],[-83.95145607181752,46.806285666214386],[-83.95118107173063,46.806292866231466],[-83.95080347161583,46.806338466260485],[-83.95051807153123,46.80639086628515],[-83.95032387147434,46.8064318663027],[-83.9501802714301,46.806444566313026],[-83.949879171335,46.80645236633174],[-83.94954007123015,46.806479066355614],[-83.94912317110406,46.80653506638844],[-83.94880017101084,46.80661516641954],[-83.94848887091922,46.8066771664472],[-83.94825427084736,46.80670126646457],[-83.94801877077293,46.80670726647918],[-83.94775427068272,46.80666016648732],[-83.94734387054312,46.80658976650043],[-83.94690447038768,46.80646606650696],[-83.94657237027059,46.80637566651242],[-83.94634687019378,46.80633636651948],[-83.9460307700895,46.8063085665336],[-83.94588677004397,46.806312266542584],[-83.94566136996613,46.806264066548266],[-83.94555396992554,46.806212866546666],[-83.94548586989846,46.80616956654395],[-83.94541736987017,46.80611736653995],[-83.94518706977965,46.80597926653213],[-83.94490086966368,46.8057796665181],[-83.944671969577,46.80566856651435],[-83.9444969695106,46.80558306651139],[-83.9443761694658,46.80553236651066],[-83.94425396941718,46.8054544665058],[-83.94418586938903,46.805402066501685],[-83.94392736925627,46.804994766454136],[-83.94362316909354,46.804462766390074],[-83.94354836904881,46.80429356636846],[-83.9434493690009,46.804161066353856],[-83.9433115689418,46.80403856634301],[-83.94310696885829,46.80389086633226],[-83.94245916860928,46.80354746631715],[-83.94189136838885,46.80322916630127],[-83.94174256833071,46.80314296629669],[-83.94166076829823,46.80309106629346],[-83.94154056825468,46.803049166294024],[-83.94134066818268,46.802982366295375],[-83.94104706807774,46.80289116629846],[-83.94005936772241,46.802565266305834],[-83.93992556767353,46.802514766305855],[-83.93920556741612,46.80229026631324],[-83.93860636720353,46.802116666321446],[-83.93823426707269,46.80201826632795],[-83.9378883669512,46.8019281663342],[-83.9375043668199,46.80185696634562],[-83.93722616672423,46.80180116635323],[-83.93690856661621,46.80174656636331],[-83.93667056653541,46.80170736637113],[-83.93643246645466,46.80166846637901],[-83.93623226638255,46.80160166638037],[-83.93601796630371,46.801517166379845],[-83.93573626619926,46.80139856637798],[-83.93552096611786,46.801295866374716],[-83.93545746609226,46.80125256637179],[-83.93531686603568,46.801157166365286],[-83.93514186596417,46.80103026635597],[-83.93512586595754,46.80101806635501],[-83.9350137659055,46.800885866341225],[-83.9346437657209,46.80034646627986],[-83.93430066554701,46.79982426621952],[-83.93411706545798,46.79957686619218],[-83.9340170654075,46.79942656617494],[-83.93392136536839,46.79935686616975],[-83.93383776532976,46.799260166159776],[-83.93374146528934,46.79918156615329],[-83.93371456527866,46.799164266152175],[-83.93353726520711,46.79904286614382],[-83.9332812651085,46.798905466137626],[-83.9329852649972,46.79876906613383],[-83.9326249648679,46.798652366136864],[-83.93238356477835,46.79855066613526],[-83.93212896468458,46.79844896613447],[-83.93200676463599,46.79837136612961],[-83.93193986461152,46.79834586612958],[-83.93187176458333,46.798293566125494],[-83.93184096456365,46.798213466114994],[-83.93178466453698,46.79814276610741],[-83.93174006451068,46.79804506609497],[-83.93172556450273,46.79801836609173],[-83.93168246448032,46.797947866083405],[-83.93161496445451,46.79791316608199],[-83.93154756442873,46.79787886608066],[-83.93117406429414,46.7977534660831],[-83.93070496412149,46.79756736608175],[-83.93014216391381,46.797338866079365],[-83.92991236382457,46.797209766072854],[-83.9297489637585,46.797096966065006],[-83.92965096371314,46.796982466053095],[-83.92959476368651,46.79691196604554],[-83.92952286364934,46.79679676603203],[-83.92949216362858,46.7967075660201],[-83.92947216360672,46.79658206600195],[-83.92950586360519,46.796482265984665],[-83.92953736359738,46.796337565960556],[-83.92961816359846,46.796137365925105],[-83.92969086360813,46.79602746590399],[-83.929815363633,46.795907265878256],[-83.92991376364967,46.79578776585419],[-83.92998676366052,46.795686965834456],[-83.93003336366195,46.79557776581497],[-83.93011486366441,46.79538666578085],[-83.9301437636502,46.79519686574996],[-83.9301324636211,46.79499006571881],[-83.93012806360974,46.794909365706715],[-83.93010966359172,46.79481076569264],[-83.93003786355465,46.794695765679116],[-83.92996656351879,46.794589465666895],[-83.92985656347182,46.794493265658524],[-83.92978816344362,46.7944411656545],[-83.9296790633991,46.79436286564876],[-83.92962376337503,46.79431046564397],[-83.92958156335503,46.79425736563825],[-83.92952496332717,46.794177865629294],[-83.92946856330047,46.79410726562171],[-83.92943866328213,46.79403596561253],[-83.9293920632508,46.79390216559466],[-83.92938746323938,46.7938214655825],[-83.92938076322167,46.7936954655635],[-83.9293871632082,46.79356936554375],[-83.92940776320253,46.793469865527285],[-83.92938836318193,46.79335326551049],[-83.9293839631706,46.793272365498304],[-83.92935286314969,46.79318336548642],[-83.92930976312715,46.79311226547799],[-83.92925156309545,46.793005765465026],[-83.92916956306182,46.79294496546041],[-83.92907366302153,46.79286636545391],[-83.92891166295927,46.79278046545015],[-83.92876426290493,46.79272126544959],[-83.92850746280497,46.79257486544201],[-83.92838486275515,46.79248796543579],[-83.92820826268492,46.79237556542877],[-83.92812786265507,46.79234146542818],[-83.92805866262438,46.79227146542144],[-83.92793196256437,46.792112665404396],[-83.92787456253514,46.79202406539415],[-83.92781926251104,46.79197156538924],[-83.92776466248824,46.791927965385746],[-83.92773706247618,46.79190156538328],[-83.9276553624426,46.791840565378685],[-83.92760106242103,46.791806165376535],[-83.92749396238167,46.79176386537626],[-83.92744066236375,46.791756365378205],[-83.92737446234055,46.7917398653795],[-83.92730856231864,46.79173256538223],[-83.92724216229547,46.791716265383556],[-83.92712346225574,46.79170136538816],[-83.92705796223504,46.79170296539224],[-83.92686316217686,46.791734965408466],[-83.9262529619952,46.79184056546021],[-83.92599346191768,46.79188346548186],[-83.92551136177092,46.791940665518716],[-83.92489836158171,46.79199226556229],[-83.92436286141476,46.7920240655983],[-83.92415306134737,46.7920202656099],[-83.92404946131688,46.7920409656191],[-83.92391866127554,46.79204426562722],[-83.92367656118466,46.791933465624226],[-83.92344926110181,46.79184956562457],[-83.92326316103633,46.79180006562777],[-83.92303726095722,46.791742865632095],[-83.92285106089173,46.79169376563536],[-83.92269026083204,46.79162566563427],[-83.92252926077232,46.7915578656332],[-83.92238146071678,46.791489565631274],[-83.9222598606695,46.79142066562779],[-83.92216406062924,46.79134216562124],[-83.92202806057522,46.791255665615836],[-83.92177846046418,46.79100106559119],[-83.92144686031952,46.79068546556197],[-83.92122586022309,46.790475165542496],[-83.9210595601495,46.79030846552649],[-83.9209359600971,46.79020356551756],[-83.92078476003276,46.790072465506164],[-83.92052645992894,46.78989906549452],[-83.92024225981805,46.78973516548585],[-83.92006585974795,46.78962276547881],[-83.9197672596281,46.789423465465546],[-83.91938875948199,46.789217165455824],[-83.919199859409,46.78911406545089],[-83.91903615934284,46.789001065443024],[-83.91891645929952,46.78895926544361],[-83.91883595926961,46.78892516544304],[-83.91874185923433,46.788882565441924],[-83.91866045920196,46.788830665438724],[-83.9183956591117,46.788783465446805],[-83.91836905910218,46.788775065447055],[-83.91738705876088,46.78854816546925],[-83.91660395848803,46.78836116548602],[-83.9161000583133,46.78824796549785],[-83.91550335810712,46.78811936551277],[-83.91463045781025,46.78797056554063],[-83.91431365770357,46.787924665551955],[-83.91374305750554,46.7877950655652],[-83.91338405737885,46.78769646557089],[-83.91301255724923,46.787606665578664],[-83.91278665717125,46.78755856558436],[-83.91262595711157,46.78749056558324],[-83.91242535703825,46.78741466558326],[-83.91226415697737,46.787337765580794],[-83.91211305691297,46.7872066655694],[-83.911894656824,46.78705006555802],[-83.91175915677015,46.78696366555261],[-83.91166155672602,46.786858265542044],[-83.91157865668988,46.786779565534786],[-83.91145805664507,46.78672826553388],[-83.91136405660984,46.78668566553277],[-83.91125755657177,46.78665246553392],[-83.91112315652158,46.786592865532505],[-83.9109503564603,46.78654326553497],[-83.91071315638207,46.78652226554551],[-83.91048975630923,46.78650986555657],[-83.91016325620723,46.78652726557823],[-83.90990195612576,46.78654296559582],[-83.90968045605804,46.78656656561228],[-83.90957675602749,46.786587265621485],[-83.90947355599822,46.78661696563208],[-83.90934275595684,46.786620165640144],[-83.90914595589359,46.78661616565096],[-83.90902765585513,46.786610165656946],[-83.90886875580046,46.786578165661204],[-83.90884235579104,46.786569865661484],[-83.90794325548589,46.78642176569096],[-83.90750715533815,46.786351865705555],[-83.9072956552669,46.786321165713105],[-83.90713585520976,46.786271165714695],[-83.90692295513475,46.78621366571821],[-83.90680285509126,46.78617176571875],[-83.9066407550327,46.78611626571964],[-83.90630905491305,46.78600426572169],[-83.90621015487716,46.785968565721944],[-83.90562765466568,46.78576056572379],[-83.9051464544904,46.785584065724585],[-83.90501305444158,46.78553326572453],[-83.90437195421022,46.78531546572823],[-83.9039310540499,46.785155965729324],[-83.90373245398156,46.78511576573467],[-83.90351915390532,46.78504916573685],[-83.90346625388752,46.785041665738724],[-83.90324245381349,46.78502016574843],[-83.90293915371208,46.78498296576031],[-83.90251835357473,46.784957565780864],[-83.90207275343168,46.78495086580569],[-83.90191515338084,46.78494596581413],[-83.90166855330732,46.78498816583493],[-83.9013697532174,46.78503216585906],[-83.90109475313047,46.78503866587602],[-83.90087225306017,46.78504436588986],[-83.9006766529995,46.78505826590335],[-83.90041455291558,46.78505596591821],[-83.900215352846,46.78500706592224],[-83.90000225277086,46.784949365925726],[-83.89974855267856,46.784856965926274],[-83.89962855263514,46.78481506592681],[-83.899292552509,46.78466146592266],[-83.89909835243716,46.78458136592163],[-83.898984352395,46.78453426592098],[-83.8987314523051,46.78445966592418],[-83.89851905223023,46.784402065927665],[-83.8983335521672,46.784370765933645],[-83.89809615208775,46.78434076594284],[-83.89764945194219,46.784316065964944],[-83.89674205164548,46.78425806600874],[-83.89520615114803,46.78419796608872],[-83.89424865083991,46.784177166141085],[-83.89423735083632,46.784177166141745],[-83.89346245058931,46.78417916618705],[-83.89290435041205,46.78418576622048],[-83.89279485037726,46.78418706622706],[-83.89216685017881,46.78420286626591],[-83.89185175007701,46.7841928662827],[-83.89143174994211,46.78418556630596],[-83.8911679498532,46.78414726631536],[-83.89092134977199,46.78412656632651],[-83.89091784977087,46.784126466326676],[-83.89091774977081,46.78412636632668],[-83.89078314971944,46.784058066324],[-83.89068764968039,46.78398826631878],[-83.8905473496139,46.78381176629977],[-83.89051674959425,46.7837315662892],[-83.89050074958254,46.78367796628188],[-83.89050074958253,46.783677866281906],[-83.89050824957165,46.783569766264804],[-83.8905316495724,46.783515266255094],[-83.89060224957701,46.78336966622859],[-83.89068614958579,46.78322336620121],[-83.89086504961996,46.783037266162175],[-83.89087234962139,46.7830296661606],[-83.89099674964625,46.78290946613487],[-83.89108404966389,46.782826266117],[-83.89110624966756,46.78279856611145],[-83.89115774967613,46.78273436609861],[-83.89120714968507,46.782679166087206],[-83.89125554969154,46.782605966073156],[-83.89129194969637,46.78255086606257],[-83.89133954970036,46.78245976604579],[-83.89134724969058,46.78236066603009],[-83.89132944967385,46.782271066017366],[-83.89132544966375,46.782199166006514],[-83.8913207496512,46.782109265992965],[-83.89129134963416,46.78204696598508],[-83.89126304961968,46.78200276597993],[-83.89124664960788,46.78194916597263],[-83.89120404958662,46.781887265965594],[-83.89116144956544,46.78182536595855],[-83.89111954954556,46.78177236595279],[-83.89103554950682,46.78167546594274],[-83.8909668494774,46.781614265937364],[-83.89085864943544,46.78155396593434],[-83.89077784940436,46.78151106593244],[-83.89068274936659,46.78145046592868],[-83.89050694929773,46.78134686592289],[-83.89035934924225,46.78127856592094],[-83.89025204920279,46.78123636592067],[-83.89018524917833,46.78121096592068],[-83.89013814916191,46.78119936592162],[-83.889724449004,46.78098896591327],[-83.88964604897144,46.78092766590836],[-83.88953064892358,46.78083776590125],[-83.88947824890181,46.78079686589802],[-83.8893161488278,46.78061576587954],[-83.88893454865362,46.78018956583613],[-83.88873644856906,46.780016165820946],[-83.88838514841913,46.77970846579399],[-83.88831214838886,46.77965156578946],[-83.88813924831712,46.77951676577873],[-83.88763014812687,46.77929136577364],[-83.88756214810148,46.77926126577295],[-83.88744724805636,46.77919226576901],[-83.88744234805442,46.779189365768815],[-83.88731824800564,46.77911466576455],[-83.8871934479496,46.77898256575145],[-83.88716604793464,46.77893236574535],[-83.88707724788628,46.77876956572545],[-83.8869108478127,46.77860276570946],[-83.88676494775329,46.77849836570186],[-83.88667944771852,46.778437465697465],[-83.88663574770221,46.778418165697005],[-83.88658584768353,46.7783959656965],[-83.88657534767901,46.778386265695595],[-83.88656464767564,46.778386565696266],[-83.88654534766839,46.778377965696066],[-83.8862165475601,46.77835026571091],[-83.88604454750744,46.778368565723675],[-83.8859950474923,46.77837386572737],[-83.88593104747372,46.77838896573344],[-83.88586664745507,46.778404165739474],[-83.88584274744753,46.77840476574097],[-83.8858134474396,46.778416665744494],[-83.88576364742516,46.77842846574919],[-83.88556794736844,46.77847466576771],[-83.88521994727064,46.7785825658045],[-83.88482364716886,46.77878296585831],[-83.88462284711723,46.77888436588558],[-83.88447894708027,46.77895726590516],[-83.88443774706968,46.77897806591072],[-83.88433974704452,46.779027665924055],[-83.88413204698219,46.779059865941086],[-83.88394044691515,46.77901186594482],[-83.88384004687995,46.77898626594672],[-83.88378844686117,46.778967165946725],[-83.88320454664789,46.77874816594697],[-83.88311014661345,46.77871276594699],[-83.882917346543,46.77864046594705],[-83.88235144635645,46.77859176597237],[-83.88226674632539,46.77855886597221],[-83.88224704631816,46.778551165972196],[-83.88223234631276,46.77854546597215],[-83.88217754629267,46.7785241659721],[-83.88203754622734,46.77835666595443],[-83.88201484619808,46.778177365928194],[-83.88198804618166,46.77811356591989],[-83.88193984615222,46.77799916590506],[-83.8818903461293,46.777940965899035],[-83.88175034606432,46.7777761658818],[-83.88161124599985,46.77761256586469],[-83.88156814597984,46.77756186585935],[-83.88152054595774,46.77750576585349],[-83.88131664587561,46.77736686584399],[-83.88064424562111,46.77704186583295],[-83.88051794557572,46.77700076583398],[-83.88044504554955,46.77697696583455],[-83.88031094550138,46.7769332658356],[-83.88014614543971,46.776859365833765],[-83.87939834515987,46.776524165825585],[-83.87907954504806,46.77644226583149],[-83.87899144501434,46.77639686582958],[-83.87899164501444,46.77639686582957],[-83.87879664493984,46.77629636582545],[-83.87853004484346,46.776204065826704],[-83.87830494476677,46.776164765833755],[-83.87812674469166,46.77601626582121],[-83.87806354466679,46.775978065819],[-83.87786974459048,46.77586066581216],[-83.87769574452669,46.77579306581188],[-83.87769564452664,46.77579306581189],[-83.87753744447507,46.77578406581964],[-83.87751454446756,46.775782765820836],[-83.87736714441954,46.77577436582807],[-83.8772259443718,46.775752765832934],[-83.87716454435106,46.77574346583506],[-83.8770897443258,46.77573196583765],[-83.87706334431685,46.77572796583851],[-83.87698184428895,46.77571226584085],[-83.87674994420945,46.775667765847444],[-83.8767325442035,46.77566436584796],[-83.87662544416409,46.775622065847664],[-83.8762728440239,46.775396865833464],[-83.87609364394625,46.775230365818246],[-83.87594284382186,46.77461016573154],[-83.87593884381856,46.774593665729206],[-83.87592614380816,46.774541665721955],[-83.87583564377158,46.77447946571764],[-83.87574924373672,46.77442006571351],[-83.8754832436427,46.77434576571753],[-83.87524794356837,46.774351665732034],[-83.87524784356836,46.774351665732034],[-83.87519474355236,46.7743592657363],[-83.87455874336051,46.77444996578721],[-83.8745586433605,46.77444996578722],[-83.87390614315764,46.77449346583175],[-83.87383514313494,46.7744930658358],[-83.87361784306539,46.7744916658482],[-83.87325324294545,46.774462465864836],[-83.87293374284036,46.77443686587942],[-83.87283934280804,46.77441866588209],[-83.87260514272772,46.77437356588876],[-83.87260284272693,46.77437316588882],[-83.87258994272182,46.77436506588831],[-83.87256054271016,46.77434666588721],[-83.87238764264166,46.7742381658805],[-83.87210074252798,46.774058165869455],[-83.87183044242087,46.77388856585903],[-83.87179064240284,46.77384496585468],[-83.87162184232625,46.77365996583596],[-83.8716217423262,46.77365986583597],[-83.87157954230132,46.77356696582408],[-83.87157724229996,46.77356196582347],[-83.87139604222403,46.77341456581128],[-83.87118014213357,46.77323896579681],[-83.87091064202959,46.77309276578991],[-83.87091054202953,46.773092765789926],[-83.8705893419115,46.772966065789035],[-83.87031254180455,46.77281446578179],[-83.8702115417655,46.77275926577912],[-83.87014664173684,46.77269456577293],[-83.86762784089588,46.77239206587253],[-83.86441683956376,46.769889565673516],[-83.86396813935225,46.76933376561393],[-83.86395193930953,46.76902816556782],[-83.86333453907798,46.768746665560265],[-83.86268203878444,46.76805196549115],[-83.86205253855123,46.767788765487175],[-83.8616473383027,46.76681796536119],[-83.85980213777806,46.76734106554867],[-83.85818393721469,46.76695856558362],[-83.85690253675004,46.766504565588015],[-83.85597143645023,46.76648286563865],[-83.85517043615947,46.76619686564105],[-83.85426173585793,46.766102565679205],[-83.85337173563627,46.76661076580908],[-83.85220303528678,46.76680186590624],[-83.85147143511853,46.76733306603046],[-83.85112533508648,46.7679717661489],[-83.84989683479212,46.76876736634264],[-83.84930673460228,46.76875506637491],[-83.84890703442841,46.76837796634002],[-83.84886933435904,46.76791096627028],[-83.84941953438269,46.76667326604781],[-83.85075233460924,46.7650538657212],[-83.85066193441975,46.76374546552491],[-83.85047893433637,46.76354196550418],[-83.84977773408576,46.76332316551118],[-83.84950383396284,46.76303406548248],[-83.8493090337486,46.761794765302895],[-83.84847273340516,46.7611709652553],[-83.84847273340515,46.76117086525528],[-83.84849843340777,46.761125465246806],[-83.84853203340622,46.76102556522949],[-83.84856743340858,46.76095266521617],[-83.8485762334003,46.760862465201775],[-83.84856963338392,46.760746265184295],[-83.84856963338385,46.76074566518418],[-83.8485537333722,46.76069206517685],[-83.84853683335804,46.76062046516679],[-83.8485200333439,46.76054886515677],[-83.84848903332194,46.76045066514342],[-83.84847173330765,46.76037906513339],[-83.84845483329352,46.76030756512335],[-83.84841133326981,46.76022756511354],[-83.84838193325277,46.76016536510573],[-83.84836553323986,46.76010276509699],[-83.84836353323371,46.76005776509017],[-83.84837243322764,46.75998556507856],[-83.84835553321346,46.759913965068485],[-83.84833813319695,46.75982446505571],[-83.8483203331814,46.75974386504434],[-83.84831663317136,46.759671965033455],[-83.84832733316927,46.75962676502587],[-83.84833203316963,46.75961776502424],[-83.84833203316961,46.75961766502421],[-83.84833213316965,46.75961756502417],[-83.84836273317161,46.75955386501258],[-83.84837243316579,46.75948156500088],[-83.84836873315692,46.759418664991436],[-83.84837893315353,46.759364464982525],[-83.84838863314772,46.75929216497083],[-83.84839753314172,46.75921996495916],[-83.84840583313328,46.75912976494478],[-83.84841613312997,46.75907556493581],[-83.84841083311615,46.75897666492094],[-83.848392133097,46.758869164905455],[-83.84837573308403,46.75880656489674],[-83.84835833306859,46.758725964885336],[-83.84835313305483,46.75862706487038],[-83.84833363303335,46.75850286485244],[-83.84833343303315,46.75850156485223],[-83.84828903300692,46.75840366483971],[-83.84822953297159,46.75827016482259],[-83.84820103295702,46.758225864817405],[-83.84815803293465,46.75815496480901],[-83.84811503291223,46.758084064800556],[-83.84809903290052,46.75803046479322],[-83.84806913288222,46.75795916478397],[-83.8480396328652,46.75789696477609],[-83.8479797328286,46.75775446475763],[-83.8479498328103,46.75768316474839],[-83.84793433279985,46.75763856474239],[-83.84791933279074,46.75760296473778],[-83.84791743278569,46.757566964732376],[-83.84791373277571,46.757495064721496],[-83.84789873276654,46.757459464716895],[-83.84789773276401,46.75744146471417],[-83.84789443275524,46.75737856470468],[-83.84789253275025,46.757342564699236],[-83.84789113274645,46.7573156646952],[-83.847915832751,46.757288064689504],[-83.84792703275008,46.757251764683225],[-83.84795133275335,46.75721516467619],[-83.84809893277911,46.75704126464087],[-83.84809963277927,46.757040464640696],[-83.84812733278402,46.75700726463401],[-83.84774863266071,46.75698716465283],[-83.84773993265784,46.756986664653255],[-83.84738423253893,46.756942664667086],[-83.84683043235384,46.756874164688625],[-83.846745132324,46.75685306469033],[-83.84651993224533,46.756797464694834],[-83.84629993216846,46.75674326469922],[-83.84588713202032,46.75660956470254],[-83.84539203183849,46.756414864701235],[-83.84533053181545,46.75638726470052],[-83.84530453180574,46.756375564700214],[-83.84462363155079,46.75606876469243],[-83.8444262314769,46.75597986469021],[-83.8438464312572,46.75569736468024],[-83.84356083114902,46.755558264675344],[-83.84331183105468,46.75543696467111],[-83.84328673104517,46.75542476467065],[-83.84114773023478,46.754382864634124],[-83.8388893293792,46.75328266459544],[-83.8367950285903,46.75229956456523],[-83.83628332839325,46.75202426455245],[-83.83490072787347,46.75138356453384],[-83.8346930277941,46.75127656452936],[-83.83425962762843,46.75105346452006],[-83.83413362758024,46.750988564517385],[-83.83311432719995,46.750539964507325],[-83.83298042715003,46.75048106450599],[-83.83259232700524,46.75031026450212],[-83.83204272680018,46.75006836449668],[-83.83179032670932,46.749984364498324],[-83.83136412655594,46.749842564501165],[-83.83136312655559,46.749842264501154],[-83.83060262629358,46.74968486452098],[-83.83019832615433,46.749601164531484],[-83.82942102589536,46.74951226456281],[-83.82842472557381,46.74948296461599],[-83.8283854255615,46.749484664618514],[-83.82743162526212,46.74952546468006],[-83.82678112506422,46.74960456472991],[-83.82564152473043,46.74984896483353],[-83.82484122450171,46.75006656491339],[-83.82210852373049,46.750889965198496],[-83.81941242296517,46.75166686547432],[-83.81031482038267,46.75428856640499],[-83.8075954196106,46.75507216668312],[-83.80663921932668,46.75524566676523],[-83.80650591928709,46.75526986677665],[-83.80623241920391,46.75530356679767],[-83.80592121910551,46.75531116681687],[-83.80578781906328,46.7553144668251],[-83.80544411894746,46.75526436683726],[-83.80494331877865,46.75519126685497],[-83.80481441873366,46.755159766857595],[-83.80443971860285,46.7550685668652],[-83.80364861833837,46.754970966895904],[-83.80329861823434,46.75503356692585],[-83.80248601800491,46.755278467010605],[-83.80160681777409,46.75568506712417],[-83.80133511770269,46.75581066715924],[-83.80085961757219,46.7559842672135],[-83.79972601725451,46.75634516733473],[-83.79876491699689,46.7567465674522],[-83.79840171688976,46.756818467484266],[-83.79768471666853,46.756881067535424],[-83.79707721649294,46.75703086759365],[-83.79608341621062,46.75731616769514],[-83.79516061593735,46.757490367775375],[-83.7950978159188,46.757502267780865],[-83.79463911577149,46.75749546780636],[-83.79420201562003,46.75739826781663],[-83.79399731554636,46.75733006781797],[-83.7937489154569,46.7572473678196],[-83.79327201529176,46.757141967830954],[-83.79279801513414,46.75709046785046],[-83.7924212150205,46.75714496788064],[-83.79201981490345,46.75723556791784],[-83.79139701474945,46.757601768010275],[-83.79101831465944,46.757853968071046],[-83.79035891450273,46.75829296817687],[-83.79019791447068,46.75845096821052],[-83.78989761441079,46.758745168273244],[-83.78988541440935,46.758764868276955],[-83.78963201437863,46.75917466835478],[-83.78944721434775,46.75940426840087],[-83.7892825143108,46.75953166843001],[-83.78918091428795,46.75961036844805],[-83.78765911394645,46.76078876871771],[-83.78729091385642,46.761013768773694],[-83.7869453137648,46.76116616881717],[-83.78650771364293,46.76131186886488],[-83.78600171349278,46.76140516890855],[-83.78494401316264,46.761466968979285],[-83.78449161302512,46.761523669014196],[-83.78387711283837,46.76160076906162],[-83.78338071268361,46.76163096909495],[-83.78290001253815,46.76169666913289],[-83.78278061249706,46.76167266913612],[-83.78179591220763,46.7618765692245],[-83.78147751212789,46.76205536927045],[-83.78114711204651,46.762252269319944],[-83.7809609120083,46.76242596935749],[-83.7809361120032,46.76244906936245],[-83.78085971198757,46.76252026937787],[-83.78060081194319,46.76283286944099],[-83.78054801193638,46.762914669456634],[-83.78042821192078,46.76310006949215],[-83.78041971191968,46.76311316949465],[-83.78038251191485,46.763170869505714],[-83.77984551186735,46.764182869692746],[-83.77969701184135,46.76435746972821],[-83.77944611178731,46.76457056977556],[-83.77912741170637,46.764740369820196],[-83.77872851159562,46.764876069864165],[-83.77839191149793,46.76495616989597],[-83.77736641119228,46.765134069982686],[-83.77688241103915,46.76514587001254],[-83.77638311087568,46.765112970036334],[-83.77546601058228,46.76510827008861],[-83.7746495103313,46.76518777014812],[-83.77461971032209,46.76519067015032],[-83.77421941019905,46.765229570179464],[-83.77411071016564,46.76524017018738],[-83.77392121011013,46.765281170204666],[-83.77373531005571,46.76532127022158],[-83.77345510998579,46.765481070262396],[-83.77328310995786,46.76570117030624],[-83.77321230998744,46.766127370376],[-83.77319300999547,46.766243370394996],[-83.77300030997418,46.76657207045682],[-83.77272570991815,46.76683067051254],[-83.7718669097203,46.76745447065836],[-83.77160400966152,46.76765987070518],[-83.77079670948099,46.768290370849044],[-83.77058120943612,46.76848607089166],[-83.77047110941325,46.768586270913495],[-83.77023870937829,46.76890687097634],[-83.76960380930103,46.769931571170915],[-83.76953930929318,46.77003577119071],[-83.76951620929037,46.77007277119776],[-83.7694760092855,46.77013777121012],[-83.76944050928117,46.770195171221005],[-83.7682814091151,46.77186127154474],[-83.76822220910893,46.77196517156417],[-83.76808910909507,46.772198871607905],[-83.76799080910946,46.77257257167118],[-83.76797960911114,46.772615471678414],[-83.76799030912885,46.77273207169577],[-83.76800880915896,46.77292987172517],[-83.76822320931068,46.77360937181749],[-83.76827960935051,46.77378747184164],[-83.76832160938031,46.773921171859804],[-83.76829750940907,46.77421877190706],[-83.76826210940457,46.77427387191759],[-83.76792140936064,46.774803872018985],[-83.76729650925303,46.7755542721707],[-83.76715630922888,46.775722372204704],[-83.76455820873322,46.77844927277511],[-83.76408750864707,46.778973472883074],[-83.76341610851955,46.779682673031154],[-83.76300360843535,46.78007067311478],[-83.76288020841208,46.78020247314223],[-83.76184840821755,46.78130447337167],[-83.76132280810859,46.781785173476145],[-83.76107150805447,46.7819982735235],[-83.76081840799424,46.78216647356402],[-83.76013700782556,46.782566273665026],[-83.75969910771718,46.78282337372997],[-83.75871380745943,46.78328807385853],[-83.75836660736388,46.783413573897924],[-83.75791450723511,46.78354147394376],[-83.7573826070778,46.78364417399036],[-83.75636570676483,46.78374077406406],[-83.75499300633369,46.783800874152675],[-83.75447140617301,46.78384937419029],[-83.75387400599497,46.78395377424091],[-83.7533462058489,46.78413757429977],[-83.75264350566727,46.784487474394304],[-83.75211360554695,46.784887074486534],[-83.75197830552509,46.78506137452118],[-83.75172640549137,46.7854426745945],[-83.75101770539644,46.7865154748007],[-83.75074350534275,46.78679207485916],[-83.7495290050587,46.78764017506006],[-83.74945320504152,46.78769747507326],[-83.74904930494985,46.78800267514364],[-83.74879860489699,46.788224775192305],[-83.7485262048483,46.78853727525621],[-83.7483339048282,46.78887487531935],[-83.74820810483253,46.789237875382526],[-83.74818850487374,46.78962537544333],[-83.7482470049386,46.79000197549793],[-83.74841070503783,46.79038497554746],[-83.74881680526124,46.791149075641684],[-83.74894090534801,46.791533275693666],[-83.74898630540874,46.79191007574911],[-83.74895370544589,46.792298075810734],[-83.74883050545651,46.79270597588064],[-83.74827020544242,46.79405127612026],[-83.7477275054461,46.79549527637401],[-83.74733100543753,46.79645877654531],[-83.74718510544983,46.79693927662773],[-83.74714580547769,46.79726857668074],[-83.74713000548866,46.79739957670185],[-83.74722710562756,46.79827917683162],[-83.74717940565444,46.79862247688727],[-83.74705670566746,46.79904847695993],[-83.74681500563949,46.79945007703581],[-83.74669150561806,46.79959697706556],[-83.74598440548617,46.80036377722447],[-83.7456730054281,46.80070147729454],[-83.74536750538324,46.80113177737839],[-83.74457120529455,46.80248307763252],[-83.74451320529326,46.802623877657545],[-83.74438450529057,46.802937277713276],[-83.74427690531283,46.80339887779057],[-83.74427550531388,46.803410877792466],[-83.7441163054289,46.80476367800996],[-83.74403900548481,46.80542057811559],[-83.74392790549712,46.805810478181975],[-83.74377540549189,46.8061647782454],[-83.74352090545986,46.80656687832199],[-83.7434338054423,46.80665037833988],[-83.74314570538418,46.806926878399096],[-83.74285700532258,46.8071767784543],[-83.74228890519349,46.807604378553],[-83.74190100511372,46.80796467863087],[-83.74169180507953,46.80823067868393],[-83.7415468050634,46.8084772787303],[-83.7412318050564,46.809240678866026],[-83.7405717051022,46.811332979226286],[-83.74018220512937,46.812568779439],[-83.74013730513394,46.81272277946528],[-83.73978940513202,46.81361307962249],[-83.73965860512261,46.81387727967071],[-83.73952830510409,46.8140658797073],[-83.73951890510276,46.81407907970983],[-83.73948760509828,46.81412437971861],[-83.73914870502632,46.8144204797838],[-83.73873150493064,46.81472737985518],[-83.73838630484124,46.81489767990133],[-83.7377797046701,46.815083179965015],[-83.73741670456401,46.815163879998394],[-83.73684290438783,46.81522248004066],[-83.73624160419962,46.815255080080426],[-83.73529710389957,46.81526988013732],[-83.73514120385006,46.81527238014671],[-83.7345931036809,46.81532138018596],[-83.73208660294048,46.81581598040707],[-83.73173750283735,46.81588468043782],[-83.73148830275915,46.81589688045413],[-83.73059980248033,46.815938780511935],[-83.73001300230001,46.81599778055498],[-83.72656480125815,46.816489080829975],[-83.72599120108484,46.81657078087572],[-83.7257825010209,46.816593680891344],[-83.72542800090642,46.81658418091036],[-83.72471720067247,46.81652908094297],[-83.72451930060909,46.81652788095424],[-83.72441560057585,46.81652728096012],[-83.72373670036525,46.81657968100748],[-83.72304850016164,46.81671278106778],[-83.72279020008315,46.81674638108788],[-83.72271020005891,46.81675688109409],[-83.7221725998875,46.816760781125794],[-83.72122719957096,46.81664358116239],[-83.72121349956636,46.81664188116295],[-83.72119379955977,46.81663948116368],[-83.72117819955456,46.816637481164264],[-83.72107759952083,46.81662468116814],[-83.72097769948823,46.816619281173054],[-83.72103449968424,46.81806908139299],[-83.72101269967837,46.8180780813956],[-83.7219098045663,46.8555346871055],[-83.7219646048652,46.85782258745402],[-83.72251590787472,46.88083969095895],[-83.72051380724902,46.88095929109327],[-83.72051080741598,46.88232239130282],[-83.72050810756656,46.883551991491814],[-83.72050650765635,46.88428469160446],[-83.72050600768614,46.88452779164187],[-83.72060480772356,46.88457499164337],[-83.72085340780126,46.884560091626696],[-83.72111250787565,46.884490991601055],[-83.72149540800362,46.88453579158577],[-83.72176260810052,46.88462849158452],[-83.7220018081841,46.884685791579486],[-83.72252040836624,46.88481739156965],[-83.72279840846097,46.88486479156086],[-83.72323740861563,46.88498039155314],[-83.7235435087238,46.885063091548126],[-83.72382390882487,46.88515539154606],[-83.72400160889894,46.88529519155724],[-83.72416710897133,46.88545319157191],[-83.72433630905381,46.885683191597415],[-83.7243590090843,46.88587159162505],[-83.72432780909433,46.88603439165186],[-83.72428310909903,46.88618839167812],[-83.72423800910252,46.88633349170301],[-83.72415350909347,46.886479491730285],[-83.72401520906404,46.88659979175682],[-83.72383890902589,46.88674799178975],[-83.72360930896862,46.88687939182328],[-83.72341850892258,46.88700099185301],[-83.72330690890276,46.887129591879194],[-83.72334090893236,46.887281791900605],[-83.72343990898148,46.88742349191661],[-83.72354980902853,46.88751979192504],[-83.72370500910434,46.887732091948685],[-83.72382890915804,46.88784619195899],[-83.72394200921381,46.8880054919769],[-83.72404060926172,46.888138091991586],[-83.72417540931332,46.88820689199436],[-83.72437300937821,46.888220191984914],[-83.72451850942764,46.8882436919801],[-83.72467820948378,46.88828489197718],[-83.7248939095666,46.888396791981855],[-83.72519370968932,46.88861459199795],[-83.72545190979339,46.88878849200969],[-83.72571110989995,46.888980292024115],[-83.72590100997564,46.88910179203181],[-83.72617141008135,46.889257292040014],[-83.72658211025364,46.88958949206724],[-83.72670561030614,46.88969459207621],[-83.72693761040185,46.88986899208954],[-83.72715791049723,46.89007079210777],[-83.72741981061128,46.89031649213034],[-83.7275989106891,46.890483192145574],[-83.72789191079308,46.89056629214132],[-83.72835771095738,46.89069009213333],[-83.72865341106885,46.89082709213725],[-83.7290125111949,46.890917492130335],[-83.7294959113758,46.89113099213509],[-83.72993681153552,46.891282392132794],[-83.73025931165664,46.891427692136396],[-83.7306641118127,46.891643092146026],[-83.73097161192455,46.89175269214505],[-83.73137411207433,46.891923092147906],[-83.73168341219126,46.89206869215232],[-83.7319226122748,46.89212599214725],[-83.73218761236545,46.89217369213923],[-83.73245441246114,46.892257292136605],[-83.73272221255935,46.89235889213669],[-83.73308121268535,46.89244929212973],[-83.73338691279218,46.892522992123354],[-83.733811512939,46.892611792112405],[-83.73420861307372,46.89267439209899],[-83.7347132132492,46.89278829208721],[-83.73500671335442,46.89288029208438],[-83.73530791344882,46.89286409206442],[-83.73581601360208,46.8927888920234],[-83.73644591380281,46.89278289198599],[-83.73677691391549,46.89283789197523],[-83.73699981398612,46.8928325919615],[-83.73731221407957,46.89278009193535],[-83.7375591141523,46.892729191913205],[-83.73791631427329,46.89278369190091],[-83.73822611439141,46.89293819190668],[-83.7384423144755,46.89305909191266],[-83.73859211453632,46.893163491920006],[-83.73872781459042,46.893250191925446],[-83.73881061462662,46.89332919193281],[-83.73892001467243,46.893416591939875],[-83.7389214146762,46.893443591943935],[-83.73880711464882,46.89351829196203],[-83.73856481458871,46.8936590919977],[-83.73836411454732,46.89384389203771],[-83.7383335145587,46.894015592065834],[-83.7383033145713,46.89419629209532],[-83.7382803145718,46.8942598921064],[-83.73808581457894,46.89482249220406],[-83.73797331455661,46.894933192227555],[-83.73791141454588,46.89500669224242],[-83.73789291455887,46.895160092267076],[-83.73804491462595,46.8953094922812],[-83.73828971472464,46.89547459229236],[-83.73870851488732,46.89570759230383],[-83.7389356149693,46.895783092302246],[-83.73909571502672,46.8958332923007],[-83.73923091507957,46.895911092304786],[-83.7395362151852,46.89597579229702],[-83.73963211522559,46.896054492303556],[-83.73985731530252,46.89609409229656],[-83.74008261537948,46.89613369228957],[-83.74055191552158,46.89606839225238],[-83.74120161571305,46.895935892194366],[-83.74175761587036,46.895769492136594],[-83.7420181159485,46.89572729211502],[-83.74221251600456,46.89567759209615],[-83.74258861611375,46.89558759206052],[-83.74293761621217,46.895480292023805],[-83.74327531631141,46.8954091919933],[-83.74365151642066,46.89531919195767],[-83.7440019165228,46.89523869192503],[-83.74438081663956,46.895202691897516],[-83.74483651677618,46.89512869185975],[-83.74525521690667,46.89510069183119],[-83.74546411697068,46.895077691815544],[-83.74586961709696,46.895049891787785],[-83.74609261716763,46.89504459177403],[-83.7462621172191,46.8950224917608],[-83.74648411728725,46.89499919174435],[-83.74656051730592,46.89495239173274],[-83.7466369173246,46.894905491721126],[-83.74671051733571,46.89480479170138],[-83.74686281737173,46.89470209167677],[-83.74703051741824,46.89464409165819],[-83.74727871749465,46.894620091640114],[-83.74765851761391,46.894601991615275],[-83.74801531773362,46.89464739160158],[-83.7482677178214,46.89470439159569],[-83.74860151794164,46.894813291593024],[-83.74894931806851,46.894939991592324],[-83.74918761814955,46.894979191584525],[-83.74933421820157,46.8950206915824],[-83.74963141831688,46.89518459159034],[-83.74988191839957,46.89520549157902],[-83.75012021848063,46.895244791571265],[-83.75043861859045,46.895309191562674],[-83.7506746186652,46.89530349154808],[-83.75084471871799,46.89529039153621],[-83.75113271880817,46.895274491517085],[-83.7514465189054,46.89524889149495],[-83.75166521896472,46.895162691469025],[-83.75183291901119,46.895104591450405],[-83.75200531907028,46.8951364914453],[-83.75234851918457,46.89517319143105],[-83.75263741927722,46.89517529141463],[-83.75285901934413,46.89514289139681],[-83.75302901939685,46.895129791384896],[-83.75319991945211,46.89513469137575],[-83.75331561948329,46.89508699136175],[-83.75338021950151,46.895067391354964],[-83.75365241957996,46.894997791328514],[-83.75385051964611,46.89502009132041],[-83.75395721968437,46.895053491319366],[-83.75416931975712,46.89509339131319],[-83.75430181980245,46.895117191309154],[-83.75445961985352,46.89512239130084],[-83.75461511989836,46.89508269128574],[-83.75477071994324,46.895042891270585],[-83.75489761997348,46.894958891250305],[-83.75513462005077,46.894971191238476],[-83.7555031201709,46.89498929121987],[-83.75583232027854,46.89500829120371],[-83.75605712035419,46.89503889119537],[-83.75625652042407,46.89508809119134],[-83.75638952047068,46.8951208911887],[-83.75653612052268,46.89516239118658],[-83.7567491205979,46.89522019118307],[-83.75680342061955,46.895254891185274],[-83.75689932065995,46.89533359119173],[-83.75698082069248,46.895385691195024],[-83.75700792070323,46.89540299119613],[-83.75703512071411,46.89542029119717],[-83.75706222072492,46.89543769119832],[-83.75710252073989,46.89545469119855],[-83.75717132076949,46.89551609120397],[-83.75723872079526,46.89555039120536],[-83.75727942081147,46.89557649120701],[-83.75732012082777,46.895602491208656],[-83.7573880208548,46.89564579121131],[-83.7574427208777,46.89568949121488],[-83.75749702089935,46.89572419121703],[-83.75752462091144,46.89575049121945],[-83.75760562094264,46.89579359122141],[-83.75768612097261,46.89582759122193],[-83.75774042099424,46.89586229122413],[-83.75780832102129,46.89590569122682],[-83.75793002106877,46.895974791230394],[-83.75797122108625,46.89600979123341],[-83.75801242110377,46.896044791236356],[-83.75806622112414,46.89607049123716],[-83.75810692114035,46.89609649123884],[-83.7581743211662,46.896130891240205],[-83.75826842120152,46.89617359124129],[-83.75830872121654,46.89619059124153],[-83.75841822126236,46.89627799124864],[-83.75863262134139,46.89636279124917],[-83.75870012136723,46.896397191250564],[-83.75875342138634,46.896413891250035],[-83.75883212141129,46.896411991245195],[-83.7588846214279,46.89641069124195],[-83.75895012144865,46.896409091237885],[-83.75904152147649,46.89639789123086],[-83.7590939214931,46.896396691227636],[-83.75918572152221,46.896394491222],[-83.7592639215459,46.89638359121577],[-83.75932952156666,46.896381991211705],[-83.7594082215916,46.89638009120687],[-83.75953842163064,46.89635889119608],[-83.75961662165433,46.89634809118985],[-83.75968212167503,46.89634649118585],[-83.75973462169169,46.896345191182576],[-83.75985222172785,46.89633339117398],[-83.75993082175277,46.8963314911691],[-83.760035721786,46.896328891162604],[-83.76019262183459,46.896316191151584],[-83.76025772185413,46.89630559114618],[-83.76033592187777,46.89629469113998],[-83.76045352191393,46.89628289113132],[-83.76057152195129,46.89627999112406],[-83.76067602198331,46.89626849111618],[-83.76076682200987,46.89624829110781],[-83.76089802205145,46.89624509109976],[-83.76100192208214,46.89622459109056],[-83.76110642211411,46.896213091082714],[-83.76147222222674,46.89617729105603],[-83.76153732224623,46.89616669105063],[-83.76164082227572,46.89613719104011],[-83.761731222301,46.89610799103036],[-83.7618216223263,46.89607889102065],[-83.76192462235451,46.89604039100881],[-83.762028222384,46.89601089099822],[-83.76213032240966,46.89595439098367],[-83.76225912244496,46.895906290968796],[-83.76234902246897,46.8958680909577],[-83.76245262249844,46.8958385909472],[-83.76253172252468,46.8958456909437],[-83.76262302255246,46.895834490936664],[-83.76272792258574,46.895831990930205],[-83.76287262263267,46.89583749092265],[-83.76300382267424,46.89583429091455],[-83.76309512270207,46.89582309090754],[-83.76316112272409,46.895830490904856],[-83.76326602275734,46.89582799089839],[-83.76335692278388,46.89580779089002],[-83.76342252280469,46.89580619088595],[-83.763578922852,46.89578439087352],[-83.76367022287982,46.8957731908665],[-83.76378732291472,46.895752390856565],[-83.76386512293713,46.895732490848935],[-83.76396862296663,46.89570299083843],[-83.76405942299318,46.89568279083006],[-83.76415032301975,46.89566259082171],[-83.7642267230384,46.895615790810076],[-83.7642895230516,46.89556029079797],[-83.76439162307733,46.89550379078332],[-83.76446752309468,46.895447990770386],[-83.76456912311907,46.895382490754415],[-83.764644123134,46.89530869073876],[-83.76478102315957,46.89516139070816],[-83.76486952317984,46.895096290693076],[-83.76493232319308,46.89504069068089],[-83.76500912321298,46.89500289067061],[-83.76508552323163,46.894955990659],[-83.7651876232573,46.894899590644414],[-83.76529072328553,46.89486109063252],[-83.76537972330705,46.894804890618765],[-83.76543072331987,46.894776690611465],[-83.7655343233494,46.89474719060093],[-83.76559842336636,46.89471869059286],[-83.76566352338585,46.894708090587464],[-83.76574132340832,46.89468819057984],[-83.76581952343194,46.89467729057363],[-83.76591042345855,46.89465709056527],[-83.76598862348223,46.89464619055906],[-83.76607992351,46.894634990552085],[-83.76617122353784,46.89462379054505],[-83.76622372355449,46.89462249054179],[-83.76630282358066,46.89462959053829],[-83.76639512361103,46.89463639053397],[-83.76646062363173,46.89463479052992],[-83.76653932365669,46.89463289052509],[-83.76659222367456,46.89464059052322],[-83.76667132370073,46.894647690519676],[-83.76677672373525,46.8946541905146],[-83.7670155238176,46.89470239050813],[-83.76717612387621,46.89476149050787],[-83.7672693239091,46.89478619050628],[-83.7673227239282,46.89480289050576],[-83.76739012395406,46.894837290507084],[-83.76744342397315,46.894853990506554],[-83.76748422398943,46.894879990508215],[-83.76752542400692,46.894914990511175],[-83.76755342402022,46.89495039051498],[-83.76759512403899,46.89499429051927],[-83.76762322405234,46.895029690523096],[-83.76765222406819,46.89508299052962],[-83.76766712407735,46.89511859053423],[-83.76768352409032,46.89518119054284],[-83.76769892410073,46.89522579054883],[-83.76772792411664,46.89527909055532],[-83.76778362414203,46.89534079056156],[-83.76783842416492,46.89538439056504],[-83.76787962418248,46.89541939056805],[-83.7679339242041,46.89545409057025],[-83.76809542426527,46.89553119057268],[-83.7682026243048,46.895573590572965],[-83.76829582433766,46.89559839057138],[-83.76836182435967,46.89560579056871],[-83.76844142438709,46.89562179056649],[-83.76853412441874,46.89563759056357],[-83.7686132244449,46.89564469056006],[-83.76873222448481,46.89565979055546],[-83.76881182451224,46.89567589055331],[-83.76894482455884,46.895708690550656],[-83.769023924585,46.89571569054715],[-83.76907642460162,46.895714490543924],[-83.76916912463324,46.89573019054096],[-83.76927492466896,46.895745690537154],[-83.76934052468977,46.89574409053314],[-83.76939342470767,46.89575179053123],[-83.76947252473383,46.89575889052774],[-83.76955172475999,46.895765990524225],[-83.76965752479576,46.89578139052044],[-83.76975212483241,46.895833090522935],[-83.76981992485942,46.89587649052563],[-83.76986302488197,46.89594739053398],[-83.76990512490195,46.89600039053971],[-83.7699463249195,46.89603539054265],[-83.77002772495196,46.89608739054595],[-83.77012192498735,46.89613009054704],[-83.77021462501891,46.896145890544055],[-83.77030822505303,46.89617959054382],[-83.77040052508339,46.8961863905395],[-83.7704398250958,46.89618539053706],[-83.77051622511446,46.89613859052545],[-83.77058082513274,46.8961189905187],[-83.77061922514268,46.89610009051354],[-83.77067122515803,46.896089790508945],[-83.77072362517465,46.89608859050575],[-83.77080232519961,46.89608669050085],[-83.77086702521788,46.89606709049413],[-83.77095742524315,46.896037890484365],[-83.77106132527385,46.89601739047525],[-83.77109972528379,46.895998490470085],[-83.77116352529958,46.89596089046062],[-83.77120142530825,46.89593299045413],[-83.77130262533144,46.89585859043687],[-83.77139112535164,46.89579339042173],[-83.77151672537816,46.89568239039742],[-83.7715664253872,46.895627190386044],[-83.77168872540483,46.89545319035222],[-83.77172532540979,46.89539829034166],[-83.77177682542387,46.89537909033574],[-83.77189392545876,46.895358190325744],[-83.77198522548653,46.895346990318714],[-83.77206342551021,46.89533609031251],[-83.77212762552722,46.89530759030442],[-83.7722035255446,46.89525169029143],[-83.7723065255728,46.895213190279584],[-83.7723852255977,46.8952112902747],[-83.77246482562514,46.89522739027254],[-83.77259732567047,46.89525119026851],[-83.77270312570623,46.89526659026473],[-83.77279592573787,46.8952823902618],[-83.77284922575697,46.89529909026126],[-83.7729288257844,46.89531519025911],[-83.77316722586548,46.89535439025129],[-83.77327352590247,46.89537879024889],[-83.7733662259341,46.89539459024591],[-83.77348472597272,46.89540069023998],[-83.7736027260101,46.89539779023267],[-83.77369492604046,46.89540459022836],[-83.77382652608325,46.895410390221656],[-83.77392962611144,46.89537189020976],[-83.77401952613553,46.89533369019867],[-83.7740696261458,46.89528749018868],[-83.7740940261491,46.89525089018161],[-83.77416942616523,46.895186090167336],[-83.77424532618254,46.89513019015434],[-83.77430722619333,46.89505669013948],[-83.77438492621569,46.89503689013191],[-83.77446312623938,46.89502599012569],[-83.7745544262672,46.89501479011867],[-83.77469782631042,46.894993290107045],[-83.77475022632697,46.89499199010385],[-83.77486872636567,46.89499809009787],[-83.7749352263889,46.895014490096585],[-83.77500122641092,46.89502189009384],[-83.77510752644797,46.89504629009145],[-83.77520022647953,46.89506209008846],[-83.77527982650697,46.89507819008636],[-83.77537302653987,46.89510289008472],[-83.77542592655769,46.89511059008281],[-83.7755195265918,46.895144290082555],[-83.77582672670248,46.89524489008018],[-83.77589322672577,46.89526129007881],[-83.77599952676282,46.895285690076406],[-83.77607912679022,46.895301690074284],[-83.77611892680392,46.89530979007315],[-83.77613202680807,46.89530949007239],[-83.77617182682182,46.89531749007127],[-83.77623742684263,46.89531589006722],[-83.77630292686331,46.895314290063205],[-83.77636802688285,46.895303690057816],[-83.77648562691901,46.895291890049144],[-83.77656382694263,46.89528099004292],[-83.776656026973,46.895287690038614],[-83.77677412701043,46.89528489003135],[-83.77690432704944,46.895263690020535],[-83.77696892706767,46.8952441900138],[-83.77704712709136,46.895233290007575],[-83.77713892712043,46.89523099000189],[-83.77720542714373,46.89524739000054],[-83.77727192716696,46.89526378999919],[-83.77735242719693,46.89529778999977],[-83.77740672721858,46.895332490001955],[-83.77744702723358,46.895349490002204],[-83.77748822725107,46.8953844900052],[-83.777542927274,46.89542819000873],[-83.7775837272902,46.89545419001032],[-83.77765062731478,46.89547959001036],[-83.7777190273431,46.89553189001442],[-83.77780002737433,46.89557499001629],[-83.77786692739883,46.895600290016304],[-83.77795972743047,46.89561609001337],[-83.7780261274537,46.89563249001203],[-83.7781062274824,46.89565749001121],[-83.77819992751657,46.89569119001095],[-83.77830662755481,46.8957245900099],[-83.77836092757646,46.895759290012045],[-83.77844102760517,46.895784390011265],[-83.77854682764092,46.89579979000747],[-83.77866672768332,46.89583289000557],[-83.77877252771908,46.895848290001815],[-83.77885212774652,46.8958643899997],[-83.7789186277698,46.89588078999835],[-83.77898472779184,46.89588818999565],[-83.77906382781799,46.89589518999212],[-83.77916962785378,46.89591068998837],[-83.7792492278812,46.895926689986155],[-83.77932882790861,46.89594278998406],[-83.77942162794027,46.895958589981085],[-83.77951382797056,46.89596528997678],[-83.77963232800924,46.89597138997078],[-83.77971192803668,46.89598748996867],[-83.77980512806953,46.89601218996704],[-83.77988522809824,46.896037289966266],[-83.77997882813233,46.89607098996597],[-83.780099128176,46.89611308996548],[-83.78019332821142,46.896155789966556],[-83.78028692824549,46.89618948996631],[-83.78035432827133,46.896223889967686],[-83.78040862829297,46.896258589969804],[-83.78046202831212,46.89627528996928],[-83.78051542833126,46.89629198996875],[-83.78056882835037,46.896308689968215],[-83.78066202838325,46.896333389966635],[-83.7807556284173,46.896367089966326],[-83.78082262844187,46.89639248996636],[-83.7808900284677,46.89642678996771],[-83.78095702849225,46.89645218996775],[-83.7809977285085,46.89647818996936],[-83.781064628533,46.89650358996933],[-83.78125432860756,46.896615989975594],[-83.78138822865662,46.89666668997561],[-83.78148232869201,46.89670938997668],[-83.78156282872193,46.89674348997722],[-83.78167052876272,46.89679488997888],[-83.78180542881438,46.896863589981585],[-83.78185882883353,46.896880289981034],[-83.78191172885136,46.89688798997917],[-83.78197772887339,46.896895389976514],[-83.78205642889834,46.89689348997161],[-83.78210982891748,46.89691018997109],[-83.78224142896026,46.896915989964334],[-83.78232052898642,46.8969229899608],[-83.78242682902346,46.89694748995838],[-83.78253312906045,46.89697188995599],[-83.78259872908126,46.89697028995192],[-83.78269142911283,46.896985989948945],[-83.78287642917473,46.89700848994167],[-83.78304732923,46.89701338993252],[-83.78316532926742,46.89701048992521],[-83.7832707293019,46.897016889920074],[-83.78344162935717,46.89702178991094],[-83.78355922939332,46.89700988990228],[-83.78371652944311,46.897006089892564],[-83.78380832947218,46.897003789886874],[-83.78393902951248,46.89699168987745],[-83.78405612954737,46.8969707898674],[-83.7841474295752,46.8969595898604],[-83.78423822960174,46.896939389851994],[-83.78434172963115,46.89690988984148],[-83.78445742966227,46.89686198982746],[-83.78454692968508,46.89681488981501],[-83.78464902971075,46.896758389800375],[-83.78472202972964,46.89672238979065],[-83.78472582973059,46.896720489790134],[-83.78486822977129,46.89668108977581],[-83.7849853298061,46.896660189765846],[-83.78507572983145,46.89663098975609],[-83.78516702985928,46.896619789749096],[-83.78523212987875,46.89660918974369],[-83.78528502989664,46.89661688974177],[-83.78537682992572,46.896614689736126],[-83.78544282994775,46.89662208973344],[-83.78564233001762,46.89667118972937],[-83.78576313006255,46.89672228973018],[-83.78592233011742,46.89675438972588],[-83.78600293014738,46.89678838972644],[-83.78606943017066,46.8968047897251],[-83.7861879302093,46.89681088971915],[-83.78624083022719,46.896818589717235],[-83.78634663026294,46.89683398971345],[-83.78645203029745,46.896840489708374],[-83.78654473032901,46.89685618970541],[-83.7865976303469,46.896863889703475],[-83.78669033037848,46.896879689700555],[-83.78678263040882,46.8968863896962],[-83.78687583044166,46.896911089694555],[-83.7869821304787,46.89693558969214],[-83.78707393050777,46.89693328968651],[-83.78717883054101,46.89693078968],[-83.78724393056049,46.89692018967459],[-83.78732213058419,46.89690928966844],[-83.78743873061777,46.896879389657045],[-83.78749023063186,46.89686018965113],[-83.78755493065012,46.89684058964433],[-83.78760543066166,46.89680338963568],[-83.78765603067325,46.89676608962705],[-83.78771973068898,46.89672858961758],[-83.78775723069643,46.89669168960976],[-83.78785983072336,46.89664418959651],[-83.78792393074036,46.89661558958841],[-83.78801433076563,46.896586389578694],[-83.7880790307839,46.8965667895719],[-83.78813053079799,46.89654758956597],[-83.78823443082867,46.8965270895568],[-83.78837683086934,46.8964875895425],[-83.78848033089882,46.89645808953193],[-83.78857023092283,46.89641988952083],[-83.78864753094396,46.896390989511964],[-83.78872433096387,46.89635308950169],[-83.78881433098795,46.8963148894906],[-83.78889203101029,46.89629498948299],[-83.78901003104767,46.89629218947577],[-83.78911583108344,46.89630758947198],[-83.78923433112206,46.89631368946599],[-83.78939073116942,46.8962918894536],[-83.78949383119762,46.896253389441696],[-83.7895448312104,46.8962250894344],[-83.78959593122327,46.896196889427074],[-83.78967223124187,46.896149989415484],[-83.78976313126842,46.896129789407105],[-83.78985393129497,46.89610958939875],[-83.78995843132697,46.896097989390896],[-83.79006283135892,46.89608648938305],[-83.79040233146313,46.89605118935796],[-83.7905058314926,46.896021689347435],[-83.790583631515,46.89600178933982],[-83.79064873153447,46.89599118933442],[-83.79075123156142,46.895943689321186],[-83.79084123158547,46.895905489310096],[-83.79090583160367,46.895885889303365],[-83.79106223165105,46.895864089290924],[-83.79112823167306,46.895871489288254],[-83.79123313170628,46.895868889281736],[-83.7913657317516,46.895892689277716],[-83.79152443180524,46.895915789272],[-83.79156373181766,46.89591488926961],[-83.79161623183427,46.89591358926636],[-83.79169533186048,46.89592068926286],[-83.7917871318895,46.89591838925717],[-83.79186583191445,46.895916489252336],[-83.79193093193399,46.895905889246926],[-83.79202173196049,46.89588568923851],[-83.79209953198294,46.89586578923097],[-83.79220353201363,46.895845289221775],[-83.7922952320427,46.895842989216085],[-83.79238703207174,46.89584078921043],[-83.79250553211044,46.895846889204506],[-83.79259923214454,46.895880589204246],[-83.79263993216077,46.89590658920586],[-83.79270733218655,46.89594098920724],[-83.79277573221492,46.89599328921128],[-83.79281743223368,46.896037289215606],[-83.792885732262,46.89608958921967],[-83.7929129322728,46.896106889220704],[-83.7929808322999,46.89615028922346],[-83.79310163234483,46.89620128922426],[-83.79315503236398,46.896217989223715],[-83.79320883238434,46.89624368922452],[-83.79327533240763,46.896260089223176],[-83.7933545324338,46.89626708921967],[-83.79347343247369,46.89628218921507],[-83.7935526324999,46.89628928921159],[-83.7936448325302,46.89629598920723],[-83.7937638325701,46.89631108920268],[-83.79382983259212,46.896318489199935],[-83.7939221326225,46.89632528919568],[-83.79400213265119,46.89635028919485],[-83.79408223267988,46.89637538919401],[-83.79417493271146,46.89639108919105],[-83.79426863274561,46.8964247891908],[-83.79437543278387,46.89645818918973],[-83.79444233280842,46.89648358918971],[-83.79450983283425,46.8965178891911],[-83.79460393286958,46.89656058919217],[-83.79468493290081,46.89660358919408],[-83.79476593293204,46.896646589195974],[-83.79484653296203,46.89668068919652],[-83.79503613303653,46.896792989202744],[-83.79518553309609,46.896888389208684],[-83.79523893311523,46.89690508920815],[-83.7953199331464,46.896948089210035],[-83.79538643316971,46.89696448920867],[-83.79543983318887,46.89698118920815],[-83.795493233208,46.896997889207626],[-83.79554703322836,46.897023489208436],[-83.795599533245,46.8970222892052],[-83.79573153328901,46.89703698919975],[-83.79581113331645,46.89705308919764],[-83.79587723333853,46.8970604891949],[-83.7961689334387,46.897116289186556],[-83.79620833345116,46.897115389184115],[-83.79626123346905,46.897123089182244],[-83.7963792335064,46.89712018917492],[-83.79647053353422,46.89710898916793],[-83.79653663355624,46.897116389165184],[-83.79670803361275,46.897130189157394],[-83.79679933364056,46.89711888915031],[-83.79686533366258,46.89712628914766],[-83.79702453371743,46.897158389143314],[-83.79714253375487,46.89715548913606],[-83.79719503377147,46.89715428913277],[-83.79727413379763,46.897161289129286]]]},"properties":{"OGF_ID":800517558,"BEAR_MANAGEMENT_IDENT":"SS-35-042","BEAR_MANAGEMENT_IDENT_SX":1,"LOCATION_ACCURACY":"Within 100 metres","LOCATION_DESCR":null,"VERIFICATION_STATUS_FLG":"Verified","VERIFICATION_STATUS_DATE":893635200000,"BUSINESS_EFF_DATE_FLG":"Estimated","BUSINESS_EFFECTIVE_DATE":893635200000,"BUSINESS_EXPIRY_DATE":null,"SYSTEM_CALCULATED_AREA":243997443.097,"SYSTEM_CALCULATED_LENGTH":92033.8,"GEOMETRY_UPDATE_DATETIME":1364214776000,"EFFECTIVE_DATETIME":1368091019000,"OBJECTID":108769}}]}