{"type":"FeatureCollection","name":"ORWN Track","features":[{"type":"Feature","id":40241,"geometry":{"type":"LineString","coordinates":[[-84.21182967339143,46.95506887374906],[-84.21212327346362,46.954897873705754],[-84.21317727372077,46.954268873547754],[-84.21332027375429,46.954172873524726],[-84.21342827377856,46.95409187350598],[-84.21355427380534,46.953984873482234],[-84.21364727382382,46.95389587346316],[-84.21371227383577,46.9538258734487],[-84.21381027385206,46.953706873424785],[-84.21387927386162,46.953607873405595],[-84.21394027386842,46.95350687338662],[-84.21399427387256,46.95340287336756],[-84.21403927387372,46.95329787334892],[-84.21407827387286,46.953191873330454],[-84.21410627386821,46.95308387331232],[-84.21412727386124,46.95297487329446],[-84.2141402738482,46.952837873272806],[-84.21413727383339,46.95272787325619],[-84.21412727381653,46.952618873240205],[-84.21410027379085,46.95248287322101],[-84.21406027376126,46.95234887320296],[-84.214008273728,46.952215873185736],[-84.21394227369075,46.952086873169925],[-84.21387827365778,46.95198687315841],[-84.21380727362286,46.95188887314766],[-84.21372727358539,46.9517938731379],[-84.2136412735464,46.95170187312893],[-84.21352327349486,46.95159087311895],[-84.21342027345162,46.95150787311233],[-84.2132812733947,46.95140787310528],[-84.21313427333617,46.951314873099776],[-84.2130412733,46.951262873097264],[-84.21294427326306,46.95121487309567],[-84.21284527322568,46.95116887309447],[-84.21274327318766,46.95112487309376],[-84.21263927314921,46.951082873093476],[-84.21249927309803,46.95103087309381],[-84.21213927296805,46.95090987309655],[-84.21177927283831,46.95079087309956],[-84.21138327269557,46.95065987310293],[-84.21105927257858,46.95055087310536],[-84.21070227244917,46.950426873107425],[-84.21041527234458,46.9503228731085],[-84.21006427221624,46.95019187310916],[-84.20897927181848,46.949779873110124],[-84.20831827157633,46.94952987311092],[-84.20786327140966,46.94935787311149],[-84.20751227128115,46.949225873112006],[-84.20730027120403,46.94914987311285],[-84.2071192711389,46.949090873114535],[-84.2069712710864,46.94904887311683],[-84.20678227102064,46.949004873121254],[-84.20662727096757,46.94897587312596],[-84.20646827091423,46.94895487313212],[-84.2062692708485,46.948936873141065],[-84.20598827075793,46.9489288731564],[-84.20510727047642,46.948924873207595],[-84.20435827023795,46.94892787325215],[-84.20396527011191,46.94892187327434],[-84.20369927002555,46.94890987328819],[-84.2033482699067,46.94885487330041],[-84.20308026981432,46.94879987330783],[-84.20281626972202,46.94873487331345],[-84.20263226965676,46.94868287331635],[-84.20241426957861,46.94861387331866],[-84.20216626948836,46.94852487331967],[-84.20202826943746,46.94846987331937],[-84.20182226936087,46.94838287331821],[-84.20169026931097,46.948320873316554],[-84.20156026926148,46.948256873314435],[-84.20143426921287,46.94818987331162],[-84.20131126916489,46.94811987330819],[-84.20119126911754,46.948047873304226],[-84.20104526905922,46.94795387329849],[-84.20087926899137,46.94783487329011],[-84.20077526894778,46.94775187328355],[-84.20067726890562,46.94766487327604],[-84.20058626886544,46.94757587326785],[-84.20050226882685,46.94748187325841],[-84.20049236882205,46.947468973257024],[-84.20040926878201,46.94736087324545],[-84.20034426874874,46.94726087323404],[-84.20030126872535,46.94718387322478],[-84.20026326870344,46.947105873215136],[-84.20023026868303,46.94702687320501],[-84.20019426865822,46.94692087319094],[-84.20015626862569,46.94675787316832],[-84.20014326860783,46.94664887315244],[-84.2001382685926,46.946539873136174],[-84.20014426858069,46.94642987311903],[-84.20015726857119,46.94632087310162],[-84.2001882685606,46.94615787307493],[-84.20026826854543,46.94583387302076],[-84.2003162685371,46.94564487298911],[-84.2003712685275,46.9454288729529],[-84.20040126852011,46.94529387293055],[-84.20041626851476,46.94521287291733],[-84.20043526850364,46.94507587289526],[-84.20044226849218,46.944966872878254],[-84.20044226847837,46.94485687286147],[-84.20043426846217,46.94474787284532],[-84.2004202684439,46.94463787282935],[-84.20040226842448,46.94452887281376],[-84.20037126839766,46.94439387279498],[-84.20034026837087,46.9442588727762],[-84.20030626834307,46.94412387275762],[-84.20027826831709,46.9439878727385],[-84.2002452682861,46.943824872715595],[-84.20020626824649,46.94360787268475],[-84.20019126822801,46.943498872669004],[-84.20018226821138,46.943388872652804],[-84.20017926819686,46.943280872636485],[-84.20018026818703,46.94319987262404],[-84.20018726817895,46.94311787261115],[-84.20020326816713,46.94298287258961],[-84.20023326815962,46.94284687256703],[-84.20026226815533,46.942738872548894],[-84.20028826815357,46.942658872535134],[-84.20032926815335,46.942552872516536],[-84.20037726815548,46.942447872497745],[-84.20046126816297,46.94229387246927],[-84.20058326817652,46.94209187243128],[-84.20072326819273,46.94186487238839],[-84.2008952682128,46.94158787233603],[-84.2009902682242,46.941436872307385],[-84.20106926823344,46.941309872283355],[-84.20114626824204,46.941182872259446],[-84.20126326825368,46.94097787222125],[-84.2013272682578,46.94084787219769],[-84.2013732682593,46.94074287217894],[-84.20141426825903,46.94063687216033],[-84.2014492682568,46.940529872141994],[-84.20148726825201,46.94039487211915],[-84.20151126824598,46.9402858721011],[-84.20153326823595,46.940149872079054],[-84.20154926822369,46.94001187205707],[-84.20155326821123,46.93990187204004],[-84.20155126819687,46.93979287202352],[-84.20154126817654,46.93965587200319],[-84.2015162681446,46.93946487197549],[-84.20147826810526,46.939247871944644],[-84.20143126805604,46.938974871905764],[-84.20138926801181,46.938728871870694],[-84.20135026797207,46.93851087183968],[-84.20130626792745,46.93826687180503],[-84.2012532678695,46.93793987175827],[-84.20120426781288,46.937612871711224],[-84.20115426774893,46.93722987165572],[-84.20111926770014,46.936929871612],[-84.20109626766533,46.93671087157993],[-84.20107326762717,46.93646487154372],[-84.2010462675772,46.93613487149493],[-84.20101726751643,46.93572387143392],[-84.20099826747601,46.935449871393224],[-84.20099126745663,46.93531287137273],[-84.20098626743767,46.935174871351975],[-84.20098726741769,46.9350128713272],[-84.20099726740374,46.93487587130565],[-84.20101926739045,46.93471387127965],[-84.2010772673748,46.934441871234725],[-84.20114926736045,46.934143871185015],[-84.20123426734351,46.93379287112643],[-84.20133326732447,46.93338887105893],[-84.2013613673195,46.93327777104035],[-84.20137426731723,46.9332268710318],[-84.20140926731132,46.933090871008986],[-84.2014492673073,46.93295687098618],[-84.20149926730654,46.93282387096293],[-84.20156626730798,46.93266487093471],[-84.20162626731435,46.93256287091565],[-84.2016942673235,46.932462870896344],[-84.20176926733524,46.932365870877156],[-84.20185426735057,46.932271870857825],[-84.2019212673634,46.93220387084349],[-84.20199426737852,46.932138870829284],[-84.20207026739476,46.93207487081503],[-84.20215126741292,46.932013870800944],[-84.20223626743275,46.931955870787114],[-84.20238426746839,46.93186387076439],[-84.20253826750645,46.93177587074188],[-84.20272626755366,46.93167387071523],[-84.20294626760897,46.9315558706843],[-84.20326126768835,46.93138787064015],[-84.20351726775309,46.93125287060448],[-84.2037382678089,46.931135870573584],[-84.20401726787838,46.930980870533496],[-84.20416826791526,46.930890870510886],[-84.20431126794881,46.93079487048785],[-84.20444726797963,46.93069487046459],[-84.2045762680075,46.930588870440815],[-84.2046942680313,46.93047887041706],[-84.2048052680523,46.930363870392995],[-84.20490326806897,46.930247870369534],[-84.2049942680827,46.93012587034553],[-84.2050602680912,46.930025870326396],[-84.20513826810033,46.929899870302556],[-84.20521026810722,46.92977187027881],[-84.20527926811317,46.9296438702552],[-84.20535826811896,46.92948887022689],[-84.20542126812258,46.92935787020317],[-84.205480268125,46.929226870179775],[-84.20553426812565,46.92909487015642],[-84.20559826812625,46.92893687012854],[-84.2056652681243,46.92875087009617],[-84.20571826812132,46.928591870068786],[-84.20577426811558,46.9284038700368],[-84.20583926810598,46.92816186999603],[-84.20604326807639,46.92740686986881],[-84.20625526804608,46.92662586973709],[-84.20646826801627,46.925845869605475],[-84.2065392680087,46.925604869564545],[-84.20662426800587,46.92536586952301],[-84.20670426800827,46.92518186949024],[-84.20675326801091,46.925077869471465],[-84.20681926801574,46.92494886944792],[-84.20689026802226,46.924819869424056],[-84.20698426803317,46.92466786939529],[-84.20710426804948,46.9244928693615],[-84.20726426807265,46.92427086931819],[-84.20751326810893,46.92392686925104],[-84.20804926818785,46.92319286910749],[-84.2081202681982,46.923094869088324],[-84.2081902682081,46.922995869069105],[-84.20824126821513,46.92292186905476],[-84.20828926822104,46.9228468690405],[-84.20833526822605,46.92276986902608],[-84.2083882682299,46.92266586900707],[-84.20844326823091,46.92253386898366],[-84.208476268228,46.92242686896542],[-84.20849626822411,46.922344868951704],[-84.20851126821864,46.92226286893828],[-84.20852126821153,46.92218086892521],[-84.20852526820252,46.922098868912435],[-84.20852326819161,46.92201686890002],[-84.20851426817498,46.92190686888375],[-84.20849826815608,46.921796868867936],[-84.20847926813974,46.921714868856526],[-84.20845526812207,46.92163486884569],[-84.2084252681025,46.92155486883528],[-84.20837826807437,46.92144986882199],[-84.20832226804372,46.92134786880973],[-84.2082742680189,46.92127186880092],[-84.20822126799276,46.92119786879277],[-84.2081642679654,46.92112486878496],[-84.20808026792683,46.921030868775574],[-84.2080142678972,46.920961868768856],[-84.20792026785615,46.920873868761014],[-84.20781926781322,46.920787868753806],[-84.20774026778024,46.92072586874899],[-84.2076572677463,46.920665868744656],[-84.20757126771161,46.92060786874091],[-84.2074152676511,46.920521868736934],[-84.20727176759644,46.92045046873443],[-84.20722126757721,46.9204258687337],[-84.20702026750186,46.92033586873178],[-84.20681626742606,46.92024986873065],[-84.20647626729964,46.92010586872862],[-84.2062042671984,46.9199898687269],[-84.20593326709748,46.91987386872513],[-84.20573026702174,46.91978586872363],[-84.20556426695933,46.919709868721796],[-84.2054022668978,46.919630868719246],[-84.20521226682466,46.91953086871517],[-84.2049712667299,46.919387868707524],[-84.20479826666065,46.91927486870045],[-84.20465926660394,46.91917586869346],[-84.20449926653772,46.91905486868443],[-84.20437026648338,46.9189488686758],[-84.20422426642051,46.91881886866452],[-84.20408626635974,46.91868486865217],[-84.20375026620592,46.918311868615],[-84.20342426605481,46.91793486857657],[-84.20330226599809,46.91779286856209],[-84.2031812659419,46.91765186854763],[-84.20308026589476,46.91753286853541],[-84.20293826582883,46.91736786851859],[-84.20273526573443,46.91713086849431],[-84.20261626567874,46.91698886847962],[-84.2025382656418,46.91689286846956],[-84.20246626560662,46.916794868458794],[-84.2023992655726,46.916693868447325],[-84.20232126553186,46.91656686843251],[-84.20226926550221,46.91646286841972],[-84.20222526547492,46.916356868406105],[-84.20219526545534,46.91627686839562],[-84.20215226542486,46.91614286837768],[-84.20212226539829,46.916006868358686],[-84.20210826538353,46.91592486834701],[-84.2020962653661,46.91581586833108],[-84.20209226535444,46.915732868318614],[-84.20209026534347,46.91565086830624],[-84.20209326533421,46.91556886829351],[-84.2021032653236,46.91545886827614],[-84.20212426531327,46.91532286825412],[-84.20215626530654,46.91518786823162],[-84.20222126530047,46.91497386819509],[-84.2023212652957,46.914680868144465],[-84.20237626529318,46.914520868116796],[-84.20242126529087,46.91438786809383],[-84.2024682652892,46.91425486807082],[-84.20252326528671,46.91409486804309],[-84.20256326528252,46.91395986802013],[-84.20258226527845,46.913878868006655],[-84.20260726526938,46.913742867984425],[-84.20261726525882,46.913632867967024],[-84.20262026524951,46.913550867954314],[-84.20261526523416,46.9134408679378],[-84.20260026521221,46.91330386791774],[-84.20257726519134,46.91319586790266],[-84.20254626516798,46.913087867887974],[-84.20250726514226,46.912981867874066],[-84.20246126511432,46.91287586786056],[-84.20239726507764,46.91274586784451],[-84.20231026503073,46.91259286782624],[-84.20222026498301,46.9124408678083],[-84.20174926473462,46.911655867716085],[-84.20124626446977,46.9108208676181],[-84.20075526421185,46.91001086752324],[-84.20057026411509,46.90970886748801],[-84.20038426401739,46.90940186745204],[-84.20028026396191,46.90922386743095],[-84.20021326392441,46.90909486741517],[-84.20015026388806,46.90896486739905],[-84.20009526385402,46.90883286738212],[-84.19998726378655,46.90856886734813],[-84.19982126368097,46.90814786729354],[-84.19976826364751,46.90801586727648],[-84.19971226361329,46.90788486725982],[-84.199694463603,46.9078480672552],[-84.1996622635845,46.90778186724699],[-84.19960826355435,46.90767886723441],[-84.19954926352283,46.90757686722233],[-84.19948426348957,46.90747686721084],[-84.19941326345469,46.907378867200066],[-84.19933526341778,46.90728286718999],[-84.19920726335968,46.907144867176456],[-84.19906726329832,46.9070108671642],[-84.19894126324492,46.90690486715539],[-84.19883426320065,46.906823867149285],[-84.19875126316667,46.90676386714504],[-84.19860626310872,46.90666986713921],[-84.1984852630611,46.90659786713527],[-84.19836126301286,46.906527867131864],[-84.19823326296388,46.90646286712947],[-84.19806926290164,46.906382867126915],[-84.19786726282622,46.90629486712533],[-84.19766126274993,46.90620986712443],[-84.19745126267294,46.906129867124584],[-84.19723926259576,46.90605286712524],[-84.19706026253105,46.90599186712648],[-84.19684326245299,46.905920867128344],[-84.19666026238765,46.90586486713057],[-84.19640226229619,46.90579086713444],[-84.19617726221708,46.90573186713865],[-84.19583526209831,46.90565386714685],[-84.19552726199248,46.9055928671556],[-84.19517826187369,46.905532867166926],[-84.19463226168928,46.90544986718631],[-84.19389226143937,46.90533786721268],[-84.19337256126343,46.90525556723068],[-84.1928822610974,46.90517786724761],[-84.19264826101806,46.90513986725558],[-84.19245426095158,46.90510286726129],[-84.1922622608854,46.90506286726645],[-84.19203626080596,46.90500386727077],[-84.19185426074084,46.90494686727273],[-84.1917122606894,46.90489786727359],[-84.19153926062579,46.90482986727338],[-84.19137226056327,46.90475586727188],[-84.19120826050124,46.90467786726958],[-84.1909182603904,46.90453086726418],[-84.18998726003461,46.90405886724677],[-84.18834825940831,46.90322886721623],[-84.18655325872153,46.902312867181685],[-84.18482325805975,46.90143086714855],[-84.18447125792495,46.90124986714157],[-84.18405425776535,46.90103686713348],[-84.18373425764285,46.900872867127234],[-84.1833812575078,46.90069286712046],[-84.18309425739787,46.900544867114725],[-84.1829332573363,46.900462867111635],[-84.18274025726274,46.900366867108296],[-84.18254325718817,46.90027286710552],[-84.18234225711284,46.90018286710357],[-84.18225725708139,46.90014756710314],[-84.18217125704949,46.90011186710272],[-84.18199725698551,46.90004386710254],[-84.18182125692127,46.89997886710294],[-84.18168025686984,46.89992686710328],[-84.18150025680495,46.89986686710468],[-84.18124625671413,46.899787867107555],[-84.18102625663572,46.89972186711039],[-84.18080525655688,46.89965486711311],[-84.18062925649289,46.89959186711381],[-84.1804232564166,46.899506867112926],[-84.1802582563544,46.89942986711086],[-84.18009725629284,46.899347867107764],[-84.17994625623356,46.899258867103015],[-84.1798302561871,46.89918286709825],[-84.17969125613041,46.89908386709131],[-84.17958825608719,46.89900086708464],[-84.17946625603469,46.89889186707514],[-84.17934725598295,46.8987818670653],[-84.17918125591069,46.89862686705137],[-84.178897255787,46.89836186702759],[-84.17866025568387,46.898140867007726],[-84.17830425552913,46.89781086697817],[-84.17797125538458,46.897503866950835],[-84.17768725526084,46.89723786692682],[-84.17740625513787,46.896970866902514],[-84.17724125506592,46.89681586688851],[-84.17705325498396,46.896639866872626],[-84.17679725487162,46.89639386685007],[-84.17644325471738,46.89606286682029],[-84.17590325448165,46.89555386677418],[-84.1757612544199,46.895421866762334],[-84.1755782543392,46.89524286674571],[-84.17551225430954,46.89517386673902],[-84.1754272542708,46.895080866729806],[-84.17534825423391,46.894986866720096],[-84.17527525419847,46.894889866709505],[-84.17522325417255,46.894814866701125],[-84.17515925413963,46.89471486668961],[-84.1750992541078,46.89461286667752],[-84.17503225407032,46.894483866661716],[-84.17497625403594,46.89435186664489],[-84.17493625400981,46.89424486663085],[-84.17490225398552,46.894136866616336],[-84.17486925395798,46.89400086659747],[-84.17484725393722,46.893890866581955],[-84.17483125391828,46.89377986656593],[-84.17481325388816,46.89358486653714],[-84.1747982538525,46.89333786650026],[-84.17478025380578,46.893009866451195],[-84.17473625369642,46.89224686633714],[-84.174691253583,46.89145386621855],[-84.17465525347588,46.89068786610356],[-84.1746112533628,46.8898948659849],[-84.17456925325372,46.889128865870255],[-84.17453225315283,46.88841586576339],[-84.1745222531257,46.88822386573461],[-84.17451425310244,46.888057865709705],[-84.17450825308337,46.887920865689125],[-84.17449325306164,46.8877848656692],[-84.17448965305772,46.88776276566601],[-84.17447525304227,46.88767586565359],[-84.17444625301607,46.887539865634494],[-84.17439825298062,46.88737886561272],[-84.17435825295466,46.887272865598824],[-84.1743002529198,46.8871418655822],[-84.1742332528822,46.887011865566286],[-84.17415725284226,46.88688586555146],[-84.17409225280892,46.8867848655398],[-84.17401925277343,46.88668686552913],[-84.17394225273685,46.886590865518976],[-84.17386025269903,46.88649686550942],[-84.17373325264104,46.886356865495436],[-84.173534252552,46.886151865475775],[-84.17267525217105,46.88529386539499],[-84.1718382517999,46.88445786531628],[-84.17098025141891,46.88359686523499],[-84.17012325103876,46.882739865154235],[-84.16996525096854,46.8825808651392],[-84.16985325091873,46.88246786512849],[-84.16974025086861,46.88235486511784],[-84.16962725081848,46.88224186510719],[-84.16949625075961,46.882104865093936],[-84.16939025071122,46.88198786508222],[-84.16928825066395,46.88186986507015],[-84.16919125061807,46.881749865057515],[-84.16907925056414,46.88160386504173],[-84.16891925048569,46.88138386501751],[-84.16838425021591,46.880588864927276],[-84.16814825009727,46.880240864887945],[-84.16795825000261,46.87996786485734],[-84.1678512499502,46.8798208648411],[-84.16771924988714,46.879652864823164],[-84.16760024983152,46.8795108648084],[-84.16749624978385,46.87939486479677],[-84.16734324971513,46.87923486478128],[-84.16722924966469,46.879121864770696],[-84.16698724956032,46.878903864751514],[-84.16683324949551,46.878777864741316],[-84.166566249385,46.87857386472579],[-84.16610324919498,46.87823386470097],[-84.16493624871516,46.877369864637224],[-84.16455524855867,46.87708886461664],[-84.16433724846925,46.87692886460494],[-84.16406424835723,46.876728864590355],[-84.16381824825642,46.876548864577266],[-84.16359924816676,46.87638986456578],[-84.16343824810022,46.87626786455653],[-84.16328124803472,46.876143864546805],[-84.16310324795951,46.875995864534566],[-84.16293024788551,46.87584486452167],[-84.1629027478736,46.87581946451937],[-84.1627632478131,46.875690864507895],[-84.16262424775216,46.875557864495704],[-84.16248824769184,46.87542186448289],[-84.16235724763303,46.875284864469606],[-84.16223124757539,46.87514486445554],[-84.162110247519,46.875001864440776],[-84.1619732474545,46.87483486442329],[-84.1618612474006,46.87468886440749],[-84.16173524733895,46.87451686438862],[-84.16159824727059,46.87431886436634],[-84.16151624722872,46.87419286435187],[-84.16145424719653,46.874092864340206],[-84.16139324716434,46.87399086432817],[-84.16132124712556,46.87386386431299],[-84.16125124708716,46.87373486429735],[-84.16119824705738,46.87363186428468],[-84.16112224701374,46.87347586426525],[-84.16105124697152,46.873318864245405],[-84.16098524693078,46.87316086422511],[-84.16092024689033,46.87300286420474],[-84.16086724685682,46.87286986418749],[-84.16081424682349,46.87273786417046],[-84.16076124679003,46.872604864153224],[-84.16069624674948,46.87244586413269],[-84.16064324671613,46.87231386411561],[-84.16058824668211,46.872181864098636],[-84.16054124665403,46.8720768640853],[-84.16047824661736,46.87194386406864],[-84.16042024658606,46.87184086405631],[-84.16033524654348,46.87171686404232],[-84.16026024650758,46.871620864032025],[-84.16017824646963,46.87152586402231],[-84.16009124643041,46.87143386401334],[-84.15997824638018,46.871319864002544],[-84.15986224632924,46.871207863992204],[-84.15974724627876,46.87109686398196],[-84.15963424622878,46.870984863971444],[-84.15952124617918,46.87087586396139],[-84.15943024613892,46.87078586395297],[-84.1593412460991,46.870693863944105],[-84.1592582460609,46.8705998639346],[-84.15918124602442,46.87050386392439],[-84.15909324598103,46.870380863910746],[-84.15901624594072,46.87025486389596],[-84.15897424591775,46.870177863886674],[-84.15892324588854,46.87007386387372],[-84.15888924586785,46.86999486386365],[-84.1588512458424,46.869887863849506],[-84.15881324581355,46.869753863831235],[-84.15879124579295,46.86964486381582],[-84.15877924577906,46.86956386380417],[-84.15876724576148,46.869453863788024],[-84.15876424574682,46.86934386377136],[-84.15876824573436,46.869233863754296],[-84.15877824572051,46.86909686373276],[-84.1588072456957,46.86882386368928],[-84.15882624568131,46.86865986366302],[-84.15884524566692,46.868495863636845],[-84.15885824565058,46.868331863611],[-84.15886424563864,46.86822086359366],[-84.15886124562398,46.868110863576995],[-84.15885624561217,46.86802886356472],[-84.15884324559435,46.86791886354864],[-84.15882324557438,46.867809863533175],[-84.15879524555194,46.86770186351828],[-84.1587612455278,46.86759486350388],[-84.15870924549465,46.867461863486575],[-84.15863224545063,46.86730586346722],[-84.15855624541074,46.86717986345242],[-84.15849124537753,46.867079863440914],[-84.1584052453349,46.86695786342729],[-84.1583142452907,46.86683586341393],[-84.15821924524522,46.866713863400854],[-84.15804624516313,46.86649786337792],[-84.15795024511746,46.86637686336507],[-84.15776124502716,46.86613586333924],[-84.15755124492733,46.865871863311206],[-84.15740124485536,46.865677863290294],[-84.15730524480978,46.86555786327758],[-84.15719024475504,46.86541286326209],[-84.15709424470951,46.86529286324938],[-84.15699924466416,46.865171863236384],[-84.15688124460856,46.86502786322129],[-84.15679824457044,46.86493386321179],[-84.15671324453173,46.86484086320254],[-84.15664524450158,46.86477286319614],[-84.1565722444701,46.86470686319029],[-84.15649624443788,46.86464286318496],[-84.15641524440449,46.864581863180355],[-84.15632924436984,46.86452386317656],[-84.15624024433474,46.864469863173476],[-84.15611424428609,46.864401863170464],[-84.15552624406341,46.86411886316166],[-84.15533224398965,46.8640228631583],[-84.15517124392818,46.863941863155375],[-84.1550452438796,46.86387386315235],[-84.15495264384344,46.86382076314964],[-84.15495064384265,46.86381956314959],[-84.15492324383195,46.86380386314881],[-84.15480524378538,46.86373186314471],[-84.15469124373959,46.86365586313972],[-84.15455524368377,46.86355586313242],[-84.15445224364052,46.86347186312558],[-84.15435324359808,46.86338486311806],[-84.15426224355785,46.863294863109616],[-84.1541355434999,46.86315396309546],[-84.15405924346375,46.86305886308543],[-84.15398924342911,46.86295986307435],[-84.15392524339624,46.86285986306282],[-84.15385324335736,46.862731863047436],[-84.1538152433355,46.862653863037764],[-84.1537712433084,46.86254886302424],[-84.15373124328242,46.86244286301036],[-84.1536112431977,46.862069862960304],[-84.15357824317388,46.86196286294588],[-84.1535442431497,46.86185586293146],[-84.15350124311928,46.86172186291348],[-84.15345724308854,46.86158786289553],[-84.15341224305763,46.86145486287781],[-84.15337424303223,46.86134786286371],[-84.15333224300564,46.86124186284993],[-84.1532852429777,46.86113786283674],[-84.15324824295617,46.86105986282699],[-84.15318024291842,46.86093086281122],[-84.15312024288644,46.86082786279901],[-84.15305624285364,46.86072786278742],[-84.1529882428193,46.860626862775966],[-84.15293624279354,46.86055286276766],[-84.1528432427487,46.860430862754455],[-84.15274724270331,46.860311862741895],[-84.15257324262103,46.86009686271915],[-84.15220824244791,46.85964086267076],[-84.15191824231074,46.8592818626328],[-84.1512812420092,46.85849086254906],[-84.15059824168733,46.85765486246114],[-84.14995624138436,46.856864862377826],[-84.14929624107276,46.85605186229199],[-84.14884724086129,46.855502862234275],[-84.14871224079734,46.855334862216495],[-84.14863924076182,46.85523686220572],[-84.14857024072738,46.85513686219448],[-84.1485092406954,46.85503586218257],[-84.14845624066552,46.85493186216978],[-84.14840924063735,46.85482586215628],[-84.14838224061879,46.8547458621456],[-84.14835024059524,46.85463886213114],[-84.1483282405747,46.854529862115726],[-84.14831724056096,46.8544478621038],[-84.14831124054884,46.85436586209164],[-84.14831024053495,46.854256862075],[-84.14831724051675,46.854092862049434],[-84.1483338404945,46.85387196201465],[-84.14834044048767,46.85380026200331],[-84.14834604048187,46.8537390619936],[-84.14835924046886,46.853600861971685],[-84.14837424044975,46.85340886194138],[-84.14838024042774,46.853216861911605],[-84.14837424040878,46.85307986189099],[-84.14836724039631,46.852997861878876],[-84.14835524038229,46.85291586186699],[-84.1483412403676,46.85283386185525],[-84.14832224035145,46.852752861844],[-84.14829224032847,46.8526448618292],[-84.14823624029079,46.85248586180814],[-84.14819124026324,46.85237986179453],[-84.14814024023406,46.852275861781635],[-84.14808324020309,46.85217286176918],[-84.14802124017075,46.85207186175738],[-84.14797124014548,46.85199686174877],[-84.14789924011028,46.85189886173802],[-84.14782224007382,46.85180286172784],[-84.14776124004553,46.85173186172054],[-84.1476962400162,46.851662861713756],[-84.14762923998639,46.85159486170727],[-84.14753523994536,46.85150586169914],[-84.1474612399137,46.851440861693575],[-84.1473582398704,46.851356861686725],[-84.14725023982595,46.851275861680634],[-84.14713923978073,46.85119686167507],[-84.1470512397457,46.851140861671624],[-84.1469612397103,46.85108686166864],[-84.14683723966215,46.85101786166535],[-84.14674123962536,46.85096786166334],[-84.14661123957593,46.85090386166116],[-84.14647723952577,46.85084386165979],[-84.14637523948792,46.850800861659195],[-84.14627123944955,46.85075886165884],[-84.14613023939815,46.85070686165916],[-84.14591823932221,46.85063986166132],[-84.14567823923517,46.85055486166236],[-84.1453461391152,46.85044166166447],[-84.14475723890256,46.85024086166823],[-84.14457723883785,46.85018186166979],[-84.14439623877296,46.85012386167148],[-84.14421623870825,46.85006486167296],[-84.14400023863043,46.84999286167461],[-84.1437112385266,46.849898861677154],[-84.14345923843598,46.84981586167919],[-84.14317123833223,46.849719861681386],[-84.14299123826751,46.849660861682935],[-84.14281123820268,46.84960086168428],[-84.14266623815078,46.849554861685725],[-84.14252123809887,46.84950886168718],[-84.14237123804607,46.84946886168982],[-84.14221923799336,46.849434861693545],[-84.14206623794085,46.84940486169789],[-84.1418712378749,46.84937386170459],[-84.14159823778279,46.849332861714295],[-84.14140323771703,46.84930386172128],[-84.14117023763805,46.849265861729094],[-84.14101623758536,46.8492368617337],[-84.14075023749322,46.84917786174024],[-84.14052823741476,46.84911586174373],[-84.14031423733736,46.84904186174495],[-84.14017423728599,46.84898786174491],[-84.14000823722377,46.848912861743095],[-84.13984823716257,46.84883086173996],[-84.13969323710221,46.848742861735566],[-84.13954823704434,46.84864886172965],[-84.13938123697639,46.84853086172132],[-84.1392172369092,46.84841086171259],[-84.13908023685322,46.848311861705476],[-84.13896823680807,46.84823586170036],[-84.13885123676171,46.848162861696046],[-84.1387302367144,46.84809286169242],[-84.13857223665384,46.84801086168909],[-84.13840623659125,46.84793286168691],[-84.13823323652751,46.847863861686484],[-84.13812623648867,46.8478258616869],[-84.13794423642358,46.84776886168886],[-84.13772023634459,46.847707861692626],[-84.13674823600321,46.84745386171068],[-84.13652523592467,46.84739386171455],[-84.13626423583294,46.847324861719244],[-84.13600523574141,46.84725286172341],[-84.13575023565058,46.84717586172651],[-84.1353562355083,46.847041861729075],[-84.13511223541914,46.84694986172928],[-84.13487323533087,46.84685286172843],[-84.13470323526771,46.84678086172739],[-84.13450323519288,46.84669186172546],[-84.1343382351306,46.84661386172314],[-84.13408023503236,46.84648486171849],[-84.1337352348991,46.84629786171007],[-84.13358523484,46.84620686170492],[-84.13347323479461,46.846128861699555],[-84.13336723475061,46.84604686169318],[-84.13326723470807,46.84596086168586],[-84.13317623466786,46.845870861677405],[-84.1331112346383,46.84579986167037],[-84.13303323460148,46.84570386166024],[-84.13296423456718,46.84560486164906],[-84.13288723452698,46.84547886163431],[-84.13283623449774,46.845374861621345],[-84.13279423447123,46.84526886160755],[-84.13276123444737,46.84516186159313],[-84.132733234425,46.84505386157822],[-84.13271923441032,46.84497186156646],[-84.13271323439822,46.844889861554286],[-84.13270923438677,46.84480786154194],[-84.13271023437676,46.84472486152916],[-84.13271623436846,46.84464286151627],[-84.1327282343621,46.84456086150299],[-84.1327462343576,46.84447886148935],[-84.13277223435573,46.84439686147532],[-84.13281323435555,46.844290861456656],[-84.1329022343613,46.84410886142358],[-84.13298423436828,46.84395486139516],[-84.1330522343739,46.84382586137141],[-84.13309923437582,46.8437208613526],[-84.13314723437456,46.84358786132941],[-84.13317023437182,46.84350686131564],[-84.13319223436525,46.84339786129764],[-84.13320523435587,46.843288861280236],[-84.13321123434396,46.843177861262866],[-84.13320223432407,46.84304086124241],[-84.13318023430014,46.84290486122282],[-84.13315123427743,46.842796861208015],[-84.13312323425856,46.842716861197374],[-84.13309123423856,46.84263786118718],[-84.13305323421673,46.84255986117745],[-84.13301323419428,46.84248186116785],[-84.13296723417015,46.84240586115885],[-84.1329012341368,46.84230686114757],[-84.13284923411105,46.84223286113931],[-84.13277523407541,46.84213586112874],[-84.13265923402055,46.8419918611135],[-84.13255923397384,46.84187286110113],[-84.13248023393675,46.84177686109101],[-84.13238623389171,46.841655861078],[-84.13230423384994,46.84152986106349],[-84.13223323381128,46.841400861047916],[-84.13222563380677,46.8413841610458],[-84.13218523378292,46.84129586103464],[-84.13214523375699,46.8411898610207],[-84.132112233733,46.84108186100608],[-84.13208623371128,46.84097386099112],[-84.13206623369135,46.84086486097556],[-84.13205423367398,46.84075586095957],[-84.13205123365937,46.840645860942885],[-84.13205423365011,46.840563860930125],[-84.1320642336396,46.84045386091273],[-84.13208523363274,46.84034486089479],[-84.13211623362929,46.840237860876584],[-84.13215323362779,46.84013086085799],[-84.13218823362915,46.84005186084389],[-84.13224423363415,46.83994886082479],[-84.13230823364212,46.83984886080576],[-84.13239923365596,46.83972686078171],[-84.13254523368211,46.83956286074804],[-84.13272223371584,46.8393808607098],[-84.13287723374533,46.83922086067623],[-84.13300423376842,46.83908086064733],[-84.13307823377991,46.83898386062811],[-84.13312823378652,46.83890886061371],[-84.13317223379096,46.83883186059935],[-84.13321123379372,46.83875386058508],[-84.13324423379443,46.83867486057108],[-84.13328123379289,46.838567860552494],[-84.13330123378918,46.83848686053891],[-84.13331823378107,46.838377860521184],[-84.13332523377306,46.83829586050825],[-84.13332623375972,46.838185860491336],[-84.13331823374016,46.83804886047083],[-84.13329623371274,46.83788486044694],[-84.1332542336689,46.837639860411905],[-84.1331842335992,46.83725886035763],[-84.13315023357156,46.83712386033895],[-84.13311823354795,46.83701586032425],[-84.13307923352232,46.83690986031027],[-84.13302023348727,46.83677886029364],[-84.13296423345659,46.836675860281176],[-84.13289923342306,46.83657286026917],[-84.13282723338793,46.83647486025841],[-84.13274923335118,46.83637886024828],[-84.13268523332206,46.83630886024124],[-84.13261823329226,46.83624086023476],[-84.1325212332505,46.83615386022715],[-84.13244523321833,46.83608986022179],[-84.13234023317466,46.83600786021536],[-84.13228623315251,46.835967860212364],[-84.13211923308465,46.835849860204085],[-84.1319792330278,46.83575186019729],[-84.13183823297082,46.83565486019064],[-84.13170023291491,46.835558860184015],[-84.13159123287022,46.83547886017818],[-84.13148523282624,46.835396860171805],[-84.13136223277363,46.835288860162436],[-84.13124723272293,46.83517586015186],[-84.13116623268542,46.8350818601422],[-84.13108923264886,46.83498486013186],[-84.13102323261538,46.834884860120376],[-84.13096423258386,46.834782860108234],[-84.1309122325544,46.83467886009534],[-84.13084023251194,46.83452186007548],[-84.13051423231329,46.83375985997779],[-84.13035923221803,46.83339085993034],[-84.13030323218379,46.833258859913386],[-84.13023723214313,46.833100859893044],[-84.13017923210833,46.83296985987635],[-84.13012723207896,46.83286685986363],[-84.13006723204715,46.83276485985149],[-84.12999923201319,46.832665859840326],[-84.12990523196808,46.8325438598271],[-84.12979823191954,46.83242785981559],[-84.12970423187853,46.83233885980746],[-84.1296022318355,46.83225385980039],[-84.12949523179131,46.83217285979427],[-84.12938123174543,46.83209585978912],[-84.12926223169845,46.832022859784914],[-84.12910923163874,46.83193485978038],[-84.12895423157865,46.83184885977625],[-84.12873423149388,46.83173085977107],[-84.12851023140807,46.83161485976641],[-84.12835523134785,46.831527859762154],[-84.12823623130087,46.831454859757955],[-84.12815123126657,46.831396859754],[-84.12807023123321,46.83133585974944],[-84.12801723121106,46.831293859746104],[-84.12794323117942,46.83122885974044],[-84.12787323114878,46.83116185973429],[-84.12780823111936,46.83109185972738],[-84.12773123108292,46.83099585971718],[-84.12766323104896,46.83089685970596],[-84.1276012310165,46.83079485969398],[-84.1275632309947,46.830716859684216],[-84.12753023097437,46.83063785967406],[-84.12749623095009,46.83052985965951],[-84.12747723093396,46.83044885964818],[-84.12746323091935,46.83036685963647],[-84.12745523090645,46.83028385962421],[-84.12745323089563,46.83020185961172],[-84.12745523088941,46.830146859603204],[-84.1274592308839,46.830091859594525],[-84.12746923087688,46.8300098595814],[-84.12748823086939,46.829900859563566],[-84.12755023084878,46.82957585951008],[-84.12757813084035,46.82943675948719],[-84.12761413082947,46.829256759457486]]},"properties":{"OGF_ID":1479,"TRACKNID":"f1ff0b0d8cf547b8b1187596bbf358f0","TRACKSEGID":"a65f7828fbd6433584e34f308bf8733e","TRACKNAME":"None","TRACKCLASS":"Main","REGULATOR":"Unknown","TRANSPTYPE":"Train","USETYPE":"Freight and Passenger","GAUGE":"Standard","NUMTRACKS":1,"ELECTRIC":"Absence","STATUS":"Operational","SPEEDFREIT":-1,"SPEEDPASSE":-1,"UNITOFSPEE":"Unknown","SOURCEID":"Unknown","OPERATOENA":"Canadian National","OPERATOFNA":"Canadien National","OPERATORMK":"CN","OPSUBSTART":0,"OPSUBEND":165,"OPSUBUDIS":"Mile","OWNERENA":"Canadian National","OWNERFNA":"Canadien National","TRKUSR1ENA":"Algoma Central Railway","TRKUSR1FNA":"Algoma Central Railway","TRKUSR1RMK":"ACR","TRKUSR2ENA":"None","TRKUSR2FNA":"Aucun","TRKUSR2RMK":"None","TRKUSR3ENA":"None","TRKUSR3FNA":"Aucun","TRKUSR3RMK":"None","TRKUSR4ENA":"None","TRKUSR4FNA":"Aucun","TRKUSR4RMK":"None","SUBDI1NID":"0e4545c015724a89b9ca410f67ec28f8","SUBDI1NAME":"Soo","SUBD1START":0,"SUBD1END":296,"SUB1UNITDI":"Mile","SUBDI2NID":"None","SUBDI2NAME":"None","SUBD2START":-1,"SUBD2END":-1,"SUB2UNITDI":"Unknown","ADMINAREA":"Ontario","SPECVERS":"1.0","SECURCLASS":"Unclassified","GEOCREDATE":"2016","GEOREVDATE":"2016","GEOACQTECH":"Vector Data","GEOACCURA":10,"GEOPROVIDE":"Provincial/Territorial","ATTCREDATE":"2016","ATTREVDATE":"2016","ATTACQTECH":"Vector Data","ATTPROVIDE":"Federal","EFFECTIVE_DATETIME":1495114464000,"SYSTEM_DATETIME":1496217735000,"OBJECTID":40241,"SHAPE.LEN":0}},{"type":"Feature","id":87457,"geometry":{"type":"LineString","coordinates":[[-84.14540802344081,46.72387974223978],[-84.14497942327583,46.72364844222925],[-84.14479712320656,46.7235574422259],[-84.144585923128,46.723465242224094],[-84.1444514230785,46.723410942223616],[-84.14422142299777,46.72335034222768],[-84.14402682293054,46.72330734223244],[-84.14390902289013,46.72328354223569],[-84.14378832284915,46.72326294223956],[-84.1436283227952,46.72323834224509],[-84.14346602274111,46.723218642251545],[-84.14330332268757,46.72320424225884],[-84.14310002262124,46.72319094226869],[-84.14293592256824,46.7231847422773],[-84.14273002250262,46.723183742289166],[-84.1425255224383,46.723189942302085],[-84.14232092237471,46.723202242315914],[-84.14211732231229,46.723221742330814],[-84.1419162222515,46.72324744234649],[-84.14171572219162,46.723279242363134],[-84.14155762214513,46.723310342377154],[-84.14136262208855,46.723354442395284],[-84.14113402202325,46.72341494241796],[-84.14094512197026,46.723472742437856],[-84.14076312192034,46.723537542458466],[-84.14062012188172,46.72359304247533],[-84.14044672183562,46.723666942496855],[-84.14031192180063,46.72373074251456],[-84.1401794217667,46.72379744253253],[-84.1400505217345,46.72386864255099],[-84.1398962216968,46.72396124257426],[-84.13974912166219,46.72406004259803],[-84.13960862163013,46.724162542622025],[-84.13950132160653,46.72424814264142],[-84.13939962158507,46.724336542660936],[-84.13930192156519,46.72442694268058],[-84.13917762154574,46.72459004271293],[-84.13905472153027,46.72478124274946],[-84.1389985215216,46.72485584276422],[-84.1389091215084,46.724979342788465],[-84.13882322149621,46.7251022428124],[-84.13858022146164,46.72544824287977],[-84.1383731214323,46.725744342937396],[-84.13823492141276,46.72594264297593],[-84.1380825213919,46.72616634301923],[-84.1379523213752,46.72636664305766],[-84.13783982136121,46.726543343091386],[-84.13771782134735,46.72674534312957],[-84.13757302133308,46.72700284317765],[-84.13743502132085,46.72725974322517],[-84.13729412130776,46.72751654327293],[-84.13721032130005,46.72767024330145],[-84.13709332128788,46.7278732433395],[-84.13661312124269,46.728744343501475],[-84.13640152123901,46.72925984359309]]},"properties":{"OGF_ID":4286,"TRACKNID":"3642dbec13694cebb5c033539a6b7d76","TRACKSEGID":"cfdbc12df9f1496294aa3b5fee40d9d1","TRACKNAME":"None","TRACKCLASS":"Siding","REGULATOR":"Unknown","TRANSPTYPE":"Train","USETYPE":"Freight and Passenger","GAUGE":"Standard","NUMTRACKS":1,"ELECTRIC":"Absence","STATUS":"Operational","SPEEDFREIT":-1,"SPEEDPASSE":-1,"UNITOFSPEE":"Unknown","SOURCEID":"Unknown","OPERATOENA":"Canadian National","OPERATOFNA":"Canadien National","OPERATORMK":"CN","OPSUBSTART":0,"OPSUBEND":165,"OPSUBUDIS":"Mile","OWNERENA":"Canadian National","OWNERFNA":"Canadien National","TRKUSR1ENA":"Algoma Central Railway","TRKUSR1FNA":"Algoma Central Railway","TRKUSR1RMK":"ACR","TRKUSR2ENA":"None","TRKUSR2FNA":"Aucun","TRKUSR2RMK":"None","TRKUSR3ENA":"None","TRKUSR3FNA":"Aucun","TRKUSR3RMK":"None","TRKUSR4ENA":"None","TRKUSR4FNA":"Aucun","TRKUSR4RMK":"None","SUBDI1NID":"0e4545c015724a89b9ca410f67ec28f8","SUBDI1NAME":"Soo","SUBD1START":0,"SUBD1END":296,"SUB1UNITDI":"Mile","SUBDI2NID":"None","SUBDI2NAME":"None","SUBD2START":-1,"SUBD2END":-1,"SUB2UNITDI":"Unknown","ADMINAREA":"Ontario","SPECVERS":"1.0","SECURCLASS":"Unclassified","GEOCREDATE":"2016","GEOREVDATE":"2016","GEOACQTECH":"Orthoimage","GEOACCURA":10,"GEOPROVIDE":"Federal","ATTCREDATE":"2016","ATTREVDATE":"2016","ATTACQTECH":"Vector Data","ATTPROVIDE":"Federal","EFFECTIVE_DATETIME":1495114464000,"SYSTEM_DATETIME":1496217735000,"OBJECTID":87457,"SHAPE.LEN":0}},{"type":"Feature","id":158369,"geometry":{"type":"LineString","coordinates":[[-84.13640152123901,46.72925984359309],[-84.13628222122816,46.729479843633904],[-84.13614022121462,46.72973584368153],[-84.13602222120215,46.72993884371963],[-84.13591622119384,46.7301448437575],[-84.13585922119202,46.73027684378111],[-84.13580622119154,46.73040984380467],[-84.13576722119227,46.73051584382327],[-84.13573222119433,46.7306228438417],[-84.13570122119782,46.73073084386014],[-84.13567122120145,46.73083784387836],[-84.1356262212106,46.73102784391018],[-84.13556182122602,46.73131844395865],[-84.13552922123324,46.731460843982454],[-84.13550222123799,46.73156884400059],[-84.13547322124211,46.7316768440189],[-84.13544122124513,46.731783844037246],[-84.13541222124579,46.7318638440512],[-84.13538122124577,46.731943844065334],[-84.13534622124442,46.73202284407956],[-84.13529522124105,46.73212684409848],[-84.13523622123485,46.73222884411765],[-84.13518822122896,46.732304844132116],[-84.13513822122233,46.732379844146536],[-84.13506522121116,46.7324778441659],[-84.1349672211947,46.732596844189914],[-84.13487922117805,46.732688844209186],[-84.13481222116512,46.73275684422355],[-84.13474122115069,46.732822844237845],[-84.13466622113485,46.73288784425223],[-84.13458922111799,46.732949844266265],[-84.13448122109361,46.733030844285004],[-84.13436922106777,46.733109844303726],[-84.13425222103974,46.73318484432206],[-84.13413222101047,46.73325684434013],[-84.13400822097948,46.733325844357964],[-84.1338822209477,46.73339284437564],[-84.1337552209154,46.7334588443932],[-84.13359422087419,46.733539844415084],[-84.13346522084102,46.733603844432466],[-84.13330422079977,46.733684844454295],[-84.13311222075092,46.733783844480755],[-84.13295422071077,46.73386584450254],[-84.13279822067175,46.733951844524896],[-84.13267722064197,46.73402284454286],[-84.13256122061442,46.734098844561366],[-84.13247722059496,46.73415784457531],[-84.1323712205714,46.73423984459412],[-84.1322962205554,46.73430384460835],[-84.13220022053574,46.734391844627496],[-84.13210922051788,46.73448184464662],[-84.13202122050112,46.73457284466575],[-84.13191522048173,46.7346888446898],[-84.13138722038555,46.73527084481012],[-84.13109722033363,46.73559784487728],[-84.13084722028866,46.73587784493494],[-84.1306932202594,46.73603784496853],[-84.13057422023513,46.73614784499241],[-84.13050122021994,46.736212845006676],[-84.13042422020318,46.7362758450208],[-84.13034422018539,46.736337845035024],[-84.13023422016013,46.736416845053604],[-84.13012022013338,46.73649384507209],[-84.13000022010415,46.7365668450903],[-84.12987822007412,46.73663784510838],[-84.1297522200425,46.736706845126356],[-84.12962322000952,46.736771845143835],[-84.12949021997484,46.73683384516116],[-84.12935521993916,46.736892845178126],[-84.12921621990161,46.736946845194524],[-84.12907621986342,46.73699884521073],[-84.12893321982396,46.7370478452266],[-84.12878821978352,46.73709384524213],[-84.12864121974188,46.737135845257185],[-84.1284912196988,46.73717384527175],[-84.12834021965497,46.737207845285816],[-84.12814921959884,46.737245845302844],[-84.1279942195527,46.73727184531588],[-84.12779821949383,46.73729984533161],[-84.1276012194337,46.73732084534635],[-84.12736321936012,46.73733884536305],[-84.12700521924839,46.73735684538666],[-84.12668621914845,46.73736984540731],[-84.12628821902378,46.737385845433025],[-84.1259342189128,46.73739984545582],[-84.12545721876333,46.73741884548661],[-84.12346421813947,46.737504845616215],[-84.12282821794037,46.73753184565748],[-84.12251021784087,46.73754584567824],[-84.12227121776625,46.73755784569401],[-84.12207321770494,46.73757184570774],[-84.12191521765648,46.737586845719285],[-84.12172021759791,46.737614845734974],[-84.12156521755203,46.73764284574829],[-84.12141221750726,46.73767484576218],[-84.12126221746418,46.73771284577676],[-84.12111421742217,46.737753845791715],[-84.12096921738164,46.73779984580723],[-84.12086321735265,46.73783784581929],[-84.12075821732415,46.73787784583158],[-84.12065421729595,46.73791784584376],[-84.12051721725938,46.73797484586056],[-84.12038221722356,46.73803284587731],[-84.12024721718788,46.73809184589429],[-84.1201122171522,46.73815084591127],[-84.11984221708057,46.738266845944864],[-84.11964021702714,46.738354845970186],[-84.11947121698225,46.73842684599109],[-84.11923321691881,46.73852684602035],[-84.11910751688482,46.738575746035224],[-84.11902521686261,46.738607846044964],[-84.11881321680454,46.73868384606901],[-84.1186692167646,46.73873184608485],[-84.11845221670394,46.738799846107966],[-84.11823221664193,46.73886484613077],[-84.11804821658978,46.738916846149536],[-84.11786321653715,46.738967846168165],[-84.11764121647404,46.73902884619051],[-84.1174192164109,46.73908984621281],[-84.11723421635838,46.73914184623164],[-84.11721011635159,46.739148546234055],[-84.11716021633738,46.739162446239106],[-84.11697621628517,46.73921384625777],[-84.11671721621158,46.73928584628395],[-84.11645921613824,46.73935684630994],[-84.11623721607522,46.73941884633243],[-84.11597721600111,46.73948884635837],[-84.11579121594778,46.739536846376595],[-84.11556521588275,46.73959284639842],[-84.11537721582836,46.73963684641617],[-84.11518821577353,46.73967984643383],[-84.1149612157075,46.739730846454904],[-84.11480921566336,46.739764846468965],[-84.1146192156079,46.73980584648638],[-84.1143912155415,46.739855846507346],[-84.11423921549705,46.73988784652118],[-84.1140102154302,46.73993684654208],[-84.11378321536411,46.739986846563],[-84.11355521529771,46.74003684658398],[-84.11336621524275,46.740078846601484],[-84.11306221515409,46.74014484662939],[-84.1125682150099,46.740250846674535],[-84.11234021494349,46.74030084669551],[-84.11215021488809,46.74034184671293],[-84.11195921483231,46.74038284673039],[-84.1117692147768,46.74042284674763],[-84.1115392147092,46.740468846768145],[-84.1113462146521,46.740503846784755],[-84.11115221459401,46.74053384680072],[-84.11099521454675,46.74055584681329],[-84.11083821449898,46.74057384682515],[-84.11068021445078,46.74059084683701],[-84.11048321439034,46.740608846851295],[-84.1102452143165,46.740624846867654],[-84.1100462142545,46.74063584688094],[-84.10849421376753,46.740693846980484],[-84.1073012133935,46.740740847057346],[-84.10698321329484,46.740761847079135],[-84.10674621322225,46.74078484709649],[-84.10655021316293,46.74080984711177],[-84.1063562131052,46.74084284712815],[-84.10620321306044,46.740874847142024],[-84.10601421300584,46.74091984715998],[-84.10586621296393,46.74096184717507],[-84.10568621291404,46.74102184719476],[-84.1055102128659,46.741085847214904],[-84.10533921282031,46.74115784723594],[-84.10511021276112,46.741268847266376],[-84.10495321272175,46.74135484728877],[-84.10480121268421,46.74144284731117],[-84.10465321264849,46.74153484733394],[-84.10450521261257,46.74162584735658],[-84.10435721257684,46.741717847379356],[-84.10420821254075,46.74180984740219],[-84.10411821251864,46.741862847415625],[-84.10399521248809,46.741932847433574],[-84.10386821245584,46.741998847451136],[-84.10373621242158,46.74206184746848],[-84.1035662123762,46.742132847489344],[-84.10342721233862,46.74218684750575],[-84.10324921228946,46.74224784752554],[-84.10313921225864,46.74228184753715],[-84.10295421220603,46.74233284755579],[-84.1028032121624,46.74236884757014],[-84.10261021210555,46.742405847587094],[-84.10241521204725,46.74243684760326],[-84.10194621190568,46.74249984764032],[-84.10042221144542,46.7427018477603],[-84.09938221113133,46.742839847842205],[-84.09858321088997,46.74294584790515],[-84.09823021078323,46.74299184793283],[-84.09799521071214,46.74302184795113],[-84.09779821065186,46.74304184796572],[-84.09763921060258,46.74305284797665],[-84.09752021056521,46.74305684798427],[-84.09736021051464,46.74305984799405],[-84.097161210451,46.74305784800537],[-84.09696221038665,46.743049848015715],[-84.0965252102448,46.74302784803783],[-84.09620721014157,46.74301184805395],[-84.09596821006421,46.74300184806635],[-84.09573020998742,46.74299384807902],[-84.09557020993623,46.74299184808805],[-84.09541120988598,46.7429948480978],[-84.0952912098484,46.74299984810554],[-84.09517220981164,46.74300884811387],[-84.09505320977505,46.743019848122515],[-84.09493520973922,46.743033848131574],[-84.09481720970363,46.74304984814089],[-84.09470120966905,46.743068848150585],[-84.0945462096229,46.743094848163615],[-84.09435320956587,46.74313084818043],[-84.09250620902033,46.74347584834122],[-84.09051220843119,46.74384684851464],[-84.09027920836164,46.74388484853403],[-84.09011920831342,46.74390684854675],[-84.08996220826552,46.74392384855856],[-84.08980320821637,46.743935848569706],[-84.08964420816673,46.74394384858019],[-84.08948420811602,46.743945848589824],[-84.08936420807771,46.743944848596676],[-84.08924520803929,46.74394084860301],[-84.08912520800035,46.74393484860909],[-84.0889672079483,46.743920848616135],[-84.08877120788291,46.7438968486239],[-84.08849720779085,46.74385784863387],[-84.08822420769873,46.74381584864334],[-84.08744620743626,46.74369684867044],[-84.08701720729199,46.74363484868593],[-84.08678120721328,46.743605848695246],[-84.08654420713508,46.74358384870569],[-84.08638520708321,46.74357384871345],[-84.08622620703159,46.74356584872146],[-84.08602620696728,46.74356084873238],[-84.08582720690353,46.74355784874353],[-84.0856282068402,46.743557848755145],[-84.08538920676419,46.74355884876923],[-84.08475220656146,46.74355984880655],[-84.08435420643471,46.74355984882977],[-84.08395620630795,46.74355984885298],[-84.08351920616892,46.74356084887863],[-84.08316120605491,46.743560848899506],[-84.08268220590263,46.74356284892776],[-84.08228320577578,46.74356484895131],[-84.08204420570003,46.74356784896571],[-84.08188520565014,46.74357384897596],[-84.08172620560087,46.74358484898688],[-84.08156820555239,46.74359984899843],[-84.08141020550428,46.743617849010434],[-84.08125420545734,46.74363984902291],[-84.08105920539884,46.743668849038706],[-84.08078720531779,46.74371384906153],[-84.0805162052369,46.74375784908411],[-84.0802442051558,46.743802849106885],[-84.08005020509788,46.74383384912294],[-84.07973920500473,46.743881849148444],[-84.07946620492235,46.74391884917007],[-84.07926820486178,46.743938849184715],[-84.07910920481262,46.743950849195805],[-84.07899020477535,46.74395584920356],[-84.0788702047376,46.743959849211166],[-84.07875120469981,46.74396084921825],[-84.07872630469186,46.74396024921959],[-84.07863120466125,46.743957849224785],[-84.07851220462263,46.74395184923077],[-84.07835320457065,46.743940849238385],[-84.07815520450512,46.74392084924684],[-84.0779202044264,46.743889849255815],[-84.07764720433443,46.74384884926543],[-84.07729720421631,46.7437948492775],[-84.07640120391429,46.743659849309005],[-84.0762052038485,46.74363284931628],[-84.07604820379642,46.74361584932281],[-84.07592920375717,46.74360484932807],[-84.07581020371842,46.74359784933397],[-84.07569020367967,46.74359384934031],[-84.07557020364148,46.7435938493473],[-84.07545120360385,46.74359584935459],[-84.07533120356645,46.74360284936266],[-84.07521220352967,46.74361184937098],[-84.0750542034817,46.74363084938311],[-84.07489820343484,46.74365384939574],[-84.07474320338905,46.743682849409225],[-84.07455420333433,46.74372684942702],[-84.07436820328127,46.743776849445595],[-84.07418620323028,46.743833849464956],[-84.07397020317028,46.743904849488466],[-84.07375520311068,46.743976849512045],[-84.07354020305111,46.744048849535695],[-84.07336020300095,46.74410684955509],[-84.07317920295033,46.744163849574434],[-84.07292120287714,46.74423684960069],[-84.07277220283454,46.744275849615384],[-84.07254620276923,46.74432984963686],[-84.072394202725,46.74436384965098],[-84.07220220266849,46.74440184966797],[-84.07197120260012,46.74444384968791],[-84.07177720254226,46.74447584970417],[-84.07158220248353,46.744502849719694],[-84.07134620241192,46.74453184973788],[-84.07110920233941,46.74455584975541],[-84.07095120229059,46.744567849766476],[-84.0707522022288,46.744580849780064],[-84.07043420212925,46.74459484980078],[-84.07011620202933,46.744605849820985],[-84.06796620135292,46.7446738499568],[-84.06601720074009,46.7447378500803],[-84.06506320044012,46.744769850140855],[-84.06466420031451,46.74478185016595],[-84.06434620021483,46.744794850186516],[-84.06410820014104,46.74481085020285],[-84.06398920010449,46.74482185021148],[-84.06387220006903,46.74483685022061],[-84.063755200034,46.74485485023016],[-84.06363819999923,46.74487485024008],[-84.0634471999433,46.744914850257366],[-84.06329719990023,46.74495285027197],[-84.0631861998687,46.74498385028318],[-84.06304119982816,46.74502985029871],[-84.06289919978911,46.74507985031467],[-84.06272619974251,46.745148850335426],[-84.06268449973153,46.74516755034073],[-84.06259289970745,46.74520855035232],[-84.0625792997039,46.74521525035416],[-84.06246319967408,46.745272850369794],[-84.0623371996423,46.74534085038759],[-84.06221619961266,46.74541285040571],[-84.06212919959187,46.74546885041941],[-84.06201619956549,46.74554685043798],[-84.06188419953614,46.74564985046153],[-84.0618101995205,46.74571385047571],[-84.06173819950571,46.74577985049004],[-84.06166919949194,46.745846850504385],[-84.06160519948024,46.74591685051888],[-84.06154419946942,46.74598685053319],[-84.06148719946026,46.7460598505477],[-84.06143319945221,46.74613385056224],[-84.06135219944181,46.746258850586194],[-84.06131019943798,46.74633585060047],[-84.06127119943517,46.74641385061476],[-84.06123619943374,46.746492850628925],[-84.0612021994327,46.74657185064308],[-84.06117019943221,46.746650850657076],[-84.06114019943254,46.74673085067115],[-84.0610831994341,46.74689085069909],[-84.06103419943477,46.74702285072222],[-84.06099619943592,46.74712985074092],[-84.06095819943688,46.74723585075939],[-84.060910199438,46.74736885078264],[-84.06082419944009,46.74760785082443],[-84.06076719944166,46.74776785085234],[-84.0606901994433,46.74797985088944],[-84.06061719944526,46.74818405092511],[-84.06045219944966,46.74864585100573],[-84.0603011994538,46.7490688510796],[-84.06019319945885,46.74938885113507],[-84.0601531994661,46.749550851162304],[-84.0601401994721,46.74963285117569],[-84.06013119947932,46.749714851188806],[-84.06012419948723,46.749796851201836],[-84.06012219949685,46.749879851214736],[-84.06012519951138,46.74998985123148],[-84.06013119952338,46.7500718512437],[-84.06013719953206,46.75012685125185],[-84.06015119954692,46.750210851263894],[-84.06016719956214,46.750292851275596],[-84.06019519958438,46.75040085129059],[-84.06022119960252,46.75048085130135],[-84.06025019962162,46.75056085131198],[-84.06028419964223,46.75063985132211],[-84.06032119966366,46.75071785133197],[-84.06037719969417,46.750820851344486],[-84.0604381997261,46.750921851356516],[-84.06048819975128,46.75099685136511],[-84.06054219977757,46.751070851373385],[-84.06059919980464,46.75114285138112],[-84.06068019984221,46.75123785139098],[-84.06074519987136,46.75130685139781],[-84.06078919989095,46.751351851402156],[-84.06086019992189,46.751418851408324],[-84.06093419995332,46.75148285141387],[-84.06103719999648,46.75156685142078],[-84.0611462000411,46.751646851426685],[-84.0612612000872,46.75172385143186],[-84.06134920012202,46.75177885143516],[-84.06144020015768,46.751832851438145],[-84.0615632002054,46.751901851441566],[-84.0617222002663,46.75198485144508],[-84.0619812003647,46.75211385144982],[-84.06217620043857,46.75220885145304],[-84.06236920051204,46.75230585145669],[-84.06246320054827,46.752356851459076],[-84.06258620059606,46.75242685146268],[-84.0626752006312,46.75248185146592],[-84.06279020067721,46.752557851470925],[-84.06289920072182,46.752637851476855],[-84.0630302007764,46.75274185148521],[-84.06310420080786,46.752805851490756],[-84.0631752008386,46.75287185149675],[-84.06326620087869,46.75296185150531],[-84.06333120090805,46.753031851512254],[-84.06339220093626,46.753102851519614],[-84.06345020096366,46.753174851527284],[-84.06350420098984,46.75324785153535],[-84.06357120102352,46.75334785154685],[-84.06360120103923,46.75339785155276],[-84.06364420106244,46.753474851562075],[-84.06369720109221,46.75357885157501],[-84.06374420112013,46.753683851588406],[-84.06377520113975,46.75376285159871],[-84.06380220115821,46.75384285160948],[-84.06382520117552,46.75392385162055],[-84.06384620119222,46.75400485163179],[-84.06386220120746,46.75408685164351],[-84.06387420122138,46.75416885165537],[-84.06388120123377,46.75425085166759],[-84.06388620124545,46.754332851679855],[-84.06388620125571,46.754415851692634],[-84.0638842012652,46.75449785170537],[-84.06386620127971,46.754661851731626],[-84.06383720129074,46.7548258517585],[-84.06367820133033,46.75555685188021],[-84.06336240141258,46.757037852126295],[-84.06334950141591,46.75709825213634],[-84.06333720141915,46.75715585214589],[-84.0631882014587,46.75786085226296],[-84.06303720149762,46.75856585238011],[-84.06300120150966,46.75875585241145],[-84.06298120152007,46.7588918524335],[-84.06297420152794,46.75897385244655],[-84.06297120153722,46.75905685245944],[-84.06297120154736,46.75913885247206],[-84.06297320155811,46.75922085248458],[-84.06298120157429,46.75933085250096],[-84.06299520159216,46.759439852516905],[-84.0630142016117,46.75954885253256],[-84.0630402016333,46.759656852547664],[-84.06307320165706,46.759763852562195],[-84.06310920168171,46.75987085257649],[-84.06315220170838,46.75997585259015],[-84.06320020173662,46.76008085260351],[-84.06323920175869,46.760158852613195],[-84.06329520178916,46.76026085262565],[-84.06335320182035,46.760363852638044],[-84.06341320185193,46.7604648526501],[-84.06351720190695,46.76064185267125],[-84.06360720195453,46.760794852689486],[-84.06368220199396,46.76092085270449],[-84.06375720203351,46.76104785271966],[-84.06386220208896,46.7612258527409],[-84.0639192021198,46.76132885275338],[-84.0639602021424,46.76140585276286],[-84.06398760215782,46.76145995276957],[-84.0640352021856,46.761561852782464],[-84.06407920221258,46.761666852796],[-84.06410820223168,46.76174685280662],[-84.06413320224954,46.76182685281742],[-84.06415620226686,46.76190785282855],[-84.06418220228848,46.76201585284365],[-84.0641972023034,46.76209785285535],[-84.06421120231782,46.762178852866995],[-84.06422020233086,46.7622608528791],[-84.06422620234287,46.762342852891315],[-84.06422820235376,46.76242585290397],[-84.064228202364,46.76250885291675],[-84.0642222023757,46.76261885293394],[-84.06421420238331,46.76270085294704],[-84.06419920239198,46.762809852964686],[-84.06418320239699,46.76289185297823],[-84.06416520240124,46.7629728529917],[-84.06414420240456,46.763053853005395],[-84.06410320240809,46.763187853028384],[-84.06407420240869,46.763267853042336],[-84.06404220240827,46.763346853056376],[-84.06400720240674,46.76342485307038],[-84.06397020240462,46.76350285308455],[-84.0639432024024,46.7635548530941],[-84.06390120239858,46.763631853108365],[-84.06384020239162,46.763732853127465],[-84.06377320238249,46.76383185314659],[-84.06370120237155,46.763928853165716],[-84.06364320236206,46.764001853180325],[-84.0635832023517,46.76407285319472],[-84.06352120234064,46.76414285320911],[-84.06345620232844,46.76421185322347],[-84.06338820231518,46.764279853237895],[-84.0632932022958,46.76436785325696],[-84.06321920228022,46.76443285327127],[-84.06314220226349,46.76449585328546],[-84.06306420224627,46.76455785329956],[-84.06298320222804,46.76461885331362],[-84.0628722022023,46.764696853332104],[-84.06275720217518,46.764773853350626],[-84.0626412021475,46.764848853368946],[-84.06246520210513,46.76495985339623],[-84.06187820196394,46.76533085348751],[-84.06105820176678,46.76584985361508],[-84.06005920152633,46.76647985377021],[-84.0590612012862,46.76710985392522],[-84.0580922010527,46.76771885407532],[-84.0570942008124,46.76834785423019],[-84.05612620057946,46.76895885438054],[-84.05518720035356,46.76955185452641],[-84.05416320010731,46.770199854685735],[-84.05319119987332,46.7708128548366],[-84.05271919975938,46.77110785490953],[-84.05254419971743,46.77121985493695],[-84.05250679970857,46.77124455494291],[-84.05240019968332,46.771314854959925],[-84.05236549967519,46.7713387549656],[-84.05234429967025,46.77135335496906],[-84.0522591996504,46.771411854983036],[-84.0520961996131,46.7715308550108],[-84.05196419958376,46.77163385503437],[-84.05183819955673,46.77173985505803],[-84.05174019953634,46.77182785507727],[-84.05155719950015,46.77200685511539],[-84.05145019948044,46.7721228551395],[-84.05135059946319,46.77224015516335],[-84.05134919946292,46.77224185516366],[-84.05125419944761,46.77236285518777],[-84.05111719942843,46.772560855226196],[-84.05102319941714,46.772711855254904],[-84.05096619941155,46.77281385527386],[-84.05091519940817,46.77291785529285],[-84.05084419940495,46.77307485532112],[-84.05080219940452,46.77317985533972],[-84.05075819940706,46.773313855362886],[-84.05073519940974,46.77339485537663],[-84.05069319941637,46.773556855403974],[-84.05066119942633,46.77371985543092],[-84.05064319943737,46.77385585545287],[-84.05063119945048,46.77399285547461],[-84.0506271994628,46.774102855491755],[-84.05062819948003,46.77423985551275],[-84.05063619949937,46.77437585553316],[-84.05064819951681,46.77448585554938],[-84.05066719953967,46.77462185556917],[-84.05068819955984,46.77473085558463],[-84.05071219958094,46.77483985559999],[-84.05073719960227,46.77494785561514],[-84.05077819963535,46.77510985563764],[-84.05080259965504,46.7752065556511],[-84.05086719970708,46.775460855686404],[-84.05095529977797,46.77580765573454],[-84.05097819979646,46.77589785574705],[-84.0510111998235,46.776031855765716],[-84.051037199845,46.77613885578065],[-84.05107019987211,46.776272855799306],[-84.05111019990471,46.776433855821715],[-84.05115519994229,46.77662185584795],[-84.0511891999697,46.77675585586656],[-84.05121619999164,46.77686385588159],[-84.05126220002967,46.77705285590798],[-84.05130320006276,46.777214855930474],[-84.05133620008998,46.77734985594929],[-84.05137720012314,46.77751285597193],[-84.05143020016678,46.77772885600204],[-84.05163540033371,46.778550656116316],[-84.05163920033681,46.778565856118426],[-84.05164080033815,46.77857245611936],[-84.05165970035355,46.778648456129915],[-84.05182720049025,46.77932285622374],[-84.05201620064398,46.78007885632886],[-84.05220320079698,46.78083485643413],[-84.0523852009451,46.78156385653548],[-84.05256920109385,46.782292856636715],[-84.05262720113906,46.78250885666653],[-84.0526682011687,46.78264285668472],[-84.05269520118719,46.782722856695386],[-84.05274420121924,46.782855856712985],[-84.05280020125332,46.78298685672984],[-84.0528612012889,46.78311785674641],[-84.05292720132589,46.7832468567624],[-84.0529832013565,46.78334985677491],[-84.05305920139641,46.78347685679001],[-84.05310720142107,46.783552856798885],[-84.05317320145436,46.78365185681025],[-84.0532612014976,46.783774856824],[-84.05335220154171,46.78389685683745],[-84.05382020176566,46.78450185690303],[-84.05443720206095,46.78529985698963],[-84.05503520234738,46.786074857073764],[-84.0551497024022,46.786223157089886],[-84.05548140256107,46.78665295713656],[-84.05548230256149,46.78665415713667],[-84.05555000259388,46.78674175714614],[-84.05565120264237,46.78687285716042],[-84.05593220277684,46.78723585719975],[-84.05620220290828,46.78760285724036],[-84.05650920306867,46.78810885730018],[-84.05869720423196,46.79187585775095],[-84.05915520447533,46.79266285784508],[-84.05959920471139,46.79342685793647],[-84.06006020495617,46.794217858031026],[-84.06012020498781,46.794318858043006],[-84.06019920502855,46.79444485805776],[-84.06026720506247,46.79454385806898],[-84.06034120509804,46.794640858079575],[-84.0604212051352,46.79473485808934],[-84.06053120518449,46.794849858100555],[-84.06064920523569,46.79495985811056],[-84.06077820528995,46.79506585811934],[-84.06091320534547,46.79516685812694],[-84.06105620540279,46.79526185813315],[-84.0611762054501,46.7953348581374],[-84.06130020549813,46.795403858140745],[-84.06146220555978,46.79548485814369],[-84.06166120563446,46.79557585814605],[-84.06183220569778,46.79564685814697],[-84.06207220578635,46.795744858148026],[-84.06258620597629,46.7959558581504],[-84.06279820605319,46.79603085814958],[-84.06298120611844,46.79608685814747],[-84.06313020617057,46.79612485814463],[-84.06324520621007,46.79614785814145],[-84.06339920626276,46.79617685813689],[-84.06355520631557,46.79620185813162],[-84.06367220635484,46.79621785812726],[-84.06406420648585,46.79626685811188],[-84.06461220666928,46.796337858090794],[-84.06492520677386,46.79637685807852],[-84.06516020685312,46.79641185807013],[-84.065354206919,46.796444858063914],[-84.06550820697156,46.79647285805921],[-84.06569920703723,46.79651185805407],[-84.06600120714229,46.79658285804732],[-84.06618620720744,46.79663285804419],[-84.0663692072723,46.79668585804167],[-84.06651320732404,46.796732858040464],[-84.06665420737541,46.79678485804021],[-84.06679320742637,46.796838858040346],[-84.06696220748907,46.79690985804144],[-84.06701590750913,46.79693405804201],[-84.06712820755124,46.796984858043245],[-84.06725820760046,46.79704785804534],[-84.06744620767286,46.797148858049844],[-84.06760020773297,46.79723785805451],[-84.06780720781515,46.79736885806254],[-84.06800520789497,46.79750385807171],[-84.06816720796182,46.797626858081095],[-84.06829520801575,46.797732858089915],[-84.06844320807886,46.79786185810109],[-84.06853720811989,46.79795085810927],[-84.0686712081795,46.798087858122486],[-84.06875620821799,46.79817985813162],[-84.06883820825591,46.79827485814142],[-84.06889720828364,46.79834685814902],[-84.06897120831923,46.79844385815963],[-84.06902520834545,46.79851685816765],[-84.06912920839706,46.79866585818447],[-84.06956020861081,46.799282858254],[-84.06964720865376,46.799405858267775],[-84.06972020868916,46.79950385827859],[-84.06977720871626,46.7995758582863],[-84.06983820874447,46.79964685829363],[-84.06992320878308,46.79973985830293],[-84.07001520882342,46.79982885831124],[-84.07013820887614,46.79993785832079],[-84.07026720893022,46.80004285832938],[-84.07037720897519,46.800122858335214],[-84.07051620903161,46.80022085834218],[-84.07068820910057,46.800334858349636],[-84.07125820932963,46.80071785837512],[-84.07245820981156,46.80152085842826],[-84.07314621008751,46.80197885845843],[-84.07332121015706,46.80208985846524],[-84.07347321021653,46.80217885847003],[-84.0736277102762,46.802262958473904],[-84.0737592103261,46.80232785847616],[-84.07389321037624,46.802387858477545],[-84.07403121042707,46.802442858477924],[-84.074171210478,46.802493858477604],[-84.07435121054269,46.80255285847612],[-84.07453621060793,46.802603858473105],[-84.07468721066054,46.802639858469846],[-84.07488021072672,46.80267785846443],[-84.07507421079255,46.802709858457995],[-84.07527021085835,46.80273685845067],[-84.07597521109405,46.80282585842316],[-84.07616921115986,46.80285785841677],[-84.07628421119936,46.80288085841359],[-84.07643521125215,46.802918858410536],[-84.07662121131766,46.80296885840739],[-84.07676721136997,46.803015858406084],[-84.07694521143452,46.80307885840537],[-84.0771202114986,46.80314585840543],[-84.07729221156205,46.803215858406126],[-84.07756521166297,46.803327858407364],[-84.07770221171333,46.80338185840764],[-84.07787421177653,46.80344985840801],[-84.07801521182752,46.803498858407295],[-84.0781582118792,46.80354785840644],[-84.07834121194433,46.80360285840423],[-84.07849021199667,46.80364185840153],[-84.07868121206272,46.803683858396774],[-84.07883421211532,46.80371485839263],[-84.07898921216807,46.8037418583877],[-84.07961021237858,46.80384385836711],[-84.0803082126159,46.80396385834473],[-84.08065621273438,46.804024858333776],[-84.08084821280063,46.804065858328805],[-84.08096121284,46.804092858326385],[-84.08111121289251,46.80413085832342],[-84.0812592129449,46.80417285832122],[-84.08144021300977,46.804230858319585],[-84.0815832130615,46.80428085831888],[-84.0817222131125,46.80433485831903],[-84.08185921316321,46.8043918583198],[-84.08196021320089,46.80443585832065],[-84.08209221325065,46.80449785832247],[-84.08225121331147,46.804579858325745],[-84.0824062133714,46.80466485832973],[-84.08249621340678,46.804718858332734],[-84.08261321345334,46.80479385833744],[-84.08272621349889,46.80487085834264],[-84.08286121355444,46.80497185835028],[-84.08296521359796,46.80505585835706],[-84.08308621365006,46.80516485836672],[-84.08318021369102,46.80525385837489],[-84.083271613732,46.80534965838425],[-84.08333121375924,46.8054158583909],[-84.0834122137968,46.805510858400794],[-84.08348721383275,46.805607858411285],[-84.0835402138588,46.805681858419526],[-84.08362221390031,46.80580585843381],[-84.08368521393287,46.805906858445596],[-84.08375921397236,46.80603485846091],[-84.084010214106,46.80646785851268],[-84.08409821415302,46.806620858531026],[-84.08417421419281,46.806746858545885],[-84.08425521423426,46.80687285856052],[-84.08432521426872,46.80697085857145],[-84.08442221431447,46.80709085858422],[-84.08452721436247,46.80720785859604],[-84.08461721440243,46.807298858604725],[-84.0847362144536,46.80740585861422],[-84.08486521450774,46.80751085862274],[-84.08497621455291,46.80758985862841],[-84.08511921461036,46.80768585863478],[-84.08530021468142,46.807793858640785],[-84.0854902147544,46.80789385864501],[-84.08572321484178,46.80799985864767],[-84.08593021491791,46.80808185864818],[-84.0861092149825,46.808142858647024],[-84.08629421504853,46.808199858644976],[-84.08655621514033,46.808266858639975],[-84.08682021523231,46.80832985863422],[-84.08697221528504,46.80836485863066],[-84.08719921536408,46.80841885862573],[-84.08738721542959,46.80846385862164],[-84.08757621549539,46.80850885861751],[-84.08799021563988,46.80860985860877],[-84.08817521570514,46.80866085860579],[-84.08832021575702,46.808706858604424],[-84.08842621579554,46.808744858604015],[-84.08853021583377,46.80878585860424],[-84.08866621588432,46.80884385860521],[-84.0887972159337,46.80890585860702],[-84.08889221597009,46.80895485860904],[-84.08904421602941,46.80904285861362],[-84.08918921608729,46.80913685861961],[-84.08932421614296,46.80923885862733],[-84.08942621618597,46.809323858634436],[-84.08954421623739,46.80943485864456],[-84.08965121628582,46.8095508586561],[-84.08974821633164,46.80967085866882],[-84.08980121635769,46.809744858677114],[-84.08986621639093,46.80984585868878],[-84.08990921641418,46.80992285869811],[-84.08996121644364,46.81002685871101],[-84.090006216471,46.81013185872449],[-84.09004321649607,46.81023885873876],[-84.09008321652891,46.81040085876127],[-84.09010921655754,46.81056485878488],[-84.09012021657465,46.81067485880113],[-84.09012921659107,46.810783858817345],[-84.09014121661531,46.81094885884193],[-84.0901562166438,46.81113985887038],[-84.09016921666824,46.811303858894775],[-84.09018421669673,46.811494858923176],[-84.09020421673682,46.81176685896372],[-84.09022021676574,46.811958858992256],[-84.09023521678748,46.81209585901241],[-84.09025321680674,46.81220485902809],[-84.09027821682822,46.81231385904336],[-84.09030221684579,46.81239385905419],[-84.0903412168715,46.81250085906835],[-84.09037521689208,46.81257985907851],[-84.0904142169142,46.81265785908816],[-84.09048821695366,46.812785859103485],[-84.09057321699613,46.81290985911752],[-84.09064921703242,46.81300685912798],[-84.09075521708067,46.813123859139736],[-84.09084621712094,46.813214859148374],[-84.09094321716269,46.81330185915607],[-84.0911012172283,46.81342485916566],[-84.09124421728588,46.81352185917216],[-84.09139421734498,46.813612859177354],[-84.09155321740595,46.81369585918082],[-84.09168421745552,46.81375885918282],[-84.0918552175188,46.81382985918371],[-84.09199621757017,46.81388185918343],[-84.0921782176353,46.813938859181555],[-84.09236421770075,46.813988859178345],[-84.09259221777974,46.81403985917284],[-84.09438521839829,46.81441985912632],[-84.09499421860838,46.81454885911051],[-84.09552821879265,46.814662859096785],[-84.0960612189763,46.814773859082656],[-84.09624321903902,46.814812059077894],[-84.09663421917365,46.81489285906739],[-84.0971682193581,46.8150078590538],[-84.09777821956874,46.81513885903824],[-84.09835021976608,46.815259859023406],[-84.0988082199238,46.815354859011165],[-84.09922822006858,46.81544285900013],[-84.09945922014751,46.8154858589932],[-84.09969222022622,46.815521858985086],[-84.09992722030512,46.81555385897629],[-84.10016322038351,46.81557985896646],[-84.10036122044899,46.81559885895781],[-84.10056022051415,46.81561285894829],[-84.10079922059177,46.81562485893618],[-84.10103822066907,46.81563385892357],[-84.10123722073287,46.81563685891238],[-84.10143722079647,46.81563585890054],[-84.10167622087174,46.8156288588855],[-84.10187522093405,46.81561985887252],[-84.10211422100812,46.81560285885591],[-84.10231322106944,46.81558585884166],[-84.10251022112921,46.81556185882646],[-84.10278522121254,46.815526858804986],[-84.10317622133029,46.81547185877371],[-84.1041932216364,46.815326858692025],[-84.10497422187163,46.81521685862949],[-84.10567822208418,46.8151218585737],[-84.10657922235589,46.81499785850204],[-84.10685522244012,46.81496785848131],[-84.10717322253889,46.81494685845949],[-84.10741222261427,46.814940858444544],[-84.10761222267826,46.81494285843321],[-84.10777322273017,46.81494785842455],[-84.10797222279496,46.81495885841458],[-84.10825022288613,46.814979858401536],[-84.1084862229646,46.815005858391714],[-84.10879922306991,46.8150508583803],[-84.10906922316167,46.815096858371575],[-84.10933622325382,46.815153858364724],[-84.10952322331912,46.81519985836085],[-84.10974522339755,46.81526185835739],[-84.10992622346242,46.81531985835566],[-84.11010422352672,46.815380858354615],[-84.110280223591,46.815446858354434],[-84.11045222365446,46.81551685835511],[-84.11058722370468,46.81557485835614],[-84.11072222375502,46.81563385835725],[-84.11083322379658,46.81568375835843],[-84.1109265238315,46.815725558359354],[-84.11104062387422,46.81577665836052],[-84.11108812389199,46.81579795836104],[-84.11109022389279,46.815798858361084],[-84.11122422394294,46.81585885836242],[-84.11139122400543,46.81593385836418],[-84.11149322404337,46.81597785836491],[-84.11166322410651,46.81604985836604],[-84.1118002241571,46.816105858366576],[-84.1119392242082,46.81616085836693],[-84.11211422427206,46.81622585836662],[-84.11229222433636,46.81628685836557],[-84.11243622438805,46.816333858364345],[-84.11261922445318,46.81638885836213],[-84.11280322451844,46.81644185835946],[-84.11302822459722,46.81649885835507],[-84.11311712462815,46.816520058353106],[-84.11312322463027,46.81652145835295],[-84.113217224663,46.81654385835092],[-84.11329532468991,46.81656015834881],[-84.11344722474225,46.81659185834481],[-84.1135692247841,46.81661575834131]]},"properties":{"OGF_ID":8770,"TRACKNID":"ccd7f042be8b47b0ad2bd01f77063683","TRACKSEGID":"64ca0b0f99b74d54956a40a300866d5f","TRACKNAME":"None","TRACKCLASS":"Main","REGULATOR":"Unknown","TRANSPTYPE":"Train","USETYPE":"Freight and Passenger","GAUGE":"Standard","NUMTRACKS":1,"ELECTRIC":"Absence","STATUS":"Operational","SPEEDFREIT":-1,"SPEEDPASSE":-1,"UNITOFSPEE":"Unknown","SOURCEID":"Unknown","OPERATOENA":"Canadian National","OPERATOFNA":"Canadien National","OPERATORMK":"CN","OPSUBSTART":0,"OPSUBEND":165,"OPSUBUDIS":"Mile","OWNERENA":"Canadian National","OWNERFNA":"Canadien National","TRKUSR1ENA":"Algoma Central Railway","TRKUSR1FNA":"Algoma Central Railway","TRKUSR1RMK":"ACR","TRKUSR2ENA":"None","TRKUSR2FNA":"Aucun","TRKUSR2RMK":"None","TRKUSR3ENA":"None","TRKUSR3FNA":"Aucun","TRKUSR3RMK":"None","TRKUSR4ENA":"None","TRKUSR4FNA":"Aucun","TRKUSR4RMK":"None","SUBDI1NID":"0e4545c015724a89b9ca410f67ec28f8","SUBDI1NAME":"Soo","SUBD1START":0,"SUBD1END":296,"SUB1UNITDI":"Mile","SUBDI2NID":"None","SUBDI2NAME":"None","SUBD2START":-1,"SUBD2END":-1,"SUB2UNITDI":"Unknown","ADMINAREA":"Ontario","SPECVERS":"1.0","SECURCLASS":"Unclassified","GEOCREDATE":"2016","GEOREVDATE":"2016","GEOACQTECH":"Vector Data","GEOACCURA":10,"GEOPROVIDE":"Provincial/Territorial","ATTCREDATE":"2016","ATTREVDATE":"2016","ATTACQTECH":"Vector Data","ATTPROVIDE":"Federal","EFFECTIVE_DATETIME":1495114481000,"SYSTEM_DATETIME":1496217735000,"OBJECTID":158369,"SHAPE.LEN":0}},{"type":"Feature","id":218161,"geometry":{"type":"LineString","coordinates":[[-84.1135692247841,46.81661575834131],[-84.11367722482109,46.81663685833827],[-84.11394322491208,46.81668685833035],[-84.11413522497776,46.81672285832467],[-84.11435762505361,46.816763258317835],[-84.11440522506986,46.81677185831638],[-84.11490622524116,46.81686585830148],[-84.11639012574851,46.817144058257306],[-84.1164515257695,46.8171555582555],[-84.1171042259927,46.81727785823607],[-84.11752522613762,46.81736485822478],[-84.11775222621652,46.81741785821962],[-84.1179392262821,46.81746585821607],[-84.11812322634718,46.81751785821327],[-84.1183042264118,46.81757385821123],[-84.11848322647641,46.81763485821014],[-84.11859022651524,46.81767285820972],[-84.11876422657885,46.81773885820966],[-84.11897022665508,46.8178238582106],[-84.1191042267051,46.81788285821183],[-84.11923622675481,46.81794485821362],[-84.11936622680419,46.81800885821586],[-84.119555226877,46.81810985822025],[-84.11973922694865,46.8182148582256],[-84.11988922700758,46.818304858230626],[-84.1200352270658,46.8183988582365],[-84.12017722712294,46.818494858242886],[-84.1203202271806,46.81859185824943],[-84.12046222723761,46.81868685825567],[-84.12068922732918,46.81884185826617],[-84.12103122746682,46.81907285828157],[-84.12128722756974,46.81924485829297],[-84.12154322767282,46.81941785830448],[-84.12179922777585,46.81959085831605],[-84.12211222790192,46.81980285833023],[-84.12265122811912,46.82016885835483],[-84.12302222826841,46.82041885837145],[-84.12424322876016,46.82124585842674],[-84.12441222882852,46.821362858434846],[-84.12452022887298,46.821443858440915],[-84.12462322891614,46.82152685844761],[-84.12469722894778,46.82159185845325],[-84.1247682289786,46.821657858459226],[-84.12485722901826,46.82174885846797],[-84.12491922904684,46.82181985847523],[-84.12497822907454,46.8218918584828],[-84.12503322910118,46.82196485849075],[-84.12510122913514,46.82206385850198],[-84.1251752291746,46.822191858517236],[-84.12522622920375,46.82229585853022],[-84.12527222923144,46.82240085854365],[-84.12530422925148,46.82247985855385],[-84.12534522927773,46.82258585856771],[-84.12539622931048,46.82271885858512],[-84.12545822935,46.822877858605864],[-84.12551922938914,46.82303685862667],[-84.12556922942164,46.82316985864413],[-84.12561022944783,46.823275858658],[-84.12567022948672,46.823434858678866],[-84.1257312295258,46.82359285869951],[-84.12578222955855,46.82372585871693],[-84.12583722959238,46.82385685873375],[-84.12588622962102,46.82396185874699],[-84.12596822966626,46.82411585876579],[-84.12602822969806,46.8242178587779],[-84.12607622972278,46.82429385878677],[-84.12614222975613,46.82439285879806],[-84.12621322979103,46.82449185880912],[-84.12628822982691,46.82458785881944],[-84.12636422986313,46.82468485882984],[-84.12644222989977,46.82477985883983],[-84.12658122996486,46.824946858857324],[-84.1267002300204,46.82508885887211],[-84.12680023006702,46.82520785888448],[-84.12689923011338,46.825326858896965],[-84.12701823016893,46.82546885891176],[-84.12717623024288,46.82565885893159],[-84.12729523029856,46.82580185894658],[-84.12741523035446,46.825943858961324],[-84.12749523039173,46.82603885897118],[-84.12757323042841,46.82613385898123],[-84.12764723046404,46.82623085899174],[-84.1276982304896,46.82630585900024],[-84.12774523051401,46.82638185900918],[-84.12778723053695,46.826458859018494],[-84.12782723055929,46.826535859027935],[-84.12786123057991,46.82661485903808],[-84.12791023061209,46.826747859055594],[-84.12793323062948,46.82682885906664],[-84.12795223064556,46.82690985907798],[-84.12796723066054,46.82699185908967],[-84.12797723067395,46.82707385910162],[-84.12798423068634,46.82715585911379],[-84.1279862306938,46.82721085912209],[-84.12798523070381,46.82729385913488],[-84.12798123071275,46.8273758591477],[-84.12796823072223,46.827485859165336],[-84.12794923072971,46.8275948591831],[-84.12793323073473,46.82767585919648],[-84.12790523074254,46.82781085921881],[-84.12785623075737,46.82805585925923],[-84.12779613077556,46.82835625930881],[-84.12761413082947,46.829256759457486]]},"properties":{"OGF_ID":12793,"TRACKNID":"04081c87c7db46f48e0a198bba5323fc","TRACKSEGID":"dfa8e1a58f0d4758a5227904e491deb3","TRACKNAME":"None","TRACKCLASS":"Main","REGULATOR":"Unknown","TRANSPTYPE":"Train","USETYPE":"Freight and Passenger","GAUGE":"Standard","NUMTRACKS":1,"ELECTRIC":"Absence","STATUS":"Operational","SPEEDFREIT":-1,"SPEEDPASSE":-1,"UNITOFSPEE":"Unknown","SOURCEID":"Unknown","OPERATOENA":"Canadian National","OPERATOFNA":"Canadien National","OPERATORMK":"CN","OPSUBSTART":0,"OPSUBEND":165,"OPSUBUDIS":"Mile","OWNERENA":"Canadian National","OWNERFNA":"Canadien National","TRKUSR1ENA":"Algoma Central Railway","TRKUSR1FNA":"Algoma Central Railway","TRKUSR1RMK":"ACR","TRKUSR2ENA":"None","TRKUSR2FNA":"Aucun","TRKUSR2RMK":"None","TRKUSR3ENA":"None","TRKUSR3FNA":"Aucun","TRKUSR3RMK":"None","TRKUSR4ENA":"None","TRKUSR4FNA":"Aucun","TRKUSR4RMK":"None","SUBDI1NID":"0e4545c015724a89b9ca410f67ec28f8","SUBDI1NAME":"Soo","SUBD1START":0,"SUBD1END":296,"SUB1UNITDI":"Mile","SUBDI2NID":"None","SUBDI2NAME":"None","SUBD2START":-1,"SUBD2END":-1,"SUB2UNITDI":"Unknown","ADMINAREA":"Ontario","SPECVERS":"1.0","SECURCLASS":"Unclassified","GEOCREDATE":"2016","GEOREVDATE":"2016","GEOACQTECH":"Vector Data","GEOACCURA":10,"GEOPROVIDE":"Provincial/Territorial","ATTCREDATE":"2016","ATTREVDATE":"2016","ATTACQTECH":"Vector Data","ATTPROVIDE":"Federal","EFFECTIVE_DATETIME":1495114498000,"SYSTEM_DATETIME":1496217735000,"OBJECTID":218161,"SHAPE.LEN":0}},{"type":"Feature","id":265937,"geometry":{"type":"LineString","coordinates":[[-84.14540802344081,46.72387974223978],[-84.14493922326592,46.72367184223523],[-84.14476622320245,46.72360384223489],[-84.14458822313816,46.72354184223574],[-84.1444062230733,46.72348584223772],[-84.14418222299474,46.72342684224176],[-84.14399222292911,46.72338484224638],[-84.14387822289,46.72336184224953],[-84.14376122285032,46.72334184225327],[-84.14360522279769,46.72331784225868],[-84.14344822274539,46.72329884226493],[-84.14329022269338,46.72328484227199],[-84.14309122262844,46.723271842281655],[-84.1429322225771,46.723265842290026],[-84.14273222251332,46.72326484230155],[-84.14253322245071,46.72327084231408],[-84.14233422238887,46.72328284232752],[-84.14213622232818,46.723301842342025],[-84.14194022226893,46.7233268423573],[-84.14174522221069,46.72335784237351],[-84.1415922221657,46.723387842387034],[-84.14140222211057,46.72343084240474],[-84.14117922204689,46.723489842426865],[-84.14099622199556,46.72354584244612],[-84.14081922194701,46.72360884246616],[-84.14068022190946,46.72366284248256],[-84.14051122186453,46.72373484250349],[-84.14038022183054,46.72379684252069],[-84.1402512217975,46.72386184253822],[-84.14012622176622,46.72393084255614],[-84.13997622172964,46.72402084257874],[-84.13983322169594,46.724116842601845],[-84.1396962216647,46.72421684262523],[-84.13959222164189,46.72429984264409],[-84.13949322162097,46.72438584266306],[-84.13939822160161,46.72447384268214],[-84.13928622158005,46.724587842706214],[-84.13922992157005,46.72465174271936],[-84.1391832215617,46.724704842730205],[-84.13910622154907,46.72480084274951],[-84.13905122154054,46.724873842763934],[-84.13896222152746,46.72499684278802],[-84.13887622151528,46.72511984281199],[-84.13863322148067,46.72546584287935],[-84.13842622145135,46.72576184293696],[-84.13828822143189,46.72595984297546],[-84.13813622141103,46.726182843018655],[-84.13800622139436,46.72638284305701],[-84.13789422138044,46.726558843090615],[-84.13777222136659,46.726760843128815],[-84.13762822135234,46.72701684317655],[-84.13749022134017,46.72727384322417],[-84.13734922132706,46.72753084327189],[-84.13726522131934,46.727684843300494],[-84.13714822130719,46.72788784333853],[-84.13704722129711,46.72806684337195],[-84.13697722129064,46.72819484339575],[-84.13690522128357,46.72832284341959],[-84.13640152123901,46.72925984359309]]},"properties":{"OGF_ID":14560,"TRACKNID":"54dfa548a47a4e4ea0be7f91f0e5dd5f","TRACKSEGID":"b72d5bbc630c45f087bca4a31ea7b606","TRACKNAME":"None","TRACKCLASS":"Main","REGULATOR":"Unknown","TRANSPTYPE":"Train","USETYPE":"Freight and Passenger","GAUGE":"Standard","NUMTRACKS":1,"ELECTRIC":"Absence","STATUS":"Operational","SPEEDFREIT":-1,"SPEEDPASSE":-1,"UNITOFSPEE":"Unknown","SOURCEID":"Unknown","OPERATOENA":"Canadian National","OPERATOFNA":"Canadien National","OPERATORMK":"CN","OPSUBSTART":0,"OPSUBEND":165,"OPSUBUDIS":"Mile","OWNERENA":"Canadian National","OWNERFNA":"Canadien National","TRKUSR1ENA":"Algoma Central Railway","TRKUSR1FNA":"Algoma Central Railway","TRKUSR1RMK":"ACR","TRKUSR2ENA":"None","TRKUSR2FNA":"Aucun","TRKUSR2RMK":"None","TRKUSR3ENA":"None","TRKUSR3FNA":"Aucun","TRKUSR3RMK":"None","TRKUSR4ENA":"None","TRKUSR4FNA":"Aucun","TRKUSR4RMK":"None","SUBDI1NID":"0e4545c015724a89b9ca410f67ec28f8","SUBDI1NAME":"Soo","SUBD1START":0,"SUBD1END":296,"SUB1UNITDI":"Mile","SUBDI2NID":"None","SUBDI2NAME":"None","SUBD2START":-1,"SUBD2END":-1,"SUB2UNITDI":"Unknown","ADMINAREA":"Ontario","SPECVERS":"1.0","SECURCLASS":"Unclassified","GEOCREDATE":"2016","GEOREVDATE":"2016","GEOACQTECH":"Vector Data","GEOACCURA":10,"GEOPROVIDE":"Provincial/Territorial","ATTCREDATE":"2016","ATTREVDATE":"2016","ATTACQTECH":"Vector Data","ATTPROVIDE":"Federal","EFFECTIVE_DATETIME":1495114498000,"SYSTEM_DATETIME":1496217735000,"OBJECTID":265937,"SHAPE.LEN":0}},{"type":"Feature","id":284353,"geometry":{"type":"LineString","coordinates":[[-84.28773545276445,46.59481281404844],[-84.2855552522106,46.595935814349055],[-84.2853202521542,46.59608381438564],[-84.28512825211038,46.5962228144183],[-84.28494825207122,46.596368814451296],[-84.28478025203668,46.59652181448473],[-84.28471335202381,46.59658971449913],[-84.2846459520108,46.59665811451361],[-84.28462385200697,46.596683714518846],[-84.28452325198933,46.596799814542585],[-84.28440825197055,46.59694381457157],[-84.28435105196209,46.59702271458708],[-84.28422625194648,46.59721781462444],[-84.2841442519394,46.59737181465298],[-84.28409525193663,46.59747581467183],[-84.28405025193528,46.597580814690694],[-84.28401125193591,46.597686814709334],[-84.28397725193832,46.59779381472784],[-84.2839422519438,46.59792881475069],[-84.28391325195135,46.59806481477336],[-84.28389425196204,46.59820081479543],[-84.28388125197807,46.59836481482146],[-84.28387825199066,46.59847481483861],[-84.28388325200909,46.59861181485944],[-84.28389625202999,46.59874781487963],[-84.28391225204848,46.59885681489551],[-84.2839462520793,46.599019814918655],[-84.28397525210178,46.59912781493362],[-84.28401825213193,46.59926181495177],[-84.28408125217138,46.59941981497245],[-84.2841692522217,46.59960181499537],[-84.28424025225998,46.59972981501095],[-84.28430225229211,46.599830815022884],[-84.28436925232555,46.5999298150342],[-84.28444225236078,46.60002781504508],[-84.28452025239724,46.60012281505515],[-84.2846232524443,46.60023981506717],[-84.28473125249276,46.600354815078575],[-84.28484325254234,46.60046881508961],[-84.2849572525923,46.60058081510021],[-84.28507325264277,46.60069181511055],[-84.2861762531204,46.601727815205784],[-84.28679225338686,46.60230381525858],[-84.28731125361142,46.6027898153032],[-84.28780725382573,46.60325181534537],[-84.2880432539277,46.6034718153655],[-84.28820925399933,46.60362581537954],[-84.28835125406069,46.603757815391596],[-84.2884732541127,46.60386581540107],[-84.28859825416556,46.603972815410266],[-84.28872525421889,46.604078815419186],[-84.28888225428386,46.60420181542895],[-84.28904325435005,46.60432381543836],[-84.289315254461,46.60452381545331],[-84.28997225472826,46.60500081548842],[-84.29098325513992,46.605737815542824],[-84.29183025548471,46.606354815588446],[-84.29212725560632,46.606576815605294],[-84.29225925566078,46.60667881561326],[-84.29236325570405,46.60676181562],[-84.29251625576826,46.60688881563065],[-84.29266525583128,46.60701681564162],[-84.29278725588334,46.60712481565114],[-84.29293125594516,46.60725581566292],[-84.29307325600665,46.60738881567513],[-84.29323825607797,46.607542815689214],[-84.29335625612909,46.60765381569942],[-84.29359225623125,46.607874815719626],[-84.2938042563229,46.608072815737756],[-84.29394525638402,46.60820581575002],[-84.29418125648606,46.60842581577014],[-84.29441725658815,46.6086468157904],[-84.29464855668806,46.60886181580999],[-84.29470125671085,46.60891081581444],[-84.29498525683336,46.609173815838396],[-84.29522225693583,46.6093948158586],[-84.29543525702768,46.609591815876506],[-84.29576625717083,46.60990081590472],[-84.29597925726287,46.61009881592279],[-84.29671325757982,46.61078081598496],[-84.29749425791718,46.61150681605118],[-84.2977542580295,46.61174881607321],[-84.29796925812217,46.61194681609115],[-84.2982642582476,46.61220481611368],[-84.29844325832252,46.61235181612583],[-84.29862525839816,46.61249681613756],[-84.298812258475,46.612638816148475],[-84.29903025856392,46.61279881616038],[-84.29922625864292,46.612934816169876],[-84.29939725871134,46.61304981617757],[-84.29959925879173,46.61318181618612],[-84.29974425884936,46.6132758161921],[-84.29994725892993,46.61340681620041],[-84.30020825903347,46.61357481621108],[-84.30046925913715,46.61374381622182],[-84.30072925924053,46.61391281623266],[-84.30090225930934,46.614025816239945],[-84.30110325938954,46.61415881624863],[-84.30130125946891,46.614292816257695],[-84.30146425953542,46.61441281626668],[-84.30162125960054,46.61453681627656],[-84.30174625965344,46.61464381628575],[-84.30186425970456,46.614754816295964],[-84.30197725975435,46.614867816306756],[-84.30210525981212,46.61500681632069],[-84.30222325986708,46.61514881633563],[-84.30231625991162,46.61527081634902],[-84.30241925996258,46.615418816365775],[-84.30248225999486,46.61551881637751],[-84.30255426003353,46.615646816393046],[-84.30262226007102,46.6157758164089],[-84.30268226010604,46.615905816425425],[-84.30274526014564,46.61606481644623],[-84.30279126017663,46.61619781646405],[-84.3028302602058,46.61633381648271],[-84.30286626023728,46.6164968165057],[-84.3028942602663,46.61665981652923],[-84.30291026029167,46.61682481655369],[-84.3029172603176,46.61701681658283],[-84.30291226033968,46.617208816612724],[-84.30290026035928,46.61739881664267],[-84.30288726037533,46.617562816668766],[-84.30283026044133,46.61824481677713],[-84.30281026046875,46.61851881682051],[-84.30280426049718,46.61876481685878],[-84.30280926052242,46.61895681688808],[-84.30282626055151,46.61914881691663],[-84.30284426057399,46.619284816936535],[-84.30286926059868,46.619420816956016],[-84.30290426062987,46.619583816979066],[-84.3029542606689,46.61977181700513],[-84.30299726069906,46.61990581702328],[-84.30304426073039,46.620038817041014],[-84.30308526075648,46.620144817054914],[-84.30315426079787,46.6203028170752],[-84.30324326084855,46.62048481709802],[-84.3033272608942,46.620638817116834],[-84.30341726094152,46.62079081713501],[-84.3035332609998,46.620964817155034],[-84.30361726104177,46.621088817169195],[-84.30371686109179,46.62123821718637],[-84.30373126109903,46.62125981718887],[-84.30391326119059,46.62153381722043],[-84.30396726121768,46.621614817229776],[-84.30398966122898,46.62164841723363],[-84.3040132612408,46.6216838172377],[-84.30406476126682,46.621762017246695],[-84.3041772613236,46.62193281726644],[-84.30434026140614,46.622182817295425],[-84.30449026148177,46.62240981732158],[-84.30460626154017,46.62258481734178],[-84.3048042616399,46.622883817376234],[-84.30493626170629,46.62308281739917],[-84.30506826177287,46.62328281742226],[-84.3052162618475,46.623506817448096],[-84.30534826191408,46.62370681747119],[-84.30546426197233,46.62388081749116],[-84.3056952620887,46.62422981753141],[-84.30584226216303,46.624453817557324],[-84.30600026224425,46.62470581758688],[-84.30610126229824,46.62488381760838],[-84.30617926234227,46.625039817627844],[-84.30625026238417,46.62519681764787],[-84.30631226242335,46.62535481766858],[-84.30636726246051,46.62551481769],[-84.30641326249498,46.62567581771209],[-84.30645226252747,46.62583881773491],[-84.30647826255236,46.625973817754165],[-84.30650326258386,46.62616481778216],[-84.30651926261595,46.62638381781491],[-84.3065222626338,46.626520817835875],[-84.30651926264642,46.62663081785295],[-84.30650826266326,46.62679581787906],[-84.30648626267983,46.626986817909724],[-84.30646426268974,46.62712381793211],[-84.30643376269728,46.62726321795539],[-84.30639836270605,46.627425417982415],[-84.30626626273035,46.62796281807294],[-84.30608626276326,46.62869281819588],[-84.30600146277921,46.629040018254344],[-84.3059852627823,46.62910681826554],[-84.30598496278232,46.62910781826571],[-84.30597726278381,46.62913951827106],[-84.30594126279053,46.62928681829583],[-84.30578226281997,46.62993481840494],[-84.30561726285089,46.630609818518565],[-84.30545426288236,46.63128481863205],[-84.30529026291372,46.63196081874575],[-84.30512226294381,46.63263681885967],[-84.30504726295648,46.63293281890963],[-84.30497426296664,46.63320281895548],[-84.30492526297097,46.633363818983135],[-84.30487926297276,46.633496819006325],[-84.30482926297331,46.63362981902973],[-84.30476426297216,46.63378781905786],[-84.30468426296943,46.63397181909087],[-84.30460126296572,46.63415481912394],[-84.30449526296115,46.634390819166484],[-84.30417316294746,46.63510861929588],[-84.30415426294667,46.63515081930348],[-84.30398926293917,46.635514819369156],[-84.30385326293487,46.63582981942563],[-84.30379226293503,46.63598781945353],[-84.3037572629371,46.63609481947208],[-84.30372526294016,46.63620181949043],[-84.30369826294488,46.63630981950859],[-84.30367026295266,46.63644481953103],[-84.30364726296227,46.636581819553456],[-84.30363326297132,46.636690819571065],[-84.30362426298186,46.6367998195884],[-84.30361926299388,46.63690981960563],[-84.30361826300712,46.63701981962263],[-84.30362326302561,46.63715681964343],[-84.30363526304969,46.637320819667956],[-84.30365126307163,46.6374578196881],[-84.30367526309603,46.63759381970764],[-84.30371626313251,46.637783819734516],[-84.30375426316114,46.637917819752936],[-84.30379726319133,46.63805181977105],[-84.30385626322978,46.638211819792204],[-84.3039362632779,46.638395819815855],[-84.30401226332125,46.63855181983542],[-84.3040812633591,46.63868081985126],[-84.30415126339717,46.63880881986682],[-84.30426426345836,46.639013819891765],[-84.30434726350367,46.63916781991064],[-84.30443126354938,46.639321819929414],[-84.30454426361042,46.6395258199542],[-84.30462826365613,46.63967981997301],[-84.30469926369433,46.639806819988415],[-84.30478226373972,46.63996082000728],[-84.3048612637839,46.64011582002646],[-84.30493326382614,46.64027282004643],[-84.30497826385339,46.640377820059975],[-84.30503026388637,46.640510820077395],[-84.3050772639177,46.64064382009513],[-84.30511826394726,46.64077782011335],[-84.30515226397469,46.640912820132144],[-84.30518226400086,46.641047820151165],[-84.30521126403022,46.64121082017455],[-84.305230264053,46.641346820194386],[-84.30524826407566,46.64148382021442],[-84.30526726410193,46.641647820238546],[-84.30534326421036,46.64233082033925],[-84.30537526425772,46.64263182038369],[-84.30538726427841,46.64276882040407],[-84.30539326429394,46.64287882042067],[-84.30539326431085,46.643015820441754],[-84.3053782643331,46.643234820476366],[-84.30535526434593,46.64339782050278],[-84.3053332643524,46.643506820520855],[-84.30530626435718,46.64361482053907],[-84.30527126436084,46.64373462055956],[-84.30524876436263,46.64380702057204],[-84.30524826436265,46.6438085205723],[-84.30522326436389,46.64388282058519],[-84.30521326436384,46.64390792058961],[-84.30518126436364,46.64398882060392],[-84.30513526436201,46.644093820622814],[-84.30508426435878,46.64419882064197],[-84.30501726435331,46.64432682066556],[-84.30494426434595,46.64445482068955],[-84.3048812643384,46.644555820708824],[-84.30481426432935,46.64465482072796],[-84.30472326431551,46.64477682075205],[-84.30460726429646,46.644920820781046],[-84.30450526427826,46.6450358208047],[-84.30439626425772,46.64514982082863],[-84.30428126423503,46.645261820852625],[-84.30413526420476,46.64539182088119],[-84.30395726416651,46.64553982091435],[-84.3037752641266,46.64568482094737],[-84.30346426405872,46.645934821004055],[-84.30266926388693,46.64658782115113],[-84.30239826383013,46.646824821203445],[-84.30223226379641,46.646978821236864],[-84.30205126376114,46.64715882127517],[-84.30185626372483,46.64736582131846],[-84.30171126369899,46.64752982135224],[-84.30155526367307,46.64772082139072],[-84.30138726364653,46.647937821434006],[-84.30125766362784,46.648120121469645],[-84.3012472636264,46.64813482147253],[-84.30111526360906,46.64833382151083],[-84.30092126358447,46.64863382156841],[-84.30074426356246,46.648910821621406],[-84.30043466352481,46.649401921715096],[-84.30039446351991,46.649465621727245],[-84.30037926351807,46.64948982173192],[-84.2999802634689,46.65011782185194],[-84.29956626341796,46.65076982197653],[-84.29920026337315,46.65134782208687],[-84.29884926332971,46.651898822192265],[-84.29867326330789,46.65217482224501],[-84.2984902632835,46.65244782229775],[-84.29834526326157,46.65264282233627],[-84.29824826324553,46.652762822360394],[-84.29814626322775,46.65288082238452],[-84.29801826320424,46.653019822413455],[-84.29790826318339,46.65313382243744],[-84.29777026315625,46.6532688224663],[-84.2976252631264,46.65339982249489],[-84.29750026309976,46.653505822518554],[-84.29731826305988,46.653650822551555],[-84.2971562630234,46.65377182257964],[-84.29701726299136,46.65386982260285],[-84.2968732629572,46.65396382262575],[-84.29672626292192,46.65405582264855],[-84.29657526288493,46.65414482267109],[-84.29642126284664,46.65423082269331],[-84.29629526281505,46.654298822711134],[-84.29613526277424,46.654379822733],[-84.29597226273219,46.65445882275468],[-84.2958402626978,46.6545198227718],[-84.29557326262787,46.6546398228059],[-84.29534126256712,46.65474482283566],[-84.29514226251527,46.654836822861455],[-84.29491426245634,46.65494582289161],[-84.2947232624078,46.65504382291785],[-84.2945682623692,46.65512982294017],[-84.29441526233147,46.6552178229627],[-84.29426626229542,46.65530882298543],[-84.29414926226747,46.655383823003845],[-84.29400926223501,46.65548082302694],[-84.29384526219776,46.655600823055],[-84.29371326216854,46.655703823078596],[-84.29361326214737,46.6557898230977],[-84.29351726212765,46.65587682311668],[-84.29342226210835,46.65596482313579],[-84.2932882620826,46.65610082316456],[-84.29315126205576,46.656235823193356],[-84.29301326202861,46.65637082322221],[-84.2928972620055,46.65648182324608],[-84.292729261971,46.656634823279475],[-84.29263026195021,46.65672082329852],[-84.29252726192784,46.6568048233175],[-84.29239326189789,46.65690682334101],[-84.2922832618727,46.65698582335963],[-84.29214026183904,46.65708082338263],[-84.29202326181102,46.657154823400845],[-84.29190126178102,46.6572258234189],[-84.29174626174246,46.657311823441226],[-84.29161826170983,46.657376823458726],[-84.29148826167629,46.65743982347605],[-84.29135526164158,46.65750082349324],[-84.29118726159726,46.65757382351429],[-84.29095026153445,46.65767482354367],[-84.29071526147254,46.657777823573326],[-84.29048226141136,46.65788182360294],[-84.29024726134932,46.65798382363243],[-84.28974826121853,46.658207823696124],[-84.28931426110428,46.65839882375089],[-84.28877826096317,46.65863482381862],[-84.28837326085642,46.65881182386958],[-84.288069260776,46.65894282390756],[-84.28796916074955,46.65898612392004],[-84.28769826067806,46.65910382395404],[-84.28746226061556,46.659204823983366],[-84.28722726055366,46.659307824013005],[-84.28699126049128,46.6594098240425],[-84.28658426038362,46.659584824093265],[-84.28618226027767,46.6597608241439],[-84.28584926019033,46.65990982418635],[-84.28524626003151,46.6601748242624],[-84.28477525990724,46.66037982432152],[-84.2835322595796,46.660923824478054],[-84.28329825951808,46.661027824507705],[-84.28310025946674,46.661120824533626],[-84.28293925942555,46.66120182455554],[-84.28278225938605,46.66128582457766],[-84.2826612593564,46.661356824595686],[-84.2825432593282,46.66143182461411],[-84.28237125928749,46.66154482464155],[-84.28222885925504,46.66164832466584],[-84.28207425922058,46.66176682469311],[-84.28197225919867,46.66185182471217],[-84.2818272591687,46.661981824740685],[-84.28169025914185,46.66211682476948],[-84.28158125912142,46.66223182479354],[-84.28149825910666,46.66232582481286],[-84.28140025909036,46.66244582483705],[-84.28128725907239,46.662590824866],[-84.28095605902145,46.66303032495299],[-84.28092755901709,46.66306812496052],[-84.2808132589995,46.663219824990556],[-84.28059225896524,46.66351082504828],[-84.28043725893971,46.663702825086865],[-84.28027025890967,46.66388882512525],[-84.28013225888276,46.664025825154404],[-84.27998825885328,46.66415782518314],[-84.27983825882137,46.66428482521149],[-84.27970625879215,46.66438782523504],[-84.27957025876131,46.66448782525842],[-84.27934425870853,46.664641825295355],[-84.27908725864799,46.66481282533667],[-84.27865825854704,46.66509882540582],[-84.27779825834415,46.6656678255437],[-84.27739625824941,46.66593482560834],[-84.27694025814223,46.66623982568198],[-84.27663225807095,46.666454825733055],[-84.27647225803507,46.66657582576107],[-84.27632225800339,46.66670482578967],[-84.27620625798033,46.6668168258137],[-84.27607925795718,46.66695582584256],[-84.27600025794379,46.6670508258618],[-84.2759062579289,46.667171825885895],[-84.27575825790595,46.66736682592458],[-84.27544125785602,46.667777826006365],[-84.27532225783575,46.66791982603517],[-84.27521725781673,46.66803582605914],[-84.27512825779982,46.66812782607857],[-84.27501225777668,46.66823882610239],[-84.2748902577513,46.66834682612614],[-84.27476225772347,46.66845082614965],[-84.27465725770027,46.668532826168445],[-84.27451925766862,46.66863182619175],[-84.27434825762839,46.66874582621928],[-84.27419925759241,46.66883782624217],[-84.27401525754681,46.66894182626893],[-84.27385725750699,46.66902582629108],[-84.27366425745751,46.66912182631719],[-84.27357105743343,46.6691663263295],[-84.27346725740658,46.669215826343176],[-84.27272125721493,46.669582826443296],[-84.27149525690038,46.670189826608485],[-84.27026725658538,46.670797826773914],[-84.26923325631999,46.67130882691307],[-84.26899255625932,46.67143682694686],[-84.26894225624697,46.671466226954294],[-84.26894075624661,46.67146712695457],[-84.26885245622509,46.671520126967856],[-84.2687712562053,46.671568826980085],[-84.26854225615145,46.67172182701704],[-84.26835125610803,46.67186182704975],[-84.26814525606335,46.672029827087684],[-84.26800125603381,46.67216082711627],[-84.26784225600294,46.67231982715004],[-84.26769525597634,46.672482827183714],[-84.26757925595717,46.67262582721248],[-84.26748825594332,46.67274782723662],[-84.26738725592968,46.67289682726542],[-84.26729525591922,46.6730488272942],[-84.26722725591357,46.67317782731804],[-84.26716425590959,46.673307827341745],[-84.2671082559081,46.673439827365335],[-84.26703325591058,46.67365282740247],[-84.26699725591581,46.673787827425336],[-84.26696625592265,46.67392282744792],[-84.26693925593436,46.674086827474724],[-84.26691725595097,46.67427782750542],[-84.2669052559674,46.67444182753133],[-84.26689225598702,46.674633827561664],[-84.26686725601962,46.67496182761356],[-84.26684425605285,46.67528982766539],[-84.26679225612068,46.675972827773464],[-84.26673725619122,46.676684827886234],[-84.26671525620438,46.676847827912574],[-84.26669125621358,46.6769838279349],[-84.2666672562194,46.677092827953075],[-84.26663725622319,46.67720082797147],[-84.26660525622626,46.67730782798975],[-84.26655825622777,46.67744082801297],[-84.2665152562272,46.6775468280318],[-84.26646825622525,46.67765182805072],[-84.26641725622191,46.67775582806968],[-84.26637725621872,46.67783282808389],[-84.26630425621136,46.67796082810781],[-84.26622425620135,46.678085828131756],[-84.26615625619199,46.67818482815094],[-84.26610125618356,46.678257828165435],[-84.26604525617475,46.67833082817993],[-84.26598625616477,46.678401828194296],[-84.26590625615111,46.67849682821357],[-84.26580025613175,46.67861282823762],[-84.26568825611011,46.67872582826156],[-84.26559625609202,46.67881582828079],[-84.26550125607272,46.67890382829989],[-84.26540125605142,46.67898882831882],[-84.26529825602911,46.679072828337794],[-84.26516525599945,46.67917482836123],[-84.26502725596771,46.67927282838442],[-84.26491325594101,46.67934982840293],[-84.26476625590578,46.67944282842583],[-84.26458625586193,46.679550828452996],[-84.26440325581662,46.67965482847972],[-84.26421825577057,46.679757828506354],[-84.26409425573956,46.679825828524095],[-84.26387625568503,46.67994482855513],[-84.26368925563818,46.68004682858181],[-84.26347625558586,46.6801708286133],[-84.2633272555496,46.68026082863589],[-84.263152255508,46.68037382866352],[-84.26300925547439,46.680469828686675],[-84.26287125544278,46.680568828709966],[-84.26284965543796,46.68058512871376],[-84.2626822554003,46.68071082874286],[-84.26255125537139,46.68081382876639],[-84.26242525534455,46.680920828790235],[-84.2623052553199,46.68102982881403],[-84.26188525523587,46.68142982890011],[-84.26156025517106,46.681740828967],[-84.26126425511309,46.68203282902922],[-84.26109525508198,46.68221582906725],[-84.26097625506173,46.6823578290961],[-84.26086525504451,46.68250382912502],[-84.26079625503482,46.68260282914427],[-84.26068225502023,46.682777829177866],[-84.26059525501148,46.6829308292065],[-84.26053025500677,46.68305982923018],[-84.26045425500192,46.683215829258614],[-84.26032625499373,46.68347882930654],[-84.26015025498279,46.68384282937286],[-84.26007425497794,46.683998829401254],[-84.26001125497397,46.684128829424935],[-84.25992225496819,46.684310829458155],[-84.25975825495775,46.68464782951957],[-84.25961325495034,46.68496082957621],[-84.25949725494587,46.6852228296233],[-84.25934425494285,46.685591829689],[-84.25922325494373,46.685909829744986],[-84.25910825494663,46.6862288298008],[-84.25899605495032,46.686546929856256],[-84.25898625495066,46.68657482986114],[-84.2589375549509,46.686702329883644],[-84.2589052549511,46.68678682989847],[-84.25889155495074,46.68681912990428],[-84.2588492549496,46.68691882992206],[-84.25879125494738,46.68704982994561],[-84.25875725494633,46.687128829959775],[-84.25869525494274,46.68725882998334],[-84.25861825493753,46.687414830011846],[-84.25854825493111,46.68754283003566],[-84.25847625492406,46.68767083005957],[-84.25840025491557,46.687797830083504],[-84.25830625490438,46.68794883011225],[-84.25822425489382,46.688073830136254],[-84.25815525488413,46.688172830155544],[-84.25808525487395,46.688270830174694],[-84.25801325486307,46.68836783019386],[-84.25792025484849,46.68848883021789],[-84.25782425483283,46.688608830241954],[-84.25772325481529,46.68872683026599],[-84.2576222547978,46.688844830290094],[-84.25749925477612,46.68898583031898],[-84.25712625470966,46.689406830405545],[-84.25652325460159,46.69008283054481],[-84.2559472544998,46.690739830679554],[-84.25583125448057,46.69088283070831],[-84.25573925446642,46.69100483073249],[-84.25567025445662,46.69110283075159],[-84.25562225445076,46.69117883076606],[-84.2555632544446,46.69128083078523],[-84.25550925444018,46.69138383080425],[-84.25546225443824,46.69148883082312],[-84.25541025443806,46.69162083084645],[-84.25536725444097,46.69175483086958],[-84.2553322544465,46.691889830892386],[-84.25530025445305,46.69202483091502],[-84.25524325446509,46.692268830955896],[-84.25519525447321,46.69245783098775],[-84.2551522544761,46.69259183101087],[-84.25511225447649,46.69269783102953],[-84.25506525447454,46.69280283104845],[-84.25501225447057,46.69290683106749],[-84.25495125446366,46.69300783108662],[-84.2548832544543,46.693106831105816],[-84.25482825444598,46.6931808311204],[-84.25477125443675,46.69325283113484],[-84.25468625442127,46.69334583115413],[-84.25462125440913,46.69341483116853],[-84.25452725439023,46.69350383118771],[-84.25445225437431,46.69356783120197],[-84.25437425435734,46.693630831216176],[-84.25434865435155,46.693649831220604],[-84.25426625433292,46.69371083123481],[-84.25415125430588,46.693787831253346],[-84.2540312542766,46.69385983127145],[-84.25384825423144,46.69396483129833],[-84.25366125418475,46.694067831325135],[-84.2534452541313,46.69419083135666],[-84.25323525408014,46.694316831388356],[-84.25309225404646,46.69441183141132],[-84.25295625401547,46.69451083143448],[-84.25282825398763,46.694614831458],[-84.2527112539642,46.69472583148192],[-84.25260225394375,46.69484083150597],[-84.25250225392672,46.694959831530106],[-84.25241225391319,46.69508183155417],[-84.2523502539061,46.69518383157345],[-84.25228025389968,46.69531183159726],[-84.25222425389805,46.69544283162068],[-84.25217725389956,46.69557583164388],[-84.2521512539048,46.695684831662184],[-84.25212625391367,46.69582083168455],[-84.25211425392331,46.69592983170196],[-84.25210925393534,46.69603983171918],[-84.25210525395102,46.69617683174048],[-84.2521062539683,46.69631383176147],[-84.25210825398253,46.696423831778276],[-84.2521102540001,46.696560831799204],[-84.25210925402018,46.696725831824665],[-84.2521052540324,46.69683483184168],[-84.25209425404249,46.696944831859234],[-84.2520872540471,46.696999831868084],[-84.25206625405389,46.69710883188608],[-84.25204625405755,46.697189831899664],[-84.25202225405994,46.69727083191354],[-84.25199225406018,46.69734983192743],[-84.25195925405956,46.69742983194167],[-84.25192125405718,46.69750783195591],[-84.25188025405366,46.69758483197013],[-84.25181725404612,46.69768583198933],[-84.25174725403599,46.69778383200853],[-84.25167025402342,46.69787983202778],[-84.25160725401216,46.69795083204238],[-84.25151825399513,46.69804183206158],[-84.25142325397582,46.69812983208069],[-84.25132225395421,46.698214832099666],[-84.25121425392987,46.69829583211848],[-84.2511012539036,46.69837383213705],[-84.25098325387528,46.69844783215531],[-84.25089125385247,46.69849983216873],[-84.25079625382847,46.69854983218198],[-84.25066525379462,46.698612832199345],[-84.25053025375898,46.69867183221628],[-84.25039125372149,46.69872583223276],[-84.2502112536717,46.69878583225249],[-84.2501012536407,46.69881783226388],[-84.2499512535977,46.69885583227847],[-84.24979925355358,46.69888983229262],[-84.24960625349621,46.69892183230881],[-84.24945025344921,46.69894283232117],[-84.24925225338862,46.698961832335705],[-84.24909325333931,46.69897183234659],[-84.24901325331417,46.69897383235157],[-84.24897085330079,46.69897493235418],[-84.24891705328385,46.69897623235755],[-84.24885425326407,46.69897783236149],[-84.24874865323058,46.69897833236774],[-84.24865425320066,46.69897883237335],[-84.24833625309991,46.69898183239242],[-84.24805725301147,46.69898383240906],[-84.2478582529487,46.69898783242131],[-84.24765925288668,46.69899783243454],[-84.24746125282552,46.69901183244824],[-84.24730225277683,46.69902683245988],[-84.24710525271666,46.69904683247449],[-84.2468692526451,46.69907483249261],[-84.24659425256165,46.69910683251365],[-84.24572925229907,46.69920683257965],[-84.24360825165435,46.69944583274059],[-84.24235025127193,46.6995868328359],[-84.24207625118899,46.699620832857136],[-84.241885251132,46.699650832872955],[-84.24173225108694,46.69967983288634],[-84.24154525103319,46.699725832904385],[-84.24136225098184,46.69978083292352],[-84.24118325093272,46.6998438329437],[-84.24104525089567,46.69989883296025],[-84.24091225086093,46.69995983297739],[-84.2407842508285,46.70002683299518],[-84.24066125079796,46.70009583301298],[-84.24054225076924,46.70016983303137],[-84.24040225073672,46.700266833054464],[-84.240322250719,46.700328833068674],[-84.24021825069667,46.70041583308816],[-84.2401242506777,46.700503833107206],[-84.24003525066077,46.70059583312654],[-84.23993425064323,46.70071383315057],[-84.23986125063216,46.700811833169894],[-84.23981125062542,46.70088583318424],[-84.23975125061907,46.70098883320357],[-84.23969825061498,46.70109183322253],[-84.23967935061425,46.70113433323017],[-84.23963925061264,46.701224833246435],[-84.23959825061272,46.701330833265104],[-84.23956125061422,46.70143783328371],[-84.2395162506166,46.701572833307104],[-84.23941125062305,46.70189483336274],[-84.2392852506291,46.70226783342749],[-84.23920525063326,46.70250683346894],[-84.23914025063571,46.70269383350146],[-84.23907025063635,46.702878833533994],[-84.23901025063346,46.703009833557665],[-84.23894225062793,46.70313983358162],[-84.23886225061811,46.703265833605656],[-84.23878925060686,46.70336283362489],[-84.2387042505915,46.7034568336443],[-84.23861525057458,46.70354883366365],[-84.23849625055031,46.70365883368752],[-84.23836525052147,46.70376183371099],[-84.23828225050248,46.70382183372511],[-84.23813225046614,46.70391383374804],[-84.23800725043498,46.70398283376594],[-84.23787725040155,46.704046833783394],[-84.23770425035542,46.70411883380459],[-84.23763525033684,46.70414583381276],[-84.23752225030499,46.70417883382448],[-84.23737425026341,46.704222833839914],[-84.23722325021996,46.70425983385441],[-84.2370682501744,46.704289833868124],[-84.23691325012832,46.704315833881196],[-84.23671725006909,46.704340833896495],[-84.23647824999512,46.70435683391297],[-84.23631824994476,46.704360833922934],[-84.23611824988053,46.704355833933896],[-84.23595824982806,46.70434283394123],[-84.2357612497627,46.70432083394937],[-84.23552724968388,46.70428483395758],[-84.23525724959224,46.70423783396611],[-84.2350262495138,46.70419783397353],[-84.23479324943503,46.704159833981315],[-84.2345592493567,46.7041278339901],[-84.2344012493045,46.70411183399686],[-84.23424324925277,46.70409983400425],[-84.23408324920113,46.70409383401271],[-84.23392424915033,46.70409183402172],[-84.2337242490876,46.704098834034475],[-84.2335652490384,46.70410983404549],[-84.23340724899003,46.70412483405702],[-84.23321124893073,46.704148834072164],[-84.23301624887218,46.70417683408793],[-84.23282224881419,46.704206834103886],[-84.23258924874483,46.70424483412339],[-84.23235624867546,46.70428283414282],[-84.2322012486294,46.70430883415594],[-84.23200724857166,46.7043408341722],[-84.23185224852521,46.70436383418479],[-84.23169524847775,46.704383834197074],[-84.23153724842926,46.704397834208486],[-84.23137824837983,46.704406834219164],[-84.23121924833002,46.70441283422938],[-84.23105924827928,46.70441383423889],[-84.23090024822824,46.70440983424759],[-84.23074124817659,46.70440083425552],[-84.23062224813752,46.70439083426093],[-84.23046524808561,46.704374834267696],[-84.23023024800705,46.704343834276656],[-84.23003524794163,46.70431583428378],[-84.22972424783703,46.70426983429491],[-84.2293742477193,46.7042178343074],[-84.22917924765389,46.70418983431447],[-84.2289832475882,46.70416283432181],[-84.22882624753595,46.70414383432805],[-84.22866824748397,46.704129834335184],[-84.22850924743206,46.70411883434279],[-84.22830924736772,46.704112834353566],[-84.22814924731674,46.70411183436276],[-84.22799024726667,46.70411583437269],[-84.22783124721724,46.70412483438336],[-84.22767224716856,46.704139834394994],[-84.22751524712085,46.70415783440695],[-84.22735824707365,46.70417983441952],[-84.2272042470279,46.704205834432535],[-84.2270892469943,46.70422983444294],[-84.22693824695061,46.70426483445719],[-84.22678824690759,46.70430283447177],[-84.22664124686621,46.704345834486986],[-84.22649724682631,46.70439383450279],[-84.22632124677833,46.70445783452294],[-84.22618424674182,46.704514834539744],[-84.22605124670694,46.704574834556716],[-84.2258892466654,46.70465583457867],[-84.22573424662667,46.70474083460083],[-84.22552624657646,46.70486983463284],[-84.22535524653634,46.70498483466052],[-84.22521724650471,46.7050838346838],[-84.2250503464665,46.705204134712034],[-84.22504794646593,46.705205834712444],[-84.22418324626715,46.705821434857675],[-84.22418134626666,46.705822734857996],[-84.2237590461696,46.70612323492896],[-84.22296714598743,46.706686535061856],[-84.2228926459703,46.706739535074405],[-84.22275324593824,46.7068388350978],[-84.22258724590007,46.70695683512565],[-84.22245124586908,46.707055835148864],[-84.22231824583926,46.70715683517213],[-84.22221624581718,46.70724083519104],[-84.22211824579682,46.70732783521015],[-84.22200424577454,46.7074408352342],[-84.2218992457556,46.70755783525832],[-84.22180424574024,46.70767783528231],[-84.22173524573056,46.7077768353016],[-84.22165724572142,46.70790383532566],[-84.22157224571347,46.7080578353543],[-84.22146824570599,46.70826483539221],[-84.22139124570081,46.70842083542071],[-84.22132624569609,46.708549835444344],[-84.22124924569088,46.70870583547284],[-84.22118624568684,46.70883483549637],[-84.22111724568086,46.7089638355202],[-84.2210442456733,46.70909083554401],[-84.22099524566714,46.709166835558555],[-84.22094324565977,46.709240835573006],[-84.22088824565128,46.70931383558742],[-84.22080924563794,46.709408835606666],[-84.22072524562272,46.70950183562585],[-84.22065624560919,46.70956983564033],[-84.22056024558955,46.709657835659485],[-84.22048724557439,46.70972283567377],[-84.22038224555126,46.70980583569269],[-84.22027324552649,46.70988583571134],[-84.22016024550007,46.70996283572982],[-84.22004124547139,46.71003683574815],[-84.21991924544135,46.710107835766195],[-84.21976724540394,46.71019583578862],[-84.2194892453348,46.71035183582886],[-84.21903024522139,46.71061483589617],[-84.21875424515305,46.71077183593646],[-84.21851824509616,46.710918835972834],[-84.21837624506301,46.71101583599604],[-84.21826724503825,46.71109583601474],[-84.21816024501422,46.711176836033474],[-84.21808224499722,46.71123983604768],[-84.21795724497069,46.71134683607146],[-84.21783724494603,46.71145583609525],[-84.21772324492375,46.711568836119284],[-84.21763724490776,46.71166083613845],[-84.2175752448967,46.71173083615284],[-84.21749424488273,46.71182583617216],[-84.21739924486731,46.71194583619621],[-84.21725824484686,46.71214283623476],[-84.21717324483504,46.7122658362586],[-84.21703424481532,46.7124638362972],[-84.21691224479795,46.712636836330894],[-84.2168252447855,46.71275983635492],[-84.21673624477239,46.712882836379],[-84.21666124476056,46.71297983639835],[-84.21656224474327,46.71309483642182],[-84.2164762447274,46.71318783644113],[-84.21638524470961,46.71327783646028],[-84.21628824468954,46.71336483647934],[-84.21618624466747,46.71344883649823],[-84.2160792446435,46.71352983651691],[-84.21593824461061,46.713626836540065],[-84.21582714458366,46.713694236556954],[-84.21578824457421,46.713717836562836],[-84.21577784457159,46.71372363656438],[-84.21577684457137,46.7137242365645],[-84.21571324455545,46.71375923657361],[-84.21566324454295,46.7137868365808],[-84.21553524451046,46.71385283659839],[-84.21543624448475,46.713899836611446],[-84.21530124444912,46.71395883662839],[-84.2151252444018,46.71402883664944],[-84.21498324436297,46.714079836665626],[-84.21483824432245,46.71412483668102],[-84.21465524427089,46.714178836700015],[-84.21447124421894,46.714231836718916],[-84.21417724413583,46.71431583674905],[-84.21381124403268,46.714422836786916],[-84.21355324395968,46.714495836813214],[-84.2133312438965,46.714555836835444],[-84.21310424383087,46.714608836856854],[-84.21291324377492,46.71464783687405],[-84.21275824372871,46.71467283688695],[-84.21260124368138,46.71469383689938],[-84.2124432436331,46.714709836911084],[-84.21224424357129,46.71472183692455],[-84.2120452435088,46.71472783693711],[-84.21188524345774,46.71472683694632],[-84.21172624340667,46.714722836955005],[-84.21156724335489,46.714712836962796],[-84.21140924330291,46.71469883696987],[-84.21121324323764,46.714674836977665],[-84.21101924317185,46.71464183698395],[-84.21086524311914,46.71461183698832],[-84.21060024302732,46.71455083699443],[-84.21033924293606,46.71448383699946],[-84.21007924284456,46.71441283700372],[-84.20985624276634,46.71435383700772],[-84.20967124270145,46.71430483701103],[-84.20933624258403,46.714216837017105],[-84.20859224232318,46.71402083703047],[-84.20810924215377,46.713892837039026],[-84.20778604204058,46.713808937045044],[-84.20766224199726,46.713776837047355],[-84.20739724190541,46.71371583705346],[-84.20724424185303,46.71368583705783],[-84.20708824180045,46.713661837063256],[-84.20693124174792,46.713640837069214],[-84.2067732416957,46.71362483707599],[-84.20661424164389,46.71361483708376],[-84.20645424159227,46.71360883709223],[-84.20629424154126,46.71360783710143],[-84.20613524149121,46.71361183711134],[-84.20597524144168,46.713622837122365],[-84.20581724139304,46.71363583713364],[-84.20566024134546,46.71365483714574],[-84.20550424129881,46.71367883715854],[-84.20531224124235,46.71371583717544],[-84.20512324118776,46.713760837193405],[-84.20493824113524,46.71381183721212],[-84.20471824107344,46.713877837235124],[-84.20453624102247,46.71393383725438],[-84.20380924081897,46.71415783733134],[-84.20333624068658,46.714303837381465],[-84.20250124045305,46.7145628374701],[-84.20073653995934,46.715109437657354],[-84.20017923980356,46.71528283771661],[-84.19952323961971,46.71548383778588],[-84.19865323937628,46.71575283787813],[-84.1981462392348,46.71591283793237],[-84.19792823917378,46.71597983795542],[-84.19767823910459,46.716063837982965],[-84.19750323905726,46.71613083800351],[-84.19736523902006,46.716184838019856],[-84.19726423899334,46.716228838032535],[-84.197130238958,46.71628783804946],[-84.19693523890783,46.71638383807561],[-84.19680923887594,46.71644983809312],[-84.19665423883741,46.71653683811557],[-84.1965042388008,46.71662683813818],[-84.19624223873826,46.716794838179304],[-84.19575023862144,46.71711583825741],[-84.19482323840104,46.7177178384042],[-84.19470423837217,46.71779083842237],[-84.19455123833443,46.71787883844484],[-84.19442423830218,46.71794483846242],[-84.19429423826872,46.718008838479875],[-84.19416023823352,46.71806883849695],[-84.19402423819731,46.718125838513636],[-84.19385123815056,46.718192838534044],[-84.19370823811103,46.718240838549804],[-84.19352623806019,46.71829783856923],[-84.19334123800765,46.71834883858787],[-84.19315323795351,46.71839483860594],[-84.19292323788629,46.71844283862676],[-84.19265323780671,46.71849383865043],[-84.19154323747985,46.7187058387479],[-84.1911202373553,46.7187868387851],[-84.190815237266,46.71884883881244],[-84.19055023718909,46.71890883883719],[-84.19032523712444,46.71896483885899],[-84.19010323706136,46.719025838881294],[-84.1898462369889,46.719100838907906],[-84.18959223691822,46.719182838935325],[-84.18937823685931,46.71925683895925],[-84.18920023681059,46.71932083897944],[-84.18907053677532,46.7193692389945],[-84.18895623674423,46.71941183900771],[-84.18868243666945,46.719511539039075],[-84.18867623666779,46.719513839039784],[-84.18846523661016,46.71959083906392],[-84.18825523655289,46.71966783908808],[-84.18800623648482,46.71975783911648],[-84.18779523642718,46.719834839140624],[-84.18754223635784,46.719924839169266],[-84.18708223623219,46.72009183922186],[-84.18683423616403,46.7201788392497],[-84.18661823610397,46.72024883927314],[-84.18647223606298,46.72029283928843],[-84.18621423598965,46.72036383931444],[-84.18602723593588,46.72040983933243],[-84.18583723588078,46.720452839350166],[-84.18557023580239,46.72050583937391],[-84.18533923573418,46.72054883939404],[-84.18510823566564,46.72058883941369],[-84.1848382355857,46.72063683943685],[-84.18456823550574,46.72068483946002],[-84.18437923544984,46.72071883947625],[-84.18407223535968,46.7207798395036],[-84.18376823527117,46.72084583953154],[-84.18354223520583,46.72089883955288],[-84.18335523515212,46.72094583957109],[-84.18316923509902,46.72099483958947],[-84.18302023505655,46.7210348396043],[-84.18279823499326,46.721093839626356],[-84.1823112348544,46.72122383967484],[-84.18201423476968,46.72130283970432],[-84.18156923464292,46.721422839748826],[-84.1810492344947,46.72156183980057],[-84.18078923442049,46.7216308398264],[-84.18052723434533,46.72169683985187],[-84.18022623425844,46.721768839880525],[-84.17992423417091,46.721837839908765],[-84.17950523404872,46.72192783994711],[-84.17920023395938,46.72198983997449],[-84.17885523385776,46.722055840004806],[-84.17847023374429,46.722128840038536],[-84.17812523364259,46.7221938400687],[-84.17750923346071,46.72230784012222],[-84.17693223329036,46.72241484017241],[-84.17666223321052,46.72246384019574],[-84.17639123312988,46.722508840218495],[-84.17608123303728,46.722557840244136],[-84.17588623297874,46.722585840259825],[-84.17569123292014,46.72261384027558],[-84.17545623284894,46.72264284029375],[-84.17525923278902,46.72266484030867],[-84.175023232717,46.72268984032627],[-84.17474723263254,46.722716840346564],[-84.17455023257207,46.722734840360864],[-84.17431323249906,46.72275384037765],[-84.1740352324128,46.72277184039667],[-84.17387623236334,46.722780840407324],[-84.17371723231373,46.72278884041782],[-84.17347923223953,46.722800840433614],[-84.17312123212699,46.722811840456224],[-84.17276223201326,46.72281584047786],[-84.1722842318612,46.7228158405058],[-84.17200523177215,46.7228138405218],[-84.17176623169541,46.72280784053481],[-84.17152723161834,46.722799840547566],[-84.17128823154106,46.722789840559976],[-84.17101023145078,46.722774840573955],[-84.17073323136043,46.722756840587365],[-84.17033723123058,46.72272584060576],[-84.16954823097029,46.72265084064032],[-84.16881443072813,46.72258034067238],[-84.1687992307231,46.72257884067304],[-84.168443230606,46.7225478406891],[-84.16820423052819,46.72253384070089],[-84.16800523046376,46.72252484071118],[-84.167766230387,46.72251884072418],[-84.16752723031108,46.7225198407383],[-84.16732823024837,46.72252484075074],[-84.1671292301862,46.72253384076372],[-84.16681223008781,46.72255384078533],[-84.16657523001498,46.72257484080243],[-84.16637822995513,46.72259784081747],[-84.16618592989713,46.72262334083262],[-84.16618222989602,46.72262384083292],[-84.16594822982599,46.72265984085215],[-84.16581362978606,46.72268304086356],[-84.16580932978478,46.722683740863914],[-84.16571622975714,46.722699840871805],[-84.1656548297391,46.72271184087727],[-84.16548622968952,46.722744840892176],[-84.16529722963455,46.72278684090968],[-84.1650712295693,46.722840840931234],[-84.16488522951633,46.722890840949766],[-84.1646642294539,46.722954840972534],[-84.16437422937287,46.72304584100346],[-84.16416022931384,46.72311884102717],[-84.1639112292451,46.723203841054804],[-84.16362622916651,46.72330184108653],[-84.16319922904883,46.72344884113411],[-84.16301922899896,46.72350884115382],[-84.16283722894798,46.723564841173086],[-84.16269022890624,46.723605841188],[-84.16253922886294,46.72364384120261],[-84.16235122880852,46.723687841220375],[-84.16216022875271,46.72372784123769],[-84.16192822868398,46.72376884125756],[-84.1617732286375,46.723791841270156],[-84.16161622859012,46.72381284128256],[-84.16141922853016,46.72383484129746],[-84.1612222284697,46.72385284131175],[-84.16110322843295,46.72386184132007],[-84.16094422838385,46.72387384133124],[-84.16074622832244,46.723886841344765],[-84.16054722826058,46.72389884135828],[-84.16027022817481,46.723917841377386],[-84.16003222810104,46.723933841393716],[-84.15979522802775,46.723950841410186],[-84.15959722796671,46.72396684142424],[-84.15940022790625,46.723984841438515],[-84.15920322784632,46.72400684145335],[-84.15900722778716,46.724032841468855],[-84.15881322772923,46.724063841484956],[-84.15865822768325,46.72409084149812],[-84.1585052276383,46.724120841511734],[-84.15835322759425,46.724155841525956],[-84.15809022751846,46.724219841551175],[-84.15794122747583,46.72425884156591],[-84.15775722742384,46.724311841584765],[-84.1575742273723,46.72436584160374],[-84.15739122732087,46.724420841622916],[-84.15720922726987,46.724476841642144],[-84.15702722721865,46.72453084166111],[-84.15684422716721,46.72458584168024],[-84.15669822712604,46.72462884169539],[-84.15655222708504,46.724672841710685],[-84.15636722703249,46.724723841729336],[-84.1561792269782,46.724768841747235],[-84.15598722692182,46.7248068417643],[-84.15579222686347,46.724836841780295],[-84.15563522681597,46.72485684179255],[-84.15547722676756,46.72487184180411],[-84.15531722671763,46.72487984181467],[-84.15511822665505,46.724885841827266],[-84.15495822660414,46.7248858418366],[-84.15479922655268,46.72487884184477],[-84.15464022650086,46.724868841852555],[-84.15448222644872,46.724853841859456],[-84.15428622638301,46.72482684186676],[-84.15413122633045,46.72480084187184],[-84.15390022625165,46.724757841878706],[-84.15363322615988,46.724702841885836],[-84.15329022604186,46.724630841894815],[-84.15294722592395,46.724559841903954],[-84.15267722583174,46.72450884191189],[-84.15248322576628,46.72447884191859],[-84.15224722568762,46.72444984192792],[-84.1520892256356,46.72443584193503],[-84.1519702255966,46.72442684194056],[-84.15181122554526,46.72442084194895],[-84.15165122549374,46.724415841957544],[-84.15145222543065,46.724417841969476],[-84.15133222539285,46.72442084197694],[-84.1511332253305,46.72442884198977],[-84.15089522525665,46.724443842006],[-84.15061722517075,46.724464842025476],[-84.15030022507297,46.72448984204783],[-84.15010222501179,46.724504842061734],[-84.14974622490215,46.72453384208697],[-84.14935522478174,46.724566842114854],[-84.14907922469665,46.724588842134374],[-84.14880222461113,46.72460984215377],[-84.14864322456151,46.72461784216432],[-84.14848322451128,46.72462384217458],[-84.14847292450801,46.72462374217513],[-84.14832422446058,46.724622842183706],[-84.14816422440916,46.724618842192456],[-84.14796522434473,46.724609842202675],[-84.14776322427822,46.7245918422117],[-84.1475272241998,46.724564842221326],[-84.14733222413389,46.724533842227984],[-84.14713922406807,46.724497842233696],[-84.14691122398897,46.72444484223889],[-84.1467622239367,46.72440584224158],[-84.14657822387163,46.7243528422442],[-84.14639722380686,46.72429484224583],[-84.1462212237427,46.72422884224596],[-84.14604822367922,46.7241608422456],[-84.14602072366903,46.72414904224542],[-84.14584522360389,46.72407384224409],[-84.14557722350389,46.72395484224144],[-84.14540802344081,46.72387974223978]]},"properties":{"OGF_ID":16652,"TRACKNID":"b30f82b692604e32abff9aabe4b481ac","TRACKSEGID":"5fe9d85a870146039a730e3f741f70f3","TRACKNAME":"None","TRACKCLASS":"Main","REGULATOR":"Unknown","TRANSPTYPE":"Train","USETYPE":"Freight and Passenger","GAUGE":"Standard","NUMTRACKS":1,"ELECTRIC":"Absence","STATUS":"Operational","SPEEDFREIT":-1,"SPEEDPASSE":-1,"UNITOFSPEE":"Unknown","SOURCEID":"Unknown","OPERATOENA":"Canadian National","OPERATOFNA":"Canadien National","OPERATORMK":"CN","OPSUBSTART":0,"OPSUBEND":165,"OPSUBUDIS":"Mile","OWNERENA":"Canadian National","OWNERFNA":"Canadien National","TRKUSR1ENA":"Algoma Central Railway","TRKUSR1FNA":"Algoma Central Railway","TRKUSR1RMK":"ACR","TRKUSR2ENA":"None","TRKUSR2FNA":"Aucun","TRKUSR2RMK":"None","TRKUSR3ENA":"None","TRKUSR3FNA":"Aucun","TRKUSR3RMK":"None","TRKUSR4ENA":"None","TRKUSR4FNA":"Aucun","TRKUSR4RMK":"None","SUBDI1NID":"0e4545c015724a89b9ca410f67ec28f8","SUBDI1NAME":"Soo","SUBD1START":0,"SUBD1END":296,"SUB1UNITDI":"Mile","SUBDI2NID":"None","SUBDI2NAME":"None","SUBD2START":-1,"SUBD2END":-1,"SUB2UNITDI":"Unknown","ADMINAREA":"Ontario","SPECVERS":"1.0","SECURCLASS":"Unclassified","GEOCREDATE":"2016","GEOREVDATE":"2016","GEOACQTECH":"Vector Data","GEOACCURA":10,"GEOPROVIDE":"Provincial/Territorial","ATTCREDATE":"2016","ATTREVDATE":"2016","ATTACQTECH":"Vector Data","ATTPROVIDE":"Federal","EFFECTIVE_DATETIME":1495114513000,"SYSTEM_DATETIME":1496217735000,"OBJECTID":284353,"SHAPE.LEN":0}},{"type":"Feature","id":312449,"geometry":{"type":"LineString","coordinates":[[-84.1135692247841,46.81661575834131],[-84.11416662498327,46.81668665831728],[-84.11437232505344,46.816724058310974],[-84.11442072506992,46.81673285830948],[-84.11492172524126,46.816826758294596],[-84.11639972574658,46.81710385825056],[-84.11640572574866,46.81710495825042],[-84.11712122599327,46.81723905822914],[-84.11754222613824,46.817326058217866],[-84.11777122621783,46.81737955821265],[-84.11795992628399,46.817427958209],[-84.11814742635029,46.817480958206204],[-84.11833042641562,46.81753755820417],[-84.1185103264806,46.81759885820301],[-84.11861732651936,46.81763685820259],[-84.11879272658356,46.817703458202566],[-84.11900062666041,46.817789158203546],[-84.11913752671155,46.81784945820476],[-84.11927062676169,46.81791195820656],[-84.11940062681107,46.81797595820879],[-84.11959142688451,46.81807795821323],[-84.11977802695719,46.81818435821862],[-84.11992952701678,46.818275358223765],[-84.12007552707493,46.81836935822963],[-84.12021862713254,46.81846605823605],[-84.12036152719013,46.81856295824259],[-84.12050342724714,46.81865785824885],[-84.12073072733884,46.81881305825933],[-84.12107252747643,46.8190439582747],[-84.1213286275794,46.81921605828615],[-84.12158462768241,46.81938895829767],[-84.12184062778546,46.81956205830922],[-84.12215372791158,46.81977405832337],[-84.12269262812873,46.820140058348],[-84.12306362827802,46.820390058364616],[-84.12428512876996,46.82121735841995],[-84.12445412883837,46.82133435842798],[-84.12456372888346,46.82141655843418],[-84.12466812892715,46.82150055844096],[-84.12474462895987,46.82156785844682],[-84.12481562899075,46.82163385845277],[-84.12490622903104,46.82172625846162],[-84.12497062906071,46.82180005846916],[-84.12503062908895,46.821873258476884],[-84.125086529116,46.82194755848501],[-84.12515452914997,46.82204655849619],[-84.1252300291902,46.82217695851176],[-84.12528272922033,46.822284158525115],[-84.12532872924801,46.82238915853852],[-84.12540222929458,46.822575558562804],[-84.12545322932739,46.82270845858019],[-84.12551522936683,46.82286735860089],[-84.12557622940605,46.82302655862179],[-84.1256262294385,46.82315955863925],[-84.1256673294648,46.82326565865309],[-84.12572732950363,46.8234245586739],[-84.12578822954264,46.823582458694574],[-84.12583912957534,46.82371505871191],[-84.12589362960883,46.82384505872865],[-84.12594202963716,46.82394875874173],[-84.126023329682,46.82410135876033],[-84.12608262971347,46.82420225877235],[-84.12613012973793,46.824277358781075],[-84.12619552977094,46.82437545879228],[-84.12626572980551,46.824473358803196],[-84.12634012984101,46.824568658813455],[-84.12641592987717,46.824665358823815],[-84.12649352991369,46.824759858833794],[-84.12663232997858,46.82492665885124],[-84.12675133003417,46.825068658866016],[-84.1268513300808,46.8251876588784],[-84.12695043012718,46.825306758890854],[-84.12706933018272,46.82544865890568],[-84.12722743025674,46.82563875892556],[-84.12734633031233,46.825781658940514],[-84.12746623036817,46.82592355895521],[-84.1275463304055,46.82601855896512],[-84.12762463044228,46.82611395897513],[-84.12769943047832,46.82621205898578],[-84.12775163050449,46.826288758994515],[-84.12779953052939,46.82636605900353],[-84.1278424305528,46.82644465901306],[-84.12788273057527,46.826522259022624],[-84.12791783059656,46.82660335903297],[-84.12796743062904,46.82673795905073],[-84.12799113064698,46.8268211590621],[-84.12801043066331,46.826903459073556],[-84.12802573067859,46.826986859085444],[-84.12803603069224,46.8270704590977],[-84.12804313070482,46.82715345910995],[-84.12804523071266,46.82721115911869],[-84.12804423072268,46.82729415913149],[-84.12804013073168,46.82737725914445],[-84.1280270307414,46.8274891591624],[-84.12800783074904,46.82759965918042],[-84.12799163075404,46.827681559193955],[-84.12796363076184,46.827816459216265],[-84.12776093083211,46.82890155939444],[-84.12761413082947,46.829256759457486]]},"properties":{"OGF_ID":17609,"TRACKNID":"f70e2b0a949a4bf8891a83f9a78a4647","TRACKSEGID":"ea7a295511214dbb8437c18775474699","TRACKNAME":"None","TRACKCLASS":"Siding","REGULATOR":"Unknown","TRANSPTYPE":"Train","USETYPE":"Freight and Passenger","GAUGE":"Standard","NUMTRACKS":1,"ELECTRIC":"Absence","STATUS":"Operational","SPEEDFREIT":-1,"SPEEDPASSE":-1,"UNITOFSPEE":"Unknown","SOURCEID":"Unknown","OPERATOENA":"Canadian National","OPERATOFNA":"Canadien National","OPERATORMK":"CN","OPSUBSTART":0,"OPSUBEND":165,"OPSUBUDIS":"Mile","OWNERENA":"Canadian National","OWNERFNA":"Canadien National","TRKUSR1ENA":"Algoma Central Railway","TRKUSR1FNA":"Algoma Central Railway","TRKUSR1RMK":"ACR","TRKUSR2ENA":"None","TRKUSR2FNA":"Aucun","TRKUSR2RMK":"None","TRKUSR3ENA":"None","TRKUSR3FNA":"Aucun","TRKUSR3RMK":"None","TRKUSR4ENA":"None","TRKUSR4FNA":"Aucun","TRKUSR4RMK":"None","SUBDI1NID":"0e4545c015724a89b9ca410f67ec28f8","SUBDI1NAME":"Soo","SUBD1START":0,"SUBD1END":296,"SUB1UNITDI":"Mile","SUBDI2NID":"None","SUBDI2NAME":"None","SUBD2START":-1,"SUBD2END":-1,"SUB2UNITDI":"Unknown","ADMINAREA":"Ontario","SPECVERS":"1.0","SECURCLASS":"Unclassified","GEOCREDATE":"2016","GEOREVDATE":"2016","GEOACQTECH":"Vector Data","GEOACCURA":10,"GEOPROVIDE":"Provincial/Territorial","ATTCREDATE":"2016","ATTREVDATE":"2016","ATTACQTECH":"Vector Data","ATTPROVIDE":"Federal","EFFECTIVE_DATETIME":1495114513000,"SYSTEM_DATETIME":1496217735000,"OBJECTID":312449,"SHAPE.LEN":0}}]}