{"type":"FeatureCollection","name":"Trapline Area","features":[{"type":"Feature","id":9025,"geometry":{"type":"Polygon","coordinates":[[[-84.1476644267395,46.74475874531738],[-84.1474998266792,46.744694845317134],[-84.14735492662687,46.74464484531794],[-84.14699612649807,46.74452644532068],[-84.14671382639648,46.7444318453227],[-84.14637822627732,46.74433194532695],[-84.14594332612005,46.744179645328934],[-84.14555412597915,46.7440418453305],[-84.14531772589872,46.74399994533789],[-84.14462342565223,46.74379404534687],[-84.14411212546356,46.74358424534445],[-84.14371542531944,46.74343994534547],[-84.14288302502312,46.74318664535518],[-84.14216432476094,46.74291644535567],[-84.14176732461941,46.742793345359956],[-84.14149092452081,46.742707645362934],[-84.1412532244199,46.74250354534544],[-84.14111382436299,46.742401845338],[-84.1409739243058,46.74229974533044],[-84.14088492426838,46.74222624532434],[-84.14080392423573,46.742170345320496],[-84.14063662415813,46.7419738453001],[-84.14059312414061,46.74194414529807],[-84.1405570241261,46.741919545296376],[-84.14035332404404,46.74178024528685],[-84.14000562391686,46.74164704528672],[-84.1399681239032,46.741632645286685],[-84.13973502382268,46.741581545292455],[-84.13955192375886,46.74153694529633],[-84.13951522374153,46.74149114529142],[-84.13939932370073,46.741459445293295],[-84.1389494235498,46.74139724531001],[-84.13865082346089,46.74144684533511],[-84.13839212339278,46.74156174536791],[-84.13818252334214,46.741691845400126],[-84.13784872324418,46.741759045429944],[-84.13786562325974,46.74184154544166],[-84.13767582320614,46.74189654546118],[-84.13743152314763,46.742052445499446],[-84.13715402308485,46.74225904554737],[-84.13703662305745,46.7423400455667],[-84.13701432305113,46.74234584556888],[-84.1369440230331,46.74238094557837],[-84.13683752300363,46.74241704559014],[-84.13666462296558,46.74255444562139],[-84.1365711229423,46.74260674563488],[-84.1363230228744,46.74269644566313],[-84.13622682285148,46.74275864567832],[-84.1357646227219,46.74290064572713],[-84.13441582232876,46.743193745851],[-84.13134602142524,46.743789946121986],[-84.1308699213175,46.74414444620429],[-84.12964492096334,46.74443404632033],[-84.12913912078295,46.74427724632576],[-84.12896082061071,46.743343146192615],[-84.12831632035495,46.74293394616739],[-84.12780062015034,46.74260664614718],[-84.12404201888212,46.74202654627755],[-84.12158221814953,46.74243514648403],[-84.12074881796083,46.74305544662801],[-84.11944411767645,46.74411534686715],[-84.11862551752407,46.744991247049555],[-84.11782161740798,46.74612294727042],[-84.11738961740903,46.747244347468055],[-84.11667511724724,46.74777604759145],[-84.11533591687811,46.748239347740885],[-84.11368471627357,46.74760144773924],[-84.11341711614703,46.747267247703505],[-84.11227171572291,46.74678624769648],[-84.11091771531746,46.74699384780739],[-84.10970241498732,46.74745374794905],[-84.10899281483759,46.74807054808532],[-84.10827831467577,46.74860214820873],[-84.1073010143995,46.74888474830923],[-84.10644291415024,46.749078848389146],[-84.10533191381076,46.74919434847173],[-84.10453011347178,46.74851694841446],[-84.10462141369723,46.75010674865347],[-84.10582791443193,46.75294274901889],[-84.10711691536996,46.75721074959952],[-84.10666951576107,46.76152605028865],[-84.10797251673347,46.76603285090489],[-84.10761751810074,46.77799545276291],[-84.10707381825497,46.780639953200755],[-84.10443151771818,46.78310235373316],[-84.10569371858968,46.78689295424134],[-84.10722121936728,46.78924205451269],[-84.10732471962272,46.791038054782334],[-84.10748541966043,46.790928954756204],[-84.10898012029767,46.79222915486835],[-84.11052482125875,46.79601335535886],[-84.10782062085806,46.7997310560874],[-84.10380192006552,46.80366645692616],[-84.10215671999869,46.8073552575883],[-84.10225182052743,46.81137425819924],[-84.10243422062254,46.811672658234365],[-84.10285982084936,46.81240775832223],[-84.10325322105165,46.81302815839439],[-84.10361262125167,46.81371705847904],[-84.10400652144848,46.81429155854415],[-84.10446342171082,46.8152329586618],[-84.10488972192937,46.81589925873903],[-84.10544802220427,46.816680758826266],[-84.10603902249812,46.81753115892214],[-84.10669562282433,46.81847355902828],[-84.1073519231561,46.8194616591414],[-84.10791012343384,46.82026605923209],[-84.10856772374902,46.821116759324056],[-84.10915942403459,46.82189845940933],[-84.10978442433084,46.82268025949266],[-84.11037482463304,46.823599359599044],[-84.11083282488455,46.8244490597025],[-84.11132472513829,46.82523015979347],[-84.1120452255248,46.826493459945],[-84.11220792562506,46.82688355999528],[-84.11233682572315,46.82734226005809],[-84.11232672585356,46.82841866022367],[-84.11222292587163,46.82883036029282],[-84.11215062592537,46.82944836039182],[-84.11201032597445,46.830203460515776],[-84.11187182600133,46.83077526061151],[-84.11166652600974,46.83136966071464],[-84.11132672599228,46.83210086084662],[-84.11098892594984,46.83262596094688],[-84.11071942590645,46.83296806101502],[-84.11038172586122,46.8334702611118],[-84.11014552582844,46.833812561178085],[-84.10994312579797,46.834086361231904],[-84.10960722573056,46.834405361300426],[-84.10940552569177,46.834610461343686],[-84.10920452564466,46.834746861376324],[-84.10903722560255,46.83483756140001],[-84.10725532509007,46.83528366157265],[-84.10575782480034,46.83679376189169],[-84.10350782419124,46.8376637621567],[-84.10348452454052,46.840534062597925],[-84.1028386244936,46.84181376283182],[-84.10152752419572,46.84277946305651],[-84.10189202443944,46.843805663192434],[-84.10167422441852,46.84419616326507],[-84.10202362460147,46.84477196333284],[-84.10426522553288,46.846516363468936],[-84.10489452577661,46.84686316348524],[-84.10565622607402,46.84730216350795],[-84.10645042639321,46.84783296354277],[-84.10731052674194,46.848432763584285],[-84.10797192701301,46.848917063619815],[-84.10873262732433,46.849470563660056],[-84.10942652761716,46.850046563707686],[-84.11011992791559,46.85066846376237],[-84.11094622826208,46.85133676381633],[-84.11183842863821,46.852074063877076],[-84.11303022911292,46.852835863924],[-84.1139910294853,46.85336736394912],[-84.1150515298924,46.85392236397206],[-84.11594573024355,46.854453564001076],[-84.11713843070714,46.85512366403385],[-84.11819773113098,46.85581596407787],[-84.119223631547,46.85653096412723],[-84.11995073185334,46.857130064176395],[-84.1207108321759,46.85777506423067],[-84.12153713252536,46.85846616428808],[-84.12239713287985,46.85911166433658],[-84.12315683320803,46.8598024643979],[-84.12375073347471,46.860423764458204],[-84.12427833371451,46.86099886451536],[-84.12464163387331,46.86134416454692],[-84.12497173401867,46.86166646457694],[-84.12516903411593,46.8619422646076],[-84.125399934221,46.86219526463286],[-84.12546423427293,46.862447564667725],[-84.12556143434108,46.862745764707654],[-84.12562423441243,46.86315826476711],[-84.12558843443524,46.8634329648113],[-84.1253515344109,46.86384396488809],[-84.12511543437542,46.86416346495083],[-84.12474573430295,46.8645280650283],[-84.12420863418846,46.86498346512951],[-84.12380533410811,46.865370865212405],[-84.12350243405415,46.86571286528256],[-84.12299803395861,46.86623716539237],[-84.12252623388204,46.86683026551081],[-84.12212213381291,46.86730926560778],[-84.12145063366971,46.867878465734236],[-84.12094653356857,46.868356965837066],[-84.12000653336813,46.86915386601408],[-84.11970463330026,46.86938136606659],[-84.1191665331968,46.869928366181874],[-84.11832313306999,46.87106926640591],[-84.11811903306187,46.87152636648786],[-84.11794953304765,46.87184606654669],[-84.11787783309323,46.87239536663496],[-84.11794043316742,46.872830866698],[-84.1181365332814,46.87324406674972],[-84.118465833438,46.87365796679379],[-84.11876273357275,46.87398006682569],[-84.11902603369968,46.87432486686303],[-84.11922233381088,46.87471516691127],[-84.11945193393275,46.875105666957566],[-84.11964823404399,46.87549596700586],[-84.1198447341524,46.87586336705052],[-84.11997523423118,46.876161667088525],[-84.12017053435638,46.87666646715437],[-84.1202342344167,46.87698746719977],[-84.12029813447418,46.877285467241606],[-84.12029553450759,46.87756026728382],[-84.12019263451465,46.877880367338825],[-84.12014043450334,46.87792286734841],[-84.12789983699221,46.8780417669119],[-84.13113483803446,46.87812876673555],[-84.13224883839356,46.87816016667508],[-84.141434741323,46.8781669661376],[-84.1429359419452,46.87931856622575],[-84.14336764210312,46.87948096622534],[-84.14373294223692,46.879620066225144],[-84.14413114238697,46.87980516623011],[-84.14459564256384,46.880036366238286],[-84.14519354278053,46.88024536623519],[-84.145791243,46.88047716623559],[-84.14648914324859,46.88068656622671],[-84.14705394345184,46.880872366222],[-84.14781864371892,46.881059266205774],[-84.14861604400502,46.88131486619804],[-84.1496806443679,46.881503066164434],[-84.15057904467196,46.88164466613339],[-84.15157764500518,46.881763866093024],[-84.15254324532215,46.88183706604762],[-84.15337544559934,46.88193246601342],[-84.15434074592193,46.882051465974975],[-84.15527284623104,46.882147365934934],[-84.15620514653735,46.88222036589145],[-84.15727054688902,46.88231686584369],[-84.15820334718975,46.882344065793106],[-84.15953624761252,46.88232736571234],[-84.16047014789646,46.882217065640724],[-84.16133694816475,46.88215236557998],[-84.1626375485629,46.882020865483554],[-84.16377214889948,46.88181996538626],[-84.16510714929146,46.8815511652668],[-84.1662087496118,46.881304265164346],[-84.16690994981282,46.88112426509568],[-84.16774515004519,46.880853165005234],[-84.16878065033582,46.88053726489613],[-84.17008425068919,46.88003926474346],[-84.1713894510173,46.87933516455917],[-84.1725948513107,46.87860776437719],[-84.17376635160184,46.87794886420767],[-84.17483695187505,46.87740396406145],[-84.1756397520828,46.87701826395535],[-84.17681155236825,46.876313463778786],[-84.17794965264875,46.875654463611205],[-84.1792207529745,46.875018763439336],[-84.18032515324988,46.87440536328073],[-84.18126295347211,46.8737911631317],[-84.18236705375023,46.87320056297654],[-84.1834704540396,46.872701562835466],[-84.18413925421305,46.87238386274763],[-84.18484005441675,46.87222666268246],[-84.18587405472682,46.872070862597916],[-84.18634115486445,46.87198126255676],[-84.1871739551303,46.87198496250848],[-84.18810515545044,46.87217216248243],[-84.18863705563737,46.872311862472586],[-84.18916885582712,46.8724744624662],[-84.18986695607285,46.87266076245377],[-84.19046525628382,46.872823662443516],[-84.19129615658046,46.87307916243379],[-84.19236025694872,46.87331276240705],[-84.19319145723973,46.87352236239031],[-84.19395625750674,46.873708862373974],[-84.19465475774685,46.873849262354405],[-84.19592045815374,46.87387756228439],[-84.19708675852024,46.87383676220972],[-84.19862005899533,46.87372876210312],[-84.19995365940383,46.87359706200468],[-84.20142075984921,46.87342006189144],[-84.20252086018884,46.873333061813526],[-84.203987760637,46.87317896170383],[-84.20562166113272,46.872979661577375],[-84.20742226167872,46.872758161437716],[-84.20918956221415,46.872536561300045],[-84.21055616263594,46.87242776120311],[-84.21212276312156,46.872319661094565],[-84.21342276352212,46.87221056100148],[-84.2146895639092,46.87207836090684],[-84.21555636417433,46.87199036084246],[-84.21672326452952,46.871857660753626],[-84.2178229648747,46.87181636068272],[-84.21875546517515,46.871843060632],[-84.2192879653536,46.87191396061157],[-84.21998696558528,46.87198546058142],[-84.22051976575813,46.87201056055392],[-84.22094846589245,46.871992660526],[-84.22102066589794,46.87185226050032],[-84.22125736591335,46.87137236041302],[-84.22149416592599,46.870869460322176],[-84.22179766595985,46.87036686022749],[-84.22220146602007,46.86981896011996],[-84.22253806606734,46.869339360026885],[-84.22280836608779,46.868813759930624],[-84.22297906607075,46.8682419598331],[-84.222915465999,46.86782945977379],[-84.22262006583036,46.8672328596999],[-84.22205696559631,46.866795459666086],[-84.22119366527511,46.8664255596602],[-84.22016446488952,46.865963359650046],[-84.2192681645521,46.865547459639075],[-84.2182060641503,46.865039359623765],[-84.2172777637826,46.86446305959013],[-84.21641666342492,46.863795359538564],[-84.21558916307511,46.86310495948157],[-84.2148273627606,46.862529359438284],[-84.21390026237329,46.86179265938003],[-84.21300596200501,46.86112485933042],[-84.21221166166868,46.860457459274954],[-84.21158196141631,46.86004265924845],[-84.21081926111864,46.859604359226196],[-84.2099566607891,46.859165659209765],[-84.20896086041706,46.858726359201],[-84.20783235999411,46.858217859189494],[-84.2068363596249,46.85780145918426],[-84.20527565905257,46.857199559183805],[-84.20414725862969,46.856690959172184],[-84.20335165831582,46.85620665914481],[-84.20265705801702,46.85558545909049],[-84.20206155776418,46.855079059047966],[-84.20159925755384,46.854573358997754],[-84.20110395732723,46.85402155894235],[-84.20084215716939,46.85342505886647],[-84.20064795701609,46.852691458765605],[-84.20062015691867,46.85198135865856],[-84.20079235688218,46.851249258536384],[-84.20119635693969,46.85067845842531],[-84.20166535704365,46.850314058342036],[-84.20256845726614,46.84979115820897],[-84.20353775751543,46.84931425807911],[-84.20427275770993,46.848996757987344],[-84.2050739579313,46.848725357898786],[-84.20604135821144,46.848500357807566],[-84.20720815856082,46.84832205771178],[-84.20867475900303,46.84812205759506],[-84.2105416595615,46.8478321574411],[-84.2122083600618,46.84758715730577],[-84.21380846054085,46.847341857174314],[-84.21494156088521,46.84720915708741],[-84.21570846111268,46.84707485702189],[-84.21630856128988,46.846962856969505],[-84.21707596150895,46.84675985689338],[-84.21761006165652,46.84657885683431],[-84.21811096179056,46.8463748567737],[-84.21857866191407,46.84617065671494],[-84.2190141620073,46.845805956633576],[-84.21958396212624,46.84530455652337],[-84.22005366221607,46.84482555642249],[-84.22039076225215,46.844254356315254],[-84.22059426225422,46.84375135622632],[-84.22076556222608,46.84308795611471],[-84.22087186215143,46.84221815597538],[-84.22101166208463,46.841325555830544],[-84.2211168620268,46.84059315571226],[-84.22129106195102,46.8395404555409],[-84.22146566186964,46.838441955362455],[-84.22174016181735,46.83732095517473],[-84.22198126175716,46.83622265499242],[-84.22218726171724,46.83537615485076],[-84.2224945616839,46.83432395467162],[-84.22276896163443,46.83322585448743],[-84.22294106159225,46.83244795435821],[-84.22301116155468,46.83196725428048],[-84.22304816150373,46.83146365420118],[-84.22311876145768,46.83091425411291],[-84.22322326141112,46.830273454008676],[-84.22332816135896,46.829586853897396],[-84.2234666613118,46.82885465377712],[-84.22353776125742,46.82823655367832],[-84.22370956122087,46.827504453556124],[-84.22388026120115,46.82690975345503],[-84.22408386120046,46.82638385336258],[-84.22432046121313,46.82588095327166],[-84.22452306122925,46.8254924532003],[-84.22475916125035,46.82505835311996],[-84.22506136130103,46.82469315304624],[-84.22556446139585,46.824168452936384],[-84.22646836159281,46.82343925277163],[-84.22797286195559,46.82250635254044],[-84.22927706226305,46.821641352331426],[-84.23058236255089,46.82061605209779],[-84.23155406274661,46.819703951901076],[-84.23232506289541,46.81892835173703],[-84.23306306302804,46.818106851567826],[-84.23363416311601,46.81735345141891],[-84.23410626315811,46.8164850512582],[-84.23454656316446,46.815410451067756],[-84.23481866314849,46.81458715092569],[-84.23502446310574,46.813717750780384],[-84.23516276305857,46.81298545066011],[-84.235267163012,46.812344650555815],[-84.23533926293804,46.81156635043237],[-84.23534966275888,46.81010075020723],[-84.23525346266548,46.80959655013561],[-84.23509176253123,46.80893175004326],[-84.23496346240768,46.80826714994897],[-84.23483476228965,46.8076482498617],[-84.23460836210342,46.806731349734505],[-84.23424976186084,46.80569934959742],[-84.23382476159424,46.80464424946066],[-84.23326626129362,46.80365734934221],[-84.2327401610176,46.80278494923941],[-84.23231306078745,46.802027549148406],[-84.23201826061367,46.80138514906725],[-84.2317567604505,46.800742848984186],[-84.23146216027394,46.80007754889946],[-84.23113356009797,46.799503748830816],[-84.23083745994658,46.79904454877785],[-84.23034245972042,46.798492948722284],[-84.22984705949983,46.79798714867384],[-84.22938665926189,46.797252448588225],[-84.22895965903179,46.79649504849719],[-84.2285651588263,46.795852248421824],[-84.22826915867498,46.7953929483688],[-84.2280385585616,46.79507144833301],[-84.22780845844267,46.794704148290194],[-84.22751215829409,46.79426774824073],[-84.22705255804507,46.79344154814103],[-84.22692115797472,46.793211948113516],[-84.2267242578664,46.79284474806876],[-84.22655925779098,46.792660848050275],[-84.22636185769103,46.79236234801609],[-84.22413675671599,46.79021554781742],[-84.22410985640907,46.78781564745103],[-84.22407165607602,46.78523374705738],[-84.22389605450792,46.773060445200635],[-84.22389225444023,46.77252524511875],[-84.22265385397378,46.77194254510196],[-84.22255445393645,46.77189624510067],[-84.22202345375014,46.771756745110395],[-84.2213930535265,46.77157094511884],[-84.22066275327379,46.7714076451366],[-84.22013235307915,46.77119934513575],[-84.21973435293528,46.77106024513771],[-84.21943575282873,46.770967445140975],[-84.21920395274063,46.77085194513683],[-84.21913795271107,46.7707830451301],[-84.21900625264635,46.77059924510963],[-84.21890855258108,46.77032404507314],[-84.21890975256154,46.77016374504849],[-84.2190777525867,46.7699354450036],[-84.21934595263521,46.769638844942364],[-84.21961425268094,46.76931934487763],[-84.21978205270881,46.76911384483629],[-84.22005045275453,46.76879434477153],[-84.22031915279467,46.768429044699744],[-84.220620752851,46.76810964463303],[-84.22098865293131,46.767813444566045],[-84.22125655298547,46.76756264451185],[-84.22152455303673,46.76728894445417],[-84.2219270531053,46.766809644357004],[-84.22219555314824,46.76646724428876],[-84.22243015319174,46.76621634423649],[-84.22263115323021,46.766011044193206],[-84.22279855326369,46.76585144415894],[-84.22289895328431,46.76576024413902],[-84.22296615329435,46.7656688441211],[-84.22306635331778,46.76560064410476],[-84.22387975348757,46.76488354394701],[-84.2238196527417,46.759027043051816],[-84.22378925242296,46.75653594267127],[-84.22373575165982,46.750519741750864],[-84.22372805149135,46.74918124154584],[-84.22366695146057,46.74908954153537],[-84.22343815136222,46.748883441517116],[-84.22315585125307,46.74872714150964],[-84.22298025118619,46.74863864150633],[-84.22253005102085,46.7484601415053],[-84.22211815087604,46.74834914151238],[-84.22165275071859,46.74827334152801],[-84.22127115059284,46.74823794154493],[-84.22088215047013,46.74824674156911],[-84.22037865031982,46.74832614161074],[-84.2200046502165,46.74845254165207],[-84.21969945012596,46.748505041678044],[-84.21947835005942,46.74853594169574],[-84.21928755000958,46.748623441720305],[-84.21913484997619,46.74874594174808],[-84.21856274988167,46.7494516418899],[-84.21840254985248,46.749627141926254],[-84.21828804982889,46.74973054194884],[-84.21804394975163,46.749734041963656],[-84.21780724967769,46.74974514197923],[-84.21769294965043,46.74981814199718],[-84.21761654963363,46.74987884201097],[-84.21747934959939,46.749954642030644],[-84.21724264952127,46.74993204204102],[-84.21703664944727,46.7498636420426],[-84.21677734936284,46.74984844205545],[-84.21651014926594,46.749752442056376],[-84.21635774920334,46.74963854204777],[-84.21618224912719,46.74947474203292],[-84.21602964905689,46.749299042014876],[-84.21593804900408,46.74910814199092],[-84.21566344888126,46.74882224196312],[-84.21545744878588,46.748581641938245],[-84.21528194870841,46.74840654192162],[-84.21513694865509,46.748348741921255],[-84.21493864856463,46.748128241898975],[-84.21471724846485,46.74789144187561],[-84.21459534841242,46.74778124186585],[-84.2141069482229,46.747505841852146],[-84.21381704811094,46.74734644184467],[-84.21360344802545,46.74720504183545],[-84.21345094796226,46.747086641826165],[-84.21312264783082,46.74686864181197],[-84.2129320477608,46.74679304181152],[-84.21267264766551,46.746690041810865],[-84.2122986475294,46.74655204181158],[-84.21174174734288,46.74647654183262],[-84.2111466471573,46.74650684187212],[-84.210620246995,46.74654854190934],[-84.21037604691871,46.7465599419254],[-84.21004034679538,46.746426441924555],[-84.2097579466947,46.746338841927596],[-84.2095673466166,46.74619794191717],[-84.20923924647906,46.745930341895246],[-84.20897214637323,46.74576234188511],[-84.20862114624038,46.74559104187935],[-84.20834644614204,46.74550314188195],[-84.20804894604176,46.74545754189234],[-84.20767514591539,46.74539714190494],[-84.20727074578006,46.74534324192039],[-84.20661454557786,46.74539654196698],[-84.20614164544635,46.74554924201812],[-84.20577534534404,46.74566414205718],[-84.20556934528786,46.745739642080885],[-84.20511934515895,46.745854642124876],[-84.20489794509787,46.74593064214948],[-84.20457754500825,46.746029642183416],[-84.20417314489418,46.746147842225284],[-84.2037993447696,46.746102042240125],[-84.2034864446734,46.746128842262564],[-84.2033949446453,46.74613704226921],[-84.2031584445714,46.74614814228473],[-84.20281504446262,46.746152142305455],[-84.20248704435357,46.74611404231883],[-84.20218944425129,46.74605264232677],[-84.20189184415372,46.746029542340665],[-84.20154844402798,46.74589624234028],[-84.20115934389047,46.74578564234613],[-84.20082374377284,46.74569824235229],[-84.20048024365877,46.74565954236644],[-84.20006834351548,46.74556084237543],[-84.19977834340469,46.74541144236948],[-84.19938934327294,46.74534694238233],[-84.19906114315766,46.74525934238806],[-84.19860334299493,46.7451214423937],[-84.19830584288572,46.745003742392996],[-84.19802364278505,46.744916042396056],[-84.19779474269855,46.744805442392504],[-84.19764204263572,46.74469044238378],[-84.19746664255956,46.74452654236886],[-84.19723014242679,46.74406184231132],[-84.19714624236833,46.74380544227683],[-84.19706984231948,46.743607342250904],[-84.19697834227996,46.74352324224336],[-84.19682564219735,46.743248542210075],[-84.1967265421422,46.743057742186586],[-84.19660454208169,46.7428823421668],[-84.1963832419929,46.742734342157],[-84.19594074183888,46.74262744216648],[-84.19546004167313,46.74252394217874],[-84.19496404150688,46.74245564219728],[-84.19459014139017,46.74247394222193],[-84.1941934412716,46.742535742254674],[-84.19377394115696,46.74268804230257],[-84.19341524106414,46.74286004235],[-84.19310244098727,46.743043142396445],[-84.19291934093847,46.74311914241881],[-84.19272864089389,46.74324934244998],[-84.1926752408821,46.74329134245958],[-84.19257604086039,46.74337064247752],[-84.19238524081479,46.74349294250752],[-84.19214104075743,46.74365724254704],[-84.1919121406974,46.74376044257626],[-84.19162224061407,46.74383264260434],[-84.19121794048881,46.74385964263213],[-84.19103464042668,46.74382884263813],[-84.19056944026826,46.74374504265246],[-84.19001994008387,46.74366814267284],[-84.18960043995007,46.743665242696935],[-84.1892189398343,46.743710742726236],[-84.18876883970431,46.74381774276903],[-84.18853223963696,46.74388174279271],[-84.18830333957693,46.743984842821945],[-84.18809733952742,46.74411434285388],[-84.18780743947917,46.74447004292549],[-84.18775383946956,46.744530042937804],[-84.18763953945641,46.74471774297334],[-84.18755573943928,46.74479434299002],[-84.18731143937183,46.744877643017084],[-84.18705213929414,46.744916443038235],[-84.18683083921653,46.74485844304225],[-84.1866782391642,46.74482784304648],[-84.18651023910125,46.74475154304461],[-84.18642653905346,46.74458054302321],[-84.1864264390288,46.744381442992655],[-84.18651023902994,46.74417554295615],[-84.18665543903985,46.74388234290257],[-84.1868231390705,46.743698742864616],[-84.18702153910397,46.74345924281621],[-84.18731923917076,46.74323384276411],[-84.18757853922915,46.74303874271899],[-84.18789893932356,46.74297804269091],[-84.18820423941132,46.74290204266141],[-84.18836443945419,46.74283674264198],[-84.18852453948621,46.74268384260913],[-84.18862373950181,46.74255504258358],[-84.18866953950173,46.74243674256267],[-84.18858563946031,46.74231764254933],[-84.18854753944261,46.74227254254461],[-84.18841003938515,46.74216164253564],[-84.18827283932296,46.742012442520725],[-84.1881890392827,46.7419023425087],[-84.18796003919475,46.7417804425034],[-84.18771583910286,46.74166574250005],[-84.1876013390541,46.74156654249154],[-84.18748703900927,46.74149774248764],[-84.18723513891393,46.741375342483565],[-84.18709783885902,46.74128474247766],[-84.18694533879861,46.7411888424719],[-84.18681553875123,46.74113954247192],[-84.186762238731,46.74111294247094],[-84.18662493867122,46.740982942458984],[-84.18633483855146,46.74076144244192],[-84.18621273850232,46.740678242436275],[-84.1861593384805,46.74063924243345],[-84.18609833845548,46.74059374243004],[-84.18603733842998,46.74054474242602],[-84.18600683841929,46.74053664242657],[-84.18594563839599,46.740505742425434],[-84.1858694383685,46.740479742425926],[-84.18580073834285,46.74044894242517],[-84.18571693831144,46.740410842424204],[-84.18558723826546,46.74037284242595],[-84.1854421382131,46.74032284242677],[-84.18534303817593,46.7402772424256],[-84.18527433815028,46.7402465424249],[-84.18515223809683,46.74012844241388],[-84.18506843805656,46.74001824240186],[-84.18499203801662,46.739892142386964],[-84.18495383798272,46.73971654236218],[-84.18499203798403,46.73962884234647],[-84.18505303798453,46.73947644231951],[-84.18538113802754,46.73898014222406],[-84.18564823806996,46.73863634215561],[-84.1857703380928,46.7385069421286],[-84.18600683814161,46.73829334208195],[-84.18605253814862,46.73823244206992],[-84.18606023815002,46.73822434206822],[-84.18614403817018,46.73817144205519],[-84.1862128381878,46.73813684204587],[-84.18628143820212,46.73807644203256],[-84.18631973821002,46.738041642025],[-84.18638823822195,46.73796204200877],[-84.18644933823477,46.73790864199698],[-84.1864721382354,46.737855141987396],[-84.18648743823509,46.73781304198003],[-84.18651783823472,46.73773234196586],[-84.18652553823064,46.73767924195726],[-84.18652553822494,46.7376331419502],[-84.186525638217,46.73756904194032],[-84.18649513819835,46.737496741931004],[-84.18645703817957,46.737442641924915],[-84.1864188381642,46.73741674192321],[-84.18638073814581,46.737366041917625],[-84.18634253812948,46.73733224191468],[-84.18631963811889,46.73730584191193],[-84.18628133810101,46.73725964190709],[-84.18627383809492,46.737229541902884],[-84.18623573807704,46.737183341898046],[-84.18621283806554,46.73714914189409],[-84.18618223805257,46.7371229418919],[-84.18618993804785,46.73706534188254],[-84.18623563805156,46.73697744186638],[-84.1862433380516,46.73695814186299],[-84.18625863805129,46.736916041855615],[-84.18631953805986,46.73682884183866],[-84.18635773806535,46.73677494182812],[-84.18638823806616,46.73670324181535],[-84.18643413806846,46.736604041797406],[-84.18646473807489,46.73657734179153],[-84.18650263808166,46.73653464178275],[-84.18651803808237,46.73650044177659],[-84.18651803807765,46.73646224177072],[-84.18648753806133,46.736409041764354],[-84.18637293801639,46.73634024176047],[-84.18628143797919,46.736275341755814],[-84.1861669379348,46.73621094175263],[-84.18606783789527,46.73614624174851],[-84.18599163785878,46.73604714173774],[-84.18594583783948,46.73600904173457],[-84.18590763782355,46.73597854173208],[-84.18585423780313,46.73595084173097],[-84.1857626377693,46.73591284173049],[-84.18566343773405,46.735883041731704],[-84.18537343763315,46.73581344173797],[-84.18477843743784,46.735764841765345],[-84.18457233737031,46.735749141774996],[-84.18445033733431,46.73577164178557],[-84.18432833730216,46.73582574180102],[-84.18414503725323,46.73590174182339],[-84.18390853719497,46.736038741858266],[-84.18369493714071,46.73614934188779],[-84.18356523710698,46.736210341904766],[-84.18342783707038,46.73626814192167],[-84.18333643704695,46.73631344193399],[-84.18316083699817,46.73637124195311],[-84.18287103690506,46.736363541968934],[-84.18275663686818,46.73635994197504],[-84.18264203683029,46.736348541979986],[-84.18250483679088,46.736382741993296],[-84.18234453674837,46.73645134201316],[-84.18220723671641,46.736546242035786],[-84.18197833666292,46.73670224207317],[-84.1818563366359,46.73679794209498],[-84.18180273662405,46.73683994210457],[-84.18175713661864,46.7369131421185],[-84.18173413661363,46.73693184212273],[-84.18163503659954,46.73707294215016],[-84.18158913659343,46.73714174216342],[-84.18152043658715,46.73726744218676],[-84.18144423657805,46.73738994221007],[-84.181345036562,46.737515242235105],[-84.18125353654561,46.73761794225626],[-84.18101703648883,46.73776744229302],[-84.18088723645273,46.737809242307044],[-84.18067363639331,46.737878242330154],[-84.18055163636295,46.737946842347846],[-84.18047523634614,46.73800754236166],[-84.18041423633434,46.73806884237461],[-84.18037603632872,46.73812164238493],[-84.18033033632173,46.73818254239696],[-84.18023883632337,46.7384314424406],[-84.18022353632652,46.73849604245139],[-84.18019293632331,46.73854864246127],[-84.180193036331,46.73861044247077],[-84.18018543633656,46.738674842481096],[-84.18023883636249,46.738747542489115],[-84.180261636374,46.73878184249309],[-84.18033793640636,46.73884724249866],[-84.18039893643183,46.73889614250263],[-84.18052873648121,46.73896114250505],[-84.18075763657244,46.73911004251453],[-84.18082623660227,46.73917454252037],[-84.18094073665152,46.73927814252963],[-84.18102473669525,46.73941534254578],[-84.18108563673015,46.739540742561495],[-84.18110843674876,46.73963244257421],[-84.18111613676436,46.73973904259014],[-84.18114673679015,46.73986874260829],[-84.181139136801,46.73997584262519],[-84.18116953682868,46.74012124264577],[-84.1812229368569,46.74021194265657],[-84.1812535368742,46.74027294266417],[-84.18127633689197,46.74035784267586],[-84.18131453691299,46.74042994268473],[-84.18135263693503,46.74050984269473],[-84.18136793694887,46.74058254270504],[-84.18140613696816,46.74064004271159],[-84.18154343703867,46.74085664273689],[-84.18158923706702,46.74096794275125],[-84.18162743710703,46.7411929427836],[-84.1816503371468,46.74145554282262],[-84.18164273716754,46.7416425428518],[-84.18165023718372,46.74175374286842],[-84.18160453718654,46.74189444289275],[-84.18159683719877,46.742012842911336],[-84.18155093720394,46.74217274293862],[-84.18139853717297,46.742314242969265],[-84.18132983715637,46.74235664297977],[-84.18118493712299,46.7424596430041],[-84.1809560370652,46.74258074303609],[-84.18080343702619,46.742658143056936],[-84.1804676369362,46.74279464309754],[-84.18026933688454,46.74288674312325],[-84.18006323684209,46.74307364316403],[-84.1797581367629,46.74321824320408],[-84.17949883669509,46.743336843237486],[-84.17924693663193,46.74347434327334],[-84.17888063653321,46.74361844331691],[-84.17853733644297,46.74377194336058],[-84.1781177363283,46.74392424340854],[-84.1779118362689,46.743973843428165],[-84.17773613621443,46.743985443440216],[-84.17753013614931,46.743988943452855],[-84.1772555360591,46.74396624346538],[-84.17708773599962,46.74391684346765],[-84.1765993358225,46.74374144346927],[-84.17634003572243,46.743600143462736],[-84.17614923565363,46.74353454346381],[-84.17559233546133,46.74341274347766],[-84.17527173534802,46.74332154348242],[-84.17490563522162,46.74324174349154],[-84.17467673514835,46.74323794350434],[-84.17449363508722,46.74321494351152],[-84.17428773501743,46.74318014351823],[-84.17397483491024,46.74311904352717],[-84.17358563477845,46.74305454354001],[-84.17316603464064,46.743020043559234],[-84.17283783454039,46.74305384358361],[-84.1725861344674,46.7431115436072],[-84.1723192343863,46.74314254362762],[-84.17196823427557,46.74315004364927],[-84.17170873419245,46.7431459436638],[-84.17156373414588,46.7431421436717],[-84.17118243402456,46.74314254369409],[-84.17093053394899,46.74317994371457],[-84.1706940338828,46.743252843739555],[-84.17048043382418,46.743328543763695],[-84.17019803375602,46.7435040438072],[-84.17003023372195,46.74366054384105],[-84.16971733364504,46.74384354388746],[-84.16951903359909,46.74398184392031],[-84.16931313355052,46.74411914395345],[-84.1691375335078,46.744225243980004],[-84.1688324334131,46.74424504400091],[-84.16855773332233,46.74421774401278],[-84.1683287332476,46.74420274402384],[-84.16810763317336,46.74417174403204],[-84.16784813308334,46.74411144403791],[-84.16729133289522,46.74402334405697],[-84.16694793277935,46.7439698440688],[-84.16658163265943,46.74394284408608],[-84.16619263253708,46.74395474411066],[-84.16591783245293,46.74398154413084],[-84.16568893238536,46.74402384415075],[-84.16499463216186,46.74400364418819],[-84.16473533207984,46.74400744420394],[-84.16457503203034,46.744019844215224],[-84.1642851319427,46.7440570442379],[-84.16404103186888,46.74408854425705],[-84.16393303183722,46.744110544266746],[-84.16378073178863,46.744109344275415],[-84.16337263167787,46.74426404432304],[-84.16327963165891,46.744349744341655],[-84.16323803165044,46.74438814435004],[-84.16319073164196,46.74444144436097],[-84.16281033153312,46.74454054439845],[-84.16246473143426,46.74463044443243],[-84.15956833063287,46.74560384475136],[-84.15829463028211,46.74604504489364],[-84.15770983010901,46.746150444944014],[-84.15760853007696,46.74615184495013],[-84.15711992992227,46.74615874497976],[-84.15662012972963,46.7458874449673],[-84.1562658295931,46.74569504495844],[-84.15619812957091,46.74569034496171],[-84.15460512905008,46.745578445037594],[-84.15400722887324,46.74568724508929],[-84.15355312873892,46.74576994512855],[-84.15313652867114,46.74629374523338],[-84.1530772286574,46.746335545243234],[-84.15299322864294,46.74643454526338],[-84.15285582861287,46.74654524528842],[-84.15271852858899,46.74670544532104],[-84.15256592855879,46.74685364535274],[-84.15248192854288,46.74694144537115],[-84.15239802852706,46.747029245389506],[-84.15239422852639,46.74703374539047],[-84.15211362846728,46.74727774544432],[-84.15163752831253,46.74725204546822],[-84.15103872811797,46.74721974549828],[-84.14941082740444,46.74564044535076],[-84.14836092698786,46.74497444530977],[-84.14818412691774,46.7448621453029],[-84.1476644267395,46.74475874531738]]]},"properties":{"OGF_ID":800493009,"TRAPLINE_AREA_NUMBER":"SS022","LOCATION_ACCURACY":"Within 50 metres","LOCATION_DESCR":null,"VERIFICATION_STATUS_FLG":"Verified","VERIFICATION_STATUS_DATE":886377600000,"BUSINESS_EFF_DATE_FLG":"Estimated","BUSINESS_EFFECTIVE_DATE":886455410000,"SYSTEM_CALCULATED_AREA":127484818.604,"SYSTEM_CALCULATED_LENGTH":53672.786,"GEOMETRY_UPDATE_DATETIME":1369827125000,"EFFECTIVE_DATETIME":1369818340000,"OBJECTID":9025}},{"type":"Feature","id":14305,"geometry":{"type":"Polygon","coordinates":[[[-84.04979419937644,46.775552255762996],[-84.04962639931867,46.77551735576743],[-84.0494661992638,46.77548675577207],[-84.04933649922351,46.77549475578089],[-84.04911529915536,46.775514155796756],[-84.04893209909552,46.77550215580562],[-84.04869539901821,46.775487055817074],[-84.04843629893567,46.775487255832196],[-84.0482455988778,46.77551035584689],[-84.04801649880429,46.775506355859655],[-84.04774949872242,46.77553255587922],[-84.04753569865947,46.77557425589809],[-84.04733769860022,46.775605455914466],[-84.04713919854163,46.77564335593185],[-84.04697909849585,46.77568585594773],[-84.04681119844851,46.77573535596513],[-84.0466051983907,46.775799255986925],[-84.04644489834723,46.77586095600578],[-84.04623889828771,46.77591035602539],[-84.04604829823259,46.7759558560435],[-84.04586509818276,46.77602485606477],[-84.04574299814995,46.77607425607951],[-84.04560559811272,46.776127456095665],[-84.04547579807847,46.776184856112074],[-84.04533079803842,46.7762348561282],[-84.04526229802084,46.776269356137504],[-84.04517809800053,46.77632215615054],[-84.04509439798233,46.776390756165966],[-84.04502579796713,46.776444356178196],[-84.04501029797306,46.77653255619266],[-84.04504869799324,46.77659675620028],[-84.04506399801184,46.776707756216446],[-84.04503329801187,46.77678725623041],[-84.04496479800332,46.77689485625098],[-84.04494929800829,46.7769751562642],[-84.04487309799819,46.77708965628622],[-84.04484249799592,46.77715015629734],[-84.04478899798642,46.777211156309804],[-84.04473589797607,46.7772643563211],[-84.04465169796106,46.777359956340696],[-84.0445832979482,46.77743265635582],[-84.04446879791918,46.77749305637177],[-84.0443542978846,46.777508456380836],[-84.0442778978598,46.777504956384746],[-84.0441637978165,46.77744835638272],[-84.04411029779791,46.77743625638397],[-84.04400329776803,46.77747055639547],[-84.0438963977392,46.777512856408215],[-84.04380509771192,46.7775276564158],[-84.04365999766519,46.77752365642364],[-84.0435148976133,46.7774779564251],[-84.04340079757,46.77742135642306],[-84.04328629752402,46.777344556417944],[-84.04320969749402,46.77729935641548],[-84.043095197448,46.77722255641032],[-84.04302689741827,46.777157956404416],[-84.04297309739545,46.777112156400506],[-84.04291219736803,46.77704735639407],[-84.04287399735014,46.777001156389204],[-84.0428512973373,46.77695565638354],[-84.04282829732435,46.7769101563779],[-84.04279019730414,46.77684475637008],[-84.0427441972838,46.77679875636571],[-84.04267589726211,46.77679945636977],[-84.04260719724212,46.776814756376126],[-84.04251549721573,46.77683745638498],[-84.04242409719075,46.77687135639554],[-84.04233239716156,46.776871556400906],[-84.04224089713104,46.776860456404535],[-84.04214929709657,46.776817956403356],[-84.0420883970739,46.77679145640282],[-84.04188219699415,46.77667765639737],[-84.04172969693423,46.776586156392185],[-84.04163059689547,46.776527956389025],[-84.04137089679713,46.776402156384805],[-84.04123389675115,46.7763832563899],[-84.04105059668667,46.77633415639301],[-84.04095149665041,46.776296356393026],[-84.0406614965513,46.77624215640157],[-84.04053159650712,46.77621975640573],[-84.04043269647411,46.77620775640962],[-84.040295396429,46.776196756415985],[-84.04014279637894,46.77618505642305],[-84.03999769633319,46.77618895643216],[-84.03989099629771,46.776177156436525],[-84.0397230962414,46.77615455644287],[-84.03959359619874,46.776143456448715],[-84.0395015961689,46.776139156453425],[-84.03937199612527,46.776120056458005],[-84.03928049609475,46.77610895646165],[-84.03912799604663,46.77611305647117],[-84.03883039596165,46.77619295650083],[-84.03864729590853,46.77623495651793],[-84.03847179585635,46.77626545653285],[-84.03828889580184,46.77629625654823],[-84.03815899576462,46.77633005656103],[-84.03805219573341,46.77635315657078],[-84.03798369571486,46.77637965657884],[-84.037876795687,46.776429756592776],[-84.03779289566582,46.77647475660458],[-84.03767089563307,46.77652415661931],[-84.03752559558961,46.77654715663132],[-84.03733499552833,46.776543156641814],[-84.0371593954706,46.77652875664986],[-84.0370068954215,46.77652485665812],[-84.03680089535389,46.77650895666769],[-84.03660249529023,46.77650525667871],[-84.03641939523148,46.77650225668894],[-84.0362590951798,46.77649755669752],[-84.03599989509726,46.77649765671267],[-84.03570249499829,46.776463956724804],[-84.03558019495694,46.776444656728955],[-84.03545039491361,46.77642895673411],[-84.03528269485972,46.77642555674338],[-84.0350993948032,46.77644055675642],[-84.03491639474862,46.77647125677176],[-84.03477159470437,46.776486356782506],[-84.03463409466433,46.77651705679528],[-84.03447389461756,46.77655165680991],[-84.03430599457114,46.77660895682848],[-84.03413059452458,46.77668455685031],[-84.03403129450146,46.77675355686673],[-84.03390919447665,46.776868156891474],[-84.03382529446075,46.77695585690984],[-84.03374149444156,46.77701655692404],[-84.03367269442958,46.777097156940435],[-84.03357359440875,46.77718415695959],[-84.03348199439236,46.77728785698087],[-84.03342109438286,46.777368256996795],[-84.03338279437484,46.77740185700417],[-84.03332189437009,46.777520457025965],[-84.0332761943719,46.777653257049025],[-84.0332683943793,46.777733357061784],[-84.03329139440558,46.77788685708405],[-84.03330679443171,46.77805865710953],[-84.03335219445982,46.77816875712383],[-84.03337529447276,46.77821425712947],[-84.03345909451271,46.778321157141],[-84.03355829456274,46.77847045715814],[-84.03368039462423,46.77865285717908],[-84.03381759468265,46.77877175718931],[-84.03395509474059,46.778886257198884],[-84.03407729479085,46.7789775572058],[-84.03426799487555,46.7791715572245],[-84.03435189491132,46.77924475723084],[-84.0345805949974,46.77935115723385],[-84.03465689503633,46.77946955724761],[-84.03476369508735,46.77960735726256],[-84.03483989512628,46.779725657276295],[-84.03487049514735,46.779817157288576],[-84.03493149518036,46.77992685730185],[-84.03495469520003,46.78002635731585],[-84.03490859520187,46.78016035733909],[-84.03483229518979,46.780259157358735],[-84.03474089517485,46.78037405738168],[-84.03465709515564,46.7804347573959],[-84.03453479512943,46.78053815741891],[-84.03439779509512,46.78061375743851],[-84.03427539506609,46.78069465745809],[-84.03416869504049,46.78076275747478],[-84.0340158949988,46.78081965749245],[-84.03387129495694,46.780853857506095],[-84.03374159491936,46.78088435751838],[-84.03360399488088,46.78092735753302],[-84.03343609483011,46.78094975754622],[-84.03336779480925,46.78095725755134],[-84.03310799472787,46.78096865756826],[-84.0329325946724,46.780972157579],[-84.03283359464184,46.78098035758607],[-84.03249029453482,46.78099965760906],[-84.03229189447197,46.78100265762106],[-84.0321238944199,46.78101495763274],[-84.03189479434823,46.78102555764771],[-84.03175789430418,46.781022457655205],[-84.03154419423787,46.781037057669955],[-84.03133059417452,46.78107535768826],[-84.03114749412137,46.7811173577054],[-84.03096419406675,46.78114805772082],[-84.03042269392331,46.781384057788635],[-84.03028509389031,46.78147205781019],[-84.03015539385981,46.78155985783123],[-84.03000299382732,46.7816899578601],[-84.02993439381206,46.781743457872366],[-84.02982739378301,46.78178455788488],[-84.02974329376053,46.78181945789515],[-84.02966719374,46.78184955790422],[-84.0295986937206,46.78186935791128],[-84.02959079373034,46.781968657926974],[-84.02962889375338,46.78205645793821],[-84.02971319379718,46.78219375795439],[-84.02978169383726,46.782341557973155],[-84.0298120938616,46.78245995798954],[-84.02981989387962,46.78258575800843],[-84.02977409388491,46.78274675803584],[-84.02973569388904,46.782879358058416],[-84.02969029389449,46.78304035808586],[-84.02966719390831,46.78321195811354],[-84.02959849390389,46.78335325813924],[-84.02951479388567,46.78342185815465],[-84.02940779385676,46.78346405816742],[-84.02924759381085,46.7835054581831],[-84.02901869374404,46.783555358204076],[-84.0288355936927,46.783611958223496],[-84.02864469363901,46.7836699582435],[-84.02843869357945,46.7837192582631],[-84.02831669354246,46.78373485827258],[-84.02821009350897,46.78373875827942],[-84.02805739346206,46.78375295829051],[-84.02791979341917,46.78376105829979],[-84.02772949334776,46.783673858297476],[-84.02763019330658,46.783596658291394],[-84.02759199328882,46.78355155828667],[-84.02747749324006,46.78345215827811],[-84.02739359320617,46.783394758274184],[-84.02728669316745,46.783357158274605],[-84.02717209312384,46.78329945827245],[-84.0270732930829,46.783223258266496],[-84.02697399304088,46.78313925825937],[-84.02685189298735,46.78302105824834],[-84.02675239293957,46.782890858234126],[-84.0266381928905,46.782788158225],[-84.02653889284662,46.78268955821563],[-84.02645509280951,46.78260515820756],[-84.02641709278849,46.78253305819867],[-84.02638649276173,46.7823954581793],[-84.0263788927471,46.782296658164576],[-84.0263329927225,46.78221575815483],[-84.02627939269738,46.78215075814796],[-84.02612719264187,46.78209405814816],[-84.02599729259673,46.782063758151075],[-84.02585229254761,46.78204055815593],[-84.02575299251545,46.782036458161116],[-84.02564629247917,46.782017958164495],[-84.02555499244714,46.78199445816622],[-84.0254249924025,46.78196865816981],[-84.02528789235458,46.78193405817251],[-84.0251730923114,46.781880858171],[-84.02502069224624,46.78174645815924],[-84.02494439221634,46.781701258156694],[-84.02481479216459,46.78161695815133],[-84.02475349213806,46.781560058146155],[-84.02462379208963,46.781502758144924],[-84.02450169204596,46.78146435814617],[-84.02436469199996,46.781445458151204],[-84.02426539196776,46.78144135815639],[-84.02412039192677,46.7814834581713],[-84.02391449187387,46.78158675819915],[-84.0238077918484,46.78165595821605],[-84.0236856918146,46.78169745822949],[-84.02349459176308,46.781773358252295],[-84.0233345917258,46.78188445827874],[-84.02318969169036,46.781971558300526],[-84.02303719165216,46.78205545832231],[-84.02292999162458,46.78210885833677],[-84.02279269159128,46.78219355835779],[-84.02267089156466,46.78229235838006],[-84.02262509156745,46.78243305840439],[-84.02260219157908,46.78258665842928],[-84.02258689158637,46.782684958445266],[-84.02254879158507,46.782772558460984],[-84.02248769158535,46.78293285848919],[-84.02243439157174,46.782960158496486],[-84.02238859155713,46.78296015849916],[-84.02229679152414,46.782930058499886],[-84.02220549149783,46.78295265850864],[-84.02216729149889,46.7830594585273],[-84.02215179150761,46.78317005854518],[-84.02218239153518,46.7833143585656],[-84.02219769155748,46.783455758586385],[-84.02248779171548,46.783985858650986],[-84.02253329174373,46.784097158665396],[-84.02255639175863,46.78415835867345],[-84.02258699177635,46.78422285868158],[-84.0226327918079,46.784359958699994],[-84.02271669185257,46.78450515871738],[-84.02276989187854,46.78457795872546],[-84.02292259192993,46.78459985871997],[-84.02347169210593,46.7846077586892],[-84.02360159215108,46.78463815868624],[-84.02373119219472,46.78465715868161],[-84.02388379224958,46.78470715868039],[-84.02406719231408,46.78475635867729],[-84.02423489237368,46.78480585867511],[-84.02437209242542,46.784870858677095],[-84.02448649247142,46.78494775868227],[-84.0245856925213,46.78509585869923],[-84.02466959256597,46.78524095871663],[-84.02472309260526,46.78542065874112],[-84.02476909264021,46.785584858763684],[-84.02482999267652,46.7857216587811],[-84.02492169272267,46.785858658796855],[-84.02505139278013,46.78598915880929],[-84.02518109283842,46.78612635882285],[-84.02529529288653,46.786221158830756],[-84.02544809294893,46.78633185883886],[-84.02562339301761,46.78643525884451],[-84.02573789306444,46.78651885885069],[-84.02582949310067,46.786576058854116],[-84.02592859314028,46.78664095885831],[-84.02604329318068,46.786671658856356],[-84.02617279322662,46.786709858854685],[-84.0263025932718,46.78674015885174],[-84.02648569333206,46.786755558843446],[-84.0266533933859,46.78675895883417],[-84.02677539342305,46.78674455882485],[-84.02692049346881,46.78674065881582],[-84.02701219349608,46.78672475880803],[-84.02711879352674,46.786698258797706],[-84.02721069355188,46.78666435878715],[-84.02729449357565,46.78664075877866],[-84.02740869361116,46.78663325877087],[-84.02750039363855,46.786618458763215],[-84.02761499368125,46.78666825876419],[-84.02769109371445,46.78674055877086],[-84.02769859373139,46.78685845878854],[-84.02762249372364,46.78699205881348],[-84.02756919371991,46.787099258833074],[-84.02748529370582,46.7872015588537],[-84.02738579368496,46.78728975887306],[-84.02724859365212,46.78737775889457],[-84.02711879361684,46.78742725890974],[-84.02698139357726,46.78746125892293],[-84.02683659353397,46.7874842589349],[-84.0266992934873,46.78746085893934],[-84.02639419338355,46.787408258949064],[-84.02627969334466,46.78738875895274],[-84.0261421932957,46.78734735895439],[-84.02596679323588,46.78731605895981],[-84.02579909318108,46.78730475896782],[-84.02565409314097,46.78735465898397],[-84.0255470931129,46.78740365899774],[-84.02544019308407,46.78744585901045],[-84.02533349305762,46.78750715902609],[-84.02524969303761,46.787561159039264],[-84.02516559301596,46.78760275905058],[-84.02505909298623,46.78763705906202],[-84.02495969295305,46.787625059065974],[-84.02484519291053,46.78757635906517],[-84.02473859287178,46.787537559065406],[-84.02463169283855,46.7875448590728],[-84.02451719280592,46.78757605908425],[-84.02442549277853,46.7875908590919],[-84.02431889274881,46.787625159103364],[-84.0241507927037,46.787693659123676],[-84.02408999268853,46.787727959132475],[-84.02403669267588,46.78776305914097],[-84.02391429263865,46.787777559150356],[-84.02382299260678,46.78775525915224],[-84.0237466925759,46.787702159148516],[-84.02353289248788,46.7875412591363],[-84.02336489242583,46.78747265913553],[-84.02320499236454,46.78738905913203],[-84.02303699230247,46.78732035913128],[-84.02271659218195,46.787171359127036],[-84.02260209213847,46.787114759125025],[-84.02251059210545,46.78708345912556],[-84.02245709208506,46.787056759124546],[-84.02228939202551,46.78700715912675],[-84.0221137919634,46.786957859129416],[-84.0219612919072,46.78689655912887],[-84.02178559184746,46.78686635913442],[-84.02162559179031,46.7868165591361],[-84.02150349174664,46.786778159137334],[-84.02131269168314,46.78675625914511],[-84.02115259163385,46.78677055915661],[-84.02103809159787,46.78677475916396],[-84.02083959153829,46.78680475918012],[-84.02069469149414,46.78682095919107],[-84.02050399143798,46.786858559207936],[-84.02037429140319,46.78691155922368],[-84.02026739137627,46.78696945923882],[-84.02020619136098,46.78700375924762],[-84.02016829135363,46.78704185925567],[-84.02009959134112,46.787117859271405],[-84.02003079132915,46.78719845928777],[-84.01987819131668,46.7874916593417],[-84.01983249131533,46.78759855936078],[-84.01977899130584,46.787659659373276],[-84.01971049129716,46.78776605939367],[-84.0196797912983,46.787854659409014],[-84.01965729130008,46.78792715942148],[-84.01966479131465,46.788025959436254],[-84.01967999132947,46.78810655944775],[-84.0197255913543,46.78818975945787],[-84.01980219138682,46.788255259463476],[-84.01985539141734,46.788365259477224],[-84.01987069142983,46.78842665948582],[-84.01990119144986,46.788510259496874],[-84.01992409146712,46.78859065950789],[-84.01994689148573,46.78868225952064],[-84.01996239151046,46.7888427595444],[-84.02000819151326,46.788747059527],[-84.0200155915067,46.78867485951549],[-84.02003079150262,46.78860245950345],[-84.02002329149256,46.788540759494396],[-84.02000029147155,46.788430059478756],[-84.01997759145675,46.788368759470686],[-84.01995449143998,46.78829285946037],[-84.01993159142194,46.788205659448316],[-84.01989359140272,46.78814825944169],[-84.01988609139465,46.78810225943507],[-84.01987829137663,46.78797645941618],[-84.01993939138283,46.787869159396145],[-84.02002309139549,46.787755559373785],[-84.0200918914065,46.787667059356195],[-84.02020639143359,46.78759095933782],[-84.02032839146067,46.78749545931605],[-84.02039729146951,46.78738905929569],[-84.0204430914766,46.787328159283675],[-84.02051159148611,46.78722855926436],[-84.0205421914884,46.787168059253275],[-84.02055739148514,46.787102459242334],[-84.02064109150336,46.787033859226895],[-84.02071739152255,46.7869924592161],[-84.02083979155869,46.786968959205375],[-84.0209845916063,46.78698085919874],[-84.0211524916636,46.787011359193635],[-84.0213507917296,46.78703425918557],[-84.02152629179069,46.78707575918175],[-84.02163299182617,46.78708755917732],[-84.02180089188346,46.7871179591722],[-84.0219307919286,46.787148259169285],[-84.02208349198443,46.78720615916929],[-84.02223599204241,46.78728195917209],[-84.02234279208358,46.787339859174686],[-84.02250289214733,46.787442559181144],[-84.02267069221581,46.78756405919008],[-84.0228460922822,46.78764835919276],[-84.02306759236357,46.7877358591933],[-84.02325819243286,46.78780505919281],[-84.02334989246921,46.78786225919626],[-84.02348699252092,46.78792725919828],[-84.02358649255638,46.78795725919704],[-84.02374649261255,46.7879991591942],[-84.02380759264196,46.788079659202985],[-84.02378479264685,46.78817815921948],[-84.02367799262375,46.788266459239225],[-84.02357889260304,46.788354559258565],[-84.0234720925817,46.78845755928058],[-84.02333469255102,46.7885635593049],[-84.02323539252693,46.78862465932005],[-84.0231439925039,46.78867435933306],[-84.02305989248225,46.78871595934431],[-84.0229834924655,46.78877755935826],[-84.02287679243808,46.788830959372646],[-84.02281579242145,46.78885395937973],[-84.02267099238192,46.7889073593964],[-84.02256419234978,46.788922559404945],[-84.02247249232329,46.7889451594138],[-84.02241909230969,46.78897245942111],[-84.02234279229043,46.789013859431904],[-84.02221309226188,46.78911745945536],[-84.02215969225716,46.78921665947374],[-84.02211359225554,46.78932255949268],[-84.0220451922437,46.78940305950901],[-84.02198399223732,46.789509359528935],[-84.0219611922457,46.789635959549706],[-84.02199939227346,46.78976205956683],[-84.02200709228475,46.78983385957742],[-84.02201469229482,46.78989555958647],[-84.02206039232534,46.79002485960368],[-84.02215949237578,46.79017745962133],[-84.02220529239747,46.79023475962745],[-84.02225889242258,46.79029965963433],[-84.02235029246731,46.79042555964835],[-84.02244179250688,46.79050975965593],[-84.02254859255598,46.790631759668436],[-84.02268609261242,46.790733859676095],[-84.02279299265551,46.79080645968103],[-84.02293029270865,46.790882659684755],[-84.02304479275472,46.79095955968985],[-84.02321259281528,46.79101695968886],[-84.0233805928716,46.79103955968258],[-84.02360169294404,46.79105505967209],[-84.02378479300512,46.79107725966482],[-84.02415879313008,46.791123559650124],[-84.0243418931922,46.79115365964408],[-84.02461659328314,46.7911812596323],[-84.02554709361452,46.79146255962126],[-84.02566179365827,46.79152035962342],[-84.02576089369455,46.79155815962349],[-84.02586009373888,46.7916613596335],[-84.02592869378014,46.791818159653594],[-84.02600519382149,46.79195555967028],[-84.02600509384028,46.79210745969362],[-84.02594399384397,46.79229475972593],[-84.02586779384131,46.79246995975728],[-84.02578359383101,46.79260385978277],[-84.02566159380952,46.792744359811486],[-84.02551679378172,46.792893259842785],[-84.02534109374172,46.79302275987289],[-84.02515059369526,46.793138059901715],[-84.02500559366075,46.793233059924745],[-84.0248374936166,46.79330945994631],[-84.0246238935598,46.79340065997274],[-84.02444109351102,46.793477459995245],[-84.02421209344323,46.79351956001503],[-84.02399839338062,46.7935645600344],[-84.02383039333239,46.793607260050756],[-84.02361669326898,46.793645560069116],[-84.02345659321892,46.79365316007963],[-84.02323529315059,46.79367136009532],[-84.02306749309905,46.793687060107516],[-84.02289199304353,46.79369056011829],[-84.0224645929059,46.793679360141475],[-84.02228929284807,46.79366376014932],[-84.02212149278846,46.79361416015145],[-84.0219306927196,46.793549460152654],[-84.02174779265523,46.79350026015578],[-84.02161049260302,46.79343196015329],[-84.02138129252043,46.79335476015477],[-84.0211829924488,46.79328686015592],[-84.02099209237701,46.79319856015346],[-84.02082439231413,46.79312196015149],[-84.0207253922745,46.793057060147305],[-84.02057249221639,46.792981260144536],[-84.0204199921584,46.79290536014181],[-84.02028289210664,46.7928403601398],[-84.0200384920145,46.79272536013639],[-84.01998519199381,46.79269526013486],[-84.01993179197444,46.792676460135084],[-84.01988599195651,46.79264946013361],[-84.01984769194098,46.792622360131666],[-84.0197946919237,46.792619260134266],[-84.01972579190168,46.792618860138255],[-84.01967249188888,46.79265286014654],[-84.01969529190944,46.79276026016178],[-84.01978689194665,46.79282536016638],[-84.0198861919868,46.79289366017112],[-84.01994709201419,46.792958360177494],[-84.02002329204738,46.793030660184165],[-84.02005369206285,46.79307706018954],[-84.02009189208158,46.79313006019544],[-84.02014519210422,46.79317586019936],[-84.02020639213312,46.793251860207455],[-84.02021389214117,46.79329786021408],[-84.0201836921382,46.79335146022408],[-84.02012989212527,46.793385560232444],[-84.01999269207874,46.793363260237],[-84.01983249202391,46.79333266024166],[-84.01974099199239,46.79331366024411],[-84.01964199195562,46.793271360243374],[-84.01952739191192,46.79321356024117],[-84.01943589187624,46.7931608602384],[-84.0193670918416,46.79305806022664],[-84.01929069180677,46.79297346021807],[-84.01919929177114,46.79292076021534],[-84.01911559173502,46.79284426020842],[-84.01902369169528,46.79276006020085],[-84.01890189164087,46.79263386018862],[-84.01878729159161,46.792531160179486],[-84.01863469153264,46.79244746017551],[-84.01853539149242,46.79237806017062],[-84.01845919146153,46.792324960166965],[-84.01835989142147,46.792256660162245],[-84.01829899139307,46.79218406015465],[-84.01818439133952,46.79204646014016],[-84.01811599130879,46.79197396013303],[-84.01800899126626,46.79190596012881],[-84.01797109125081,46.79187886012686],[-84.01774219116605,46.79178356012555],[-84.01760459111516,46.79172646012481],[-84.01747489106855,46.79168376012582],[-84.01732989101761,46.79164596012844],[-84.01721569097505,46.791596160127455],[-84.01700969090561,46.79156556013475],[-84.01686469085566,46.791535660138656],[-84.0166584907895,46.7915320601501],[-84.01648299073494,46.791543460162096],[-84.01626199066727,46.791566160178455],[-84.01606339060868,46.79160406019583],[-84.01586509055247,46.79166096021615],[-84.01565139049717,46.79176456024451],[-84.01547619045314,46.791860260269445],[-84.01529299040973,46.791982060298835],[-84.01514809037631,46.792084960323066],[-84.01504899035561,46.79217306034236],[-84.01485799031964,46.79237496038455],[-84.01475889030074,46.79247766040605],[-84.01469009028874,46.79255826042251],[-84.01457569026644,46.7926726604467],[-84.01450709025671,46.792771160465875],[-84.01446119025297,46.792859060482044],[-84.014445990259,46.792947160496425],[-84.01442309026064,46.793019760508926],[-84.01443089027872,46.79314556052783],[-84.01443819028992,46.793217360538435],[-84.01449169031832,46.79330936054944],[-84.0145377903344,46.79332046054846],[-84.0145833903457,46.79329456054178],[-84.01462899034705,46.79318756052268],[-84.01465969034585,46.79309906050729],[-84.0146977903482,46.793019260492834],[-84.01477399035788,46.79290136047031],[-84.01484259037038,46.7928253604546],[-84.0148884903769,46.792759960441906],[-84.01492689038172,46.79269936043037],[-84.01501809040784,46.7926755604214],[-84.01507139043049,46.79272146042532],[-84.01504859043885,46.79284806044608],[-84.01500299044743,46.79303486047743],[-84.01499519045952,46.79315316049606],[-84.01496479046304,46.79325976051424],[-84.01490389045217,46.793328860528355],[-84.01478189042408,46.79341646054897],[-84.01471299041292,46.79350376056641],[-84.01468999042345,46.79364836058996],[-84.01466729043835,46.79382786061885],[-84.01467499046068,46.79398846064302],[-84.01463669047055,46.79416726067274],[-84.01459079047582,46.794328160700154],[-84.01454539047597,46.79444636072094],[-84.01446909046659,46.794567660744015],[-84.01436229044918,46.794702060770916],[-84.0142783904351,46.79480446079154],[-84.01413329040767,46.794956760823354],[-84.01390409035393,46.79511356086081],[-84.01378219032884,46.795224760885],[-84.01358379028525,46.79538416092109],[-84.01349229026555,46.79546076093817],[-84.01328639021924,46.795616960974165],[-84.0131869901994,46.79571296099469],[-84.0130496901754,46.79587296102725],[-84.01291269015107,46.79602956105933],[-84.01283619014878,46.79620816109119],[-84.01280569014662,46.796269761102465],[-84.01274469014264,46.79639506112523],[-84.01272939015105,46.79650236114259],[-84.0126683901471,46.79662776116541],[-84.01263029015384,46.79678056119113],[-84.01261499016219,46.79688786120852],[-84.01257689016646,46.797020461231085],[-84.0125614901691,46.7970816612414],[-84.01249299016057,46.79718926126188],[-84.01239379013967,46.79727616128106],[-84.0122866901141,46.797345361297914],[-84.0121495900779,46.79740636131529],[-84.01200439004018,46.797475461334336],[-84.01185179000089,46.79755146135493],[-84.01173738997052,46.79760066136913],[-84.01163818994223,46.7976279613791],[-84.01156198991976,46.797642361385755],[-84.01134058984401,46.79760096139231],[-84.01111958976749,46.797551661397634],[-84.01096668971488,46.79752076140178],[-84.0107531896303,46.79738696139366],[-84.01060058957367,46.79732226139263],[-84.01044808950856,46.79718906138107],[-84.01031058944682,46.79704416136682],[-84.01016568937982,46.79687586134941],[-84.0100741893394,46.796784961340805],[-84.00997498929402,46.7966738613295],[-84.00985298924151,46.79656346131967],[-84.00976898920192,46.796459961308635],[-84.00969258916626,46.79636856129909],[-84.00959378912259,46.79626996128969],[-84.00950978908298,46.796166361278694],[-84.00943308904492,46.79605596126617],[-84.00940258902287,46.79595656125267],[-84.00939518900499,46.795830761233795],[-84.00943338899832,46.79567796120808],[-84.00950198899712,46.79549166117547],[-84.00966218902657,46.79531636113923],[-84.00981458905909,46.79518636111037],[-84.00992168907995,46.79507896108764],[-84.01005898910967,46.7949650610621],[-84.01018098913576,46.794861761039144],[-84.01026488915404,46.794793161023705],[-84.01036398917479,46.79470506100442],[-84.01043298918366,46.79459866098405],[-84.01051678919477,46.79447266095981],[-84.01056248919986,46.79439606094537],[-84.01059308919938,46.79431316093086],[-84.01061568919235,46.79419786091183],[-84.01059318917149,46.794087060896096],[-84.01052438913503,46.79396956088206],[-84.01049368912086,46.79393436087843],[-84.0105015891046,46.79378236085467],[-84.01049368908987,46.79368356083991],[-84.01052438908971,46.79360286082576],[-84.01058538909466,46.79348536080411],[-84.01065398910694,46.79340816078829],[-84.01071518911432,46.79330986076963],[-84.0107835891262,46.79322926075321],[-84.0108522891387,46.79315326073756],[-84.0109210891507,46.79307266072118],[-84.01096688915877,46.793019660710385],[-84.01099738916183,46.79296606070039],[-84.01102778916254,46.792893260687414],[-84.01104318916087,46.79283996067827],[-84.01105818915714,46.792770960666815],[-84.01105068914347,46.79267996065329],[-84.0110433891331,46.79261496064372],[-84.01098988911374,46.792596060643945],[-84.01089828909109,46.79264916065744],[-84.01085238908733,46.79273696067362],[-84.01079158908118,46.79284436069365],[-84.01073788907581,46.79293916071134],[-84.01070748907746,46.793031060727195],[-84.01066168907035,46.79309186073924],[-84.01061578906459,46.793163960753006],[-84.01054708905029,46.793225360766435],[-84.01050918904669,46.793293860779166],[-84.01047848904689,46.79337456079336],[-84.01044808904605,46.79344626080613],[-84.01041768904535,46.79351906081909],[-84.01038718904324,46.79358056083032],[-84.01037168904486,46.79363386083942],[-84.01034128903943,46.79366846084648],[-84.0103030890314,46.793702060853875],[-84.01025728902157,46.793740360862444],[-84.01018848900249,46.79376356087001],[-84.01011238897917,46.79377116087559],[-84.01010458896116,46.793645360856765],[-84.01016588896321,46.793504260831526],[-84.01023438897178,46.79339676081099],[-84.01029538897575,46.793271360788175],[-84.01037188898263,46.793129860761994],[-84.01043278898462,46.792988760736755],[-84.01049368898757,46.792855560712745],[-84.01056258899169,46.79271086068648],[-84.0106539889991,46.79253516065417],[-84.0107152890022,46.79240196063016],[-84.01076068900012,46.79226806060694],[-84.01079128899434,46.79214236058585],[-84.01081428898185,46.79198196055983],[-84.01082948895414,46.791718360518466],[-84.01082178894089,46.79163076050543],[-84.01080648891671,46.791474860482396],[-84.01076068888419,46.791329760462766],[-84.0106768888297,46.791104760433086],[-84.01060818879179,46.79097496041717],[-84.0105548887681,46.79092116041196],[-84.01048628873592,46.7908374604031],[-84.01034128866235,46.79061636037761],[-84.01024198861934,46.79052446036929],[-84.01007408855314,46.790421960363325],[-84.00987568847484,46.79030006035613],[-84.00974608842216,46.79020786034955],[-84.00960858836417,46.790093360339974],[-84.00947888831477,46.79002816033751],[-84.00936468827133,46.78997156033548],[-84.0091891882093,46.78992216033809],[-84.0090821881704,46.78988336033834],[-84.00891438811176,46.78984166034173],[-84.00880008807069,46.78980416034265],[-84.00865508801961,46.78976526034513],[-84.0085407879813,46.78975026034947],[-84.00838048792878,46.789738660357045],[-84.00825088788707,46.789735360364084],[-84.00809828783699,46.78972366037115],[-84.00791488777755,46.78971606038068],[-84.0076859877084,46.78974686039872],[-84.00751838766011,46.78978836041488],[-84.00732738760954,46.789872160438925],[-84.00716738756793,46.789948360459924],[-84.0069459875167,46.790104960496905],[-84.00675548747196,46.790234760527916],[-84.0066104874375,46.790329760551],[-84.00647288740448,46.79041776057255],[-84.00635098737503,46.79049406059135],[-84.00622888734692,46.79058166061191],[-84.0061600873302,46.79062396062243],[-84.00602278729632,46.790704060642746],[-84.00591608727173,46.790779960660615],[-84.00577868724112,46.79088706068506],[-84.0056414872091,46.79098186070762],[-84.00548878717314,46.791084860732376],[-84.00536648714275,46.7911544607502],[-84.00522178711068,46.791268460776145],[-84.00517578710021,46.79130236078399],[-84.00515308709721,46.79133666079062],[-84.00512268709178,46.791371260797696],[-84.00510728709263,46.79141776080575],[-84.00510708709673,46.79145146081094],[-84.00512258711062,46.791524260821234],[-84.00520628713774,46.79152766081683],[-84.00533608717635,46.791505060805825],[-84.00551948721642,46.79135626077226],[-84.00558808722518,46.79124986075192],[-84.00565678724044,46.79119626073967],[-84.00577858726886,46.79111206071965],[-84.00584738728183,46.791039460704454],[-84.00590088729139,46.79097836069198],[-84.00596958730485,46.79091016067752],[-84.0060685873344,46.790894060669274],[-84.00616758736847,46.79091396066656],[-84.00619048738552,46.79099326067738],[-84.00619088740834,46.79117666070556],[-84.00618298742557,46.79133656073057],[-84.00620608745325,46.79150136075455],[-84.0061908874692,46.79166936078127],[-84.00614488747233,46.79181346080608],[-84.0060992874767,46.79196656083224],[-84.00607618748342,46.792080760851114],[-84.00601528748145,46.79222186087635],[-84.00593118746782,46.792328660897674],[-84.00583978744952,46.7924165609165],[-84.0057098874223,46.79253136094171],[-84.0055499873873,46.79266046097084],[-84.00541258735667,46.79276756099533],[-84.00522178731052,46.79288626102465],[-84.00504618726542,46.7929740610484],[-84.00483258721324,46.79310346108071],[-84.00462648716353,46.793232661112576],[-84.00432888708515,46.79336646115051],[-84.00412308703368,46.79348096118008],[-84.00387128696894,46.79360686121409],[-84.00357368689336,46.793763161255455],[-84.00342108685508,46.79384706127725],[-84.00330658682714,46.793916361294556],[-84.00318468679576,46.79397696131094],[-84.00306238676524,46.794045461328594],[-84.00294058673244,46.79409476134327],[-84.00278008669304,46.79419006136725],[-84.00269628667483,46.7942586613827],[-84.0025969866574,46.79437376140613],[-84.00252068665094,46.79451866143285],[-84.00249028666195,46.79468596146032],[-84.00246748667031,46.79481256148113],[-84.00249038669126,46.79492336149679],[-84.00245968671776,46.79521666154361],[-84.00243668673497,46.795415261575506],[-84.00245988677007,46.7956396616086],[-84.00250558680254,46.79578466162819],[-84.00264268686334,46.79592286164148],[-84.00284118694546,46.7960750616533],[-84.00303958702808,46.79623186166579],[-84.00322278710145,46.796353061673734],[-84.00332198714682,46.796464061685015],[-84.00341328719051,46.796582061697805],[-84.00349748723433,46.79671936171399],[-84.00359668727867,46.79682246172405],[-84.00372648733466,46.79694056173463],[-84.00386378739596,46.79708206174837],[-84.003909287427,46.797215961766305],[-84.0039553874511,46.79729236177537],[-84.00393248746127,46.797433561798364],[-84.00391718746768,46.79752506181329],[-84.00390948747834,46.797631061830046],[-84.00388668748754,46.79776436185188],[-84.00384068749179,46.79791746187806],[-84.00374918748571,46.798104361912124],[-84.00366538747215,46.79821116193337],[-84.00358148746376,46.798359661961086],[-84.00349758744605,46.79843276197722],[-84.0031847873694,46.798619762024146],[-84.00297098731292,46.79871426205111],[-84.00275728725853,46.79882566208066],[-84.00251328720104,46.79898956212008],[-84.00236048716307,46.79907686214241],[-84.0021619871111,46.799168662168086],[-84.00193348705093,46.79927136219713],[-84.00172748699804,46.79937466222505],[-84.00151378694265,46.79947816225336],[-84.00128468687853,46.79955056227786],[-84.00107898682892,46.79967966230965],[-84.00091868679291,46.79980206233779],[-84.00075848675266,46.79988946236054],[-84.00065928672717,46.799939362374005],[-84.0003083866374,46.800118462422006],[-84.00012508658746,46.800187362443225],[-83.99993668653572,46.80025446246454],[-83.99957738641892,46.800236562482745],[-83.99952498640238,46.80023796248599],[-83.99944548637508,46.80022206248818],[-83.99906598625529,46.8002320625118],[-83.9989738862251,46.80022546251615],[-83.99886918619202,46.80022816252271],[-83.99875188615611,46.80024026253138],[-83.99863508612147,46.80026126254143],[-83.99842618605663,46.800275762555785],[-83.99832158602364,46.80027856256232],[-83.99821788599311,46.800299262571535],[-83.99798428592382,46.80034136259165],[-83.99790628590034,46.800352462597886],[-83.99769838583804,46.800384862615],[-83.9975442857961,46.80044286263284],[-83.99734438575415,46.800619162671595],[-83.99733228575249,46.80063746267515],[-83.99724468573376,46.80071176269165],[-83.99715758571631,46.80079506270949],[-83.99705638569213,46.8008606627255],[-83.99696878567333,46.800934962742005],[-83.99687058565684,46.8010545627661],[-83.9967703856352,46.80113816278475],[-83.99665858561325,46.801249162808325],[-83.99658508560118,46.80134106282676],[-83.99651258559166,46.80145096284784],[-83.99643898557953,46.80154286286622],[-83.9963417855655,46.801680362892995],[-83.99618468554488,46.80191856293875],[-83.99612518553941,46.80202806295904],[-83.99606478553147,46.80211966297665],[-83.99597618551022,46.802175962990454],[-83.99586138548062,46.80223296300593],[-83.99577228545806,46.802280363018355],[-83.99567008543131,46.80232796303164],[-83.99551648539067,46.802395063050874],[-83.99534988534583,46.80246236307094],[-83.99517008529685,46.802530063091794],[-83.99499138525047,46.802615763115355],[-83.99482378520312,46.80266516313275],[-83.99464298515161,46.80271486315088],[-83.99451268511163,46.80272726316038],[-83.9943168850509,46.80274146317399],[-83.99421168501655,46.80273516317915],[-83.99411848498383,46.802710663180825],[-83.99405108495813,46.8026763631795],[-83.99380658486093,46.80252076316981],[-83.99359318478466,46.802454363172075],[-83.99336218469286,46.80230746316297],[-83.99325248464703,46.80222026315595],[-83.99314378460383,46.80215116315168],[-83.99296968454001,46.80208376315147],[-83.99280818447902,46.80200696314911],[-83.99263498441766,46.80195746315154],[-83.99239598433442,46.80190076315679],[-83.9922897842976,46.801876463159246],[-83.99214378424705,46.80184436316284],[-83.99201288420572,46.80184776317094],[-83.99189618417107,46.80186876318096],[-83.9917274841212,46.80190026319568],[-83.99149488405443,46.80196026321841],[-83.99136558401693,46.80199066323061],[-83.99126278398894,46.80202936324257],[-83.9910443839289,46.80210706326725],[-83.99094408390727,46.802190663285906],[-83.99088068389166,46.80222836329539],[-83.99080418387197,46.80226636330565],[-83.9906878838386,46.802296463317056],[-83.99053328379539,46.80234546333363],[-83.99035258374386,46.80239516335178],[-83.99015878368826,46.80244526337078],[-83.99000468364623,46.80250326338864],[-83.98986518361222,46.80258796340977],[-83.98976348358684,46.80264456342437],[-83.98970308357885,46.802736163442],[-83.98970608358651,46.80279006345012],[-83.98968838359983,46.80294356347472],[-83.98967878360457,46.803006763485],[-83.98967108361435,46.80310596350064],[-83.98966198362038,46.803178263512294],[-83.98962828362195,46.8032780635296],[-83.98959348362101,46.80336006354421],[-83.98953298361299,46.80345156356178],[-83.98945948360094,46.80354356358019],[-83.98938488358628,46.80361746359589],[-83.98928618356851,46.803728063618685],[-83.98918598354686,46.80381166363733],[-83.98910948352712,46.80384966364764],[-83.98905908351568,46.80388696365628],[-83.98903638351632,46.80395056366736],[-83.9890493835493,46.80418426370252],[-83.98900298354802,46.80429346372198],[-83.98896918354956,46.80439336373931],[-83.9889373835562,46.80452916376203],[-83.98889208355747,46.804656363784204],[-83.98882298355682,46.804829163814745],[-83.98878918355834,46.80492906383206],[-83.98873218355928,46.80508346385909],[-83.98871048356244,46.80516506387286],[-83.98866568356499,46.805301263896446],[-83.9886182835611,46.80539246391321],[-83.9885316835449,46.80548476393244],[-83.98849488353886,46.8055306639416],[-83.98847068353565,46.805567363948654],[-83.98843488353215,46.80563126396055],[-83.98842728354198,46.80573046397624],[-83.98843078355085,46.8057933639857],[-83.98842318356068,46.80589256400139],[-83.98841608357179,46.806000764018414],[-83.98842158358582,46.806099664033304],[-83.98841448359691,46.8062077640503],[-83.98844558361785,46.80629696406218],[-83.98846568363973,46.8064224640803],[-83.98842028364099,46.8065496641025],[-83.98840458365939,46.80673906413245],[-83.98839798367177,46.80685626415086],[-83.98842398370888,46.80708956418517],[-83.98841688371999,46.80719776420221],[-83.98840728372473,46.807260964212475],[-83.98837248372377,46.807342864227095],[-83.98833968372784,46.807460764247125],[-83.98833308374026,46.80757786426544],[-83.98832448374758,46.80765916427845],[-83.98831838376121,46.807785264298175],[-83.98829818376818,46.807893864316014],[-83.9882749837675,46.80794846432574],[-83.9882034837605,46.80807626434956],[-83.98818178376366,46.808157864363345],[-83.98818668377636,46.808247764376894],[-83.98817758378237,46.808319964388495],[-83.98817858378492,46.80833796439121],[-83.98817048379348,46.80842816440553],[-83.98816288380333,46.80852736442123],[-83.98816838381727,46.80862616443607],[-83.98818548383156,46.80869776444608],[-83.98816128382839,46.808734364453095],[-83.98807218380583,46.80878166446558],[-83.98798198378066,46.80881106447529],[-83.98791808376383,46.808839764483466],[-83.98785308374443,46.8088504644889],[-83.9878007837279,46.8088517644921],[-83.98774738370881,46.80883516449269],[-83.98770668369264,46.808809264491046],[-83.9876784836793,46.80877396448728],[-83.98765078366719,46.8087477644849],[-83.98759248363545,46.80864126447193],[-83.98755068361667,46.808597364467644],[-83.98752308360467,46.80857106446521],[-83.98748278358968,46.808554064464936],[-83.98742988357188,46.808546464466836],[-83.98736448355125,46.80854816447089],[-83.98726028351945,46.808559964478825],[-83.98719528350003,46.80857066448421],[-83.98711678347527,46.8085726644891],[-83.98701258344347,46.80858436449698],[-83.98677898337418,46.80862646451709],[-83.98668878334905,46.808655864526806],[-83.98661178332803,46.8086848645358],[-83.9865226833055,46.80873216454818],[-83.98644608328576,46.808770164558524],[-83.98635648326191,46.808808564569624],[-83.9861751832091,46.80884926458645],[-83.98607198317991,46.80887896459704],[-83.98598088315225,46.80889036460409],[-83.98587668312044,46.80890206461193],[-83.98565618305526,46.808943764631174],[-83.98557808303173,46.80895486463747],[-83.98550108301077,46.80898386464641],[-83.9854370829939,46.80901256465451],[-83.98536258297928,46.80908646467023],[-83.9852899829697,46.80919636469132],[-83.9852255829516,46.809216064698084],[-83.985147482928,46.80922706470436],[-83.98505688290167,46.80924746471276],[-83.98495268286986,46.80925916472066],[-83.98473218280469,46.80930096473993],[-83.98461578277131,46.809330964751304],[-83.98449848273539,46.809343064759986],[-83.98426288266101,46.80934916477465],[-83.9841324826209,46.809361564784155],[-83.98400258258211,46.80938296479499],[-83.98388678254999,46.80942196480774],[-83.98384908254143,46.80944996481421],[-83.98383648253858,46.809459264816375],[-83.98379968253253,46.80950526482559],[-83.98376238252517,46.80954226483345],[-83.98363548249401,46.8096175648524],[-83.98350958246539,46.80971086487408],[-83.98340728243866,46.80975846488735],[-83.98329398241289,46.809842464906865],[-83.98318168238966,46.809944364929],[-83.98306878236517,46.81003736494991],[-83.98297058234859,46.81015686497397],[-83.98291008234065,46.81024846499159],[-83.98281138232282,46.81035906501429],[-83.98274938231101,46.810423665027855],[-83.9826748822964,46.81049756504351],[-83.98258668227635,46.81056286505869],[-83.98248548225217,46.810628565074666],[-83.98238518223052,46.81071216509334],[-83.98229558220665,46.81075046510447],[-83.98206448214374,46.81083746513129],[-83.98196218211697,46.810885165144555],[-83.98182068207787,46.81093386516027],[-83.98170538204702,46.810981865174405],[-83.98166758203844,46.811009865180885],[-83.98157798201458,46.81104816519197],[-83.98146368198627,46.811114165208764],[-83.9813623819621,46.81117976522476],[-83.98127528194456,46.8112630652426],[-83.98120118193117,46.81134596525966],[-83.98110288191461,46.811465565283754],[-83.98092958188217,46.811650065322176],[-83.98085658187135,46.81175096534193],[-83.98079508186083,46.8118245653568],[-83.98070988184837,46.81194376538013],[-83.9806251818372,46.81207196540475],[-83.98054158182863,46.81221816543202],[-83.98045638181617,46.812337365455335],[-83.98038528181041,46.81247426548045],[-83.98027688179732,46.8126480655135],[-83.98016708178045,46.81279496554246],[-83.98005868176736,46.81296876557542],[-83.97998958176667,46.81314156560602],[-83.97998298177903,46.81325876562438],[-83.98004128181076,46.813365165637315],[-83.98005688182128,46.81340976564327],[-83.98008648183844,46.81347206565109],[-83.98009298185492,46.81358886566864],[-83.98008338185967,46.81365206567891],[-83.98006068186031,46.813715665690026],[-83.98000268185866,46.81385216571438],[-83.97989428184559,46.814026065747385],[-83.97984588183917,46.81409926576142],[-83.9797994818379,46.81420846578089],[-83.97979138184645,46.81429866579526],[-83.9798259818763,46.814450765816574],[-83.979805281882,46.81455036583307],[-83.97977398188992,46.81469516585712],[-83.97974218189658,46.81483096587984],[-83.97973458190641,46.81493016589555],[-83.97972788191875,46.81504736591389],[-83.97970568192065,46.815119965926364],[-83.9796839819238,46.81520146594015],[-83.97966278192825,46.81529206595526],[-83.97965118192795,46.815319365960136],[-83.97964108193142,46.81537356596905],[-83.97963588194756,46.815517765991466],[-83.9796559819695,46.8156432660096],[-83.97968758199171,46.81574136602283],[-83.9797318820168,46.81583026603387],[-83.97974748202732,46.815874866039835],[-83.97976248203648,46.81591046604442],[-83.97979468206,46.81601756605896],[-83.97981268207683,46.81610716607171],[-83.9798433820965,46.816187366082254],[-83.97988758212156,46.81627616609332],[-83.97994598215337,46.81638266610622],[-83.98001838219183,46.816506766121066],[-83.98003588220737,46.816587266132416],[-83.98004138222134,46.816686166147306],[-83.98002168222959,46.81680366616647],[-83.97998688222864,46.81688556618109],[-83.97993698221842,46.81693186619109],[-83.97985998219747,46.81696086620002],[-83.97976928217102,46.81698126620842],[-83.97965148213382,46.81698436621578],[-83.97944148206642,46.816980766227445],[-83.97933578203082,46.816965566231325],[-83.97904778193984,46.81697306624922],[-83.97894158190294,46.81694876625169],[-83.97880818185529,46.816907266253075],[-83.97866268180603,46.81688406625802],[-83.97847688174181,46.816843966262695],[-83.97831738168588,46.81680306626566],[-83.97819758164356,46.816770166267574],[-83.97801128157805,46.81672106627093],[-83.97783808151668,46.81667156627337],[-83.97766348145154,46.81659506627182],[-83.97748828138509,46.81650966626895],[-83.97735388133489,46.81645016626759],[-83.97719338127644,46.816391366267965],[-83.9770342812217,46.81635946627231],[-83.97694318119404,46.81637086627938],[-83.97686508117049,46.816381866285596],[-83.97678758114826,46.816401866293184],[-83.97665758110944,46.816423266304085],[-83.97643758104552,46.81647406632468],[-83.9763589810207,46.81647606632957],[-83.97629258099752,46.8164597663309],[-83.97625278098383,46.81645186633205],[-83.97618638096064,46.81643556633341],[-83.97610728093457,46.816428666336925],[-83.97529568067826,46.816449766387485],[-83.97519138064645,46.81646146639536],[-83.9751133806229,46.81647246640158],[-83.9749970805895,46.816502466412935],[-83.97490838056817,46.816558766426795],[-83.97478248053955,46.81665206644844],[-83.97454018047752,46.81677536648148],[-83.97441918046152,46.81695856651664],[-83.97439698046342,46.81703106652906],[-83.97437618046908,46.817130666545566],[-83.97434238047066,46.81723056656288],[-83.97432218047764,46.817339066580736],[-83.97431558049001,46.81745626659914],[-83.97434868051604,46.8175813666164],[-83.97437828053317,46.81764356662424],[-83.97440948055417,46.81773276663612],[-83.97445268057672,46.81780366664446],[-83.97456538063008,46.81794466665959],[-83.97466248067299,46.81804116666872],[-83.97473288070633,46.81812936667816],[-83.9748304807505,46.81823476668865],[-83.97491248078421,46.818295666693224],[-83.97496788080839,46.818348266698074],[-83.97503478083281,46.81837346669802],[-83.9751021808586,46.818407766699394],[-83.97518228088722,46.818432666698534],[-83.97526278091706,46.81846656669906],[-83.9753292809403,46.81848286669772],[-83.97542338097557,46.81852536669875],[-83.97550538100928,46.818586266703335],[-83.97552098101977,46.818630866709235],[-83.97556418104229,46.8187016667176],[-83.97561958106647,46.818754266722436],[-83.97566078108393,46.81878916672541],[-83.97575598112176,46.81884976672916],[-83.97581128114594,46.818902266734],[-83.97583998116055,46.818946566739164],[-83.97585348116593,46.818955166739705],[-83.97586808117387,46.81898176674289],[-83.97589828119229,46.819053066752076],[-83.97592738120815,46.819106266758595],[-83.97596968122821,46.819159166764244],[-83.97602798125995,46.81926566677717],[-83.97604358127049,46.81931026678312],[-83.9761260813054,46.81938006678903],[-83.97619258132863,46.81939636678763],[-83.97621878133693,46.819395666786015],[-83.97623078133847,46.81937736678248],[-83.97625598134424,46.81935866677815],[-83.97626618134075,46.81930446676926],[-83.97626418133567,46.819268466763845],[-83.97624958132774,46.819241866760585],[-83.9762067813064,46.8191799667536],[-83.97619228129852,46.819153366750406],[-83.97615098128102,46.81911846674745],[-83.9761242812715,46.81911016674768],[-83.97606798124477,46.819039566740145],[-83.97603928123019,46.818995366734995],[-83.97602418122091,46.81895976673041],[-83.9760086812105,46.8189151667245],[-83.9759935812013,46.81887956671993],[-83.97586678114119,46.8187208667029],[-83.97578528110876,46.818668966699725],[-83.9757439810913,46.81863406669676],[-83.97572948108338,46.81860746669352],[-83.9757289810821,46.818598466692144],[-83.97580648110436,46.818578366684555],[-83.97584578111675,46.81857736668213],[-83.97592528114413,46.81859336667994],[-83.97595198115364,46.81860166667965],[-83.97599178116734,46.81860956667858],[-83.9760446811851,46.81861716667665],[-83.97609798120423,46.81863386667608],[-83.97619058123563,46.81864936667307],[-83.97634968129036,46.81868126666871],[-83.97644238132185,46.81869686666569],[-83.9765606813603,46.81870276665971],[-83.97671878141249,46.81871666665265],[-83.97682498144935,46.81874086665015],[-83.97694478149164,46.81877376664823],[-83.9770257815228,46.81881666665008],[-83.97715968157173,46.81886716665009],[-83.97728098161782,46.81892706665221],[-83.97741638167062,46.8190044666562],[-83.97751248171093,46.81908296666265],[-83.97762268175796,46.81917916667097],[-83.97777318181997,46.819292166679546],[-83.97795178189533,46.81944056669193],[-83.97804838193697,46.819528066699746],[-83.97816058198907,46.819660066713475],[-83.97823098202241,46.8197482667229],[-83.97830488206468,46.81989936674183],[-83.97833608208569,46.8199885667537],[-83.97834898211867,46.820222166788824],[-83.97833988212473,46.820294466800455],[-83.9783186821291,46.82038496681558],[-83.97829948213862,46.82051146683609],[-83.97825208213482,46.82060276685288],[-83.97818188213158,46.82075756688075],[-83.97813748213532,46.8209026669056],[-83.97806538212703,46.8210215669281],[-83.97801898212575,46.82113076694755],[-83.97793278211078,46.82123206696811],[-83.9778345820942,46.82135156699216],[-83.97771108207192,46.82148976702061],[-83.9776006820537,46.8216276670482],[-83.97751448203873,46.82172886706875],[-83.97737748201106,46.82185846709663],[-83.97727868199323,46.821969067119376],[-83.97720508198111,46.822060967137745],[-83.97717028198014,46.82214286715235],[-83.97716118198618,46.82221506716401],[-83.97715108198967,46.822269367172915],[-83.97708238199024,46.822451167204825],[-83.97706068199341,46.82253266721858],[-83.97705208200072,46.82261396723158],[-83.97709578211246,46.82340476735045],[-83.97711728213817,46.82355726737262],[-83.97715938218705,46.8238441674142],[-83.97719398221689,46.82399616743548],[-83.97718638222673,46.82409536745117],[-83.97716568223245,46.82419496746767],[-83.97715608223722,46.82425816747793],[-83.97710768223087,46.82433146749201],[-83.97707478223494,46.824449267512],[-83.97704148223774,46.82455816753065],[-83.97703588225271,46.82469336755177],[-83.97704178226789,46.824801167567955],[-83.97706138228857,46.824917667584664],[-83.97709398231335,46.825033767600615],[-83.9770742823216,46.825151267619795],[-83.97705308232604,46.825241867634965],[-83.9770594823425,46.82535866765251],[-83.97707758235939,46.82544826766524],[-83.97709398240129,46.82574476770979],[-83.97706118240542,46.825862667729766],[-83.97705448241773,46.82597976774813],[-83.97707748244726,46.8261591677743],[-83.97709608246537,46.82625776778837],[-83.97712578248256,46.82631996779619],[-83.97719668251722,46.82641706780697],[-83.97722538253183,46.82646136781211],[-83.97722878254072,46.82652426782153],[-83.97724438255119,46.82656886782749],[-83.97725088256772,46.826685667845055],[-83.9772456825839,46.826829867867474],[-83.97730438264585,46.827179267917685],[-83.97737878268936,46.82733936793795],[-83.97747468275864,46.82765186798033],[-83.97749728278689,46.82782226800518],[-83.97752128281901,46.82801966803406],[-83.97754118286981,46.82837906808805],[-83.97761708291719,46.82856616811234],[-83.97762698294254,46.82874586813939],[-83.97767668298164,46.82893356816528],[-83.97774248303251,46.8291748681985],[-83.97778708308775,46.8295066682468],[-83.97781108311985,46.82970406827569],[-83.97785578314618,46.829801868288094],[-83.97803298321773,46.82992326829642],[-83.97822178328965,46.83001736829986],[-83.97837128334909,46.83011246830576],[-83.97859788342957,46.830178568302664],[-83.97879628349666,46.830209368295876],[-83.97902288357716,46.830275468292776],[-83.97923488364967,46.830314968286515],[-83.97943768372821,46.83042666829183],[-83.97956348378572,46.83056736830606],[-83.97971698385537,46.830734368322766],[-83.97987698394155,46.83101826835704],[-83.98001938401214,46.8312214683799],[-83.98013748407953,46.83146146840986],[-83.9802783841463,46.83163776842867],[-83.98040618420892,46.83181436844836],[-83.98051128427217,46.832054668479074],[-83.98049458428804,46.832226068506365],[-83.98035498425403,46.832310768527485],[-83.98002858415316,46.83233726855058],[-83.9797123840488,46.832309468564745],[-83.97944648395593,46.83224436857029],[-83.97920478386621,46.83214266856874],[-83.97900238378897,46.83203996856478],[-83.97883638371651,46.831882268550245],[-83.97862748362267,46.83166276852877],[-83.97834608351931,46.831553068528294],[-83.97811348342357,46.83137916851518],[-83.97790418332852,46.83115056849232],[-83.97774818325253,46.830938668468896],[-83.97756608316826,46.83072736844707],[-83.9773772830964,46.83063336844361],[-83.97692958294944,46.83059996846463],[-83.9766147828489,46.830599168482834],[-83.97631658276143,46.830660968509676],[-83.97608438269584,46.83072996853379],[-83.97583658261986,46.83075446855199],[-83.97562708255364,46.830759868565046],[-83.9755484825298,46.830769768571145],[-83.97553678252638,46.83077236857224],[-83.9754582825037,46.83079126857971],[-83.97511888239869,46.8308180686036],[-83.97475468228926,46.830872568633175],[-83.97422378213494,46.830994368682795],[-83.97400318206975,46.83103616870207],[-83.97382428202323,46.83112176872569],[-83.97376428201656,46.8312223687446],[-83.9736276819901,46.83136086877383],[-83.97353948197002,46.83142616878892],[-83.97337468193025,46.83152946881444],[-83.97321088189298,46.83165066884255],[-83.9730101818786,46.83205196891587],[-83.97299928190965,46.832331168959364],[-83.97296998192269,46.83251196898877],[-83.97295518194359,46.83271936902149],[-83.9729700819817,46.83298896906202],[-83.97299658202013,46.83323126909764],[-83.97299388204267,46.833420369126806],[-83.97302508206369,46.8335094691387],[-83.97308238209291,46.83359806914893],[-83.97311158210879,46.83365126915542],[-83.97328188222164,46.83412386921798],[-83.97332268223782,46.834149769219614],[-83.97345858229193,46.834236269224974],[-83.97363178235332,46.834285769222454],[-83.9737933824144,46.83436256922482],[-83.97404868250949,46.83447286922689],[-83.97425358259312,46.834620569237615],[-83.97444478267134,46.8347595692478],[-83.9747917827954,46.83486756924416],[-83.97509298289056,46.83485966922539],[-83.9755391830337,46.83486606920039],[-83.97568328307925,46.834862369191356],[-83.97594418315941,46.834837569172365],[-83.97604648318614,46.83478986915912],[-83.97614528320398,46.834679369136374],[-83.97626928322755,46.83455006910933],[-83.97647478328355,46.834472769085444],[-83.97666778333675,46.834404769063774],[-83.97684558338061,46.83430106903754],[-83.97707488343856,46.8341781690053],[-83.9774889835582,46.83407736896566],[-83.97771208362981,46.83408056895319],[-83.97794978370936,46.8341103689439],[-83.9781728837809,46.83411356893136],[-83.97836878384166,46.8340994689178],[-83.97856728390882,46.83413026891095],[-83.97874498398164,46.834260668920585],[-83.97884858404109,46.834473968947336],[-83.97892838409864,46.83473286898234],[-83.97894928415198,46.83511036903907],[-83.97904078420986,46.83534196906928],[-83.97904508425019,46.835656769117364],[-83.97900318426036,46.83584686914896],[-83.97902768429371,46.83605326917923],[-83.97909948435985,46.8364023692286],[-83.97910308442785,46.83694226931122],[-83.97916488455651,46.83782266944275],[-83.97914518456477,46.8379401694619],[-83.97908418455552,46.83802276947814],[-83.97882158450042,46.83825456952901],[-83.97862098445717,46.838421769566374],[-83.97836748439597,46.83858136960561],[-83.97805918431202,46.83869746964141],[-83.97773278421114,46.838723969664485],[-83.9775221841424,46.83871146967486],[-83.97737668409312,46.83868816967977],[-83.9771500840126,46.83862206968281],[-83.976961783942,46.838536969680746],[-83.9767894838831,46.838505469685984],[-83.9765638838052,46.83845736969173],[-83.976246083697,46.83840266970185],[-83.97588948357765,46.83835796971577],[-83.97570218350958,46.838290769716394],[-83.97553338345963,46.838322169731065],[-83.9755202834555,46.838322569731865],[-83.97513488335045,46.838467569776626],[-83.97479588324671,46.83850336980184],[-83.97452328316616,46.83855546982574],[-83.97432588310159,46.838542569835255],[-83.97392438298479,46.83863406987269],[-83.97356108287781,46.838706469905],[-83.97328248281099,46.83888476994856],[-83.97308038276388,46.839024969981885],[-83.9728403827081,46.839193170021645],[-83.9726266826607,46.83936077005981],[-83.97239938260783,46.83951967009747],[-83.97217558256386,46.839741470144574],[-83.972016182538,46.839943670184894],[-83.97182308251378,46.840245670242446],[-83.9717135824981,46.84040147027276],[-83.97145838246207,46.84076807034388],[-83.9713000824388,46.840988170386865],[-83.97116538241742,46.84116267042151],[-83.97109678241803,46.84134447045342],[-83.97105328242434,46.84150757048098],[-83.97094168243255,46.84186147054177],[-83.97080848241501,46.84206297058046],[-83.97071608241365,46.84229037062071],[-83.97064738241423,46.84247217065261],[-83.97054488241636,46.84275377070179],[-83.97040808241883,46.843126370766925],[-83.97031168240736,46.8432818707964],[-83.97028188241912,46.84345357082449],[-83.97028488242674,46.84350757083258],[-83.9703023824423,46.84358807084393],[-83.97030738245503,46.84367797085741],[-83.97028958246831,46.843831370882036],[-83.97028538248705,46.84399347090711],[-83.97031608250677,46.84407367091764],[-83.97037188253223,46.84413527092387],[-83.97044688257706,46.8443042709454],[-83.97056208263685,46.84449037096724],[-83.97054528265275,46.844661770994506],[-83.97019988265058,46.84553467114856],[-83.9700365826146,46.845664971178095],[-83.96992518259393,46.84578487120294],[-83.9699214826139,46.84595597122944],[-83.9699782826419,46.84603547123831],[-83.96999588265747,46.846115971249645],[-83.9700037826778,46.846259771271235],[-83.9700999827182,46.84633827127764],[-83.97018108274939,46.84638117127954],[-83.97023838277865,46.84646967128979],[-83.97027148280472,46.84659487130703],[-83.9703404828343,46.846656071312374],[-83.97050408290049,46.84676877132012],[-83.97055848292209,46.84680337132233],[-83.97054938292813,46.8468755713339],[-83.97037188288546,46.84698817136154],[-83.97027458287141,46.847125771388285],[-83.9701534828555,46.84730887142344],[-83.97004108283221,46.84741077144563],[-83.96986318278829,46.84751437147189],[-83.96975438274497,46.84744527146768],[-83.9696713827087,46.84736637146041],[-83.9695081826438,46.84726267145397],[-83.96929468256747,46.84719617145623],[-83.96916168252099,46.847163671458965],[-83.96898348244687,46.84702427144799],[-83.96881788237559,46.84687557143483],[-83.96857068227183,46.8466749714185],[-83.96835218218278,46.84651867140723],[-83.96803088206569,46.846400971407874],[-83.96774938196224,46.84629127140746],[-83.96744618186196,46.846263171420816],[-83.9671932817732,46.84619777142552],[-83.96691778168505,46.846195871441324],[-83.96676208163916,46.84622697145517],[-83.96657208159365,46.8463488714849],[-83.96652268158309,46.8463910714943],[-83.96640918155887,46.84648807151579],[-83.9663748815592,46.846578971531706],[-83.9662910815506,46.84672517155904],[-83.96616698152692,46.8468543715861],[-83.96598268146649,46.846841171594804],[-83.96596038146838,46.8469136716072],[-83.96593918147285,46.84700427162238],[-83.96585338145908,46.84711447164428],[-83.96577288142917,46.84708057164376],[-83.96583518147116,46.84725897166749],[-83.96589698151183,46.847428371689865],[-83.96604348156372,46.847469571687654],[-83.96609298157266,46.84741427167629],[-83.96610008156152,46.847306071659276],[-83.96611988155333,46.84718857164011],[-83.96613858154251,46.84705307161824],[-83.96625008156325,46.846933171593335],[-83.96641788161068,46.84688387157599],[-83.96651398165108,46.84696237158245],[-83.96654768167845,46.84709647160103],[-83.96654148169208,46.84722267162078],[-83.96657508171938,46.8473567716394],[-83.96663348175123,46.847463271652295],[-83.96676788180152,46.84752277165361],[-83.96683018184346,46.84770117167732],[-83.96684428185011,46.84771877167925],[-83.96688038188387,46.84789787170458],[-83.9669088819274,46.848176071745634],[-83.96698528197605,46.84837207177119],[-83.96703588201761,46.848577771799846],[-83.96703418204274,46.84878477183169],[-83.96704558207198,46.84899147186271],[-83.96704238209327,46.84917157189055],[-83.96701498211134,46.849388271925406],[-83.9669972821247,46.84954177194999],[-83.9668610820995,46.84968927198052],[-83.96678788208861,46.84979017200026],[-83.96677158210578,46.84997057202887],[-83.9667024821051,46.85014337205944],[-83.96655718208598,46.85036317210165],[-83.96659128211458,46.85050627212156],[-83.96652458212026,46.85072397215884],[-83.9664034821043,46.850907172194034],[-83.96626288206767,46.85097377221242],[-83.96614888204057,46.851048772230634],[-83.96612318203358,46.85105837223358],[-83.96617908205906,46.85111997223976],[-83.96627818210706,46.85125237225429],[-83.96617738208411,46.851326972271615],[-83.96628708212991,46.85141417227858],[-83.96638578217672,46.85153757229175],[-83.96661878227373,46.85172057230625],[-83.96667418229791,46.851773072311104],[-83.96746048263553,46.85247267237253],[-83.96758288268424,46.85255047237733],[-83.96773048273867,46.85260967237781],[-83.96811038285868,46.85259987235416],[-83.96819038288734,46.85262477235335],[-83.96839088295961,46.852691572351866],[-83.96867788307699,46.852900072367156],[-83.96880128312824,46.85299587237466],[-83.96896588319697,46.85312657238512],[-83.96913098326698,46.85326627239691],[-83.96932678335675,46.85348627241922],[-83.96948028342638,46.853653272435864],[-83.96966158350818,46.853846572454984],[-83.9698800835973,46.854002872466175],[-83.97003208366318,46.85414287247883],[-83.97006328368415,46.8542320724907],[-83.97006918369942,46.85433997250688],[-83.97010728373819,46.85455497253766],[-83.97019878379608,46.8547865725678],[-83.97026358384446,46.855009872598266],[-83.97039288391098,46.85521347262199],[-83.97050468396186,46.855336572634336],[-83.97070668403796,46.85543037263695],[-83.97078968407423,46.855509172644176],[-83.97086468411909,46.855678272665735],[-83.97091288415443,46.855838972687614],[-83.97092228417854,46.856009772713236],[-83.97087118419479,46.85627207275642],[-83.97079998418897,46.85640887278155],[-83.97067548416418,46.85652917280725],[-83.97045108411888,46.85674197285301],[-83.97035518410871,46.85690647288382],[-83.97029458410066,46.85699807290142],[-83.97022398409624,46.85714387292788],[-83.97023908410544,46.85717947293245],[-83.97029838413977,46.85730387294807],[-83.97033058416335,46.857411072962634],[-83.97028008415185,46.85744837297127],[-83.97022008414517,46.85754897299019],[-83.97021288415631,46.857657173007276],[-83.97020128415593,46.85768447301212],[-83.97016898416136,46.85781127303344],[-83.97019148418966,46.85798167305827],[-83.9701959842011,46.858062573070406],[-83.97021348421667,46.8581430730817],[-83.97017058422432,46.85831517311063],[-83.97005958420486,46.85844407313687],[-83.96990828417042,46.858556073162866],[-83.96980998415387,46.85867557318691],[-83.96981488416658,46.85876547320043],[-83.96979568417615,46.85889197322092],[-83.96983128420857,46.85906197324493],[-83.96983228421111,46.859079973247574],[-83.96978978421997,46.85926107327787],[-83.96980638423301,46.85932367328653],[-83.96982638425496,46.859449173304576],[-83.96989068430206,46.85966347333368],[-83.96989168430461,46.85968147333639],[-83.96995108433897,46.859805873352],[-83.9700229843762,46.85992097336547],[-83.97005118438958,46.85995627336923],[-83.97023388447515,46.86017657339237],[-83.9702343844765,46.8601855733937],[-83.97042058457099,46.860468673426254],[-83.97047848460154,46.86056617343786],[-83.97049308460949,46.86059277344104],[-83.97056498464674,46.86070797345455],[-83.97061228467952,46.86085067347365],[-83.97069678471956,46.86095647348499],[-83.97084638477915,46.86105157349085],[-83.97103478484979,46.86113667349289],[-83.97149268502237,46.86134977349885],[-83.97172238511058,46.86146987350389],[-83.97191028517996,46.861545973504604],[-83.97211078525226,46.861612773503154],[-83.97226898530444,46.86162667349606],[-83.97250778538663,46.86167447348947],[-83.972787385485,46.861748173484436],[-83.97299998555887,46.86179667347948],[-83.97325338564899,46.861871073476124],[-83.97353598575499,46.86199867347918],[-83.97380798586323,46.86217157348984],[-83.97400138594666,46.86234657350539],[-83.9741004859947,46.86247897351989],[-83.97439968611376,46.86266917353162],[-83.97467268622454,46.862860073544994],[-83.9748744863296,46.86318787358346],[-83.9749407863818,46.86343817361796],[-83.97497998642321,46.86367107365139],[-83.97495748645403,46.863977673699715],[-83.97490588646896,46.86423097374156],[-83.97481598647406,46.86450337378858],[-83.97476388648772,46.86474767382905],[-83.97471428650773,46.86503697387631],[-83.97465508653254,46.86538947393381],[-83.9746095865338,46.865516673955995],[-83.97452188651502,46.86559097397249],[-83.97438368648476,46.86570257399763],[-83.97437858650098,46.86584667402001],[-83.97443888653787,46.86598917403838],[-83.97447658657546,46.866195174067755],[-83.97452578661336,46.86637387409227],[-83.97452008662825,46.86650897411329],[-83.97459258666677,46.866633074128146],[-83.97480868674955,46.8667444741326],[-83.97504908683561,46.86681927413004],[-83.97536498693876,46.86683807411451],[-83.97563058703045,46.86689407410756],[-83.97587538712791,46.86704977411715],[-83.97600478719447,46.86725337414085],[-83.97610688725013,46.867439674163435],[-83.97622718732275,46.86771557419874],[-83.97640398739313,46.86782797420563],[-83.97669618749438,46.86789237419844],[-83.97704948760492,46.86787417417505],[-83.97720578765207,46.86785207416259],[-83.97754398775335,46.86779827413461],[-83.97775208781576,46.8677658741175],[-83.97806448793901,46.8679557741284],[-83.97821758800744,46.86811377414368],[-83.97839488807911,46.8682351741519],[-83.97859938816157,46.86837377416123],[-83.97872428821667,46.868496574172745],[-83.97875888824657,46.86864867419408],[-83.9787421882625,46.86882007422134],[-83.97868658826725,46.86900147425235],[-83.97858928825327,46.86913907427914],[-83.97844888824683,46.86944867433477],[-83.97840048824051,46.86952197434881],[-83.97835158823285,46.86958627436156],[-83.97822948821435,46.869751374393985],[-83.97815678820481,46.86986127441507],[-83.97811488821503,46.870051374446625],[-83.97817278824554,46.87014887445824],[-83.97823478825734,46.870084274444686],[-83.97821868824556,46.870030674437416],[-83.97825348824651,46.869948774422845],[-83.9782994882465,46.86983057440205],[-83.97842848828282,46.869791174388446],[-83.97845668829623,46.86982647439225],[-83.97845308831629,46.86999757441868],[-83.97845908833156,46.87010537443488],[-83.97848758837516,46.870383674475846],[-83.97850098840954,46.87062627451225],[-83.97848058844555,46.87096887456595],[-83.9784420884646,46.87122187460697],[-83.97841228847642,46.87139357463503],[-83.97844688850631,46.8715456746563],[-83.97840348851274,46.87170887468388],[-83.97832268851178,46.87190897471925],[-83.97823228851557,46.872172274764914],[-83.97808398848882,46.87233817479898],[-83.97793768846711,46.87253997483842],[-83.97783978845185,46.87266847486384],[-83.97770508843051,46.87284297489846],[-83.9776969884391,46.87293317491273],[-83.97777148848273,46.87309327493294],[-83.97778788852476,46.873389874977406],[-83.97781958854708,46.873487974990596],[-83.97772568854195,46.87368847502681],[-83.97783248858019,46.87372167502569],[-83.97790248861234,46.87380087503378],[-83.9779341886346,46.873898975046956],[-83.97797138867095,46.87409607507497],[-83.97802058870886,46.87427477509949],[-83.97802958873177,46.87443647512375],[-83.9779724887327,46.87459097515074],[-83.97778338868972,46.87473087518322],[-83.97752878862602,46.87487257521981],[-83.97738958859321,46.87496617524224],[-83.9771959885387,46.875025175262614],[-83.97679218841672,46.87508067529464],[-83.97650688833325,46.875142175320725],[-83.9761100882291,46.87532347537167],[-83.9757403881357,46.87552207542366],[-83.97548528807071,46.87565467545891],[-83.97534708804046,46.87576627548403],[-83.97518918801845,46.87599537552836],[-83.97503888798661,46.87612527555703],[-83.9747836879216,46.87625797559225],[-83.97435818780275,46.87639497563812],[-83.97401078770756,46.8765210756777],[-83.97371428762497,46.87661877570995],[-83.97335628753201,46.87679007575712],[-83.97304818744911,46.87691507579423],[-83.97279108737905,46.87701177582406],[-83.97253638731532,46.877153375860615],[-83.97232108726399,46.877293975894695],[-83.97225038725954,46.87743977592121],[-83.97230308730637,46.877681375955135],[-83.97241788736491,46.87785837597558],[-83.97245008738852,46.87796557599013],[-83.97245158739236,46.87799257599417],[-83.97234148737545,46.878139376023064],[-83.97224098738275,46.87845697607762],[-83.97225608739201,46.87849257608219],[-83.97244948747542,46.87866757609773],[-83.97273418758661,46.87883117610621],[-83.97277548760415,46.87886607610914],[-83.97361888793992,46.879402176142065],[-83.973989588095,46.87969847616585],[-83.97419568818138,46.87986417617924],[-83.9744142882706,46.88002047619046],[-83.97464858837031,46.880221376207544],[-83.97477848843816,46.880433976232545],[-83.97482718847475,46.88060367625573],[-83.97481488850215,46.88085597629511],[-83.9747214884983,46.88106547633263],[-83.97467588848957,46.881112076342454],[-83.97882698984367,46.88134497613585],[-83.97897888989732,46.88138667613341],[-83.97916388995911,46.88140877612601],[-83.97940429004514,46.88148357612342],[-83.97953389008278,46.88145317611119],[-83.97966779011792,46.88139217609407],[-83.97976429014325,46.88134817608171],[-83.98008199022128,46.88115987603431],[-83.98041579031114,46.88102517599413],[-83.98078029042073,46.880970675964555],[-83.981015690494,46.88095557594853],[-83.98133129059599,46.88096537593158],[-83.98156869067435,46.88098617592093],[-83.9818473907702,46.88104187591317],[-83.9821028908655,46.881152275915206],[-83.98213529088011,46.88118687591861],[-83.98361829129287,46.880698275757155],[-83.98391889138051,46.880631375729386],[-83.98415299144688,46.880564075705394],[-83.984386791516,46.880519675684965],[-83.98488709167046,46.88047697564924],[-83.98552099186473,46.88041217560229],[-83.98632139211229,46.8803482755458],[-83.98698829231999,46.880306575500484],[-83.98765549252495,46.880241975451604],[-83.98828939271921,46.880177075404674],[-83.98912289298022,46.88013637534979],[-83.98988979321992,46.880095175298706],[-83.99085679352079,46.88003237523267],[-83.99242389401078,46.87995017512859],[-83.99372389442104,46.879912275046884],[-83.994923594802,46.87989657497443],[-83.99612359518026,46.87985797489842],[-83.99738969558528,46.87986567482572],[-83.99875609601962,46.879850874743646],[-84.0002886965099,46.879860074655575],[-84.00175559697067,46.87980017456074],[-84.00295559734884,46.87976147448474],[-84.00378899760975,46.879720674429784],[-84.00578969823273,46.879595074293725],[-84.00715599866693,46.87958027421168],[-84.00868999914341,46.87947487410595],[-84.01012369959064,46.879391674009476],[-84.0111906999234,46.8793292739376],[-84.012323800283,46.87931307386893],[-84.01362320069863,46.8793206737942],[-84.01488850111188,46.87939677373193],[-84.01622000155206,46.87951907367287],[-84.01731770192308,46.87968577363431],[-84.01821500223565,46.87989717361421],[-84.01894520250053,46.88015337361083],[-84.01944270268527,46.88036237361377],[-84.01984000284078,46.88059367362598],[-84.02030320302596,46.88089417364498],[-84.02073230320876,46.88126307367637],[-84.02106220335128,46.88156277370301],[-84.02152490354199,46.88190897372896],[-84.02205500374569,46.88218687374057],[-84.0225866039328,46.88232737373101],[-84.02301900407966,46.882398573716685],[-84.02358520426357,46.882424773687596],[-84.02458480458326,46.882430473630095],[-84.02548550485994,46.88234407356417],[-84.02715300537616,46.88221627344716],[-84.02768630554391,46.88219637341298],[-84.02841960577558,46.88217767336728],[-84.02985240623379,46.882185873284726],[-84.0306518064923,46.88221337324221],[-84.03178400686295,46.88228857318758],[-84.0330153072738,46.88243297313773],[-84.03401290761563,46.88262187310837],[-84.03491090792274,46.88278727308115],[-84.03567520818996,46.88297487306522],[-84.03633970842523,46.88316187305506],[-84.03723660874343,46.88341887304194],[-84.03819970908842,46.88372207303209],[-84.03912930942559,46.8840479730276],[-84.0398261096826,46.884326673029555],[-84.04025730984326,46.884512373032805],[-84.04088751007897,46.884790673038566],[-84.04165071036006,46.88509277304019],[-84.0424813106542,46.885326473027376],[-84.04344551098815,46.88553797300341],[-84.04454391135363,46.88565857295767],[-84.04544281164961,46.88573237291639],[-84.04637581194798,46.88573757286261],[-84.0470751121773,46.88578727282934],[-84.04797481246499,46.88579227277749],[-84.04914011284897,46.88589037272434],[-84.04987231309451,46.885985972696155],[-84.05070361338029,46.886150972672795],[-84.05126841358083,46.8863143726648],[-84.05173281375498,46.88652307266956],[-84.05223021394251,46.88675487267594],[-84.05266081411153,46.887009172689666],[-84.05319131431254,46.887263972697646],[-84.0538221145427,46.887496472696384],[-84.05425361470067,46.887659172696004],[-84.05455231481041,46.88777537269631],[-84.05491701494981,46.887960572703356],[-84.0551821150517,46.888099472709094],[-84.0555470151883,46.888261772712575],[-84.05607801538376,46.88847077271354],[-84.05644341551486,46.888587372709985],[-84.05717561576034,46.888682972681785],[-84.057841615979,46.88873237265041],[-84.05864181622918,46.88869097259726],[-84.05910861637554,46.88867057256679],[-84.05990931662016,46.88858337250661],[-84.06044301678511,46.88854047246883],[-84.06114321700325,46.888498472421425],[-84.06197751725576,46.88838847235577],[-84.06294481755364,46.88830217228599],[-84.06427941796038,46.88814907218443],[-84.06517981823967,46.88808527212203],[-84.06661411868113,46.88795557201825],[-84.06784851905864,46.88782477192595],[-84.06958361958479,46.88760507179079],[-84.07118542006836,46.88738467166331],[-84.0729212205862,46.887096171517555],[-84.07429022098962,46.886828671396486],[-84.0750913212286,46.88669557132926],[-84.0767278217061,46.886337771178674],[-84.07853062223961,46.88600377102201],[-84.08086742293233,46.88558097082056],[-84.08193422326768,46.88554087075194],[-84.08266702350473,46.88556757071316],[-84.08299772364182,46.8858212707326],[-84.08316282371456,46.88598247074759],[-84.08349392384604,46.88619027076001],[-84.08389152400166,46.88642137077212],[-84.08435622417302,46.88660707077335],[-84.0846877243018,46.886791970782205],[-84.08515172448146,46.88704637079399],[-84.08544932460512,46.88727697081186],[-84.08561462467509,46.887415270823354],[-84.08591272479318,46.88759997083415],[-84.08607822486037,46.88771537084215],[-84.0866091250586,46.88794717084652],[-84.08717222528136,46.88829367086655],[-84.08786802555512,46.88870947088949],[-84.08866412585525,46.889080070899574],[-84.08932752610724,46.88940417091032],[-84.09025792643882,46.8896838708986],[-84.0907890266343,46.889892670899464],[-84.09138752684267,46.89003317088594],[-84.0920187270701,46.890242570880986],[-84.09255102725167,46.89033697086426],[-84.09275032732394,46.89040667086324],[-84.09508752813363,46.89092177080519],[-84.09524652816172,46.89074017076807],[-84.0958525282755,46.89010207063497],[-84.09642412839253,46.88957827052131],[-84.09699662849842,46.88896277039364],[-84.09743482857283,46.88843827028767],[-84.09797402866808,46.88782267016188],[-84.09864612880865,46.88723067003197],[-84.09938622895388,46.886501569877026],[-84.09999112908154,46.88597796976147],[-84.1005948292231,46.88556876966353],[-84.10103022933372,46.88534196960331],[-84.10166522951096,46.885139069535086],[-84.10276722983173,46.88489276943284],[-84.10380263013118,46.88464616933443],[-84.10487063044965,46.88446826924464],[-84.10603793080834,46.88435966915968],[-84.10743733125555,46.884366769078724],[-84.10807003146343,46.884415769049205],[-84.10870223167683,46.884510569026666],[-84.10940043191995,46.88467436901084],[-84.11016533218434,46.88483856899112],[-84.11109723249638,46.88495766895474],[-84.11176363270931,46.88496106891624],[-84.11342343318725,46.88454906875592],[-84.11374393328518,46.88451436873187],[-84.1138554333117,46.884441868714184],[-84.1144104334437,46.8840811686265],[-84.11564973379569,46.88373446850087],[-84.11632593396519,46.8833644684046],[-84.11651313398625,46.88305426834616],[-84.11616813376293,46.882145568227344],[-84.11625963373189,46.88166186814797],[-84.11732693397123,46.88085176796145],[-84.11797853406775,46.879959267786724],[-84.11797803406306,46.87992296778117],[-84.11864423423405,46.87959036769125],[-84.11864513422294,46.87949876767716],[-84.11874693422978,46.87929316763973],[-84.11888213424727,46.87908776760038],[-84.11894983425462,46.878973567578974],[-84.11908453427765,46.8788138675466],[-84.11921913430358,46.8786771675178],[-84.11945423435299,46.878472167472665],[-84.11978973442879,46.87822196741474],[-84.1200248344782,46.87801696736959],[-84.12014043450334,46.87792286734841],[-84.12019263451465,46.877880367338825],[-84.12029553450759,46.87756026728382],[-84.12029813447418,46.877285467241606],[-84.1202342344167,46.87698746719977],[-84.12017053435638,46.87666646715437],[-84.11997523423118,46.876161667088525],[-84.1198447341524,46.87586336705052],[-84.11964823404399,46.87549596700586],[-84.11945193393275,46.875105666957566],[-84.11922233381088,46.87471516691127],[-84.11902603369968,46.87432486686303],[-84.11876273357275,46.87398006682569],[-84.118465833438,46.87365796679379],[-84.1181365332814,46.87324406674972],[-84.11794043316742,46.872830866698],[-84.11787783309323,46.87239536663496],[-84.11794953304765,46.87184606654669],[-84.11811903306187,46.87152636648786],[-84.11832313306999,46.87106926640591],[-84.1191665331968,46.869928366181874],[-84.11970463330026,46.86938136606659],[-84.12000653336813,46.86915386601408],[-84.12094653356857,46.868356965837066],[-84.12145063366971,46.867878465734236],[-84.12212213381291,46.86730926560778],[-84.12252623388204,46.86683026551081],[-84.12299803395861,46.86623716539237],[-84.12350243405415,46.86571286528256],[-84.12380533410811,46.865370865212405],[-84.12420863418846,46.86498346512951],[-84.12474573430295,46.8645280650283],[-84.12511543437542,46.86416346495083],[-84.1253515344109,46.86384396488809],[-84.12558843443524,46.8634329648113],[-84.12562423441243,46.86315826476711],[-84.12556143434108,46.862745764707654],[-84.12546423427293,46.862447564667725],[-84.125399934221,46.86219526463286],[-84.12516903411593,46.8619422646076],[-84.12497173401867,46.86166646457694],[-84.12464163387331,46.86134416454692],[-84.12427833371451,46.86099886451536],[-84.12375073347471,46.860423764458204],[-84.12315683320803,46.8598024643979],[-84.12239713287985,46.85911166433658],[-84.12153713252536,46.85846616428808],[-84.1207108321759,46.85777506423067],[-84.11995073185334,46.857130064176395],[-84.119223631547,46.85653096412723],[-84.11819773113098,46.85581596407787],[-84.11713843070714,46.85512366403385],[-84.11594573024355,46.854453564001076],[-84.1150515298924,46.85392236397206],[-84.1139910294853,46.85336736394912],[-84.11303022911292,46.852835863924],[-84.11183842863821,46.852074063877076],[-84.11094622826208,46.85133676381633],[-84.11011992791559,46.85066846376237],[-84.10942652761716,46.850046563707686],[-84.10873262732433,46.849470563660056],[-84.10797192701301,46.848917063619815],[-84.10731052674194,46.848432763584285],[-84.10645042639321,46.84783296354277],[-84.10565622607402,46.84730216350795],[-84.10489452577661,46.84686316348524],[-84.10426522553288,46.846516363468936],[-84.10202362460147,46.84477196333284],[-84.10167422441852,46.84419616326507],[-84.10189202443944,46.843805663192434],[-84.10152752419572,46.84277946305651],[-84.1028386244936,46.84181376283182],[-84.10348452454052,46.840534062597925],[-84.10350782419124,46.8376637621567],[-84.10575782480034,46.83679376189169],[-84.10725532509007,46.83528366157265],[-84.10903722560255,46.83483756140001],[-84.10920452564466,46.834746861376324],[-84.10940552569177,46.834610461343686],[-84.10960722573056,46.834405361300426],[-84.10994312579797,46.834086361231904],[-84.11014552582844,46.833812561178085],[-84.11038172586122,46.8334702611118],[-84.11071942590645,46.83296806101502],[-84.11098892594984,46.83262596094688],[-84.11132672599228,46.83210086084662],[-84.11166652600974,46.83136966071464],[-84.11187182600133,46.83077526061151],[-84.11201032597445,46.830203460515776],[-84.11215062592537,46.82944836039182],[-84.11222292587163,46.82883036029282],[-84.11232672585356,46.82841866022367],[-84.11233682572315,46.82734226005809],[-84.11220792562506,46.82688355999528],[-84.1120452255248,46.826493459945],[-84.11132472513829,46.82523015979347],[-84.11083282488455,46.8244490597025],[-84.11037482463304,46.823599359599044],[-84.10978442433084,46.82268025949266],[-84.10915942403459,46.82189845940933],[-84.10856772374902,46.821116759324056],[-84.10791012343384,46.82026605923209],[-84.1073519231561,46.8194616591414],[-84.10669562282433,46.81847355902828],[-84.10603902249812,46.81753115892214],[-84.10544802220427,46.816680758826266],[-84.10488972192937,46.81589925873903],[-84.10446342171082,46.8152329586618],[-84.10400652144848,46.81429155854415],[-84.10361262125167,46.81371705847904],[-84.10325322105165,46.81302815839439],[-84.10285982084936,46.81240775832223],[-84.10243422062254,46.811672658234365],[-84.10225182052743,46.81137425819924],[-84.10215671999869,46.8073552575883],[-84.10380192006552,46.80366645692616],[-84.10782062085806,46.7997310560874],[-84.11052482125875,46.79601335535886],[-84.10898012029767,46.79222915486835],[-84.10748541966043,46.790928954756204],[-84.10732471962272,46.791038054782334],[-84.10722121936728,46.78924205451269],[-84.10569371858968,46.78689295424134],[-84.10443151771818,46.78310235373316],[-84.10707381825497,46.780639953200755],[-84.10761751810074,46.77799545276291],[-84.10797251673347,46.76603285090489],[-84.10666951576107,46.76152605028865],[-84.10711691536996,46.75721074959952],[-84.10582791443193,46.75294274901889],[-84.10462141369723,46.75010674865347],[-84.10453011347178,46.74851694841446],[-84.10337411298298,46.74754034833182],[-84.10324471293505,46.74748594833101],[-84.10264471271286,46.74723394832731],[-84.10146531227613,46.74673844831998],[-84.09869851132002,46.74613064838802],[-84.09783551105865,46.7462393484551],[-84.09699201084557,46.74668904857345],[-84.09700661088178,46.74694474861193],[-84.09678311086407,46.747377548691496],[-84.09673521089663,46.74776434875376],[-84.09683631096638,46.74806854879458],[-84.09701461108592,46.748576448862245],[-84.0974705113562,46.74958944899136],[-84.09860581180688,46.750310649035974],[-84.09891351192495,46.75047314904299],[-84.09922121204298,46.75063574905004],[-84.09992801229107,46.750821649037306],[-84.10060481257183,46.751350149079066],[-84.10047351256851,46.75166134913457],[-84.10017951248432,46.75173764916344],[-84.0997803123543,46.75171424918317],[-84.09858681197402,46.75171244925254],[-84.09803871179709,46.75169314928156],[-84.09779441172853,46.751768149307324],[-84.09740691162754,46.75194954935787],[-84.09688231150868,46.752339649448444],[-84.09649291140286,46.75248694949378],[-84.09610161129224,46.752600049534045],[-84.09560511113578,46.75261354956504],[-84.09455461078791,46.75250524960976],[-84.09385171054949,46.752387549632665],[-84.09358971043733,46.75215534961229],[-84.09331801030106,46.75175254956621],[-84.09319531021173,46.75134574951084],[-84.09322731018382,46.75103724946154],[-84.09325941015594,46.75072884941226],[-84.09357761019287,46.75020754931356],[-84.09414991032253,46.749781849214735],[-84.0947719104679,46.74935494911283],[-84.09539391061325,46.74892794901089],[-84.09570421063077,46.74827014889166],[-84.09547441049081,46.747729448821964],[-84.0952066103642,46.74739494878618],[-84.0949525102715,46.74729924878627],[-84.0943528100741,46.7472471488133],[-84.0940589099899,46.74732344884218],[-84.09356430983831,46.74737104887831],[-84.09326840974926,46.74741324890211],[-84.09317500973252,46.747518248923676],[-84.09278560962667,46.74766554896909],[-84.09203900938718,46.74765154901046],[-84.09183850931977,46.74762274901775],[-84.09128060911864,46.74743274902106],[-84.09098270902477,46.74744084903971],[-84.09053010886952,46.74735054905228],[-84.09002780869858,46.747261549067886],[-84.08967240856965,46.74713444906905],[-84.08941830847697,46.74703884906917],[-84.08900750831796,46.74681064905809],[-84.0885412081288,46.74648144903465],[-84.08827930801672,46.746249249014284],[-84.08776920782647,46.746023849009354],[-84.08755700773003,46.74579024898582],[-84.08720160760116,46.74566314898702],[-84.08679860746152,46.745571548996494],[-84.0865962073893,46.74550864899858],[-84.08619900726413,46.74551934902341],[-84.08600240720635,46.745558849040975],[-84.08574830711368,46.74546314904106],[-84.08554580704143,46.7454002490432],[-84.08513070688993,46.74524394904338],[-84.08503770685594,46.745208949043445],[-84.08497620684591,46.74528604905889],[-84.08487280682898,46.74541574908487],[-84.08484100681744,46.74540454908499],[-84.08473820679593,46.74549534910495],[-84.08465410679,46.745664149135806],[-84.0846083067975,46.74584314916599],[-84.0845318067962,46.74602964919911],[-84.08444030678676,46.74618964922909],[-84.08440990679279,46.74631644925034],[-84.08442530681319,46.746442049268744],[-84.08450910686804,46.746670449299],[-84.08454730690703,46.746887649330176],[-84.08463880696877,46.747151749365415],[-84.08470740701418,46.74734234939071],[-84.08476080705103,46.747502849412264],[-84.08479140708094,46.74766634943559],[-84.08482970710438,46.74775754944744],[-84.08486010713204,46.74790294946796],[-84.08492860717266,46.74805524948741],[-84.08486010716551,46.748174049509664],[-84.08482970716896,46.748280649527814],[-84.08479140717569,46.7484335495536],[-84.08480650720168,46.74860524957906],[-84.08477610720848,46.74873884960141],[-84.08464660718877,46.748913349635785],[-84.0845245071664,46.74904714966344],[-84.08435650712656,46.74915744969023],[-84.08422700709377,46.74922614970831],[-84.08406680705457,46.7493216497324],[-84.08392940702166,46.74940964975395],[-84.08377670698339,46.749493649775715],[-84.08361640693981,46.749554249794436],[-84.08347150689893,46.749596449809374],[-84.08328840684621,46.749641849827015],[-84.08309000678494,46.74965734984098],[-84.08292970673581,46.74967294985272],[-84.0828153067007,46.74968384986108],[-84.08265510664745,46.74966564986762],[-84.08247960658531,46.74961524987009],[-84.08234990653887,46.74957374987128],[-84.08222020649052,46.749516549870094],[-84.08202940641608,46.74940584986422],[-84.08186160634848,46.74929104985634],[-84.08170140628282,46.74917274984752],[-84.08154870622344,46.74908574984303],[-84.08135830614917,46.748975049837114],[-84.0811519060716,46.74887934983443],[-84.08099170601113,46.74880264983201],[-84.08080860594438,46.74873444983217],[-84.0806790058927,46.74865014982679],[-84.08059520585475,46.74855904981765],[-84.08047300580539,46.74847464981182],[-84.08031280574602,46.748406949810764],[-84.08019070570143,46.7483607498108],[-84.07984720558541,46.74830694982252],[-84.07961870550605,46.74825354982769],[-84.07948890546095,46.748223249830566],[-84.07921430537063,46.74820024984304],[-84.07903090531035,46.748184949851414],[-84.0788478052507,46.748174149860446],[-84.07861130517105,46.748138849868766],[-84.07840540510601,46.74814334988152],[-84.07824520505636,46.74815434989254],[-84.0780010049805,46.74816994990916],[-84.07785590493381,46.74816594991701],[-84.07765770487302,46.74818484993146],[-84.07744410481111,46.74823444995155],[-84.07732960477553,46.74824204995943],[-84.07715430472031,46.74824674997039],[-84.0770091046759,46.74826184998117],[-84.0768262046158,46.74824654998946],[-84.07674980459005,46.748235149992155],[-84.07665830455942,46.748222949995665],[-84.07656680452793,46.74820404999806],[-84.07651330451034,46.748199850000546],[-84.07639870447815,46.748234450012546],[-84.07631500445815,46.74828845002577],[-84.07615480440748,46.748291650035576],[-84.07609370438671,46.74828095003748],[-84.0758951043197,46.748250250044386],[-84.07578070428181,46.74823875004926],[-84.07555960421382,46.74825815006511],[-84.07530780413501,46.74826945008158],[-84.07508660406836,46.74830015009916],[-84.0748043039821,46.74833025012026],[-84.07454470390084,46.748341650137164],[-84.07427770382141,46.748387150159736],[-84.07401850374032,46.74839855017662],[-84.07371300364775,46.748437150200346],[-84.07338490355309,46.74851685023174],[-84.073148403484,46.748567150253265],[-84.07282810338846,46.74861955028004],[-84.07268320334653,46.74865385029373],[-84.0725610033105,46.748677450304505],[-84.07248490328817,46.748692950311344],[-84.07234000324706,46.74873395032606],[-84.07221770321105,46.748757550336826],[-84.07212610318369,46.748772350344424],[-84.07205740316275,46.74877985034963],[-84.07196610313368,46.74878005035497],[-84.07188960311359,46.74881465036474],[-84.07181340311234,46.74900125039787],[-84.07181340311762,46.74904395040444],[-84.07178290311359,46.749089850413306],[-84.07173700310408,46.74913155042238],[-84.07166080307982,46.749131350426765],[-84.07158450305411,46.74911985042948],[-84.07154740304223,46.749119650431616],[-84.07151570303215,46.749119450433405],[-84.07145500301148,46.749108750435326],[-84.07136340298509,46.74913145044415],[-84.07130220297316,46.74919275045716],[-84.07124890296747,46.74928415047429],[-84.07117990295295,46.74934455048761],[-84.07109610293628,46.74942555050498],[-84.07127140298542,46.749371350486385],[-84.07137080301423,46.74934835047707],[-84.07150820305613,46.749333450466764],[-84.07159230308766,46.74937165046774],[-84.07166820312314,46.74946305047734],[-84.07169130313524,46.74950175048195],[-84.07175240316829,46.74961155049529],[-84.07181340319761,46.749691950504086],[-84.07189750323721,46.749795450515116],[-84.07205000329704,46.749887050520265],[-84.07230920339597,46.75001955052554],[-84.07248480346365,46.75011495052997],[-84.0726677035291,46.75017305052822],[-84.07284320359014,46.750214450524346],[-84.07302660365139,46.75023765051719],[-84.0733013037455,46.75029105050939],[-84.07344630379632,46.75032875050675],[-84.07362180385748,46.75037125050306],[-84.07377430391305,46.75042795050288],[-84.07389640395668,46.75046625050163],[-84.0739726039847,46.75049685050189],[-84.07407180402292,46.750550450504335],[-84.07420140407459,46.750634650509745],[-84.07426240410203,46.75069945051615],[-84.07432350413501,46.75080915052944],[-84.07431600414489,46.750908350545124],[-84.07430840416235,46.751069450570334],[-84.07427000416888,46.75122125059594],[-84.07425480417727,46.75132855061329],[-84.07419360417326,46.75145385063615],[-84.07414050416541,46.75152735065053],[-84.07403360413645,46.751568450663065],[-84.07387330409009,46.75160655067831],[-84.07376640406028,46.7516408506898],[-84.07360650401556,46.75169135070689],[-84.07344590396858,46.751724850721445],[-84.07326310391416,46.75175565073681],[-84.07316380388538,46.75177855074611],[-84.0729045038075,46.751817050767166],[-84.07262200372695,46.75189325079531],[-84.07243900367996,46.75198485082011],[-84.07224840363101,46.75207995084585],[-84.07203450357468,46.752175650873006],[-84.07182850351936,46.75225885089782],[-84.07176740350408,46.752293150906695],[-84.07113430333591,46.75256435098529],[-84.07093590328545,46.75266755101276],[-84.07073000323822,46.75281595104756],[-84.07050860318896,46.75298845108696],[-84.07021870312481,46.753216751138986],[-84.07009670310526,46.7533729511701],[-84.06998240309007,46.75354485120319],[-84.06990610308742,46.75372015123461],[-84.06992130311916,46.75393795126723],[-84.0699517031476,46.75409015128879],[-84.07000520318492,46.754254051310895],[-84.07009660322676,46.75435735132149],[-84.0703560033324,46.75454385133501],[-84.0705165033926,46.754617251336896],[-84.07063830343654,46.75465895133625],[-84.070890303521,46.7546926513267],[-84.07109610359366,46.75475015132354],[-84.07128690365823,46.75478105131719],[-84.07148530372659,46.75482295131205],[-84.07165320377955,46.75481845130156],[-84.07185160383901,46.75478835128538],[-84.0719965038833,46.754773251274564],[-84.07216450393636,46.75476985126426],[-84.07228640397425,46.75476205125597],[-84.07241600401359,46.75474615124595],[-84.07249230403835,46.75474975124202],[-84.07256120406933,46.75482325124935],[-84.07255330407911,46.75492245126501],[-84.07246170406968,46.755082451294946],[-84.0723169040396,46.75521235132342],[-84.07214900400014,46.755325951350635],[-84.07200410396348,46.755402951370954],[-84.07179070390399,46.75547175139394],[-84.07152360382456,46.75551715141651],[-84.07130980376489,46.75558585143954],[-84.07112680371459,46.75565045146017],[-84.07095110366711,46.75571925148095],[-84.07070710359979,46.755803451508136],[-84.07060040357324,46.75586375152366],[-84.0703331035004,46.75596315155454],[-84.07021120346681,46.75600575156817],[-84.07002790342113,46.75610855159469],[-84.06985270337938,46.75622245162241],[-84.06969980334244,46.75631765164594],[-84.06956270330589,46.75637535166281],[-84.06945570327936,46.7564366516785],[-84.06930330324828,46.75657805170908],[-84.06919640323015,46.75670695173512],[-84.06912790321593,46.75676835174861],[-84.0690209031894,46.756829751764286],[-84.06888360315318,46.756890751781626],[-84.06866980309638,46.756982051808144],[-84.0685249030554,46.757024151823096],[-84.06841050302742,46.75709245184027],[-84.06834200301222,46.757146051852516],[-84.06828850301157,46.75727915187605],[-84.06827340302989,46.75746625190571],[-84.06826580305014,46.75764985193439],[-84.06827320307126,46.757801551957286],[-84.06829600310401,46.75800795198764],[-84.06831890312914,46.758152452008545],[-84.06831150317014,46.75850365206296],[-84.06834190319445,46.75862205207935],[-84.06840300323093,46.75875995209703],[-84.06852510329233,46.75894225211795],[-84.06866220335391,46.75908715213214],[-84.06878430340562,46.75919075214101],[-84.06891430345549,46.75925925214394],[-84.06905140350818,46.75933205214713],[-84.0692422035797,46.75941915214936],[-84.06941770365074,46.75954155215795],[-84.06958540371357,46.759618052159894],[-84.06976850378132,46.759694152160925],[-84.06993650383953,46.75973245215703],[-84.07011940389972,46.75974775214868],[-84.07030260395759,46.759743952137406],[-84.07053180403251,46.75975915212638],[-84.0707988041171,46.75975535211023],[-84.07108880420807,46.75974425209161],[-84.07123340425365,46.759740352082595],[-84.07142450431171,46.75971715206784],[-84.07165310438067,46.759686252049804],[-84.07183640443624,46.75966335203556],[-84.07203460449703,46.759644552021136],[-84.07225580456705,46.75964085200765],[-84.0724696046356,46.75964415199567],[-84.0727365047225,46.75965945198249],[-84.07291950478364,46.75968265197535],[-84.07308760484233,46.759724251971925],[-84.07323250489469,46.759774351971174],[-84.07365210504723,46.75992735197021],[-84.07397250516951,46.76009085197665],[-84.07425490527034,46.760178851973706],[-84.0745297053706,46.76028175197349],[-84.07485000548394,46.76037325196885],[-84.07513250558475,46.7604612519659],[-84.07538400568124,46.760593951971615],[-84.07554440573949,46.760651551971115],[-84.07562050576709,46.760678751970886],[-84.07585720585895,46.760811851977515],[-84.07607860594362,46.760926351982164],[-84.07626910601796,46.76103705198807],[-84.07648290610163,46.76116295199493],[-84.07665840616873,46.76125385199868],[-84.0767728062147,46.761330652003814],[-84.07690240626539,46.761407052008],[-84.07705520632679,46.761509752014895],[-84.07722300638633,46.761559252012695],[-84.07739090644455,46.76159745200878],[-84.07759660650964,46.76159425199623],[-84.07777200656174,46.761563651981305],[-84.0779704066203,46.76152565196393],[-84.07815380667431,46.76149035194775],[-84.07829090671436,46.7614607519352],[-84.07838240674153,46.76144485192743],[-84.07851220678204,46.761437951918815],[-84.07864220682478,46.761449051912955],[-84.07874130686811,46.761544251921784],[-84.07880970690695,46.76168195193893],[-84.07880230692669,46.76186095196686],[-84.07875650693421,46.76203995199705],[-84.0787182069437,46.76221535202629],[-84.07868770694866,46.762334352046345],[-84.07864210694962,46.76245935206817],[-84.07859620694818,46.76256625208733],[-84.07853510693728,46.7626354521015],[-84.07846650692204,46.762689052113764],[-84.07837510689811,46.76273085212547],[-84.07828330687737,46.762799752141454],[-84.0782223068677,46.762878952157216],[-84.07813860685997,46.76303195218555],[-84.0780928068553,46.76311195220053],[-84.07802390684189,46.763181352215206],[-84.07791730681637,46.7632494522319],[-84.07783310679608,46.76330235224496],[-84.07772620676725,46.76334455225769],[-84.0775280067056,46.763356652271106],[-84.07734480664672,46.763352652281185],[-84.07708540655882,46.76331005228975],[-84.07690240649865,46.7632947522981],[-84.07649060636287,46.76325745231637],[-84.076314906304,46.763234052323035],[-84.0761473062502,46.763230752332305],[-84.07594130617986,46.763192352338436],[-84.0757580061172,46.76315795234386],[-84.07552160604142,46.76315415235705],[-84.07530010597227,46.76316575237177],[-84.07509420590574,46.76315775238256],[-84.0749720058654,46.76314645238798],[-84.07481950581632,46.76314265239628],[-84.07462120575275,46.76313905240729],[-84.07454490572802,46.76313545241116],[-84.07433140565944,46.763131052422935],[-84.07414040559813,46.76312715243351],[-84.07396500554698,46.76316565244968],[-84.07378200549387,46.763207652466754],[-84.0735378054297,46.76331775249795],[-84.07307250530556,46.76351255255501],[-84.07285110525203,46.76365005258905],[-84.07263740519993,46.763779552621436],[-84.07243150515183,46.76392125265525],[-84.07213410508062,46.7641114527018],[-84.0718594050133,46.764275252743],[-84.07163780496724,46.764473552786406],[-84.07143200492335,46.76464895282538],[-84.07125630488575,46.76479765285848],[-84.07108880485086,46.76494735289127],[-84.07095120482545,46.76509615292215],[-84.07079860479648,46.76525545295553],[-84.07075290479378,46.765351252972906],[-84.07065390478203,46.76551135300331],[-84.07059270477902,46.76564465302739],[-84.07050890477119,46.76579765305575],[-84.07048600478791,46.76599175308693],[-84.07047050481414,46.7662441531266],[-84.07044790483707,46.76648775316539],[-84.07041710485359,46.76670125319997],[-84.07045540489835,46.766964553238225],[-84.0704708049288,46.76717115326902],[-84.070447704945,46.76736195329973],[-84.07044030496577,46.767548853328826],[-84.07044780498605,46.76769375335068],[-84.07044020500007,46.76782675337156],[-84.07037900499618,46.76795325339459],[-84.0702572049692,46.76804875341636],[-84.07009690492659,46.768117153436215],[-84.06992140487348,46.768139953449946],[-84.06975340482137,46.768151153461496],[-84.0695778047682,46.768173853475226],[-84.06942540471918,46.76817015348356],[-84.06925750466195,46.76813975348867],[-84.06909740460817,46.76811705349454],[-84.06896000456204,46.768098253499645],[-84.06885330452658,46.76808645350407],[-84.06854020442692,46.7680869535224],[-84.06801370425715,46.76807075355064],[-84.06775430417746,46.768094553569426],[-84.0675792041245,46.768117253583135],[-84.0673423040537,46.76815515360278],[-84.06715930400156,46.768205053621145],[-84.06699930395767,46.76826225363928],[-84.06687700392621,46.7683228536557],[-84.06679290390785,46.768391453671114],[-84.06670930388638,46.76843315368245],[-84.06657970385514,46.76851425370246],[-84.06651080383726,46.768547553711585],[-84.06635050379104,46.76858675372697],[-84.06624400376133,46.76862105373843],[-84.06611420372086,46.76862795374708],[-84.06593860366398,46.76862025375611],[-84.06575570360755,46.76863535376915],[-84.06561050356328,46.76865155378011],[-84.06542730350623,46.76866215379243],[-84.06522890344259,46.768658453803404],[-84.06497730336713,46.76869665382395],[-84.06479420330926,46.76870045383521],[-84.06454240323612,46.76875785385872],[-84.0643746031888,46.76880735387611],[-84.06418380313502,46.76886415389602],[-84.06401590308683,46.768906953912335],[-84.06385580304286,46.7689641539305],[-84.06371850300764,46.76903305394911],[-84.06359620298034,46.76912745397072],[-84.06344370294823,46.76926095400014],[-84.06325290290782,46.76942575403659],[-84.06313100287981,46.76951345405717],[-84.06300870285348,46.76961565408001],[-84.06292480283581,46.7696888540962],[-84.06281820281028,46.769756954112836],[-84.06273440278648,46.76978055412138],[-84.06262730275898,46.769834054135835],[-84.06254330273734,46.76987565414714],[-84.06245190271237,46.7699095541577],[-84.06238060268161,46.76984445415181],[-84.06225510265534,46.76995515417614],[-84.06226130266438,46.77001255418462],[-84.062261002671,46.7700665541929],[-84.06223050266871,46.77012705420401],[-84.06223050267582,46.77018445421282],[-84.06222300267763,46.770218354218464],[-84.06222280268523,46.770280254227984],[-84.0622307026924,46.77031825423338],[-84.06223060269657,46.77035205423854],[-84.0622384027071,46.77041705424811],[-84.06225370271858,46.77047065425545],[-84.06228390274939,46.77064195427998],[-84.06229150276319,46.770734054293705],[-84.0623067027869,46.77088665431629],[-84.06233770281236,46.77101295433388],[-84.0623756028357,46.77110415434567],[-84.06239090285513,46.77122185436289],[-84.06239090286417,46.77129495437408],[-84.0623298028578,46.771401254394],[-84.06230680285474,46.77143565440062],[-84.06224570284758,46.77153515441946],[-84.06232220288419,46.77163435443026],[-84.06236800290768,46.77170625443866],[-84.06244410293807,46.771755954441836],[-84.06252070297235,46.77183595444962],[-84.062596702999,46.77185535444822],[-84.0626503030152,46.771848254443995],[-84.0627265030342,46.77180575443301],[-84.0627722030422,46.7717527544222],[-84.06278750304288,46.771718654416034],[-84.06289460307413,46.771695454406235],[-84.06294000309654,46.77175955441347],[-84.06297830311541,46.771813654419546],[-84.06304710315518,46.77195805443767],[-84.0630850031777,46.772042554448454],[-84.0630930031869,46.77209625445629],[-84.0631005031958,46.772148954463894],[-84.06303190318054,46.77220255447614],[-84.06295530316223,46.772251854488196],[-84.06279540311894,46.772313554507015],[-84.06263520306922,46.77232455451805],[-84.06247480302007,46.772340054529764],[-84.06226900295823,46.772370354546474],[-84.06212370291477,46.77239335455848],[-84.06194820286264,46.772423954573426],[-84.0617881028159,46.77245865458804],[-84.06168110278603,46.772492954599606],[-84.06155140274932,46.77253025461287],[-84.06141420270995,46.772565354626266],[-84.06126920266885,46.77260635464103],[-84.06116230263905,46.772640754652556],[-84.06104050260964,46.7727171546714],[-84.06094890259038,46.77279725468905],[-84.06081910257308,46.77299195472655],[-84.06073520256247,46.7731224547515],[-84.06065130254657,46.77321015476987],[-84.06055220252813,46.77331635479197],[-84.06049120251862,46.77339675480789],[-84.06042240251081,46.77351105482942],[-84.06033840249631,46.77361005484956],[-84.06032340249907,46.77367115485982],[-84.06032320250473,46.773717354866896],[-84.06039180253967,46.77382345487925],[-84.06050610258796,46.77391945488732],[-84.06062840263819,46.77401065489417],[-84.06074290268421,46.774087454899295],[-84.06089520275431,46.77426225491727],[-84.06100210280441,46.774392154930986],[-84.06110130285158,46.77451775494448],[-84.06117020289706,46.77470825496977],[-84.06118540292076,46.7748608549923],[-84.06119290294917,46.77507105502418],[-84.06119300297364,46.775269055054615],[-84.06117010298854,46.775448555083535],[-84.06110910299225,46.77563575511581],[-84.06101760298148,46.77578445514401],[-84.06094870297181,46.77588415516331],[-84.06083430295274,46.776024555191576],[-84.06072000293476,46.776173855221224],[-84.06061300291378,46.776280155243754],[-84.06049880289352,46.77641035527043],[-84.06016300281667,46.776654455327495],[-84.05993430275556,46.77674945535547],[-84.0597433027051,46.776833355379495],[-84.05959830266839,46.77691035539978],[-84.05947650263806,46.77697885541739],[-84.05933880260731,46.77708495544176],[-84.05922450258045,46.77716225546031],[-84.05916360256764,46.777215555472026],[-84.0590337025365,46.77729895549241],[-84.0589423025216,46.77741385551542],[-84.05886590251279,46.77753965553918],[-84.05879730249843,46.77760005555247],[-84.05872110247842,46.777634655562224],[-84.05856070243016,46.7776580555752],[-84.05850750241412,46.77766515557941],[-84.05836230236734,46.777661155587225],[-84.0581793023063,46.77763905559453],[-84.05801150225466,46.77765365560654],[-84.05785120220409,46.77765795561656],[-84.05768350215008,46.777653455625654],[-84.05734010204169,46.7776614556469],[-84.05721040200315,46.77768405565797],[-84.05707280196114,46.77769905566826],[-84.05694320192279,46.777722755679505],[-84.0568290018873,46.777730255687295],[-84.05665330182842,46.77770685569396],[-84.05647770176735,46.777665455697836],[-84.05638620173586,46.7776464557003],[-84.05618020166828,46.77763065570986],[-84.0560202016149,46.77761125571621],[-84.05587530156502,46.777581455720096],[-84.05576050152465,46.77755075572205],[-84.05564640148211,46.77750085572103],[-84.05556990144548,46.777401655710285],[-84.05548590140606,46.77729935569947],[-84.05544020137914,46.77719925568672],[-84.0553792013428,46.77706255566927],[-84.05531810129641,46.77684475563942],[-84.05523440125042,46.77668845562027],[-84.05521130122754,46.77656305560235],[-84.05519620120486,46.77641835558097],[-84.05520370118968,46.776276355558736],[-84.05522660118012,46.77613965553641],[-84.055272401174,46.77597185550799],[-84.055302901169,46.77585295548793],[-84.05536400117529,46.77574665546799],[-84.055432501183,46.77563235544642],[-84.05549370119397,46.77556325543227],[-84.05560060121488,46.7754568554097],[-84.05569950122899,46.77531585538222],[-84.05579120123508,46.775128955348215],[-84.05590560124422,46.7749076553075],[-84.05602030125756,46.77472005527198],[-84.0561114012649,46.774544355239684],[-84.05621080128108,46.77441905521465],[-84.05628690128133,46.77422465518035],[-84.05634060128516,46.774117455160734],[-84.05640160129386,46.774030355143765],[-84.05655430131739,46.77382715510365],[-84.0565619013052,46.773708855085026],[-84.05659240129937,46.773583155063925],[-84.05659980128293,46.77343105504014],[-84.0565845012625,46.77330545502177],[-84.05655410123491,46.77316005500116],[-84.0565159012081,46.77304175498521],[-84.05644730116687,46.77288505496516],[-84.056332901098,46.77262255493149],[-84.0562338010484,46.77247675491488],[-84.05616520101522,46.772385154904775],[-84.05606580096857,46.77226405489195],[-84.05595130092162,46.77217935488563],[-84.05585990088603,46.772126754882876],[-84.05565390081031,46.7720455548824],[-84.055493600748,46.77195425487777],[-84.05532560068512,46.77187885487597],[-84.05510430060602,46.771809454878195],[-84.054829900512,46.77175595488599],[-84.05463910044838,46.77173295489358],[-84.05445590039044,46.771736754904865],[-84.05434930035517,46.77172605490942],[-84.05405160025937,46.771718254925595],[-84.053960000232,46.77173315493321],[-84.05380760018771,46.77176755494739],[-84.05366240014621,46.77180635496185],[-84.05351770010667,46.77185965497847],[-84.05334180005997,46.771935255000336],[-84.05320460002673,46.77201995502136],[-84.05307479999702,46.77211445504346],[-84.05294509996655,46.7722023550645],[-84.05286899995312,46.772289855082406],[-84.05276979993715,46.77241625510761],[-84.052693499927,46.772530755129644],[-84.0526934999359,46.77260275514068],[-84.05268609994773,46.77271775515879],[-84.05265539994693,46.77279055517178],[-84.05262499994143,46.77282405517871],[-84.05250299990874,46.772874555193575],[-84.05246459990208,46.77291945520275],[-84.05240349989587,46.77302675522277],[-84.05231969988985,46.7731943552534],[-84.0522432998909,46.773400055289514],[-84.0521747998956,46.77361455532643],[-84.05209069988186,46.773720255347584],[-84.05202209987745,46.773861555373294],[-84.05196859987936,46.7740148554],[-84.05193799988696,46.77415525542331],[-84.05190779989621,46.774307855448555],[-84.05186169989612,46.774426155469435],[-84.05178549988597,46.77454065549145],[-84.0517397998799,46.77460935550466],[-84.05170169987584,46.77467455551689],[-84.05165609986977,46.7747432555301],[-84.05156439985048,46.7748233555478],[-84.05142709981618,46.77490005556757],[-84.05127439977834,46.77498745558987],[-84.05116749975129,46.77504425560488],[-84.0510608997239,46.775097755619285],[-84.05085479968662,46.77532715566659],[-84.05058009959897,46.77532655568248],[-84.0501374994712,46.7754339557248],[-84.04994489941805,46.775500355746274],[-84.04979419937644,46.775552255762996]]]},"properties":{"OGF_ID":800493007,"TRAPLINE_AREA_NUMBER":"SS029","LOCATION_ACCURACY":"Within 50 metres","LOCATION_DESCR":null,"VERIFICATION_STATUS_FLG":"Verified","VERIFICATION_STATUS_DATE":886377600000,"BUSINESS_EFF_DATE_FLG":"Estimated","BUSINESS_EFFECTIVE_DATE":886455425000,"SYSTEM_CALCULATED_AREA":123067510.66,"SYSTEM_CALCULATED_LENGTH":66832.671,"GEOMETRY_UPDATE_DATETIME":1369827126000,"EFFECTIVE_DATETIME":1369818340000,"OBJECTID":14305}},{"type":"Feature","id":21025,"geometry":{"type":"Polygon","coordinates":[[[-83.97187236026018,46.65931604239534],[-83.92622404575062,46.65955634507906],[-83.902984838361,46.65967174644287],[-83.8896800341294,46.65973564722298],[-83.8893983340398,46.65973704723946],[-83.88806143361455,46.659743347317814],[-83.88758683346362,46.65974564734562],[-83.87101012819036,46.65982274831666],[-83.87100042812101,46.659279348233305],[-83.87065212800889,46.65927054825205],[-83.87035342791405,46.65927334826976],[-83.87028702789301,46.65927464827381],[-83.86993062761262,46.65790734808321],[-83.86982242755325,46.65770334805794],[-83.86954062741664,46.657319548014925],[-83.8692627272924,46.65702724798583],[-83.86901602717246,46.65668854794777],[-83.86873812704822,46.65639624791867],[-83.86849722694689,46.65619484790151],[-83.86822122682887,46.65594824787934],[-83.86787992669298,46.6557259478647],[-83.8674352265132,46.65541404784225],[-83.86699332634268,46.65517074783019],[-83.86641692612406,46.65488434781926],[-83.86594092593998,46.654618847805814],[-83.86519772566581,46.654312747801434],[-83.86451882540636,46.65395964778614],[-83.86381072514887,46.65369864778673],[-83.86320592493522,46.65352734779527],[-83.86233682464076,46.653384047823394],[-83.86120412426855,46.6532917478746],[-83.85987342383642,46.65322624794142],[-83.85857792342108,46.65320584801318],[-83.85768132313464,46.65320044806416],[-83.85674962283159,46.65315004811027],[-83.8538305219082,46.65320714828783],[-83.85303732166562,46.65329134834669],[-83.85231332145335,46.65344294841197],[-83.85162432125772,46.65363964848219],[-83.85129842117136,46.65378344852324],[-83.85091272108566,46.65408874859271],[-83.85053092101234,46.654485548676114],[-83.85031112097913,46.65478764873552],[-83.85010002097377,46.65529564882621],[-83.84995322098315,46.655756648905964],[-83.849687220994,46.65654054904249],[-83.84921372101176,46.65792414928366],[-83.84894482101325,46.658639449409776],[-83.84871282103761,46.65944564954778],[-83.84850452104153,46.6600222496489],[-83.84807542100909,46.66087814980594],[-83.84776272096605,46.66134234989574],[-83.84757132092783,46.6615293499357],[-83.84711542080876,46.66174434999531],[-83.84668792068467,46.66184435003544],[-83.84622352053775,46.6618533500637],[-83.84582062039625,46.66174665007051],[-83.84511532014797,46.66155425008153],[-83.84447351991142,46.66129195007813],[-83.84380331967981,46.661144650094066],[-83.84258811933164,46.66146605021398],[-83.84128681899527,46.662109750388694],[-83.84077501888922,46.6625778504906],[-83.84055701886213,46.6629256505569],[-83.84031261884626,46.66343435064965],[-83.84010321884699,46.66398805074732],[-83.84001601885572,46.66428755079861],[-83.8398379188608,46.66479495088732],[-83.83972611888693,46.66530105097198],[-83.83946081890072,46.66610785111199],[-83.83900791888873,46.667193151305874],[-83.83860891885745,46.667979651450445],[-83.83826391880694,46.66846735154574],[-83.83794351873905,46.66874845160769],[-83.8372543185433,46.66894505167788],[-83.83560761805852,46.66927475182402],[-83.83415991763668,46.66960065195804],[-83.8328421172476,46.66985515207351],[-83.83149021684487,46.67008755218756],[-83.83003871641067,46.670321752307586],[-83.82789231576207,46.67061525247698],[-83.82594301517028,46.670859052627314],[-83.82389421454694,46.67110465278366],[-83.82227301404781,46.67125045289985],[-83.82051611349726,46.67133015301369],[-83.81895651300366,46.6713601531084],[-83.81782361263109,46.67126745315955],[-83.81675701227951,46.671173453206606],[-83.81538801182104,46.67099365325792],[-83.81381621128718,46.67072605330735],[-83.81207471068845,46.67037005335294],[-83.8105266101342,46.66987295336556],[-83.80941190972271,46.66941335335892],[-83.80869720944342,46.668991853335044],[-83.80808590920805,46.66865995331906],[-83.80767360903566,46.66832425329101],[-83.80708890878918,46.66783155324862],[-83.80643400850926,46.66724855319632],[-83.80577170820472,46.666482453116146],[-83.805068707865,46.66553395301014],[-83.80447470758769,46.664812352932884],[-83.80391850733628,46.6642045528711],[-83.80308850697308,46.66339575279399],[-83.80228700660496,46.662472052697495],[-83.80145890624799,46.66170905262734],[-83.80059770588049,46.66094675255918],[-83.79977900555441,46.660412652523895],[-83.79886170519988,46.65990335249806],[-83.79798790488981,46.65964515250863],[-83.79722020463281,46.659545252537505],[-83.79645710439127,46.65955975258374],[-83.79582960420097,46.65964045263243],[-83.79546650409308,46.65970555266349],[-83.79540110407369,46.65971735266908],[-83.79520390401683,46.65976685268809],[-83.79490990393771,46.659886952723646],[-83.79451930383637,46.660077652775676],[-83.79406510372327,46.66033825284216],[-83.7936772036311,46.660597552904626],[-83.79306450349016,46.66104445300914],[-83.7924509033461,46.66146845311004],[-83.79200130324834,46.66184345319398],[-83.79151860314012,46.662219053279905],[-83.79119610306593,46.662454253334886],[-83.79071430296081,46.662852853424305],[-83.79052360292552,46.66306255346775],[-83.790302502889,46.663341653523666],[-83.79011360285986,46.663597153574045],[-83.7899608028505,46.6639207536329],[-83.78978220285535,46.66442805372161],[-83.78963210285524,46.66482025379093],[-83.78921600286856,46.66601925400028],[-83.78901160288748,46.66671025411891],[-83.78883120288617,46.66717175420067],[-83.78859360289465,46.667863454321264],[-83.78805770290904,46.66938535458742],[-83.78779170292249,46.67019205472747],[-83.78755600293714,46.67092955485509],[-83.78722810294491,46.67185195501663],[-83.78687360296377,46.672935155204485],[-83.78654950298392,46.673949155379894],[-83.7862179029794,46.67478005552743],[-83.78601540300457,46.67551685565301],[-83.78569490303705,46.67662235584235],[-83.78543710307818,46.6776350560137],[-83.78521720314531,46.678761556200485],[-83.78512250322979,46.67970245635133],[-83.7852211035569,46.68212845672051],[-83.78528680367542,46.68292895684041],[-83.785353403797,46.68375225696375],[-83.78552270435888,46.687917757597525],[-83.78542150442176,46.688698357723915],[-83.78530270442604,46.68904425778422],[-83.78512300442779,46.68952865786944],[-83.78494060442027,46.689944357944206],[-83.78460330439728,46.690637958070795],[-83.78432590437365,46.69116995816901],[-83.78397940431974,46.69163465826075],[-83.78344570424294,46.69240065840988],[-83.78303180416489,46.69284365850221],[-83.78216980399519,46.69370745868541],[-83.78146730385649,46.694407858834175],[-83.78072700369188,46.69499455896754],[-83.78017930356864,46.695417159064405],[-83.77969430345412,46.695746959143385],[-83.77907560329449,46.69605645922693],[-83.77786020294857,46.696400059350175],[-83.77654240256189,46.69667695946899],[-83.77512500214364,46.696955659593876],[-83.77344010163499,46.697193559727914],[-83.77202080121057,46.697426459845765],[-83.77064020081508,46.69779595998258],[-83.76936110045733,46.69820946012027],[-83.76802110009707,46.69876146028291],[-83.7671116998704,46.69928246041587],[-83.76662659975584,46.69961226049477],[-83.7661460996567,46.70005646059111],[-83.7659094996183,46.700361160651866],[-83.7658933996157,46.70038186065599],[-83.76583249961318,46.70052046068089],[-83.76577539962304,46.700750560719754],[-83.7657836996508,46.700956560751074],[-83.76592939973608,46.70127446079174],[-83.7662078998634,46.70158996082439],[-83.76679270011014,46.702082860866795],[-83.76737470034764,46.702507160898676],[-83.76812640065002,46.70301976093448],[-83.76890850095373,46.703463160957796],[-83.76975340126613,46.70381376096315],[-83.77039540150304,46.704076560966655],[-83.77110190175479,46.704292260959164],[-83.77191080204743,46.70457486095608],[-83.77275110234437,46.70481096094401],[-83.77352320261414,46.705002560929074],[-83.7744926029408,46.70514456089501],[-83.7755247032762,46.70519386084302],[-83.77645260356454,46.70513056077963],[-83.77747740387524,46.704996660699805],[-83.77846790417226,46.704840460618485],[-83.77942160444641,46.70459346052529],[-83.78024340468156,46.70437176044358],[-83.78155850505902,46.70402616031425],[-83.7827104053932,46.70375246020543],[-83.78385490570264,46.70329556006882],[-83.78490070598357,46.70286345994167],[-83.78597970627504,46.70243075981255],[-83.78689540652317,46.70206975970393],[-83.78790980679973,46.70168405958575],[-83.7885645069792,46.70144255951063],[-83.78941750721863,46.70117445941999],[-83.79033780748213,46.70092795932873],[-83.79211580800056,46.700527659164216],[-83.79393160854494,46.70024115901512],[-83.79518770892598,46.70007985891764],[-83.79585170913629,46.7000671588773],[-83.79641990932741,46.70014795885693],[-83.7968894094901,46.70025355884614],[-83.79736170966207,46.70042775884576],[-83.79766520977213,46.70053655884499],[-83.79803700990944,46.700689758847155],[-83.7984078100437,46.70082015884584],[-83.79864491013275,46.70093015884913],[-83.7993505103814,46.70112285883814],[-83.80025451069007,46.701288858811495],[-83.80102281094736,46.70138865878256],[-83.80192301124362,46.701463058741986],[-83.80268851149165,46.701494258702596],[-83.80374911182196,46.70142825863111],[-83.80441221202915,46.70139265858731],[-83.8052385122796,46.70128525852298],[-83.80599941251218,46.701201958466115],[-83.80685701276698,46.701048058392814],[-83.80774781303234,46.700893658317504],[-83.80893271337679,46.70061895820657],[-83.81034911379173,46.7003169580781],[-83.81140301410025,46.70009055798221],[-83.81275301449419,46.69978985785779],[-83.81403741487009,46.699513257740804],[-83.81472521505994,46.69927095766364],[-83.8177460159084,46.69832835734351],[-83.81777521592218,46.69836515734749],[-83.8177743159505,46.698599157383704],[-83.81768991594033,46.698736257409706],[-83.81751311589873,46.69885765743867],[-83.81733441585217,46.69894305746219],[-83.81716501579974,46.698956257474016],[-83.81700961575397,46.69898705748776],[-83.81679131569375,46.699064457512335],[-83.8167190156852,46.69918315753487],[-83.81677641571542,46.699280757546624],[-83.81692711577954,46.69941205755815],[-83.8170610158295,46.69947175755964],[-83.81723271588818,46.69950355755459],[-83.81750801597735,46.69951475754043],[-83.81777071606366,46.69953525752842],[-83.81794341612483,46.69958505752611],[-83.81810391618433,46.69965305752733],[-83.81820101622822,46.69975865753799],[-83.81826031626342,46.69989225755523],[-83.81824251627762,46.700054657581276],[-83.81819311626856,46.70010985759268],[-83.81809651625673,46.70026525762223],[-83.81800141624872,46.7004475576559],[-83.81789551624269,46.70067515769715],[-83.81786751626024,46.700891857732245],[-83.81783681627036,46.70105465775915],[-83.81781671627827,46.701172157778444],[-83.81776261628757,46.70138945781514],[-83.81767681627366,46.70149955783705],[-83.8175634162477,46.70158335785658],[-83.81741271621436,46.7017040578839],[-83.81728491618063,46.701761257900124],[-83.81713321614475,46.70186395792475],[-83.8168897160788,46.70195995795364],[-83.81671051603098,46.70203635797582],[-83.81652161598778,46.70217605800827],[-83.81645161598546,46.70233975803761],[-83.81645861600414,46.70247455805797],[-83.81659671606538,46.70261515807171],[-83.81683611615091,46.70269025806947],[-83.81684921615505,46.70268995806865],[-83.81712451624423,46.702701158054495],[-83.81733171630533,46.70266005803619],[-83.81756501637466,46.7026183580162],[-83.81784961645798,46.70255735799038],[-83.81812261654092,46.70252355796933],[-83.81840811662676,46.70248055794623],[-83.81878701674647,46.70247125792286],[-83.8191286168588,46.70249875790739],[-83.8194226169671,46.70261755790871],[-83.81991911715477,46.702857257917024],[-83.82009691722965,46.70300585792967],[-83.82037371735339,46.70329605795843],[-83.82080681752544,46.7035733579762],[-83.82100931760483,46.70369435798314],[-83.8211825176672,46.70375315798222],[-83.82134491773172,46.70385715798887],[-83.82154551780613,46.70394215799039],[-83.82177801790378,46.70413445800661],[-83.82191471796123,46.70424805801627],[-83.82207671802452,46.704343058021564],[-83.82229131810551,46.704445758025],[-83.82242911815726,46.704509558026885],[-83.82250401814132,46.70418325797217],[-83.82262351813995,46.70386025791542],[-83.82287401817452,46.70348895784365],[-83.82306471820968,46.703279157800225],[-83.82338821828696,46.70306675774874],[-83.82371461837346,46.70292305770767],[-83.82400961845572,46.70282575767559],[-83.82457121862511,46.70274615763085],[-83.82513471880071,46.70271235759306],[-83.82573331899304,46.70272375756019],[-83.82626921917674,46.70282785754527],[-83.82677391935609,46.7029784575393],[-83.82721411952066,46.70317615754435],[-83.82748731962953,46.703354057556],[-83.82775861973222,46.703486257560705],[-83.82799671982438,46.70361905756747],[-83.8282690199302,46.703774157575666],[-83.82870822009168,46.70394895757722],[-83.82908102023207,46.70412495758283],[-83.82955442040719,46.70432195758587],[-83.83002872058536,46.70454185759237],[-83.83104192095651,46.70493445759434],[-83.83148212112104,46.70513215759939],[-83.83182272125408,46.70533165761048],[-83.83226292141865,46.70552925761549],[-83.83287012163888,46.70574655761393],[-83.83354562188633,46.70600835761523],[-83.83458822225562,46.706308757601285],[-83.83552842258408,46.706542557582985],[-83.83599992275296,46.70669375757901],[-83.83643642290511,46.70679975757014],[-83.8371090231433,46.70699285756102],[-83.83788322341915,46.70722975755279],[-83.83875992373598,46.707533457548884],[-83.83960242403907,46.70781485754356],[-83.84061192439788,46.70811585753163],[-83.84132072465586,46.70837695753089],[-83.84229602500102,46.70865575751746],[-83.84330752536606,46.70900255751243],[-83.84428292571128,46.70928135749899],[-83.845622626169,46.709530057459865],[-83.84629052639163,46.70960865743333],[-83.84749172678868,46.70972275738138],[-83.84875732720053,46.70978965731848],[-83.84968712749483,46.70977145726185],[-83.85091762788997,46.70979325719401],[-83.85141482804454,46.709760657160196],[-83.85214052826021,46.709631957098324],[-83.85256842838449,46.70953195705812],[-83.85305782851417,46.70931625699648],[-83.85370662867473,46.70893715690047],[-83.85399202872583,46.70861085683363],[-83.85414652874111,46.70833295678179],[-83.85426492873653,46.70798715672159],[-83.85437662871023,46.707481056637036],[-83.85436132866057,46.70711485658141],[-83.85421212856572,46.706728356530434],[-83.8540346284759,46.70645695649885],[-83.85375462834527,46.70611885646288],[-83.85348032823325,46.70591815644778],[-83.85303912806557,46.70569765643929],[-83.85266812793131,46.70556755644071],[-83.85222972777298,46.70541575644264],[-83.85189482765853,46.70535355645243],[-83.8513891274761,46.70518025645499],[-83.85061682720644,46.7049891564702],[-83.84997542697259,46.704749756470385],[-83.8492686267208,46.704534456478044],[-83.84862622648392,46.70427215647479],[-83.84825242634035,46.70407325646571],[-83.84764422611705,46.703833256463874],[-83.84716412592024,46.70347605643653],[-83.84681962577483,46.70318505641155],[-83.84663932567571,46.70284495636949],[-83.8465234255914,46.70245785631645],[-83.84639512546681,46.70177325621824],[-83.84650692544061,46.70126715613366],[-83.84668702544158,46.70080555605201],[-83.84706152549015,46.70022565594086],[-83.8475062255721,46.69973595583955],[-83.84791962564975,46.69929265574724],[-83.84836532573483,46.698825855649375],[-83.8488080258105,46.698290455541155],[-83.84914552583614,46.697619655418066],[-83.84944592583882,46.696857855283135],[-83.849656225841,46.696326955189036],[-83.8498590258184,46.695612955067084],[-83.85014882578697,46.69459955489392],[-83.85032602577867,46.694069254801775],[-83.85046612574743,46.69344805469775],[-83.85058352573978,46.6930793546341],[-83.85072462571166,46.69248105453354],[-83.85087722572081,46.69215735447479],[-83.8510933257416,46.69176375440154],[-83.85150282580682,46.69122895429526],[-83.85175782585672,46.69097205424083],[-83.85191512588133,46.69076285419947],[-83.85210572591645,46.69055295415602],[-83.85239102596758,46.690226754089196],[-83.85264792602365,46.6900155540417],[-83.85306702611994,46.689709553970204],[-83.85352212623593,46.68947165390715],[-83.85407682638349,46.689231753838015],[-83.85437272646877,46.68915725380941],[-83.85490002662443,46.68905535376316],[-83.85565862685047,46.688925953699304],[-83.85667992715126,46.68872275360885],[-83.85723842731123,46.68857435355363],[-83.85782632746928,46.68833375348242],[-83.85805092751795,46.68814615344051],[-83.85859412762831,46.687631653329646],[-83.85894292769107,46.68723535324827],[-83.85909832770943,46.68698035319993],[-83.85931332772712,46.68656385312317],[-83.85952742774171,46.686124453042986],[-83.85974912778106,46.685868152990544],[-83.86022392786414,46.68530915287676],[-83.86067032795222,46.6848652527824],[-83.86121632807179,46.684419352681985],[-83.86185992821672,46.68392565256851],[-83.86246742834177,46.683364052446706],[-83.86297822844459,46.682873052341314],[-83.86339722854082,46.68256705226982],[-83.86411102871905,46.682163652166246],[-83.86469782887394,46.681900152091586],[-83.86541922907698,46.68167985201581],[-83.86610952927583,46.68150595194901],[-83.86719892960373,46.681347051861465],[-83.86828932993471,46.68121105177738],[-83.87021423054368,46.6811732516601],[-83.87081253073579,46.681184351627195],[-83.87124693088158,46.68124445161137],[-83.8716831310336,46.681350451602434],[-83.87202083115722,46.68148115160306],[-83.87256053135313,46.68167665160204],[-83.87296753150714,46.68187485160909],[-83.87347693170189,46.68213965162049],[-83.873885831862,46.68238345163443],[-83.87422643199497,46.68258295164553],[-83.87446553209018,46.682738551655724],[-83.87470653219165,46.682939951672864],[-83.87508713235681,46.68329885170621],[-83.8753027324726,46.683684051753225],[-83.87555243260202,46.684091351801655],[-83.8756684326863,46.684478451854666],[-83.87578543277371,46.684888451911206],[-83.87594243289338,46.68545795199002],[-83.87610323302545,46.68611905208275],[-83.87636653319832,46.686846752179804],[-83.87669333338296,46.68750455226242],[-83.8770914336041,46.688275452358376],[-83.87752553384507,46.68911435246273],[-83.8780212340915,46.689837552545626],[-83.87840963428162,46.690379552606785],[-83.87886343448963,46.690897452660465],[-83.87942273474776,46.69155055272885],[-83.88005413504561,46.69233975281405],[-83.8807851353749,46.693126952893245],[-83.88147913568132,46.693823252960456],[-83.8819320358863,46.69431825301063],[-83.88245333611846,46.69485765306369],[-83.88290523632024,46.69532965311037],[-83.88339233653879,46.69584685316193],[-83.88395173679707,46.69649995323025],[-83.88447493703546,46.6970851532903],[-83.88513193731897,46.697690553345645],[-83.8857538375858,46.69825085339606],[-83.88627603782112,46.69881315345253],[-83.88686383807436,46.699351153501496],[-83.88741443830462,46.69979835353857],[-83.88830003864928,46.700307553565835],[-83.88919053900948,46.700931253610456],[-83.89004583935298,46.70150975365018],[-83.89069413960851,46.7019091536742],[-83.89147243989684,46.70223725367971],[-83.89194594007188,46.702433953682615],[-83.89248204025549,46.70253785366757],[-83.89288434039399,46.702621453657144],[-83.89361774063443,46.70267555362299],[-83.8942836408507,46.70270815358943],[-83.89491544105339,46.702718453554446],[-83.89554824125919,46.70275165352287],[-83.89757344189988,46.70271135339932],[-83.89889754230748,46.70259325330435],[-83.9007470428645,46.702327353156164],[-83.90173904316707,46.70221585308146],[-83.90279754349069,46.70210315300268],[-83.90395664384897,46.70201125292135],[-83.90547494430398,46.70177475279685],[-83.906727744675,46.701543552688584],[-83.90758504492932,46.701388952615005],[-83.90817964510899,46.70130835256813],[-83.90894124534431,46.70124725251455],[-83.90970584558892,46.70125485247141],[-83.91070674591953,46.701349252427974],[-83.91140784615253,46.70142685239929],[-83.91204754638005,46.70162015239199],[-83.91272134662125,46.70183565238619],[-83.91322424679436,46.701940152373105],[-83.9138238469896,46.70197385234356],[-83.91465674726142,46.702025852303265],[-83.91621714775498,46.701994552207985],[-83.91688014796188,46.70195825216397],[-83.91780574824335,46.70184805209323],[-83.91892964858482,46.70171095200695],[-83.92011694893782,46.70150375190612],[-83.9208081491396,46.701352451842745],[-83.92136854930558,46.70124955179437],[-83.92216044954202,46.701119051728305],[-83.92447045023322,46.70075185153773],[-83.92542735051899,46.70059505145804],[-83.92612055072696,46.70048945140156],[-83.92705005102097,46.700470751344795],[-83.92851375149223,46.7005098512659],[-83.93008005200436,46.70061565119133],[-83.93144915245978,46.70077115113589],[-83.93278695291086,46.70097315108943],[-83.93405645333472,46.70113065104006],[-83.93535815376599,46.70126465098521],[-83.93685705425398,46.70134875091126],[-83.93805325463507,46.70134745084166],[-83.93918195499192,46.70132455077259],[-83.93994255522396,46.70124035071547],[-83.9404053553647,46.701185150680146],[-83.94093155551701,46.701059950630295],[-83.94132395562424,46.7009145505851],[-83.94204235581768,46.70062505049878],[-83.94249615593027,46.700363950432205],[-83.94310895607347,46.69993915033112],[-83.94333535612823,46.69979715029608],[-83.94391395625779,46.699350150193595],[-83.94491215648637,46.69861985002309],[-83.94549365662525,46.69824154993099],[-83.94597365672651,46.69781944983804],[-83.94635805680868,46.69749094976508],[-83.94699605693742,46.69688244963423],[-83.94746895701671,46.696300149517036],[-83.9479721570972,46.69564864938737],[-83.94834345713876,46.69502264926928],[-83.94856085716538,46.69467464920297],[-83.94874305717522,46.69428154913177],[-83.9488276571599,46.69393624907362],[-83.94884785712978,46.69363804902651],[-83.94881285702044,46.692837048904984],[-83.94872555693387,46.69235784883617],[-83.94867235686094,46.69190084876875],[-83.94857995675873,46.69130724868262],[-83.94852005657138,46.6899341484743],[-83.9485574565018,46.68926914836953],[-83.94856465643113,46.68867344827728],[-83.94864925641578,46.68832814821913],[-83.94883045642253,46.68791224814445],[-83.94888985642164,46.687750648116065],[-83.94904875645227,46.68758704808161],[-83.94933845651859,46.687375048032116],[-83.9497237566039,46.687069447962585],[-83.95001345667022,46.68685734791305],[-83.95027005672605,46.686645947865614],[-83.9505607567955,46.68645684781957],[-83.9510183569205,46.68628714776683],[-83.95157355707074,46.686069647701075],[-83.95206745721562,46.685967947656756],[-83.95279355743392,46.68586154759818],[-83.95368965771715,46.68584324754338],[-83.95451835797626,46.685803447489135],[-83.95524655820086,46.685742747437494],[-83.95773565898756,46.685691847285256],[-83.95803635908824,46.68573144727389],[-83.95850595925067,46.685836347262814],[-83.95890925939219,46.68594264725583],[-83.95954985962273,46.68615854725194],[-83.96002355979769,46.686355047254736],[-83.96053045998316,46.686550747255495],[-83.96114086021261,46.6868360472641],[-83.96185096047353,46.68711924726652],[-83.96289986086119,46.68755584727297],[-83.96414996131804,46.68803414727422],[-83.96432796138252,46.68809754727364],[-83.96431796137674,46.688076447270966],[-83.96426266129751,46.68757374719666],[-83.96439946125933,46.68690664708581],[-83.96470016126729,46.6861904469579],[-83.96500186127845,46.6854971468335],[-83.96543126131594,46.68468664668357],[-83.96583256135851,46.683991246553035],[-83.96648426143814,46.68294714635418],[-83.96717406154389,46.682016746170625],[-83.9676406616043,46.681297146032506],[-83.96787496159133,46.68058224590866],[-83.96829826161004,46.679634445737875],[-83.96878686164656,46.67866244555959],[-83.96898796162314,46.67794824543775],[-83.9691276615943,46.67734984533733],[-83.96929456155726,46.676613445214045],[-83.96952576153487,46.67582994507975],[-83.96975596150945,46.67502354494201],[-83.97007866149355,46.674054944773815],[-83.97037726149532,46.67329294463898],[-83.97080346152337,46.672413744478554],[-83.97116536153675,46.67158174432918],[-83.97156246156683,46.67079484418474],[-83.97189716158843,46.670100744058246],[-83.97225996160488,46.669291643912324],[-83.97250226161695,46.66875984381624],[-83.9727685616113,46.668021443686804],[-83.97302586157758,46.66707704352616],[-83.97324186150841,46.665950243339736],[-83.97332106138482,46.664734643147575],[-83.97321946125459,46.663935043030094],[-83.9730876611232,46.66320484292503],[-83.97295686099493,46.66249744282345],[-83.97286736090216,46.661972442747626],[-83.97273756077708,46.66128804264953],[-83.97264306066873,46.66064864255631],[-83.97252536058105,46.66023874249991],[-83.97244586051953,46.6599426424588],[-83.97232926043502,46.65955564240585],[-83.97226026038362,46.65931524237274],[-83.97187236026018,46.65931604239534]]]},"properties":{"OGF_ID":800493038,"TRAPLINE_AREA_NUMBER":"SS037","LOCATION_ACCURACY":"Within 50 metres","LOCATION_DESCR":null,"VERIFICATION_STATUS_FLG":"Verified","VERIFICATION_STATUS_DATE":886377600000,"BUSINESS_EFF_DATE_FLG":"Estimated","BUSINESS_EFFECTIVE_DATE":886455756000,"SYSTEM_CALCULATED_AREA":57992628.949,"SYSTEM_CALCULATED_LENGTH":47167.707,"GEOMETRY_UPDATE_DATETIME":1369827119000,"EFFECTIVE_DATETIME":1369818353000,"OBJECTID":21025}},{"type":"Feature","id":24017,"geometry":{"type":"Polygon","coordinates":[[[-83.79219412947705,46.87532618607308],[-83.79272002966361,46.87547558606552],[-83.7934162299151,46.875710086061154],[-83.79404543014795,46.875966986064086],[-83.79467433038356,46.876246686070495],[-83.79526983060839,46.87652618607888],[-83.79596503086805,46.876829386085035],[-83.79656053109295,46.87710888609344],[-83.7972220313446,46.87743468610502],[-83.79781663157767,46.877782886123974],[-83.79854373185889,46.878177886142396],[-83.79940443218011,46.87855108614974],[-83.8003318325227,46.87892478615328],[-83.80119263284394,46.87929788616058],[-83.80221903322676,46.87974098616899],[-83.80337833365502,46.880208086173425],[-83.80456993410216,46.88074408618647],[-83.80589593458389,46.8812123861814],[-83.80718893505217,46.88165748617462],[-83.80841593549368,46.88205628616461],[-83.809510435887,46.882408286155034],[-83.81044043621067,46.88262148613376],[-83.81166953663583,46.882882886102514],[-83.81306533711448,46.88314548606174],[-83.81459513763036,46.88336328600635],[-83.81605863812217,46.88355758595115],[-83.81722253851518,46.88372678590954],[-83.81858603897491,46.883920385860044],[-83.82001593945878,46.884137285810276],[-83.82194324012191,46.884518385756806],[-83.82287324044556,46.884731485735486],[-83.82363704071301,46.88492048572009],[-83.82413424089508,46.88510748571993],[-83.8248296411548,46.885410485726],[-83.8253584413611,46.88571218574159],[-83.82601924162107,46.88610658576371],[-83.82661204187058,46.88659198580369],[-83.82693954202368,46.88698388584479],[-83.82723304217157,46.88742128589487],[-83.82749334230884,46.88785838594679],[-83.82758724238987,46.88827138600468],[-83.82761324246052,46.88877558608052],[-83.82767114255269,46.889371486168606],[-83.8276937426506,46.89010468627977],[-83.8277516427428,46.890700686367815],[-83.82787364287816,46.891480286480295],[-83.82783404319973,46.89418288689716],[-83.82772904320855,46.894525686955845],[-83.82757944319282,46.89478508700433],[-83.82758334319435,46.894787187004454],[-83.8276760432259,46.894802887001475],[-83.82774304325045,46.89482818700141],[-83.82783574328201,46.89484388699843],[-83.82784884328613,46.89484358699766],[-83.8279158433107,46.89486888699761],[-83.82802174334645,46.89488428699388],[-83.82811444337806,46.89489998699083],[-83.82819354340423,46.89490708698733],[-83.82831254344411,46.89492208698274],[-83.82840524347566,46.89493778697976],[-83.82848444350188,46.894944886976255],[-83.82856454353055,46.894969886975424],[-83.82861744354842,46.89497758697357],[-83.82868444357298,46.895002886973494],[-83.82873774359207,46.89501958697296],[-83.82880474361664,46.89504498697299],[-83.82893824366448,46.89508668697162],[-83.82903004369354,46.89508438696594],[-83.82910914371969,46.89509138696239],[-83.82920144375004,46.895098086958086],[-83.82926704377084,46.895096486953996],[-83.82937234380525,46.895102886948884],[-83.82967394390074,46.8950954869302],[-83.82973994392275,46.895102786927474],[-83.82983224395308,46.89510948692316],[-83.82989774397383,46.8951078869191],[-83.82997594399745,46.895096986912876],[-83.8300673440253,46.895085686905844],[-83.83018484406136,46.89507378689719],[-83.83027564408792,46.89505358688883],[-83.83035334411029,46.89503358688124],[-83.83045634413843,46.894995086869315],[-83.83052104415668,46.894975486862585],[-83.830572944172,46.894965186858],[-83.83075464422505,46.894924686841236],[-83.83085864425578,46.894904086831986],[-83.83093584427685,46.89487518682311],[-83.83102524429962,46.89482798681064],[-83.83110204431948,46.89479008680034],[-83.8311657443352,46.894752586790965],[-83.83131784437109,46.894649786766315],[-83.8313791443805,46.89456728675013],[-83.83145494439782,46.894511386737136],[-83.83151724440977,46.89444688672363],[-83.83156724442001,46.8944005867136],[-83.83160424442619,46.89435468670438],[-83.83161354442021,46.89428248669279],[-83.83164914442257,46.894209586679494],[-83.83168374442239,46.894118686663596],[-83.83170564441929,46.8940371866498],[-83.83168734440127,46.89393868663578],[-83.83167144438957,46.89388508662847],[-83.83165454437531,46.89381348661846],[-83.83164974436266,46.89372358660498],[-83.8316591443567,46.89365138659331],[-83.8316679443495,46.89357018658039],[-83.83166414433941,46.893498286569574],[-83.83168664433762,46.89342568655711],[-83.83170994433826,46.89337108654741],[-83.83169264432281,46.89329058653609],[-83.8316640443082,46.89324628653094],[-83.83163494429228,46.89319298652447],[-83.83161904428059,46.89313938651716],[-83.83162884427587,46.89307608650685],[-83.83166574428199,46.8930301864977],[-83.83172994429896,46.89300158648956],[-83.83176824430889,46.892982686484466],[-83.83184644433251,46.892971786478235],[-83.83191154435202,46.8929610864728],[-83.83201454438021,46.89292258646089],[-83.83206704439682,46.89292128645763],[-83.83214524442047,46.89291038645146],[-83.83218404443163,46.89290038644764],[-83.83222154443907,46.89286348643981],[-83.83227254445184,46.892835186432514],[-83.8323455444616,46.89272538641139],[-83.83240824447476,46.89266988639927],[-83.83245924448757,46.89264158639197],[-83.83252294450332,46.892603986382454],[-83.83261324452852,46.89257478637276],[-83.8326905445497,46.892545886363806],[-83.83288484460564,46.89249608634487],[-83.83298974463884,46.89249348633843],[-83.83308194466912,46.892500186334075],[-83.83316154469654,46.89251618633191],[-83.83325434472813,46.89253188632893],[-83.83333434475682,46.892556886328116],[-83.83353674483425,46.89265988633211],[-83.83372694491007,46.89278118633971],[-83.83378224493423,46.89283378634457],[-83.83385254496761,46.892922086353984],[-83.83390974499689,46.89301068636428],[-83.83397954502901,46.89308988637233],[-83.83413034509229,46.89321218638237],[-83.83421234512606,46.89327308638693],[-83.83433184516723,46.89329718638364],[-83.83441094519337,46.893304186380156],[-83.8345017452199,46.89328398637179],[-83.83456634523814,46.89326438636499],[-83.83461834525349,46.893254086360415],[-83.83473544528835,46.89323318635042],[-83.83504724538034,46.89317148632282],[-83.83513804540686,46.893151186314405],[-83.83525554544293,46.893139286305754],[-83.83537264547779,46.893118386295754],[-83.83546304550312,46.89308918628599],[-83.83556694553377,46.893068586276826],[-83.83569714557278,46.893047386266026],[-83.83580104560343,46.89302678625679],[-83.83590594563663,46.89302418625028],[-83.83603614567562,46.893002986239466],[-83.83612744570343,46.89299168623245],[-83.8362449457395,46.89297978622378],[-83.83637554577969,46.89296748621434],[-83.83661254585698,46.89297968620238],[-83.83670384588478,46.89296838619536],[-83.83679464591125,46.89294808618695],[-83.83684614592538,46.89292888618101],[-83.8368709459299,46.892901286175366],[-83.83697394595801,46.89286268616344],[-83.83703904597752,46.892852086158044],[-83.83711774600239,46.89285008615315],[-83.83716964601773,46.89283978614857],[-83.83724834604267,46.892837886143674],[-83.83731344606213,46.89282728613828],[-83.83737894608288,46.892825686134266],[-83.83744404610239,46.89281498612881],[-83.83773254619375,46.89280788611096],[-83.83786414623648,46.89281358610414],[-83.83799754628427,46.89285528610278],[-83.83806554631137,46.892898586105495],[-83.83814514633876,46.89291458610334],[-83.83817184634839,46.89292298610308],[-83.83825004637197,46.89291198609682],[-83.83832774639437,46.89289208608927],[-83.83847004643496,46.89285258607494],[-83.8385468464548,46.89281468606466],[-83.83859834646891,46.892795386058694],[-83.8387780465169,46.89271888603654],[-83.838855346538,46.89268998602758],[-83.83897194657159,46.892660086016264],[-83.83908894660638,46.89263918600622],[-83.83917934663171,46.89260998599651],[-83.83932254667478,46.89258838598485],[-83.83941344670137,46.89256818597648],[-83.83964794677223,46.89253538595782],[-83.83977864681249,46.892523085948355],[-83.83996214687058,46.892518585936955],[-83.84006664690256,46.89250698592911],[-83.84018414693863,46.892494985920465],[-83.84032884698557,46.8925004859129],[-83.8404604470283,46.89250618590607],[-83.84056574706278,46.89251258590095],[-83.84069644710304,46.89250028589151],[-83.84082654714197,46.89247908588069],[-83.84094454717932,46.89247618587335],[-83.84108834722372,46.89246358586307],[-83.84124514727225,46.892450685851976],[-83.84153364736359,46.89244348583408],[-83.84165114739966,46.8924315858254],[-83.84179584744659,46.89243698581787],[-83.84191334748266,46.89242508580919],[-83.84199154750632,46.89241418580295],[-83.84210954754366,46.892411185795666],[-83.84220084757146,46.892399985788614],[-83.84229264760053,46.892397685782974],[-83.84244954764905,46.89238478577187],[-83.84271074772951,46.89236028575288],[-83.84286764777806,46.892347385741836],[-83.84292004779468,46.89234608573855],[-83.84298514781412,46.89233548573317],[-83.84311674785693,46.892341185726366],[-83.84319584788307,46.89234818572281],[-83.84324834789966,46.892346885719576],[-83.84333964792746,46.892335685712595],[-83.84344454796067,46.89233308570606],[-83.8435489479926,46.89232148569824],[-83.84362664801499,46.89230148569062],[-83.84392674810665,46.8922670856679],[-83.84395294811492,46.89226638566628],[-83.84401804813443,46.89225578566088],[-83.84413464816797,46.8922258856495],[-83.84418614818208,46.89220658564352],[-83.84423574819111,46.892151385632204],[-83.84429984820805,46.89212278562408],[-83.84432464821255,46.892095185618416],[-83.84436354822374,46.89208518561465],[-83.84449124825639,46.89201898559706],[-83.8446050482824,46.891935185577566],[-83.84466864829804,46.891897585568124],[-83.84471824830707,46.891842385556764],[-83.84476924831986,46.891814085549456],[-83.84481794832641,46.89174088553541],[-83.84489414834492,46.891693985523766],[-83.84495784836064,46.8916563855143],[-83.84500884837342,46.891628185506995],[-83.84506034838755,46.89160888550107],[-83.84520314842939,46.891578285488066],[-83.84525514844474,46.89156808548348],[-83.8453328484671,46.89154808547587],[-83.84546294850604,46.89152688546507],[-83.8457106485811,46.89149368544556],[-83.8458146486118,46.89147308543638],[-83.8458923486342,46.89145318542882],[-83.84597094865907,46.8914511854239],[-83.84611474870347,46.89143868541365],[-83.84619334872833,46.891436685408785],[-83.84628614875994,46.8914523854058],[-83.84637934879277,46.89147708540414],[-83.84645984882272,46.891511085404716],[-83.84655454885934,46.891562685407074],[-83.84663504888931,46.891596685407634],[-83.84670254891513,46.891630985408945],[-83.84676954893969,46.89165638540898],[-83.84687534897536,46.89167168540513],[-83.8471638490667,46.89166458538728],[-83.84725514909451,46.89165328538025],[-83.84743674914755,46.89161278536346],[-83.84752804917534,46.891601485356446],[-83.84759214919225,46.89157288534834],[-83.84766704920708,46.89149898533261],[-83.84776904923265,46.89144248531805],[-83.84784584925251,46.89140458530777],[-83.84792304927362,46.89137568529885],[-83.84801434930141,46.8913643852918],[-83.84809204932378,46.891344485284264],[-83.84818244934903,46.891315185274465],[-83.84827414937806,46.891312885268825],[-83.84833834939502,46.891284285260696],[-83.8486122494784,46.891250485239546],[-83.84866414949374,46.89124018523496],[-83.84870304950492,46.891230185231194],[-83.84885944955217,46.89120828521869],[-83.84895074957997,46.89119708521172],[-83.84905604961439,46.89120348520654],[-83.84912164963518,46.89120178520248],[-83.8492269496696,46.891208185197364],[-83.8492536496792,46.89121648519706],[-83.84929354969293,46.891224485195956],[-83.8494246497344,46.891221285187854],[-83.84947754975228,46.89122898518593],[-83.84957024978381,46.89124458518297],[-83.84962364980296,46.891261285182445],[-83.84971634983457,46.89127698517945],[-83.84976974985365,46.891293685178915],[-83.84978284985783,46.891293285178065],[-83.84982364987405,46.89131928517967],[-83.84986344988779,46.891327285178626],[-83.84991734990821,46.89135298517941],[-83.85006484996266,46.891412285179904],[-83.85011924998436,46.89144698518208],[-83.8501862500089,46.89147228518206],[-83.85022695002513,46.89149828518366],[-83.85030755005508,46.89153228518423],[-83.85037455007962,46.89155758518422],[-83.85049535012455,46.891608585185004],[-83.85064245017776,46.89165888518416],[-83.85075115022107,46.89172818518847],[-83.85081955024944,46.891780485192484],[-83.85090155028314,46.89184138519708],[-83.85095645030611,46.89188508520058],[-83.85102485033448,46.89193738520459],[-83.8511063503669,46.89198928520784],[-83.85118835040068,46.89205028521245],[-83.85124275042236,46.89208488521458],[-83.85131115045066,46.89213718521862],[-83.8514062504886,46.8921978852224],[-83.85154025053767,46.89224848522239],[-83.8516212505689,46.89229148522428],[-83.85182265064377,46.892376485225554],[-83.85192995068326,46.89241878522583],[-83.85200955071075,46.892434785223664],[-83.85214165075475,46.89244948521824],[-83.85232615081536,46.892462885209554],[-83.85237855083196,46.892461585206306],[-83.85245775085815,46.89246858520276],[-83.85252375088017,46.89247598520007],[-83.85260335090759,46.892491985197914],[-83.85267035093212,46.89251728519785],[-83.85272375095128,46.89253398519731],[-83.85277765097163,46.89255968519814],[-83.85283245099458,46.89260328520161],[-83.85286105100916,46.892647585206745],[-83.8528668510244,46.89275538522297],[-83.85284245102112,46.89279198522999],[-83.85280455101247,46.89281998523647],[-83.85276625100252,46.892838885241595],[-83.85275405100094,46.89285718524513],[-83.85276815100762,46.89287488524702],[-83.85279485101717,46.892883185246745],[-83.85282205102803,46.892900485247814],[-83.85286185104172,46.89290848524673],[-83.85292685106118,46.89289788524133],[-83.85320225114837,46.89289108522427],[-83.85325415116371,46.892880785219674],[-83.85330665118029,46.89287938521639],[-83.85335865119563,46.89286918521177],[-83.8534236512151,46.8928584852064],[-83.85347615123169,46.892857185203134],[-83.85359175126271,46.89280928518903],[-83.85364325127678,46.8927900851831],[-83.85372095129917,46.89277008517551],[-83.85375935130908,46.8927511851704],[-83.85379815132029,46.89274118516663],[-83.85386275133848,46.89272158515982],[-83.85391425135253,46.892702285153916],[-83.85393955135831,46.89268368514954],[-83.85400035136645,46.89259218513201],[-83.85402365136716,46.89253758512227],[-83.8540596513707,46.89247368511039],[-83.8540520513505,46.89232988508879],[-83.85406035134203,46.89223968507448],[-83.85407015133731,46.8921763850642],[-83.85410275133204,46.892049585042805],[-83.8541130513286,46.891995385033944],[-83.85410775131466,46.89189648501907],[-83.85413015131282,46.89182388500663],[-83.85415405131484,46.89177828499828],[-83.85419885131122,46.89163318497342],[-83.85420765130398,46.89155198496044],[-83.85423145130595,46.89150638495204],[-83.85426745130951,46.89144248494017],[-83.85431755131981,46.89139628493018],[-83.85436665132757,46.89133198491743],[-83.85440315133245,46.89127708490689],[-83.85447935135097,46.891230184895306],[-83.85454205136415,46.89117468488312],[-83.85460425137603,46.8911100848696],[-83.85462815137805,46.8910644848612],[-83.85467775138703,46.891009284849844],[-83.8547282513986,46.89097198484121],[-83.85490415143644,46.89082358480821],[-83.85498135145748,46.89079468479927],[-83.85510775148637,46.890701584777695],[-83.8551587514992,46.89067328477038],[-83.855235451519,46.89063538476005],[-83.85529955153598,46.89060678475198],[-83.85537735155835,46.89058678474437],[-83.85543995157146,46.89053128473222],[-83.85550365158717,46.89049368472276],[-83.85578685166455,46.89038758469003],[-83.85586305168313,46.89034068467838],[-83.85617345177134,46.89025198464673],[-83.85625065179245,46.89022308463782],[-83.85632885181603,46.8902120846316],[-83.85644545184962,46.89018218462021],[-83.85649685186367,46.89016288461424],[-83.85658815189147,46.8901515846072],[-83.85662755190391,46.89015058460477],[-83.85670575192752,46.890139684598545],[-83.85686395197986,46.89015368459151],[-83.85694365200727,46.890169684589345],[-83.85700965202929,46.8901770845866],[-83.85707615205254,46.89019338458527],[-83.85712905207042,46.89020108458334],[-83.85715525207871,46.890200484581754],[-83.85726165211577,46.890224784579296],[-83.85732815213898,46.89024108457789],[-83.85740775216647,46.89025718457572],[-83.85746065218426,46.89026478457381],[-83.85752715220754,46.89028118457251],[-83.85760725223624,46.890306184571685],[-83.85772815228118,46.89035708457242],[-83.85778105229903,46.89036478457055],[-83.85783445231819,46.890381484570014],[-83.85790095234145,46.890397784568606],[-83.85795335235801,46.89039648456535],[-83.85799365237301,46.89041348456563],[-83.8580737524017,46.89043848456481],[-83.85811455241797,46.89046448456641],[-83.85814125242752,46.89047278456617],[-83.85823775246918,46.89056038457397],[-83.85830615249753,46.890612684578],[-83.85832165250802,46.89065728458395],[-83.85836345252679,46.89070128458829],[-83.85843235255642,46.890762484593665],[-83.85846095257105,46.89080678459874],[-83.85849005258689,46.89086008460528],[-83.85858465262353,46.89091168460769],[-83.85866525265348,46.890945684608184],[-83.8587191526739,46.89097138460899],[-83.85879825270004,46.89097838460549],[-83.8589424527457,46.89097478459655],[-83.85904685277762,46.890963184588685],[-83.85909835279168,46.89094388458272],[-83.85915035280705,46.890933584578136],[-83.85924115283352,46.89091328456972],[-83.8593188528559,46.89089338456217],[-83.85937035286995,46.8908740845562],[-83.8594597528927,46.89082688454376],[-83.85951075290549,46.89079858453647],[-83.85954905291541,46.89077958453131],[-83.85967785295058,46.89073138451644],[-83.85971575295923,46.89070348450995],[-83.85985515299224,46.890609984487504],[-83.859906153005,46.890581684480196],[-83.85999505302645,46.890525484466416],[-83.86006985304121,46.890451584450695],[-83.86011995305151,46.89040538444072],[-83.86023505308125,46.8903484844253],[-83.86029825309569,46.890301884414505],[-83.86036235311262,46.89027328440637],[-83.86041385312672,46.890253984400395],[-83.86054395316565,46.89023278438961],[-83.86062165318802,46.890212784382015],[-83.8607003532129,46.89021088437717],[-83.86075185322701,46.89019158437118],[-83.86083045325186,46.89018958436632],[-83.8608824532672,46.890179284361736],[-83.860948053288,46.89017768435763],[-83.86103935331572,46.89016638435062],[-83.86132865340952,46.890177084335384],[-83.86138255342993,46.890202784336225],[-83.86142385344749,46.89023778433918],[-83.86147955347286,46.89029938434543],[-83.86148295348178,46.89036228435485],[-83.86149895349354,46.89041588436215],[-83.86149345350955,46.89055998438457],[-83.86148325351306,46.89061428439347],[-83.8614734535177,46.890677484403746],[-83.86146415352368,46.890749684415326],[-83.86147325354773,46.890920484441025],[-83.86146355355248,46.890983684451285],[-83.86148145356928,46.89107328446394],[-83.86151245359021,46.891162484475814],[-83.86152885360319,46.891225084484475],[-83.86155745361783,46.89126938448963],[-83.86163855364904,46.89131238449151],[-83.86169245366946,46.89133798449226],[-83.86175985369529,46.89137228449364],[-83.86182645371855,46.89138858449223],[-83.86190655374723,46.8914135844914],[-83.86194675376218,46.89143058449169],[-83.86199975378011,46.8914382844898],[-83.86209145380911,46.89143598448412],[-83.86222355385311,46.891450684478635],[-83.86238185390546,46.891464684471615],[-83.86256535396352,46.891460184460236],[-83.86263045398303,46.891449484454796],[-83.86272175401082,46.891438184447765],[-83.86278635402901,46.89141858444098],[-83.86283835404433,46.891408284436395],[-83.86291505406419,46.89137038442612],[-83.86295245407156,46.8913334844183],[-83.8629767540748,46.89129688441129],[-83.86301375408094,46.89125088440208],[-83.86303805408413,46.891214284395055],[-83.86306135408483,46.89115968438533],[-83.86307165408145,46.891105484376396],[-83.8630949540821,46.89105088436668],[-83.8631173540803,46.89097838435426],[-83.86312565407178,46.89088808433991],[-83.86313445406454,46.89080688432694],[-83.86314475406111,46.890752684318],[-83.86315355405391,46.89067148430509],[-83.86314685403615,46.89054558428617],[-83.8631556540289,46.8904643842732],[-83.86317755402587,46.890382884259424],[-83.86319995402401,46.89031028424697],[-83.86322185402089,46.89022878423324],[-83.86325635402068,46.89013788421726],[-83.86327825401759,46.89005638420351],[-83.86331425402119,46.88999248419163],[-83.86335125402735,46.88994648418238],[-83.86340175403888,46.88990928417377],[-83.86347805405744,46.889862384162114],[-83.86352855406895,46.889825084153486],[-83.8635912540821,46.889769484141326],[-83.86369325410773,46.88971298412668],[-83.86376855412375,46.88964808411237],[-83.8638321541394,46.889610484102924],[-83.86389535415383,46.889563884092084],[-83.8639715541724,46.88951698408044],[-83.86400805417728,46.889462084069926],[-83.86404495418338,46.889416184060714],[-83.86409505419361,46.889369884050694],[-83.86417175421346,46.88933198404043],[-83.86426115423617,46.88928478402799],[-83.86429955424614,46.88926578402285],[-83.86435145426141,46.889255484018264],[-83.86440395427807,46.889254184015],[-83.86448215430165,46.88924318400874],[-83.86460055434026,46.889249284002794],[-83.86468015436766,46.88926528400064],[-83.864746754391,46.88928158399928],[-83.86486665443336,46.88931458399735],[-83.86497345447164,46.88934788399623],[-83.86514625453185,46.88938858399242],[-83.86534575460169,46.889437583988304],[-83.86547825464697,46.88946128398427],[-83.86562445469771,46.889493583980716],[-83.86573025473338,46.88950898397692],[-83.86590165478987,46.88952268396905],[-83.8659686548144,46.88954798396903],[-83.8661006548584,46.88956268396362],[-83.86619345489001,46.88957838396064],[-83.86624585490658,46.88957698395734],[-83.86635175494233,46.88959238395355],[-83.86645705497673,46.889598783948415],[-83.86661585503035,46.889621783942694],[-83.86677415508268,46.88963578393562],[-83.86694505513786,46.88964048392642],[-83.867064455179,46.889664483923156],[-83.86714355520515,46.88967148391961],[-83.86726305524628,46.88969548391634],[-83.8673547552753,46.88969318391065],[-83.86744805530816,46.889717883909036],[-83.86744755530688,46.889708883907645],[-83.86752665533302,46.88971588390416],[-83.86769905539204,46.88974758389895],[-83.86779125542238,46.88975428389465],[-83.86795095547845,46.88979528389165],[-83.8680170555005,46.88980258388892],[-83.86815005554706,46.88983528388617],[-83.86821605556901,46.889842583883436],[-83.86836175561848,46.88986598387858],[-83.86846895565796,46.88990828387885],[-83.86853505568001,46.88991558387612],[-83.86872145574567,46.88996498387281],[-83.8688544557922,46.88999758387008],[-83.8689336558184,46.89000458386659],[-83.86902635584994,46.89002028386359],[-83.86915985589776,46.89006198386221],[-83.86922735592358,46.89009628386353],[-83.869347255966,46.8901292838616],[-83.86956125604371,46.89020488386074],[-83.86965545607912,46.89024748386181],[-83.86972245610367,46.890272883861776],[-83.8698030561336,46.89030678386229],[-83.86988415616484,46.89034978386417],[-83.87005885623016,46.890426383865766],[-83.8701661562697,46.89046868386604],[-83.87023365629551,46.890502983867336],[-83.8703141563254,46.890536983867904],[-83.87038115634996,46.89056228386788],[-83.87044865637577,46.8905965838692],[-83.87054235640991,46.89063028386892],[-83.87060985643573,46.89066458387024],[-83.87069085646691,46.89070748387209],[-83.87075885649399,46.89075078387479],[-83.8708263565198,46.8907850838761],[-83.87090685654977,46.890819083876664],[-83.87097485657684,46.89086238387935],[-83.87104275660388,46.890905683882],[-83.87113695663929,46.89094828388307],[-83.87127525669979,46.89107988389519],[-83.87137185674143,46.891167383902996],[-83.8714402567698,46.891219683907025],[-83.87152225680357,46.89128068391163],[-83.87157855683027,46.89135118391916],[-83.87163535685826,46.89143078392804],[-83.87169015688116,46.89147438393157],[-83.87177225691498,46.89153538393608],[-83.87184115694454,46.89159658394148],[-83.87189645696873,46.891649183946335],[-83.8719784570025,46.89171018395094],[-83.87204735703207,46.89177148395635],[-83.87211585706044,46.89182368396033],[-83.8722114570996,46.89189328396545],[-83.87223865711046,46.89191058396651],[-83.87231965714165,46.89195358396839],[-83.87238865717127,46.8920148839738],[-83.87245795720212,46.89208508398051],[-83.87255265723881,46.89213678398295],[-83.87264685727418,46.89217938398399],[-83.87271385729872,46.89220468398396],[-83.87289925736185,46.89223598397795],[-83.87296585738514,46.89225238397659],[-83.87312405743741,46.892266383969556],[-83.87317655745406,46.8922650839663],[-83.8732556574802,46.89227208396275],[-83.87334745750925,46.892269783957026],[-83.87343875753703,46.892258483950016],[-83.87355575757182,46.892237583940016],[-83.873660657605,46.89223488393353],[-83.87375195763279,46.89222358392645],[-83.87384375766185,46.89222128392074],[-83.87415455775125,46.892141483890434],[-83.87421865776821,46.892112883882305],[-83.87434785780465,46.89207368386878],[-83.87439885781743,46.89204538386148],[-83.87447605783852,46.89201638385256],[-83.87454065785671,46.89199678384576],[-83.87460475787363,46.891968183837626],[-83.8746552578852,46.891930883829005],[-83.87471945790216,46.89190228382087],[-83.87479565792066,46.89185538380927],[-83.87492385795454,46.891798183793036],[-83.8749744579661,46.891760883784336],[-83.87514105800992,46.891684683763],[-83.87517845801729,46.891647783755175],[-83.8752289580288,46.89161048374647],[-83.8752789580391,46.89156428373649],[-83.87536835806178,46.89151698372403],[-83.87541835807204,46.891470783714055],[-83.87548055808391,46.8914061837005],[-83.87554375809833,46.89135958368971],[-83.8756199581169,46.89131268367805],[-83.87569675813673,46.8912747836678],[-83.87576085815364,46.89124618365966],[-83.8759667582099,46.891168983635886],[-83.87605755823641,46.89114868362747],[-83.87612265825587,46.89113808362206],[-83.87620035827825,46.89111808361447],[-83.87626585829898,46.89111648361039],[-83.87635715832675,46.891105183603365],[-83.87643635835289,46.89111218359981],[-83.87668545843174,46.891105883584345],[-83.87677815846328,46.89112158358136],[-83.87683015847867,46.89111128357678],[-83.87690875850352,46.89110928357191],[-83.87699955853002,46.891088983563485],[-83.87709085855775,46.89107768355646],[-83.87719525858967,46.89106608354861],[-83.87727395861458,46.89106408354374],[-83.87736615864486,46.891070783539355],[-83.87747155867937,46.891077083534185],[-83.87753755870132,46.89108448353149],[-83.87776045877189,46.89107888351767],[-83.87794305882741,46.89105628350361],[-83.87813875888709,46.891033383488676],[-83.87834705894966,46.891001083471615],[-83.87842475897203,46.89098118346404],[-83.87847715898862,46.89097978346076],[-83.87852915900395,46.89096948345616],[-83.8786073590276,46.89095858344993],[-83.87867245904705,46.89094788344448],[-83.87873695906525,46.89092828343775],[-83.87878795907801,46.890899983430444],[-83.878826359088,46.890881083425334],[-83.8788904591049,46.890852383417155],[-83.87892885911482,46.89083348341206],[-83.87897935912632,46.89079618340337],[-83.87905565914495,46.89074928339177],[-83.87910665915771,46.89072098338446],[-83.87918385917877,46.89069208337551],[-83.8792348591916,46.890663783368225],[-83.87933775921971,46.89062518335631],[-83.87938875923248,46.890596883349026],[-83.87951745926763,46.8905486833341],[-83.87958205928582,46.890529083327365],[-83.87967195930983,46.890490783316224],[-83.87977485933794,46.890452183304355],[-83.87985255936024,46.890432183296745],[-83.87995595938962,46.89040258328618],[-83.8800468594162,46.8903823832778],[-83.88015075944683,46.890361683268594],[-83.88027985948321,46.89032248325506],[-83.88038285951136,46.890283883243164],[-83.88046055953367,46.89026388323558],[-83.88051255954906,46.890253583230994],[-83.88060375957677,46.8902422832239],[-83.88066885959624,46.89023168321848],[-83.88072085961163,46.89022138321389],[-83.88085095965053,46.89020008320305],[-83.8809038596684,46.890207783201184],[-83.88096895968785,46.890197083195716],[-83.88102095970322,46.89018678319115],[-83.88108645972396,46.89018518318707],[-83.88113845973929,46.89017488318247],[-83.88119085975588,46.89017348317923],[-83.88126905977946,46.890162583173],[-83.88132105979484,46.89015228316835],[-83.88137245980883,46.89013298316244],[-83.8814249598255,46.89013168315917],[-83.88148995984488,46.89012098315372],[-83.88155605986692,46.890128283151],[-83.88160795988226,46.89011798314642],[-83.8816210598864,46.890117683145604],[-83.88168665990713,46.89011608314157],[-83.88176385992821,46.89008708313259],[-83.88182795994516,46.890058483124456],[-83.88195665998029,46.890010283109625],[-83.88203436000266,46.88999028310201],[-83.88211156002377,46.88996138309313],[-83.88216306003781,46.88994208308715],[-83.88220096004646,46.889914083080654],[-83.88225196005924,46.889885783073375],[-83.88228936006661,46.88984888306553],[-83.8824408601012,46.889737083039556],[-83.88249236011522,46.889717783033575],[-83.88251716011975,46.8896900830279],[-83.8825676601313,46.88965288301928],[-83.88260596014118,46.8896338830141],[-83.88265796015648,46.88962358300952],[-83.88269676016766,46.8896135830057],[-83.88272256017473,46.88960398300273],[-83.88284056021205,46.8896009829954],[-83.88288036022577,46.88960898299429],[-83.88290756023657,46.889626282995366],[-83.8829473602503,46.88963428299428],[-83.88305706029615,46.88972148300126],[-83.88308466030819,46.88974778300369],[-83.88311236032033,46.88977408300609],[-83.8831691603483,46.88985368301507],[-83.8831987603655,46.889915983022846],[-83.88322886038394,46.88998718303199],[-83.88327106040397,46.89004008303766],[-83.88331566043036,46.89013798305008],[-83.88335786045039,46.890190883055766],[-83.88341516047964,46.89027948306599],[-83.88349816051597,46.890358383073256],[-83.8835966605627,46.89048188308648],[-83.88366606059361,46.89055218309322],[-83.88372286062159,46.890631683102065],[-83.88391506070248,46.890788883114986],[-83.88401076074166,46.8908584831201],[-83.88407866076874,46.89090168312276],[-83.88424126083238,46.89099658312787],[-83.88430976086076,46.89104888313187],[-83.88443066090572,46.891099883132654],[-83.88448496092734,46.891134483134806],[-83.88457966096402,46.89118608313719],[-83.88464666098857,46.89121138313719],[-83.88485206107357,46.891368183149275],[-83.88493456110861,46.89143808315517],[-83.88497626112739,46.89148208315948],[-83.88504566115829,46.891552283166256],[-83.8851442612051,46.891675883179445],[-83.88515876121299,46.891702483182655],[-83.88520096123302,46.89175538318832],[-83.8852296612477,46.89179968319345],[-83.88527326127151,46.89187958320317],[-83.8853427613024,46.891949783209846],[-83.88539806132664,46.89200238321471],[-83.88548056136162,46.89207238322062],[-83.88554996139253,46.8921425832274],[-83.88560486141547,46.89218618323085],[-83.88566066144091,46.892247783237025],[-83.88571556146388,46.89229138324055],[-83.88578446149346,46.89235268324596],[-83.88586596152594,46.892404583249125],[-83.88593636155933,46.89249278325855],[-83.88601936159564,46.89257168326582],[-83.8860887616265,46.89264198327255],[-83.88617186166286,46.89272088327982],[-83.88622816168957,46.892791483287375],[-83.88636786175381,46.89294988330351],[-83.88642276177679,46.892993583307],[-83.8864916618064,46.89305478331238],[-83.88653346182517,46.8930987833167],[-83.88657566184527,46.89315168332236],[-83.88666986188062,46.893194283323446],[-83.88671116189816,46.89322928332637],[-83.88684466194593,46.89327088332501],[-83.88689856196633,46.893296483325734],[-83.8869650619896,46.893312883324384],[-83.88701846200874,46.89332948332386],[-83.88708596203455,46.89336378332516],[-83.88727386210405,46.893440083325935],[-83.8873408621286,46.893465383325896],[-83.88742096215726,46.89349028332508],[-83.88748796218182,46.89351568332504],[-83.88759576222257,46.893566883326656],[-83.88766276224712,46.89359218332663],[-83.8877438622784,46.893635183328506],[-83.88783396232206,46.8937554833417],[-83.88796376237138,46.89381858334378],[-83.8882429624686,46.893883583337505],[-83.88838766251551,46.893888883329886],[-83.88848236255214,46.893940483332294],[-83.88860126259202,46.893955483327694],[-83.88874456263511,46.89393388331601],[-83.88882176265622,46.893904983307074],[-83.88883486266033,46.89390458330627],[-83.88893636268467,46.89383908329032],[-83.88906116270964,46.89371888326458],[-83.8891700627229,46.89354518323168],[-83.88928026273992,46.89339838320272],[-83.88947896277713,46.893186383158664],[-83.88956156278213,46.893013283127296],[-83.88971066281033,46.89285648309462],[-83.88980686282066,46.8926920830638],[-83.89008366288148,46.89246908301348],[-83.89030666292194,46.89222048296237],[-83.89054506297283,46.89201648291722],[-83.89092776306936,46.89180878286313],[-83.89118276313336,46.8916673828266],[-83.8913988631861,46.89153588279384],[-83.8916396632433,46.891376782755465],[-83.89179176327919,46.8912739827308],[-83.89202236333989,46.89116918270134],[-83.89223356341,46.89119078269239],[-83.8923127634362,46.89119778268883],[-83.89248706350023,46.89126538268902],[-83.89255786353489,46.89136258269983],[-83.89258796355334,46.89143388270899],[-83.89263166357723,46.89151368271866],[-83.89269046361032,46.891629282732985],[-83.89282006367806,46.891841982758066],[-83.89313216380135,46.892032082769035],[-83.89340016389953,46.8921332827689],[-83.89367846399423,46.89218028275992],[-83.89404846411794,46.89222488274523],[-83.89482876438045,46.89233108271605],[-83.89504136445441,46.89237978271113],[-83.89521426451468,46.89242038270731],[-83.89537786458092,46.8925331827151],[-83.89562406468222,46.892715982728724],[-83.89582746476215,46.892836782735436],[-83.8960299648396,46.892939682739424],[-83.89624986493256,46.89312308275472],[-83.89635866497595,46.89319238275902],[-83.89654556504289,46.893250582757055],[-83.89679706512801,46.89328928274835],[-83.89703506520773,46.893319282739064],[-83.8972059652629,46.893323882729824],[-83.89744246533887,46.89332688271652],[-83.89791826549832,46.893386882698],[-83.89795806551199,46.893394882696896],[-83.89815866558439,46.89346178269546],[-83.8984281656864,46.893589982699424],[-83.89866706576865,46.89363788269287],[-83.8988889658366,46.89361428267632],[-83.89905746588546,46.89357398266036],[-83.89923466592701,46.893452482631375],[-83.89947366597919,46.8932574825876],[-83.89964216602804,46.8932171825716],[-83.89989216610935,46.89322888255885],[-83.90006216616203,46.89321548254689],[-83.90029866623793,46.89321848253356],[-83.9005511663256,46.89327508252755],[-83.90082936642034,46.89332208251853],[-83.9010527664921,46.893325382506035],[-83.90131156656614,46.8932558824803],[-83.90168206666107,46.89306648242969],[-83.90210446677123,46.89286678237449],[-83.90227106681502,46.8927904823531],[-83.90255366689102,46.892675382318984],[-83.9028265669718,46.89262338229512],[-83.90311546706428,46.89262508227854],[-83.90339416716027,46.89268098227089],[-83.90374086728328,46.89278018226592],[-83.90410266741559,46.89291498226547],[-83.90450326755902,46.89303988226127],[-83.90486306768622,46.89313868225547],[-83.90503446774268,46.89315238224759],[-83.90537486784925,46.89313468222505],[-83.90600266804445,46.89309178218192],[-83.9062639681249,46.893067082162936],[-83.90651446820749,46.8930877821515],[-83.90690096834423,46.893194882145394],[-83.90716906844246,46.893296082145305],[-83.90746186854507,46.89336968213952],[-83.90791876871526,46.89356508214285],[-83.90816256881025,46.893702882149796],[-83.90839226889851,46.89382298215482],[-83.9088603690678,46.89398208215191],[-83.9090322691255,46.89400468214537],[-83.90955286931134,46.89416248213923],[-83.90973586936809,46.894148782126464],[-83.90989036941028,46.894090882108586],[-83.90998836942569,46.893962382083174],[-83.91013886945763,46.89383258205453],[-83.91030446949887,46.89373838203041],[-83.91049726955097,46.89366148200739],[-83.91079586963866,46.89359988198058],[-83.91126396977783,46.89351598194045],[-83.91170826991498,46.89347768190873],[-83.91202197001202,46.893451681886425],[-83.91240267013353,46.89345098186414],[-83.91288867028945,46.893456581836695],[-83.91311257036254,46.89346888182551],[-83.91346557047191,46.893441881800825],[-83.91382057058644,46.893450881781554],[-83.91407257067281,46.89349838177414],[-83.91442997079366,46.89355228176152],[-83.91466687087082,46.89356428174961],[-83.91483637092223,46.893541981736306],[-83.91503007097683,46.89348308171599],[-83.91520827102089,46.893379481689735],[-83.91548317110669,46.89336348167126],[-83.91568077117147,46.89337648166175],[-83.91587787123488,46.89338038165082],[-83.91612897131877,46.89340998164074],[-83.91632557138094,46.89340498162854],[-83.91652377144699,46.89342698162036],[-83.91670877150888,46.893449281613016],[-83.91688257157162,46.893507781611824],[-83.9171613716676,46.89356368160415],[-83.91747597176712,46.8935556815846],[-83.9177371718475,46.89353098156562],[-83.91799697192408,46.893479381542576],[-83.91828007200134,46.89337318150978],[-83.91845967204922,46.89329658148758],[-83.91868007211336,46.89324598146698],[-83.91892967219343,46.89324858145286],[-83.91919147227507,46.89323288143518],[-83.91942497234334,46.89318198141375],[-83.91974837243556,46.89309268138121],[-83.9199803725,46.89301478135581],[-83.92047417264614,46.89292118131267],[-83.92078937274694,46.8929220812944],[-83.92106617283781,46.89294208128136],[-83.92127787290926,46.892972681273704],[-83.92159497301513,46.893009581260884],[-83.92177947307572,46.8930228812522],[-83.92202757315195,46.89299848123397],[-83.92223637321575,46.892975181218226],[-83.9224839732907,46.8929418811987],[-83.9227325733682,46.89292648118186],[-83.92300697345271,46.89290148116204],[-83.92318947350826,46.89287878114795],[-83.92350167360141,46.89282588112164],[-83.923812973692,46.89275488109261],[-83.9240338737574,46.89271328107334],[-83.92427947382726,46.89264398104839],[-83.92470967395771,46.89258798101477],[-83.92499957405278,46.89260758100085],[-83.92523757413248,46.892637480991596],[-83.9255968742584,46.89272728098441],[-83.92582567434414,46.892829380986726],[-83.92621267448213,46.89294548098198],[-83.92657787462329,46.893143180990975],[-83.92679547470999,46.89328158099948],[-83.9270665748158,46.89343668100747],[-83.92741867495283,46.89363458101726],[-83.92773967506885,46.893743381015256],[-83.92867547540608,46.89405248100805],[-83.92923937561457,46.89428098101017],[-83.92991057586254,46.894551781012574],[-83.93012377593773,46.89460938100896],[-83.93030687599455,46.89459568099618],[-83.9305680760749,46.89457098097719],[-83.93085547616356,46.8945455809565],[-83.93112987624812,46.89452058093669],[-83.9314182763393,46.89451318091872],[-83.93174657644421,46.89451378089969],[-83.93217097658957,46.894592880887075],[-83.93250267670341,46.894656380877485],[-83.93265037675792,46.89471558087794],[-83.93297137687394,46.89482438087594],[-83.93353037706969,46.894962980864534],[-83.93384847717812,46.895017880854404],[-83.93419327729607,46.895080980844014],[-83.93449727739781,46.89511818083194],[-83.93479877749313,46.89511048081321],[-83.93511637760027,46.895156280801714],[-83.93547477772363,46.89522808079182],[-83.93578127783175,46.895310280786575],[-83.93623187798536,46.89538868077225],[-83.93649657807465,46.89542688076267],[-83.9367617781652,46.89547408075449],[-83.93715507828955,46.89546398073001],[-83.93742987837531,46.8954478807115],[-83.93769257845952,46.89545018069652],[-83.93802087856447,46.895450680677456],[-83.93833407866016,46.89541568065386],[-83.93851557871307,46.89537498063704],[-83.93870887876636,46.89530708061533],[-83.93916997888758,46.89509718055628],[-83.93953027898588,46.89496198051457],[-83.93979967905771,46.894847080481284],[-83.94008267913487,46.894740780448466],[-83.9403389792025,46.89462618041599],[-83.94070687929091,46.89439178035863],[-83.94094957935313,46.894268480325536],[-83.94133687943204,46.89390758024767],[-83.94152607947514,46.893767680215205],[-83.94171387951441,46.89360088017872],[-83.94186087953739,46.89340808014061],[-83.94204527956782,46.893178380094625],[-83.94219077958698,46.8929585800525],[-83.94236647962467,46.892810080019494],[-83.94263867967392,46.892506079957045],[-83.9429620797069,46.89193977985143],[-83.94311037970357,46.89153097978013],[-83.94331177974824,46.89137277974416],[-83.94357867981363,46.89121297970411],[-83.94377237986818,46.89115397968375],[-83.94411027996836,46.89109127965445],[-83.9443603800496,46.89110277964164],[-83.94461138013342,46.89113237963155],[-83.94534748037066,46.89114937959119],[-83.94562578046535,46.891196279582175],[-83.94595298056767,46.8911787795604],[-83.94631668067483,46.89110647952811],[-83.94669088077974,46.890988779488296],[-83.94701178086552,46.890854579448956],[-83.94733358095392,46.89073827941238],[-83.94761308102215,46.89056907937018],[-83.9479415810981,46.890335579315234],[-83.94817688114122,46.89007757926199],[-83.94841858120088,46.889936279226255],[-83.94878268130931,46.88987297919529],[-83.94900508137847,46.88985817918008],[-83.9492676814626,46.88986037916508],[-83.94967508159365,46.88986787914245],[-83.95018788175909,46.88988167911469],[-83.95058008188087,46.88985357908751],[-83.95085398196406,46.88981947906632],[-83.95121848207371,46.88976507903672],[-83.95162098219203,46.8896826790006],[-83.95202138230525,46.88956437895915],[-83.95248648243663,46.88942637891088],[-83.95274368250675,46.88932977888106],[-83.95300958256962,46.88915187883831],[-83.95337988266434,46.88896237878765],[-83.95358318271408,46.888840078757056],[-83.95385258278583,46.888725178723725],[-83.95411178286109,46.888664478699354],[-83.95438408294045,46.88860337867408],[-83.95465548301729,46.88852437864618],[-83.95483648306893,46.888474778628],[-83.95499228311483,46.88844367861416],[-83.9551894831783,46.88844757860321],[-83.95543848325701,46.88844117858774],[-83.95551218326911,46.88834927856934],[-83.95542318321752,46.888162578545945],[-83.95540518320071,46.88807307853328],[-83.95532348316817,46.88802117853008],[-83.9552918831459,46.887922978516904],[-83.95531458314524,46.887859378505794],[-83.95537428315072,46.88774987848553],[-83.95547618317623,46.88769317847095],[-83.95550138318194,46.8876745784666],[-83.95562848321318,46.88759927844766],[-83.95567648321835,46.88751707843224],[-83.95568268320466,46.88739087841254],[-83.9556106831674,46.88727577839914],[-83.95547618311704,46.88721627839785],[-83.95523828303737,46.88718637840711],[-83.95509308298922,46.88717217841341],[-83.95503178294977,46.88701167839238],[-83.95498598292076,46.886895878377324],[-83.95486358287202,46.88681807837256],[-83.95470278281337,46.88675917837291],[-83.95448618272927,46.88663877836707],[-83.95425738264356,46.88653677836483],[-83.95410928258781,46.88646857836303],[-83.95389508251004,46.8863930783639],[-83.95362848241574,46.88631897836808],[-83.95345308234907,46.886233478365256],[-83.95335098229337,46.88604717834262],[-83.95333398227903,46.88597557833269],[-83.95324988224019,46.88587877832277],[-83.95312548218635,46.885764978312565],[-83.95298648212456,46.88562457829912],[-83.95292518208504,46.88546417827816],[-83.95288908205131,46.88528507825281],[-83.95286758202553,46.885132678230704],[-83.95280088197208,46.88487337819489],[-83.95273608192373,46.88465007816443],[-83.95269998188994,46.884470978139056],[-83.95272468189444,46.88444337813338],[-83.95281058190818,46.88433317811148],[-83.95292008192382,46.884177378081276],[-83.95305148193631,46.883939978037205],[-83.95316108195195,46.883784078006904],[-83.95324298195551,46.88360197797426],[-83.95344528200272,46.88346177794093],[-83.95369378208017,46.883446377924095],[-83.95383948212958,46.88346957791912],[-83.95401278219103,46.88351907791666],[-83.95417558225478,46.883613877921704],[-83.9543906823351,46.883707377923464],[-83.95460388241027,46.883764877919816],[-83.9548825825062,46.883820677912155],[-83.95509378257628,46.88384217790314],[-83.95527018264548,46.88394567790866],[-83.95548678272958,46.8840660779145],[-83.95566068279236,46.884124577913276],[-83.95573878281591,46.88411347790706],[-83.95596018288252,46.884080777889146],[-83.95610088291922,46.88401417787072],[-83.95617258292621,46.88388627784695],[-83.95612588289475,46.88375257782918],[-83.9561344828874,46.88367127781624],[-83.956264082925,46.88364097780399],[-83.95652378300153,46.883589277780956],[-83.95675928307483,46.88357417776492],[-83.95701938315261,46.88353147774322],[-83.95721208320455,46.883454477720164],[-83.95746108328326,46.88344797770465],[-83.95777468338018,46.88342187768234],[-83.95796938343726,46.883380877664706],[-83.95821438350578,46.88330257763841],[-83.95851338359466,46.8832497776129],[-83.95890668371898,46.88323967758841],[-83.95912698378305,46.88318897756776],[-83.95927168382987,46.88319417756016],[-83.95967998396338,46.8832195775402],[-83.95981008400233,46.8831982775294],[-83.96011058409506,46.88317247750791],[-83.96055668423715,46.88316997748146],[-83.96131938448384,46.883195177440854],[-83.9624122848404,46.88325687738657],[-83.96317548508837,46.88329107734725],[-83.96334488513969,46.883268777334],[-83.96369678524644,46.88322357730651],[-83.96411328537134,46.88315877727233],[-83.96447528547459,46.88305947723599],[-83.96459848549569,46.88291227720623],[-83.96464788550456,46.8828569771949],[-83.96475898552406,46.882728077168615],[-83.96495528555592,46.88247997711918],[-83.96511578558437,46.882295877081575],[-83.9653771856357,46.8820370770267],[-83.96558908567806,46.88183357698316],[-83.96581708573231,46.88168367694688],[-83.96604408578395,46.88151577690791],[-83.96639348588432,46.88142577687374],[-83.96673528599453,46.88143487685518],[-83.96711788612104,46.88146997683824],[-83.96744598622587,46.88147047681918],[-83.96764108628422,46.881438376802876],[-83.96785998634445,46.88136067677818],[-83.9681997864496,46.881333876754255],[-83.96847648654037,46.88135367674116],[-83.96863628659648,46.8813945767381],[-83.96908688675008,46.88147287672384],[-83.96928398681345,46.88147677671291],[-83.9694261868539,46.881437076698525],[-83.96966778691353,46.88129577666277],[-83.96983168695078,46.88117447663465],[-83.97004708700211,46.88103397660056],[-83.970386287106,46.880998076575274],[-83.97068728719998,46.88098127655511],[-83.97101698730866,46.88100877654007],[-83.97136018742266,46.8810447765256],[-83.97165498753037,46.88115417652515],[-83.97187068761195,46.88125657652824],[-83.97218208773268,46.88142847653642],[-83.9726395879041,46.88163257654102],[-83.97289508799933,46.88174287654299],[-83.97313208807645,46.881754776530975],[-83.97328828812363,46.881732676518496],[-83.97347128818033,46.88171897650572],[-83.97373098825678,46.88166717648262],[-83.97398818832691,46.88157047645278],[-83.97428268840433,46.881436876415144],[-83.97452268846008,46.881268576375376],[-83.97467588848957,46.881112076342454],[-83.9747214884983,46.88106547633263],[-83.97481488850215,46.88085597629511],[-83.97482718847475,46.88060367625573],[-83.97477848843816,46.880433976232545],[-83.97464858837031,46.880221376207544],[-83.9744142882706,46.88002047619046],[-83.97419568818138,46.87986417617924],[-83.973989588095,46.87969847616585],[-83.97361888793992,46.879402176142065],[-83.97277548760415,46.87886607610914],[-83.97273418758661,46.87883117610621],[-83.97244948747542,46.87866757609773],[-83.97225608739201,46.87849257608219],[-83.97224098738275,46.87845697607762],[-83.97234148737545,46.878139376023064],[-83.97245158739236,46.87799257599417],[-83.97245008738852,46.87796557599013],[-83.97241788736491,46.87785837597558],[-83.97230308730637,46.877681375955135],[-83.97225038725954,46.87743977592121],[-83.97232108726399,46.877293975894695],[-83.97253638731532,46.877153375860615],[-83.97279108737905,46.87701177582406],[-83.97304818744911,46.87691507579423],[-83.97335628753201,46.87679007575712],[-83.97371428762497,46.87661877570995],[-83.97401078770756,46.8765210756777],[-83.97435818780275,46.87639497563812],[-83.9747836879216,46.87625797559225],[-83.97503888798661,46.87612527555703],[-83.97518918801845,46.87599537552836],[-83.97534708804046,46.87576627548403],[-83.97548528807071,46.87565467545891],[-83.9757403881357,46.87552207542366],[-83.9761100882291,46.87532347537167],[-83.97650688833325,46.875142175320725],[-83.97679218841672,46.87508067529464],[-83.9771959885387,46.875025175262614],[-83.97738958859321,46.87496617524224],[-83.97752878862602,46.87487257521981],[-83.97778338868972,46.87473087518322],[-83.9779724887327,46.87459097515074],[-83.97802958873177,46.87443647512375],[-83.97802058870886,46.87427477509949],[-83.97797138867095,46.87409607507497],[-83.9779341886346,46.873898975046956],[-83.97790248861234,46.87380087503378],[-83.97783248858019,46.87372167502569],[-83.97772568854195,46.87368847502681],[-83.97781958854708,46.873487974990596],[-83.97778788852476,46.873389874977406],[-83.97777148848273,46.87309327493294],[-83.9776969884391,46.87293317491273],[-83.97770508843051,46.87284297489846],[-83.97783978845185,46.87266847486384],[-83.97793768846711,46.87253997483842],[-83.97808398848882,46.87233817479898],[-83.97823228851557,46.872172274764914],[-83.97832268851178,46.87190897471925],[-83.97840348851274,46.87170887468388],[-83.97844688850631,46.8715456746563],[-83.97841228847642,46.87139357463503],[-83.9784420884646,46.87122187460697],[-83.97848058844555,46.87096887456595],[-83.97850098840954,46.87062627451225],[-83.97848758837516,46.870383674475846],[-83.97845908833156,46.87010537443488],[-83.97845308831629,46.86999757441868],[-83.97845668829623,46.86982647439225],[-83.97842848828282,46.869791174388446],[-83.9782994882465,46.86983057440205],[-83.97825348824651,46.869948774422845],[-83.97821868824556,46.870030674437416],[-83.97823478825734,46.870084274444686],[-83.97817278824554,46.87014887445824],[-83.97811488821503,46.870051374446625],[-83.97815678820481,46.86986127441507],[-83.97822948821435,46.869751374393985],[-83.97835158823285,46.86958627436156],[-83.97840048824051,46.86952197434881],[-83.97844888824683,46.86944867433477],[-83.97858928825327,46.86913907427914],[-83.97868658826725,46.86900147425235],[-83.9787421882625,46.86882007422134],[-83.97875888824657,46.86864867419408],[-83.97872428821667,46.868496574172745],[-83.97859938816157,46.86837377416123],[-83.97839488807911,46.8682351741519],[-83.97821758800744,46.86811377414368],[-83.97806448793901,46.8679557741284],[-83.97775208781576,46.8677658741175],[-83.97754398775335,46.86779827413461],[-83.97720578765207,46.86785207416259],[-83.97704948760492,46.86787417417505],[-83.97669618749438,46.86789237419844],[-83.97640398739313,46.86782797420563],[-83.97622718732275,46.86771557419874],[-83.97610688725013,46.867439674163435],[-83.97600478719447,46.86725337414085],[-83.97587538712791,46.86704977411715],[-83.97563058703045,46.86689407410756],[-83.97536498693876,46.86683807411451],[-83.97504908683561,46.86681927413004],[-83.97480868674955,46.8667444741326],[-83.97459258666677,46.866633074128146],[-83.97452008662825,46.86650897411329],[-83.97452578661336,46.86637387409227],[-83.97447658657546,46.866195174067755],[-83.97443888653787,46.86598917403838],[-83.97437858650098,46.86584667402001],[-83.97438368648476,46.86570257399763],[-83.97452188651502,46.86559097397249],[-83.9746095865338,46.865516673955995],[-83.97465508653254,46.86538947393381],[-83.97471428650773,46.86503697387631],[-83.97476388648772,46.86474767382905],[-83.97481598647406,46.86450337378858],[-83.97490588646896,46.86423097374156],[-83.97495748645403,46.863977673699715],[-83.97497998642321,46.86367107365139],[-83.9749407863818,46.86343817361796],[-83.9748744863296,46.86318787358346],[-83.97467268622454,46.862860073544994],[-83.97439968611376,46.86266917353162],[-83.9741004859947,46.86247897351989],[-83.97400138594666,46.86234657350539],[-83.97380798586323,46.86217157348984],[-83.97353598575499,46.86199867347918],[-83.97325338564899,46.861871073476124],[-83.97299998555887,46.86179667347948],[-83.972787385485,46.861748173484436],[-83.97250778538663,46.86167447348947],[-83.97226898530444,46.86162667349606],[-83.97211078525226,46.861612773503154],[-83.97191028517996,46.861545973504604],[-83.97172238511058,46.86146987350389],[-83.97149268502237,46.86134977349885],[-83.97103478484979,46.86113667349289],[-83.97084638477915,46.86105157349085],[-83.97069678471956,46.86095647348499],[-83.97061228467952,46.86085067347365],[-83.97056498464674,46.86070797345455],[-83.97049308460949,46.86059277344104],[-83.97047848460154,46.86056617343786],[-83.97042058457099,46.860468673426254],[-83.9702343844765,46.8601855733937],[-83.97023388447515,46.86017657339237],[-83.97005118438958,46.85995627336923],[-83.9700229843762,46.85992097336547],[-83.96995108433897,46.859805873352],[-83.96989168430461,46.85968147333639],[-83.96989068430206,46.85966347333368],[-83.96982638425496,46.859449173304576],[-83.96980638423301,46.85932367328653],[-83.96978978421997,46.85926107327787],[-83.96983228421111,46.859079973247574],[-83.96983128420857,46.85906197324493],[-83.96979568417615,46.85889197322092],[-83.96981488416658,46.85876547320043],[-83.96980998415387,46.85867557318691],[-83.96990828417042,46.858556073162866],[-83.97005958420486,46.85844407313687],[-83.97017058422432,46.85831517311063],[-83.97021348421667,46.8581430730817],[-83.9701959842011,46.858062573070406],[-83.97019148418966,46.85798167305827],[-83.97016898416136,46.85781127303344],[-83.97020128415593,46.85768447301212],[-83.97021288415631,46.857657173007276],[-83.97022008414517,46.85754897299019],[-83.97028008415185,46.85744837297127],[-83.97033058416335,46.857411072962634],[-83.97029838413977,46.85730387294807],[-83.97023908410544,46.85717947293245],[-83.97022398409624,46.85714387292788],[-83.97029458410066,46.85699807290142],[-83.97035518410871,46.85690647288382],[-83.97045108411888,46.85674197285301],[-83.97067548416418,46.85652917280725],[-83.97079998418897,46.85640887278155],[-83.97087118419479,46.85627207275642],[-83.97092228417854,46.856009772713236],[-83.97091288415443,46.855838972687614],[-83.97086468411909,46.855678272665735],[-83.97078968407423,46.855509172644176],[-83.97070668403796,46.85543037263695],[-83.97050468396186,46.855336572634336],[-83.97039288391098,46.85521347262199],[-83.97026358384446,46.855009872598266],[-83.97019878379608,46.8547865725678],[-83.97010728373819,46.85455497253766],[-83.97006918369942,46.85433997250688],[-83.97006328368415,46.8542320724907],[-83.97003208366318,46.85414287247883],[-83.9698800835973,46.854002872466175],[-83.96966158350818,46.853846572454984],[-83.96948028342638,46.853653272435864],[-83.96932678335675,46.85348627241922],[-83.96913098326698,46.85326627239691],[-83.96896588319697,46.85312657238512],[-83.96880128312824,46.85299587237466],[-83.96867788307699,46.852900072367156],[-83.96839088295961,46.852691572351866],[-83.96819038288734,46.85262477235335],[-83.96811038285868,46.85259987235416],[-83.96773048273867,46.85260967237781],[-83.96758288268424,46.85255047237733],[-83.96746048263553,46.85247267237253],[-83.96667418229791,46.851773072311104],[-83.96661878227373,46.85172057230625],[-83.96638578217672,46.85153757229175],[-83.96628708212991,46.85141417227858],[-83.96617738208411,46.851326972271615],[-83.96627818210706,46.85125237225429],[-83.96617908205906,46.85111997223976],[-83.96612318203358,46.85105837223358],[-83.96614888204057,46.851048772230634],[-83.96626288206767,46.85097377221242],[-83.9664034821043,46.850907172194034],[-83.96652458212026,46.85072397215884],[-83.96659128211458,46.85050627212156],[-83.96655718208598,46.85036317210165],[-83.9667024821051,46.85014337205944],[-83.96677158210578,46.84997057202887],[-83.96678788208861,46.84979017200026],[-83.9668610820995,46.84968927198052],[-83.9669972821247,46.84954177194999],[-83.96701498211134,46.849388271925406],[-83.96704238209327,46.84917157189055],[-83.96704558207198,46.84899147186271],[-83.96703418204274,46.84878477183169],[-83.96703588201761,46.848577771799846],[-83.96698528197605,46.84837207177119],[-83.9669088819274,46.848176071745634],[-83.96688038188387,46.84789787170458],[-83.96684428185011,46.84771877167925],[-83.96683018184346,46.84770117167732],[-83.96676788180152,46.84752277165361],[-83.96663348175123,46.847463271652295],[-83.96657508171938,46.8473567716394],[-83.96654148169208,46.84722267162078],[-83.96654768167845,46.84709647160103],[-83.96651398165108,46.84696237158245],[-83.96641788161068,46.84688387157599],[-83.96625008156325,46.846933171593335],[-83.96613858154251,46.84705307161824],[-83.96611988155333,46.84718857164011],[-83.96610008156152,46.847306071659276],[-83.96609298157266,46.84741427167629],[-83.96604348156372,46.847469571687654],[-83.96589698151183,46.847428371689865],[-83.96583518147116,46.84725897166749],[-83.96577288142917,46.84708057164376],[-83.96585338145908,46.84711447164428],[-83.96593918147285,46.84700427162238],[-83.96596038146838,46.8469136716072],[-83.96598268146649,46.846841171594804],[-83.96616698152692,46.8468543715861],[-83.9662910815506,46.84672517155904],[-83.9663748815592,46.846578971531706],[-83.96640918155887,46.84648807151579],[-83.96652268158309,46.8463910714943],[-83.96607848137653,46.845867271439786],[-83.965682581213,46.84556697141679],[-83.96485428090546,46.84521817141157],[-83.96395968057392,46.844846071406614],[-83.96339698035982,46.844567671396675],[-83.96280258011869,46.84415167136751],[-83.9620420798215,46.843711671344295],[-83.96121357951677,46.84338577134257],[-83.96064917931922,46.84324477135383],[-83.95855147864806,46.84323147147404],[-83.95705287817145,46.84324477156338],[-83.95608727786255,46.843238671618685],[-83.95482287744947,46.84316187168057],[-83.95349157701786,46.843107471749775],[-83.95209367656497,46.84305277182279],[-83.9499626758831,46.84303907194488],[-83.94863027546245,46.84307627202815],[-83.94723207501222,46.843044272104706],[-83.94579947456235,46.8431037721973],[-83.94416737404578,46.843138972297716],[-83.94230127346279,46.84324137242212],[-83.94036777286674,46.843411972560936],[-83.93823387221222,46.8436270727182],[-83.9367994717787,46.84382387283191],[-83.93553217139298,46.84397587292906],[-83.93429757102341,46.844173873031316],[-83.93333017073078,46.84430497310773],[-83.93252927049144,46.84443707317469],[-83.93109367006886,46.84472537330248],[-83.92945746959053,46.84508107345233],[-83.92778816909876,46.84541357360056],[-83.92621896863618,46.845723773739515],[-83.92498486826103,46.845875873834686],[-83.92375136788037,46.84598227392287],[-83.92265106754235,46.84608937400334],[-83.92105066704995,46.84623907411947],[-83.91945106654926,46.84631997422498],[-83.91795266606962,46.84630987431065],[-83.91692096573372,46.846257174362584],[-83.91585656538167,46.84615837440937],[-83.91512496513899,46.846084674440604],[-83.9143602648829,46.845987974470304],[-83.91332886454427,46.84591227451868],[-83.91223126418161,46.84581317456732],[-83.91090076374155,46.84568967462581],[-83.90977016336547,46.84556747467283],[-83.90820656285078,46.8454423747446],[-83.90687676240526,46.84527297479595],[-83.9054476619223,46.845057074845954],[-83.9039189614046,46.84481757489816],[-83.90275656100418,46.84458057492936],[-83.90139526053154,46.84427347496142],[-83.90020056011228,46.84396747498391],[-83.89907175971977,46.84370777500974],[-83.89780985928466,46.84344707504311],[-83.89698075898808,46.843189475051766],[-83.89615265868335,46.842863075049806],[-83.8951906583414,46.842581575062496],[-83.89422935799406,46.84225427506817],[-83.89316885760927,46.84188037507242],[-83.89230745729385,46.841553775072384],[-83.89181105710661,46.84132127506556],[-83.89101565681804,46.84104087506875],[-83.8903861565882,46.84080747506949],[-83.88955685629439,46.84057257508162],[-83.88882645604073,46.84040717509869],[-83.88792935573656,46.84026347512881],[-83.8870646554512,46.84018877516757],[-83.88613325514446,46.84011347521016],[-83.88406895448354,46.84009907532797],[-83.88303615415848,46.84013757539393],[-83.88163685371892,46.840196475484326],[-83.88043695334605,46.84027967556686],[-83.87907025292255,46.84038447566238],[-83.8781696526483,46.84049267573132],[-83.87730245238473,46.84060107579836],[-83.87590055196695,46.84084307591702],[-83.87449795155455,46.84113087604276],[-83.87366305130978,46.841308176118474],[-83.87309445115035,46.8414873761791],[-83.87225605093556,46.84191667629369],[-83.87138205072918,46.84250597643501],[-83.87074115059744,46.843096876562996],[-83.87023345050834,46.843688876683416],[-83.86959095039023,46.8443942768291],[-83.86918565031134,46.84480367691555],[-83.86868045020042,46.845212377007655],[-83.86723484985906,46.846186977241324],[-83.86642764967122,46.84675377737528],[-83.86555484945387,46.84725147750241],[-83.86498494930524,46.84752217757708],[-83.86458304919633,46.847679677624626],[-83.86391384901026,46.847903877697945],[-83.86324564881603,46.84805947776068],[-83.86241084856843,46.8482137778329],[-83.86161004832609,46.84832247789612],[-83.86067634803831,46.84840737796341],[-83.85961004770243,46.848445478031195],[-83.85861104738247,46.848438278088175],[-83.85771284708629,46.848363078128784],[-83.85654894669933,46.84824007817754],[-83.85548524634163,46.848094978217055],[-83.85475494608792,46.84792927823401],[-83.85395864580741,46.84771737824771],[-83.85326324555075,46.847437478245105],[-83.85250124527273,46.84715707824635],[-83.85183944502397,46.84685447823828],[-83.85124454479386,46.8465293782229],[-83.85071734457692,46.84613617819316],[-83.85009154431708,46.84565057815494],[-83.84976304417232,46.84532747812439],[-83.8495022440407,46.844936178079394],[-83.84897534382111,46.844520078046074],[-83.84841484359352,46.84412657801822],[-83.84781974336616,46.84382447800638],[-83.84709044310429,46.84358997801269],[-83.84609444275978,46.8433765780378],[-83.84483174233269,46.843184078081514],[-83.843668241943,46.843038078126675],[-83.84260504158266,46.84286987816256],[-83.84177394130508,46.84277207819579],[-83.8411089410836,46.842698478223106],[-83.84027824080337,46.84257777825275],[-83.83954764055238,46.84243497827325],[-83.83865124024261,46.8422450782961],[-83.83785543995938,46.84201007830624],[-83.8372597397375,46.841753678301416],[-83.83673163952878,46.841429078282204],[-83.83616963931485,46.841150078272],[-83.83580693916755,46.84089537825388],[-83.83557853905488,46.84057307821762],[-83.83545073896872,46.8402055781686],[-83.83532713884723,46.83954037807356],[-83.8352669387743,46.83910477801014],[-83.83528323864118,46.83798247783671],[-83.83518993855483,46.83752367777165],[-83.83513003847918,46.83706517770468],[-83.83500313838488,46.83662897764501],[-83.83481243824755,46.836009177560854],[-83.83462033812108,46.83548087749084],[-83.83443383794845,46.834563277360616],[-83.83404673771999,46.833712877252424],[-83.8336582375024,46.832954077158355],[-83.83323603727685,46.8322179770697],[-83.83284723706198,46.831482076979185],[-83.83248903687952,46.83092967691506],[-83.83213053669978,46.8304001768545],[-83.83173773651745,46.82993907680645],[-83.83141053636473,46.829547276765226],[-83.83111503623621,46.82927017673975],[-83.83075483606999,46.82885517669686],[-83.83052713595191,46.828486976653494],[-83.83016733578305,46.828049076607044],[-83.82964283554732,46.82749537655236],[-83.82908423530634,46.82698727650667],[-83.82842453504422,46.82657007648081],[-83.82779713480093,46.82622177646368],[-83.82730223460571,46.825920276446006],[-83.8266751343597,46.82554907642536],[-83.82598183408963,46.82515437640489],[-83.82512313375818,46.824689876383275],[-83.82433103344802,46.824225776357885],[-83.82377053322332,46.82385497633341],[-83.82320943300414,46.82353007631599],[-83.82284703285698,46.823275376297865],[-83.82238503267519,46.82299707628184],[-83.82215473257885,46.822812076266764],[-83.82195743249588,46.82265017625334],[-83.82149613230865,46.822326076230276],[-83.82123223220438,46.8221636762206],[-83.82103463212412,46.822024776210675],[-83.8208708320491,46.82184027619181],[-83.82070683197684,46.821678676176454],[-83.82044363186716,46.82147057615978],[-83.82018003176017,46.82128527614658],[-83.8187032312264,46.82078127615468],[-83.81868943122343,46.82079297615729],[-83.81831913113864,46.8210649762206],[-83.81801723106166,46.82122307626244],[-83.8177503309818,46.82126687628461],[-83.81741673088052,46.821310076310645],[-83.81675103066732,46.82130507634844],[-83.81608473045945,46.821345776393336],[-83.81558543029949,46.82134197642171],[-83.81488583008105,46.8213824764685],[-83.81408522983861,46.821490876531584],[-83.8132840296017,46.82164507660173],[-83.81238192934086,46.82186727668822],[-83.81127802903231,46.82222527680728],[-83.80980622861989,46.82269497696484],[-83.80860142828746,46.82312097710018],[-83.80776342806688,46.82350397720767],[-83.80702562787557,46.82386477730594],[-83.80632142769224,46.824202877398776],[-83.80565162751144,46.82447267747908],[-83.80484722729878,46.82483287758112],[-83.80410972710474,46.8251707776758],[-83.80337422689449,46.82537127774927],[-83.80273932671074,46.82552667780995],[-83.80177232641498,46.825633777882516],[-83.80043912600189,46.82573797797583],[-83.79890542553011,46.82588637808757],[-83.79763842514105,46.8260139781806],[-83.79663842483187,46.826097778251416],[-83.79590472460802,46.82618377830717],[-83.79473642425897,46.826380778405195],[-83.7935672239181,46.826646478513815],[-83.79226402353993,46.82695697863711],[-83.79075942311131,46.82738047878944],[-83.79012302293835,46.827627378864264],[-83.78975442283993,46.82778487890985],[-83.7896202228054,46.827852578928],[-83.78958512280823,46.82796677894761],[-83.78957982284882,46.82831037900075],[-83.78963902292692,46.828791879071396],[-83.78989652307992,46.82936647914482],[-83.79015762320587,46.82971217918281],[-83.79038642331301,46.82998877921208],[-83.79074732347094,46.83033527924448],[-83.79100972358603,46.83058927926831],[-83.79133742373335,46.83093537930252],[-83.79179542394499,46.831465879357516],[-83.7922208241405,46.831950179407364],[-83.79314382450961,46.8325529794465],[-83.79403502485727,46.83306387947339],[-83.79462932508719,46.83338917948899],[-83.79509092527177,46.83369057950854],[-83.7956849255044,46.834038779527646],[-83.79644402580129,46.83447997955147],[-83.79720102611435,46.835058479596526],[-83.79792332642764,46.83572837965762],[-83.79848022667943,46.83632827971754],[-83.79903542694478,46.83704267979516],[-83.79952412718883,46.83775647987651],[-83.79987992738752,46.838446479961966],[-83.80003492753029,46.83920358006933],[-83.8000546276466,46.84009708020554],[-83.80014482775448,46.84073908029894],[-83.8004340279318,46.841428580388154],[-83.80082322814116,46.84211878047167],[-83.8012446283693,46.842877880563876],[-83.80123732842623,46.84335888063827],[-83.80065432829873,46.84383628074541],[-83.79926622789151,46.84413128087123],[-83.79840582769124,46.84473728101424],[-83.7974953273875,46.84463358105111],[-83.79642872700552,46.844299681061656],[-83.7959720268654,46.8443467810954],[-83.79409622642126,46.845607581397935],[-83.79298762623769,46.8469936816752],[-83.79237182607379,46.84726068175197],[-83.78857142484526,46.84714758195491],[-83.78820732472767,46.84713728197446],[-83.786620624253,46.84740098210696],[-83.78507442388762,46.84844658235728],[-83.78303912354474,46.850944082859094],[-83.78368322381628,46.85147738290366],[-83.78496902425887,46.85173408286859],[-83.78641472478975,46.852292782870606],[-83.78806552531239,46.85225258276872],[-83.79040122618497,46.853275582790424],[-83.79236452686422,46.85369568274116],[-83.79285862707391,46.85411558277702],[-83.7929291272016,46.85496888290397],[-83.79352282749275,46.85579138299592],[-83.7936420275959,46.8563193830701],[-83.79356202759833,46.85654638310962],[-83.79303602745837,46.85677518317528],[-83.7919550271006,46.85667558322266],[-83.79124132689127,46.85682798328747],[-83.7903619267027,46.85757848345379],[-83.78870092624666,46.858185983643445],[-83.78691392579398,46.85914748389476],[-83.78665312574576,46.859432783953736],[-83.78669082587862,46.86041288410209],[-83.78632962590291,46.86154658429721],[-83.78572902577788,46.86208958441544],[-83.78532472568493,46.862384084484134],[-83.7847517255549,46.86281488458353],[-83.784413725486,46.86313288465196],[-83.78410862543055,46.86347408472206],[-83.78387012539646,46.86381578478841],[-83.78352882535196,46.86433988488871],[-83.78325382533158,46.86488748498872],[-83.7831475253483,46.86529898505814],[-83.7831415253944,46.86568828511826],[-83.78320422544557,46.86594078515339],[-83.78346542557169,46.86628638519132],[-83.78409412580717,46.866566285197855],[-83.78475822603704,46.866708885181254],[-83.78549002628016,46.86678338515024],[-83.78638952656857,46.86679048509915],[-83.78732362685678,46.86670618503199],[-83.78819122712365,46.86662138496869],[-83.78895842736121,46.86655868491456],[-83.78939152750003,46.866562084889914],[-83.79018992776449,46.86663698485511],[-83.79075412796237,46.8667788848442],[-83.7914516282029,46.866921784825706],[-83.79218172845964,46.86711068481231],[-83.79287812870832,46.8673222848044],[-83.79344092891704,46.86755578480766],[-83.79386942909115,46.86785688482902],[-83.7942310292466,46.8681803848577],[-83.79449052938632,46.86864048491331],[-83.79458452946449,46.86903058496776],[-83.79457372954863,46.86974058507744],[-83.79443382955745,46.870174785152194],[-83.79419152955327,46.87076838525739],[-83.7939825295597,46.87136238536072],[-83.79377282957161,46.872002085471124],[-83.79366412960741,46.87257388556522],[-83.79348982961368,46.873076485652504],[-83.79328042962288,46.87369328575936],[-83.79293822958661,46.87428618587025],[-83.79273302956322,46.87462818593465],[-83.79252852953441,46.87492438599204],[-83.79229152948948,46.87517448604414],[-83.79219412947705,46.87532618607308]]]},"properties":{"OGF_ID":800493006,"TRAPLINE_AREA_NUMBER":"SS034","LOCATION_ACCURACY":"Within 50 metres","LOCATION_DESCR":null,"VERIFICATION_STATUS_FLG":"Verified","VERIFICATION_STATUS_DATE":886377600000,"BUSINESS_EFF_DATE_FLG":"Estimated","BUSINESS_EFFECTIVE_DATE":886455062000,"SYSTEM_CALCULATED_AREA":76085136.966,"SYSTEM_CALCULATED_LENGTH":47687.421,"GEOMETRY_UPDATE_DATETIME":1369827126000,"EFFECTIVE_DATETIME":1369818340000,"OBJECTID":24017}},{"type":"Feature","id":38481,"geometry":{"type":"Polygon","coordinates":[[[-84.05551018641164,46.65545753694183],[-84.05558238688475,46.65912713750363],[-84.04387398316237,46.6591572381891],[-84.04457818356774,46.6606352383761],[-84.0441564835714,46.661759238573964],[-84.04453538381364,46.66275053870484],[-84.04555988425919,46.66372473879549],[-84.04739128495895,46.664677338835894],[-84.04869488539686,46.66486513878903],[-84.05000478585046,46.66516403875897],[-84.05071288621005,46.66625783888648],[-84.05125958651884,46.66735593902398],[-84.05211658689804,46.66822323910783],[-84.05260708706616,46.66832143909448],[-84.05325268726956,46.668304139054236],[-84.05356288733996,46.6680733390006],[-84.0538668873947,46.667731438930254],[-84.05417088744952,46.66738943885978],[-84.05464878758634,46.6672654388129],[-84.05481648765286,46.66737223881956],[-84.05530688782096,46.66747033880617],[-84.05562968792262,46.667461738786066],[-84.05579738798912,46.66756853879278],[-84.05598378810248,46.668008638849805],[-84.05617028821585,46.6684487389068],[-84.05605278827449,46.66923073903423],[-84.05606528830569,46.66945293906774],[-84.0569553891189,46.67376873968132],[-84.05680648926186,46.67531863992888],[-84.05720518938674,46.67530203990307],[-84.05775178956678,46.675351539878946],[-84.05811988970954,46.67555993988961],[-84.0583448898039,46.675745139905096],[-84.0585637899107,46.676047539938985],[-84.05871698999752,46.676357339977805],[-84.05881649007048,46.6766933400238],[-84.05895519015588,46.677029340067534],[-84.0591761902591,46.67729684009589],[-84.05945909035995,46.677384840093],[-84.05997039054863,46.67759614009582],[-84.06040889070171,46.67770594008723],[-84.06076999082882,46.677805440081514],[-84.06117589098587,46.6780319400928],[-84.06145439109527,46.67820104010264],[-84.0616862911776,46.678270240099806],[-84.06184229122881,46.6782829400927],[-84.06298759148751,46.67742193989335],[-84.0632205915369,46.6772200398487],[-84.06341689154037,46.676739939763266],[-84.06374069150179,46.67558713956675],[-84.06384829149994,46.6752929395151],[-84.06445719164691,46.67491203942097],[-84.06447069165023,46.67490383941897],[-84.06502359178816,46.67459423933903],[-84.06608539203097,46.673819939157895],[-84.06638929209103,46.673521439094216],[-84.06666899213887,46.67318663902631],[-84.06691179216948,46.67280653895362],[-84.06693879214606,46.67254593891181],[-84.0671811921775,46.67217383884036],[-84.06752769224354,46.671813538764646],[-84.06781949229753,46.671497438698985],[-84.06813339236754,46.671253938643154],[-84.06841299244525,46.671162038612756],[-84.06860529248492,46.67098693857454],[-84.06867989248782,46.67081733854405],[-84.06896419255592,46.67063533849945],[-84.06945519269605,46.67050403845062],[-84.06988759280199,46.67024603838571],[-84.07037039286865,46.669537838248424],[-84.0706965929436,46.66930293819322],[-84.07124129309771,46.66914653813744],[-84.07152959318812,46.66913543811895],[-84.071660393229,46.66912963811045],[-84.07365859387001,46.66917153800058],[-84.0746538941833,46.669143637938326],[-84.07501169428619,46.66905413790375],[-84.07520999434438,46.66901393788602],[-84.07543819440338,46.66890323785561],[-84.07588009454972,46.6689498378371],[-84.07605849461692,46.669035037839855],[-84.07616579467464,46.66922673786318],[-84.07630939475068,46.66947373789288],[-84.07640019481079,46.669727837926786],[-84.07651629488136,46.67000143796215],[-84.07664239493184,46.67008583796787],[-84.07705579507456,46.67017703795783],[-84.07729129514915,46.67017403794368],[-84.07760709524517,46.670137437919614],[-84.07793669534438,46.67009143789333],[-84.07813399540447,46.670069237878444],[-84.07762779529384,46.670480037971224],[-84.07747719526205,46.670611238000205],[-84.07734009526212,46.670967038063054],[-84.07719559527753,46.671467038148535],[-84.0770840952871,46.6718334382115],[-84.077007195289,46.67204813824904],[-84.07698969529329,46.67212843826247],[-84.07678219525313,46.672338838307],[-84.07649459519169,46.67258393836146],[-84.07621389512536,46.6727707384066],[-84.076182795118,46.672791438411586],[-84.07600289508343,46.67297633845059],[-84.07585949506611,46.67320633849438],[-84.07577019506284,46.67341123853117],[-84.07576139508,46.673573438556666],[-84.07581299512744,46.67382633859267],[-84.07582499516344,46.674088138632285],[-84.075811095191,46.67434833867322],[-84.07573109519842,46.67461603871911],[-84.07568039520874,46.67483113875522],[-84.07563209521425,46.67500113878426],[-84.07571649525673,46.675128338798956],[-84.07583799531686,46.67530273881874],[-84.07600769540123,46.67555023884703],[-84.07600349546851,46.67610833893326],[-84.07600309549937,46.67636033897209],[-84.07605529554593,46.67660423900663],[-84.0761645956297,46.67700283906172],[-84.07631789571654,46.677312639100506],[-84.07642419577618,46.67752243912664],[-84.07649299582053,46.677705039150815],[-84.07655969586848,46.67792263918044],[-84.0768269959997,46.67829793922273],[-84.0771680961646,46.67875673927355],[-84.07726609624154,46.679128739325215],[-84.07719149623853,46.67929723935549],[-84.07683429616365,46.67961293942492],[-84.076657896126,46.679763739458465],[-84.07639549607008,46.679988039508316],[-84.07603629599997,46.68034763958459],[-84.0754413958852,46.680954239712726],[-84.07470299575292,46.68178973988448],[-84.07428909567082,46.6821935399708],[-84.07408389562585,46.682358840008206],[-84.07403009564183,46.682628040052805],[-84.07405649567902,46.68286244008742],[-84.07397059566912,46.68300424011424],[-84.07356729556497,46.683200740167976],[-84.07246759527787,46.68371294031092],[-84.072328295253,46.68387074034336],[-84.07213979523453,46.684208840406434],[-84.07190229522338,46.684732740500955],[-84.07157319515301,46.6850127405633],[-84.07126999508237,46.685222840613314],[-84.07138089519408,46.685844440702624],[-84.07143129531941,46.68673324083661],[-84.07194089553465,46.68716464087341],[-84.07386189645443,46.689672241147846],[-84.07614389757019,46.69283774150252],[-84.07802109838047,46.6945675416596],[-84.07937609894418,46.69564374174644],[-84.08111729976655,46.6978222419805],[-84.08372940100017,46.70108994233145],[-84.08718740258267,46.70500244273234],[-84.08769220275629,46.70510754271907],[-84.08915520336188,46.70624354280869],[-84.09118070431865,46.70877644308054],[-84.09509450610526,46.713164843527764],[-84.09624260681099,46.71592564388564],[-84.09686140727457,46.718087944182294],[-84.09796590790498,46.72034904446576],[-84.09805080798783,46.7208018445305],[-84.09828520815505,46.72155264463232],[-84.09856650837376,46.7226001447771],[-84.09884470858309,46.723579044911475],[-84.09908010875345,46.724352645016744],[-84.09924700889648,46.7250819451192],[-84.09944600904691,46.72578764521612],[-84.09964300919106,46.7264476453062],[-84.09980880933098,46.72715404540513],[-84.09994670947628,46.72797564552351],[-84.10008260961524,46.7287514456349],[-84.10248811101368,46.733877446282925],[-84.10281281173572,46.738888447034476],[-84.10294251213314,46.74177284747042],[-84.10298061226773,46.74276404762057],[-84.1031599128428,46.74695734825471],[-84.10308341281224,46.746907548251535],[-84.10264471271286,46.74723394832731],[-84.10324471293505,46.74748594833101],[-84.10337411298298,46.74754034833182],[-84.10453011347178,46.74851694841446],[-84.10533191381076,46.74919434847173],[-84.10644291415024,46.749078848389146],[-84.1073010143995,46.74888474830923],[-84.10827831467577,46.74860214820873],[-84.10899281483759,46.74807054808532],[-84.10970241498732,46.74745374794905],[-84.11091771531746,46.74699384780739],[-84.11227171572291,46.74678624769648],[-84.11341711614703,46.747267247703505],[-84.11368471627357,46.74760144773924],[-84.11533591687811,46.748239347740885],[-84.11667511724724,46.74777604759145],[-84.11738961740903,46.747244347468055],[-84.11782161740798,46.74612294727042],[-84.11862551752407,46.744991247049555],[-84.11944411767645,46.74411534686715],[-84.12074881796083,46.74305544662801],[-84.12158221814953,46.74243514648403],[-84.12404201888212,46.74202654627755],[-84.12780062015034,46.74260664614718],[-84.12831632035495,46.74293394616739],[-84.12896082061071,46.743343146192615],[-84.12913912078295,46.74427724632576],[-84.12964492096334,46.74443404632033],[-84.1308699213175,46.74414444620429],[-84.13134602142524,46.743789946121986],[-84.13441582232876,46.743193745851],[-84.1357646227219,46.74290064572713],[-84.13622682285148,46.74275864567832],[-84.1363230228744,46.74269644566313],[-84.1365711229423,46.74260674563488],[-84.13666462296558,46.74255444562139],[-84.13683752300363,46.74241704559014],[-84.1369440230331,46.74238094557837],[-84.13701432305113,46.74234584556888],[-84.13703662305745,46.7423400455667],[-84.13715402308485,46.74225904554737],[-84.13743152314763,46.742052445499446],[-84.13767582320614,46.74189654546118],[-84.13786562325974,46.74184154544166],[-84.13784872324418,46.741759045429944],[-84.13818252334214,46.741691845400126],[-84.13839212339278,46.74156174536791],[-84.13865082346089,46.74144684533511],[-84.1389494235498,46.74139724531001],[-84.13939932370073,46.741459445293295],[-84.13951522374153,46.74149114529142],[-84.13955192375886,46.74153694529633],[-84.13973502382268,46.741581545292455],[-84.1399681239032,46.741632645286685],[-84.14000562391686,46.74164704528672],[-84.14035332404404,46.74178024528685],[-84.1405570241261,46.741919545296376],[-84.14059312414061,46.74194414529807],[-84.14063662415813,46.7419738453001],[-84.14080392423573,46.742170345320496],[-84.14088492426838,46.74222624532434],[-84.1409739243058,46.74229974533044],[-84.14111382436299,46.742401845338],[-84.1412532244199,46.74250354534544],[-84.14149092452081,46.742707645362934],[-84.14176732461941,46.742793345359956],[-84.14216432476094,46.74291644535567],[-84.14288302502312,46.74318664535518],[-84.14371542531944,46.74343994534547],[-84.14411212546356,46.74358424534445],[-84.14462342565223,46.74379404534687],[-84.14531772589872,46.74399994533789],[-84.14555412597915,46.7440418453305],[-84.14594332612005,46.744179645328934],[-84.14637822627732,46.74433194532695],[-84.14671382639648,46.7444318453227],[-84.14699612649807,46.74452644532068],[-84.14735492662687,46.74464484531794],[-84.1474998266792,46.744694845317134],[-84.1476644267395,46.74475874531738],[-84.14818412691774,46.7448621453029],[-84.14836092698786,46.74497444530977],[-84.14941082740444,46.74564044535076],[-84.15103872811797,46.74721974549828],[-84.15163752831253,46.74725204546822],[-84.15211362846728,46.74727774544432],[-84.15239422852639,46.74703374539047],[-84.15239802852706,46.747029245389506],[-84.15248192854288,46.74694144537115],[-84.15256592855879,46.74685364535274],[-84.15271852858899,46.74670544532104],[-84.15285582861287,46.74654524528842],[-84.15299322864294,46.74643454526338],[-84.1530772286574,46.746335545243234],[-84.15313652867114,46.74629374523338],[-84.15355312873892,46.74576994512855],[-84.15400722887324,46.74568724508929],[-84.15460512905008,46.745578445037594],[-84.15619812957091,46.74569034496171],[-84.1562658295931,46.74569504495844],[-84.15662012972963,46.7458874449673],[-84.15711992992227,46.74615874497976],[-84.15760853007696,46.74615184495013],[-84.15770983010901,46.746150444944014],[-84.15829463028211,46.74604504489364],[-84.15956833063287,46.74560384475136],[-84.16246473143426,46.74463044443243],[-84.16281033153312,46.74454054439845],[-84.16319073164196,46.74444144436097],[-84.16323803165044,46.74438814435004],[-84.16327963165891,46.744349744341655],[-84.16337263167787,46.74426404432304],[-84.16378073178863,46.744109344275415],[-84.16393303183722,46.744110544266746],[-84.16404103186888,46.74408854425705],[-84.1642851319427,46.7440570442379],[-84.16457503203034,46.744019844215224],[-84.16473533207984,46.74400744420394],[-84.16499463216186,46.74400364418819],[-84.16568893238536,46.74402384415075],[-84.16591783245293,46.74398154413084],[-84.16619263253708,46.74395474411066],[-84.16658163265943,46.74394284408608],[-84.16694793277935,46.7439698440688],[-84.16729133289522,46.74402334405697],[-84.16784813308334,46.74411144403791],[-84.16810763317336,46.74417174403204],[-84.1683287332476,46.74420274402384],[-84.16855773332233,46.74421774401278],[-84.1688324334131,46.74424504400091],[-84.1691375335078,46.744225243980004],[-84.16931313355052,46.74411914395345],[-84.16951903359909,46.74398184392031],[-84.16971733364504,46.74384354388746],[-84.17003023372195,46.74366054384105],[-84.17019803375602,46.7435040438072],[-84.17048043382418,46.743328543763695],[-84.1706940338828,46.743252843739555],[-84.17093053394899,46.74317994371457],[-84.17118243402456,46.74314254369409],[-84.17156373414588,46.7431421436717],[-84.17170873419245,46.7431459436638],[-84.17196823427557,46.74315004364927],[-84.1723192343863,46.74314254362762],[-84.1725861344674,46.7431115436072],[-84.17283783454039,46.74305384358361],[-84.17316603464064,46.743020043559234],[-84.17358563477845,46.74305454354001],[-84.17397483491024,46.74311904352717],[-84.17428773501743,46.74318014351823],[-84.17449363508722,46.74321494351152],[-84.17467673514835,46.74323794350434],[-84.17490563522162,46.74324174349154],[-84.17527173534802,46.74332154348242],[-84.17559233546133,46.74341274347766],[-84.17614923565363,46.74353454346381],[-84.17634003572243,46.743600143462736],[-84.1765993358225,46.74374144346927],[-84.17708773599962,46.74391684346765],[-84.1772555360591,46.74396624346538],[-84.17753013614931,46.743988943452855],[-84.17773613621443,46.743985443440216],[-84.1779118362689,46.743973843428165],[-84.1781177363283,46.74392424340854],[-84.17853733644297,46.74377194336058],[-84.17888063653321,46.74361844331691],[-84.17924693663193,46.74347434327334],[-84.17949883669509,46.743336843237486],[-84.1797581367629,46.74321824320408],[-84.18006323684209,46.74307364316403],[-84.18026933688454,46.74288674312325],[-84.1804676369362,46.74279464309754],[-84.18080343702619,46.742658143056936],[-84.1809560370652,46.74258074303609],[-84.18118493712299,46.7424596430041],[-84.18132983715637,46.74235664297977],[-84.18139853717297,46.742314242969265],[-84.18155093720394,46.74217274293862],[-84.18159683719877,46.742012842911336],[-84.18160453718654,46.74189444289275],[-84.18165023718372,46.74175374286842],[-84.18164273716754,46.7416425428518],[-84.1816503371468,46.74145554282262],[-84.18162743710703,46.7411929427836],[-84.18158923706702,46.74096794275125],[-84.18154343703867,46.74085664273689],[-84.18140613696816,46.74064004271159],[-84.18136793694887,46.74058254270504],[-84.18135263693503,46.74050984269473],[-84.18131453691299,46.74042994268473],[-84.18127633689197,46.74035784267586],[-84.1812535368742,46.74027294266417],[-84.1812229368569,46.74021194265657],[-84.18116953682868,46.74012124264577],[-84.181139136801,46.73997584262519],[-84.18114673679015,46.73986874260829],[-84.18111613676436,46.73973904259014],[-84.18110843674876,46.73963244257421],[-84.18108563673015,46.739540742561495],[-84.18102473669525,46.73941534254578],[-84.18094073665152,46.73927814252963],[-84.18082623660227,46.73917454252037],[-84.18075763657244,46.73911004251453],[-84.18052873648121,46.73896114250505],[-84.18039893643183,46.73889614250263],[-84.18033793640636,46.73884724249866],[-84.180261636374,46.73878184249309],[-84.18023883636249,46.738747542489115],[-84.18018543633656,46.738674842481096],[-84.180193036331,46.73861044247077],[-84.18019293632331,46.73854864246127],[-84.18022353632652,46.73849604245139],[-84.18023883632337,46.7384314424406],[-84.18033033632173,46.73818254239696],[-84.18037603632872,46.73812164238493],[-84.18041423633434,46.73806884237461],[-84.18047523634614,46.73800754236166],[-84.18055163636295,46.737946842347846],[-84.18067363639331,46.737878242330154],[-84.18088723645273,46.737809242307044],[-84.18101703648883,46.73776744229302],[-84.18125353654561,46.73761794225626],[-84.181345036562,46.737515242235105],[-84.18144423657805,46.73738994221007],[-84.18152043658715,46.73726744218676],[-84.18158913659343,46.73714174216342],[-84.18163503659954,46.73707294215016],[-84.18173413661363,46.73693184212273],[-84.18175713661864,46.7369131421185],[-84.18180273662405,46.73683994210457],[-84.1818563366359,46.73679794209498],[-84.18197833666292,46.73670224207317],[-84.18220723671641,46.736546242035786],[-84.18234453674837,46.73645134201316],[-84.18250483679088,46.736382741993296],[-84.18264203683029,46.736348541979986],[-84.18275663686818,46.73635994197504],[-84.18287103690506,46.736363541968934],[-84.18316083699817,46.73637124195311],[-84.18333643704695,46.73631344193399],[-84.18342783707038,46.73626814192167],[-84.18356523710698,46.736210341904766],[-84.18369493714071,46.73614934188779],[-84.18390853719497,46.736038741858266],[-84.18414503725323,46.73590174182339],[-84.18432833730216,46.73582574180102],[-84.18445033733431,46.73577164178557],[-84.18457233737031,46.735749141774996],[-84.18477843743784,46.735764841765345],[-84.18537343763315,46.73581344173797],[-84.18566343773405,46.735883041731704],[-84.1857626377693,46.73591284173049],[-84.18585423780313,46.73595084173097],[-84.18590763782355,46.73597854173208],[-84.18594583783948,46.73600904173457],[-84.18599163785878,46.73604714173774],[-84.18606783789527,46.73614624174851],[-84.1861669379348,46.73621094175263],[-84.18628143797919,46.736275341755814],[-84.18637293801639,46.73634024176047],[-84.18648753806133,46.736409041764354],[-84.18651803807765,46.73646224177072],[-84.18651803808237,46.73650044177659],[-84.18650263808166,46.73653464178275],[-84.18646473807489,46.73657734179153],[-84.18643413806846,46.736604041797406],[-84.18638823806616,46.73670324181535],[-84.18635773806535,46.73677494182812],[-84.18631953805986,46.73682884183866],[-84.18625863805129,46.736916041855615],[-84.1862433380516,46.73695814186299],[-84.18623563805156,46.73697744186638],[-84.18618993804785,46.73706534188254],[-84.18618223805257,46.7371229418919],[-84.18621283806554,46.73714914189409],[-84.18623573807704,46.737183341898046],[-84.18627383809492,46.737229541902884],[-84.18628133810101,46.73725964190709],[-84.18631963811889,46.73730584191193],[-84.18634253812948,46.73733224191468],[-84.18638073814581,46.737366041917625],[-84.1864188381642,46.73741674192321],[-84.18645703817957,46.737442641924915],[-84.18649513819835,46.737496741931004],[-84.186525638217,46.73756904194032],[-84.18652553822494,46.7376331419502],[-84.18652553823064,46.73767924195726],[-84.18651783823472,46.73773234196586],[-84.18648743823509,46.73781304198003],[-84.1864721382354,46.737855141987396],[-84.18644933823477,46.73790864199698],[-84.18638823822195,46.73796204200877],[-84.18631973821002,46.738041642025],[-84.18628143820212,46.73807644203256],[-84.1862128381878,46.73813684204587],[-84.18614403817018,46.73817144205519],[-84.18606023815002,46.73822434206822],[-84.18605253814862,46.73823244206992],[-84.18600683814161,46.73829334208195],[-84.1857703380928,46.7385069421286],[-84.18564823806996,46.73863634215561],[-84.18538113802754,46.73898014222406],[-84.18505303798453,46.73947644231951],[-84.18499203798403,46.73962884234647],[-84.18495383798272,46.73971654236218],[-84.18499203801662,46.739892142386964],[-84.18506843805656,46.74001824240186],[-84.18515223809683,46.74012844241388],[-84.18527433815028,46.7402465424249],[-84.18534303817593,46.7402772424256],[-84.1854421382131,46.74032284242677],[-84.18558723826546,46.74037284242595],[-84.18571693831144,46.740410842424204],[-84.18580073834285,46.74044894242517],[-84.1858694383685,46.740479742425926],[-84.18594563839599,46.740505742425434],[-84.18600683841929,46.74053664242657],[-84.18603733842998,46.74054474242602],[-84.18609833845548,46.74059374243004],[-84.1861593384805,46.74063924243345],[-84.18621273850232,46.740678242436275],[-84.18633483855146,46.74076144244192],[-84.18662493867122,46.740982942458984],[-84.186762238731,46.74111294247094],[-84.18681553875123,46.74113954247192],[-84.18694533879861,46.7411888424719],[-84.18709783885902,46.74128474247766],[-84.18723513891393,46.741375342483565],[-84.18748703900927,46.74149774248764],[-84.1876013390541,46.74156654249154],[-84.18771583910286,46.74166574250005],[-84.18796003919475,46.7417804425034],[-84.1881890392827,46.7419023425087],[-84.18827283932296,46.742012442520725],[-84.18841003938515,46.74216164253564],[-84.18854753944261,46.74227254254461],[-84.18858563946031,46.74231764254933],[-84.18866953950173,46.74243674256267],[-84.18862373950181,46.74255504258358],[-84.18852453948621,46.74268384260913],[-84.18836443945419,46.74283674264198],[-84.18820423941132,46.74290204266141],[-84.18789893932356,46.74297804269091],[-84.18757853922915,46.74303874271899],[-84.18731923917076,46.74323384276411],[-84.18702153910397,46.74345924281621],[-84.1868231390705,46.743698742864616],[-84.18665543903985,46.74388234290257],[-84.18651023902994,46.74417554295615],[-84.1864264390288,46.744381442992655],[-84.18642653905346,46.74458054302321],[-84.18651023910125,46.74475154304461],[-84.1866782391642,46.74482784304648],[-84.18683083921653,46.74485844304225],[-84.18705213929414,46.744916443038235],[-84.18731143937183,46.744877643017084],[-84.18755573943928,46.74479434299002],[-84.18763953945641,46.74471774297334],[-84.18775383946956,46.744530042937804],[-84.18780743947917,46.74447004292549],[-84.18809733952742,46.74411434285388],[-84.18830333957693,46.743984842821945],[-84.18853223963696,46.74388174279271],[-84.18876883970431,46.74381774276903],[-84.1892189398343,46.743710742726236],[-84.18960043995007,46.743665242696935],[-84.19001994008387,46.74366814267284],[-84.19056944026826,46.74374504265246],[-84.19103464042668,46.74382884263813],[-84.19121794048881,46.74385964263213],[-84.19162224061407,46.74383264260434],[-84.1919121406974,46.74376044257626],[-84.19214104075743,46.74365724254704],[-84.19238524081479,46.74349294250752],[-84.19257604086039,46.74337064247752],[-84.1926752408821,46.74329134245958],[-84.19272864089389,46.74324934244998],[-84.19291934093847,46.74311914241881],[-84.19310244098727,46.743043142396445],[-84.19341524106414,46.74286004235],[-84.19377394115696,46.74268804230257],[-84.1941934412716,46.742535742254674],[-84.19459014139017,46.74247394222193],[-84.19496404150688,46.74245564219728],[-84.19546004167313,46.74252394217874],[-84.19594074183888,46.74262744216648],[-84.1963832419929,46.742734342157],[-84.19660454208169,46.7428823421668],[-84.1967265421422,46.743057742186586],[-84.19682564219735,46.743248542210075],[-84.19697834227996,46.74352324224336],[-84.19706984231948,46.743607342250904],[-84.19714624236833,46.74380544227683],[-84.19723014242679,46.74406184231132],[-84.19746664255956,46.74452654236886],[-84.19764204263572,46.74469044238378],[-84.19779474269855,46.744805442392504],[-84.19802364278505,46.744916042396056],[-84.19830584288572,46.745003742392996],[-84.19860334299493,46.7451214423937],[-84.19906114315766,46.74525934238806],[-84.19938934327294,46.74534694238233],[-84.19977834340469,46.74541144236948],[-84.20006834351548,46.74556084237543],[-84.20048024365877,46.74565954236644],[-84.20082374377284,46.74569824235229],[-84.20115934389047,46.74578564234613],[-84.20154844402798,46.74589624234028],[-84.20189184415372,46.746029542340665],[-84.20218944425129,46.74605264232677],[-84.20248704435357,46.74611404231883],[-84.20281504446262,46.746152142305455],[-84.2031584445714,46.74614814228473],[-84.2033949446453,46.74613704226921],[-84.2034864446734,46.746128842262564],[-84.2037993447696,46.746102042240125],[-84.20417314489418,46.746147842225284],[-84.20457754500825,46.746029642183416],[-84.20489794509787,46.74593064214948],[-84.20511934515895,46.745854642124876],[-84.20556934528786,46.745739642080885],[-84.20577534534404,46.74566414205718],[-84.20614164544635,46.74554924201812],[-84.20661454557786,46.74539654196698],[-84.20727074578006,46.74534324192039],[-84.20767514591539,46.74539714190494],[-84.20804894604176,46.74545754189234],[-84.20834644614204,46.74550314188195],[-84.20862114624038,46.74559104187935],[-84.20897214637323,46.74576234188511],[-84.20923924647906,46.745930341895246],[-84.2095673466166,46.74619794191717],[-84.2097579466947,46.746338841927596],[-84.21004034679538,46.746426441924555],[-84.21037604691871,46.7465599419254],[-84.210620246995,46.74654854190934],[-84.2111466471573,46.74650684187212],[-84.21174174734288,46.74647654183262],[-84.2122986475294,46.74655204181158],[-84.21267264766551,46.746690041810865],[-84.2129320477608,46.74679304181152],[-84.21312264783082,46.74686864181197],[-84.21345094796226,46.747086641826165],[-84.21360344802545,46.74720504183545],[-84.21381704811094,46.74734644184467],[-84.2141069482229,46.747505841852146],[-84.21459534841242,46.74778124186585],[-84.21471724846485,46.74789144187561],[-84.21493864856463,46.748128241898975],[-84.21513694865509,46.748348741921255],[-84.21528194870841,46.74840654192162],[-84.21545744878588,46.748581641938245],[-84.21566344888126,46.74882224196312],[-84.21593804900408,46.74910814199092],[-84.21602964905689,46.749299042014876],[-84.21618224912719,46.74947474203292],[-84.21635774920334,46.74963854204777],[-84.21651014926594,46.749752442056376],[-84.21677734936284,46.74984844205545],[-84.21703664944727,46.7498636420426],[-84.21724264952127,46.74993204204102],[-84.21747934959939,46.749954642030644],[-84.21761654963363,46.74987884201097],[-84.21769294965043,46.74981814199718],[-84.21780724967769,46.74974514197923],[-84.21804394975163,46.749734041963656],[-84.21828804982889,46.74973054194884],[-84.21840254985248,46.749627141926254],[-84.21856274988167,46.7494516418899],[-84.21913484997619,46.74874594174808],[-84.21928755000958,46.748623441720305],[-84.21947835005942,46.74853594169574],[-84.21969945012596,46.748505041678044],[-84.2200046502165,46.74845254165207],[-84.22037865031982,46.74832614161074],[-84.22088215047013,46.74824674156911],[-84.22127115059284,46.74823794154493],[-84.22165275071859,46.74827334152801],[-84.22211815087604,46.74834914151238],[-84.22253005102085,46.7484601415053],[-84.22298025118619,46.74863864150633],[-84.22315585125307,46.74872714150964],[-84.22343815136222,46.748883441517116],[-84.22366695146057,46.74908954153537],[-84.22372805149135,46.74918124154584],[-84.22368415096793,46.745071740917496],[-84.22368215094414,46.744884940888866],[-84.22365175060548,46.742230840483145],[-84.22365175056281,46.741886540430286],[-84.22338464940034,46.733189839110224],[-84.22336164921197,46.731727938887026],[-84.22335394913956,46.73116343880076],[-84.22334644899455,46.730011638624255],[-84.22335404898901,46.72994733861393],[-84.22353724904676,46.72994323860261],[-84.22378144912399,46.729939738587724],[-84.22561244970716,46.729946538481606],[-84.2310525514317,46.729900938156],[-84.23636275311526,46.7298587378385],[-84.24332865532534,46.72981773742413],[-84.24425935561986,46.72980593736779],[-84.24425945561755,46.729786737364854],[-84.24423655538476,46.727967137086694],[-84.24424425514526,46.7260139367862],[-84.24422125494611,46.72446543654968],[-84.24417545465272,46.72221443620655],[-84.24416025449521,46.7209818360181],[-84.24411455427675,46.71933493576776],[-84.2440840540842,46.717858735542734],[-84.24399995375609,46.715424335173566],[-84.2440075537075,46.71501233510982],[-84.24074215267827,46.715084735312196],[-84.23598105116817,46.71511493559561],[-84.23342845036015,46.71514423574957],[-84.2329427492415,46.707351634580306],[-84.23290964923109,46.70735243458231],[-84.2229377460237,46.70705563512032],[-84.22285794545435,46.70265593444857],[-84.22294204520666,46.70043623410233],[-84.22291924507452,46.699425433948214],[-84.22398724541411,46.699425733885796],[-84.22359714451113,46.69312273293928],[-84.2254214446555,46.68959683229022],[-84.22500384433138,46.68804763207634],[-84.22489284412234,46.68664093186641],[-84.22459304396169,46.6861117318026],[-84.22306164329524,46.684657431668384],[-84.22303364321355,46.684067931579335],[-84.222799242663,46.680212430999866],[-84.21957774164801,46.6802857311995],[-84.2117635384578,46.67456283077558],[-84.21157763839528,46.674535230782254],[-84.21140623832716,46.674424630775206],[-84.21119503822956,46.67417743074952],[-84.21108443816644,46.673950930721126],[-84.21117063815969,46.673674130673476],[-84.21138953819472,46.67339423061758],[-84.21193233831207,46.67294673051699],[-84.2126422384849,46.67251843040956],[-84.21335313866084,46.67211283030561],[-84.21393803881402,46.6718476302306],[-84.21458703898178,46.671535130144555],[-84.21507353910683,46.67129503007912],[-84.21562523924958,46.6710305300062],[-84.21604653935687,46.67081482994836],[-84.21639913943685,46.67055492988774],[-84.21671863950647,46.67029572982915],[-84.21690543953424,46.670039529778826],[-84.21702923955063,46.669853429742936],[-84.21717953955839,46.669529329684266],[-84.21725793952942,46.66909242961242],[-84.21723683946912,46.66865772954678],[-84.21705103935975,46.66824962949479],[-84.21676783922533,46.667889629455914],[-84.21648803910045,46.66759822942737],[-84.21607003891789,46.66719542938982],[-84.21558563871444,46.66679412935635],[-84.21509903850466,46.66634712931595],[-84.21454393826765,46.6658558292728],[-84.2140595380642,46.66545452923931],[-84.21360953787442,46.66507532920724],[-84.21309313766373,46.66469772917928],[-84.21263863746121,46.66422702913338],[-84.21222173728185,46.663847129099196],[-84.2115251369777,46.663175729036546],[-84.21100653676065,46.66275232900168],[-84.21062843660768,46.66248602898274],[-84.21007673638022,46.66206342894993],[-84.20963113620314,46.66177572893166],[-84.2091524360156,46.66148882891545],[-84.20874223585533,46.66124612890206],[-84.20833093569189,46.660980628885184],[-84.20812193560064,46.660779228866396],[-84.20774613545399,46.66055872885439],[-84.20747083534187,46.660358828839705],[-84.20723203524969,46.660226728833294],[-84.2069887351448,46.66000322881308],[-84.20681413506723,46.65982392879565],[-84.20667363500317,46.659666828779706],[-84.20653103493284,46.65946392875676],[-84.20638733485937,46.659238128730415],[-84.20624583479223,46.65905802871092],[-84.20613853473863,46.6589001286929],[-84.20602583466928,46.658627828657536],[-84.20594733461348,46.658377728623584],[-84.20583123453459,46.65803672857787],[-84.20564333441895,46.65758292851895],[-84.2054199342865,46.65708402845515],[-84.20520103416669,46.656676728405195],[-84.20481523399151,46.65625022836203],[-84.20446703383953,46.6559146283307],[-84.20401053363082,46.65539812827782],[-84.20359153344518,46.654972428236725],[-84.20327763330681,46.65465882820674],[-84.20293163316109,46.654368928182315],[-84.20258783302175,46.654124728164795],[-84.2023137329128,46.65394762815353],[-84.20207493282066,46.65381562814714],[-84.2016671326668,46.65361872814064],[-84.20058823228177,46.653276628150934],[-84.20025553217413,46.65326122816801],[-84.1998244320383,46.65327092819463],[-84.19919873185245,46.6533767282475],[-84.19880963175243,46.653568728299774],[-84.19842713167141,46.65389802837284],[-84.1981772316322,46.6542243284377],[-84.1979362316183,46.65473362853019],[-84.19762883158353,46.6552445286269],[-84.19731373152653,46.6555951286993],[-84.1971556314965,46.65575902873375],[-84.19692683143288,46.65583292875851],[-84.19659743133475,46.655886228785924],[-84.19596293112349,46.65580882881105],[-84.1952554308724,46.65559582881958],[-84.19451373060767,46.65536052882667],[-84.194070530437,46.65511862881529],[-84.1930426300285,46.65445462877299],[-84.19242142977072,46.653964728733804],[-84.1918710295465,46.65356482870435],[-84.19114822925107,46.65303132866433],[-84.19090402914313,46.65278492864066],[-84.19075922906647,46.652536228610764],[-84.1905758289636,46.652173828565665],[-84.19046322889427,46.65190152853028],[-84.19037932882271,46.65153692847899],[-84.19042802879292,46.65116942841956],[-84.19054302878403,46.65080032835597],[-84.19074992878438,46.65026882826198],[-84.1911491288284,46.64959562813497],[-84.19193632896928,46.648707527952176],[-84.19272452911328,46.64784232777289],[-84.19306952917127,46.647422327688005],[-84.19325522919591,46.647143227634174],[-84.19343882921429,46.64681842757344],[-84.19355602921172,46.64649512751677],[-84.19364122920192,46.64619542746561],[-84.19372192917945,46.64580422740059],[-84.19377832917183,46.64559682736536],[-84.19382822914524,46.64525212730932],[-84.19387362910601,46.644815927239485],[-84.19385932906482,46.64451852719447],[-84.19387262901832,46.64410592713012],[-84.19385612897082,46.643762727078204],[-84.19374122889518,46.64344462703588],[-84.19359102880276,46.64308152698866],[-84.19341092870934,46.642787826953956],[-84.1930960285679,46.64245142692051],[-84.19271152839603,46.64204772688075],[-84.19236672825359,46.64178062685967],[-84.19192032807345,46.64147002683789],[-84.19157782793738,46.641248726823754],[-84.191203227794,46.64105102681516],[-84.19082972765379,46.64087612681001],[-84.19055352753861,46.64065332679178],[-84.19041102746831,46.640450426768844],[-84.1903679274294,46.640245226739765],[-84.1903613274104,46.64010792671897],[-84.19041232738702,46.63978612666639],[-84.1904676273763,46.63955582662769],[-84.19052182736236,46.639302726585505],[-84.19054182733484,46.639027426541894],[-84.19059932733045,46.638842826510086],[-84.19062042730606,46.63859042646993],[-84.1907066272994,46.638313626422246],[-84.19076082728552,46.638060426380086],[-84.19081842728112,46.637875926348286],[-84.19090902728713,46.63769062631439],[-84.19099752728684,46.637459626273625],[-84.1910572272887,46.637320826248754],[-84.19105172727288,46.63720642623148],[-84.19116932722582,46.63651982611877],[-84.18022332374112,46.636471426749985],[-84.1721282211602,46.63640612721211],[-84.15098631441815,46.636230428417754],[-84.15067351431918,46.63623452843663],[-84.14669861305096,46.636196728662505],[-84.14447831234276,46.636177928788996],[-84.14328041196046,46.636165828856925],[-84.14215881160392,46.63616632892237],[-84.13459020918955,46.63610072935324],[-84.13392630897754,46.63609312939081],[-84.13359840887244,46.6360863294088],[-84.13102710805252,46.636066829555645],[-84.13033270783077,46.63605882959481],[-84.13023350779973,46.63606262960118],[-84.1281965071492,46.63603962971631],[-84.12657140663062,46.63602452980864],[-84.12565580634326,46.636055129866705],[-84.11290660228562,46.63602513060449],[-84.11228110208671,46.636025230640946],[-84.1092368011172,46.636013630816386],[-84.10866460093561,46.63601683085017],[-84.0972427972996,46.63598713151044],[-84.09721989729226,46.63598663151172],[-84.09228359568586,46.63568933175309],[-84.09123929535227,46.63567793181209],[-84.08840009444548,46.63564693197248],[-84.08663779388128,46.635616932070405],[-84.08144939223287,46.635632032374545],[-84.08086179204602,46.63563213240876],[-84.07588729046468,46.63564013269932],[-84.06757858782349,46.63565523318486],[-84.06567888721966,46.635659033295894],[-84.05682858441897,46.63578013382913],[-84.05679028440689,46.63578113383149],[-84.05644688518011,46.64298253496278],[-84.05526498480455,46.64298643503207],[-84.05550608638482,46.655249636909964],[-84.05551018641164,46.65545753694183]]]},"properties":{"OGF_ID":800493025,"TRAPLINE_AREA_NUMBER":"SS025","LOCATION_ACCURACY":"Within 50 metres","LOCATION_DESCR":null,"VERIFICATION_STATUS_FLG":"Verified","VERIFICATION_STATUS_DATE":886377600000,"BUSINESS_EFF_DATE_FLG":"Estimated","BUSINESS_EFFECTIVE_DATE":886377600000,"SYSTEM_CALCULATED_AREA":131207412.254,"SYSTEM_CALCULATED_LENGTH":59688.559,"GEOMETRY_UPDATE_DATETIME":1369827118000,"EFFECTIVE_DATETIME":1369818354000,"OBJECTID":38481}},{"type":"Feature","id":44417,"geometry":{"type":"Polygon","coordinates":[[[-83.9140819511641,46.73534395747217],[-83.9169403520268,46.734947057245144],[-83.91799435240821,46.735316257240825],[-83.9192962528369,46.7354269571823],[-83.92084705340498,46.73602635718461],[-83.921846853735,46.73611785714069],[-83.92531115488839,46.73651525700079],[-83.92666165538326,46.73703865700303],[-83.92811975597841,46.73809935708172],[-83.92834205607846,46.738336657105414],[-83.92850505623272,46.73916945722424],[-83.9295977567137,46.740248457326906],[-83.93256615777132,46.74115335729392],[-83.93502915850131,46.74070315708158],[-83.93736225931079,46.74123725702831],[-83.94061256032572,46.741063756812785],[-83.94361926133344,46.74146335669969],[-83.94624826213672,46.741179656503284],[-83.94812006279162,46.74165335646746],[-83.94903206313151,46.742052856476],[-83.95055866360667,46.741959456372896],[-83.95174476394347,46.74162285625218],[-83.95259306420786,46.74157395619533],[-83.95574276528824,46.74219455610792],[-83.95831736618712,46.742830056056114],[-83.96059286693622,46.74302315595359],[-83.96202476746228,46.74358905595745],[-83.9654218685886,46.74394195581436],[-83.96649366895561,46.744148155783776],[-83.96817796957018,46.74477945578303],[-83.96996027028875,46.74600215586758],[-83.97143107082597,46.74655795586764],[-83.9766580725573,46.74708795564523],[-83.9807643739427,46.74771005550214],[-83.98591597568563,46.74852955532863],[-83.98720887617773,46.7491798553535],[-83.98778857653255,46.75056075553221],[-83.98789127661166,46.750937255584184],[-83.98822127677205,46.75138535563395],[-83.9900829774581,46.75213765564138],[-83.99354137844725,46.7512191552988],[-83.99563787897343,46.7500662549994],[-83.99703037939831,46.749912754894794],[-83.99773757959478,46.74967825481754],[-83.9985873798629,46.74965595476465],[-83.99993138029353,46.749674554689314],[-84.00189458092109,46.7496900545774],[-84.006499182369,46.74953175428508],[-84.0120472840573,46.74888485386252],[-84.01260688421418,46.74871045380312],[-84.01349928446481,46.74843675370907],[-84.01545878507002,46.74828095357101],[-84.02267058729134,46.747658953055435],[-84.02337098749454,46.74749715298976],[-84.02643358829717,46.746091852595164],[-84.027967888751,46.74580775246212],[-84.02950058923756,46.74579355237065],[-84.03480759106522,46.74690335223223],[-84.04005499259614,46.74576125175088],[-84.04542979426341,46.745396251381564],[-84.04685669465928,46.744920151225195],[-84.0477007949142,46.744806951158594],[-84.05032149574402,46.74476655099967],[-84.05152069616763,46.74510345098156],[-84.05267289650499,46.74486325087748],[-84.05700829797081,46.745550850730524],[-84.05931959869109,46.7454213505759],[-84.06107699921424,46.74512455042782],[-84.06250599966502,46.74508925033904],[-84.06269919973383,46.745148150336846],[-84.06525000058102,46.74542965023143],[-84.06784400161209,46.74708925033538],[-84.0679755017121,46.74756065040017],[-84.06796270171279,46.74759905040688],[-84.07154740304223,46.749119650431616],[-84.07158450305411,46.74911985042948],[-84.07166080307982,46.749131350426765],[-84.07173700310408,46.74913155042238],[-84.07178290311359,46.749089850413306],[-84.07181340311762,46.74904395040444],[-84.07181340311234,46.74900125039787],[-84.07188960311359,46.74881465036474],[-84.07196610313368,46.74878005035497],[-84.07205740316275,46.74877985034963],[-84.07212610318369,46.748772350344424],[-84.07221770321105,46.748757550336826],[-84.07234000324706,46.74873395032606],[-84.07248490328817,46.748692950311344],[-84.0725610033105,46.748677450304505],[-84.07268320334653,46.74865385029373],[-84.07282810338846,46.74861955028004],[-84.073148403484,46.748567150253265],[-84.07338490355309,46.74851685023174],[-84.07371300364775,46.748437150200346],[-84.07401850374032,46.74839855017662],[-84.07427770382141,46.748387150159736],[-84.07454470390084,46.748341650137164],[-84.0748043039821,46.74833025012026],[-84.07508660406836,46.74830015009916],[-84.07530780413501,46.74826945008158],[-84.07555960421382,46.74825815006511],[-84.07578070428181,46.74823875004926],[-84.0758951043197,46.748250250044386],[-84.07609370438671,46.74828095003748],[-84.07615480440748,46.748291650035576],[-84.07631500445815,46.74828845002577],[-84.07639870447815,46.748234450012546],[-84.07651330451034,46.748199850000546],[-84.07656680452793,46.74820404999806],[-84.07665830455942,46.748222949995665],[-84.07674980459005,46.748235149992155],[-84.0768262046158,46.74824654998946],[-84.0770091046759,46.74826184998117],[-84.07715430472031,46.74824674997039],[-84.07732960477553,46.74824204995943],[-84.07744410481111,46.74823444995155],[-84.07765770487302,46.74818484993146],[-84.07785590493381,46.74816594991701],[-84.0780010049805,46.74816994990916],[-84.07824520505636,46.74815434989254],[-84.07840540510601,46.74814334988152],[-84.07861130517105,46.748138849868766],[-84.0788478052507,46.748174149860446],[-84.07903090531035,46.748184949851414],[-84.07921430537063,46.74820024984304],[-84.07948890546095,46.748223249830566],[-84.07961870550605,46.74825354982769],[-84.07984720558541,46.74830694982252],[-84.08019070570143,46.7483607498108],[-84.08031280574602,46.748406949810764],[-84.08047300580539,46.74847464981182],[-84.08059520585475,46.74855904981765],[-84.0806790058927,46.74865014982679],[-84.08080860594438,46.74873444983217],[-84.08099170601113,46.74880264983201],[-84.0811519060716,46.74887934983443],[-84.08135830614917,46.748975049837114],[-84.08154870622344,46.74908574984303],[-84.08170140628282,46.74917274984752],[-84.08186160634848,46.74929104985634],[-84.08202940641608,46.74940584986422],[-84.08222020649052,46.749516549870094],[-84.08234990653887,46.74957374987128],[-84.08247960658531,46.74961524987009],[-84.08265510664745,46.74966564986762],[-84.0828153067007,46.74968384986108],[-84.08292970673581,46.74967294985272],[-84.08309000678494,46.74965734984098],[-84.08328840684621,46.749641849827015],[-84.08347150689893,46.749596449809374],[-84.08361640693981,46.749554249794436],[-84.08377670698339,46.749493649775715],[-84.08392940702166,46.74940964975395],[-84.08406680705457,46.7493216497324],[-84.08422700709377,46.74922614970831],[-84.08435650712656,46.74915744969023],[-84.0845245071664,46.74904714966344],[-84.08464660718877,46.748913349635785],[-84.08477610720848,46.74873884960141],[-84.08480650720168,46.74860524957906],[-84.08479140717569,46.7484335495536],[-84.08482970716896,46.748280649527814],[-84.08486010716551,46.748174049509664],[-84.08492860717266,46.74805524948741],[-84.08486010713204,46.74790294946796],[-84.08482970710438,46.74775754944744],[-84.08479140708094,46.74766634943559],[-84.08476080705103,46.747502849412264],[-84.08470740701418,46.74734234939071],[-84.08463880696877,46.747151749365415],[-84.08454730690703,46.746887649330176],[-84.08450910686804,46.746670449299],[-84.08442530681319,46.746442049268744],[-84.08440990679279,46.74631644925034],[-84.08444030678676,46.74618964922909],[-84.0845318067962,46.74602964919911],[-84.0846083067975,46.74584314916599],[-84.08465410679,46.745664149135806],[-84.08473820679593,46.74549534910495],[-84.08484100681744,46.74540454908499],[-84.08487280682898,46.74541574908487],[-84.08497620684591,46.74528604905889],[-84.08503770685594,46.745208949043445],[-84.08513070688993,46.74524394904338],[-84.08554580704143,46.7454002490432],[-84.08574830711368,46.74546314904106],[-84.08600240720635,46.745558849040975],[-84.08619900726413,46.74551934902341],[-84.0865962073893,46.74550864899858],[-84.08679860746152,46.745571548996494],[-84.08720160760116,46.74566314898702],[-84.08755700773003,46.74579024898582],[-84.08776920782647,46.746023849009354],[-84.08827930801672,46.746249249014284],[-84.0885412081288,46.74648144903465],[-84.08900750831796,46.74681064905809],[-84.08941830847697,46.74703884906917],[-84.08967240856965,46.74713444906905],[-84.09002780869858,46.747261549067886],[-84.09053010886952,46.74735054905228],[-84.09098270902477,46.74744084903971],[-84.09128060911864,46.74743274902106],[-84.09183850931977,46.74762274901775],[-84.09203900938718,46.74765154901046],[-84.09278560962667,46.74766554896909],[-84.09317500973252,46.747518248923676],[-84.09326840974926,46.74741324890211],[-84.09356430983831,46.74737104887831],[-84.0940589099899,46.74732344884218],[-84.0943528100741,46.7472471488133],[-84.0949525102715,46.74729924878627],[-84.0952066103642,46.74739494878618],[-84.09547441049081,46.747729448821964],[-84.09570421063077,46.74827014889166],[-84.09539391061325,46.74892794901089],[-84.0947719104679,46.74935494911283],[-84.09414991032253,46.749781849214735],[-84.09357761019287,46.75020754931356],[-84.09325941015594,46.75072884941226],[-84.09322731018382,46.75103724946154],[-84.09319531021173,46.75134574951084],[-84.09331801030106,46.75175254956621],[-84.09358971043733,46.75215534961229],[-84.09385171054949,46.752387549632665],[-84.09455461078791,46.75250524960976],[-84.09560511113578,46.75261354956504],[-84.09610161129224,46.752600049534045],[-84.09649291140286,46.75248694949378],[-84.09688231150868,46.752339649448444],[-84.09740691162754,46.75194954935787],[-84.09779441172853,46.751768149307324],[-84.09803871179709,46.75169314928156],[-84.09858681197402,46.75171244925254],[-84.0997803123543,46.75171424918317],[-84.10017951248432,46.75173764916344],[-84.10047351256851,46.75166134913457],[-84.10060481257183,46.751350149079066],[-84.09992801229107,46.750821649037306],[-84.09922121204298,46.75063574905004],[-84.09891351192495,46.75047314904299],[-84.09860581180688,46.750310649035974],[-84.0974705113562,46.74958944899136],[-84.09701461108592,46.748576448862245],[-84.09683631096638,46.74806854879458],[-84.09673521089663,46.74776434875376],[-84.09678311086407,46.747377548691496],[-84.09700661088178,46.74694474861193],[-84.09699201084557,46.74668904857345],[-84.09783551105865,46.7462393484551],[-84.09869851132002,46.74613064838802],[-84.10146531227613,46.74673844831998],[-84.10264471271286,46.74723394832731],[-84.10308341281224,46.746907548251535],[-84.1031599128428,46.74695734825471],[-84.10298061226773,46.74276404762057],[-84.10294251213314,46.74177284747042],[-84.10281281173572,46.738888447034476],[-84.10248811101368,46.733877446282925],[-84.10008260961524,46.7287514456349],[-84.09994670947628,46.72797564552351],[-84.09980880933098,46.72715404540513],[-84.09964300919106,46.7264476453062],[-84.09944600904691,46.72578764521612],[-84.09924700889648,46.7250819451192],[-84.09908010875345,46.724352645016744],[-84.09884470858309,46.723579044911475],[-84.09856650837376,46.7226001447771],[-84.09828520815505,46.72155264463232],[-84.09805080798783,46.7208018445305],[-84.09796590790498,46.72034904446576],[-84.09686140727457,46.718087944182294],[-84.09624260681099,46.71592564388564],[-84.09509450610526,46.713164843527764],[-84.09118070431865,46.70877644308054],[-84.08915520336188,46.70624354280869],[-84.08769220275629,46.70510754271907],[-84.08718740258267,46.70500244273234],[-84.08372940100017,46.70108994233145],[-84.08111729976655,46.6978222419805],[-84.07937609894418,46.69564374174644],[-84.07802109838047,46.6945675416596],[-84.07614389757019,46.69283774150252],[-84.07386189645443,46.689672241147846],[-84.07194089553465,46.68716464087341],[-84.07143129531941,46.68673324083661],[-84.07138089519408,46.685844440702624],[-84.07126999508237,46.685222840613314],[-84.07157319515301,46.6850127405633],[-84.07190229522338,46.684732740500955],[-84.07213979523453,46.684208840406434],[-84.072328295253,46.68387074034336],[-84.07246759527787,46.68371294031092],[-84.07356729556497,46.683200740167976],[-84.07397059566912,46.68300424011424],[-84.07405649567902,46.68286244008742],[-84.07403009564183,46.682628040052805],[-84.07408389562585,46.682358840008206],[-84.07428909567082,46.6821935399708],[-84.07470299575292,46.68178973988448],[-84.0754413958852,46.680954239712726],[-84.07603629599997,46.68034763958459],[-84.07639549607008,46.679988039508316],[-84.076657896126,46.679763739458465],[-84.07683429616365,46.67961293942492],[-84.07719149623853,46.67929723935549],[-84.07726609624154,46.679128739325215],[-84.0771680961646,46.67875673927355],[-84.0768269959997,46.67829793922273],[-84.07655969586848,46.67792263918044],[-84.07649299582053,46.677705039150815],[-84.07642419577618,46.67752243912664],[-84.07631789571654,46.677312639100506],[-84.0761645956297,46.67700283906172],[-84.07605529554593,46.67660423900663],[-84.07600309549937,46.67636033897209],[-84.07600349546851,46.67610833893326],[-84.07600769540123,46.67555023884703],[-84.07583799531686,46.67530273881874],[-84.07571649525673,46.675128338798956],[-84.07563209521425,46.67500113878426],[-84.07568039520874,46.67483113875522],[-84.07573109519842,46.67461603871911],[-84.075811095191,46.67434833867322],[-84.07582499516344,46.674088138632285],[-84.07581299512744,46.67382633859267],[-84.07576139508,46.673573438556666],[-84.07577019506284,46.67341123853117],[-84.07585949506611,46.67320633849438],[-84.07600289508343,46.67297633845059],[-84.076182795118,46.672791438411586],[-84.07621389512536,46.6727707384066],[-84.07649459519169,46.67258393836146],[-84.07678219525313,46.672338838307],[-84.07698969529329,46.67212843826247],[-84.077007195289,46.67204813824904],[-84.0770840952871,46.6718334382115],[-84.07719559527753,46.671467038148535],[-84.07734009526212,46.670967038063054],[-84.07747719526205,46.670611238000205],[-84.07762779529384,46.670480037971224],[-84.07813399540447,46.670069237878444],[-84.07793669534438,46.67009143789333],[-84.07760709524517,46.670137437919614],[-84.07729129514915,46.67017403794368],[-84.07705579507456,46.67017703795783],[-84.07664239493184,46.67008583796787],[-84.07651629488136,46.67000143796215],[-84.07640019481079,46.669727837926786],[-84.07630939475068,46.66947373789288],[-84.07616579467464,46.66922673786318],[-84.07605849461692,46.669035037839855],[-84.07588009454972,46.6689498378371],[-84.07543819440338,46.66890323785561],[-84.07520999434438,46.66901393788602],[-84.07501169428619,46.66905413790375],[-84.0746538941833,46.669143637938326],[-84.07365859387001,46.66917153800058],[-84.071660393229,46.66912963811045],[-84.07152959318812,46.66913543811895],[-84.07124129309771,46.66914653813744],[-84.0706965929436,46.66930293819322],[-84.07037039286865,46.669537838248424],[-84.06988759280199,46.67024603838571],[-84.06945519269605,46.67050403845062],[-84.06896419255592,46.67063533849945],[-84.06867989248782,46.67081733854405],[-84.06860529248492,46.67098693857454],[-84.06841299244525,46.671162038612756],[-84.06813339236754,46.671253938643154],[-84.06781949229753,46.671497438698985],[-84.06752769224354,46.671813538764646],[-84.0671811921775,46.67217383884036],[-84.06693879214606,46.67254593891181],[-84.06691179216948,46.67280653895362],[-84.06666899213887,46.67318663902631],[-84.06638929209103,46.673521439094216],[-84.06608539203097,46.673819939157895],[-84.06502359178816,46.67459423933903],[-84.06447069165023,46.67490383941897],[-84.06445719164691,46.67491203942097],[-84.06384829149994,46.6752929395151],[-84.06374069150179,46.67558713956675],[-84.06341689154037,46.676739939763266],[-84.0632205915369,46.6772200398487],[-84.06298759148751,46.67742193989335],[-84.06184229122881,46.6782829400927],[-84.0616862911776,46.678270240099806],[-84.06145439109527,46.67820104010264],[-84.06117589098587,46.6780319400928],[-84.06076999082882,46.677805440081514],[-84.06040889070171,46.67770594008723],[-84.05997039054863,46.67759614009582],[-84.05945909035995,46.677384840093],[-84.0591761902591,46.67729684009589],[-84.05895519015588,46.677029340067534],[-84.05881649007048,46.6766933400238],[-84.05871698999752,46.676357339977805],[-84.0585637899107,46.676047539938985],[-84.0583448898039,46.675745139905096],[-84.05811988970954,46.67555993988961],[-84.05775178956678,46.675351539878946],[-84.05720518938674,46.67530203990307],[-84.05680648926186,46.67531863992888],[-84.0569553891189,46.67376873968132],[-84.05606528830569,46.66945293906774],[-84.05605278827449,46.66923073903423],[-84.05617028821585,46.6684487389068],[-84.05598378810248,46.668008638849805],[-84.05579738798912,46.66756853879278],[-84.05562968792262,46.667461738786066],[-84.05530688782096,46.66747033880617],[-84.05481648765286,46.66737223881956],[-84.05464878758634,46.6672654388129],[-84.05417088744952,46.66738943885978],[-84.0538668873947,46.667731438930254],[-84.05356288733996,46.6680733390006],[-84.05325268726956,46.668304139054236],[-84.05260708706616,46.66832143909448],[-84.05211658689804,46.66822323910783],[-84.05125958651884,46.66735593902398],[-84.05071288621005,46.66625783888648],[-84.05000478585046,46.66516403875897],[-84.04869488539686,46.66486513878903],[-84.04739128495895,46.664677338835894],[-84.04555988425919,46.66372473879549],[-84.04453538381364,46.66275053870484],[-84.0441564835714,46.661759238573964],[-84.04457818356774,46.6606352383761],[-84.04387398316237,46.6591572381891],[-84.04222148263693,46.659161438285814],[-84.04218788262627,46.65916153828782],[-84.04160068243957,46.65916293832212],[-84.04158668243511,46.65916303832299],[-84.02969257865308,46.659192139018785],[-84.02936667854945,46.659192939037865],[-83.99903376890187,46.65926144081043],[-83.99846376872057,46.65926274084375],[-83.97226026038362,46.65931524237274],[-83.97232926043502,46.65955564240585],[-83.97244586051953,46.6599426424588],[-83.97252536058105,46.66023874249991],[-83.97264306066873,46.66064864255631],[-83.97273756077708,46.66128804264953],[-83.97286736090216,46.661972442747626],[-83.97295686099493,46.66249744282345],[-83.9730876611232,46.66320484292503],[-83.97321946125459,46.663935043030094],[-83.97332106138482,46.664734643147575],[-83.97324186150841,46.665950243339736],[-83.97302586157758,46.66707704352616],[-83.9727685616113,46.668021443686804],[-83.97250226161695,46.66875984381624],[-83.97225996160488,46.669291643912324],[-83.97189716158843,46.670100744058246],[-83.97156246156683,46.67079484418474],[-83.97116536153675,46.67158174432918],[-83.97080346152337,46.672413744478554],[-83.97037726149532,46.67329294463898],[-83.97007866149355,46.674054944773815],[-83.96975596150945,46.67502354494201],[-83.96952576153487,46.67582994507975],[-83.96929456155726,46.676613445214045],[-83.9691276615943,46.67734984533733],[-83.96898796162314,46.67794824543775],[-83.96878686164656,46.67866244555959],[-83.96829826161004,46.679634445737875],[-83.96787496159133,46.68058224590866],[-83.9676406616043,46.681297146032506],[-83.96717406154389,46.682016746170625],[-83.96648426143814,46.68294714635418],[-83.96583256135851,46.683991246553035],[-83.96543126131594,46.68468664668357],[-83.96500186127845,46.6854971468335],[-83.96470016126729,46.6861904469579],[-83.96439946125933,46.68690664708581],[-83.96426266129751,46.68757374719666],[-83.96431796137674,46.688076447270966],[-83.96432796138252,46.68809754727364],[-83.96414996131804,46.68803414727422],[-83.96289986086119,46.68755584727297],[-83.96185096047353,46.68711924726652],[-83.96114086021261,46.6868360472641],[-83.96053045998316,46.686550747255495],[-83.96002355979769,46.686355047254736],[-83.95954985962273,46.68615854725194],[-83.95890925939219,46.68594264725583],[-83.95850595925067,46.685836347262814],[-83.95803635908824,46.68573144727389],[-83.95773565898756,46.685691847285256],[-83.95524655820086,46.685742747437494],[-83.95451835797626,46.685803447489135],[-83.95368965771715,46.68584324754338],[-83.95279355743392,46.68586154759818],[-83.95206745721562,46.685967947656756],[-83.95157355707074,46.686069647701075],[-83.9510183569205,46.68628714776683],[-83.9505607567955,46.68645684781957],[-83.95027005672605,46.686645947865614],[-83.95001345667022,46.68685734791305],[-83.9497237566039,46.687069447962585],[-83.94933845651859,46.687375048032116],[-83.94904875645227,46.68758704808161],[-83.94888985642164,46.687750648116065],[-83.94883045642253,46.68791224814445],[-83.94864925641578,46.68832814821913],[-83.94856465643113,46.68867344827728],[-83.9485574565018,46.68926914836953],[-83.94852005657138,46.6899341484743],[-83.94857995675873,46.69130724868262],[-83.94867235686094,46.69190084876875],[-83.94872555693387,46.69235784883617],[-83.94881285702044,46.692837048904984],[-83.94884785712978,46.69363804902651],[-83.9488276571599,46.69393624907362],[-83.94874305717522,46.69428154913177],[-83.94856085716538,46.69467464920297],[-83.94834345713876,46.69502264926928],[-83.9479721570972,46.69564864938737],[-83.94746895701671,46.696300149517036],[-83.94699605693742,46.69688244963423],[-83.94635805680868,46.69749094976508],[-83.94597365672651,46.69781944983804],[-83.94549365662525,46.69824154993099],[-83.94491215648637,46.69861985002309],[-83.94391395625779,46.699350150193595],[-83.94333535612823,46.69979715029608],[-83.94310895607347,46.69993915033112],[-83.94249615593027,46.700363950432205],[-83.94204235581768,46.70062505049878],[-83.94132395562424,46.7009145505851],[-83.94093155551701,46.701059950630295],[-83.9404053553647,46.701185150680146],[-83.93994255522396,46.70124035071547],[-83.93918195499192,46.70132455077259],[-83.93805325463507,46.70134745084166],[-83.93685705425398,46.70134875091126],[-83.93535815376599,46.70126465098521],[-83.93405645333472,46.70113065104006],[-83.93278695291086,46.70097315108943],[-83.93144915245978,46.70077115113589],[-83.93008005200436,46.70061565119133],[-83.92851375149223,46.7005098512659],[-83.92705005102097,46.700470751344795],[-83.92612055072696,46.70048945140156],[-83.92542735051899,46.70059505145804],[-83.92447045023322,46.70075185153773],[-83.92216044954202,46.701119051728305],[-83.92136854930558,46.70124955179437],[-83.9208081491396,46.701352451842745],[-83.92011694893782,46.70150375190612],[-83.91892964858482,46.70171095200695],[-83.91780574824335,46.70184805209323],[-83.91688014796188,46.70195825216397],[-83.91621714775498,46.701994552207985],[-83.91465674726142,46.702025852303265],[-83.9138238469896,46.70197385234356],[-83.91322424679436,46.701940152373105],[-83.91272134662125,46.70183565238619],[-83.91204754638005,46.70162015239199],[-83.91140784615253,46.70142685239929],[-83.91070674591953,46.701349252427974],[-83.90970584558892,46.70125485247141],[-83.90894124534431,46.70124725251455],[-83.90817964510899,46.70130835256813],[-83.90758504492932,46.701388952615005],[-83.906727744675,46.701543552688584],[-83.90547494430398,46.70177475279685],[-83.90395664384897,46.70201125292135],[-83.90279754349069,46.70210315300268],[-83.90173904316707,46.70221585308146],[-83.9007470428645,46.702327353156164],[-83.89889754230748,46.70259325330435],[-83.89757344189988,46.70271135339932],[-83.89554824125919,46.70275165352287],[-83.89491544105339,46.702718453554446],[-83.8942836408507,46.70270815358943],[-83.89361774063443,46.70267555362299],[-83.89288434039399,46.702621453657144],[-83.89248204025549,46.70253785366757],[-83.89194594007188,46.702433953682615],[-83.89147243989684,46.70223725367971],[-83.89069413960851,46.7019091536742],[-83.89004583935298,46.70150975365018],[-83.88919053900948,46.700931253610456],[-83.88830003864928,46.700307553565835],[-83.88741443830462,46.69979835353857],[-83.88686383807436,46.699351153501496],[-83.88627603782112,46.69881315345253],[-83.8857538375858,46.69825085339606],[-83.88513193731897,46.697690553345645],[-83.88447493703546,46.6970851532903],[-83.88395173679707,46.69649995323025],[-83.88339233653879,46.69584685316193],[-83.88290523632024,46.69532965311037],[-83.88245333611846,46.69485765306369],[-83.8819320358863,46.69431825301063],[-83.88147913568132,46.693823252960456],[-83.8807851353749,46.693126952893245],[-83.88005413504561,46.69233975281405],[-83.87942273474776,46.69155055272885],[-83.87886343448963,46.690897452660465],[-83.87840963428162,46.690379552606785],[-83.8780212340915,46.689837552545626],[-83.87752553384507,46.68911435246273],[-83.8770914336041,46.688275452358376],[-83.87669333338296,46.68750455226242],[-83.87636653319832,46.686846752179804],[-83.87610323302545,46.68611905208275],[-83.87594243289338,46.68545795199002],[-83.87578543277371,46.684888451911206],[-83.8756684326863,46.684478451854666],[-83.87555243260202,46.684091351801655],[-83.8753027324726,46.683684051753225],[-83.87508713235681,46.68329885170621],[-83.87470653219165,46.682939951672864],[-83.87446553209018,46.682738551655724],[-83.87422643199497,46.68258295164553],[-83.873885831862,46.68238345163443],[-83.87347693170189,46.68213965162049],[-83.87296753150714,46.68187485160909],[-83.87256053135313,46.68167665160204],[-83.87202083115722,46.68148115160306],[-83.8716831310336,46.681350451602434],[-83.87124693088158,46.68124445161137],[-83.87081253073579,46.681184351627195],[-83.87021423054368,46.6811732516601],[-83.86828932993471,46.68121105177738],[-83.86719892960373,46.681347051861465],[-83.86610952927583,46.68150595194901],[-83.86541922907698,46.68167985201581],[-83.86469782887394,46.681900152091586],[-83.86411102871905,46.682163652166246],[-83.86339722854082,46.68256705226982],[-83.86297822844459,46.682873052341314],[-83.86246742834177,46.683364052446706],[-83.86185992821672,46.68392565256851],[-83.86121632807179,46.684419352681985],[-83.86067032795222,46.6848652527824],[-83.86022392786414,46.68530915287676],[-83.85974912778106,46.685868152990544],[-83.85952742774171,46.686124453042986],[-83.85931332772712,46.68656385312317],[-83.85909832770943,46.68698035319993],[-83.85894292769107,46.68723535324827],[-83.85859412762831,46.687631653329646],[-83.85805092751795,46.68814615344051],[-83.85782632746928,46.68833375348242],[-83.85723842731123,46.68857435355363],[-83.85667992715126,46.68872275360885],[-83.85565862685047,46.688925953699304],[-83.85490002662443,46.68905535376316],[-83.85437272646877,46.68915725380941],[-83.85407682638349,46.689231753838015],[-83.85352212623593,46.68947165390715],[-83.85306702611994,46.689709553970204],[-83.85264792602365,46.6900155540417],[-83.85239102596758,46.690226754089196],[-83.85210572591645,46.69055295415602],[-83.85191512588133,46.69076285419947],[-83.85175782585672,46.69097205424083],[-83.85150282580682,46.69122895429526],[-83.8510933257416,46.69176375440154],[-83.85087722572081,46.69215735447479],[-83.85072462571166,46.69248105453354],[-83.85058352573978,46.6930793546341],[-83.85046612574743,46.69344805469775],[-83.85032602577867,46.694069254801775],[-83.85014882578697,46.69459955489392],[-83.8498590258184,46.695612955067084],[-83.849656225841,46.696326955189036],[-83.84944592583882,46.696857855283135],[-83.84914552583614,46.697619655418066],[-83.8488080258105,46.698290455541155],[-83.84836532573483,46.698825855649375],[-83.84791962564975,46.69929265574724],[-83.8475062255721,46.69973595583955],[-83.84706152549015,46.70022565594086],[-83.84668702544158,46.70080555605201],[-83.84650692544061,46.70126715613366],[-83.84639512546681,46.70177325621824],[-83.8465234255914,46.70245785631645],[-83.84663932567571,46.70284495636949],[-83.84681962577483,46.70318505641155],[-83.84716412592024,46.70347605643653],[-83.84764422611705,46.703833256463874],[-83.84825242634035,46.70407325646571],[-83.84862622648392,46.70427215647479],[-83.8492686267208,46.704534456478044],[-83.84997542697259,46.704749756470385],[-83.85061682720644,46.7049891564702],[-83.8513891274761,46.70518025645499],[-83.85189482765853,46.70535355645243],[-83.85222972777298,46.70541575644264],[-83.85266812793131,46.70556755644071],[-83.85303912806557,46.70569765643929],[-83.85348032823325,46.70591815644778],[-83.85375462834527,46.70611885646288],[-83.8540346284759,46.70645695649885],[-83.85421212856572,46.706728356530434],[-83.85436132866057,46.70711485658141],[-83.85437662871023,46.707481056637036],[-83.85426492873653,46.70798715672159],[-83.85414652874111,46.70833295678179],[-83.85399202872583,46.70861085683363],[-83.85370662867473,46.70893715690047],[-83.85305782851417,46.70931625699648],[-83.85256842838449,46.70953195705812],[-83.85214052826021,46.709631957098324],[-83.85141482804454,46.709760657160196],[-83.85091762788997,46.70979325719401],[-83.84968712749483,46.70977145726185],[-83.84875732720053,46.70978965731848],[-83.84749172678868,46.70972275738138],[-83.84629052639163,46.70960865743333],[-83.845622626169,46.709530057459865],[-83.84428292571128,46.70928135749899],[-83.84330752536606,46.70900255751243],[-83.84229602500102,46.70865575751746],[-83.84132072465586,46.70837695753089],[-83.84061192439788,46.70811585753163],[-83.83960242403907,46.70781485754356],[-83.83875992373598,46.707533457548884],[-83.83788322341915,46.70722975755279],[-83.8371090231433,46.70699285756102],[-83.83643642290511,46.70679975757014],[-83.83599992275296,46.70669375757901],[-83.83552842258408,46.706542557582985],[-83.83458822225562,46.706308757601285],[-83.83354562188633,46.70600835761523],[-83.83287012163888,46.70574655761393],[-83.83226292141865,46.70552925761549],[-83.83182272125408,46.70533165761048],[-83.83148212112104,46.70513215759939],[-83.83104192095651,46.70493445759434],[-83.83002872058536,46.70454185759237],[-83.82955442040719,46.70432195758587],[-83.82908102023207,46.70412495758283],[-83.82870822009168,46.70394895757722],[-83.8282690199302,46.703774157575666],[-83.82799671982438,46.70361905756747],[-83.82775861973222,46.703486257560705],[-83.82748731962953,46.703354057556],[-83.82721411952066,46.70317615754435],[-83.82677391935609,46.7029784575393],[-83.82626921917674,46.70282785754527],[-83.82573331899304,46.70272375756019],[-83.82513471880071,46.70271235759306],[-83.82457121862511,46.70274615763085],[-83.82400961845572,46.70282575767559],[-83.82371461837346,46.70292305770767],[-83.82338821828696,46.70306675774874],[-83.82306471820968,46.703279157800225],[-83.82287401817452,46.70348895784365],[-83.82262351813995,46.70386025791542],[-83.82250401814132,46.70418325797217],[-83.82242911815726,46.704509558026885],[-83.82233501817738,46.70491945809557],[-83.82215561827728,46.70620555830446],[-83.82220001842295,46.7072812584679],[-83.82239731857774,46.70803325857251],[-83.8225500186849,46.70851135863748],[-83.82284311885891,46.709169958722164],[-83.82323291905513,46.70975795879037],[-83.8236551192588,46.71032245885306],[-83.82410951946984,46.71086335891027],[-83.82469581971992,46.7113788589559],[-83.82541882002445,46.7119833590073],[-83.82640832041619,46.71260555904609],[-83.8272575207411,46.71304725906513],[-83.82786572096447,46.713287459067],[-83.82860392122063,46.713456459050356],[-83.82947682152508,46.713668559032634],[-83.83048352187464,46.71390105901025],[-83.83142572220937,46.71418055899883],[-83.83240502256707,46.71455105899936],[-83.83355602299592,46.71505555901059],[-83.83487402348051,46.71557965901517],[-83.83609332393655,46.71612865902929],[-83.83708032431912,46.716682159057584],[-83.8377294245779,46.71710475908519],[-83.83831972484046,46.71771165914466],[-83.83880942506838,46.7182977592067],[-83.83923372527835,46.71890785927626],[-83.8395926254705,46.719542259353375],[-83.83984992562482,46.72013275942955],[-83.8400056257414,46.72067945950482],[-83.84020122589021,46.72138575960243],[-83.84029152598887,46.721956559685275],[-83.84034862607704,46.72252805977009],[-83.84044312638451,46.72479386011404],[-83.84058092654031,46.72570736024695],[-83.84074152667249,46.726368460339614],[-83.84097612685052,46.727211360456],[-83.84131132706324,46.72807526056983],[-83.84164562727287,46.72891616068009],[-83.8420454275004,46.7297329607829],[-83.84248232775094,46.73064066089757],[-83.84297602799144,46.731318260973474],[-83.84342702819033,46.731767561016596],[-83.84401372844069,46.73228296106211],[-83.84463462870463,46.73282056110902],[-83.84528022895111,46.73315156112269],[-83.8458640291921,46.73359826115774],[-83.84665012950552,46.73410976119108],[-83.84750172983694,46.73459706121685],[-83.84828603014417,46.73506276124323],[-83.84899893041481,46.73541536125628],[-83.84981073071395,46.73574306125977],[-83.8504192309375,46.73598316126154],[-83.85085973110226,46.73618066126648],[-83.85143413131222,46.736398561266775],[-83.85197533151162,46.73661696126909],[-83.85258673174447,46.736925661281276],[-83.85326363199533,46.737210261285924],[-83.85390933224188,46.73754116129949],[-83.85462433251882,46.73793946131951],[-83.85517023273374,46.73827236133918],[-83.8558198329928,46.738694861366675],[-83.85637443323577,46.7392336614176],[-83.85692433346323,46.7396581614511],[-83.85726813360579,46.739926261472526],[-83.85760613372965,46.74005706147313],[-83.85811123390924,46.74020746146703],[-83.85871503411722,46.740333061451395],[-83.85952203440083,46.740546361437495],[-83.86022753464671,46.740715761422734],[-83.86088463488208,46.74092616141709],[-83.8622763354269,46.74174856146318],[-83.86293293570719,46.74232596151411],[-83.86368803603021,46.74299576157352],[-83.86427893628388,46.7435268616211],[-83.86496753658561,46.744196061684285],[-83.86552323684487,46.7448643617551],[-83.86594573706434,46.745554561836954],[-83.86613903717954,46.745991161893016],[-83.86639593734041,46.746634361977236],[-83.86661803750417,46.747391862081024],[-83.86680493767358,46.748286562208044],[-83.86699253783758,46.749135362327934],[-83.86724303805262,46.75023666248305],[-83.86746133824896,46.75126896262942],[-83.86761123844028,46.752438262800865],[-83.86779563863135,46.75351616295619],[-83.86811273886777,46.7546178631075],[-83.86843293907704,46.755490663223384],[-83.8688213392941,46.7562492633177],[-83.86911413944402,46.756709463371614],[-83.86944143959371,46.7570783634094],[-83.86957493972764,46.75782226351625],[-83.87188014042673,46.757525563336834],[-83.87438594102508,46.75588756293932],[-83.87462524107967,46.75571056289817],[-83.87593494140732,46.754975662709036],[-83.87764784188771,46.754437562526796],[-83.87900704219449,46.75340436228886],[-83.88042394259239,46.75296366213879],[-83.88218854299737,46.75167726183834],[-83.8828443430587,46.750472761614766],[-83.88458684349642,46.74951076136557],[-83.88742524427487,46.74847616104156],[-83.8889686447635,46.74844616094742],[-83.88952034491346,46.74823426088278],[-83.89057744512249,46.74719056066068],[-83.89033324490504,46.746053660499776],[-83.89062884492661,46.745461260391345],[-83.89331274554229,46.74350335993406],[-83.89617224640675,46.74311595970854],[-83.89719304646185,46.740912159309815],[-83.89971234700887,46.73882325884188],[-83.90023974715558,46.738647958784235],[-83.90177404765113,46.73869895870315],[-83.903323048095,46.73829065855037],[-83.90419604836407,46.73821445848797],[-83.90777764931494,46.736656458040144],[-83.91039355011445,46.73637395784482],[-83.91182675049627,46.735761457667316],[-83.9140819511641,46.73534395747217]]]},"properties":{"OGF_ID":800493026,"TRAPLINE_AREA_NUMBER":"SS036","LOCATION_ACCURACY":"Within 50 metres","LOCATION_DESCR":null,"VERIFICATION_STATUS_FLG":"Verified","VERIFICATION_STATUS_DATE":886377600000,"BUSINESS_EFF_DATE_FLG":"Estimated","BUSINESS_EFFECTIVE_DATE":886455738000,"SYSTEM_CALCULATED_AREA":137874035.181,"SYSTEM_CALCULATED_LENGTH":70128.716,"GEOMETRY_UPDATE_DATETIME":1369827118000,"EFFECTIVE_DATETIME":1369818354000,"OBJECTID":44417}},{"type":"Feature","id":44497,"geometry":{"type":"Polygon","coordinates":[[[-83.9985873798629,46.74965595476465],[-83.99773757959478,46.74967825481754],[-83.99703037939831,46.749912754894794],[-83.99563787897343,46.7500662549994],[-83.99354137844725,46.7512191552988],[-83.9900829774581,46.75213765564138],[-83.98822127677205,46.75138535563395],[-83.98789127661166,46.750937255584184],[-83.98778857653255,46.75056075553221],[-83.98720887617773,46.7491798553535],[-83.98591597568563,46.74852955532863],[-83.9807643739427,46.74771005550214],[-83.9766580725573,46.74708795564523],[-83.97143107082597,46.74655795586764],[-83.96996027028875,46.74600215586758],[-83.96817796957018,46.74477945578303],[-83.96649366895561,46.744148155783776],[-83.9654218685886,46.74394195581436],[-83.96202476746228,46.74358905595745],[-83.96059286693622,46.74302315595359],[-83.95831736618712,46.742830056056114],[-83.95574276528824,46.74219455610792],[-83.95259306420786,46.74157395619533],[-83.95174476394347,46.74162285625218],[-83.95055866360667,46.741959456372896],[-83.94903206313151,46.742052856476],[-83.94812006279162,46.74165335646746],[-83.94624826213672,46.741179656503284],[-83.94361926133344,46.74146335669969],[-83.94061256032572,46.741063756812785],[-83.93736225931079,46.74123725702831],[-83.93502915850131,46.74070315708158],[-83.93256615777132,46.74115335729392],[-83.9295977567137,46.740248457326906],[-83.92850505623272,46.73916945722424],[-83.92834205607846,46.738336657105414],[-83.92811975597841,46.73809935708172],[-83.92666165538326,46.73703865700303],[-83.92531115488839,46.73651525700079],[-83.921846853735,46.73611785714069],[-83.92084705340498,46.73602635718461],[-83.9192962528369,46.7354269571823],[-83.91799435240821,46.735316257240825],[-83.9169403520268,46.734947057245144],[-83.9140819511641,46.73534395747217],[-83.91182675049627,46.735761457667316],[-83.91039355011445,46.73637395784482],[-83.90777764931494,46.736656458040144],[-83.90419604836407,46.73821445848797],[-83.903323048095,46.73829065855037],[-83.90177404765113,46.73869895870315],[-83.90023974715558,46.738647958784235],[-83.89971234700887,46.73882325884188],[-83.89719304646185,46.740912159309815],[-83.89617224640675,46.74311595970854],[-83.89331274554229,46.74350335993406],[-83.89062884492661,46.745461260391345],[-83.89033324490504,46.746053660499776],[-83.89057744512249,46.74719056066068],[-83.88952034491346,46.74823426088278],[-83.8889686447635,46.74844616094742],[-83.88742524427487,46.74847616104156],[-83.88458684349642,46.74951076136557],[-83.8828443430587,46.750472761614766],[-83.88218854299737,46.75167726183834],[-83.88042394259239,46.75296366213879],[-83.87900704219449,46.75340436228886],[-83.87764784188771,46.754437562526796],[-83.87593494140732,46.754975662709036],[-83.87462524107967,46.75571056289817],[-83.87438594102508,46.75588756293932],[-83.87188014042673,46.757525563336834],[-83.86957493972764,46.75782226351625],[-83.86944793968915,46.75783856352611],[-83.86694393900507,46.75877436381545],[-83.86546513853558,46.758793463904105],[-83.86421703812793,46.75871666396467],[-83.86272373771129,46.7592040641263],[-83.85967003676173,46.75940646433448],[-83.85796123626255,46.75978216449141],[-83.85659753573216,46.75900626445096],[-83.85451493497571,46.75825736445636],[-83.85167993390414,46.75689706441116],[-83.84809943277915,46.757040264640686],[-83.84725203251844,46.75711946470201],[-83.84693913242874,46.757202164732874],[-83.84673703237823,46.757316264762125],[-83.84640823229273,46.757474364805546],[-83.84617843223849,46.75762996484281],[-83.84596853219051,46.75778506487891],[-83.84569073212447,46.75796916492335],[-83.8454598320674,46.75810436495755],[-83.84524003201629,46.75825976499421],[-83.84501913196237,46.758394665027836],[-83.84468293188218,46.75861556508132],[-83.84448173183179,46.75872856511039],[-83.84427963178963,46.758910365150115],[-83.84407493176909,46.75927526521815],[-83.84383563174869,46.759731665302326],[-83.84353073169888,46.760118765379644],[-83.84285923154016,46.76057186548837],[-83.84128963109686,46.76104126565159],[-83.83925633049104,46.76139266582352],[-83.83782463004965,46.76151936592601],[-83.83599602946435,46.76150566602983],[-83.83523032922771,46.7615686660839],[-83.83483102910276,46.76158866611011],[-83.83449692900983,46.76170066614668],[-83.83366072878434,46.76203796624709],[-83.83325972867284,46.76217236629105],[-83.8331593286463,46.762217466303795],[-83.8328893285936,46.76249026636146],[-83.83248262852807,46.763014066465686],[-83.832209928497,46.76347016655176],[-83.83179952846115,46.764245866695035],[-83.83128712841237,46.765181166868764],[-83.83094682836806,46.76570546696922],[-83.83063922833986,46.766275767074866],[-83.8303322283062,46.76680026717349],[-83.8300924282885,46.76727946726115],[-83.82988752826785,46.76764446732923],[-83.82954932820736,46.768031267408375],[-83.82887522806743,46.76864466754195],[-83.82803382788242,46.76932546769553],[-83.82675882756982,46.77009466788781],[-83.82545112724112,46.770817768074956],[-83.82417832690948,46.77142656824246],[-83.8229717266019,46.77205886840974],[-83.82196632634465,46.77257806854792],[-83.82082752604752,46.77311906869719],[-83.81761192520906,46.77465226911955],[-83.81583842473113,46.7753716693331],[-83.81419722430118,46.77613786954615],[-83.81235612381003,46.77692546977407],[-83.81111662348621,46.77751156993609],[-83.81027942326591,46.77789447004356],[-83.80974242313332,46.77821107012336],[-83.80923942300592,46.77848207019424],[-83.8090042229503,46.77864057023226],[-83.80880122291342,46.77886807027905],[-83.80859752288185,46.77914137033292],[-83.80849362288234,46.77941547038118],[-83.80845722289598,46.779621370415015],[-83.80838762289902,46.77982697045066],[-83.80836172310153,46.78154467071669],[-83.8084207231823,46.78204907079093],[-83.80844672324965,46.7825302708635],[-83.8085067233223,46.78296597092712],[-83.80856632339761,46.78342457099429],[-83.80869112350506,46.78397527107181],[-83.80887862366353,46.78477847118462],[-83.80906542382739,46.7856273713045],[-83.8094161240634,46.786637971439795],[-83.80983482431003,46.7875574715571],[-83.81025522454308,46.78836237165666],[-83.81051342469048,46.78889117172308],[-83.81086932488603,46.78955817180515],[-83.81119162507363,46.79024787189266],[-83.8114169252077,46.79075357195742],[-83.8117732254006,46.79139767203594],[-83.81206302557216,46.792041272118205],[-83.81228732571434,46.792615572193604],[-83.81261242588037,46.79312207225273],[-83.81293832604102,46.79358267230474],[-83.81329562622582,46.7941580723726],[-83.81352202635176,46.79459497242667],[-83.8135807264353,46.79512227250447],[-83.81357352649206,46.795603272578894],[-83.81330082645822,46.796036372661376],[-83.81289642637093,46.79637687273719],[-83.8124934262728,46.796625772798826],[-83.81195742613207,46.79687357286802],[-83.81148812600986,46.797099072929925],[-83.81102072587424,46.797209972974045],[-83.81032032566402,46.7973191730315],[-83.80965492545089,46.79731407306926],[-83.80922312530694,46.79726487308667],[-83.80892432520562,46.79721677309662],[-83.80865852511765,46.79719187310815],[-83.80842672503496,46.797121373110755],[-83.80819522494957,46.79702787310978],[-83.80789682484553,46.79695687311616],[-83.80743382467476,46.79677007311423],[-83.80687202446383,46.79651377310727],[-83.80657462435167,46.79637407310306],[-83.80627942422336,46.796096873077445],[-83.80601802410025,46.79577417304296],[-83.80545972386233,46.795288873000636],[-83.804703623547,46.794687472951814],[-83.80388052321302,46.79410847291042],[-83.80302182288736,46.79368947289565],[-83.80236002264719,46.793455272897965],[-83.80119802225532,46.79328587293919],[-83.80049942203154,46.793280472978815],[-83.799532921736,46.79338747305126],[-83.79873172150185,46.793564473124924],[-83.79799672129177,46.7937649731983],[-83.79742842113222,46.79394377325876],[-83.79709292104724,46.79412437330601],[-83.79679032097562,46.794328173354906],[-83.79655222094155,46.79466987342127],[-83.79627942090761,46.795102973503745],[-83.79610752089755,46.795468173569894],[-83.79610122094616,46.79588047363372],[-83.79629522105328,46.79624847367916],[-83.79645772113626,46.7965016737087],[-83.79688322132884,46.79696317375513],[-83.7972425214974,46.797401173801696],[-83.79770132170061,46.79786287384619],[-83.79812722189055,46.798301373889],[-83.79848832204559,46.798624873917895],[-83.7989481222407,46.799017873951726],[-83.79927562238784,46.79936397398602],[-83.79963392256452,46.79987077404323],[-83.79989282270657,46.8003537741026],[-83.79998602278987,46.800789674164314],[-83.79997872284663,46.80127067423872],[-83.79980572284467,46.80170457431554],[-83.7997353228531,46.80195597435828],[-83.79963062285894,46.80227587441358],[-83.7995256228675,46.80261867447243],[-83.79945352288942,46.802984574532935],[-83.79943992299484,46.80387777467111],[-83.79953382307279,46.80426797472574],[-83.79982662322001,46.804705374776084],[-83.80031772344213,46.80523607482932],[-83.8009087236962,46.80576747487683],[-83.80183002407581,46.806461874930285],[-83.80278522446059,46.80711057497474],[-83.80393982491215,46.807783875011445],[-83.80542582548111,46.80855117504333],[-83.8069469260473,46.80920427505568],[-83.8080385264505,46.809647975060685],[-83.80879912673356,46.80997447506679],[-83.80995862714722,46.810326975053826],[-83.81125062760904,46.81072627504039],[-83.81260982808666,46.81108027501602],[-83.81373582849244,46.81145537500849],[-83.81449682877283,46.81175897501106],[-83.81525642906409,46.81215417502778],[-83.81594942933394,46.81254887504833],[-83.81647682954515,46.81289647507122],[-83.81696712977549,46.813495775134996],[-83.81739122998178,46.81407167519898],[-83.81771653014795,46.814578075258005],[-83.81807173035192,46.815313775350525],[-83.81835903054542,46.81614057546104],[-83.81857873072572,46.817035575585955],[-83.8187638309062,46.81802187572684],[-83.81881883101964,46.81880117584355],[-83.81887243114393,46.8196719759743],[-83.81885923124963,46.82056517611243],[-83.81882423125253,46.82067947613204],[-83.8187032312264,46.82078127615468],[-83.82018003176017,46.82128527614658],[-83.82044363186716,46.82147057615978],[-83.82070683197684,46.821678676176454],[-83.8208708320491,46.82184027619181],[-83.82103463212412,46.822024776210675],[-83.82123223220438,46.8221636762206],[-83.82149613230865,46.822326076230276],[-83.82195743249588,46.82265017625334],[-83.82215473257885,46.822812076266764],[-83.82238503267519,46.82299707628184],[-83.82284703285698,46.823275376297865],[-83.82320943300414,46.82353007631599],[-83.82377053322332,46.82385497633341],[-83.82433103344802,46.824225776357885],[-83.82512313375818,46.824689876383275],[-83.82598183408963,46.82515437640489],[-83.8266751343597,46.82554907642536],[-83.82730223460571,46.825920276446006],[-83.82779713480093,46.82622177646368],[-83.82842453504422,46.82657007648081],[-83.82908423530634,46.82698727650667],[-83.82964283554732,46.82749537655236],[-83.83016733578305,46.828049076607044],[-83.83052713595191,46.828486976653494],[-83.83075483606999,46.82885517669686],[-83.83111503623621,46.82927017673975],[-83.83141053636473,46.829547276765226],[-83.83173773651745,46.82993907680645],[-83.83213053669978,46.8304001768545],[-83.83248903687952,46.83092967691506],[-83.83284723706198,46.831482076979185],[-83.83323603727685,46.8322179770697],[-83.8336582375024,46.832954077158355],[-83.83404673771999,46.833712877252424],[-83.83443383794845,46.834563277360616],[-83.83462033812108,46.83548087749084],[-83.83481243824755,46.836009177560854],[-83.83500313838488,46.83662897764501],[-83.83513003847918,46.83706517770468],[-83.83518993855483,46.83752367777165],[-83.83528323864118,46.83798247783671],[-83.8352669387743,46.83910477801014],[-83.83532713884723,46.83954037807356],[-83.83545073896872,46.8402055781686],[-83.83557853905488,46.84057307821762],[-83.83580693916755,46.84089537825388],[-83.83616963931485,46.841150078272],[-83.83673163952878,46.841429078282204],[-83.8372597397375,46.841753678301416],[-83.83785543995938,46.84201007830624],[-83.83865124024261,46.8422450782961],[-83.83954764055238,46.84243497827325],[-83.84027824080337,46.84257777825275],[-83.8411089410836,46.842698478223106],[-83.84177394130508,46.84277207819579],[-83.84260504158266,46.84286987816256],[-83.843668241943,46.843038078126675],[-83.84483174233269,46.843184078081514],[-83.84609444275978,46.8433765780378],[-83.84709044310429,46.84358997801269],[-83.84781974336616,46.84382447800638],[-83.84841484359352,46.84412657801822],[-83.84897534382111,46.844520078046074],[-83.8495022440407,46.844936178079394],[-83.84976304417232,46.84532747812439],[-83.85009154431708,46.84565057815494],[-83.85071734457692,46.84613617819316],[-83.85124454479386,46.8465293782229],[-83.85183944502397,46.84685447823828],[-83.85250124527273,46.84715707824635],[-83.85326324555075,46.847437478245105],[-83.85395864580741,46.84771737824771],[-83.85475494608792,46.84792927823401],[-83.85548524634163,46.848094978217055],[-83.85654894669933,46.84824007817754],[-83.85771284708629,46.848363078128784],[-83.85861104738247,46.848438278088175],[-83.85961004770243,46.848445478031195],[-83.86067634803831,46.84840737796341],[-83.86161004832609,46.84832247789612],[-83.86241084856843,46.8482137778329],[-83.86324564881603,46.84805947776068],[-83.86391384901026,46.847903877697945],[-83.86458304919633,46.847679677624626],[-83.86498494930524,46.84752217757708],[-83.86555484945387,46.84725147750241],[-83.86642764967122,46.84675377737528],[-83.86723484985906,46.846186977241324],[-83.86868045020042,46.845212377007655],[-83.86918565031134,46.84480367691555],[-83.86959095039023,46.8443942768291],[-83.87023345050834,46.843688876683416],[-83.87074115059744,46.843096876562996],[-83.87138205072918,46.84250597643501],[-83.87225605093556,46.84191667629369],[-83.87309445115035,46.8414873761791],[-83.87366305130978,46.841308176118474],[-83.87449795155455,46.84113087604276],[-83.87590055196695,46.84084307591702],[-83.87730245238473,46.84060107579836],[-83.8781696526483,46.84049267573132],[-83.87907025292255,46.84038447566238],[-83.88043695334605,46.84027967556686],[-83.88163685371892,46.840196475484326],[-83.88303615415848,46.84013757539393],[-83.88406895448354,46.84009907532797],[-83.88613325514446,46.84011347521016],[-83.8870646554512,46.84018877516757],[-83.88792935573656,46.84026347512881],[-83.88882645604073,46.84040717509869],[-83.88955685629439,46.84057257508162],[-83.8903861565882,46.84080747506949],[-83.89101565681804,46.84104087506875],[-83.89181105710661,46.84132127506556],[-83.89230745729385,46.841553775072384],[-83.89316885760927,46.84188037507242],[-83.89422935799406,46.84225427506817],[-83.8951906583414,46.842581575062496],[-83.89615265868335,46.842863075049806],[-83.89698075898808,46.843189475051766],[-83.89780985928466,46.84344707504311],[-83.89907175971977,46.84370777500974],[-83.90020056011228,46.84396747498391],[-83.90139526053154,46.84427347496142],[-83.90275656100418,46.84458057492936],[-83.9039189614046,46.84481757489816],[-83.9054476619223,46.845057074845954],[-83.90687676240526,46.84527297479595],[-83.90820656285078,46.8454423747446],[-83.90977016336547,46.84556747467283],[-83.91090076374155,46.84568967462581],[-83.91223126418161,46.84581317456732],[-83.91332886454427,46.84591227451868],[-83.9143602648829,46.845987974470304],[-83.91512496513899,46.846084674440604],[-83.91585656538167,46.84615837440937],[-83.91692096573372,46.846257174362584],[-83.91795266606962,46.84630987431065],[-83.91945106654926,46.84631997422498],[-83.92105066704995,46.84623907411947],[-83.92265106754235,46.84608937400334],[-83.92375136788037,46.84598227392287],[-83.92498486826103,46.845875873834686],[-83.92621896863618,46.845723773739515],[-83.92778816909876,46.84541357360056],[-83.92945746959053,46.84508107345233],[-83.93109367006886,46.84472537330248],[-83.93252927049144,46.84443707317469],[-83.93333017073078,46.84430497310773],[-83.93429757102341,46.844173873031316],[-83.93553217139298,46.84397587292906],[-83.9367994717787,46.84382387283191],[-83.93823387221222,46.8436270727182],[-83.94036777286674,46.843411972560936],[-83.94230127346279,46.84324137242212],[-83.94416737404578,46.843138972297716],[-83.94579947456235,46.8431037721973],[-83.94723207501222,46.843044272104706],[-83.94863027546245,46.84307627202815],[-83.9499626758831,46.84303907194488],[-83.95209367656497,46.84305277182279],[-83.95349157701786,46.843107471749775],[-83.95482287744947,46.84316187168057],[-83.95608727786255,46.843238671618685],[-83.95705287817145,46.84324477156338],[-83.95855147864806,46.84323147147404],[-83.96064917931922,46.84324477135383],[-83.96121357951677,46.84338577134257],[-83.9620420798215,46.843711671344295],[-83.96280258011869,46.84415167136751],[-83.96339698035982,46.844567671396675],[-83.96395968057392,46.844846071406614],[-83.96485428090546,46.84521817141157],[-83.965682581213,46.84556697141679],[-83.96607848137653,46.845867271439786],[-83.96652268158309,46.8463910714943],[-83.96657208159365,46.8463488714849],[-83.96676208163916,46.84622697145517],[-83.96691778168505,46.846195871441324],[-83.9671932817732,46.84619777142552],[-83.96744618186196,46.846263171420816],[-83.96774938196224,46.84629127140746],[-83.96803088206569,46.846400971407874],[-83.96835218218278,46.84651867140723],[-83.96857068227183,46.8466749714185],[-83.96881788237559,46.84687557143483],[-83.96898348244687,46.84702427144799],[-83.96916168252099,46.847163671458965],[-83.96929468256747,46.84719617145623],[-83.9695081826438,46.84726267145397],[-83.9696713827087,46.84736637146041],[-83.96975438274497,46.84744527146768],[-83.96986318278829,46.84751437147189],[-83.97004108283221,46.84741077144563],[-83.9701534828555,46.84730887142344],[-83.97027458287141,46.847125771388285],[-83.97037188288546,46.84698817136154],[-83.97054938292813,46.8468755713339],[-83.97055848292209,46.84680337132233],[-83.97050408290049,46.84676877132012],[-83.9703404828343,46.846656071312374],[-83.97027148280472,46.84659487130703],[-83.97023838277865,46.84646967128979],[-83.97018108274939,46.84638117127954],[-83.9700999827182,46.84633827127764],[-83.9700037826778,46.846259771271235],[-83.96999588265747,46.846115971249645],[-83.9699782826419,46.84603547123831],[-83.9699214826139,46.84595597122944],[-83.96992518259393,46.84578487120294],[-83.9700365826146,46.845664971178095],[-83.97019988265058,46.84553467114856],[-83.97054528265275,46.844661770994506],[-83.97056208263685,46.84449037096724],[-83.97044688257706,46.8443042709454],[-83.97037188253223,46.84413527092387],[-83.97031608250677,46.84407367091764],[-83.97028538248705,46.84399347090711],[-83.97028958246831,46.843831370882036],[-83.97030738245503,46.84367797085741],[-83.9703023824423,46.84358807084393],[-83.97028488242674,46.84350757083258],[-83.97028188241912,46.84345357082449],[-83.97031168240736,46.8432818707964],[-83.97040808241883,46.843126370766925],[-83.97054488241636,46.84275377070179],[-83.97064738241423,46.84247217065261],[-83.97071608241365,46.84229037062071],[-83.97080848241501,46.84206297058046],[-83.97094168243255,46.84186147054177],[-83.97105328242434,46.84150757048098],[-83.97109678241803,46.84134447045342],[-83.97116538241742,46.84116267042151],[-83.9713000824388,46.840988170386865],[-83.97145838246207,46.84076807034388],[-83.9717135824981,46.84040147027276],[-83.97182308251378,46.840245670242446],[-83.972016182538,46.839943670184894],[-83.97217558256386,46.839741470144574],[-83.97239938260783,46.83951967009747],[-83.9726266826607,46.83936077005981],[-83.9728403827081,46.839193170021645],[-83.97308038276388,46.839024969981885],[-83.97328248281099,46.83888476994856],[-83.97356108287781,46.838706469905],[-83.97392438298479,46.83863406987269],[-83.97432588310159,46.838542569835255],[-83.97452328316616,46.83855546982574],[-83.97479588324671,46.83850336980184],[-83.97513488335045,46.838467569776626],[-83.9755202834555,46.838322569731865],[-83.97553338345963,46.838322169731065],[-83.97570218350958,46.838290769716394],[-83.97588948357765,46.83835796971577],[-83.976246083697,46.83840266970185],[-83.9765638838052,46.83845736969173],[-83.9767894838831,46.838505469685984],[-83.976961783942,46.838536969680746],[-83.9771500840126,46.83862206968281],[-83.97737668409312,46.83868816967977],[-83.9775221841424,46.83871146967486],[-83.97773278421114,46.838723969664485],[-83.97805918431202,46.83869746964141],[-83.97836748439597,46.83858136960561],[-83.97862098445717,46.838421769566374],[-83.97882158450042,46.83825456952901],[-83.97908418455552,46.83802276947814],[-83.97914518456477,46.8379401694619],[-83.97916488455651,46.83782266944275],[-83.97910308442785,46.83694226931122],[-83.97909948435985,46.8364023692286],[-83.97902768429371,46.83605326917923],[-83.97900318426036,46.83584686914896],[-83.97904508425019,46.835656769117364],[-83.97904078420986,46.83534196906928],[-83.97894928415198,46.83511036903907],[-83.97892838409864,46.83473286898234],[-83.97884858404109,46.834473968947336],[-83.97874498398164,46.834260668920585],[-83.97856728390882,46.83413026891095],[-83.97836878384166,46.8340994689178],[-83.9781728837809,46.83411356893136],[-83.97794978370936,46.8341103689439],[-83.97771208362981,46.83408056895319],[-83.9774889835582,46.83407736896566],[-83.97707488343856,46.8341781690053],[-83.97684558338061,46.83430106903754],[-83.97666778333675,46.834404769063774],[-83.97647478328355,46.834472769085444],[-83.97626928322755,46.83455006910933],[-83.97614528320398,46.834679369136374],[-83.97604648318614,46.83478986915912],[-83.97594418315941,46.834837569172365],[-83.97568328307925,46.834862369191356],[-83.9755391830337,46.83486606920039],[-83.97509298289056,46.83485966922539],[-83.9747917827954,46.83486756924416],[-83.97444478267134,46.8347595692478],[-83.97425358259312,46.834620569237615],[-83.97404868250949,46.83447286922689],[-83.9737933824144,46.83436256922482],[-83.97363178235332,46.834285769222454],[-83.97345858229193,46.834236269224974],[-83.97332268223782,46.834149769219614],[-83.97328188222164,46.83412386921798],[-83.97311158210879,46.83365126915542],[-83.97308238209291,46.83359806914893],[-83.97302508206369,46.8335094691387],[-83.97299388204267,46.833420369126806],[-83.97299658202013,46.83323126909764],[-83.9729700819817,46.83298896906202],[-83.97295518194359,46.83271936902149],[-83.97296998192269,46.83251196898877],[-83.97299928190965,46.832331168959364],[-83.9730101818786,46.83205196891587],[-83.97321088189298,46.83165066884255],[-83.97337468193025,46.83152946881444],[-83.97353948197002,46.83142616878892],[-83.9736276819901,46.83136086877383],[-83.97376428201656,46.8312223687446],[-83.97382428202323,46.83112176872569],[-83.97400318206975,46.83103616870207],[-83.97422378213494,46.830994368682795],[-83.97475468228926,46.830872568633175],[-83.97511888239869,46.8308180686036],[-83.9754582825037,46.83079126857971],[-83.97553678252638,46.83077236857224],[-83.9755484825298,46.830769768571145],[-83.97562708255364,46.830759868565046],[-83.97583658261986,46.83075446855199],[-83.97608438269584,46.83072996853379],[-83.97631658276143,46.830660968509676],[-83.9766147828489,46.830599168482834],[-83.97692958294944,46.83059996846463],[-83.9773772830964,46.83063336844361],[-83.97756608316826,46.83072736844707],[-83.97774818325253,46.830938668468896],[-83.97790418332852,46.83115056849232],[-83.97811348342357,46.83137916851518],[-83.97834608351931,46.831553068528294],[-83.97862748362267,46.83166276852877],[-83.97883638371651,46.831882268550245],[-83.97900238378897,46.83203996856478],[-83.97920478386621,46.83214266856874],[-83.97944648395593,46.83224436857029],[-83.9797123840488,46.832309468564745],[-83.98002858415316,46.83233726855058],[-83.98035498425403,46.832310768527485],[-83.98049458428804,46.832226068506365],[-83.98051128427217,46.832054668479074],[-83.98040618420892,46.83181436844836],[-83.9802783841463,46.83163776842867],[-83.98013748407953,46.83146146840986],[-83.98001938401214,46.8312214683799],[-83.97987698394155,46.83101826835704],[-83.97971698385537,46.830734368322766],[-83.97956348378572,46.83056736830606],[-83.97943768372821,46.83042666829183],[-83.97923488364967,46.830314968286515],[-83.97902288357716,46.830275468292776],[-83.97879628349666,46.830209368295876],[-83.97859788342957,46.830178568302664],[-83.97837128334909,46.83011246830576],[-83.97822178328965,46.83001736829986],[-83.97803298321773,46.82992326829642],[-83.97785578314618,46.829801868288094],[-83.97781108311985,46.82970406827569],[-83.97778708308775,46.8295066682468],[-83.97774248303251,46.8291748681985],[-83.97767668298164,46.82893356816528],[-83.97762698294254,46.82874586813939],[-83.97761708291719,46.82856616811234],[-83.97754118286981,46.82837906808805],[-83.97752128281901,46.82801966803406],[-83.97749728278689,46.82782226800518],[-83.97747468275864,46.82765186798033],[-83.97737878268936,46.82733936793795],[-83.97730438264585,46.827179267917685],[-83.9772456825839,46.826829867867474],[-83.97725088256772,46.826685667845055],[-83.97724438255119,46.82656886782749],[-83.97722878254072,46.82652426782153],[-83.97722538253183,46.82646136781211],[-83.97719668251722,46.82641706780697],[-83.97712578248256,46.82631996779619],[-83.97709608246537,46.82625776778837],[-83.97707748244726,46.8261591677743],[-83.97705448241773,46.82597976774813],[-83.97706118240542,46.825862667729766],[-83.97709398240129,46.82574476770979],[-83.97707758235939,46.82544826766524],[-83.9770594823425,46.82535866765251],[-83.97705308232604,46.825241867634965],[-83.9770742823216,46.825151267619795],[-83.97709398231335,46.825033767600615],[-83.97706138228857,46.824917667584664],[-83.97704178226789,46.824801167567955],[-83.97703588225271,46.82469336755177],[-83.97704148223774,46.82455816753065],[-83.97707478223494,46.824449267512],[-83.97710768223087,46.82433146749201],[-83.97715608223722,46.82425816747793],[-83.97716568223245,46.82419496746767],[-83.97718638222673,46.82409536745117],[-83.97719398221689,46.82399616743548],[-83.97715938218705,46.8238441674142],[-83.97711728213817,46.82355726737262],[-83.97709578211246,46.82340476735045],[-83.97705208200072,46.82261396723158],[-83.97706068199341,46.82253266721858],[-83.97708238199024,46.822451167204825],[-83.97715108198967,46.822269367172915],[-83.97716118198618,46.82221506716401],[-83.97717028198014,46.82214286715235],[-83.97720508198111,46.822060967137745],[-83.97727868199323,46.821969067119376],[-83.97737748201106,46.82185846709663],[-83.97751448203873,46.82172886706875],[-83.9776006820537,46.8216276670482],[-83.97771108207192,46.82148976702061],[-83.9778345820942,46.82135156699216],[-83.97793278211078,46.82123206696811],[-83.97801898212575,46.82113076694755],[-83.97806538212703,46.8210215669281],[-83.97813748213532,46.8209026669056],[-83.97818188213158,46.82075756688075],[-83.97825208213482,46.82060276685288],[-83.97829948213862,46.82051146683609],[-83.9783186821291,46.82038496681558],[-83.97833988212473,46.820294466800455],[-83.97834898211867,46.820222166788824],[-83.97833608208569,46.8199885667537],[-83.97830488206468,46.81989936674183],[-83.97823098202241,46.8197482667229],[-83.97816058198907,46.819660066713475],[-83.97804838193697,46.819528066699746],[-83.97795178189533,46.81944056669193],[-83.97777318181997,46.819292166679546],[-83.97762268175796,46.81917916667097],[-83.97751248171093,46.81908296666265],[-83.97741638167062,46.8190044666562],[-83.97728098161782,46.81892706665221],[-83.97715968157173,46.81886716665009],[-83.9770257815228,46.81881666665008],[-83.97694478149164,46.81877376664823],[-83.97682498144935,46.81874086665015],[-83.97671878141249,46.81871666665265],[-83.9765606813603,46.81870276665971],[-83.97644238132185,46.81869686666569],[-83.97634968129036,46.81868126666871],[-83.97619058123563,46.81864936667307],[-83.97609798120423,46.81863386667608],[-83.9760446811851,46.81861716667665],[-83.97599178116734,46.81860956667858],[-83.97595198115364,46.81860166667965],[-83.97592528114413,46.81859336667994],[-83.97584578111675,46.81857736668213],[-83.97580648110436,46.818578366684555],[-83.9757289810821,46.818598466692144],[-83.97572948108338,46.81860746669352],[-83.9757439810913,46.81863406669676],[-83.97578528110876,46.818668966699725],[-83.97586678114119,46.8187208667029],[-83.9759935812013,46.81887956671993],[-83.9760086812105,46.8189151667245],[-83.97602418122091,46.81895976673041],[-83.97603928123019,46.818995366734995],[-83.97606798124477,46.819039566740145],[-83.9761242812715,46.81911016674768],[-83.97615098128102,46.81911846674745],[-83.97619228129852,46.819153366750406],[-83.9762067813064,46.8191799667536],[-83.97624958132774,46.819241866760585],[-83.97626418133567,46.819268466763845],[-83.97626618134075,46.81930446676926],[-83.97625598134424,46.81935866677815],[-83.97623078133847,46.81937736678248],[-83.97621878133693,46.819395666786015],[-83.97619258132863,46.81939636678763],[-83.9761260813054,46.81938006678903],[-83.97604358127049,46.81931026678312],[-83.97602798125995,46.81926566677717],[-83.97596968122821,46.819159166764244],[-83.97592738120815,46.819106266758595],[-83.97589828119229,46.819053066752076],[-83.97586808117387,46.81898176674289],[-83.97585348116593,46.818955166739705],[-83.97583998116055,46.818946566739164],[-83.97581128114594,46.818902266734],[-83.97575598112176,46.81884976672916],[-83.97566078108393,46.81878916672541],[-83.97561958106647,46.818754266722436],[-83.97556418104229,46.8187016667176],[-83.97552098101977,46.818630866709235],[-83.97550538100928,46.818586266703335],[-83.97542338097557,46.81852536669875],[-83.9753292809403,46.81848286669772],[-83.97526278091706,46.81846656669906],[-83.97518228088722,46.818432666698534],[-83.9751021808586,46.818407766699394],[-83.97503478083281,46.81837346669802],[-83.97496788080839,46.818348266698074],[-83.97491248078421,46.818295666693224],[-83.9748304807505,46.81823476668865],[-83.97473288070633,46.81812936667816],[-83.97466248067299,46.81804116666872],[-83.97456538063008,46.81794466665959],[-83.97445268057672,46.81780366664446],[-83.97440948055417,46.81773276663612],[-83.97437828053317,46.81764356662424],[-83.97434868051604,46.8175813666164],[-83.97431558049001,46.81745626659914],[-83.97432218047764,46.817339066580736],[-83.97434238047066,46.81723056656288],[-83.97437618046908,46.817130666545566],[-83.97439698046342,46.81703106652906],[-83.97441918046152,46.81695856651664],[-83.97454018047752,46.81677536648148],[-83.97478248053955,46.81665206644844],[-83.97490838056817,46.816558766426795],[-83.9749970805895,46.816502466412935],[-83.9751133806229,46.81647246640158],[-83.97519138064645,46.81646146639536],[-83.97529568067826,46.816449766387485],[-83.97610728093457,46.816428666336925],[-83.97618638096064,46.81643556633341],[-83.97625278098383,46.81645186633205],[-83.97629258099752,46.8164597663309],[-83.9763589810207,46.81647606632957],[-83.97643758104552,46.81647406632468],[-83.97665758110944,46.816423266304085],[-83.97678758114826,46.816401866293184],[-83.97686508117049,46.816381866285596],[-83.97694318119404,46.81637086627938],[-83.9770342812217,46.81635946627231],[-83.97719338127644,46.816391366267965],[-83.97735388133489,46.81645016626759],[-83.97748828138509,46.81650966626895],[-83.97766348145154,46.81659506627182],[-83.97783808151668,46.81667156627337],[-83.97801128157805,46.81672106627093],[-83.97819758164356,46.816770166267574],[-83.97831738168588,46.81680306626566],[-83.97847688174181,46.816843966262695],[-83.97866268180603,46.81688406625802],[-83.97880818185529,46.816907266253075],[-83.97894158190294,46.81694876625169],[-83.97904778193984,46.81697306624922],[-83.97933578203082,46.816965566231325],[-83.97944148206642,46.816980766227445],[-83.97965148213382,46.81698436621578],[-83.97976928217102,46.81698126620842],[-83.97985998219747,46.81696086620002],[-83.97993698221842,46.81693186619109],[-83.97998688222864,46.81688556618109],[-83.98002168222959,46.81680366616647],[-83.98004138222134,46.816686166147306],[-83.98003588220737,46.816587266132416],[-83.98001838219183,46.816506766121066],[-83.97994598215337,46.81638266610622],[-83.97988758212156,46.81627616609332],[-83.9798433820965,46.816187366082254],[-83.97981268207683,46.81610716607171],[-83.97979468206,46.81601756605896],[-83.97976248203648,46.81591046604442],[-83.97974748202732,46.815874866039835],[-83.9797318820168,46.81583026603387],[-83.97968758199171,46.81574136602283],[-83.9796559819695,46.8156432660096],[-83.97963588194756,46.815517765991466],[-83.97964108193142,46.81537356596905],[-83.97965118192795,46.815319365960136],[-83.97966278192825,46.81529206595526],[-83.9796839819238,46.81520146594015],[-83.97970568192065,46.815119965926364],[-83.97972788191875,46.81504736591389],[-83.97973458190641,46.81493016589555],[-83.97974218189658,46.81483096587984],[-83.97977398188992,46.81469516585712],[-83.979805281882,46.81455036583307],[-83.9798259818763,46.814450765816574],[-83.97979138184645,46.81429866579526],[-83.9797994818379,46.81420846578089],[-83.97984588183917,46.81409926576142],[-83.97989428184559,46.814026065747385],[-83.98000268185866,46.81385216571438],[-83.98006068186031,46.813715665690026],[-83.98008338185967,46.81365206567891],[-83.98009298185492,46.81358886566864],[-83.98008648183844,46.81347206565109],[-83.98005688182128,46.81340976564327],[-83.98004128181076,46.813365165637315],[-83.97998298177903,46.81325876562438],[-83.97998958176667,46.81314156560602],[-83.98005868176736,46.81296876557542],[-83.98016708178045,46.81279496554246],[-83.98027688179732,46.8126480655135],[-83.98038528181041,46.81247426548045],[-83.98045638181617,46.812337365455335],[-83.98054158182863,46.81221816543202],[-83.9806251818372,46.81207196540475],[-83.98070988184837,46.81194376538013],[-83.98079508186083,46.8118245653568],[-83.98085658187135,46.81175096534193],[-83.98092958188217,46.811650065322176],[-83.98110288191461,46.811465565283754],[-83.98120118193117,46.81134596525966],[-83.98127528194456,46.8112630652426],[-83.9813623819621,46.81117976522476],[-83.98146368198627,46.811114165208764],[-83.98157798201458,46.81104816519197],[-83.98166758203844,46.811009865180885],[-83.98170538204702,46.810981865174405],[-83.98182068207787,46.81093386516027],[-83.98196218211697,46.810885165144555],[-83.98206448214374,46.81083746513129],[-83.98229558220665,46.81075046510447],[-83.98238518223052,46.81071216509334],[-83.98248548225217,46.810628565074666],[-83.98258668227635,46.81056286505869],[-83.9826748822964,46.81049756504351],[-83.98274938231101,46.810423665027855],[-83.98281138232282,46.81035906501429],[-83.98291008234065,46.81024846499159],[-83.98297058234859,46.81015686497397],[-83.98306878236517,46.81003736494991],[-83.98318168238966,46.809944364929],[-83.98329398241289,46.809842464906865],[-83.98340728243866,46.80975846488735],[-83.98350958246539,46.80971086487408],[-83.98363548249401,46.8096175648524],[-83.98376238252517,46.80954226483345],[-83.98379968253253,46.80950526482559],[-83.98383648253858,46.809459264816375],[-83.98384908254143,46.80944996481421],[-83.98388678254999,46.80942196480774],[-83.98400258258211,46.80938296479499],[-83.9841324826209,46.809361564784155],[-83.98426288266101,46.80934916477465],[-83.98449848273539,46.809343064759986],[-83.98461578277131,46.809330964751304],[-83.98473218280469,46.80930096473993],[-83.98495268286986,46.80925916472066],[-83.98505688290167,46.80924746471276],[-83.985147482928,46.80922706470436],[-83.9852255829516,46.809216064698084],[-83.9852899829697,46.80919636469132],[-83.98536258297928,46.80908646467023],[-83.9854370829939,46.80901256465451],[-83.98550108301077,46.80898386464641],[-83.98557808303173,46.80895486463747],[-83.98565618305526,46.808943764631174],[-83.98587668312044,46.80890206461193],[-83.98598088315225,46.80889036460409],[-83.98607198317991,46.80887896459704],[-83.9861751832091,46.80884926458645],[-83.98635648326191,46.808808564569624],[-83.98644608328576,46.808770164558524],[-83.9865226833055,46.80873216454818],[-83.98661178332803,46.8086848645358],[-83.98668878334905,46.808655864526806],[-83.98677898337418,46.80862646451709],[-83.98701258344347,46.80858436449698],[-83.98711678347527,46.8085726644891],[-83.98719528350003,46.80857066448421],[-83.98726028351945,46.808559964478825],[-83.98736448355125,46.80854816447089],[-83.98742988357188,46.808546464466836],[-83.98748278358968,46.808554064464936],[-83.98752308360467,46.80857106446521],[-83.98755068361667,46.808597364467644],[-83.98759248363545,46.80864126447193],[-83.98765078366719,46.8087477644849],[-83.9876784836793,46.80877396448728],[-83.98770668369264,46.808809264491046],[-83.98774738370881,46.80883516449269],[-83.9878007837279,46.8088517644921],[-83.98785308374443,46.8088504644889],[-83.98791808376383,46.808839764483466],[-83.98798198378066,46.80881106447529],[-83.98807218380583,46.80878166446558],[-83.98816128382839,46.808734364453095],[-83.98818548383156,46.80869776444608],[-83.98816838381727,46.80862616443607],[-83.98816288380333,46.80852736442123],[-83.98817048379348,46.80842816440553],[-83.98817858378492,46.80833796439121],[-83.98817758378237,46.808319964388495],[-83.98818668377636,46.808247764376894],[-83.98818178376366,46.808157864363345],[-83.9882034837605,46.80807626434956],[-83.9882749837675,46.80794846432574],[-83.98829818376818,46.807893864316014],[-83.98831838376121,46.807785264298175],[-83.98832448374758,46.80765916427845],[-83.98833308374026,46.80757786426544],[-83.98833968372784,46.807460764247125],[-83.98837248372377,46.807342864227095],[-83.98840728372473,46.807260964212475],[-83.98841688371999,46.80719776420221],[-83.98842398370888,46.80708956418517],[-83.98839798367177,46.80685626415086],[-83.98840458365939,46.80673906413245],[-83.98842028364099,46.8065496641025],[-83.98846568363973,46.8064224640803],[-83.98844558361785,46.80629696406218],[-83.98841448359691,46.8062077640503],[-83.98842158358582,46.806099664033304],[-83.98841608357179,46.806000764018414],[-83.98842318356068,46.80589256400139],[-83.98843078355085,46.8057933639857],[-83.98842728354198,46.80573046397624],[-83.98843488353215,46.80563126396055],[-83.98847068353565,46.805567363948654],[-83.98849488353886,46.8055306639416],[-83.9885316835449,46.80548476393244],[-83.9886182835611,46.80539246391321],[-83.98866568356499,46.805301263896446],[-83.98871048356244,46.80516506387286],[-83.98873218355928,46.80508346385909],[-83.98878918355834,46.80492906383206],[-83.98882298355682,46.804829163814745],[-83.98889208355747,46.804656363784204],[-83.9889373835562,46.80452916376203],[-83.98896918354956,46.80439336373931],[-83.98900298354802,46.80429346372198],[-83.9890493835493,46.80418426370252],[-83.98903638351632,46.80395056366736],[-83.98905908351568,46.80388696365628],[-83.98910948352712,46.80384966364764],[-83.98918598354686,46.80381166363733],[-83.98928618356851,46.803728063618685],[-83.98938488358628,46.80361746359589],[-83.98945948360094,46.80354356358019],[-83.98953298361299,46.80345156356178],[-83.98959348362101,46.80336006354421],[-83.98962828362195,46.8032780635296],[-83.98966198362038,46.803178263512294],[-83.98967108361435,46.80310596350064],[-83.98967878360457,46.803006763485],[-83.98968838359983,46.80294356347472],[-83.98970608358651,46.80279006345012],[-83.98970308357885,46.802736163442],[-83.98976348358684,46.80264456342437],[-83.98986518361222,46.80258796340977],[-83.99000468364623,46.80250326338864],[-83.99015878368826,46.80244526337078],[-83.99035258374386,46.80239516335178],[-83.99053328379539,46.80234546333363],[-83.9906878838386,46.802296463317056],[-83.99080418387197,46.80226636330565],[-83.99088068389166,46.80222836329539],[-83.99094408390727,46.802190663285906],[-83.9910443839289,46.80210706326725],[-83.99126278398894,46.80202936324257],[-83.99136558401693,46.80199066323061],[-83.99149488405443,46.80196026321841],[-83.9917274841212,46.80190026319568],[-83.99189618417107,46.80186876318096],[-83.99201288420572,46.80184776317094],[-83.99214378424705,46.80184436316284],[-83.9922897842976,46.801876463159246],[-83.99239598433442,46.80190076315679],[-83.99263498441766,46.80195746315154],[-83.99280818447902,46.80200696314911],[-83.99296968454001,46.80208376315147],[-83.99314378460383,46.80215116315168],[-83.99325248464703,46.80222026315595],[-83.99336218469286,46.80230746316297],[-83.99359318478466,46.802454363172075],[-83.99380658486093,46.80252076316981],[-83.99405108495813,46.8026763631795],[-83.99411848498383,46.802710663180825],[-83.99421168501655,46.80273516317915],[-83.9943168850509,46.80274146317399],[-83.99451268511163,46.80272726316038],[-83.99464298515161,46.80271486315088],[-83.99482378520312,46.80266516313275],[-83.99499138525047,46.802615763115355],[-83.99517008529685,46.802530063091794],[-83.99534988534583,46.80246236307094],[-83.99551648539067,46.802395063050874],[-83.99567008543131,46.80232796303164],[-83.99577228545806,46.802280363018355],[-83.99586138548062,46.80223296300593],[-83.99597618551022,46.802175962990454],[-83.99606478553147,46.80211966297665],[-83.99612518553941,46.80202806295904],[-83.99618468554488,46.80191856293875],[-83.9963417855655,46.801680362892995],[-83.99643898557953,46.80154286286622],[-83.99651258559166,46.80145096284784],[-83.99658508560118,46.80134106282676],[-83.99665858561325,46.801249162808325],[-83.9967703856352,46.80113816278475],[-83.99687058565684,46.8010545627661],[-83.99696878567333,46.800934962742005],[-83.99705638569213,46.8008606627255],[-83.99715758571631,46.80079506270949],[-83.99724468573376,46.80071176269165],[-83.99733228575249,46.80063746267515],[-83.99734438575415,46.800619162671595],[-83.9975442857961,46.80044286263284],[-83.99769838583804,46.800384862615],[-83.99790628590034,46.800352462597886],[-83.99798428592382,46.80034136259165],[-83.99821788599311,46.800299262571535],[-83.99832158602364,46.80027856256232],[-83.99842618605663,46.800275762555785],[-83.99863508612147,46.80026126254143],[-83.99875188615611,46.80024026253138],[-83.99886918619202,46.80022816252271],[-83.9989738862251,46.80022546251615],[-83.99906598625529,46.8002320625118],[-83.99944548637508,46.80022206248818],[-83.99952498640238,46.80023796248599],[-83.99957738641892,46.800236562482745],[-83.99993668653572,46.80025446246454],[-84.00012508658746,46.800187362443225],[-84.0003083866374,46.800118462422006],[-84.00065928672717,46.799939362374005],[-84.00075848675266,46.79988946236054],[-84.00091868679291,46.79980206233779],[-84.00107898682892,46.79967966230965],[-84.00128468687853,46.79955056227786],[-84.00151378694265,46.79947816225336],[-84.00172748699804,46.79937466222505],[-84.00193348705093,46.79927136219713],[-84.0021619871111,46.799168662168086],[-84.00236048716307,46.79907686214241],[-84.00251328720104,46.79898956212008],[-84.00275728725853,46.79882566208066],[-84.00297098731292,46.79871426205111],[-84.0031847873694,46.798619762024146],[-84.00349758744605,46.79843276197722],[-84.00358148746376,46.798359661961086],[-84.00366538747215,46.79821116193337],[-84.00374918748571,46.798104361912124],[-84.00384068749179,46.79791746187806],[-84.00388668748754,46.79776436185188],[-84.00390948747834,46.797631061830046],[-84.00391718746768,46.79752506181329],[-84.00393248746127,46.797433561798364],[-84.0039553874511,46.79729236177537],[-84.003909287427,46.797215961766305],[-84.00386378739596,46.79708206174837],[-84.00372648733466,46.79694056173463],[-84.00359668727867,46.79682246172405],[-84.00349748723433,46.79671936171399],[-84.00341328719051,46.796582061697805],[-84.00332198714682,46.796464061685015],[-84.00322278710145,46.796353061673734],[-84.00303958702808,46.79623186166579],[-84.00284118694546,46.7960750616533],[-84.00264268686334,46.79592286164148],[-84.00250558680254,46.79578466162819],[-84.00245988677007,46.7956396616086],[-84.00243668673497,46.795415261575506],[-84.00245968671776,46.79521666154361],[-84.00249038669126,46.79492336149679],[-84.00246748667031,46.79481256148113],[-84.00249028666195,46.79468596146032],[-84.00252068665094,46.79451866143285],[-84.0025969866574,46.79437376140613],[-84.00269628667483,46.7942586613827],[-84.00278008669304,46.79419006136725],[-84.00294058673244,46.79409476134327],[-84.00306238676524,46.794045461328594],[-84.00318468679576,46.79397696131094],[-84.00330658682714,46.793916361294556],[-84.00342108685508,46.79384706127725],[-84.00357368689336,46.793763161255455],[-84.00387128696894,46.79360686121409],[-84.00412308703368,46.79348096118008],[-84.00432888708515,46.79336646115051],[-84.00462648716353,46.793232661112576],[-84.00483258721324,46.79310346108071],[-84.00504618726542,46.7929740610484],[-84.00522178731052,46.79288626102465],[-84.00541258735667,46.79276756099533],[-84.0055499873873,46.79266046097084],[-84.0057098874223,46.79253136094171],[-84.00583978744952,46.7924165609165],[-84.00593118746782,46.792328660897674],[-84.00601528748145,46.79222186087635],[-84.00607618748342,46.792080760851114],[-84.0060992874767,46.79196656083224],[-84.00614488747233,46.79181346080608],[-84.0061908874692,46.79166936078127],[-84.00620608745325,46.79150136075455],[-84.00618298742557,46.79133656073057],[-84.00619088740834,46.79117666070556],[-84.00619048738552,46.79099326067738],[-84.00616758736847,46.79091396066656],[-84.0060685873344,46.790894060669274],[-84.00596958730485,46.79091016067752],[-84.00590088729139,46.79097836069198],[-84.00584738728183,46.791039460704454],[-84.00577858726886,46.79111206071965],[-84.00565678724044,46.79119626073967],[-84.00558808722518,46.79124986075192],[-84.00551948721642,46.79135626077226],[-84.00533608717635,46.791505060805825],[-84.00520628713774,46.79152766081683],[-84.00512258711062,46.791524260821234],[-84.00510708709673,46.79145146081094],[-84.00510728709263,46.79141776080575],[-84.00512268709178,46.791371260797696],[-84.00515308709721,46.79133666079062],[-84.00517578710021,46.79130236078399],[-84.00522178711068,46.791268460776145],[-84.00536648714275,46.7911544607502],[-84.00548878717314,46.791084860732376],[-84.0056414872091,46.79098186070762],[-84.00577868724112,46.79088706068506],[-84.00591608727173,46.790779960660615],[-84.00602278729632,46.790704060642746],[-84.0061600873302,46.79062396062243],[-84.00622888734692,46.79058166061191],[-84.00635098737503,46.79049406059135],[-84.00647288740448,46.79041776057255],[-84.0066104874375,46.790329760551],[-84.00675548747196,46.790234760527916],[-84.0069459875167,46.790104960496905],[-84.00716738756793,46.789948360459924],[-84.00732738760954,46.789872160438925],[-84.00751838766011,46.78978836041488],[-84.0076859877084,46.78974686039872],[-84.00791488777755,46.78971606038068],[-84.00809828783699,46.78972366037115],[-84.00825088788707,46.789735360364084],[-84.00838048792878,46.789738660357045],[-84.0085407879813,46.78975026034947],[-84.00865508801961,46.78976526034513],[-84.00880008807069,46.78980416034265],[-84.00891438811176,46.78984166034173],[-84.0090821881704,46.78988336033834],[-84.0091891882093,46.78992216033809],[-84.00936468827133,46.78997156033548],[-84.00947888831477,46.79002816033751],[-84.00960858836417,46.790093360339974],[-84.00974608842216,46.79020786034955],[-84.00987568847484,46.79030006035613],[-84.01007408855314,46.790421960363325],[-84.01024198861934,46.79052446036929],[-84.01034128866235,46.79061636037761],[-84.01048628873592,46.7908374604031],[-84.0105548887681,46.79092116041196],[-84.01060818879179,46.79097496041717],[-84.0106768888297,46.791104760433086],[-84.01076068888419,46.791329760462766],[-84.01080648891671,46.791474860482396],[-84.01082178894089,46.79163076050543],[-84.01082948895414,46.791718360518466],[-84.01081428898185,46.79198196055983],[-84.01079128899434,46.79214236058585],[-84.01076068900012,46.79226806060694],[-84.0107152890022,46.79240196063016],[-84.0106539889991,46.79253516065417],[-84.01056258899169,46.79271086068648],[-84.01049368898757,46.792855560712745],[-84.01043278898462,46.792988760736755],[-84.01037188898263,46.793129860761994],[-84.01029538897575,46.793271360788175],[-84.01023438897178,46.79339676081099],[-84.01016588896321,46.793504260831526],[-84.01010458896116,46.793645360856765],[-84.01011238897917,46.79377116087559],[-84.01018848900249,46.79376356087001],[-84.01025728902157,46.793740360862444],[-84.0103030890314,46.793702060853875],[-84.01034128903943,46.79366846084648],[-84.01037168904486,46.79363386083942],[-84.01038718904324,46.79358056083032],[-84.01041768904535,46.79351906081909],[-84.01044808904605,46.79344626080613],[-84.01047848904689,46.79337456079336],[-84.01050918904669,46.793293860779166],[-84.01054708905029,46.793225360766435],[-84.01061578906459,46.793163960753006],[-84.01066168907035,46.79309186073924],[-84.01070748907746,46.793031060727195],[-84.01073788907581,46.79293916071134],[-84.01079158908118,46.79284436069365],[-84.01085238908733,46.79273696067362],[-84.01089828909109,46.79264916065744],[-84.01098988911374,46.792596060643945],[-84.0110433891331,46.79261496064372],[-84.01105068914347,46.79267996065329],[-84.01105818915714,46.792770960666815],[-84.01104318916087,46.79283996067827],[-84.01102778916254,46.792893260687414],[-84.01099738916183,46.79296606070039],[-84.01096688915877,46.793019660710385],[-84.0109210891507,46.79307266072118],[-84.0108522891387,46.79315326073756],[-84.0107835891262,46.79322926075321],[-84.01071518911432,46.79330986076963],[-84.01065398910694,46.79340816078829],[-84.01058538909466,46.79348536080411],[-84.01052438908971,46.79360286082576],[-84.01049368908987,46.79368356083991],[-84.0105015891046,46.79378236085467],[-84.01049368912086,46.79393436087843],[-84.01052438913503,46.79396956088206],[-84.01059318917149,46.794087060896096],[-84.01061568919235,46.79419786091183],[-84.01059308919938,46.79431316093086],[-84.01056248919986,46.79439606094537],[-84.01051678919477,46.79447266095981],[-84.01043298918366,46.79459866098405],[-84.01036398917479,46.79470506100442],[-84.01026488915404,46.794793161023705],[-84.01018098913576,46.794861761039144],[-84.01005898910967,46.7949650610621],[-84.00992168907995,46.79507896108764],[-84.00981458905909,46.79518636111037],[-84.00966218902657,46.79531636113923],[-84.00950198899712,46.79549166117547],[-84.00943338899832,46.79567796120808],[-84.00939518900499,46.795830761233795],[-84.00940258902287,46.79595656125267],[-84.00943308904492,46.79605596126617],[-84.00950978908298,46.796166361278694],[-84.00959378912259,46.79626996128969],[-84.00969258916626,46.79636856129909],[-84.00976898920192,46.796459961308635],[-84.00985298924151,46.79656346131967],[-84.00997498929402,46.7966738613295],[-84.0100741893394,46.796784961340805],[-84.01016568937982,46.79687586134941],[-84.01031058944682,46.79704416136682],[-84.01044808950856,46.79718906138107],[-84.01060058957367,46.79732226139263],[-84.0107531896303,46.79738696139366],[-84.01096668971488,46.79752076140178],[-84.01111958976749,46.797551661397634],[-84.01134058984401,46.79760096139231],[-84.01156198991976,46.797642361385755],[-84.01163818994223,46.7976279613791],[-84.01173738997052,46.79760066136913],[-84.01185179000089,46.79755146135493],[-84.01200439004018,46.797475461334336],[-84.0121495900779,46.79740636131529],[-84.0122866901141,46.797345361297914],[-84.01239379013967,46.79727616128106],[-84.01249299016057,46.79718926126188],[-84.0125614901691,46.7970816612414],[-84.01257689016646,46.797020461231085],[-84.01261499016219,46.79688786120852],[-84.01263029015384,46.79678056119113],[-84.0126683901471,46.79662776116541],[-84.01272939015105,46.79650236114259],[-84.01274469014264,46.79639506112523],[-84.01280569014662,46.796269761102465],[-84.01283619014878,46.79620816109119],[-84.01291269015107,46.79602956105933],[-84.0130496901754,46.79587296102725],[-84.0131869901994,46.79571296099469],[-84.01328639021924,46.795616960974165],[-84.01349229026555,46.79546076093817],[-84.01358379028525,46.79538416092109],[-84.01378219032884,46.795224760885],[-84.01390409035393,46.79511356086081],[-84.01413329040767,46.794956760823354],[-84.0142783904351,46.79480446079154],[-84.01436229044918,46.794702060770916],[-84.01446909046659,46.794567660744015],[-84.01454539047597,46.79444636072094],[-84.01459079047582,46.794328160700154],[-84.01463669047055,46.79416726067274],[-84.01467499046068,46.79398846064302],[-84.01466729043835,46.79382786061885],[-84.01468999042345,46.79364836058996],[-84.01471299041292,46.79350376056641],[-84.01478189042408,46.79341646054897],[-84.01490389045217,46.793328860528355],[-84.01496479046304,46.79325976051424],[-84.01499519045952,46.79315316049606],[-84.01500299044743,46.79303486047743],[-84.01504859043885,46.79284806044608],[-84.01507139043049,46.79272146042532],[-84.01501809040784,46.7926755604214],[-84.01492689038172,46.79269936043037],[-84.0148884903769,46.792759960441906],[-84.01484259037038,46.7928253604546],[-84.01477399035788,46.79290136047031],[-84.0146977903482,46.793019260492834],[-84.01465969034585,46.79309906050729],[-84.01462899034705,46.79318756052268],[-84.0145833903457,46.79329456054178],[-84.0145377903344,46.79332046054846],[-84.01449169031832,46.79330936054944],[-84.01443819028992,46.793217360538435],[-84.01443089027872,46.79314556052783],[-84.01442309026064,46.793019760508926],[-84.014445990259,46.792947160496425],[-84.01446119025297,46.792859060482044],[-84.01450709025671,46.792771160465875],[-84.01457569026644,46.7926726604467],[-84.01469009028874,46.79255826042251],[-84.01475889030074,46.79247766040605],[-84.01485799031964,46.79237496038455],[-84.01504899035561,46.79217306034236],[-84.01514809037631,46.792084960323066],[-84.01529299040973,46.791982060298835],[-84.01547619045314,46.791860260269445],[-84.01565139049717,46.79176456024451],[-84.01586509055247,46.79166096021615],[-84.01606339060868,46.79160406019583],[-84.01626199066727,46.791566160178455],[-84.01648299073494,46.791543460162096],[-84.0166584907895,46.7915320601501],[-84.01686469085566,46.791535660138656],[-84.01700969090561,46.79156556013475],[-84.01721569097505,46.791596160127455],[-84.01732989101761,46.79164596012844],[-84.01747489106855,46.79168376012582],[-84.01760459111516,46.79172646012481],[-84.01774219116605,46.79178356012555],[-84.01797109125081,46.79187886012686],[-84.01800899126626,46.79190596012881],[-84.01811599130879,46.79197396013303],[-84.01818439133952,46.79204646014016],[-84.01829899139307,46.79218406015465],[-84.01835989142147,46.792256660162245],[-84.01845919146153,46.792324960166965],[-84.01853539149242,46.79237806017062],[-84.01863469153264,46.79244746017551],[-84.01878729159161,46.792531160179486],[-84.01890189164087,46.79263386018862],[-84.01902369169528,46.79276006020085],[-84.01911559173502,46.79284426020842],[-84.01919929177114,46.79292076021534],[-84.01929069180677,46.79297346021807],[-84.0193670918416,46.79305806022664],[-84.01943589187624,46.7931608602384],[-84.01952739191192,46.79321356024117],[-84.01964199195562,46.793271360243374],[-84.01974099199239,46.79331366024411],[-84.01983249202391,46.79333266024166],[-84.01999269207874,46.793363260237],[-84.02012989212527,46.793385560232444],[-84.0201836921382,46.79335146022408],[-84.02021389214117,46.79329786021408],[-84.02020639213312,46.793251860207455],[-84.02014519210422,46.79317586019936],[-84.02009189208158,46.79313006019544],[-84.02005369206285,46.79307706018954],[-84.02002329204738,46.793030660184165],[-84.01994709201419,46.792958360177494],[-84.0198861919868,46.79289366017112],[-84.01978689194665,46.79282536016638],[-84.01969529190944,46.79276026016178],[-84.01967249188888,46.79265286014654],[-84.01972579190168,46.792618860138255],[-84.0197946919237,46.792619260134266],[-84.01984769194098,46.792622360131666],[-84.01988599195651,46.79264946013361],[-84.01993179197444,46.792676460135084],[-84.01998519199381,46.79269526013486],[-84.0200384920145,46.79272536013639],[-84.02028289210664,46.7928403601398],[-84.0204199921584,46.79290536014181],[-84.02057249221639,46.792981260144536],[-84.0207253922745,46.793057060147305],[-84.02082439231413,46.79312196015149],[-84.02099209237701,46.79319856015346],[-84.0211829924488,46.79328686015592],[-84.02138129252043,46.79335476015477],[-84.02161049260302,46.79343196015329],[-84.02174779265523,46.79350026015578],[-84.0219306927196,46.793549460152654],[-84.02212149278846,46.79361416015145],[-84.02228929284807,46.79366376014932],[-84.0224645929059,46.793679360141475],[-84.02289199304353,46.79369056011829],[-84.02306749309905,46.793687060107516],[-84.02323529315059,46.79367136009532],[-84.02345659321892,46.79365316007963],[-84.02361669326898,46.793645560069116],[-84.02383039333239,46.793607260050756],[-84.02399839338062,46.7935645600344],[-84.02421209344323,46.79351956001503],[-84.02444109351102,46.793477459995245],[-84.0246238935598,46.79340065997274],[-84.0248374936166,46.79330945994631],[-84.02500559366075,46.793233059924745],[-84.02515059369526,46.793138059901715],[-84.02534109374172,46.79302275987289],[-84.02551679378172,46.792893259842785],[-84.02566159380952,46.792744359811486],[-84.02578359383101,46.79260385978277],[-84.02586779384131,46.79246995975728],[-84.02594399384397,46.79229475972593],[-84.02600509384028,46.79210745969362],[-84.02600519382149,46.79195555967028],[-84.02592869378014,46.791818159653594],[-84.02586009373888,46.7916613596335],[-84.02576089369455,46.79155815962349],[-84.02566179365827,46.79152035962342],[-84.02554709361452,46.79146255962126],[-84.02461659328314,46.7911812596323],[-84.0243418931922,46.79115365964408],[-84.02415879313008,46.791123559650124],[-84.02378479300512,46.79107725966482],[-84.02360169294404,46.79105505967209],[-84.0233805928716,46.79103955968258],[-84.02321259281528,46.79101695968886],[-84.02304479275472,46.79095955968985],[-84.02293029270865,46.790882659684755],[-84.02279299265551,46.79080645968103],[-84.02268609261242,46.790733859676095],[-84.02254859255598,46.790631759668436],[-84.02244179250688,46.79050975965593],[-84.02235029246731,46.79042555964835],[-84.02225889242258,46.79029965963433],[-84.02220529239747,46.79023475962745],[-84.02215949237578,46.79017745962133],[-84.02206039232534,46.79002485960368],[-84.02201469229482,46.78989555958647],[-84.02200709228475,46.78983385957742],[-84.02199939227346,46.78976205956683],[-84.0219611922457,46.789635959549706],[-84.02198399223732,46.789509359528935],[-84.0220451922437,46.78940305950901],[-84.02211359225554,46.78932255949268],[-84.02215969225716,46.78921665947374],[-84.02221309226188,46.78911745945536],[-84.02234279229043,46.789013859431904],[-84.02241909230969,46.78897245942111],[-84.02247249232329,46.7889451594138],[-84.02256419234978,46.788922559404945],[-84.02267099238192,46.7889073593964],[-84.02281579242145,46.78885395937973],[-84.02287679243808,46.788830959372646],[-84.0229834924655,46.78877755935826],[-84.02305989248225,46.78871595934431],[-84.0231439925039,46.78867435933306],[-84.02323539252693,46.78862465932005],[-84.02333469255102,46.7885635593049],[-84.0234720925817,46.78845755928058],[-84.02357889260304,46.788354559258565],[-84.02367799262375,46.788266459239225],[-84.02378479264685,46.78817815921948],[-84.02380759264196,46.788079659202985],[-84.02374649261255,46.7879991591942],[-84.02358649255638,46.78795725919704],[-84.02348699252092,46.78792725919828],[-84.02334989246921,46.78786225919626],[-84.02325819243286,46.78780505919281],[-84.02306759236357,46.7877358591933],[-84.0228460922822,46.78764835919276],[-84.02267069221581,46.78756405919008],[-84.02250289214733,46.787442559181144],[-84.02234279208358,46.787339859174686],[-84.02223599204241,46.78728195917209],[-84.02208349198443,46.78720615916929],[-84.0219307919286,46.787148259169285],[-84.02180089188346,46.7871179591722],[-84.02163299182617,46.78708755917732],[-84.02152629179069,46.78707575918175],[-84.0213507917296,46.78703425918557],[-84.0211524916636,46.787011359193635],[-84.0209845916063,46.78698085919874],[-84.02083979155869,46.786968959205375],[-84.02071739152255,46.7869924592161],[-84.02064109150336,46.787033859226895],[-84.02055739148514,46.787102459242334],[-84.0205421914884,46.787168059253275],[-84.02051159148611,46.78722855926436],[-84.0204430914766,46.787328159283675],[-84.02039729146951,46.78738905929569],[-84.02032839146067,46.78749545931605],[-84.02020639143359,46.78759095933782],[-84.0200918914065,46.787667059356195],[-84.02002309139549,46.787755559373785],[-84.01993939138283,46.787869159396145],[-84.01987829137663,46.78797645941618],[-84.01988609139465,46.78810225943507],[-84.01989359140272,46.78814825944169],[-84.01993159142194,46.788205659448316],[-84.01995449143998,46.78829285946037],[-84.01997759145675,46.788368759470686],[-84.02000029147155,46.788430059478756],[-84.02002329149256,46.788540759494396],[-84.02003079150262,46.78860245950345],[-84.0200155915067,46.78867485951549],[-84.02000819151326,46.788747059527],[-84.01996239151046,46.7888427595444],[-84.01994689148573,46.78868225952064],[-84.01992409146712,46.78859065950789],[-84.01990119144986,46.788510259496874],[-84.01987069142983,46.78842665948582],[-84.01985539141734,46.788365259477224],[-84.01980219138682,46.788255259463476],[-84.0197255913543,46.78818975945787],[-84.01967999132947,46.78810655944775],[-84.01966479131465,46.788025959436254],[-84.01965729130008,46.78792715942148],[-84.0196797912983,46.787854659409014],[-84.01971049129716,46.78776605939367],[-84.01977899130584,46.787659659373276],[-84.01983249131533,46.78759855936078],[-84.01987819131668,46.7874916593417],[-84.02003079132915,46.78719845928777],[-84.02009959134112,46.787117859271405],[-84.02016829135363,46.78704185925567],[-84.02020619136098,46.78700375924762],[-84.02026739137627,46.78696945923882],[-84.02037429140319,46.78691155922368],[-84.02050399143798,46.786858559207936],[-84.02069469149414,46.78682095919107],[-84.02083959153829,46.78680475918012],[-84.02103809159787,46.78677475916396],[-84.02115259163385,46.78677055915661],[-84.02131269168314,46.78675625914511],[-84.02150349174664,46.786778159137334],[-84.02162559179031,46.7868165591361],[-84.02178559184746,46.78686635913442],[-84.0219612919072,46.78689655912887],[-84.0221137919634,46.786957859129416],[-84.02228939202551,46.78700715912675],[-84.02245709208506,46.787056759124546],[-84.02251059210545,46.78708345912556],[-84.02260209213847,46.787114759125025],[-84.02271659218195,46.787171359127036],[-84.02303699230247,46.78732035913128],[-84.02320499236454,46.78738905913203],[-84.02336489242583,46.78747265913553],[-84.02353289248788,46.7875412591363],[-84.0237466925759,46.787702159148516],[-84.02382299260678,46.78775525915224],[-84.02391429263865,46.787777559150356],[-84.02403669267588,46.78776305914097],[-84.02408999268853,46.787727959132475],[-84.0241507927037,46.787693659123676],[-84.02431889274881,46.787625159103364],[-84.02442549277853,46.7875908590919],[-84.02451719280592,46.78757605908425],[-84.02463169283855,46.7875448590728],[-84.02473859287178,46.787537559065406],[-84.02484519291053,46.78757635906517],[-84.02495969295305,46.787625059065974],[-84.02505909298623,46.78763705906202],[-84.02516559301596,46.78760275905058],[-84.02524969303761,46.787561159039264],[-84.02533349305762,46.78750715902609],[-84.02544019308407,46.78744585901045],[-84.0255470931129,46.78740365899774],[-84.02565409314097,46.78735465898397],[-84.02579909318108,46.78730475896782],[-84.02596679323588,46.78731605895981],[-84.0261421932957,46.78734735895439],[-84.02627969334466,46.78738875895274],[-84.02639419338355,46.787408258949064],[-84.0266992934873,46.78746085893934],[-84.02683659353397,46.7874842589349],[-84.02698139357726,46.78746125892293],[-84.02711879361684,46.78742725890974],[-84.02724859365212,46.78737775889457],[-84.02738579368496,46.78728975887306],[-84.02748529370582,46.7872015588537],[-84.02756919371991,46.787099258833074],[-84.02762249372364,46.78699205881348],[-84.02769859373139,46.78685845878854],[-84.02769109371445,46.78674055877086],[-84.02761499368125,46.78666825876419],[-84.02750039363855,46.786618458763215],[-84.02740869361116,46.78663325877087],[-84.02729449357565,46.78664075877866],[-84.02721069355188,46.78666435878715],[-84.02711879352674,46.786698258797706],[-84.02701219349608,46.78672475880803],[-84.02692049346881,46.78674065881582],[-84.02677539342305,46.78674455882485],[-84.0266533933859,46.78675895883417],[-84.02648569333206,46.786755558843446],[-84.0263025932718,46.78674015885174],[-84.02617279322662,46.786709858854685],[-84.02604329318068,46.786671658856356],[-84.02592859314028,46.78664095885831],[-84.02582949310067,46.786576058854116],[-84.02573789306444,46.78651885885069],[-84.02562339301761,46.78643525884451],[-84.02544809294893,46.78633185883886],[-84.02529529288653,46.786221158830756],[-84.02518109283842,46.78612635882285],[-84.02505139278013,46.78598915880929],[-84.02492169272267,46.785858658796855],[-84.02482999267652,46.7857216587811],[-84.02476909264021,46.785584858763684],[-84.02472309260526,46.78542065874112],[-84.02466959256597,46.78524095871663],[-84.0245856925213,46.78509585869923],[-84.02448649247142,46.78494775868227],[-84.02437209242542,46.784870858677095],[-84.02423489237368,46.78480585867511],[-84.02406719231408,46.78475635867729],[-84.02388379224958,46.78470715868039],[-84.02373119219472,46.78465715868161],[-84.02360159215108,46.78463815868624],[-84.02347169210593,46.7846077586892],[-84.02292259192993,46.78459985871997],[-84.02276989187854,46.78457795872546],[-84.02271669185257,46.78450515871738],[-84.0226327918079,46.784359958699994],[-84.02258699177635,46.78422285868158],[-84.02255639175863,46.78415835867345],[-84.02253329174373,46.784097158665396],[-84.02248779171548,46.783985858650986],[-84.02219769155748,46.783455758586385],[-84.02218239153518,46.7833143585656],[-84.02215179150761,46.78317005854518],[-84.02216729149889,46.7830594585273],[-84.02220549149783,46.78295265850864],[-84.02229679152414,46.782930058499886],[-84.02238859155713,46.78296015849916],[-84.02243439157174,46.782960158496486],[-84.02248769158535,46.78293285848919],[-84.02254879158507,46.782772558460984],[-84.02258689158637,46.782684958445266],[-84.02260219157908,46.78258665842928],[-84.02262509156745,46.78243305840439],[-84.02267089156466,46.78229235838006],[-84.02279269159128,46.78219355835779],[-84.02292999162458,46.78210885833677],[-84.02303719165216,46.78205545832231],[-84.02318969169036,46.781971558300526],[-84.0233345917258,46.78188445827874],[-84.02349459176308,46.781773358252295],[-84.0236856918146,46.78169745822949],[-84.0238077918484,46.78165595821605],[-84.02391449187387,46.78158675819915],[-84.02412039192677,46.7814834581713],[-84.02426539196776,46.78144135815639],[-84.02436469199996,46.781445458151204],[-84.02450169204596,46.78146435814617],[-84.02462379208963,46.781502758144924],[-84.02475349213806,46.781560058146155],[-84.02481479216459,46.78161695815133],[-84.02494439221634,46.781701258156694],[-84.02502069224624,46.78174645815924],[-84.0251730923114,46.781880858171],[-84.02528789235458,46.78193405817251],[-84.0254249924025,46.78196865816981],[-84.02555499244714,46.78199445816622],[-84.02564629247917,46.782017958164495],[-84.02575299251545,46.782036458161116],[-84.02585229254761,46.78204055815593],[-84.02599729259673,46.782063758151075],[-84.02612719264187,46.78209405814816],[-84.02627939269738,46.78215075814796],[-84.0263329927225,46.78221575815483],[-84.0263788927471,46.782296658164576],[-84.02638649276173,46.7823954581793],[-84.02641709278849,46.78253305819867],[-84.02645509280951,46.78260515820756],[-84.02653889284662,46.78268955821563],[-84.0266381928905,46.782788158225],[-84.02675239293957,46.782890858234126],[-84.02685189298735,46.78302105824834],[-84.02697399304088,46.78313925825937],[-84.0270732930829,46.783223258266496],[-84.02717209312384,46.78329945827245],[-84.02728669316745,46.783357158274605],[-84.02739359320617,46.783394758274184],[-84.02747749324006,46.78345215827811],[-84.02759199328882,46.78355155828667],[-84.02763019330658,46.783596658291394],[-84.02772949334776,46.783673858297476],[-84.02791979341917,46.78376105829979],[-84.02805739346206,46.78375295829051],[-84.02821009350897,46.78373875827942],[-84.02831669354246,46.78373485827258],[-84.02843869357945,46.7837192582631],[-84.02864469363901,46.7836699582435],[-84.0288355936927,46.783611958223496],[-84.02901869374404,46.783555358204076],[-84.02924759381085,46.7835054581831],[-84.02940779385676,46.78346405816742],[-84.02951479388567,46.78342185815465],[-84.02959849390389,46.78335325813924],[-84.02966719390831,46.78321195811354],[-84.02969029389449,46.78304035808586],[-84.02973569388904,46.782879358058416],[-84.02977409388491,46.78274675803584],[-84.02981989387962,46.78258575800843],[-84.0298120938616,46.78245995798954],[-84.02978169383726,46.782341557973155],[-84.02971319379718,46.78219375795439],[-84.02962889375338,46.78205645793821],[-84.02959079373034,46.781968657926974],[-84.0295986937206,46.78186935791128],[-84.02966719374,46.78184955790422],[-84.02974329376053,46.78181945789515],[-84.02982739378301,46.78178455788488],[-84.02993439381206,46.781743457872366],[-84.03000299382732,46.7816899578601],[-84.03015539385981,46.78155985783123],[-84.03028509389031,46.78147205781019],[-84.03042269392331,46.781384057788635],[-84.03096419406675,46.78114805772082],[-84.03114749412137,46.7811173577054],[-84.03133059417452,46.78107535768826],[-84.03154419423787,46.781037057669955],[-84.03175789430418,46.781022457655205],[-84.03189479434823,46.78102555764771],[-84.0321238944199,46.78101495763274],[-84.03229189447197,46.78100265762106],[-84.03249029453482,46.78099965760906],[-84.03283359464184,46.78098035758607],[-84.0329325946724,46.780972157579],[-84.03310799472787,46.78096865756826],[-84.03336779480925,46.78095725755134],[-84.03343609483011,46.78094975754622],[-84.03360399488088,46.78092735753302],[-84.03374159491936,46.78088435751838],[-84.03387129495694,46.780853857506095],[-84.0340158949988,46.78081965749245],[-84.03416869504049,46.78076275747478],[-84.03427539506609,46.78069465745809],[-84.03439779509512,46.78061375743851],[-84.03453479512943,46.78053815741891],[-84.03465709515564,46.7804347573959],[-84.03474089517485,46.78037405738168],[-84.03483229518979,46.780259157358735],[-84.03490859520187,46.78016035733909],[-84.03495469520003,46.78002635731585],[-84.03493149518036,46.77992685730185],[-84.03487049514735,46.779817157288576],[-84.03483989512628,46.779725657276295],[-84.03476369508735,46.77960735726256],[-84.03465689503633,46.77946955724761],[-84.0345805949974,46.77935115723385],[-84.03435189491132,46.77924475723084],[-84.03426799487555,46.7791715572245],[-84.03407729479085,46.7789775572058],[-84.03395509474059,46.778886257198884],[-84.03381759468265,46.77877175718931],[-84.03368039462423,46.77865285717908],[-84.03355829456274,46.77847045715814],[-84.03345909451271,46.778321157141],[-84.03337529447276,46.77821425712947],[-84.03335219445982,46.77816875712383],[-84.03330679443171,46.77805865710953],[-84.03329139440558,46.77788685708405],[-84.0332683943793,46.777733357061784],[-84.0332761943719,46.777653257049025],[-84.03332189437009,46.777520457025965],[-84.03338279437484,46.77740185700417],[-84.03342109438286,46.777368256996795],[-84.03348199439236,46.77728785698087],[-84.03357359440875,46.77718415695959],[-84.03367269442958,46.777097156940435],[-84.03374149444156,46.77701655692404],[-84.03382529446075,46.77695585690984],[-84.03390919447665,46.776868156891474],[-84.03403129450146,46.77675355686673],[-84.03413059452458,46.77668455685031],[-84.03430599457114,46.77660895682848],[-84.03447389461756,46.77655165680991],[-84.03463409466433,46.77651705679528],[-84.03477159470437,46.776486356782506],[-84.03491639474862,46.77647125677176],[-84.0350993948032,46.77644055675642],[-84.03528269485972,46.77642555674338],[-84.03545039491361,46.77642895673411],[-84.03558019495694,46.776444656728955],[-84.03570249499829,46.776463956724804],[-84.03599989509726,46.77649765671267],[-84.0362590951798,46.77649755669752],[-84.03641939523148,46.77650225668894],[-84.03660249529023,46.77650525667871],[-84.03680089535389,46.77650895666769],[-84.0370068954215,46.77652485665812],[-84.0371593954706,46.77652875664986],[-84.03733499552833,46.776543156641814],[-84.03752559558961,46.77654715663132],[-84.03767089563307,46.77652415661931],[-84.03779289566582,46.77647475660458],[-84.037876795687,46.776429756592776],[-84.03798369571486,46.77637965657884],[-84.03805219573341,46.77635315657078],[-84.03815899576462,46.77633005656103],[-84.03828889580184,46.77629625654823],[-84.03847179585635,46.77626545653285],[-84.03864729590853,46.77623495651793],[-84.03883039596165,46.77619295650083],[-84.03912799604663,46.77611305647117],[-84.03928049609475,46.77610895646165],[-84.03937199612527,46.776120056458005],[-84.0395015961689,46.776139156453425],[-84.03959359619874,46.776143456448715],[-84.0397230962414,46.77615455644287],[-84.03989099629771,46.776177156436525],[-84.03999769633319,46.77618895643216],[-84.04014279637894,46.77618505642305],[-84.040295396429,46.776196756415985],[-84.04043269647411,46.77620775640962],[-84.04053159650712,46.77621975640573],[-84.0406614965513,46.77624215640157],[-84.04095149665041,46.776296356393026],[-84.04105059668667,46.77633415639301],[-84.04123389675115,46.7763832563899],[-84.04137089679713,46.776402156384805],[-84.04163059689547,46.776527956389025],[-84.04172969693423,46.776586156392185],[-84.04188219699415,46.77667765639737],[-84.0420883970739,46.77679145640282],[-84.04214929709657,46.776817956403356],[-84.04224089713104,46.776860456404535],[-84.04233239716156,46.776871556400906],[-84.04242409719075,46.77687135639554],[-84.04251549721573,46.77683745638498],[-84.04260719724212,46.776814756376126],[-84.04267589726211,46.77679945636977],[-84.0427441972838,46.77679875636571],[-84.04279019730414,46.77684475637008],[-84.04282829732435,46.7769101563779],[-84.0428512973373,46.77695565638354],[-84.04287399735014,46.777001156389204],[-84.04291219736803,46.77704735639407],[-84.04297309739545,46.777112156400506],[-84.04302689741827,46.777157956404416],[-84.043095197448,46.77722255641032],[-84.04320969749402,46.77729935641548],[-84.04328629752402,46.777344556417944],[-84.04340079757,46.77742135642306],[-84.0435148976133,46.7774779564251],[-84.04365999766519,46.77752365642364],[-84.04380509771192,46.7775276564158],[-84.0438963977392,46.777512856408215],[-84.04400329776803,46.77747055639547],[-84.04411029779791,46.77743625638397],[-84.0441637978165,46.77744835638272],[-84.0442778978598,46.777504956384746],[-84.0443542978846,46.777508456380836],[-84.04446879791918,46.77749305637177],[-84.0445832979482,46.77743265635582],[-84.04465169796106,46.777359956340696],[-84.04473589797607,46.7772643563211],[-84.04478899798642,46.777211156309804],[-84.04484249799592,46.77715015629734],[-84.04487309799819,46.77708965628622],[-84.04494929800829,46.7769751562642],[-84.04496479800332,46.77689485625098],[-84.04503329801187,46.77678725623041],[-84.04506399801184,46.776707756216446],[-84.04504869799324,46.77659675620028],[-84.04501029797306,46.77653255619266],[-84.04502579796713,46.776444356178196],[-84.04509439798233,46.776390756165966],[-84.04517809800053,46.77632215615054],[-84.04526229802084,46.776269356137504],[-84.04533079803842,46.7762348561282],[-84.04547579807847,46.776184856112074],[-84.04560559811272,46.776127456095665],[-84.04574299814995,46.77607425607951],[-84.04586509818276,46.77602485606477],[-84.04604829823259,46.7759558560435],[-84.04623889828771,46.77591035602539],[-84.04644489834723,46.77586095600578],[-84.0466051983907,46.775799255986925],[-84.04681119844851,46.77573535596513],[-84.04697909849585,46.77568585594773],[-84.04713919854163,46.77564335593185],[-84.04733769860022,46.775605455914466],[-84.04753569865947,46.77557425589809],[-84.04774949872242,46.77553255587922],[-84.04801649880429,46.775506355859655],[-84.0482455988778,46.77551035584689],[-84.04843629893567,46.775487255832196],[-84.04869539901821,46.775487055817074],[-84.04893209909552,46.77550215580562],[-84.04911529915536,46.775514155796756],[-84.04933649922351,46.77549475578089],[-84.0494661992638,46.77548675577207],[-84.04962639931867,46.77551735576743],[-84.04979419937644,46.775552255762996],[-84.04994489941805,46.775500355746274],[-84.0501374994712,46.7754339557248],[-84.05058009959897,46.77532655568248],[-84.05085479968662,46.77532715566659],[-84.0510608997239,46.775097755619285],[-84.05116749975129,46.77504425560488],[-84.05127439977834,46.77498745558987],[-84.05142709981618,46.77490005556757],[-84.05156439985048,46.7748233555478],[-84.05165609986977,46.7747432555301],[-84.05170169987584,46.77467455551689],[-84.0517397998799,46.77460935550466],[-84.05178549988597,46.77454065549145],[-84.05186169989612,46.774426155469435],[-84.05190779989621,46.774307855448555],[-84.05193799988696,46.77415525542331],[-84.05196859987936,46.7740148554],[-84.05202209987745,46.773861555373294],[-84.05209069988186,46.773720255347584],[-84.0521747998956,46.77361455532643],[-84.0522432998909,46.773400055289514],[-84.05231969988985,46.7731943552534],[-84.05240349989587,46.77302675522277],[-84.05246459990208,46.77291945520275],[-84.05250299990874,46.772874555193575],[-84.05262499994143,46.77282405517871],[-84.05265539994693,46.77279055517178],[-84.05268609994773,46.77271775515879],[-84.0526934999359,46.77260275514068],[-84.052693499927,46.772530755129644],[-84.05276979993715,46.77241625510761],[-84.05286899995312,46.772289855082406],[-84.05294509996655,46.7722023550645],[-84.05307479999702,46.77211445504346],[-84.05320460002673,46.77201995502136],[-84.05334180005997,46.771935255000336],[-84.05351770010667,46.77185965497847],[-84.05366240014621,46.77180635496185],[-84.05380760018771,46.77176755494739],[-84.053960000232,46.77173315493321],[-84.05405160025937,46.771718254925595],[-84.05434930035517,46.77172605490942],[-84.05445590039044,46.771736754904865],[-84.05463910044838,46.77173295489358],[-84.054829900512,46.77175595488599],[-84.05510430060602,46.771809454878195],[-84.05532560068512,46.77187885487597],[-84.055493600748,46.77195425487777],[-84.05565390081031,46.7720455548824],[-84.05585990088603,46.772126754882876],[-84.05595130092162,46.77217935488563],[-84.05606580096857,46.77226405489195],[-84.05616520101522,46.772385154904775],[-84.0562338010484,46.77247675491488],[-84.056332901098,46.77262255493149],[-84.05644730116687,46.77288505496516],[-84.0565159012081,46.77304175498521],[-84.05655410123491,46.77316005500116],[-84.0565845012625,46.77330545502177],[-84.05659980128293,46.77343105504014],[-84.05659240129937,46.773583155063925],[-84.0565619013052,46.773708855085026],[-84.05655430131739,46.77382715510365],[-84.05640160129386,46.774030355143765],[-84.05634060128516,46.774117455160734],[-84.05628690128133,46.77422465518035],[-84.05621080128108,46.77441905521465],[-84.0561114012649,46.774544355239684],[-84.05602030125756,46.77472005527198],[-84.05590560124422,46.7749076553075],[-84.05579120123508,46.775128955348215],[-84.05569950122899,46.77531585538222],[-84.05560060121488,46.7754568554097],[-84.05549370119397,46.77556325543227],[-84.055432501183,46.77563235544642],[-84.05536400117529,46.77574665546799],[-84.055302901169,46.77585295548793],[-84.055272401174,46.77597185550799],[-84.05522660118012,46.77613965553641],[-84.05520370118968,46.776276355558736],[-84.05519620120486,46.77641835558097],[-84.05521130122754,46.77656305560235],[-84.05523440125042,46.77668845562027],[-84.05531810129641,46.77684475563942],[-84.0553792013428,46.77706255566927],[-84.05544020137914,46.77719925568672],[-84.05548590140606,46.77729935569947],[-84.05556990144548,46.777401655710285],[-84.05564640148211,46.77750085572103],[-84.05576050152465,46.77755075572205],[-84.05587530156502,46.777581455720096],[-84.0560202016149,46.77761125571621],[-84.05618020166828,46.77763065570986],[-84.05638620173586,46.7776464557003],[-84.05647770176735,46.777665455697836],[-84.05665330182842,46.77770685569396],[-84.0568290018873,46.777730255687295],[-84.05694320192279,46.777722755679505],[-84.05707280196114,46.77769905566826],[-84.05721040200315,46.77768405565797],[-84.05734010204169,46.7776614556469],[-84.05768350215008,46.777653455625654],[-84.05785120220409,46.77765795561656],[-84.05801150225466,46.77765365560654],[-84.0581793023063,46.77763905559453],[-84.05836230236734,46.777661155587225],[-84.05850750241412,46.77766515557941],[-84.05856070243016,46.7776580555752],[-84.05872110247842,46.777634655562224],[-84.05879730249843,46.77760005555247],[-84.05886590251279,46.77753965553918],[-84.0589423025216,46.77741385551542],[-84.0590337025365,46.77729895549241],[-84.05916360256764,46.777215555472026],[-84.05922450258045,46.77716225546031],[-84.05933880260731,46.77708495544176],[-84.05947650263806,46.77697885541739],[-84.05959830266839,46.77691035539978],[-84.0597433027051,46.776833355379495],[-84.05993430275556,46.77674945535547],[-84.06016300281667,46.776654455327495],[-84.06049880289352,46.77641035527043],[-84.06061300291378,46.776280155243754],[-84.06072000293476,46.776173855221224],[-84.06083430295274,46.776024555191576],[-84.06094870297181,46.77588415516331],[-84.06101760298148,46.77578445514401],[-84.06110910299225,46.77563575511581],[-84.06117010298854,46.775448555083535],[-84.06119300297364,46.775269055054615],[-84.06119290294917,46.77507105502418],[-84.06118540292076,46.7748608549923],[-84.06117020289706,46.77470825496977],[-84.06110130285158,46.77451775494448],[-84.06100210280441,46.774392154930986],[-84.06089520275431,46.77426225491727],[-84.06074290268421,46.774087454899295],[-84.06062840263819,46.77401065489417],[-84.06050610258796,46.77391945488732],[-84.06039180253967,46.77382345487925],[-84.06032320250473,46.773717354866896],[-84.06032340249907,46.77367115485982],[-84.06033840249631,46.77361005484956],[-84.06042240251081,46.77351105482942],[-84.06049120251862,46.77339675480789],[-84.06055220252813,46.77331635479197],[-84.06065130254657,46.77321015476987],[-84.06073520256247,46.7731224547515],[-84.06081910257308,46.77299195472655],[-84.06094890259038,46.77279725468905],[-84.06104050260964,46.7727171546714],[-84.06116230263905,46.772640754652556],[-84.06126920266885,46.77260635464103],[-84.06141420270995,46.772565354626266],[-84.06155140274932,46.77253025461287],[-84.06168110278603,46.772492954599606],[-84.0617881028159,46.77245865458804],[-84.06194820286264,46.772423954573426],[-84.06212370291477,46.77239335455848],[-84.06226900295823,46.772370354546474],[-84.06247480302007,46.772340054529764],[-84.06263520306922,46.77232455451805],[-84.06279540311894,46.772313554507015],[-84.06295530316223,46.772251854488196],[-84.06303190318054,46.77220255447614],[-84.0631005031958,46.772148954463894],[-84.0630930031869,46.77209625445629],[-84.0630850031777,46.772042554448454],[-84.06304710315518,46.77195805443767],[-84.06297830311541,46.771813654419546],[-84.06294000309654,46.77175955441347],[-84.06289460307413,46.771695454406235],[-84.06278750304288,46.771718654416034],[-84.0627722030422,46.7717527544222],[-84.0627265030342,46.77180575443301],[-84.0626503030152,46.771848254443995],[-84.062596702999,46.77185535444822],[-84.06252070297235,46.77183595444962],[-84.06244410293807,46.771755954441836],[-84.06236800290768,46.77170625443866],[-84.06232220288419,46.77163435443026],[-84.06224570284758,46.77153515441946],[-84.06230680285474,46.77143565440062],[-84.0623298028578,46.771401254394],[-84.06239090286417,46.77129495437408],[-84.06239090285513,46.77122185436289],[-84.0623756028357,46.77110415434567],[-84.06233770281236,46.77101295433388],[-84.0623067027869,46.77088665431629],[-84.06229150276319,46.770734054293705],[-84.06228390274939,46.77064195427998],[-84.06225370271858,46.77047065425545],[-84.0622384027071,46.77041705424811],[-84.06223060269657,46.77035205423854],[-84.0622307026924,46.77031825423338],[-84.06222280268523,46.770280254227984],[-84.06222300267763,46.770218354218464],[-84.06223050267582,46.77018445421282],[-84.06223050266871,46.77012705420401],[-84.062261002671,46.7700665541929],[-84.06226130266438,46.77001255418462],[-84.06225510265534,46.76995515417614],[-84.06238060268161,46.76984445415181],[-84.06245190271237,46.7699095541577],[-84.06254330273734,46.76987565414714],[-84.06262730275898,46.769834054135835],[-84.06273440278648,46.76978055412138],[-84.06281820281028,46.769756954112836],[-84.06292480283581,46.7696888540962],[-84.06300870285348,46.76961565408001],[-84.06313100287981,46.76951345405717],[-84.06325290290782,46.76942575403659],[-84.06344370294823,46.76926095400014],[-84.06359620298034,46.76912745397072],[-84.06371850300764,46.76903305394911],[-84.06385580304286,46.7689641539305],[-84.06401590308683,46.768906953912335],[-84.06418380313502,46.76886415389602],[-84.0643746031888,46.76880735387611],[-84.06454240323612,46.76875785385872],[-84.06479420330926,46.76870045383521],[-84.06497730336713,46.76869665382395],[-84.06522890344259,46.768658453803404],[-84.06542730350623,46.76866215379243],[-84.06561050356328,46.76865155378011],[-84.06575570360755,46.76863535376915],[-84.06593860366398,46.76862025375611],[-84.06611420372086,46.76862795374708],[-84.06624400376133,46.76862105373843],[-84.06635050379104,46.76858675372697],[-84.06651080383726,46.768547553711585],[-84.06657970385514,46.76851425370246],[-84.06670930388638,46.76843315368245],[-84.06679290390785,46.768391453671114],[-84.06687700392621,46.7683228536557],[-84.06699930395767,46.76826225363928],[-84.06715930400156,46.768205053621145],[-84.0673423040537,46.76815515360278],[-84.0675792041245,46.768117253583135],[-84.06775430417746,46.768094553569426],[-84.06801370425715,46.76807075355064],[-84.06854020442692,46.7680869535224],[-84.06885330452658,46.76808645350407],[-84.06896000456204,46.768098253499645],[-84.06909740460817,46.76811705349454],[-84.06925750466195,46.76813975348867],[-84.06942540471918,46.76817015348356],[-84.0695778047682,46.768173853475226],[-84.06975340482137,46.768151153461496],[-84.06992140487348,46.768139953449946],[-84.07009690492659,46.768117153436215],[-84.0702572049692,46.76804875341636],[-84.07037900499618,46.76795325339459],[-84.07044020500007,46.76782675337156],[-84.07044780498605,46.76769375335068],[-84.07044030496577,46.767548853328826],[-84.070447704945,46.76736195329973],[-84.0704708049288,46.76717115326902],[-84.07045540489835,46.766964553238225],[-84.07041710485359,46.76670125319997],[-84.07044790483707,46.76648775316539],[-84.07047050481414,46.7662441531266],[-84.07048600478791,46.76599175308693],[-84.07050890477119,46.76579765305575],[-84.07059270477902,46.76564465302739],[-84.07065390478203,46.76551135300331],[-84.07075290479378,46.765351252972906],[-84.07079860479648,46.76525545295553],[-84.07095120482545,46.76509615292215],[-84.07108880485086,46.76494735289127],[-84.07125630488575,46.76479765285848],[-84.07143200492335,46.76464895282538],[-84.07163780496724,46.764473552786406],[-84.0718594050133,46.764275252743],[-84.07213410508062,46.7641114527018],[-84.07243150515183,46.76392125265525],[-84.07263740519993,46.763779552621436],[-84.07285110525203,46.76365005258905],[-84.07307250530556,46.76351255255501],[-84.0735378054297,46.76331775249795],[-84.07378200549387,46.763207652466754],[-84.07396500554698,46.76316565244968],[-84.07414040559813,46.76312715243351],[-84.07433140565944,46.763131052422935],[-84.07454490572802,46.76313545241116],[-84.07462120575275,46.76313905240729],[-84.07481950581632,46.76314265239628],[-84.0749720058654,46.76314645238798],[-84.07509420590574,46.76315775238256],[-84.07530010597227,46.76316575237177],[-84.07552160604142,46.76315415235705],[-84.0757580061172,46.76315795234386],[-84.07594130617986,46.763192352338436],[-84.0761473062502,46.763230752332305],[-84.076314906304,46.763234052323035],[-84.07649060636287,46.76325745231637],[-84.07690240649865,46.7632947522981],[-84.07708540655882,46.76331005228975],[-84.07734480664672,46.763352652281185],[-84.0775280067056,46.763356652271106],[-84.07772620676725,46.76334455225769],[-84.07783310679608,46.76330235224496],[-84.07791730681637,46.7632494522319],[-84.07802390684189,46.763181352215206],[-84.0780928068553,46.76311195220053],[-84.07813860685997,46.76303195218555],[-84.0782223068677,46.762878952157216],[-84.07828330687737,46.762799752141454],[-84.07837510689811,46.76273085212547],[-84.07846650692204,46.762689052113764],[-84.07853510693728,46.7626354521015],[-84.07859620694818,46.76256625208733],[-84.07864210694962,46.76245935206817],[-84.07868770694866,46.762334352046345],[-84.0787182069437,46.76221535202629],[-84.07875650693421,46.76203995199705],[-84.07880230692669,46.76186095196686],[-84.07880970690695,46.76168195193893],[-84.07874130686811,46.761544251921784],[-84.07864220682478,46.761449051912955],[-84.07851220678204,46.761437951918815],[-84.07838240674153,46.76144485192743],[-84.07829090671436,46.7614607519352],[-84.07815380667431,46.76149035194775],[-84.0779704066203,46.76152565196393],[-84.07777200656174,46.761563651981305],[-84.07759660650964,46.76159425199623],[-84.07739090644455,46.76159745200878],[-84.07722300638633,46.761559252012695],[-84.07705520632679,46.761509752014895],[-84.07690240626539,46.761407052008],[-84.0767728062147,46.761330652003814],[-84.07665840616873,46.76125385199868],[-84.07648290610163,46.76116295199493],[-84.07626910601796,46.76103705198807],[-84.07607860594362,46.760926351982164],[-84.07585720585895,46.760811851977515],[-84.07562050576709,46.760678751970886],[-84.07554440573949,46.760651551971115],[-84.07538400568124,46.760593951971615],[-84.07513250558475,46.7604612519659],[-84.07485000548394,46.76037325196885],[-84.0745297053706,46.76028175197349],[-84.07425490527034,46.760178851973706],[-84.07397250516951,46.76009085197665],[-84.07365210504723,46.75992735197021],[-84.07323250489469,46.759774351971174],[-84.07308760484233,46.759724251971925],[-84.07291950478364,46.75968265197535],[-84.0727365047225,46.75965945198249],[-84.0724696046356,46.75964415199567],[-84.07225580456705,46.75964085200765],[-84.07203460449703,46.759644552021136],[-84.07183640443624,46.75966335203556],[-84.07165310438067,46.759686252049804],[-84.07142450431171,46.75971715206784],[-84.07123340425365,46.759740352082595],[-84.07108880420807,46.75974425209161],[-84.0707988041171,46.75975535211023],[-84.07053180403251,46.75975915212638],[-84.07030260395759,46.759743952137406],[-84.07011940389972,46.75974775214868],[-84.06993650383953,46.75973245215703],[-84.06976850378132,46.759694152160925],[-84.06958540371357,46.759618052159894],[-84.06941770365074,46.75954155215795],[-84.0692422035797,46.75941915214936],[-84.06905140350818,46.75933205214713],[-84.06891430345549,46.75925925214394],[-84.06878430340562,46.75919075214101],[-84.06866220335391,46.75908715213214],[-84.06852510329233,46.75894225211795],[-84.06840300323093,46.75875995209703],[-84.06834190319445,46.75862205207935],[-84.06831150317014,46.75850365206296],[-84.06831890312914,46.758152452008545],[-84.06829600310401,46.75800795198764],[-84.06827320307126,46.757801551957286],[-84.06826580305014,46.75764985193439],[-84.06827340302989,46.75746625190571],[-84.06828850301157,46.75727915187605],[-84.06834200301222,46.757146051852516],[-84.06841050302742,46.75709245184027],[-84.0685249030554,46.757024151823096],[-84.06866980309638,46.756982051808144],[-84.06888360315318,46.756890751781626],[-84.0690209031894,46.756829751764286],[-84.06912790321593,46.75676835174861],[-84.06919640323015,46.75670695173512],[-84.06930330324828,46.75657805170908],[-84.06945570327936,46.7564366516785],[-84.06956270330589,46.75637535166281],[-84.06969980334244,46.75631765164594],[-84.06985270337938,46.75622245162241],[-84.07002790342113,46.75610855159469],[-84.07021120346681,46.75600575156817],[-84.0703331035004,46.75596315155454],[-84.07060040357324,46.75586375152366],[-84.07070710359979,46.755803451508136],[-84.07095110366711,46.75571925148095],[-84.07112680371459,46.75565045146017],[-84.07130980376489,46.75558585143954],[-84.07152360382456,46.75551715141651],[-84.07179070390399,46.75547175139394],[-84.07200410396348,46.755402951370954],[-84.07214900400014,46.755325951350635],[-84.0723169040396,46.75521235132342],[-84.07246170406968,46.755082451294946],[-84.07255330407911,46.75492245126501],[-84.07256120406933,46.75482325124935],[-84.07249230403835,46.75474975124202],[-84.07241600401359,46.75474615124595],[-84.07228640397425,46.75476205125597],[-84.07216450393636,46.75476985126426],[-84.0719965038833,46.754773251274564],[-84.07185160383901,46.75478835128538],[-84.07165320377955,46.75481845130156],[-84.07148530372659,46.75482295131205],[-84.07128690365823,46.75478105131719],[-84.07109610359366,46.75475015132354],[-84.070890303521,46.7546926513267],[-84.07063830343654,46.75465895133625],[-84.0705165033926,46.754617251336896],[-84.0703560033324,46.75454385133501],[-84.07009660322676,46.75435735132149],[-84.07000520318492,46.754254051310895],[-84.0699517031476,46.75409015128879],[-84.06992130311916,46.75393795126723],[-84.06990610308742,46.75372015123461],[-84.06998240309007,46.75354485120319],[-84.07009670310526,46.7533729511701],[-84.07021870312481,46.753216751138986],[-84.07050860318896,46.75298845108696],[-84.07073000323822,46.75281595104756],[-84.07093590328545,46.75266755101276],[-84.07113430333591,46.75256435098529],[-84.07176740350408,46.752293150906695],[-84.07182850351936,46.75225885089782],[-84.07203450357468,46.752175650873006],[-84.07224840363101,46.75207995084585],[-84.07243900367996,46.75198485082011],[-84.07262200372695,46.75189325079531],[-84.0729045038075,46.751817050767166],[-84.07316380388538,46.75177855074611],[-84.07326310391416,46.75175565073681],[-84.07344590396858,46.751724850721445],[-84.07360650401556,46.75169135070689],[-84.07376640406028,46.7516408506898],[-84.07387330409009,46.75160655067831],[-84.07403360413645,46.751568450663065],[-84.07414050416541,46.75152735065053],[-84.07419360417326,46.75145385063615],[-84.07425480417727,46.75132855061329],[-84.07427000416888,46.75122125059594],[-84.07430840416235,46.751069450570334],[-84.07431600414489,46.750908350545124],[-84.07432350413501,46.75080915052944],[-84.07426240410203,46.75069945051615],[-84.07420140407459,46.750634650509745],[-84.07407180402292,46.750550450504335],[-84.0739726039847,46.75049685050189],[-84.07389640395668,46.75046625050163],[-84.07377430391305,46.75042795050288],[-84.07362180385748,46.75037125050306],[-84.07344630379632,46.75032875050675],[-84.0733013037455,46.75029105050939],[-84.07302660365139,46.75023765051719],[-84.07284320359014,46.750214450524346],[-84.0726677035291,46.75017305052822],[-84.07248480346365,46.75011495052997],[-84.07230920339597,46.75001955052554],[-84.07205000329704,46.749887050520265],[-84.07189750323721,46.749795450515116],[-84.07181340319761,46.749691950504086],[-84.07175240316829,46.74961155049529],[-84.07169130313524,46.74950175048195],[-84.07166820312314,46.74946305047734],[-84.07159230308766,46.74937165046774],[-84.07150820305613,46.749333450466764],[-84.07137080301423,46.74934835047707],[-84.07127140298542,46.749371350486385],[-84.07109610293628,46.74942555050498],[-84.07117990295295,46.74934455048761],[-84.07124890296747,46.74928415047429],[-84.07130220297316,46.74919275045716],[-84.07136340298509,46.74913145044415],[-84.07145500301148,46.749108750435326],[-84.07151570303215,46.749119450433405],[-84.07154740304223,46.749119650431616],[-84.06796270171279,46.74759905040688],[-84.0679755017121,46.74756065040017],[-84.06784400161209,46.74708925033538],[-84.06525000058102,46.74542965023143],[-84.06269919973383,46.745148150336846],[-84.06250599966502,46.74508925033904],[-84.06107699921424,46.74512455042782],[-84.05931959869109,46.7454213505759],[-84.05700829797081,46.745550850730524],[-84.05267289650499,46.74486325087748],[-84.05152069616763,46.74510345098156],[-84.05032149574402,46.74476655099967],[-84.0477007949142,46.744806951158594],[-84.04685669465928,46.744920151225195],[-84.04542979426341,46.745396251381564],[-84.04005499259614,46.74576125175088],[-84.03480759106522,46.74690335223223],[-84.02950058923756,46.74579355237065],[-84.027967888751,46.74580775246212],[-84.02643358829717,46.746091852595164],[-84.02337098749454,46.74749715298976],[-84.02267058729134,46.747658953055435],[-84.01545878507002,46.74828095357101],[-84.01349928446481,46.74843675370907],[-84.01260688421418,46.74871045380312],[-84.0120472840573,46.74888485386252],[-84.006499182369,46.74953175428508],[-84.00189458092109,46.7496900545774],[-83.99993138029353,46.749674554689314],[-83.9985873798629,46.74965595476465]]]},"properties":{"OGF_ID":800493013,"TRAPLINE_AREA_NUMBER":"SS035","LOCATION_ACCURACY":"Within 50 metres","LOCATION_DESCR":null,"VERIFICATION_STATUS_FLG":"Verified","VERIFICATION_STATUS_DATE":886377600000,"BUSINESS_EFF_DATE_FLG":"Estimated","BUSINESS_EFFECTIVE_DATE":886455143000,"SYSTEM_CALCULATED_AREA":161109323.996,"SYSTEM_CALCULATED_LENGTH":72432.675,"GEOMETRY_UPDATE_DATETIME":1369827126000,"EFFECTIVE_DATETIME":1369818340000,"OBJECTID":44497}}]}