{"type":"FeatureCollection","name":"Wildlife Management Unit","features":[{"type":"Feature","geometry":{"type":"Polygon","coordinates":[[[-84.54571250203946,47.89158329415785],[-84.5456813020039,47.89139359413185],[-84.54564890197157,47.89123089410979],[-84.54561430194465,47.89111339409461],[-84.54555600190155,47.890931994071465],[-84.54547440184119,47.89067829403905],[-84.54523640168043,47.890052293961276],[-84.54501740154765,47.889588893906335],[-84.54436440114092,47.888125993730576],[-84.54360230066621,47.886417993525285],[-84.54340840054644,47.88599089347419],[-84.54332300049575,47.88581809345389],[-84.54311510037385,47.88540879340624],[-84.5430183003134,47.88519069337999],[-84.54286030021738,47.884854393340056],[-84.54270030012677,47.884562993306865],[-84.54254960005004,47.88435279328503],[-84.54241269997777,47.884142993262444],[-84.54236189995287,47.884079093256126],[-84.542286899914,47.883969293244505],[-84.54209659982324,47.88374929322365],[-84.54195639975836,47.88360229321055],[-84.54181579969459,47.88346429319878],[-84.54166229962547,47.88331699318636],[-84.54149589955091,47.88316049317343],[-84.54129009946115,47.882985093160094],[-84.54081429925357,47.88257899312924],[-84.54026829903287,47.882243293112985],[-84.53965979878103,47.881825393088405],[-84.53856449834822,47.88122599306669],[-84.5380050981232,47.880889993051184],[-84.53618979741451,47.87996019302456],[-84.53502629696445,47.87939529301202],[-84.5337746964701,47.87871159298732],[-84.53267879603956,47.87813009296832],[-84.53229989589242,47.87794199296362],[-84.53203889578963,47.87780139295875],[-84.53185709571613,47.877689492953266],[-84.53162299562203,47.87754949294688],[-84.53144059554953,47.8774465929428],[-84.53119429544789,47.87727929293314],[-84.5310012953647,47.877122192921696],[-84.53080599528685,47.877009992917024],[-84.53058679519276,47.876834292904455],[-84.53048389514849,47.87675109289844],[-84.53027869505769,47.87656669288376],[-84.5301143949778,47.87636519286406],[-84.53001349492814,47.87623709285132],[-84.52992329488922,47.876163092845864],[-84.52968189477585,47.87589699282134],[-84.52944669464634,47.87549599277651],[-84.52931359456451,47.87520519274172],[-84.52918199447832,47.87487839270157],[-84.52896459434247,47.874387792642466],[-84.52885889426716,47.87407959260345],[-84.52875359419066,47.87376239256305],[-84.52871469413695,47.87345559252022],[-84.5286723940918,47.87322069248815],[-84.52866909406293,47.873013692457846],[-84.52868049403399,47.872770892421336],[-84.5286795939987,47.87250999238293],[-84.528720093972,47.872213992336825],[-84.52876809396581,47.87205299231018],[-84.52887179397048,47.87183929227236],[-84.5289783939688,47.87157169222645],[-84.52912489397883,47.871295792176866],[-84.52924229398795,47.87108239213826],[-84.52940379399926,47.870779892083874],[-84.52959079402247,47.87050499203194],[-84.53001419405842,47.869758491896164],[-84.53025769409024,47.86941259183035],[-84.53038969410046,47.86917249178692],[-84.53051009410088,47.868887091737534],[-84.53065449411753,47.86866529169603],[-84.5307569941254,47.8684785916623],[-84.53088449414625,47.86832839163241],[-84.53098399416164,47.868204391608096],[-84.53105559417153,47.86810699158937],[-84.53119459420091,47.86799299156412],[-84.53127739422057,47.86794079155137],[-84.53144149426294,47.867863391529966],[-84.53161809431175,47.86780429151053],[-84.5318615943823,47.867746391487174],[-84.53211839445714,47.86768899146312],[-84.53238769453849,47.867649691440995],[-84.53267039462418,47.867610791418066],[-84.53296599471525,47.86758119139572],[-84.53328879481393,47.86754309137045],[-84.5336106949147,47.86752309134798],[-84.53391929501123,47.86750269132619],[-84.5342281951066,47.8674733913031],[-84.53452339519873,47.867452691282104],[-84.53476719526819,47.86738599125744],[-84.53502409534308,47.86732849123334],[-84.53525379541031,47.86727939121212],[-84.53547149547008,47.86720309118765],[-84.53572809554488,47.86714569116358],[-84.53595869561002,47.86707859113971],[-84.53616289566537,47.86700189111595],[-84.53635349571755,47.86693409109437],[-84.53653129576317,47.866847991070884],[-84.53669579580443,47.86676149104813],[-84.53696809587827,47.86665939101652],[-84.53715899592933,47.86658249099357],[-84.53740799598594,47.86640779095268],[-84.53827359619909,47.86592249082852],[-84.53948169649796,47.86525559065675],[-84.54059369677414,47.86464959049978],[-84.54147159699366,47.86418249037755],[-84.54173239705891,47.864044090341274],[-84.54197949711977,47.86390539030581],[-84.54239439721447,47.86361729023808],[-84.54257429725467,47.86348619020784],[-84.54274039729286,47.86337279018096],[-84.54290639732977,47.86325039015288],[-84.54301919734947,47.86312679012775],[-84.54311739736804,47.8630297901075],[-84.54324659738458,47.86284369007218],[-84.54334599739992,47.8627198900479],[-84.54345879741955,47.86259629002283],[-84.54351789742306,47.86248059000221],[-84.54359099742861,47.86234718997803],[-84.54363699742667,47.86222218995685],[-84.5436549974192,47.86212378994123],[-84.54367869739792,47.861908189908],[-84.54368449738288,47.86178228988909],[-84.54369229736366,47.861620489864734],[-84.54366109732815,47.86143088983869],[-84.5436395973067,47.861322489823976],[-84.54361729728615,47.861222989810685],[-84.5435331972323,47.86102318978631],[-84.54336989715037,47.86080368976393],[-84.54318129705537,47.860547789737645],[-84.54302999698098,47.86035558971845],[-84.54287759690855,47.86018148970208],[-84.54263539679735,47.85993318968018],[-84.54244539670677,47.859713089659294],[-84.5422793966312,47.85954758964494],[-84.54206289653077,47.85931798962422],[-84.54183559641959,47.85903408959618],[-84.5413842962273,47.85868258957181],[-84.54084969597905,47.85811318952032],[-84.54020989569183,47.85750558946963],[-84.53995559557312,47.8572300894444],[-84.53971159546622,47.85701798942796],[-84.53949259537224,47.856842389415384],[-84.5393119952955,47.856703489405845],[-84.53911719521666,47.85658238939984],[-84.53893569514209,47.85646138939306],[-84.53876729507299,47.85634988938681],[-84.53857159499621,47.85624668938348],[-84.53836209491621,47.856152189382286],[-84.53817849484699,47.856076289382244],[-84.53794069476263,47.85601718938798],[-84.53766269466519,47.85595738939609],[-84.53738349457105,47.85592428940818],[-84.53710389447792,47.85590028942159],[-84.53691779441513,47.85587828942965],[-84.53636969423854,47.85587548946259],[-84.5355943939895,47.85587678950988],[-84.53499229379656,47.855881789547226],[-84.53436159360045,47.855931289592846],[-84.53326069325905,47.85602448967347],[-84.53262919306509,47.85609198972182],[-84.53221259293721,47.856137089753794],[-84.53172919278764,47.85618068978958],[-84.53120449262825,47.85625028983175],[-84.53053279242124,47.85631688988239],[-84.5302915923454,47.856329689898935],[-84.52997059224249,47.856331689918726],[-84.52975729217212,47.85631818992966],[-84.52965089213642,47.85630688993448],[-84.5295323920931,47.856268389936],[-84.5293346920217,47.85621008993942],[-84.52919109196553,47.85613498993707],[-84.52908769192233,47.856060789932435],[-84.52895839186829,47.85596798992659],[-84.52879099179707,47.85583838991762],[-84.52857099170518,47.85568068990773],[-84.52839179162537,47.85551508989418],[-84.52808449148827,47.85522928987073],[-84.52780079136727,47.855007289855216],[-84.5275182912442,47.85476718983696],[-84.5272483911265,47.85453638981925],[-84.52703119102829,47.85432478980125],[-84.52681349093109,47.85412208978458],[-84.52662279084274,47.853919989766375],[-84.52651149078127,47.853728689744884],[-84.52636089070468,47.85351848972306],[-84.52620109061424,47.853227089689796],[-84.5260923905464,47.85298188966017],[-84.52602289049368,47.852755289631006],[-84.52574909031073,47.85204748954324],[-84.52558139020202,47.8516389894931],[-84.52540419007939,47.85114928943161],[-84.5252261899589,47.85067748937284],[-84.52507748987807,47.85043128934556],[-84.52494198976417,47.84990648927632],[-84.52490068971703,47.849653689241535],[-84.52489788968596,47.849428689208494],[-84.52488068965383,47.84923028918029],[-84.52489098962822,47.84901468914785],[-84.52491358960901,47.84881698911731],[-84.5249743896082,47.848665389091266],[-84.52506108961822,47.848532289066334],[-84.52515998963463,47.84841748904338],[-84.52534358966646,47.84821448900228],[-84.5255656897144,47.848039588962976],[-84.52581548976885,47.847846688919354],[-84.52606268982973,47.84770808888388],[-84.52624308986897,47.84756798885228],[-84.5264640899201,47.847419788816985],[-84.5266720899659,47.84726228878111],[-84.52685299000403,47.847113188748125],[-84.52698039002486,47.84696298871822],[-84.52716039006518,47.84683208868791],[-84.52730039009246,47.84669998865996],[-84.52741359011112,47.84656748863352],[-84.52749949012326,47.846452188611266],[-84.52759959013646,47.84631048858432],[-84.52772149013379,47.845998188530814],[-84.52778469012655,47.84579258849663],[-84.5278085901041,47.84556808846203],[-84.52780519007531,47.845361088431716],[-84.52777629003455,47.84512648839884],[-84.5277201899862,47.84490028836888],[-84.52765278992811,47.844628888332906],[-84.52758518987125,47.844366488298306],[-84.52750448980888,47.84409478826312],[-84.52739628974001,47.84384048823217],[-84.52729928968085,47.84363148820722],[-84.52702728949373,47.842887688113976],[-84.5267543893087,47.84216198802341],[-84.526428689068,47.84114708789343],[-84.52607708881533,47.84010478776096],[-84.52583818862088,47.839226787645885],[-84.52576948856607,47.83898238761399],[-84.52570488850168,47.838656987569884],[-84.5256899884631,47.838404687533554],[-84.5256663884097,47.83806248748444],[-84.52562878835283,47.837728487437474],[-84.5256421883198,47.8374497873955],[-84.52566708829535,47.837207387358205],[-84.5256926882687,47.83694688731818],[-84.52568958823876,47.8367309872865],[-84.52572798818133,47.8362100872073],[-84.5258110880865,47.83530288706831],[-84.52583368802998,47.83482648699663],[-84.5258757880002,47.83450338694639],[-84.52590498796509,47.83417108689554],[-84.52596998795364,47.83392948685594],[-84.52603238794858,47.83374188682445],[-84.52613778794901,47.83349228678119],[-84.52631778795194,47.83308218670971],[-84.52649398796326,47.83274398664908],[-84.5266563879726,47.832423586591965],[-84.5268211879754,47.83204918652664],[-84.52706258797537,47.831469486426435],[-84.52725198799217,47.83114058636639],[-84.52738578799702,47.83085548631612],[-84.5274618879952,47.830659186282546],[-84.52748768796857,47.83039878624252],[-84.52748648793445,47.83014678620541],[-84.52749758790671,47.82991308617021],[-84.52746918786501,47.829669486135984],[-84.52739788781658,47.8294790861122],[-84.52735208778002,47.82931598609088],[-84.52731868775112,47.82918038607289],[-84.52728418772423,47.82906258605758],[-84.527258587675,47.82875608601392],[-84.52714518758157,47.82833068595795],[-84.52715068753032,47.8279348858992],[-84.52717298751226,47.82774638587002],[-84.52719528749421,47.82755788584082],[-84.5272309874805,47.82736968581088],[-84.52724138745496,47.827153985778395],[-84.52726298743785,47.826974485750576],[-84.52728118743049,47.82687588573491],[-84.52729058740704,47.826678085705105],[-84.52728618738034,47.82648898567744],[-84.52721768732555,47.82624458564553],[-84.52710818725997,47.8260172856186],[-84.52695848718253,47.82579808559533],[-84.52672918707682,47.825559185573965],[-84.52644658695388,47.8253190855557],[-84.52618778684705,47.82514268554537],[-84.52594098674776,47.82499318553826],[-84.52554778659977,47.824831785538315],[-84.52448128621299,47.824502885554494],[-84.5241134860768,47.82436888555704],[-84.52369288592236,47.82422478556128],[-84.52333828579054,47.82409138556308],[-84.52295898564581,47.82392088556095],[-84.52259248550651,47.823760085559435],[-84.52224078536835,47.823572485553086],[-84.5219422852475,47.823386085543646],[-84.52160378511365,47.823198785536555],[-84.52120248494856,47.82292918552108],[-84.51984038439608,47.82207188547718],[-84.51874008394292,47.82132818543407],[-84.51845508382644,47.82114198542388],[-84.51828718375633,47.821021385416266],[-84.51809308367655,47.82089118540881],[-84.51790048359238,47.820725185396014],[-84.51773578351492,47.82054158537887],[-84.51764728347176,47.820431685367964],[-84.51756198342122,47.82025898534767],[-84.51721698319136,47.8193694852372],[-84.51693038296722,47.81838238510882],[-84.51642348261386,47.81695858492927],[-84.51576878214283,47.815009884681075],[-84.51521488175739,47.81345888448553],[-84.51507658165119,47.81299708442572],[-84.51503488160519,47.81275318439215],[-84.51501718157417,47.8125637843653],[-84.51498578153992,47.8123831843405],[-84.51498188151216,47.81218508431149],[-84.51500508149199,47.81197868427956],[-84.51505678147629,47.81173678424069],[-84.51510468147013,47.811575884213994],[-84.5151564814533,47.811324984173815],[-84.51515908144688,47.811271084165675],[-84.51516298143734,47.81119018415349],[-84.51540608139584,47.81029558400657],[-84.51564528132661,47.809202783830536],[-84.5156258812999,47.80904948380911],[-84.51560868126786,47.808851183780824],[-84.51561938124127,47.80862638374694],[-84.51561208122202,47.80850028372877],[-84.51559188119742,47.80836488371001],[-84.51558398117925,47.80824758369315],[-84.51556388115466,47.808112183674325],[-84.5155168811214,47.80797628365712],[-84.51549498110109,47.807876883643765],[-84.51547408107743,47.8077503836263],[-84.51538458100028,47.80738838357826],[-84.51534978093729,47.807000783523115],[-84.51532948083809,47.80630748342187],[-84.51528248073026,47.805613683322186],[-84.5151333805761,47.80481868321376],[-84.5150120804285,47.80400588310098],[-84.51497968035908,47.80356428303768],[-84.5149831803133,47.803213382985625],[-84.51497468025885,47.802826282928905],[-84.51502128021862,47.80241338286504],[-84.51500588018236,47.802179082831344],[-84.51499558017062,47.80211588282263],[-84.5149584801502,47.80205218281548],[-84.51490978012113,47.80195198280359],[-84.51484968008361,47.801815682787144],[-84.514789280046,47.801679382770644],[-84.5147288800084,47.8015431827542],[-84.51470787998593,47.80142568273807],[-84.5146871799624,47.80129918272067],[-84.5146385799334,47.80119918270879],[-84.51464427991966,47.801082382691185],[-84.51463727989932,47.80094728267167],[-84.51466027988033,47.80074978264108],[-84.51465287986113,47.80062368262289],[-84.51465787984831,47.80051578260665],[-84.5146651798302,47.800362782583576],[-84.51467207981324,47.80021908256191],[-84.51469297979837,47.80005758253678],[-84.5147102797932,47.79997718252384],[-84.51474047979332,47.799905582511414],[-84.51475717978911,47.7998339824998],[-84.5147731797871,47.7997803824909],[-84.51482817976283,47.79946658244121],[-84.51494347973889,47.79901008236672],[-84.51493547968462,47.79862288230999],[-84.5149322796547,47.798406982278266],[-84.51490127961944,47.79821738225212],[-84.51488697957994,47.79795598221434],[-84.51484397953716,47.79773918218493],[-84.51484067946997,47.79724418211196],[-84.5148179793773,47.796604882018784],[-84.51477467929831,47.796117881949435],[-84.51474647921823,47.795586381872575],[-84.51469827915093,47.795198381818146],[-84.51462287907599,47.79481878176655],[-84.51452857901056,47.79455578173344],[-84.51441017893016,47.79423828169368],[-84.51430777884768,47.793867081645],[-84.51424757877287,47.793451881587245],[-84.51421087871408,47.79309998153744],[-84.51421427866835,47.792749181485384],[-84.51420217862352,47.792442981440836],[-84.51424687858757,47.79206598138237],[-84.5142975785367,47.79156318130496],[-84.5143321784518,47.79084408119658],[-84.51438697839023,47.7902512811056],[-84.5143959783307,47.789783581035906],[-84.5143787782987,47.78958528100759],[-84.51435677827835,47.78948578099425],[-84.51432277825049,47.78935908097757],[-84.51425217820122,47.78915968095237],[-84.51418347814766,47.788924080921646],[-84.51412567810372,47.78873398089706],[-84.51397847801992,47.78846068086554],[-84.51385807794485,47.78818818083255],[-84.51373317788037,47.78800548081314],[-84.5122816771047,47.78568828055849],[-84.51164957676527,47.784666780445754],[-84.51128927657524,47.78410998038523],[-84.51119137651825,47.78391888036288],[-84.51113517647121,47.783701680334175],[-84.51110227644013,47.783547980313415],[-84.51108077641875,47.783439580298705],[-84.51107397639852,47.78330438027915],[-84.51106827637508,47.7831422802555],[-84.5110764763549,47.78297158022974],[-84.51108327633789,47.78282768020803],[-84.51108107630597,47.78259368017358],[-84.51109317627626,47.78234198013557],[-84.51117997598742,47.77996817977922],[-84.51124187579738,47.77839477954273],[-84.51126067571344,47.77772027944181],[-84.51137117544079,47.77541017909339],[-84.5114816751309,47.772820678703596],[-84.51155027492389,47.771103478445326],[-84.51156297478045,47.76999697828084],[-84.5115699747263,47.769574178217866],[-84.51163587467569,47.76903557813416],[-84.51173687464961,47.7685968780631],[-84.51184827463534,47.76822157800084],[-84.51200217462763,47.76779267792801],[-84.51214987463467,47.76748997787431],[-84.5122677746417,47.7672585778329],[-84.51280877464669,47.76599247761276],[-84.51298827465087,47.765591377542535],[-84.513511874661,47.764405877335335],[-84.51418477467514,47.762890777070325],[-84.51448867466928,47.76211437693699],[-84.51454937463139,47.761683776869624],[-84.51449387458224,47.76144857683814],[-84.51439747452221,47.761230676811756],[-84.5143144744665,47.761012776784526],[-84.51422847441826,47.76085807676685],[-84.51414107437314,47.76073017675323],[-84.51394927428822,47.760554976738916],[-84.51371677419243,47.76039687672958],[-84.51352097411703,47.76030267672753],[-84.51314287397052,47.76011447672255],[-84.5125073737154,47.75973177670441],[-84.51197547350225,47.75941427668965],[-84.51048187290792,47.75855397665279],[-84.50889787227592,47.75762867661177],[-84.50837967206604,47.75730247659487],[-84.50806317191673,47.756944676561105],[-84.50795367185246,47.7567262765354],[-84.50786017178501,47.756445276499456],[-84.50785977174888,47.75617537645954],[-84.50791737171839,47.75580767640159],[-84.50799357167959,47.755332376326585],[-84.50815857157001,47.75411207613593],[-84.50841187139201,47.75216487583234],[-84.508589471289,47.75096287564356],[-84.50860917124025,47.75054937558117],[-84.50860317118081,47.75011727551753],[-84.50863237110876,47.74950607542527],[-84.50859747100881,47.74883957532868],[-84.50852817088209,47.74805497521671],[-84.50844527075218,47.74727927510685],[-84.50835957066572,47.74683657504648],[-84.50828817061864,47.74665497502389],[-84.50830237058372,47.74635837497914],[-84.50834107052556,47.7458284748983],[-84.50842267047294,47.74523607480563],[-84.50858507044408,47.74462777470569],[-84.50873947039831,47.74391117459023],[-84.50889157035773,47.74323957448154],[-84.50907477031527,47.742478674357756],[-84.50916527027752,47.7419767742779],[-84.50913947019251,47.74140027419413],[-84.50912957010547,47.7407702741014],[-84.50908057000336,47.74012117400819],[-84.50897806988395,47.73947097391809],[-84.50885326974532,47.73873047381595],[-84.50880376968138,47.73836947376547],[-84.50862976951603,47.737546773654174],[-84.50853256938399,47.73678877354776],[-84.50847536930199,47.73631057348041],[-84.50840266922098,47.735877073420546],[-84.50853676918778,47.73530407332758],[-84.50879636917969,47.734616873210015],[-84.50902016918518,47.734117773122506],[-84.50925136920984,47.73374487305326],[-84.50952186924957,47.733390772984436],[-84.50982126929149,47.732983472905964],[-84.51009036933439,47.73265627284117],[-84.51038576938696,47.73233867277628],[-84.51055536941443,47.732135472735926],[-84.51079816944755,47.73179877267129],[-84.51104096948075,47.7314620726067],[-84.51120816947743,47.73103377253312],[-84.51140186948274,47.73060607245804],[-84.51160166947327,47.73005247236392],[-84.51169786945893,47.729712572307754],[-84.51177296942221,47.72925527223542],[-84.511844769394,47.72886987217397],[-84.51187306936129,47.72855557212568],[-84.5119369693533,47.72834097209003],[-84.5120857693572,47.72801127203214],[-84.5122399693856,47.72785257199931],[-84.51249266943155,47.72758817194483],[-84.51261816945666,47.727473871920296],[-84.51274276948385,47.727377571898494],[-84.51289916950697,47.727174071858876],[-84.51301386952142,47.72700547182695],[-84.51310236952615,47.72682747179521],[-84.51314796952533,47.72671147177527],[-84.5131861695054,47.726469371737046],[-84.5132268694791,47.72617327169073],[-84.51312156940433,47.725865071651434],[-84.5130617693658,47.72571987163351],[-84.51297536931867,47.72557387161709],[-84.51288726927581,47.72546407160618],[-84.51254986914137,47.725267771597494],[-84.51219746900686,47.72510707159501],[-84.5119259688962,47.72493027158525],[-84.51163916878536,47.724789071581725],[-84.511167368611,47.72461687158474],[-84.510763368455,47.72441907157985],[-84.5101619682279,47.72416307157835],[-84.50990296812361,47.724004371570516],[-84.50973476805484,47.72389287156417],[-84.50960546800216,47.72380907155955],[-84.5095026679581,47.72372577155347],[-84.50942796791954,47.723616171541714],[-84.50931576786166,47.72345177152419],[-84.50927936784029,47.72337897151559],[-84.50923016781243,47.72328797150507],[-84.50916876777814,47.72317867149258],[-84.50913266775568,47.723096871482596],[-84.5090294676385,47.722464671395166],[-84.50876906735202,47.72093847118473],[-84.50850476707386,47.71948377098509],[-84.50851776700507,47.71893507090301],[-84.50855466698839,47.7187199708689],[-84.50865946699001,47.718479270826876],[-84.50874666699792,47.71832817079914],[-84.5088889670189,47.71814227076303],[-84.50911706705094,47.71783227070325],[-84.50927216707723,47.7176556706677],[-84.5093836671002,47.7175591706466],[-84.50948186711767,47.71745327062498],[-84.50953896712538,47.71737347060971],[-84.5095832671278,47.717284470593825],[-84.5096412671334,47.71718677057581],[-84.50965916712607,47.71708807056013],[-84.50966516711128,47.716962370541125],[-84.50968246710609,47.71688177052814],[-84.50968796709239,47.71676497051048],[-84.5096922670818,47.716674970496896],[-84.50965916705194,47.716530270477406],[-84.5096366670327,47.71643977046536],[-84.50958906700173,47.71632177045078],[-84.50955346697823,47.716230970439454],[-84.50949436693872,47.71607677042017],[-84.5094498668992,47.71588677039473],[-84.50894396658593,47.71475097025691],[-84.50816876608256,47.71283537001988],[-84.50779566585058,47.71199046991717],[-84.5077664658112,47.71176486988546],[-84.50772086577494,47.71160186986408],[-84.50770166574841,47.7114484698425],[-84.50768346571861,47.71126806981682],[-84.50767806569533,47.71110596979312],[-84.50769596568796,47.711007369777455],[-84.50774146568716,47.710891369757455],[-84.50781656568758,47.71071306972652],[-84.50786736567416,47.71048926969024],[-84.50789996566796,47.710363869669685],[-84.50791976565648,47.710229369648545],[-84.50796796564936,47.710059469620425],[-84.50796056563026,47.70993326960214],[-84.50794026560575,47.70979786958332],[-84.50793086559193,47.70971666957183],[-84.50783166550241,47.70928256951347],[-84.50775596542891,47.708911969463095],[-84.50771346538528,47.70868616943218],[-84.50762826533499,47.70851336941173],[-84.50756896529548,47.70835906939242],[-84.50752086526553,47.70824996937918],[-84.507461565226,47.70809576935989],[-84.50745466520586,47.70796056934023],[-84.50743486518031,47.70781616932007],[-84.5074280651602,47.70768106930043],[-84.50741386512092,47.707419669262514],[-84.50737216507517,47.707175969228906],[-84.50741246505,47.7068888691839],[-84.5073939650213,47.7067174691596],[-84.50746256488932,47.70555816898349],[-84.5074900648218,47.7049827688965],[-84.50747416474975,47.70447856882271],[-84.50744246471677,47.70430696879914],[-84.50743286470289,47.70422566878767],[-84.50748866463971,47.70361506869372],[-84.50751276461767,47.70339056865897],[-84.5075105645859,47.7031564686244],[-84.5075737645789,47.702950868590115],[-84.50762246457073,47.70277186856062],[-84.50765616456138,47.70261976853599],[-84.50770336455632,47.70246776851063],[-84.50771366453098,47.70225216847798],[-84.50772026451521,47.70211726845761],[-84.50770116448754,47.70195486843465],[-84.50762816444474,47.70180926841746],[-84.50754176439764,47.70166336840105],[-84.50744266434526,47.701508268384075],[-84.50726556426166,47.70130646836485],[-84.50709896418978,47.701167868354354],[-84.50689226410489,47.70102836834616],[-84.5066594640104,47.70087936833819],[-84.50618816383505,47.700698068339776],[-84.50542666355864,47.700456568350006],[-84.50495316338856,47.70032026835844],[-84.50473066330576,47.7002344683592],[-84.50456236323807,47.70013176835413],[-84.50440766317365,47.70002046834697],[-84.50426636311357,47.699909368339064],[-84.50408716303524,47.6997524683266],[-84.50389776294521,47.699532368305434],[-84.50346266275534,47.6991539682756],[-84.50329566268456,47.69902436826646],[-84.50308716260393,47.69892086826375],[-84.50269336246086,47.69879546826897],[-84.50237886234466,47.69868046827095],[-84.5019472621834,47.69850906827162],[-84.50078546174265,47.697997768266],[-84.50044696161152,47.697828368261355],[-84.50004576144939,47.69757676824827],[-84.49956726125504,47.697269468231646],[-84.49903846103602,47.69689786820849],[-84.49845736079763,47.69650716818563],[-84.49819826069346,47.696348668177784],[-84.49800336061718,47.696245268174245],[-84.49776896052694,47.696132268171645],[-84.49753346043876,47.69603706817178],[-84.49720486032044,47.69594006817722],[-84.49696776023642,47.69588066818275],[-84.49641286004477,47.69577856820118],[-84.49616195995756,47.69572806820888],[-84.495898259865,47.695668368215934],[-84.49560935976069,47.695580968220455],[-84.49539905968425,47.69551346822316],[-84.49520565960489,47.69538316821549],[-84.49507695955009,47.695281368208185],[-84.49496405949438,47.69513496819329],[-84.49484055942816,47.69493426817099],[-84.49475885936945,47.69468956813964],[-84.49464335928313,47.69431806809145],[-84.49437495905418,47.693241367947934],[-84.49422425890751,47.692500167847065],[-84.49390175858939,47.6908822676265],[-84.49356835826187,47.68921926739985],[-84.49346665814183,47.688560067308195],[-84.49345335810058,47.68828106726757],[-84.49343205804236,47.68789346721132],[-84.49346035800974,47.68757906716297],[-84.49354765798077,47.68714906709388],[-84.49361595796113,47.68683556704322],[-84.4937633579695,47.68654186699074],[-84.49389695797457,47.68625686694034],[-84.49402795798599,47.68602576689811],[-84.49419905801037,47.685795566853635],[-84.49439945803594,47.68550296679806],[-84.49468135808428,47.68518526673388],[-84.49501715814763,47.68485056666392],[-84.49537925822078,47.684525566593756],[-84.49587835832752,47.684122366503765],[-84.49643185844829,47.683693666406676],[-84.4968316585396,47.683414466341105],[-84.49712195860381,47.68319586629107],[-84.49733385863898,47.68294856624154],[-84.49755695868262,47.68273746619672],[-84.49771325870579,47.68253376615707],[-84.49791275873456,47.68226826610558],[-84.4980416587513,47.68208216607021],[-84.49820125876597,47.68180666601963],[-84.49845035878344,47.68133516593457],[-84.49858605878322,47.68100516587744],[-84.4987192587894,47.68072916582835],[-84.49878465878838,47.680562965799794],[-84.49893825878576,47.680171465732336],[-84.49908345878329,47.679801165668614],[-84.49950855877542,47.678712665481356],[-84.49999035877636,47.677553365280154],[-84.50065335877642,47.67594806500176],[-84.50087875877783,47.67541316490867],[-84.50101445877763,47.675083164851536],[-84.50108795878236,47.674940664825904],[-84.50116395878074,47.67474436479218],[-84.5012300587664,47.67447596474837],[-84.50128935876886,47.674351164726204],[-84.50128845873402,47.67409016468754],[-84.50130385869608,47.67376656463856],[-84.5014027586756,47.673372764574076],[-84.5014438586484,47.67306766452629],[-84.50150895852636,47.671989264362274],[-84.50166885839221,47.670588964144706],[-84.50186105817907,47.668514363825],[-84.50198055807114,47.66741016365382],[-84.50200255805444,47.66723066362583],[-84.50202855802709,47.66696126358428],[-84.50225095781424,47.664815363252146],[-84.50255185751963,47.661861362795236],[-84.5028308572418,47.65908686236623],[-84.5031909569129,47.65572916184572],[-84.50350375662592,47.652802361392],[-84.50361985648847,47.65148206118883],[-84.50365675643494,47.65098796111317],[-84.50368505636551,47.65039466102332],[-84.50368165630007,47.64990856095131],[-84.50360955621842,47.6494662608899],[-84.50353185615043,47.649140460846205],[-84.50350645610172,47.64883396080221],[-84.5034781560604,47.6485903607677],[-84.50338735598814,47.648264360724774],[-84.50327965591995,47.64801006069348],[-84.5030936557848,47.64743916061989],[-84.50283065561753,47.646812460542655],[-84.50258505548092,47.64637516049252],[-84.50238845537204,47.64602896045292],[-84.5022242552951,47.64584536043554],[-84.50207785521083,47.64556326040247],[-84.50198075515323,47.645363160378615],[-84.50187105509033,47.645153760354106],[-84.50182855504681,47.64492786032313],[-84.50178895499712,47.64464796028391],[-84.50170925493323,47.64435836024566],[-84.50166555489294,47.64415946021875],[-84.50164365483587,47.64378096016381],[-84.50159865476182,47.64333006009953],[-84.5016200547461,47.64315956007287],[-84.50165815472629,47.64291746003462],[-84.50171635469516,47.64254075997511],[-84.50173765467947,47.64237025994846],[-84.50180875465244,47.641993859888245],[-84.50185095462332,47.64167075983766],[-84.5018249545756,47.641373359795054],[-84.501776154511,47.641003259742995],[-84.50175125446134,47.64068775969761],[-84.50174695443495,47.64049865966978],[-84.50170595438837,47.64024585963466],[-84.50169015435355,47.64002065960209],[-84.50164565431416,47.63983055957654],[-84.50158945426739,47.63961335954763],[-84.50150675421206,47.63939555952029],[-84.50144105415154,47.639097159479896],[-84.50137205409948,47.63887075945042],[-84.50127645403879,47.638643659422414],[-84.50118025397916,47.63842565939586],[-84.50112225393654,47.6382443593724],[-84.50105195388763,47.638044859346984],[-84.50097045382911,47.63780015931554],[-84.50093865379624,47.637628459291925],[-84.50091775377402,47.63751095927572],[-84.50091005375604,47.63739375925875],[-84.50093005374349,47.63725025923622],[-84.50093735372562,47.63709745921304],[-84.50100935369662,47.63670305915006],[-84.50107075369388,47.63653345912113],[-84.5011184536879,47.63637255909438],[-84.50116305368928,47.63627455907708],[-84.50119395368735,47.636185359061955],[-84.50122545368447,47.63608685904544],[-84.50122845367711,47.63602395903591],[-84.50121755366645,47.63596985902854],[-84.50121795362848,47.635681758985626],[-84.5012020535936,47.635456458953094],[-84.50118715355667,47.63521315891787],[-84.50113215350679,47.63496905888487],[-84.50109135345907,47.634707158848386],[-84.50103645340917,47.634462958815405],[-84.50104935337767,47.63419325877456],[-84.50099015319087,47.63292315858929],[-84.50095235302526,47.6317617584189],[-84.50093695298933,47.63152735838496],[-84.50095755297575,47.63137465836103],[-84.50100825296245,47.63115075832469],[-84.50100775292663,47.63088085828461],[-84.50102055289507,47.63061115824368],[-84.50103645285621,47.6302785581933],[-84.50105025282267,47.62999085814968],[-84.50102875276458,47.62960345809335],[-84.5009772527063,47.62928735804949],[-84.50093825265444,47.62898955800758],[-84.5009219526206,47.628773257976356],[-84.50093535255124,47.62821555789262],[-84.5009729524957,47.62770365781425],[-84.50097855240827,47.627028657713524],[-84.50099245233788,47.62646205762847],[-84.50101185229072,47.62605755756715],[-84.5010638522362,47.62551875748386],[-84.50110295221437,47.62525865744284],[-84.50114325218938,47.624971557397686],[-84.50116595217057,47.62477405736696],[-84.50120245215506,47.624567857334064],[-84.50123845214054,47.624370757302614],[-84.50133285213069,47.624066857251705],[-84.50139585212375,47.623861257217314],[-84.50146945212735,47.62370985719037],[-84.50161265214632,47.623505957151416],[-84.50178745216013,47.62318585709324],[-84.5019572521865,47.62297355705143],[-84.50216695222585,47.622762157007315],[-84.50243285227624,47.62249815695199],[-84.5026987523242,47.62221585689398],[-84.50282495234723,47.62208365686669],[-84.5038890525798,47.62126095668009],[-84.50438545269164,47.62090275659686],[-84.5047473527636,47.62056885652535],[-84.50505255282664,47.620305456467705],[-84.50531725287904,47.620059456415184],[-84.50548575290857,47.61987375637736],[-84.50565775292972,47.61961665632875],[-84.50571775293014,47.61947395630392],[-84.50600155293526,47.61882335618999],[-84.50606845291884,47.618536756143335],[-84.50606415289249,47.61834765611548],[-84.50608605287579,47.618168156087464],[-84.50607185283671,47.617906856049416],[-84.5060542528061,47.617717556022335],[-84.50603625277652,47.61753735599663],[-84.50599285273516,47.617329255968286],[-84.50588745266184,47.61702995593014],[-84.50583035261722,47.61683075590396],[-84.50570885254581,47.616585155874716],[-84.50560645246516,47.61622295582705],[-84.50542835234816,47.61576915577028],[-84.50530595227886,47.6155415557438],[-84.5052100522193,47.61532345571716],[-84.5048140519356,47.6141359555644],[-84.5041221514552,47.612177155314804],[-84.50376615118446,47.61099075515977],[-84.50352135101022,47.6102653550666],[-84.50337755091977,47.609929255025236],[-84.50319345081745,47.609601254987574],[-84.50303525072593,47.609291954951075],[-84.50290075065033,47.60904595492259],[-84.50280165059813,47.60889105490555],[-84.50268625054885,47.6087982548987],[-84.50258375050504,47.60871505489249],[-84.50248125046116,47.60863175488631],[-84.50243075043775,47.608576954881215],[-84.50212405030408,47.608309154859874],[-84.50190795020688,47.60809755484143],[-84.50179415015342,47.607968954829154],[-84.50169355010547,47.607849954817496],[-84.5016043500659,47.60776675481049],[-84.50156665004778,47.607721054805985],[-84.50127894990483,47.60733675476614],[-84.5011789498547,47.60719965475182],[-84.50102884977998,47.606998354730926],[-84.50092774973304,47.6068881547206],[-84.50086794969474,47.6067429547026],[-84.5008348496662,47.60660715468437],[-84.50079994964068,47.60649845467031],[-84.50075144961195,47.606398554658355],[-84.50071794958329,47.60626285464019],[-84.5006982495579,47.6061183546199],[-84.50067604953888,47.6060280546078],[-84.50068194952416,47.60590195458869],[-84.5007024495118,47.60575845456607],[-84.50070774949809,47.60564155454838],[-84.5007548494931,47.60548965452295],[-84.50081584949147,47.605328954495306],[-84.5009030494983,47.60516885446626],[-84.5010186495108,47.60498245443153],[-84.50109184951548,47.604840254405914],[-84.50119264952673,47.60468025437604],[-84.50133404954869,47.6045033543412],[-84.50147644956866,47.6043084543036],[-84.50162054958439,47.60407765426055],[-84.50166554958471,47.6039706542419],[-84.50168374957754,47.60387205422614],[-84.50171354957767,47.60380075421372],[-84.5017204495609,47.60365685419188],[-84.50174024954948,47.60352225417067],[-84.50175724954433,47.60344175415765],[-84.5017645495265,47.60328895413451],[-84.50177864949192,47.60299225408947],[-84.50178764946988,47.60280345406085],[-84.50176584944975,47.60270395404737],[-84.50172894942952,47.60264025404011],[-84.50164264934585,47.602215353982054],[-84.5016094493173,47.602079653963855],[-84.50157454929176,47.60197095394978],[-84.50155354926953,47.60185345393358],[-84.50154474925486,47.60176355392076],[-84.50157924924339,47.60159295389323],[-84.50163194922487,47.60132425385006],[-84.5016676492115,47.60113605381994],[-84.50171644920238,47.60094815378901],[-84.50178244918811,47.600679653745075],[-84.5018870491899,47.60043905370298],[-84.50197644919267,47.600242953668335],[-84.50209324920077,47.60002035362818],[-84.50219784920256,47.599779853586064],[-84.50229904921278,47.59961105355485],[-84.50244174923165,47.59940715351586],[-84.50259784925484,47.5992037534762],[-84.50274104927267,47.59899075343589],[-84.50285464928919,47.59884015340656],[-84.50365544939162,47.5976698531841],[-84.50513034957437,47.59547035276771],[-84.5063094497077,47.59361505242039],[-84.5066680497501,47.59306505231686],[-84.50683794977658,47.59285275227501],[-84.50695444978578,47.592639352236205],[-84.50701664978097,47.592451652204545],[-84.50710484978576,47.5922736521727],[-84.507166449782,47.59209515214242],[-84.50724414977624,47.591862752103125],[-84.50732144977047,47.591630652063905],[-84.50735594976022,47.5914693520378],[-84.50740524975006,47.59127245200551],[-84.507485349738,47.59098615195803],[-84.50751794973192,47.59086085193743],[-84.50753934971634,47.59069035191079],[-84.50755774970806,47.59058275189363],[-84.50753064966368,47.59031215185502],[-84.50750044962665,47.59010445182587],[-84.50750024959096,47.58983455178572],[-84.5073821494377,47.588959151662486],[-84.50715764903181,47.58642555129878],[-84.5071137489524,47.5859296512276],[-84.5071111489477,47.58590035122344],[-84.50685284844945,47.582747350769495],[-84.50681554839356,47.582413650722046],[-84.5067699483207,47.58197165065895],[-84.50671354827517,47.581763450631385],[-84.50664514822107,47.58151895059908],[-84.50653664815513,47.58128265057041],[-84.50646474811052,47.58111895055038],[-84.50631624803172,47.58088185052403],[-84.5062177479785,47.58071775050553],[-84.50613034793483,47.58059885049307],[-84.5060039478762,47.58046115048019],[-84.50581564778449,47.58022305045612],[-84.50564924771408,47.5800934504468],[-84.50542954762524,47.579953650439236],[-84.50526324755371,47.57981515042865],[-84.50508264747988,47.57969415042153],[-84.50470864732816,47.57945215040804],[-84.50420564712398,47.57912615038984],[-84.50377464696328,47.5789547503903],[-84.50356684688305,47.5788512503874],[-84.50339584682304,47.5788115503918],[-84.50320074674806,47.578717250389516],[-84.50305774669356,47.57865115038833],[-84.5029802466626,47.57860455038604],[-84.502852446607,47.57849365037723],[-84.50273754655686,47.57839225036905],[-84.50266304651852,47.57828275035725],[-84.50258884647913,47.57816395034403],[-84.50250314643125,47.57800915032612],[-84.50241614638651,47.57788125031232],[-84.50235754634625,47.57771795029153],[-84.50228714629739,47.57751855026608],[-84.50226584627626,47.57741005025121],[-84.50221974624125,47.57725605023103],[-84.50221274622234,47.57712985021265],[-84.5021915462001,47.57701245019647],[-84.50221164618765,47.57686875017382],[-84.50226054617856,47.576681050142895],[-84.50229434616938,47.57652875011819],[-84.50235564616665,47.57635905008923],[-84.50247584616761,47.57607365003947],[-84.50263194618965,47.57586134999843],[-84.50283954623426,47.5756947499611],[-84.50300824626277,47.57550044992197],[-84.50319054629445,47.575297449880715],[-84.50330474631002,47.57513794985009],[-84.50344784632787,47.57492504980972],[-84.50356614633293,47.574675749765525],[-84.5036545463378,47.574497649733615],[-84.50374184634471,47.57433754970449],[-84.50381474635056,47.57420424968027],[-84.50389064634898,47.574007849646456],[-84.50393864634201,47.5738378496182],[-84.50395854632947,47.57369434959565],[-84.50400354632981,47.573587349577],[-84.50399754630774,47.57343424955451],[-84.50401684629735,47.57330854953465],[-84.50399574627517,47.57319114951842],[-84.5039499462402,47.573037249498256],[-84.5038780461956,47.572873649478225],[-84.50383294615854,47.57270164945528],[-84.50372154609995,47.57252814943621],[-84.50362044605306,47.57241804942588],[-84.5035068459998,47.57228964941362],[-84.5031087457964,47.57171404935187],[-84.50279464564511,47.571329349313494],[-84.50245304548726,47.5709618492793],[-84.50230224541478,47.57077864926112],[-84.50211714531588,47.57047754922742],[-84.5018792451987,47.570166549195406],[-84.50171434512403,47.570000849180694],[-84.50157974504847,47.56975484915217],[-84.50134184493129,47.56944374912011],[-84.50122024486119,47.56920714909221],[-84.50108914477735,47.56888924905277],[-84.50103044473705,47.568726049031966],[-84.50091034466269,47.56845344899857],[-84.50083974461496,47.56826294897446],[-84.50077034456413,47.56804544894622],[-84.50072854451979,47.567810448913754],[-84.50068754447224,47.567548648877185],[-84.50067314443437,47.567296348840465],[-84.50065694439958,47.56707104880791],[-84.50067984438091,47.56687354877709],[-84.50071414437065,47.56671234875096],[-84.50072044435493,47.5665774487305],[-84.50081954429697,47.56589584862295],[-84.50081914426133,47.565625748582754],[-84.5008212442194,47.56530184853436],[-84.50091324410467,47.56420594836552],[-84.5010289439325,47.5626156481215],[-84.50111414383453,47.56166364797451],[-84.50114454376033,47.56102534787756],[-84.50111494372233,47.56080874784706],[-84.50108414368752,47.560619047820644],[-84.50099974363656,47.56043724779864],[-84.50090284357918,47.56023714777467],[-84.50079014352382,47.56009074775964],[-84.5006120434449,47.55992484774561],[-84.50047234338201,47.559786947733464],[-84.50026494330072,47.559674347729214],[-84.50000704319602,47.55950664771976],[-84.49989094314904,47.559432047715624],[-84.49974884309248,47.559348047711715],[-84.4996575430582,47.559310047711534],[-84.49952604301214,47.55928024771502],[-84.49892234279683,47.55911404772661],[-84.49830284258351,47.559001547747165],[-84.4978548424292,47.558919747762005],[-84.49732914224387,47.55879124777451],[-84.49696074211528,47.55871114778479],[-84.49673704203704,47.55866134779083],[-84.49657824198452,47.55864894779857],[-84.49635404190732,47.558608147805955],[-84.49615694183768,47.558558647810486],[-84.49594704176269,47.5585000478144],[-84.49578904170806,47.558469547819406],[-84.4955930416364,47.55840234782114],[-84.49544844158491,47.558363147824004],[-84.49527844152288,47.55830544782571],[-84.49521324149826,47.55827704782538],[-84.49514854147255,47.55823954782367],[-84.49507054144263,47.55820194782279],[-84.49503164142769,47.558183047822304],[-84.4949828414001,47.5580920478117],[-84.49490824136176,47.55798234779986],[-84.49485724133936,47.557936247796036],[-84.49479374131053,47.55787184779027],[-84.49470524127008,47.557779947781874],[-84.49464184124129,47.557715447776076],[-84.49455274120184,47.557632647769125],[-84.49451584118162,47.557568847761814],[-84.49444094114439,47.557468247751345],[-84.49438184110515,47.55731394773194],[-84.49432494106074,47.557114747705675],[-84.49429354102696,47.5569340476806],[-84.49430224100607,47.55675424765331],[-84.49432404098944,47.55657464762518],[-84.49433094097279,47.55643094760333],[-84.49436814095517,47.55620674756768],[-84.49440294094401,47.55603674754026],[-84.4944226409326,47.555901947518976],[-84.49444144092325,47.55578544750048],[-84.49444704090969,47.5556685474827],[-84.49443894089286,47.55556034746705],[-84.4944220408602,47.55535304743717],[-84.49440044084024,47.55525354742366],[-84.49430264078495,47.555071447402405],[-84.49417814072221,47.554897747384004],[-84.4940131406476,47.554732247369294],[-84.49390154059019,47.55456784735149],[-84.49376474051992,47.55436674732977],[-84.49365384046042,47.55418434730923],[-84.49355754040207,47.553975247283866],[-84.4934983403628,47.55382094726446],[-84.49346624033116,47.55365834724214],[-84.49332444020013,47.55300724715359],[-84.49334424018879,47.55287264713236],[-84.49332934015197,47.552629247096945],[-84.49329124009827,47.552313547052165],[-84.49331354008068,47.552125147022714],[-84.49332164006081,47.551954346996794],[-84.49331814003249,47.55174724696611],[-84.49326473997975,47.55147634692895],[-84.49319923991949,47.55117764688834],[-84.49313083986665,47.55094224685735],[-84.49296033976893,47.550614546818814],[-84.49279033967022,47.55027774677882],[-84.49256583955743,47.54996694674598],[-84.49230193943067,47.54964614671405],[-84.49211403933924,47.54940814668991],[-84.49191213924556,47.54918784666919],[-84.49174783916878,47.54900414665172],[-84.49161253909546,47.54877624662586],[-84.4914904390276,47.548557546600605],[-84.4913703389533,47.548284946567236],[-84.49125293887279,47.5479584465256],[-84.49106413867341,47.54690134637934],[-84.49106853858967,47.546253546282465],[-84.4911236385472,47.54579584621085],[-84.49113463853895,47.54570604619688],[-84.49111643848724,47.54535694614589],[-84.49109953844129,47.54504834610085],[-84.49107653838774,47.54469694604983],[-84.49094583815751,47.54326314584389],[-84.49080243792085,47.54181134563597],[-84.4907288378072,47.541125645538166],[-84.49072543777889,47.54091864550752],[-84.49072433774546,47.54066664546994],[-84.49076323772377,47.54040654542881],[-84.49081513770744,47.540155645388296],[-84.49086613769319,47.53992284535051],[-84.49090763766526,47.53960874530112],[-84.49100233765446,47.53929584524876],[-84.49109483764892,47.53902794520321],[-84.49120553763622,47.5386613451419],[-84.49133733764461,47.53840354509547],[-84.49158753762144,47.5376169449631],[-84.49186983763,47.53699324485305],[-84.49202873764588,47.53672664480369],[-84.49212043764241,47.536476644760874],[-84.4922202376558,47.536334844733716],[-84.49228013765625,47.53619214470885],[-84.49231523764396,47.53601294468],[-84.49237583764345,47.53586134465372],[-84.49238253762674,47.535717444631814],[-84.49233893754999,47.5352395445632],[-84.49228763749205,47.53492354451916],[-84.4922585374531,47.53469784448723],[-84.49220283740553,47.534471644456815],[-84.4920916372739,47.53374034435443],[-84.49207623723821,47.53350604432041],[-84.4920766372006,47.53321824427743],[-84.49208443718179,47.533056144252754],[-84.49214613717815,47.532877744222446],[-84.49216883715945,47.532680144191616],[-84.49217273711348,47.53232024413766],[-84.49218883707496,47.53198764408705],[-84.49223313703966,47.53161064402815],[-84.49224103698428,47.531169843961926],[-84.49224223694455,47.53086384391617],[-84.4922157368627,47.530305443834465],[-84.49229133682573,47.52983914376037],[-84.49230503679236,47.52955154371659],[-84.49234303677277,47.52930934367817],[-84.4923798367563,47.52909414364383],[-84.49263963674697,47.52838884352297],[-84.49271623674336,47.52817444348636],[-84.49280513674611,47.52797854345177],[-84.49291053674591,47.52771984340686],[-84.49301283675298,47.52752414337151],[-84.49311463676112,47.52733744333748],[-84.49325563678424,47.527169543303934],[-84.49340093679693,47.526911743256726],[-84.49351723680617,47.526698243217886],[-84.4936487368156,47.52644914317277],[-84.49371343680463,47.52620764313282],[-84.49374083677452,47.52591124308699],[-84.49371313673248,47.52565864305095],[-84.4936607366766,47.52536044300955],[-84.49358503660488,47.524998942960195],[-84.493533236548,47.52469184291749],[-84.49322173624539,47.52314614270557],[-84.49304843600876,47.52176554250993],[-84.49292653590325,47.521258942441676],[-84.49286983585776,47.521050742414054],[-84.49280093580717,47.52083324238571],[-84.49267953573606,47.52058764235638],[-84.49257043567243,47.52036924233036],[-84.49242403558969,47.52009604229838],[-84.49229213550933,47.51980534226293],[-84.49214753542127,47.519487042224114],[-84.49205213536096,47.519259942195944],[-84.49194433529422,47.51901464216587],[-84.49188843524665,47.51878844213547],[-84.49162893507429,47.51810784204951],[-84.49144533497245,47.51777984201156],[-84.49128653488337,47.51748844197764],[-84.49113723480798,47.517278141955245],[-84.49103743475797,47.517140941940724],[-84.49092403470485,47.51701254192839],[-84.49077453462937,47.516802241906014],[-84.4906141345445,47.51654674187755],[-84.49051823448517,47.51632864185071],[-84.49048793444942,47.51613004182293],[-84.49042163439141,47.51584964178506],[-84.4903923343694,47.51575334177243],[-84.49022283424237,47.51519844169981],[-84.49019203421923,47.515097641686616],[-84.49012343416642,47.51486214165557],[-84.49009223413273,47.51468154163053],[-84.49003433409042,47.51450024160694],[-84.48996523403973,47.514282741578604],[-84.48985943396784,47.51399254154165],[-84.48974933390627,47.51379214151837],[-84.48965233385015,47.513601041495676],[-84.48945213375242,47.513344641469445],[-84.4893041336739,47.51310744144294],[-84.4890114335451,47.51284004142063],[-84.48873083342258,47.51259094140031],[-84.48853883334168,47.512442741389734],[-84.48811223313655,47.51192044133741],[-84.48798773307392,47.51174664131899],[-84.48778473298238,47.511544241301],[-84.48759733288995,47.51129714127537],[-84.48741003279758,47.51105014124976],[-84.48727353272753,47.510849141227965],[-84.48719183267043,47.51061334119768],[-84.48715073262409,47.51036044116237],[-84.48714923259178,47.51011744112618],[-84.4871855325764,47.50991124109321],[-84.48727993256676,47.50960734104215],[-84.48735763256008,47.509366341001474],[-84.48748523257885,47.509197940968704],[-84.4877087326204,47.50896884092104],[-84.48799723268652,47.50876824087369],[-84.48835173277514,47.50857804082399],[-84.48868123285091,47.508351240770295],[-84.48909033295244,47.50812624071208],[-84.48922693298599,47.5080482406922],[-84.48993913315479,47.50759594058176],[-84.49047433327938,47.50723874049625],[-84.49069413332914,47.507081540459545],[-84.49088633337357,47.50695074042849],[-84.4910674334085,47.50677474039129],[-84.49126513343936,47.50652704034243],[-84.49142223345943,47.5062965402985],[-84.4915545334668,47.50602944025069],[-84.4916344334549,47.505743440203155],[-84.49172483345458,47.5055202401644],[-84.4917591334445,47.50535924013829],[-84.49180093341666,47.50504494008884],[-84.49181783337494,47.50468534003414],[-84.49181183335295,47.50453224001162],[-84.49174513329605,47.50426083997511],[-84.4917083332393,47.50391803992614],[-84.49165033319818,47.50374563990388],[-84.49155483313787,47.503518739875716],[-84.49130923293113,47.502541539744556],[-84.4912057328541,47.50220623970073],[-84.49098843268834,47.50147253960421],[-84.49079323254155,47.50082933951989],[-84.49074803250575,47.50066633949827],[-84.49073353246803,47.50041403946147],[-84.49073183243564,47.50017093942528],[-84.49075403241805,47.49998253939579],[-84.49078923240586,47.4998033393669],[-84.49082863238323,47.49953423932434],[-84.49084233234991,47.49924643928055],[-84.49086763228856,47.498716139199786],[-84.490867632252,47.49843723915812],[-84.49084713211926,47.49747393901549],[-84.49081803208036,47.49724823898355],[-84.49080013205102,47.49706793895768],[-84.49070393199281,47.49685893893219],[-84.49057563190306,47.496487038884425],[-84.49034973172165,47.49565413877356],[-84.48984623137511,47.49423933859252],[-84.48947863106308,47.492755438392926],[-84.4893634309422,47.49211393830404],[-84.48926933084228,47.49158093823004],[-84.48924553075449,47.49096873814003],[-84.48920103068,47.49050863807397],[-84.48914543059607,47.490003438001814],[-84.48914413056264,47.4897513379642],[-84.48913933053753,47.48957133793761],[-84.48913863050316,47.48931043789866],[-84.48918053047426,47.48898733784786],[-84.48924693045923,47.48870983780243],[-84.48931163044833,47.488468337762434],[-84.48938853044372,47.488245037724425],[-84.48950273045824,47.48807663769245],[-84.48974133049994,47.48781173763847],[-84.48991013052736,47.487608537597964],[-84.4901074305593,47.48736983755042],[-84.49077273065878,47.48650253738082],[-84.49090113067551,47.486316337345315],[-84.49102993069125,47.48612143730842],[-84.49113293069625,47.48590753727029],[-84.49118513067893,47.48564773722828],[-84.49123793066065,47.485378837184946],[-84.4912490306336,47.48514513714932],[-84.49123873058554,47.484803037098864],[-84.49120883054876,47.48459523706961],[-84.4912042305237,47.484415237043],[-84.49113753046683,47.484143837006414],[-84.49103693038255,47.48374583695298],[-84.49095873031726,47.48343793691166],[-84.49078353019588,47.48293913684767],[-84.4906601300936,47.482459536783445],[-84.49063533004436,47.48214403673781],[-84.49063663000474,47.481838036691975],[-84.4906886299874,47.48157833665001],[-84.49073082995862,47.48125523659918],[-84.4907492299139,47.480868636540286],[-84.49076372987858,47.48056303649374],[-84.49078902985379,47.48031153645465],[-84.49076342980663,47.480014036411745],[-84.49072582975211,47.47968923636546],[-84.49065142967746,47.47930073631183],[-84.49057792956425,47.478615336213856],[-84.49027692927395,47.47713273601031],[-84.49026922921965,47.47673663595158],[-84.49023472915786,47.47634893589572],[-84.49023802911303,47.475998035843084],[-84.49025302907667,47.47568333579509],[-84.49025692903088,47.47532353574111],[-84.49030122899687,47.4749555356834],[-84.49036972897548,47.4746242356298],[-84.49042982893958,47.47420243556309],[-84.49051622891216,47.47378133549497],[-84.49064972891644,47.47348733544299],[-84.49073872891928,47.47329123540833],[-84.4912144289682,47.47250103526156],[-84.49130162897515,47.47234073523234],[-84.49135202896201,47.47211683519587],[-84.49132552891699,47.47183733515569],[-84.4912710288664,47.47158413512109],[-84.49111432877343,47.47125673508155],[-84.4909321286687,47.47090183503947],[-84.49063962850363,47.47035543497537],[-84.49032442828417,47.46944863485873],[-84.48996932797999,47.4679920346623],[-84.4896217276936,47.46665253448289],[-84.48930452737004,47.46495383424797],[-84.4890058270383,47.46314743399577],[-84.48896222699838,47.46294853396866],[-84.4889032269593,47.4627942339491],[-84.48885832692248,47.4626223339261],[-84.48885102690365,47.46249613390767],[-84.48884372688485,47.46237003388924],[-84.48884852687347,47.46227123387419],[-84.48885792685057,47.46207333384404],[-84.48888162683006,47.46185813381042],[-84.4888890268124,47.461705033787105],[-84.48889432679881,47.46158823376932],[-84.4889149267855,47.46143563374522],[-84.48894952677432,47.461265433717735],[-84.48899392677578,47.461167433700375],[-84.48908172678173,47.4609983336698],[-84.48916682679396,47.460883233647465],[-84.48927972681162,47.460741933619545],[-84.48936392682585,47.46064463359994],[-84.48950382685105,47.460494633569134],[-84.48957432686205,47.46040623355164],[-84.48964582687103,47.4602997335314],[-84.48979932689944,47.46014123349846],[-84.48982802690277,47.46009673349008],[-84.48991032692119,47.460035733476055],[-84.49014652696799,47.459815733428925],[-84.490218426976,47.45970063340739],[-84.49025032697101,47.45958433338808],[-84.49026762696596,47.45950353337496],[-84.49031282696525,47.45938753335492],[-84.49034532695931,47.45926223333419],[-84.49036162695631,47.45919963332388],[-84.49035132694479,47.45913643331504],[-84.49028472677868,47.458028033153234],[-84.49014292646719,47.455991232857116],[-84.49013312641812,47.455640032805164],[-84.49009012637718,47.455432132776664],[-84.49006902635512,47.45531463276033],[-84.49003432632979,47.45520593274615],[-84.48999972630452,47.45509713273199],[-84.48996702627512,47.45495253271233],[-84.48988912620881,47.454635732669615],[-84.48983162616558,47.45444553264459],[-84.48978472613396,47.45431853262845],[-84.48972532609596,47.45417323261024],[-84.48962702604308,47.45400913259161],[-84.48951762598074,47.4537997325669],[-84.48944492593847,47.453654132549474],[-84.48939652590991,47.45355423253744],[-84.48933802586981,47.453390832516476],[-84.48930172584872,47.45331803250778],[-84.48926642582559,47.45322733249633],[-84.48921752579801,47.45313623248563],[-84.48919442578114,47.45306373247618],[-84.4891135257221,47.452810032443125],[-84.48903172566635,47.45258333241409],[-84.48888842557656,47.452247132372406],[-84.48884862552725,47.45196723233292],[-84.48881832549162,47.451768632305054],[-84.48877512545064,47.45156073227651],[-84.48873142541069,47.451361832249404],[-84.48870992539082,47.451262332235835],[-84.48868922536768,47.45113583221813],[-84.48867262533525,47.45092853218813],[-84.48865292531009,47.450784132167676],[-84.48864532529235,47.45066693215065],[-84.48863882527147,47.45052283212948],[-84.48863072525475,47.45041463211376],[-84.48861172522862,47.450261232091975],[-84.48859022520757,47.450152832076995],[-84.48855302515213,47.449819032029325],[-84.48856202513035,47.44963023200055],[-84.4885684251148,47.44949543197997],[-84.4885586251022,47.44942323196974],[-84.48853772508019,47.44930573195343],[-84.48854292506773,47.449197831936985],[-84.48854622505941,47.44912593192599],[-84.48855222504494,47.44900013190686],[-84.48855522503767,47.448937131897225],[-84.4885470250209,47.44882903188156],[-84.48856342501796,47.448766331871184],[-84.48856732500865,47.44868533185882],[-84.4885841250047,47.448613831847126],[-84.48854842498142,47.44852303183567],[-84.48851422495508,47.44840533182014],[-84.48846642492556,47.44829643180674],[-84.48838002488003,47.44815943179137],[-84.48834362485889,47.44808663178268],[-84.48828092482924,47.448013231775484],[-84.48821892479745,47.44792193176554],[-84.48815962475953,47.44777663174738],[-84.48809922472358,47.44764933173192],[-84.48807832470152,47.44753183171562],[-84.48806842468892,47.447459631705435],[-84.4880602246722,47.44735143168973],[-84.48803812465329,47.44726103167752],[-84.48804372463984,47.44714413165971],[-84.48803562462312,47.447036031643975],[-84.48805532461184,47.446901331622655],[-84.4880635245922,47.44673063159661],[-84.48808102458615,47.44664123158222],[-84.48807412456627,47.44650593156238],[-84.48806612454959,47.44639773154667],[-84.48804202453475,47.44634323153997],[-84.48800492451572,47.44628843153396],[-84.48776252437514,47.445806131476374],[-84.48761772428963,47.44550603144017],[-84.48744932418825,47.44514233139587],[-84.48725272408251,47.44481403135852],[-84.48714082402643,47.444658631342016],[-84.48700312395961,47.44448453132423],[-84.48692702392563,47.44441093131779],[-84.48685182388964,47.44431933130858],[-84.48679392384861,47.4441470312863],[-84.48677022383276,47.4440835312782],[-84.48676082381914,47.44400233126661],[-84.48676812380153,47.44384953124335],[-84.48676382377546,47.4436604312153],[-84.48674592374621,47.44348013118938],[-84.48672622372108,47.44333593116897],[-84.48663572364953,47.44300963112559],[-84.48654302358318,47.442728731089126],[-84.48652162356218,47.44262023107416],[-84.48647502352951,47.4424842310566],[-84.48642762349895,47.442366231041795],[-84.48634042345553,47.44224733102924],[-84.48627982342066,47.44212903101516],[-84.48620662337945,47.44199243099917],[-84.48614642334354,47.44186503098364],[-84.48608572330868,47.44174683096964],[-84.48602502327381,47.44162853095557],[-84.48592722321992,47.44145533093552],[-84.48585262318292,47.44135473092495],[-84.48571362311925,47.44120773091128],[-84.48560022306623,47.44107923089889],[-84.48552532303027,47.44098763088967],[-84.48542482298252,47.440868430877906],[-84.48529632292933,47.44077563087172],[-84.4852712229177,47.440748030869095],[-84.48519662288068,47.440647430858526],[-84.48512082284566,47.440564830850725],[-84.48505672281902,47.44051823084758],[-84.4849678227798,47.44043543084049],[-84.48490372275324,47.44038903083742],[-84.48468742265872,47.44019533082142],[-84.48458742261002,47.44006713080824],[-84.4844029225117,47.439766130774295],[-84.48435542248104,47.43964803075946],[-84.48429302245036,47.4395657307509],[-84.48424362242504,47.439492630742926],[-84.48420842240076,47.43939293073009],[-84.48417292237751,47.439302030718665],[-84.48415042235968,47.439220630707815],[-84.48412642234489,47.439166130701075],[-84.48410432232605,47.43907563068884],[-84.48406912230175,47.43897583067605],[-84.48407302229246,47.4388949306637],[-84.4840640222778,47.438804830650724],[-84.48406702227051,47.43874173064113],[-84.48408632226037,47.43861643062124],[-84.48414912225363,47.438410630586645],[-84.48416672224754,47.43832093057212],[-84.48425472225249,47.43814303054023],[-84.48428472225275,47.43807163052776],[-84.48437212225866,47.437902630497184],[-84.4843907222506,47.43779503048],[-84.48438182223597,47.43770483046701],[-84.48438482222872,47.437641930457396],[-84.4843323221742,47.437352730417274],[-84.48426432212057,47.437108330384774],[-84.48430282210015,47.436857230344884],[-84.48423582204444,47.43659473030964],[-84.48420292201506,47.43645013028997],[-84.48418072199617,47.4363598302778],[-84.48412302195402,47.43617833025408],[-84.4841136219404,47.436097130242494],[-84.4841149219373,47.43607013023836],[-84.48400782179705,47.43525803012323],[-84.48399512175541,47.434969630080815],[-84.48401622174106,47.43480813005538],[-84.48401092171706,47.43463703003004],[-84.48401652170361,47.43452013001226],[-84.48403492169547,47.43441272999506],[-84.48404012168308,47.43430472997859],[-84.48402932167251,47.434250429971115],[-84.4839841216004,47.43380852990766],[-84.48394532154919,47.43351072986543],[-84.48391372151669,47.43333902984161],[-84.48382332144519,47.43301312979825],[-84.48379072141474,47.43285942977719],[-84.48374452138104,47.43271442975822],[-84.48371002135578,47.43260562974404],[-84.48367452133263,47.4325149297326],[-84.48367612132846,47.43247892972711],[-84.48369812131205,47.43229942969891],[-84.48371952129669,47.43212892967207],[-84.4837254212822,47.432003229652935],[-84.4837375212532,47.431751329614485],[-84.48375602124506,47.431643729597276],[-84.4837607212337,47.431544929582174],[-84.48371412120102,47.43140882956462],[-84.4837234211782,47.43121112953447],[-84.48373032116166,47.431067229512486],[-84.48372732113253,47.4308512294803],[-84.48372102111176,47.4307073294592],[-84.48368892108024,47.4305444294367],[-84.48366802105825,47.430426929420385],[-84.48363602102678,47.43026432939794],[-84.48358742099933,47.43017332938725],[-84.48358052097954,47.43003812936741],[-84.48357152096487,47.42994792935447],[-84.48356472094507,47.42981272933459],[-84.48359722093916,47.429687529313945],[-84.48366212092725,47.42943692927251],[-84.48370582093077,47.42935682925789],[-84.4837357209311,47.42928582924547],[-84.48376612093033,47.429205229231535],[-84.48383882093621,47.42907212920728],[-84.4838717209292,47.428937629185164],[-84.48387682091678,47.428829729168704],[-84.48386832090108,47.42873052915435],[-84.48385982088546,47.42863132913998],[-84.48385072087079,47.42854122912706],[-84.48381792084146,47.4283966291074],[-84.48379922081429,47.4282341290842],[-84.48377882079123,47.42810772906649],[-84.48381032078734,47.4280002290485],[-84.48370322064713,47.4271881289333],[-84.48375082060505,47.426748428864585],[-84.48375242056449,47.42643322881732],[-84.48374432054781,47.42632512880163],[-84.48383722046866,47.425490228671],[-84.48394562038867,47.424610728532805],[-84.48410082026753,47.42330022832724],[-84.48415582020783,47.422707428235164],[-84.4841522201797,47.4225004282044],[-84.48415862016418,47.422365628183826],[-84.4841643201508,47.42224902816599],[-84.48418572013541,47.422078228139156],[-84.48420782011787,47.42188972810956],[-84.48419972010117,47.421781528093845],[-84.48416272004589,47.4214478280461],[-84.48413831999575,47.42112322799894],[-84.48412311996033,47.42088902796481],[-84.48406831991099,47.420644827931554],[-84.48402521987016,47.42043712790299],[-84.48394191981741,47.42023712787803],[-84.48383561971158,47.419685827801864],[-84.48368481960425,47.41923252774301],[-84.48365111957693,47.41910582772605],[-84.48345741942885,47.41844462763868],[-84.48340851936615,47.418083627587535],[-84.48329121928604,47.41775702754566],[-84.48317461920502,47.41742152750242],[-84.48307981914392,47.41718542747275],[-84.48300471907162,47.41681492742172],[-84.48289211898137,47.41639842736611],[-84.48281371891618,47.4160906273247],[-84.48274821885751,47.415801227285286],[-84.48267851880809,47.415592927258274],[-84.48262861874741,47.41524982720988],[-84.4825840187107,47.415077827186764],[-84.4825458186574,47.414762027141784],[-84.48244071858471,47.414462627103234],[-84.4823348185142,47.41418142706743],[-84.48222771844684,47.41392712703579],[-84.48210981836893,47.41361872699667],[-84.4820146183089,47.41339142696831],[-84.48190741824148,47.4131372269367],[-84.48177211816963,47.41291812691196],[-84.48163881809262,47.41265432688048],[-84.48153991804078,47.41249922686313],[-84.48146761799866,47.41235362684567],[-84.48136891794692,47.41219852682839],[-84.48075951760603,47.4110782266971],[-84.48005321717297,47.40948792650124],[-84.47939281677465,47.408051526325664],[-84.47874561638068,47.406615426149266],[-84.47856551627217,47.40622472610156],[-84.47829271613374,47.40583162605903],[-84.47815811605979,47.40559462603155],[-84.47800951598374,47.40537542600763],[-84.47791181592996,47.40520222598753],[-84.47781321587823,47.405047125970235],[-84.4776885158169,47.404882425953005],[-84.47756341575662,47.40472682593722],[-84.47739891568243,47.40456102592227],[-84.47737441566979,47.404524525918234],[-84.47732211565058,47.40450542591853],[-84.47727081562934,47.404468225916034],[-84.47724571561777,47.40444072591337],[-84.47723281561242,47.404431425912755],[-84.47707131553098,47.404203025888265],[-84.47691261544345,47.40392042585544],[-84.47685631539835,47.40371222582758],[-84.47679901535523,47.40352202580248],[-84.4767296153059,47.40331342577543],[-84.47671301527363,47.40310612574537],[-84.47667111523077,47.402880225714],[-84.4766542151984,47.402672925683945],[-84.47660301514091,47.40235682563962],[-84.47654751505736,47.401851625567275],[-84.47650371501868,47.40166172554143],[-84.47644911496947,47.401417725508125],[-84.47640631492752,47.40120062547817],[-84.47637571489304,47.401010925451544],[-84.47634291486372,47.40086622543187],[-84.47630881483744,47.40074852541624],[-84.47623661479425,47.40059382539741],[-84.47617771475534,47.400439725377844],[-84.4761316147217,47.400294625358875],[-84.47607131468705,47.400176325344766],[-84.47596131462576,47.39997592532127],[-84.47588631458989,47.39988432531208],[-84.4758619145761,47.39983872530671],[-84.47582431455814,47.39979292530208],[-84.47577391453481,47.39973772529687],[-84.47576491452934,47.399717525294335],[-84.47547031439821,47.39943422526956],[-84.47525581430092,47.39921372524936],[-84.47502761419912,47.3989925252299],[-84.47487521413235,47.39885412521833],[-84.47484421411886,47.39882642521601],[-84.47476051408249,47.39875262520996],[-84.47464591403377,47.398660125202994],[-84.47458281400523,47.39859572519712],[-84.47450711397022,47.39851302518925],[-84.47443361393013,47.39838542517455],[-84.4743846139038,47.39830342516519],[-84.47432271387211,47.39821202515523],[-84.47428741384897,47.39812122514372],[-84.47420161380259,47.39797542512699],[-84.47416571378047,47.397893625116886],[-84.47413071375628,47.39779402510406],[-84.47408371372471,47.397666825087796],[-84.4740636137007,47.397531425068735],[-84.47402861367648,47.39743162505588],[-84.47399461365032,47.39731392504026],[-84.47385021352878,47.39673482496213],[-84.47365031339517,47.396199624893896],[-84.47355631333204,47.39594542486139],[-84.47338871322998,47.395572824815595],[-84.47332891319313,47.39543642479876],[-84.47327011315421,47.395282124779136],[-84.47323531313013,47.395182424766254],[-84.47323691312599,47.3951464247608],[-84.47315491307023,47.39491972473175],[-84.47311871304917,47.394846924723005],[-84.47306831302593,47.39479192471774],[-84.4729801129857,47.39469982470921],[-84.47291641295814,47.394644624704796],[-84.4728408129232,47.39456182469688],[-84.4727652128883,47.39447912468902],[-84.47272811286926,47.394424324683044],[-84.47269021285236,47.39438752467982],[-84.47265491282928,47.394296724668315],[-84.47252831277206,47.394167924656564],[-84.47246551274239,47.394094524649375],[-84.47241561271808,47.394030524642766],[-84.47204691252188,47.39342842457464],[-84.47179041238054,47.39297292452167],[-84.47164401229938,47.39270862449086],[-84.47159581227092,47.39260852447875],[-84.47148911220253,47.392345124445654],[-84.47142131214906,47.39210082441307],[-84.47131811207248,47.39176552436895],[-84.47126781201295,47.391431424321915],[-84.4711958119335,47.39099792426126],[-84.47113811185642,47.390546824197074],[-84.47107061180186,47.39029322416309],[-84.47101431175675,47.39008502413526],[-84.47096861172213,47.38993102411491],[-84.47076171160624,47.38954852406996],[-84.47058921151545,47.38927472403924],[-84.4704562114386,47.38901092400763],[-84.47032281136282,47.38875612397744],[-84.47017441128564,47.38852762395206],[-84.46987791113258,47.38808012390273],[-84.46962661101522,47.387795623875185],[-84.46954161096677,47.38763182385568],[-84.46942731091698,47.3875302238473],[-84.46930041086084,47.38741042383695],[-84.46918621081115,47.3873089238286],[-84.46907341075719,47.38717152381472],[-84.46899991071705,47.38704392380001],[-84.468926610677,47.3869163237853],[-84.46886581064338,47.38680692377249],[-84.46877991059695,47.386661023755806],[-84.4687073105548,47.386515523738304],[-84.46859681049573,47.38633302371759],[-84.4685768104717,47.38619752369845],[-84.46840471037993,47.38591482366636],[-84.46820521024654,47.38537952359807],[-84.4677779099753,47.38434422346842],[-84.46747890979225,47.38367162338544],[-84.46730500966947,47.38315482331841],[-84.46728320964957,47.38305532330475],[-84.46726140962966,47.382955923291135],[-84.46723890961188,47.38287452328028],[-84.46722870960043,47.38281122327144],[-84.46723130959423,47.38275742326323],[-84.46722320957758,47.382649323247456],[-84.46724380956435,47.382496623223325],[-84.46726230952004,47.3821100231642],[-84.46725600949931,47.381965923142985],[-84.46726540947657,47.38176812311277],[-84.46732350937374,47.38083342296909],[-84.46745500927466,47.379747622798334],[-84.46749410921714,47.379208422715124],[-84.46752790920814,47.37905612269022],[-84.46754800919598,47.37891272266755],[-84.46759680918717,47.378724822636435],[-84.46766960919315,47.378591622612085],[-84.46776980920437,47.37843172258207],[-84.46789670922428,47.37827252255059],[-84.46800910924304,47.378140022523965],[-84.46810550926358,47.37806102250638],[-84.46820160928527,47.37799142249014],[-84.46831140931018,47.37791272247175],[-84.46839380932857,47.37785152245764],[-84.46854370936525,47.37776482243564],[-84.46862600938361,47.37770372242156],[-84.4686671093934,47.37767762241516],[-84.46887250944094,47.37753812238193],[-84.46895360946246,47.377503922371915],[-84.46652830833031,47.37475962210565],[-84.46551080771098,47.372496421827066],[-84.46460780714149,47.37033462155681],[-84.46389850668356,47.368555121332285],[-84.46264030606616,47.36689862115907],[-84.46151870551623,47.36542492100515],[-84.46042350497596,47.36396072085096],[-84.45947820436498,47.361582020550614],[-84.45849850372902,47.359094520235864],[-84.4551450023435,47.35668032007431],[-84.45131500076933,47.35398541989905],[-84.44727799911789,47.35120481972323],[-84.4450348982017,47.34967001962702],[-84.44327549735063,47.34744411939797],[-84.44148969649108,47.34521731917041],[-84.4397658956633,47.3430820189528],[-84.43863119511299,47.34163481880327],[-84.43849819503633,47.34137091877157],[-84.43687929410494,47.33817601838844],[-84.4350751930778,47.33469791797374],[-84.43325479201997,47.33102161753016],[-84.4311430907984,47.326798617021694],[-84.42939538978293,47.3232677165954],[-84.42932808944705,47.32083651623392],[-84.42927878896342,47.31721771569272],[-84.42916348821203,47.31168971486832],[-84.42906158767565,47.30779081428797],[-84.42900768737923,47.30562981396613],[-84.42896008710348,47.30361311366557],[-84.428927786756,47.301002513274796],[-84.4301372869869,47.299796813021096],[-84.43141308723796,47.298583512762264],[-84.43036718662408,47.29641821249903],[-84.43131348676661,47.29517961225607],[-84.43130288675623,47.295125312248565],[-84.43106008658617,47.29440891215522],[-84.4308940864815,47.294009312105025],[-84.43072528638409,47.293672512064404],[-84.4304880862704,47.293379212034495],[-84.43032458619562,47.29320461201795],[-84.43017208613017,47.29307521200762],[-84.43003108607309,47.29298201200202],[-84.42990308602133,47.29289811199705],[-84.42972148595345,47.292822111996415],[-84.42929368579348,47.29264161199482],[-84.42901848569889,47.29259041200358],[-84.42874268560529,47.292548112013684],[-84.4286377855703,47.29253671201823],[-84.42824368543626,47.292474112032366],[-84.42809918538734,47.29245261203776],[-84.42790278531932,47.29241231204342],[-84.42746838517462,47.29236661206249],[-84.42696918500661,47.29230131208247],[-84.42653648485779,47.29221961209603],[-84.42620798474718,47.292176112109104],[-84.42599808467607,47.29214461211692],[-84.42577458460049,47.29211251212544],[-84.425551484525,47.29208041213395],[-84.42541998448029,47.292059512138685],[-84.42523828441357,47.2919924121394],[-84.4249041842803,47.29178701212849],[-84.42485348425812,47.29174091212456],[-84.4247010841927,47.29161141211415],[-84.42457598413378,47.29146461209955],[-84.42448778409373,47.29137261209097],[-84.42440188404862,47.29123571207547],[-84.42434408400788,47.29106341205302],[-84.42430138396742,47.29085551202426],[-84.42428188394253,47.290711012003705],[-84.42431448393678,47.29058581198289],[-84.42438708394279,47.290452411958505],[-84.42448478396038,47.29034661193672],[-84.42464988399622,47.29021541190711],[-84.42480038403077,47.29011071188234],[-84.42495148406447,47.28999731185628],[-84.42507198409866,47.28996391184404],[-84.42543488419938,47.28984601180459],[-84.42571758427663,47.28974431177245],[-84.42591888433344,47.28968591175163],[-84.42665768453922,47.28945061167204],[-84.42713868468039,47.289353411628696],[-84.42756438480953,47.28930001159522],[-84.42795148492392,47.2892277115612],[-84.42821668500594,47.28920651154219],[-84.42852258509996,47.28917751151956],[-84.42881458519065,47.289157011499036],[-84.42898678524502,47.28915191148795],[-84.42922588531863,47.2891303114704],[-84.42947868539552,47.289100111450786],[-84.42963858544356,47.289076611437686],[-84.42987768551721,47.28905491142015],[-84.43010308558758,47.28904211140472],[-84.43032918565702,47.2890201113879],[-84.43052938571576,47.28897961136989],[-84.43066338575433,47.2889466113569],[-84.4308513858068,47.28888781133684],[-84.43099878584853,47.28884611132176],[-84.43115998589353,47.28879571130452],[-84.43133518594074,47.28872771128382],[-84.43147258597112,47.28862281125983],[-84.43164948601422,47.28851871123361],[-84.4318277860543,47.28838771120321],[-84.43193908607512,47.28827331117932],[-84.43200988608518,47.288175911160465],[-84.43209538609644,47.28805171113665],[-84.43211418608743,47.28793521111801],[-84.43214738608074,47.28780101109583],[-84.43213948606308,47.28768381107863],[-84.4321350860384,47.287503711051805],[-84.43210488600432,47.2873141110251],[-84.43209668598773,47.287206011009275],[-84.43203808594907,47.28705151098951],[-84.4320290859346,47.286961410976524],[-84.43202188591714,47.28684421095927],[-84.43202728590381,47.28672741094137],[-84.43198728582124,47.28618671086239],[-84.43188608570613,47.285545310771894],[-84.43186128565866,47.28523881072726],[-84.43185568563713,47.28508591070453],[-84.43186108562377,47.284968910686594],[-84.43187998561476,47.284852310667915],[-84.43190058560168,47.284699710643736],[-84.4319192855938,47.284592310626486],[-84.43195158558794,47.28446711060569],[-84.43196838558409,47.28439531059386],[-84.43205358559531,47.284271210570104],[-84.43209848559582,47.2841642105513],[-84.43215528560367,47.284084510535884],[-84.43222618561379,47.28398711051703],[-84.43231058562706,47.28388101049598],[-84.43239458564139,47.2837839104764],[-84.43247688565977,47.283722710462264],[-84.43275128572155,47.28352191041563],[-84.43280568573445,47.283487010407136],[-84.43290218575515,47.283408510389506],[-84.43361388591845,47.282911310272176],[-84.43400928601343,47.28266821021197],[-84.43436498609562,47.28242421015397],[-84.43477008620181,47.28224431010272],[-84.43505938626376,47.282007810049805],[-84.43515618628336,47.28192001003078],[-84.43523938629974,47.28184081001393],[-84.43530848631391,47.281779410000574],[-84.43536468632271,47.28170870998654],[-84.435503786349,47.28156780995705],[-84.43557458635904,47.2814703099381],[-84.43561868636169,47.2813814099221],[-84.43563618635568,47.28129180990755],[-84.43565508634671,47.281175209888865],[-84.43567268634075,47.28108560987435],[-84.43569248632976,47.28095110985291],[-84.43567028631094,47.28086060984061],[-84.43566318629244,47.28073440982203],[-84.43566878627912,47.2806176098041],[-84.43566208625955,47.280482309784134],[-84.43565588623896,47.28033830976285],[-84.43567148620222,47.28001470971319],[-84.43572328618642,47.27976380967229],[-84.4357996861832,47.27954960963554],[-84.43583348617551,47.27940630961195],[-84.43586518617067,47.27929010959253],[-84.43593918617361,47.27912970956399],[-84.4359988861743,47.27898710953895],[-84.43602908617355,47.278906809525026],[-84.4361013861806,47.27878230950197],[-84.43618538619494,47.27868520948234],[-84.43624258620179,47.27859660946556],[-84.43632668621615,47.27849970944599],[-84.43641018623146,47.27841140942768],[-84.4366997862923,47.27816590937342],[-84.43682428631739,47.2780517093488],[-84.43707468636441,47.2777963092954],[-84.43718688638316,47.27766380926873],[-84.43731618639703,47.27745080922896],[-84.43742918641371,47.27730030919953],[-84.43750218641867,47.27715790917372],[-84.43757528642368,47.277015609147924],[-84.43761828642826,47.276944609134674],[-84.43767698643094,47.276819909112376],[-84.4377347864368,47.27672230909423],[-84.43777918643838,47.27662420907682],[-84.43782538643585,47.27649020905386],[-84.43784678642066,47.27631970902694],[-84.4378528864064,47.276193909007596],[-84.43786268638401,47.27599620897725],[-84.43785668636237,47.27584300895455],[-84.43783808633549,47.27568060893124],[-84.4378458863171,47.27551880890641],[-84.43783858629853,47.275392808887865],[-84.4377917862683,47.275274608872884],[-84.43779948624989,47.275112808848064],[-84.43779308622929,47.274968708826755],[-84.43779478622518,47.27493270882122],[-84.43784858616941,47.27436700873282],[-84.43784668613864,47.274132908697695],[-84.43784478610782,47.27389890866252],[-84.4378327860657,47.27360180861856],[-84.43780528602427,47.27334910858212],[-84.43776368598073,47.273114208549224],[-84.43777148596236,47.272952408524404],[-84.4377631859469,47.27285310850996],[-84.43775918594304,47.2728330085072],[-84.43770898589692,47.272600008475074],[-84.43762628584473,47.27240020844996],[-84.43756588581019,47.272281808435714],[-84.43752118577373,47.2721099084125],[-84.43747228574755,47.27202780840307],[-84.4373731856982,47.27189060838831],[-84.43723498563506,47.271743508374406],[-84.43714508559913,47.27168750837138],[-84.43705568556216,47.27162250836691],[-84.43695328551985,47.27154820836186],[-84.43687638548931,47.27150150835942],[-84.43674868543653,47.27140860835304],[-84.43642598531274,47.27124840834821],[-84.43628318525975,47.27119120834811],[-84.4361404852068,47.27113400834799],[-84.43585438510291,47.27103750835057],[-84.43553998499465,47.270976608360186],[-84.43537088493316,47.2709188083616],[-84.43533728492157,47.270912108362566],[-84.43521368487897,47.270887908366326],[-84.43499238479706,47.27080120836651],[-84.43486268474959,47.270754408367175],[-84.43457258464574,47.27066750837143],[-84.43395478442068,47.27045320837603],[-84.43364208431096,47.270377108383244],[-84.43347398425676,47.27037320839273],[-84.43330618420266,47.27036940840217],[-84.43310778413988,47.27037400841473],[-84.43292458408318,47.27038850842781],[-84.43269568401605,47.27043480844844],[-84.43255088397412,47.27046830846218],[-84.43236028392202,47.2705370084839],[-84.43225328389236,47.27057170849553],[-84.43210828385484,47.2706404085145],[-84.43198648382479,47.270709108532124],[-84.43184888378816,47.27076610854896],[-84.43171188375338,47.27083570856757],[-84.43158958372112,47.27088860858286],[-84.43146758369105,47.270957408600516],[-84.431375783667,47.270998508612166],[-84.43130728364858,47.271025308620295],[-84.43104788357901,47.27112870865136],[-84.4308874835385,47.271212208673504],[-84.43067408348173,47.271300808699586],[-84.43041458341203,47.27140310873052],[-84.43029238337692,47.27143380874241],[-84.4301627833375,47.27144890875246],[-84.43007128331179,47.27147640876205],[-84.42991118326357,47.271499208775076],[-84.42977388322254,47.27152130878655],[-84.429590483167,47.271544808801046],[-84.4294990831387,47.2715520088076],[-84.42937708310079,47.271560108816125],[-84.42926998306592,47.27155550882183],[-84.42912508301923,47.27155200882994],[-84.42896488296658,47.27154100883783],[-84.42890388294664,47.271537208840904],[-84.42876648290266,47.27153680884907],[-84.4286292828559,47.27151390885384],[-84.42846868280155,47.271490608859914],[-84.42829358274327,47.27147220886759],[-84.42815608269639,47.27144940887237],[-84.42806478266222,47.27141060887195],[-84.4279275826145,47.27138080887567],[-84.42782798258119,47.2713694088799],[-84.42762208250114,47.271258508875505],[-84.42743888243021,47.271162608871975],[-84.42730938237807,47.27107880886711],[-84.42719518232981,47.270987708860204],[-84.42704228226864,47.27089210885493],[-84.42696588223828,47.27084600885253],[-84.42685148218901,47.27074710884449],[-84.42679808216559,47.27069800884029],[-84.42663018207446,47.270407208806496],[-84.42648518199523,47.270151708776694],[-84.42638628194354,47.26999600875916],[-84.42614958182807,47.26968700872673],[-84.42601228176056,47.269503208707256],[-84.42581368166857,47.269282008685785],[-84.42577568165059,47.26923690868125],[-84.42564598159038,47.26909120866708],[-84.42547058151038,47.26890520864949],[-84.42536368145258,47.26872170862825],[-84.42513498134664,47.268466508603495],[-84.42502798129225,47.26830980858629],[-84.42491338123592,47.26815710857012],[-84.42479908118025,47.268008508554544],[-84.42473048113965,47.26786310853678],[-84.42464648109515,47.26772620852114],[-84.42455508105311,47.26762650851156],[-84.42447088101292,47.26752340850107],[-84.42440988098508,47.26745870849497],[-84.42433378094701,47.26735190848345],[-84.4242573809094,47.26724960847256],[-84.42387588071563,47.26669170841132],[-84.42371558063834,47.26648950839045],[-84.42356338056379,47.266288308369234],[-84.42349458051966,47.266116108347404],[-84.4234487804898,47.265998008332325],[-84.4234027804579,47.26586440831497],[-84.42334958043108,47.26578830830668],[-84.42331888040499,47.26566220828948],[-84.42328848037573,47.26551010826839],[-84.42326548034121,47.26529930823804],[-84.42326568032317,47.26515870821682],[-84.4232580802951,47.264959708187284],[-84.42326558027543,47.264788608161076],[-84.42323508024366,47.264617508137135],[-84.42321978021313,47.26441870810808],[-84.4232121802005,47.26433900809651],[-84.4231740801474,47.26402180805102],[-84.42310548010101,47.26383150802646],[-84.42304418006165,47.26367810800702],[-84.4229454800111,47.2635303079906],[-84.42279247994352,47.26338530797793],[-84.42257907984876,47.2631790079596],[-84.4224490797954,47.263087307953555],[-84.42234997975049,47.26298450794395],[-84.42222017969124,47.26284660793096],[-84.42212117964787,47.262755307923086],[-84.42203737960692,47.262645107911496],[-84.42199887958868,47.26259900790682],[-84.42180067949829,47.262388907886994],[-84.42171667944685,47.26219790786327],[-84.42161757939515,47.26204230784571],[-84.42155667936039,47.26192370783146],[-84.42151067932706,47.26177890781241],[-84.4214648792913,47.26161490779046],[-84.42145747927763,47.261527307777676],[-84.4214802792618,47.26134780774926],[-84.42151077924701,47.26115700771871],[-84.42156417924336,47.26099650769136],[-84.42163297924137,47.26081030765921],[-84.42170907924492,47.26064910763036],[-84.42177787925563,47.26056150761305],[-84.42185427926543,47.260447907591384],[-84.42193797927345,47.260302507564475],[-84.4220524792909,47.2601540075353],[-84.42222027931503,47.25992520749081],[-84.42233497932065,47.25968440744762],[-84.42249507934872,47.25950510741106],[-84.42254827934757,47.25936400738667],[-84.42263997936077,47.259239007362346],[-84.42273197935715,47.258982807318226],[-84.42276187935242,47.25887180729972],[-84.4227695793332,47.258703807273974],[-84.4227618793072,47.25852070724682],[-84.42274687927694,47.25832300721793],[-84.42266297922946,47.25816250719877],[-84.42257137917171,47.25794140717094],[-84.42249507912275,47.2577504071467],[-84.42240337906789,47.25755160712224],[-84.42228897901362,47.25741430710838],[-84.42220507897166,47.2572966070956],[-84.42215157894522,47.25722380708783],[-84.42178527878747,47.25690750706203],[-84.42156417870015,47.25677820705577],[-84.42142707864748,47.25670900705355],[-84.42124387857571,47.25660640704896],[-84.42111427852743,47.25655290704866],[-84.42094627846589,47.25649150704944],[-84.42079347840966,47.256434207049956],[-84.42066387836341,47.25639650705199],[-84.42054177831952,47.256358507053555],[-84.42043497828392,47.25634720705824],[-84.42019087820398,47.25633190707045],[-84.42003057815121,47.2563198070782],[-84.4198320780858,47.25630430708771],[-84.41955747799608,47.25628900710182],[-84.41930557791262,47.25626610711341],[-84.4191453778576,47.25623600711844],[-84.41900047780881,47.25621670712416],[-84.41887077776686,47.256212707131304],[-84.4183063775744,47.25611820715075],[-84.4178332774139,47.25604580716804],[-84.41762767734527,47.25602260717685],[-84.41735257724608,47.25593500718003],[-84.41718457718494,47.25587720718137],[-84.4169708771113,47.25583520718777],[-84.41678787704639,47.25578550719123],[-84.4166048769821,47.255740307195296],[-84.41642937691718,47.25567160719544],[-84.41626917685964,47.25562210719753],[-84.4161242768084,47.2555837072004],[-84.41595647674403,47.255500007197796],[-84.41574277666003,47.255378007192135],[-84.4156891766389,47.255346907190635],[-84.41557477659414,47.25528290718789],[-84.41546797655258,47.25522530718551],[-84.41535367650671,47.255152207181375],[-84.41526957646911,47.25506920717386],[-84.41518597643551,47.255015507170725],[-84.41512487640958,47.25496550716686],[-84.41503327637443,47.25492000716546],[-84.41497207634654,47.25485530715936],[-84.41409477597246,47.25412670710191],[-84.41239387523953,47.25265420698148],[-84.4093642739387,47.25006690677221],[-84.4080595733781,47.24894940668156],[-84.40591567245419,47.24709180652939],[-84.40386317157034,47.245318106384396],[-84.40199397076273,47.24368160624915],[-84.40180347068522,47.243552306240986],[-84.40103297035914,47.242930606193184],[-84.39971276981902,47.242010206133116],[-84.39853016932656,47.241118406069184],[-84.39691276865393,47.23990530598264],[-84.39568426814523,47.239001305919544],[-84.39516516793182,47.23863080589458],[-84.39463916771716,47.238268505871346],[-84.39435676760206,47.23807440585885],[-84.39224316674921,47.23669250577646],[-84.39033606597724,47.23542600569904],[-84.38857346526085,47.23423300562412],[-84.38685676456733,47.23310390555614],[-84.3846212636572,47.231578005459085],[-84.3821569626572,47.229921605356],[-84.38059266202578,47.228896005294445],[-84.38018086186278,47.22865150528209],[-84.37953256159693,47.22819370525162],[-84.37891416135287,47.22783160523387],[-84.37887596133575,47.227793305230335],[-84.37834216111872,47.22743100520744],[-84.37799876096727,47.22710590517885],[-84.37774706085175,47.22683220515256],[-84.37757926076378,47.22656490512219],[-84.37747266070087,47.226339905094584],[-84.37738056065284,47.2261950050782],[-84.37731196060494,47.22599230505171],[-84.37722796055361,47.22580160502791],[-84.37715926050129,47.2255648049963],[-84.37715926048527,47.22544000497748],[-84.37715956046816,47.225306204957256],[-84.37714436044376,47.22515360493515],[-84.37713656042594,47.22503450491763],[-84.37714426041236,47.22490940489832],[-84.3771443604022,47.22482970488626],[-84.37709856033662,47.22443280482909],[-84.37712866026439,47.223794904731015],[-84.37713686022641,47.223478904682835],[-84.3771519602107,47.22331850465777],[-84.37715186017685,47.223055204618],[-84.3770983601343,47.22285660459126],[-84.37706046011391,47.22279250458379],[-84.37696876005568,47.22256680455521],[-84.37686195999326,47.22234600452821],[-84.3767626599418,47.222192604510994],[-84.37667895989264,47.22201750448957],[-84.37659475983688,47.22179260446061],[-84.37652615979731,47.22165510444394],[-84.37646515976752,47.22157480443549],[-84.37642705974714,47.22151070442805],[-84.37636605971342,47.221400104415004],[-84.37635075966935,47.22109440436977],[-84.3763583596507,47.220930004344474],[-84.37636605964285,47.22084990433195],[-84.37643495962726,47.22055670428361],[-84.37654155964658,47.22044200425995],[-84.37665585966593,47.22030810423289],[-84.37674045967935,47.22020210421189],[-84.37684655970436,47.22013260419511],[-84.37694595972934,47.22008020418126],[-84.37706785975844,47.22000340416242],[-84.37715955978334,47.21996920415178],[-84.37728145981794,47.2199353041394],[-84.37745695986656,47.2198772041202],[-84.37761725990995,47.21981620410143],[-84.37771675993397,47.219755904086426],[-84.3777851599494,47.21970550407471],[-84.37785405996217,47.21963380405982],[-84.37789195996736,47.219579804049374],[-84.3779605599795,47.21950350403379],[-84.37802155998634,47.21940480401523],[-84.37803705998098,47.219324704002226],[-84.37802925996564,47.219224703987635],[-84.37802165994565,47.21908770396741],[-84.37804445994074,47.21899250395163],[-84.37804455993344,47.218935203943],[-84.37818945994944,47.21869910389876],[-84.37829625995369,47.21846650385728],[-84.37839545996034,47.218271203821914],[-84.37853295998381,47.218111803789625],[-84.37868546001339,47.21796240375801],[-84.37881546003675,47.217821203728974],[-84.37896026007185,47.21773380370712],[-84.3791126601107,47.21765730368652],[-84.37925016014094,47.217550703662276],[-84.37938746017015,47.21743640363684],[-84.3795401602022,47.21730590360802],[-84.37960866021386,47.217226303591936],[-84.37967726022009,47.21710390356935],[-84.379738560228,47.21701320355205],[-84.3797841602289,47.21690640353318],[-84.37983776023222,47.21679890351375],[-84.3798602602282,47.21671150349924],[-84.37987576022628,47.21665820349027],[-84.37987576021604,47.21657830347821],[-84.37986816019689,47.216448103459],[-84.379890860192,47.216353103443325],[-84.37986806017048,47.216242103427916],[-84.37987576016263,47.21616200341536],[-84.37985276014355,47.216070503402946],[-84.37984536012856,47.215971703388426],[-84.37982996011674,47.215918403381316],[-84.37980696010095,47.21585250337275],[-84.3797994600918,47.215799803365215],[-84.37979176006631,47.21562000333858],[-84.3796775599555,47.2150407032579],[-84.37959345990069,47.21482270322998],[-84.3795401598641,47.21467020321016],[-84.37948645983761,47.214597503202356],[-84.3793870597902,47.2144755031899],[-84.37932635976071,47.21439630318152],[-84.37925015972203,47.21428490316927],[-84.37912785966977,47.21418170316096],[-84.37883045955424,47.21402180315451],[-84.3786091594728,47.21393830315511],[-84.3784412594128,47.21388810315751],[-84.3782657593529,47.21385840316349],[-84.37812865930414,47.213819703165804],[-84.37796825924764,47.21377840316913],[-84.37783865920221,47.213747303172134],[-84.37772405916317,47.21372810317607],[-84.37765545913977,47.21371670317842],[-84.37710645894443,47.21356070318755],[-84.37701475890924,47.21351510318616],[-84.37686205884964,47.21343070318251],[-84.37669415878483,47.2133435031793],[-84.37657955873742,47.21325910317339],[-84.37644255868624,47.21320120317278],[-84.37629725862561,47.21309070316477],[-84.37602315850641,47.21284350314376],[-84.37593865846172,47.212705603128015],[-84.37583975841358,47.21257660311441],[-84.37573275836507,47.212465003103915],[-84.37561825831827,47.21238520309869],[-84.37551945827452,47.21229020309025],[-84.3754580582514,47.21226270308976],[-84.37508465810429,47.21204560307917],[-84.37446615786948,47.211755403072196],[-84.3742984578062,47.21167940307071],[-84.37413045774028,47.21158410306632],[-84.37400075769156,47.211527303065495],[-84.37384835762964,47.21142380305891],[-84.37373375758136,47.211332603051986],[-84.37361935752965,47.21121450304096],[-84.37352015748561,47.211118403032344],[-84.37342895744389,47.211020003022895],[-84.37335235740859,47.21093550301474],[-84.37326845736914,47.21083670300479],[-84.37316945731844,47.21068780298818],[-84.37305445726759,47.21057770297843],[-84.3729326572125,47.21045180296668],[-84.37281825716373,47.210356202959034],[-84.37268845711151,47.21027240295409],[-84.37253595704853,47.21016080294634],[-84.3724367570061,47.21007730293963],[-84.37231475695789,47.21000540293606],[-84.37223865692772,47.209959202933575],[-84.37210105687056,47.20985640292627],[-84.372009456834,47.209799502923126],[-84.37187975678512,47.20974150292206],[-84.37176525674363,47.20970320292312],[-84.37167375671059,47.20967340292409],[-84.37161285668775,47.20964690292372],[-84.37117025653019,47.20952060293096],[-84.37096415645068,47.209414002927154],[-84.37078125638385,47.20934870292816],[-84.3706744563415,47.20928420292478],[-84.3704682562585,47.20915080291691],[-84.37036925621268,47.209040002906065],[-84.37026985616573,47.2089215028941],[-84.37013265610099,47.20875810287757],[-84.37008685607351,47.208658002865185],[-84.37005625604613,47.20852050284625],[-84.37000305601653,47.20842200283457],[-84.36993415597789,47.20829240281912],[-84.3698580559364,47.208158502803386],[-84.36977425589558,47.208048502791755],[-84.36971305585938,47.207918702775835],[-84.36964425581876,47.20777330275796],[-84.36955265577772,47.20768150274954],[-84.36945365572761,47.207537102733625],[-84.36935445568515,47.20745330272689],[-84.36925545563838,47.20733490271489],[-84.36917875560405,47.20725840270793],[-84.36902635554225,47.20715590270147],[-84.36891925550111,47.20710170269967],[-84.36876695544018,47.20700610269434],[-84.3687288554247,47.20698020269267],[-84.36810305517538,47.2065947026717],[-84.3679200551071,47.20651800267097],[-84.36771415503061,47.2064340026706],[-84.36753085496136,47.20635060266885],[-84.36735565489757,47.2062894026701],[-84.36724865486002,47.206263302672504],[-84.36711885481455,47.206232202675544],[-84.36697395476435,47.20620180267955],[-84.36682915471417,47.20617100268353],[-84.36666865465902,47.206140802688495],[-84.36653895461608,47.2061289026944],[-84.36638635456346,47.206098502698936],[-84.36625685451826,47.20606870270215],[-84.36611185446903,47.20604580270728],[-84.36587525438794,47.20600330271495],[-84.36575305434653,47.20598440271937],[-84.36562365430369,47.2059726027253],[-84.36550905426417,47.20594990272867],[-84.36538705422524,47.205950102736],[-84.36528035419069,47.20594650274179],[-84.36518845415976,47.20593450274543],[-84.36509695413002,47.20593050275028],[-84.36498245409099,47.205911302754195],[-84.3648988540619,47.20589250275635],[-84.36481455403108,47.20586230275679],[-84.36472285399927,47.20584250275923],[-84.36463155396768,47.20582380276184],[-84.36456295394184,47.20579320276131],[-84.36447145390775,47.20575540276107],[-84.36441045388251,47.2057100027578],[-84.36438735387158,47.20568250275504],[-84.3640897537501,47.2054764027416],[-84.363769453618,47.205244002725614],[-84.36348725350543,47.20506890271592],[-84.36322015339955,47.20490840270759],[-84.36256405314063,47.20452340268847],[-84.36161015280895,47.20431290271346],[-84.35935945201429,47.203722002758106],[-84.35921445196652,47.20371050276502],[-84.35906955192164,47.20372150277528],[-84.35898575189385,47.203713902779114],[-84.35893245187646,47.20371090278183],[-84.35884065184804,47.203718102788415],[-84.35869585180278,47.203725702798124],[-84.35863455178274,47.203721902801256],[-84.35855085175706,47.20373020280748],[-84.35847445173363,47.203737902813145],[-84.35840585171353,47.2037523028194],[-84.35833695169252,47.203759902824636],[-84.3582072516555,47.20379430283758],[-84.35815405164053,47.203810302843166],[-84.35808535161958,47.2038179028484],[-84.35804725160988,47.203837102853576],[-84.3577878515362,47.203908802879816],[-84.35762735149372,47.203977502899725],[-84.35755915147541,47.2040045029079],[-84.35746715145133,47.20404640291968],[-84.35742925144169,47.204065502924806],[-84.35736045142748,47.204126302938114],[-84.35729195141101,47.20416860294859],[-84.35722305139346,47.20420320295791],[-84.35707075135257,47.204263902976145],[-84.35701715133736,47.20427890298156],[-84.35694865131995,47.204313702990916],[-84.35688745130479,47.20434800299973],[-84.35682675128885,47.20437460300738],[-84.35678835127997,47.20440160301373],[-84.35675775127702,47.2044542030235],[-84.35673475127504,47.20449660303123],[-84.35668905126869,47.2045609030437],[-84.35664335126292,47.20462970305682],[-84.35661305126013,47.20468350306674],[-84.35659765126002,47.20472100307329],[-84.35642975123581,47.20495090311801],[-84.35629235120741,47.20507200314448],[-84.3561703511832,47.205187003169094],[-84.3560711511618,47.205267503187194],[-84.3559337511311,47.20537050321088],[-84.35588045111848,47.205404703219244],[-84.3558119511025,47.20545060323022],[-84.35574305108578,47.20549230324067],[-84.35567425107064,47.205545703252774],[-84.35562085106045,47.20559910326403],[-84.35556755104777,47.205633403272365],[-84.35551395103501,47.205667403280735],[-84.35539955100381,47.20570890329381],[-84.35534635098888,47.205725203299394],[-84.35529295097523,47.20575150330655],[-84.35514785094009,47.20583900332841],[-84.35498745089762,47.20590780334834],[-84.35491935087884,47.20593120335591],[-84.35478145084015,47.2059727033704],[-84.35459075078793,47.20604090339208],[-84.35443065074077,47.20607160340623],[-84.35426265069144,47.20610570342135],[-84.35414085065558,47.206129503432194],[-84.3538507505667,47.206159403453995],[-84.35376705053955,47.20615620345845],[-84.35371375052348,47.20616360346276],[-84.3535837504839,47.20617850347272],[-84.35351505046289,47.206186203478005],[-84.35340835042877,47.20618580348426],[-84.35331665040155,47.206202003492166],[-84.35324015037554,47.206189603494835],[-84.3531719503524,47.20617940349739],[-84.3530572503152,47.206175003503525],[-84.35298875029326,47.20617450350753],[-84.35260725017052,47.206167703529196],[-84.35250035013345,47.206144903532106],[-84.35227915005541,47.20608730353658],[-84.35203484997193,47.206045003544695],[-84.35187474991594,47.206006903548484],[-84.35171454986276,47.2059915035557],[-84.35156964981493,47.20597970356255],[-84.35140164975503,47.20593080356513],[-84.35119574968378,47.20588840357099],[-84.35106594963894,47.205861703574634],[-84.35095924960194,47.2058391035776],[-84.35073794952487,47.20578950358328],[-84.35063084948673,47.205758703585],[-84.35048604943816,47.20574040359082],[-84.35034874938688,47.20568270359026],[-84.35024194934549,47.205626103588074],[-84.35016564931522,47.20558000358569],[-84.3500740492795,47.205529703583544],[-84.34999784924698,47.20546560357835],[-84.34989114919874,47.20535520356805],[-84.3496852491095,47.20517220355266],[-84.34957054906108,47.20508010354554],[-84.34944094900646,47.204976803537676],[-84.34932644895922,47.20489340353189],[-84.34925024892895,47.204847403529484],[-84.34909744887032,47.204770903526985],[-84.34896024881577,47.2046871035225],[-84.34881514875961,47.20461050351957],[-84.34868544871229,47.20456470352037],[-84.34851784864757,47.204477403517124],[-84.34834984858807,47.204431603520185],[-84.34828104856216,47.20440100351966],[-84.34820474853535,47.20438190352133],[-84.34812864850959,47.20437060352416],[-84.34802154847287,47.2043513035276],[-84.3479072484349,47.20433990353267],[-84.34782324840525,47.20431770353433],[-84.34757924831844,47.204248603538375],[-84.34744954826768,47.20417580353509],[-84.34706034812385,47.20402380353527],[-84.34693084807365,47.20395460353252],[-84.34685444804576,47.203927503532974],[-84.34673994800198,47.203871203531286],[-84.34663314796045,47.20381360352896],[-84.34651884791313,47.20372920352301],[-84.34643484787814,47.2036653035183],[-84.34630544782601,47.20358130351336],[-84.34617524777123,47.20347830350551],[-84.34605324772295,47.20340550350177],[-84.34594644767817,47.203322103495545],[-84.34584724763656,47.20324480348977],[-84.34571764758114,47.20313510348091],[-84.34563354754732,47.20308120347776],[-84.3455191475,47.20299680347182],[-84.34538954744882,47.202920703468024],[-84.34520634737818,47.20282600346458],[-84.34503074730893,47.20272310345948],[-84.34487104724607,47.20263100345511],[-84.34471794718495,47.20253540344976],[-84.34460374713926,47.20246330344564],[-84.34448934709287,47.202386803440916],[-84.34435974704219,47.202314103437594],[-84.34422984699196,47.202245903435035],[-84.34411544694704,47.20218070343199],[-84.34400104690071,47.20210410342722],[-84.34390924686552,47.202058403425795],[-84.34379454681967,47.201986403421685],[-84.34370334678408,47.20193620341956],[-84.34360414674414,47.20187160341571],[-84.34349744670612,47.201840903417406],[-84.34302414652613,47.201616203411604],[-84.34271124640664,47.201463403407104],[-84.3425208463327,47.201361203402975],[-84.3423069462428,47.20119280339029],[-84.34219264619118,47.20107480337923],[-84.34209334614775,47.200983303371316],[-84.34197924609902,47.200887403363645],[-84.34187224605313,47.20079620335618],[-84.34171964598927,47.20067790334739],[-84.341620845948,47.20060200334183],[-84.3414985458947,47.20049080333226],[-84.3413152458171,47.200342103320736],[-84.3412158457746,47.20025830331396],[-84.34108624571796,47.20013950330371],[-84.34100234568051,47.20005630329613],[-84.34094144565182,47.19998400328882],[-84.34088024562139,47.19989910327964],[-84.34084224560496,47.1998654032768],[-84.34074304555664,47.199735503263064],[-84.34061354549773,47.19959870325009],[-84.3405142454474,47.199453103234],[-84.34045284541361,47.19934240322095],[-84.34038464538014,47.19925100321122],[-84.34027024532703,47.19912180319847],[-84.34017824528485,47.19902190318886],[-84.34010194525318,47.19896480318477],[-84.33961384502894,47.198430903133115],[-84.33878994465044,47.197530203045964],[-84.3380879443296,47.19677580297369],[-84.33762284411752,47.19627950292639],[-84.33734024398626,47.19595930289477],[-84.33727154395596,47.19589380288897],[-84.33671454370051,47.19528810283054],[-84.336020343383,47.19453990275875],[-84.33531064305183,47.19372350267754],[-84.33521134300493,47.19360490266553],[-84.33512764294697,47.19336100263363],[-84.33510464293036,47.19328840262403],[-84.33511244289238,47.192972202575795],[-84.33519624287325,47.1926131025165],[-84.33542534290704,47.192305002456344],[-84.3356849429631,47.19209490240916],[-84.33569984296679,47.19208660240701],[-84.33589054301315,47.1919730023785],[-84.33633304312814,47.191766702321004],[-84.33672964324457,47.19168650228536],[-84.33724884341342,47.191709602257944],[-84.3374928434966,47.19175080224968],[-84.3378360436175,47.19183870224262],[-84.33844634384184,47.19206820224101],[-84.33875174395641,47.192201202242956],[-84.33926284413734,47.1923393022334],[-84.33953754422936,47.192372902222154],[-84.33985044433035,47.19238070220477],[-84.34018604443412,47.19235400218076],[-84.34059034454812,47.192235402138806],[-84.34084254461706,47.19214470211011],[-84.34104814466455,47.192002602076414],[-84.34139154473634,47.191705902011165],[-84.34156704475818,47.191438501960356],[-84.34167394474788,47.19109110190147],[-84.3417350447099,47.190641701829904],[-84.34181864463552,47.18985170170553],[-84.34188744461063,47.18948510164603],[-84.3419486445717,47.18902790157332],[-84.34206304458093,47.18881410153421],[-84.34216954458859,47.188608401496765],[-84.342223344598,47.18854730148434],[-84.34240644463159,47.18835290144408],[-84.34258954466668,47.18816990140552],[-84.34280294470989,47.1879746013633],[-84.34293254473221,47.18782570133308],[-84.34297854473236,47.18771190131316],[-84.34315414475081,47.187417501258246],[-84.34316934474052,47.18729900123945],[-84.3431616447244,47.187192401223754],[-84.34311624469038,47.18703960120341],[-84.34308544466552,47.18692240118747],[-84.34302454462845,47.186784701170296],[-84.34297854459952,47.186673401156185],[-84.3428871445553,47.18655580114384],[-84.34274224449042,47.186410401130516],[-84.34258954441923,47.18623510111308],[-84.34245974436554,47.18613970110634],[-84.34229964430035,47.18602960109924],[-84.34218514425442,47.18595640109496],[-84.34210884422264,47.185898801090794],[-84.34201744418189,47.18580830108254],[-84.34194094414671,47.18572400107437],[-84.34181864408664,47.185560101056865],[-84.34170444403604,47.18544960104694],[-84.34164364400249,47.18533890103382],[-84.3415823439712,47.185247401023645],[-84.34153664394482,47.18515530101243],[-84.34147574391282,47.18505710100123],[-84.34142964388285,47.184938000985944],[-84.34139164385456,47.18481190096917],[-84.34136104383211,47.18471270095596],[-84.3413534438191,47.184629600943865],[-84.34129254377427,47.184431500917505],[-84.34130024375956,47.184297100896764],[-84.3413075437502,47.18420570088247],[-84.34133074373277,47.18401160085177],[-84.34134594372595,47.18392020083707],[-84.34138394371176,47.183714100803634],[-84.34146034370885,47.18350040076678],[-84.34152924368395,47.18313380070726],[-84.3416129436615,47.18274900064417],[-84.34173484363842,47.18226390056354],[-84.34178114363279,47.18210400053665],[-84.34179624362586,47.182012400521856],[-84.34180374361699,47.18192440050812],[-84.34180364360435,47.18182540049318],[-84.34181134360432,47.18180630048986],[-84.34179594359168,47.1817458004816],[-84.3417885435853,47.181714500477334],[-84.3416664435108,47.181436800442576],[-84.34136924337098,47.18108550040716],[-84.34099494319878,47.18067350036708],[-84.34080414310704,47.18043290034205],[-84.34060574301449,47.18020460031933],[-84.3404608429437,47.18001290029891],[-84.3403538428779,47.179765200267845],[-84.34020904279791,47.17950170023667],[-84.33956024236349,47.177724000006386],[-84.33918664210375,47.17662569986254],[-84.33904944201706,47.17628999981994],[-84.33878994188152,47.175877799773],[-84.33855354176609,47.175565399739824],[-84.33825594163245,47.17526349971183],[-84.33797374151503,47.175050099696335],[-84.33783614146384,47.17499349969595],[-84.3374926413209,47.17473339967704],[-84.33692064110312,47.17445869966951],[-84.33628754087266,47.174237599673646],[-84.33615774082739,47.17420759967685],[-84.33544814058021,47.174047199694705],[-84.33476934035558,47.17398599972577],[-84.33430364020647,47.173982799752984],[-84.33384594006124,47.17399039978132],[-84.33324313987738,47.17405849982744],[-84.33280863975317,47.174172499870494],[-84.33242673965219,47.17433669991799],[-84.33216743959132,47.174508299959314],[-84.33174003950896,47.174932500048854],[-84.33157243950407,47.175313300116414],[-84.33156453951766,47.175439400135964],[-84.33155693954055,47.175637600166375],[-84.33158743957135,47.17580220018946],[-84.33158743958398,47.175901100204435],[-84.3313814395923,47.1764811003044],[-84.3310459395715,47.17715690042652],[-84.33063353952102,47.177793000547176],[-84.33031343945342,47.17806430060722],[-84.32993193936863,47.17835440067379],[-84.32964203929797,47.17852600071694],[-84.3291002391624,47.178819600793524],[-84.32861183903857,47.179071200860555],[-84.3282003389276,47.179231500909246],[-84.32788683883669,47.17930370093881],[-84.327566738753,47.1794492009798],[-84.32696393858525,47.17964330104494],[-84.32630793839668,47.179807501108776],[-84.32582723825917,47.17993280115626],[-84.32529283810065,47.180028201202454],[-84.32494973799892,47.180089901232144],[-84.3244917378593,47.18014260126731],[-84.32404163772142,47.180188401300974],[-84.32362223759041,47.18021170132942],[-84.32304973741196,47.18024660136871],[-84.32232493718278,47.180265201414535],[-84.32176803700438,47.180261101447044],[-84.32089073671686,47.180204401490556],[-84.32009723645741,47.18015770153063],[-84.31962413630146,47.180119601552924],[-84.31927303618494,47.18008590156873],[-84.31860913595239,47.17992530158384],[-84.31798383573218,47.17976550159681],[-84.31760223560003,47.17968550160741],[-84.31658743523926,47.17939870162428],[-84.31566423490817,47.17911610163635],[-84.31464983453647,47.17874280164011],[-84.31375693420839,47.17840750164246],[-84.31312363397534,47.17816700164367],[-84.312688733812,47.17797600164064],[-84.31233003368483,47.17787760164705],[-84.31201733357948,47.17783470165913],[-84.31183423352147,47.17783880167058],[-84.31104813326006,47.177758101705074],[-84.31021663298384,47.177675201741856],[-84.30975883283267,47.17763670176327],[-84.30951503274746,47.177579601769104],[-84.30922483263531,47.17742720176324],[-84.30898833253487,47.17723260174785],[-84.30875943243589,47.1770299017308],[-84.308324632238,47.17656790168671],[-84.30784383202108,47.17607200164027],[-84.3075767319094,47.17586600162497],[-84.30733273181254,47.175717801617],[-84.30716483174818,47.175633901614304],[-84.30697393167743,47.17555720161402],[-84.30621883141873,47.175420601638216],[-84.30556263120029,47.175351601666726],[-84.30525733110073,47.17533560168241],[-84.3050288310293,47.175347901697826],[-84.30430373080692,47.175420501751844],[-84.30360173058553,47.17544300179692],[-84.30326593048261,47.1754775018221],[-84.30322013047045,47.175496901827735],[-84.30280063035575,47.17564840187557],[-84.30251063027865,47.17577030191118],[-84.30228943022072,47.17587010193945],[-84.30190783011591,47.176003801982304],[-84.3015492300164,47.17612210202148],[-84.30122882992129,47.176178602049035],[-84.30090842982669,47.17623960207728],[-84.30026772963181,47.17631660212693],[-84.29974102946649,47.176339602161654],[-84.29952762940125,47.17636260217787],[-84.2991384292686,47.17629750219109],[-84.29875712913652,47.17621720220159],[-84.29831422897654,47.176072502205976],[-84.29776482876599,47.17579820219708],[-84.29731482858996,47.175545502185564],[-84.29694072845102,47.17539340218474],[-84.29633062821954,47.17510700217761],[-84.29604852811235,47.174973402174174],[-84.29581952802612,47.17487090217224],[-84.29541462788742,47.17479810218526],[-84.29504132776381,47.1747639022022],[-84.29480452768473,47.17473690221219],[-84.2944080275664,47.17480260224565],[-84.29363732734052,47.1749618023155],[-84.29260732703973,47.17518380241015],[-84.29063112646077,47.17559490258961],[-84.28995212626138,47.175732502650746],[-84.28971562618923,47.175759602668876],[-84.28948682611468,47.17574820268071],[-84.28930352605751,47.17575920269322],[-84.28917422601569,47.175755002700285],[-84.28857902582752,47.175770902738016],[-84.28733562544137,47.17585850282504],[-84.28649612518682,47.17596570289101],[-84.28017872326346,47.17671270337883],[-84.27967502310696,47.17674730341394],[-84.27944632303283,47.17673940342631],[-84.27918662294697,47.17671640343822],[-84.2789806228748,47.176667203443024],[-84.27861432273927,47.1765224034428],[-84.27822532260035,47.176407603448546],[-84.27813382256728,47.17637770344945],[-84.27778292244479,47.176296503457955],[-84.27743192232585,47.17624350347078],[-84.27711132222248,47.176235803488595],[-84.27663072207666,47.17629680352635],[-84.27631022198098,47.17634980355335],[-84.27586052184084,47.176377703584265],[-84.2752651216626,47.17647200363385],[-84.27454002143773,47.17652540368494],[-84.27405952128719,47.17654930371703],[-84.27379252120326,47.17656030373457],[-84.27329662104674,47.17657550376621],[-84.2725715208048,47.17649530379713],[-84.27209872064448,47.17642310381423],[-84.27166372049962,47.17637700383306],[-84.2712750203638,47.17628600384236],[-84.27059572012277,47.17609820385416],[-84.26985541985744,47.17587290386402],[-84.2691079195856,47.175614403869204],[-84.26883301948162,47.17548810386641],[-84.26862691940501,47.17540400386586],[-84.26842111933053,47.17533570386778],[-84.26810841922527,47.17529390387998],[-84.26780301912423,47.175266903894],[-84.2673987189892,47.17522090391101],[-84.26668161876003,47.17522110395355],[-84.26595671852847,47.1752216039966],[-84.2653005183191,47.175224604035954],[-84.2645987180982,47.17525120408161],[-84.26393481789088,47.17528930412671],[-84.2636297177998,47.175339604152406],[-84.26311071764356,47.175415004194605],[-84.26253901747559,47.17553040424593],[-84.26212681735592,47.17562530428476],[-84.26171461722853,47.175659604314355],[-84.26137901712526,47.17569060433899],[-84.2610890170349,47.175709004358936],[-84.2607613169249,47.17566770437209],[-84.26028791677219,47.175656404398474],[-84.25999021666921,47.175595104406824],[-84.25966231654601,47.175450404404394],[-84.25937231643185,47.175282004396095],[-84.25910531632367,47.1751028043848],[-84.2588993162355,47.1749276043705],[-84.25879261618141,47.17477090435312],[-84.25857131609169,47.17462200434371],[-84.25821261594837,47.174397004330906],[-84.2578769158221,47.174248004328234],[-84.25760991572409,47.17414870432905],[-84.25722081558133,47.17400450433027],[-84.25673241541011,47.173885704341245],[-84.25612221520728,47.17382430436811],[-84.25571021507463,47.173816904391394],[-84.2553819149712,47.17382850441262],[-84.25511501488013,47.173783104421595],[-84.25465721473476,47.17379050444984],[-84.25442841465974,47.17377570446114],[-84.25402411452366,47.17372190447697],[-84.25371861441131,47.173606804477636],[-84.25349741432609,47.173492804473504],[-84.25327611423641,47.17334380446409],[-84.2530320141277,47.173103204442114],[-84.25287211404755,47.17287500441706],[-84.25213941368496,47.17186760430801],[-84.25186501356912,47.17164690429087],[-84.25156711345006,47.17145960428018],[-84.25131551335265,47.17132620427485],[-84.2509644132258,47.17121130427828],[-84.2505219130679,47.17108210428496],[-84.25007191291824,47.1710364043047],[-84.24949211273105,47.171021304336755],[-84.24913311262102,47.17105840436367],[-84.24893501255927,47.171070904377274],[-84.24813381233031,47.17128370445701],[-84.24731731209224,47.17146320453254],[-84.24689791196501,47.17151680456548],[-84.24657741186648,47.17154730458911],[-84.24583741163677,47.17160090464107],[-84.24508201139633,47.17160880468703],[-84.24459361123525,47.17156960471004],[-84.24397561103686,47.17156260474553],[-84.24318971077784,47.17150150478288],[-84.24253361055894,47.171429004810776],[-84.23833730913933,47.17081440496631],[-84.23747500884775,47.170689104998445],[-84.23417140772963,47.17020100512018],[-84.23282850727124,47.16997210516508],[-84.2324471071434,47.16992550518059],[-84.23223360707459,47.169921305192624],[-84.23176040691948,47.16989090521604],[-84.23091360665326,47.169926205271516],[-84.23012040641431,47.17004060533583],[-84.22981490632635,47.170117005365505],[-84.22890670605693,47.17028080544408],[-84.22831960587794,47.17034910548913],[-84.22781570572324,47.17039930552661],[-84.22714450551354,47.17043740557211],[-84.225595805015,47.17041020565972],[-84.22474080474015,47.170398205708516],[-84.22370350440531,47.17037230576603],[-84.22283360412233,47.17033380581169],[-84.22200220384917,47.17027620585219],[-84.22152120368813,47.170218905871955],[-84.22086510346726,47.17013160589763],[-84.22033870328684,47.170036205914336],[-84.21988880312016,47.169856505913764],[-84.21936990290003,47.169430205879905],[-84.21883560268641,47.16909410586067],[-84.21842370252368,47.16885030584813],[-84.21796610234136,47.168567305832326],[-84.2174319021493,47.16840010583866],[-84.2169055019718,47.168327105858786],[-84.21630250177128,47.168266405885284],[-84.21586790162503,47.16820910590229],[-84.21524980142449,47.168185805935394],[-84.2147003012367,47.16809090595353],[-84.21416640105534,47.16800690597239],[-84.21365510088216,47.16793030599107],[-84.21319700072505,47.167846506005496],[-84.21264050052719,47.167689806014714],[-84.21205280031793,47.16752180602403],[-84.2113815000752,47.16730100603031],[-84.21083219985205,47.166927206006214],[-84.21039729967947,47.16666370599202],[-84.20993189949627,47.16639320597862],[-84.20943619929851,47.16608430596116],[-84.20900099913177,47.165867105954014],[-84.20870379901288,47.165679605943225],[-84.20841359888135,47.165375005914264],[-84.2083222988001,47.16496580585771],[-84.20845159878579,47.164528205783725],[-84.20863479878211,47.16403910569881],[-84.20878739876737,47.163539805614164],[-84.20887899874282,47.16311650554466],[-84.20885619868653,47.16273140548766],[-84.20878739861253,47.162322605429814],[-84.20859689849829,47.16190300537753],[-84.20835259837163,47.16152140533415],[-84.20800899821235,47.16113280529561],[-84.20754389802588,47.16083550527809],[-84.20710889785475,47.16058320526561],[-84.20642239760909,47.16037750527509],[-84.20576599738418,47.16025860529589],[-84.20514039717351,47.16017500532026],[-84.20453019697845,47.16017500535635],[-84.20404179683108,47.16024380539569],[-84.2035611966866,47.16031600543502],[-84.20316429657528,47.16043830547703],[-84.20253889641121,47.16072020555673],[-84.20214189631287,47.16094500561429],[-84.20173789620218,47.16109030566017],[-84.2013105960777,47.161185405699875],[-84.20063919586454,47.16119740574143],[-84.20011259569661,47.161200705773076],[-84.19938779546634,47.16121220581768],[-84.19870089524674,47.161212205858305],[-84.19815189505144,47.1610565058672],[-84.19772439489383,47.160891805867564],[-84.19741159476088,47.160632805846774],[-84.19709109460452,47.160208805801496],[-84.19699199452583,47.1598391057514],[-84.1970072944838,47.15946970569451],[-84.19723619448705,47.1589199055977],[-84.19749569452006,47.158526805522776],[-84.19778579458657,47.15832060547435],[-84.1982738946996,47.15798190539417],[-84.19893759488164,47.157745205319046],[-84.19968529510031,47.15758480525056],[-84.20070009539461,47.15734830515465],[-84.20137919559185,47.1571920050908],[-84.20193609573644,47.156929005018064],[-84.20260789591435,47.15663910493434],[-84.20338569612522,47.15634200484337],[-84.20380549621859,47.15602060476981],[-84.20416399628272,47.15562350468846],[-84.20456849636268,47.155235404605705],[-84.20488129641018,47.1548228045247],[-84.20501109639588,47.15438370445049],[-84.20494239631769,47.15394130438752],[-84.2048585962347,47.153499404325515],[-84.20440059601701,47.1529384042676],[-84.20406489585342,47.15249550422035],[-84.20384369575032,47.152240704194824],[-84.20375199570928,47.152148804186304],[-84.20341649555311,47.15176340414778],[-84.20299669535106,47.15122970409172],[-84.2027297952148,47.150828604046694],[-84.20256939510445,47.150364003985786],[-84.20260029503574,47.14974550389023],[-84.20273759501224,47.14921510380173],[-84.20295859501263,47.148662203704895],[-84.20314169501249,47.14820040362403],[-84.2031723949777,47.147849603569064],[-84.20303489488279,47.147448503516436],[-84.20272989473449,47.14704870347386],[-84.20240159460185,47.14683060346023],[-84.20189049441531,47.146648003462744],[-84.20126489420996,47.14660600349337],[-84.2007462940495,47.1466474035303],[-84.20016619387039,47.14669750357221],[-84.1995103936724,47.14678900362485],[-84.19899119351369,47.146846103664245],[-84.19851819337175,47.146918903703245],[-84.19796119318738,47.146869203728635],[-84.19742739300224,47.146754803742866],[-84.19668709275109,47.146640603769306],[-84.19610719254875,47.146507003783356],[-84.19568749239178,47.14632750378096],[-84.19528349223694,47.146125203774176],[-84.19446699194641,47.14589250378721],[-84.19326139153443,47.14568310382674],[-84.19265919133649,47.14564030385582],[-84.19170479104106,47.145716403923785],[-84.19106409085377,47.14585460398259],[-84.19020939060518,47.14604830406249],[-84.18949239038623,47.14612910411715],[-84.1889128902082,47.14618560415994],[-84.18827158999684,47.14613610419036],[-84.18766118979306,47.146067604216064],[-84.18734068968146,47.14599550422407],[-84.18698998956016,47.145923204233824],[-84.18647088937186,47.145747404237916],[-84.18604358921249,47.14556810423596],[-84.18554008902348,47.1453469042322],[-84.18513608885321,47.14502320420698],[-84.18470898867064,47.14466030417723],[-84.18431198850739,47.14437430415731],[-84.18393028834618,47.14406550413304],[-84.18352608818255,47.14379440411586],[-84.18312938802812,47.14357700410635],[-84.18257238782003,47.143340504103385],[-84.18206908764022,47.14319150411057],[-84.18130568737773,47.14304610413364],[-84.18038998706852,47.14291630416804],[-84.17986368689402,47.14286690419168],[-84.17928408669229,47.14273770420633],[-84.17862778646796,47.14262330422775],[-84.17801728624995,47.142443404236566],[-84.17751368606231,47.1422335042345],[-84.17715518592254,47.1420353042256],[-84.1767507857546,47.141730504203316],[-84.1765295856384,47.14137210416199],[-84.17639988555186,47.141016804115814],[-84.1763082854722,47.140620004061034],[-84.1761022853648,47.14029270402358],[-84.1758352852203,47.13982650396866],[-84.17552248506902,47.139422203925825],[-84.17504948485683,47.138941603880895],[-84.17454598466492,47.13869790387368],[-84.1738820844139,47.13839230386657],[-84.17325658418794,47.13818700387235],[-84.17273778400548,47.13805620388323],[-84.17213488379146,47.13788840389336],[-84.17150158355612,47.137629203891485],[-84.17073138326634,47.13728600388491],[-84.17012848303635,47.13699240387602],[-84.169594182822,47.13664940385552],[-84.16919788266634,47.13642070384426],[-84.16857198241436,47.13601170381921],[-84.16812948222793,47.13565720379157],[-84.16761818202092,47.13531360376963],[-84.16709968180534,47.13492070374066],[-84.16656538158716,47.13454740371563],[-84.16626018145469,47.1342723036919],[-84.16596278132532,47.134001603668416],[-84.16556618116996,47.13377630365765],[-84.16509288097852,47.1334598036376],[-84.16468848081581,47.13319650362157],[-84.1642612806541,47.13299810361664],[-84.1636511804297,47.13276620361754],[-84.1630023802087,47.132659203639605],[-84.16248348005243,47.132735403681835],[-84.16187297988623,47.13296380375249],[-84.16130847973486,47.13319320382063],[-84.16086617961527,47.13336510387283],[-84.16023277943877,47.13357040394137],[-84.15969877929523,47.13378440400535],[-84.15926367917646,47.133944804055375],[-84.15883647905189,47.13403990409504],[-84.15838647890801,47.13403990412161],[-84.15795927876225,47.1339673041358],[-84.15757007861953,47.13382280413683],[-84.15720377848832,47.13371160414161],[-84.15653247825489,47.13356340415874],[-84.15590667803309,47.13339170416969],[-84.155418477877,47.13339180419849],[-84.15468577766397,47.13355920426715],[-84.15411387749224,47.13364700431424],[-84.15356447732377,47.133703704355234],[-84.15299987715056,47.133761104397266],[-84.15229777690428,47.13358910441267],[-84.15114637650333,47.133330504441396],[-84.15031407621737,47.13317340446666],[-84.15002427612043,47.133139804478674],[-84.14961987597697,47.13302830448563],[-84.14922317583188,47.13288390448713],[-84.14896367572756,47.13271560447693],[-84.14874257562073,47.132430304446665],[-84.14854397552482,47.132174804419655],[-84.14851367547162,47.13183140436932],[-84.14861267545776,47.13147200430897],[-84.14877307546313,47.13110990424454],[-84.14884937543633,47.13070600417879],[-84.14881127536616,47.13024820411158],[-84.14870417529468,47.12995420407329],[-84.14850607519651,47.12967970404333],[-84.14813227503599,47.1293557040162],[-84.14756027482498,47.12913410401637],[-84.14682727457284,47.12899340403824],[-84.14629327439086,47.12890470405631],[-84.14559917416895,47.128904604097286],[-84.14485937392811,47.12887080413578],[-84.14434027374914,47.128768204150845],[-84.14347807345554,47.12862650418025],[-84.14272257318792,47.12842100419365],[-84.14219627298147,47.12811940417895],[-84.14174617280423,47.12785610416552],[-84.14132657264344,47.127646104158416],[-84.1411815725879,47.12757350415596],[-84.14069347240336,47.1273485041506],[-84.1406780723979,47.1273443041509],[-84.13961007199457,47.12685610413981],[-84.1389230717537,47.12668820415486],[-84.13814507147498,47.12645190416485],[-84.13746587123414,47.12626470417654],[-84.13684047102505,47.12619300420258],[-84.13588677072302,47.12621570426227],[-84.13510077049638,47.12641050433817],[-84.13466587039257,47.12668900440613],[-84.13443677035849,47.12699790446652],[-84.13418497034552,47.12753130456233],[-84.13404807033997,47.12783340461625],[-84.13388747032917,47.128153704674325],[-84.13362787027413,47.1283745047231],[-84.13322397016194,47.12850820476727],[-84.13281937004363,47.1285958048044],[-84.13233096989372,47.12864510484069],[-84.13166746968403,47.128664404882784],[-84.1309195694459,47.128672504928126],[-84.13044656929459,47.12867210495593],[-84.12992796912825,47.128668104985934],[-84.12926436892532,47.12874140503619],[-84.12862326873767,47.12887820509476],[-84.12779126848702,47.12899990516233],[-84.12718096830253,47.129084005211084],[-84.12643356807611,47.12918320527023],[-84.12582276789674,47.129309105325355],[-84.12522016771526,47.12939750537429],[-84.12454866750726,47.12945070542194],[-84.1240375673659,47.12962550547863],[-84.12338166720461,47.13000790557533],[-84.12309166713794,47.13021380562371],[-84.12263386701761,47.13041970568198],[-84.12220636689294,47.1305147057216],[-84.12177146675621,47.13053340575009],[-84.12135166661717,47.13049530576901],[-84.12090196645114,47.130319705768905],[-84.12067336636173,47.13019100576285],[-84.12033716622474,47.12995820574735],[-84.11987936603578,47.12962190572328],[-84.11947476587304,47.129358705707205],[-84.11879616561404,47.129027205696936],[-84.11822366540291,47.12880530569697],[-84.11772016521725,47.12861090569715],[-84.11719366502139,47.12839360569525],[-84.11684296486813,47.12806900566667],[-84.11669036477888,47.12774910562708],[-84.1165680646838,47.12730700556719],[-84.11653006463047,47.12698180552006],[-84.11662916461441,47.12660450545696],[-84.11682006462483,47.12620440538493],[-84.11701826463897,47.125815405314235],[-84.11705666462178,47.125582605276634],[-84.11700316456886,47.12529950523683],[-84.11687366449085,47.12501050520058],[-84.1165910643609,47.12469760516976],[-84.11635436424558,47.12438450513616],[-84.11620216415784,47.12407590509831],[-84.11617136410116,47.123705705043896],[-84.11615656403364,47.12320980496951],[-84.11615626396639,47.122678704888926],[-84.11614096389879,47.122183304814584],[-84.11610286382724,47.12171400474563],[-84.11585116369707,47.12132160470087],[-84.1156070635716,47.120946704658344],[-84.11529426342383,47.120569404619474],[-84.11494376327997,47.12031790460196],[-84.11442466308259,47.12006990459491],[-84.11389036289866,47.11996640461067],[-84.11342496275424,47.12000150464346],[-84.11288306259397,47.12010410469098],[-84.11218926238558,47.12021090474806],[-84.11170046222698,47.12019240477405],[-84.11111296203373,47.120149904802275],[-84.11048766181882,47.12003190482117],[-84.10987706160472,47.11988300483454],[-84.10928996139346,47.1196968048409],[-84.10896936127394,47.11956240483936],[-84.10858786112591,47.119356804830666],[-84.10827526100572,47.11919650482475],[-84.10800056089032,47.11897900480787],[-84.10777156079057,47.1187691047895],[-84.10763416070853,47.11846820475195],[-84.10774076067213,47.117910604660935],[-84.10787836067892,47.11761660460821],[-84.10803866067957,47.11721630453799],[-84.10809966065277,47.11685000447879],[-84.10808406060248,47.116491704425286],[-84.10793166050168,47.11607990437173],[-84.10771066038949,47.115751504334895],[-84.10738986024249,47.1154002043004],[-84.10694746004947,47.114992604264614],[-84.10651995986503,47.11461490423244],[-84.10619205972164,47.114310104205444],[-84.10579555955037,47.113958504175415],[-84.10545205939962,47.11363480414654],[-84.10524625929328,47.11331420410996],[-84.10501755916805,47.112901904060806],[-84.10491785909852,47.11260420402143],[-84.10473505900059,47.11229200398481],[-84.10449845888921,47.112009303955794],[-84.1038653586299,47.11155960392479],[-84.10313255833185,47.11105520389134],[-84.10237775803564,47.11062120386991],[-84.10179735781857,47.11037250386633],[-84.10137035766377,47.11022790386953],[-84.10075225745841,47.110166903896655],[-84.10021045728138,47.11013660392397],[-84.09979105714807,47.11014330394972],[-84.09944015702531,47.11005950395764],[-84.0992569569605,47.110010503961],[-84.0989592568557,47.10993420396695],[-84.09849405668479,47.109759003967724],[-84.09807445652065,47.10952170395637],[-84.09779205641154,47.10937290395041],[-84.09752505630445,47.109201203940046],[-84.09726565620704,47.109086803937984],[-84.09674655601351,47.10886910393548],[-84.0963652558719,47.108712903934226],[-84.09593815571942,47.10858730394023],[-84.09562495561012,47.10851480394769],[-84.09514435543234,47.10832410394706],[-84.09478605528926,47.10809870393387],[-84.09434375511711,47.10785530392295],[-84.09389285493478,47.10755360390366],[-84.0937178548567,47.107378203887336],[-84.0935197547653,47.107156403865275],[-84.09329055464819,47.10680940382609],[-84.0931763545785,47.106547103792984],[-84.09298525446333,47.10611900373918],[-84.09276415434978,47.105779703700634],[-84.09257345424922,47.10546650366429],[-84.09235195414274,47.10518440363447],[-84.09208505402465,47.10492500361077],[-84.09178005390022,47.10471170359633],[-84.091489853779,47.10448660357921],[-84.09105515360906,47.1042418035676],[-84.09072695347808,47.10403590355565],[-84.09045995336918,47.10384960354308],[-84.09015475323744,47.1035790035199],[-84.08996415313834,47.10327690348523],[-84.08981145305155,47.10297620344856],[-84.08967455297679,47.102731103419345],[-84.08954465290304,47.102476003388226],[-84.08941485283268,47.10224770336118],[-84.0883696523487,47.10106120324245],[-84.08757615198657,47.10020260315868],[-84.08677515162451,47.09936370307831],[-84.0864091514515,47.098920303032486],[-84.0862869513874,47.09872210300956],[-84.08621035134655,47.098592502994386],[-84.08610385129509,47.098454802979695],[-84.08598135123195,47.09826470295801],[-84.08588215118235,47.09812320294236],[-84.08583655115433,47.098016502928836],[-84.08577555112225,47.097916902917284],[-84.08573765109719,47.09781440290397],[-84.08572235108309,47.09774170289379],[-84.08571445106811,47.09764280287919],[-84.08569165105172,47.0975706028696],[-84.08564555102105,47.09744460285314],[-84.08558485098183,47.09728780283292],[-84.08548595093438,47.09716200281959],[-84.08536355087406,47.096994302801285],[-84.08524155081328,47.09682210278235],[-84.08514235076193,47.09666620276445],[-84.0849971506934,47.09649120274644],[-84.08485975063208,47.096353302733554],[-84.08472275056607,47.096177902714956],[-84.0846083505146,47.09605960270371],[-84.08444045043734,47.095872902685194],[-84.08432595038236,47.095727402669844],[-84.08421135033274,47.09562460266093],[-84.08412745029688,47.095552902655],[-84.08403605026044,47.09549560265169],[-84.08389125020778,47.09544560265262],[-84.08379175017023,47.09540000265152],[-84.08363935010941,47.09530400264591],[-84.08352475006117,47.095212402638715],[-84.08342565001465,47.09509480262666],[-84.08332654997335,47.095018602620925],[-84.08315854990079,47.094869102608094],[-84.0830365498454,47.09473960259558],[-84.08288414977463,47.094564802577985],[-84.08277734972795,47.09446530256912],[-84.08260164964967,47.09429010255284],[-84.08247984958994,47.09412580253503],[-84.08236494953543,47.09398480252039],[-84.08228114949272,47.093858802506126],[-84.08215924943505,47.093710302490784],[-84.08202204936804,47.093527202471],[-84.08197604934513,47.09346220246382],[-84.08189974930677,47.09335160245154],[-84.08180044926146,47.093244002440976],[-84.08170164921363,47.0931151024272],[-84.08156414914842,47.09294670240969],[-84.08145724909679,47.09280890239504],[-84.08131954902545,47.09259220237018],[-84.08121314896921,47.0924161023497],[-84.08112904892846,47.0923059023379],[-84.08106824889558,47.09219970232531],[-84.08100724886106,47.09208090231085],[-84.08098414884458,47.092008502301184],[-84.08089264878978,47.09180600227579],[-84.0808773487767,47.091741202266874],[-84.08081654872797,47.09150890223509],[-84.08077824869935,47.091379402217704],[-84.08070204865331,47.09120720219599],[-84.08065624862274,47.09108120217951],[-84.080549148562,47.09087140215392],[-84.0804501485083,47.09069640213313],[-84.08035124845742,47.09054390211581],[-84.08021364839706,47.0904138021041],[-84.08010664834644,47.090283902090654],[-84.07995414827461,47.09010110207184],[-84.0798166482118,47.08995180205724],[-84.07966444814917,47.08984110204937],[-84.0794736480714,47.089708002040354],[-84.07933624801358,47.089598102031744],[-84.0791147479157,47.08938360201214],[-84.07888604782153,47.08921670200021],[-84.07871834775052,47.08907900198915],[-84.07856544768615,47.088956101979456],[-84.07838234760793,47.08880030196659],[-84.0782528475579,47.088731601963715],[-84.078085347488,47.08860230195395],[-84.07784074737944,47.088361401931714],[-84.0776883473168,47.08825090192387],[-84.07754314725496,47.08812890191386],[-84.07732964716551,47.08796120190093],[-84.07723084711893,47.08784230188865],[-84.07710854706492,47.08772400187786],[-84.07703254702531,47.087602401863855],[-84.07694814698247,47.08747660184971],[-84.07687964694755,47.08737370183808],[-84.07684164692859,47.0873196018321],[-84.07680324690723,47.08724750182336],[-84.07675764687873,47.08713730180932],[-84.07672704685062,47.086991901789006],[-84.07670374683401,47.08691940177936],[-84.07667344681082,47.086812201764836],[-84.0766125467707,47.0866485017435],[-84.07658954675182,47.086557001730945],[-84.07655914672387,47.08641260171078],[-84.07646004665322,47.08610360166965],[-84.07629204650378,47.08534430156404],[-84.07605604632681,47.08453940145555],[-84.07590284621342,47.08402860138687],[-84.07584174617226,47.083856801364355],[-84.07575794612559,47.08369950134536],[-84.0756894460869,47.08356630132916],[-84.0756055460462,47.083456201317354],[-84.07539174594324,47.08318150128813],[-84.07529284589619,47.08305930127539],[-84.0751552458348,47.08292130126246],[-84.0750562457883,47.08280360125041],[-84.07491134572417,47.082662301237455],[-84.07479674566923,47.08251690122205],[-84.07468234561871,47.08240650121202],[-84.07456074556208,47.08226570119777],[-84.07449924553082,47.08217390118741],[-84.07436164546722,47.08201790117179],[-84.07430094544105,47.08196440116723],[-84.07416364537593,47.08179600114969],[-84.07395784527692,47.08153260112175],[-84.07362164512193,47.081155801084186],[-84.07333234499664,47.08089580106163],[-84.07311824489886,47.08066310103888],[-84.0728589447848,47.08041580101648],[-84.07259204467,47.08018230099669],[-84.07239374458703,47.08002670098467],[-84.07209594446674,47.07982780097196],[-84.0718365443603,47.07964140095881],[-84.07121074411494,47.07928220094101],[-84.07092854400018,47.07908730092796],[-84.07045524380848,47.078767000907085],[-84.06999764362575,47.07847800089001],[-84.069600843468,47.07823310087614],[-84.06936454336463,47.07801220085643],[-84.06911284325824,47.077806400839926],[-84.06889884316429,47.077604000821694],[-84.0686855430706,47.07740160080347],[-84.06854034300636,47.07726030079052],[-84.06834234291664,47.07705080077031],[-84.06814404282446,47.07682210074715],[-84.06804444277384,47.07667300073034],[-84.06793764271904,47.07650950071176],[-84.0678004426578,47.076371300698824],[-84.06770104260634,47.076215300680936],[-84.0675942425468,47.076013400656464],[-84.06751794250405,47.07586810063885],[-84.06732714240276,47.07554810060142],[-84.06704494223895,47.07496410052915],[-84.06693054216831,47.0746935004947],[-84.06679314209549,47.074464500467954],[-84.06663304201555,47.07423590044257],[-84.06644974192426,47.0739764004139],[-84.06618294180187,47.07368220038481],[-84.06595374169736,47.07343390036054],[-84.06573244159871,47.07321280033988],[-84.06548114148676,47.07296180031648],[-84.06508414132561,47.072689900298485],[-84.06460374113469,47.072393600281636],[-84.06418374096242,47.07209210026043],[-84.06364994075719,47.07181730024999],[-84.06308544053962,47.0715230002384],[-84.06245164030004,47.071229600231035],[-84.05851513880411,47.06934470017563],[-84.0579885386061,47.06910910017072],[-84.05757653844545,47.06887960016004],[-84.0573094383438,47.06875040015606],[-84.05714163828152,47.06868170015542],[-84.05699673822888,47.068631600156344],[-84.05682093816544,47.06857440015797],[-84.05652353805695,47.068467600159174],[-84.05626423796056,47.06836090015817],[-84.05609613789484,47.06826560015356],[-84.05592063782572,47.06816200014811],[-84.05578343776698,47.0680441001382],[-84.05567673772232,47.06796040013178],[-84.05559283768588,47.067883900125054],[-84.05551663765344,47.06781950011973],[-84.05544083761907,47.06773940011201],[-84.05539433759601,47.06767430010482],[-84.05530303755529,47.0675822000962],[-84.05525713753094,47.067505800087275],[-84.05517303748498,47.06735400006907],[-84.05456323717482,47.06643879996563],[-84.0544259371131,47.066297299952176],[-84.05425013703807,47.06614789993978],[-84.05411263697928,47.06603009992991],[-84.05402113694184,47.06596499992541],[-84.05387633688117,47.065850699916524],[-84.05372333681932,47.06574799990987],[-84.05363183678331,47.06569419990707],[-84.05341063669675,47.06556849990093],[-84.05309023657414,47.065408299895395],[-84.05280793646855,47.06528639989342],[-84.05048103559452,47.06425279987278],[-84.04989363537742,47.06401979987186],[-84.04954233524388,47.06385139986685],[-84.04929093514683,47.063718699861425],[-84.04910753507703,47.063630099858685],[-84.0489169349989,47.063493499849145],[-84.04862673488785,47.06334819984403],[-84.04834483477232,47.0631464998299],[-84.04814643468536,47.06295939981306],[-84.0479555346046,47.062802599800456],[-84.04774203451288,47.06261579978458],[-84.04760473444934,47.062459799768874],[-84.0474212343709,47.06230259975568],[-84.0472154342864,47.06215399974518],[-84.04700163418632,47.06190209971942],[-84.04678053408354,47.06164689969352],[-84.0466738340321,47.061509199678845],[-84.04655163397108,47.06133469965946],[-84.04633013386226,47.06103239962647],[-84.04625413382841,47.06095669961939],[-84.04608623375987,47.06083849961128],[-84.04580403363452,47.06055919958535],[-84.0455600335374,47.060407199576524],[-84.04535373345517,47.06027779956896],[-84.04512493336662,47.06015549956373],[-84.04471283321176,47.059971799559996],[-84.0442549330414,47.05978149955793],[-84.0438280328853,47.05962539955922],[-84.04340813273521,47.05949939956473],[-84.04132533199682,47.05892349959937],[-84.04090563184639,47.0587939996043],[-84.04032563163983,47.05862609961279],[-84.03976873144057,47.05845749961981],[-84.03943313131556,47.05831679961815],[-84.03912783119536,47.05813699960866],[-84.03874683104864,47.057938999600886],[-84.03835733089684,47.05772209959072],[-84.03787673070617,47.05742779957414],[-84.03637343010988,47.05650809952238],[-84.03622083004579,47.056386299512816],[-84.03591572993143,47.05625249951032],[-84.03558022980745,47.05611959950982],[-84.03522142967213,47.05595589950592],[-84.03486272953491,47.05577659949972],[-84.03443602936778,47.055532299487574],[-84.03423732928556,47.05538359947657],[-84.03405422919919,47.0551622994536],[-84.03390152912827,47.05498649943583],[-84.0337949290688,47.05478439941129],[-84.03372602902847,47.05463899939319],[-84.0336575289884,47.05449449937523],[-84.03358102892322,47.05417029933032],[-84.03349712887098,47.05396789930446],[-84.0333294287804,47.05367409926956],[-84.03318462870534,47.05344519924322],[-84.03303172862432,47.05318929921323],[-84.03278782851952,47.052976299195066],[-84.03260442844032,47.0528124991809],[-84.03239862835343,47.05264469916745],[-84.03226142829895,47.0525605991627],[-84.0321089282349,47.052438599153035],[-84.03175012809423,47.052232099142664],[-84.03158222803091,47.05215559914089],[-84.03081152774485,47.051839699138],[-84.03010982747725,47.05149599912686],[-84.0293619271974,47.05117159912135],[-84.02905672708062,47.051018799115965],[-84.02879032697541,47.05085929910731],[-84.02856072688184,47.05069889909638],[-84.02838512680611,47.05054279908289],[-84.02820982672799,47.050367299066494],[-84.02797302662114,47.05011939904261],[-84.02783592654947,47.04989799901695],[-84.02775972650201,47.049714298993464],[-84.0276909264551,47.049515998967266],[-84.02764512641563,47.04931809893983],[-84.02764542639504,47.04915369891475],[-84.02765292638163,47.04902759889512],[-84.02769872637383,47.04884879886518],[-84.02777502636937,47.04861929882575],[-84.02786642637949,47.048467398797264],[-84.02795072638965,47.048333498771896],[-84.02802692640059,47.0482268987512],[-84.02809532640377,47.048077898724486],[-84.02819462641978,47.0479526986996],[-84.02828632642797,47.047784698668615],[-84.02836262643464,47.047643198642604],[-84.02840072643438,47.04754429862528],[-84.02846932642369,47.04728479858177],[-84.02849972640229,47.04703689854218],[-84.0284841263723,47.046837798512804],[-84.02839282630626,47.046544398473415],[-84.02825552621252,47.04614759842108],[-84.02811062613414,47.04589259839076],[-84.02797332604761,47.04555319834709],[-84.02785912597462,47.04526259830955],[-84.0277290258976,47.04498029827414],[-84.02763752583432,47.044709398238254],[-84.02759202575606,47.04420209816363],[-84.02757652572868,47.044023598137386],[-84.02766072572877,47.04380989809987],[-84.02772922572375,47.04359549806319],[-84.02781322573395,47.04346279803804],[-84.02800382575792,47.04316859798206],[-84.0281029257743,47.04304669795767],[-84.02827092580695,47.042879297922305],[-84.02843882584087,47.04272169788842],[-84.02859122587101,47.04257389785697],[-84.02869842589334,47.0424786978362],[-84.02876682590751,47.042417197822815],[-84.02917162598708,47.04202059773865],[-84.02954522605913,47.04164279765916],[-84.02989602612716,47.041291697585066],[-84.03020142618746,47.04099439752187],[-84.03054472624734,47.04059729744124],[-84.03093392631907,47.04017739735444],[-84.03168922645092,47.03930469717716],[-84.03240612657754,47.03848799701062],[-84.03279532665452,47.03810989693019],[-84.03306252670939,47.037866596877436],[-84.03335252677809,47.03767539683126],[-84.0336117268393,47.03750329678984],[-84.03404692694352,47.037225196721934],[-84.03432882701647,47.03708829668456],[-84.03462652709437,47.03695099664617],[-84.03493932717751,47.036816696607346],[-84.03516812723875,47.036721896579465],[-84.0354202273055,47.03661159654784],[-84.03571772738718,47.03650479651414],[-84.03602262747218,47.03640549648114],[-84.03628232754453,47.036320996453014],[-84.03658722763295,47.03624889642412],[-84.03726652782606,47.036057496355085],[-84.03764032793318,47.035958696318104],[-84.03809792806989,47.03588239627964],[-84.0384567281764,47.035817796248715],[-84.03883832829318,47.035776096219955],[-84.0391816283995,47.03574899619567],[-84.03944842848196,47.03572629617658],[-84.03977682858455,47.0357072961544],[-84.0403031287537,47.03571469612465],[-84.04060852885326,47.03573009610906],[-84.04094382896133,47.035737196090466],[-84.04111942902037,47.03576049608372],[-84.04132552909056,47.035794696076834],[-84.04143982913092,47.035825096074724],[-84.04158492917878,47.03583699606803],[-84.04175282923622,47.03586739606283],[-84.04191272929262,47.03590919605981],[-84.04200442932529,47.03593609605849],[-84.0421498293747,47.03595939605354],[-84.04232482943782,47.036016496051964],[-84.04253092951038,47.036069596047945],[-84.04272952958192,47.03613399604614],[-84.04288172963923,47.03620299604772],[-84.04314142973327,47.036290596045795],[-84.04330912979304,47.03634009604347],[-84.04345402984751,47.03640489604487],[-84.04366792992592,47.03648469604445],[-84.04378222997069,47.036550296047764],[-84.04392733002662,47.036626396050835],[-84.04402613006293,47.03666419605078],[-84.04427033015783,47.036798296056894],[-84.04470573032339,47.037008296063334],[-84.0449722304296,47.03717559607313],[-84.04520893051719,47.03727059607376],[-84.04560563066707,47.03745459607848],[-84.04578093073356,47.03753769608086],[-84.04600273081222,47.03759939607724],[-84.04620863088422,47.03764889607268],[-84.04633063092469,47.03766029606726],[-84.04662863102754,47.037720996059015],[-84.04686423110475,47.03773609604746],[-84.04699443114933,47.03775969604345],[-84.04713903119605,47.03776369603556],[-84.04735323126252,47.03774779602057],[-84.0475745313332,47.03774759600757],[-84.04775723138975,47.03773259599452],[-84.04790993143665,47.037717295983256],[-84.04803933147517,47.0376946959722],[-84.04816153151037,47.03766439596041],[-84.04832203155632,47.03762189594451],[-84.04849723160608,47.03757209592662],[-84.04868063165522,47.037496395904306],[-84.04890173171202,47.037386095874574],[-84.04900843173839,47.037324595858934],[-84.04916883177869,47.037237095836176],[-84.04929083180807,47.03716069581736],[-84.04940513183504,47.037084595799044],[-84.04950453185336,47.03697729577689],[-84.04959623186919,47.03687019575518],[-84.04971063189485,47.03678309573521],[-84.04995453194637,47.03657269568882],[-84.05024463200743,47.036320895633445],[-84.05049633206262,47.036119495588],[-84.05073303211192,47.03590959554212],[-84.0509389321595,47.03576459550794],[-84.05116023220916,47.03559669546936],[-84.05128203223846,47.03552029545056],[-84.05145743228489,47.03544359542856],[-84.05170193234245,47.03527959538925],[-84.0518239323762,47.035237995375766],[-84.05225883248492,47.03499699531351],[-84.05243443253012,47.034910195289946],[-84.05266293259017,47.0348062952607],[-84.05283883263927,47.0347497952418],[-84.05296863267309,47.03468899522489],[-84.05306753270084,47.034658195214405],[-84.0531970327322,47.03457829519461],[-84.05342633279483,47.03449339516824],[-84.05363193285338,47.03443619514743],[-84.05384603291373,47.034371995125085],[-84.05402933296706,47.034330095107954],[-84.05416633300696,47.03429929509524],[-84.05440283307396,47.034231195070944],[-84.05456293312123,47.03419999505684],[-84.05473853317447,47.034177095042985],[-84.05499793325494,47.03415779502487],[-84.05518863331218,47.034128095009116],[-84.05531823334918,47.03409309499614],[-84.05556993342401,47.03404809497451],[-84.05576073348305,47.034032894961044],[-84.05601273355778,47.03398669493915],[-84.05623383362322,47.03394479491981],[-84.05648573369889,47.03390659489919],[-84.05666103375592,47.03391429489011],[-84.05692793383496,47.03386459486682],[-84.05704273387208,47.033868094860615],[-84.05727923394389,47.03383819484222],[-84.05737843397274,47.03381529483287],[-84.05777543409535,47.03378119480436],[-84.05817983422023,47.03374659477536],[-84.05839293428451,47.03371619475819],[-84.05869083437351,47.03366659473318],[-84.05893503444901,47.03364639471571],[-84.05917933452228,47.03360849469562],[-84.0593470345755,47.03360519468526],[-84.05954523463929,47.03360879467419],[-84.05970563468863,47.03359329466239],[-84.05990393475298,47.03360139465198],[-84.06005663480087,47.0335940946419],[-84.06024713485884,47.03357079462715],[-84.06044513492066,47.03355889461377],[-84.06054493495402,47.033570794609666],[-84.06068973499981,47.03356699460067],[-84.06083463504845,47.03358559459495],[-84.06101773511134,47.03362009458942],[-84.06109393513708,47.03363149458671],[-84.06126963519378,47.033635794577016],[-84.06141453524384,47.033665694573095],[-84.06158223530043,47.033689394566835],[-84.06168903533587,47.03369999456217],[-84.06189493540226,47.0337045945508],[-84.06226133552262,47.03373079453331],[-84.06255113562291,47.03379169452555],[-84.06284883572481,47.03384559451624],[-84.06303193578525,47.03386099450789],[-84.06326843586376,47.033883994497494],[-84.06349003593645,47.03389919448675],[-84.06378003603102,47.03391409447203],[-84.06399343610119,47.033929694461875],[-84.06412293614059,47.03391379445185],[-84.06430623619968,47.0339179944417],[-84.06451963626881,47.03392569443036],[-84.06466473631573,47.03392969442244],[-84.06500033642378,47.033936294403745],[-84.06522913649799,47.03394489439162],[-84.06534383653269,47.033929494382534],[-84.06548893658055,47.03394139437583],[-84.0656335366281,47.033952094368935],[-84.06571003665304,47.033955794365035],[-84.06590833672163,47.03399759435972],[-84.06598503674863,47.03401709435819],[-84.06612993679978,47.03405569435555],[-84.06619043682143,47.03407439435483],[-84.06644243690782,47.03412059434714],[-84.0683650375768,47.03455499430034],[-84.06871593769469,47.03460069428672],[-84.0690669378178,47.034687994279345],[-84.06930333789863,47.034730094271914],[-84.06950963796754,47.0347537942634],[-84.06965443801656,47.03477579425825],[-84.06986803808778,47.03479929424928],[-84.0701656381905,47.034859894241016],[-84.0702419382187,47.0348904942412],[-84.07037153826398,47.034920894238226],[-84.07051683831428,47.0349517942344],[-84.07085233842915,47.035012494223956],[-84.07112693852844,47.03510439422179],[-84.07143253864045,47.03521859422124],[-84.07179853877753,47.035378694224114],[-84.07193573883006,47.03544799422664],[-84.07208843888498,47.03549679422509],[-84.07225653894838,47.03557339422689],[-84.07245443902366,47.03566919422983],[-84.07420943968617,47.03647819424996],[-84.07433933973246,47.036516294248116],[-84.07449183978974,47.03658419424953],[-84.0747053398633,47.03662689424348],[-84.07489633993151,47.03668369424088],[-84.0750943400024,47.036744594238534],[-84.07526224006087,47.03678279423449],[-84.07548334013916,47.036843294230735],[-84.07565134019578,47.03686689422442],[-84.07591104028158,47.036889194212556],[-84.07609364033951,47.03688559420134],[-84.07630754040736,47.03688209418818],[-84.07650574047256,47.0368967941788],[-84.07658244049611,47.036889094173155],[-84.0767805405566,47.036866894158074],[-84.07685694058246,47.03687829415532],[-84.07710124065817,47.036859394138105],[-84.07742914075718,47.036813494111875],[-84.07773444084661,47.03674899408411],[-84.07796354091256,47.03669109406184],[-84.07814624097044,47.036687294050516],[-84.07832194102473,47.03667239403793],[-84.078482241074,47.03665689402612],[-84.0786727411358,47.03666409401606],[-84.07887144119651,47.03664189400094],[-84.07916874128769,47.036611393978845],[-84.07940534136516,47.03662639396725],[-84.07968024145529,47.03664489395392],[-84.07984744151031,47.03665729394601],[-84.08006124157801,47.03665259393268],[-84.08039704168633,47.03666049391417],[-84.08074054179943,47.036687193898025],[-84.08096174187108,47.03669479388619],[-84.0811905419471,47.036717993876266],[-84.0814119420208,47.03674109386681],[-84.08159514208126,47.0367563938584],[-84.08174014212891,47.036767193851496],[-84.0819456422008,47.03681669384696],[-84.08207574224777,47.036859393845795],[-84.08228184231889,47.03690109384004],[-84.08248774238946,47.0369393938338],[-84.08264774244341,47.036961993827816],[-84.0828691425161,47.036977493817176],[-84.08302954257263,47.03701929381414],[-84.08321274263507,47.03705039380811],[-84.08336504268662,47.03707319380258],[-84.08350994273769,47.03711099379985],[-84.08374684281767,47.03714509379111],[-84.08388414286392,47.03716389378592],[-84.0841358429487,47.03719869377641],[-84.08425004298664,47.03721029377147],[-84.08438744303433,47.037240293767944],[-84.0845174430788,47.03726379376393],[-84.08460874310936,47.03727479376022],[-84.0847767431645,47.03728609375204],[-84.08688234389297,47.03772879369572],[-84.08892784459692,47.03812919363645],[-84.08932394473166,47.03819419362307],[-84.08959874482471,47.03823589361327],[-84.08980474489917,47.03830469361165],[-84.08991944494063,47.03834309361075],[-84.09004904498728,47.03838449360941],[-84.09017834503253,47.03841599360665],[-84.09032344508465,47.038461793605094],[-84.09051424515236,47.038515093601994],[-84.09068214520984,47.03854539359673],[-84.0908421452638,47.03856799359079],[-84.09110174535205,47.03861019358195],[-84.09121594539086,47.03862869357806],[-84.09137624545073,47.03869749357906],[-84.09158234551957,47.0387211935706],[-84.09178084558587,47.03874399356236],[-84.0919256456359,47.03877389355842],[-84.09214714570861,47.03878939354777],[-84.09229204575733,47.038808893542246],[-84.09244454580796,47.03882389353551],[-84.09261984586679,47.03884619352861],[-84.0928108459259,47.0388310935151],[-84.09302424599505,47.03883879350371],[-84.0932075460507,47.0388155934894],[-84.0933142460805,47.03878129347793],[-84.09345164611914,47.03873929346346],[-84.09365004617972,47.03871709344841],[-84.09375674621432,47.03872109344274],[-84.09382524623327,47.03869769343518],[-84.09391734625937,47.038671593425775],[-84.09400834628545,47.038647793416786],[-84.09422234635,47.03861719339955],[-84.0943136463759,47.038591093390195],[-84.09445124641022,47.038514193370396],[-84.0945885464407,47.038408193346214],[-84.09472564647585,47.03833919332766],[-84.0948479465043,47.03825489330761],[-84.094954646526,47.03815639328634],[-84.095053746549,47.03808739327002],[-84.09515344656892,47.03799239324965],[-84.0952445465894,47.037923593233856],[-84.09531314660214,47.03785089321873],[-84.09537464661169,47.03777049320288],[-84.09544294662253,47.03768309318557],[-84.09548894663197,47.037641393176514],[-84.09565704666117,47.037446693136985],[-84.09577094667397,47.03725919310174],[-84.09585484668646,47.03714549307947],[-84.09593904669553,47.037003693052924],[-84.0960000466959,47.0368515930262],[-84.0960990467112,47.03672149300059],[-84.09622864673491,47.03658079297153],[-84.09628214674285,47.03650839295737],[-84.09636624675532,47.03639359293495],[-84.0965188467897,47.036279292908574],[-84.09661794681027,47.03619109288931],[-84.09672514683496,47.0361150928714],[-84.09693114688689,47.036004892842534],[-84.09705254691792,47.03594309282601],[-84.09719064694916,47.03584039280223],[-84.09729674697391,47.03576779278494],[-84.0974495470131,47.035691592764316],[-84.09757924704591,47.03562289274625],[-84.09770894707786,47.035547392727146],[-84.09783874711152,47.03548529271007],[-84.09793804713897,47.03545119269899],[-84.09810564718443,47.03538699267938],[-84.09823584721597,47.035306992659564],[-84.09834974724944,47.03528359264927],[-84.09845694727841,47.0352414926366],[-84.09855584729983,47.03516109261854],[-84.09863984731803,47.03509229260312],[-84.0987160473382,47.035058792593546],[-84.09884594736766,47.0349630925713],[-84.09889944737562,47.03489079255716],[-84.09901384740022,47.034795492535935],[-84.09905174740894,47.03476849252959],[-84.09908984741445,47.03471569251932],[-84.09912014741978,47.03468119251225],[-84.09916614742767,47.03462709250132],[-84.0992656474433,47.0344984924759],[-84.09935774746162,47.03441039245705],[-84.0994568474798,47.03430319243491],[-84.09963944752039,47.034161892402636],[-84.09979984755442,47.034024892372344],[-84.10006694761098,47.03379629232182],[-84.10024214764962,47.03365859229058],[-84.10046344769924,47.03349059225201],[-84.1006465477371,47.033326992216324],[-84.10079144776806,47.0332049921892],[-84.10097434780877,47.033063892157],[-84.1011273478433,47.032949592130585],[-84.10124924787358,47.03288109211299],[-84.10137104790374,47.03281119209517],[-84.10150134793584,47.03273569207603],[-84.1017073479844,47.032598592043016],[-84.10182894801547,47.032536692026454],[-84.1019437480436,47.03246869200934],[-84.10207334807635,47.032399591991194],[-84.10211894808663,47.03236569198334],[-84.10222594810404,47.032232291956745],[-84.10235554813097,47.03211749193165],[-84.10247734815692,47.03201399190876],[-84.10257684817871,47.03193479189081],[-84.10267584819586,47.031819691867454],[-84.10275974820928,47.03171299184628],[-84.10282864821929,47.03161769182771],[-84.10292754823512,47.03149219180282],[-84.10295834823295,47.03139679178646],[-84.10300384823587,47.031304491769724],[-84.10303464823569,47.0312248917558],[-84.10308014823917,47.03113709173974],[-84.10309584823749,47.031083691730664],[-84.10311094823463,47.03102279172051],[-84.10314134823278,47.03093069170473],[-84.10315664822676,47.03084369169058],[-84.1031719482123,47.03069019166629],[-84.10315664819508,47.03059179165219],[-84.1031718480142,47.02911519142641],[-84.10319474795004,47.02854659133848],[-84.10321754793631,47.028379391311645],[-84.10317964790455,47.02822299129007],[-84.10316424788128,47.02807699126876],[-84.10311844784997,47.02794439125123],[-84.10307274782134,47.02783329123704],[-84.10304984780736,47.02778009123027],[-84.10301924778365,47.027669191215175],[-84.10296604775671,47.0275898912062],[-84.10289724772322,47.027498291196316],[-84.10283664768646,47.02736029117888],[-84.10276004764714,47.02724209116534],[-84.10269874761605,47.02715039115499],[-84.10259994757394,47.02706639114799],[-84.10248504752673,47.02698299114206],[-84.10237854747635,47.02685309112855],[-84.10226374742484,47.02673469111723],[-84.10216504738034,47.026631691107376],[-84.10208094734105,47.02653269109721],[-84.1019816472929,47.026402491083196],[-84.1018441472318,47.02626579107049],[-84.1017681471969,47.026181091062064],[-84.10164614714064,47.02604389104833],[-84.10153144708447,47.0258883910314],[-84.10147054705688,47.025823591025095],[-84.10138674701955,47.02573929101718],[-84.10129504697964,47.02565529100979],[-84.10124934695601,47.0255832910015],[-84.10117274692333,47.0255180909961],[-84.10111184689575,47.02545329098977],[-84.10103564685747,47.02534269097738],[-84.10097464682552,47.025243090965795],[-84.10092884679848,47.02514459095351],[-84.10088304676984,47.025033190939254],[-84.10084474675088,47.02497989093338],[-84.1007611466979,47.02477079090645],[-84.10073014667216,47.02464459088905],[-84.1007381466608,47.02453399087168],[-84.1007456466473,47.024407690852044],[-84.10077574664594,47.024320290836975],[-84.10076844662682,47.02418669081701],[-84.10080694662189,47.02404949079388],[-84.10082194661139,47.02392769077446],[-84.10082934659785,47.023801490754785],[-84.10084494656067,47.02346579070275],[-84.1009669462722,47.02086049029864],[-84.10095914624469,47.020661490268786],[-84.10096684622708,47.02050159024402],[-84.10098974622284,47.02040979022866],[-84.10102034621258,47.02025039020254],[-84.10106624621616,47.02016249018648],[-84.10112734622082,47.02004379016483],[-84.10116554622444,47.01997549015217],[-84.10120354622168,47.019857290131895],[-84.10126454622588,47.019735490109774],[-84.10131824622955,47.01962809009025],[-84.10141724624341,47.019486990062944],[-84.10148584625526,47.01940659004665],[-84.10164624628442,47.0192311900105],[-84.10168414628889,47.01917038999898],[-84.10174534630032,47.01910578998558],[-84.10186724632725,47.01901018996385],[-84.1020045463548,47.01888028993599],[-84.10211134637879,47.0187999899175],[-84.10222574640677,47.01873168990035],[-84.10231724642831,47.018670589885645],[-84.10248514646655,47.01854798985709],[-84.10273704653315,47.01843788982555],[-84.1028742465683,47.01836868980696],[-84.10305004661151,47.01826588978092],[-84.10315664663794,47.01820488976542],[-84.10327874666984,47.01814848974963],[-84.10348454672598,47.01807198972584],[-84.10373634679337,47.01796828969523],[-84.1038967468374,47.01791118967711],[-84.10411014689694,47.01784248965413],[-84.10433184695867,47.01777018963007],[-84.10442344698224,47.01772478961779],[-84.10523974720753,47.017442789526825],[-84.10620834747313,47.01709468941687],[-84.10701734769133,47.01677468932057],[-84.10810094798765,47.0163784891965],[-84.10858164812147,47.016221389144285],[-84.10886374820102,47.01613738911495],[-84.10914614828303,47.016072289088406],[-84.10946654837291,47.01597348905454],[-84.10987084848527,47.01583988901044],[-84.11035154862107,47.01569858896059],[-84.11093124876588,47.01537798887774],[-84.11129734886376,47.01522628883309],[-84.1114960489176,47.01514988880976],[-84.11180894899168,47.01494368875996],[-84.11234284910944,47.01452398866462],[-84.1127548492051,47.01423828859688],[-84.11304494927714,47.014073988554806],[-84.11342654936304,47.01378798848877],[-84.11367054941556,47.013585688443584],[-84.1140137495002,47.013387288393204],[-84.11432644958093,47.01323488835162],[-84.11452484963232,47.01313938832542],[-84.11485314971893,47.01299428828399],[-84.11528024982844,47.01278018822622],[-84.11568484994424,47.012673688186254],[-84.11613475007029,47.01253308813837],[-84.11652405018211,47.012433588100286],[-84.11696645031242,47.012346188060974],[-84.11734785042071,47.01223898802222],[-84.1177904505535,47.01217088798585],[-84.11843885074666,47.012059687930744],[-84.11894245089641,47.011971687887794],[-84.11946165105701,47.01193038785096],[-84.11993425120589,47.011914287820716],[-84.12055225140327,47.011914287784386],[-84.12113215158801,47.01191078774972],[-84.12160565173832,47.0119035877208],[-84.12216985191456,47.01187248768289],[-84.12297855217003,47.01185028763197],[-84.12383335244013,47.01182728757821],[-84.12428325258041,47.01180008754758],[-84.12474165272249,47.011766187515455],[-84.1252827528915,47.01173578747906],[-84.1262365531912,47.011697187417035],[-84.1268925533959,47.011659087372685],[-84.12730495352577,47.01164438734617],[-84.12773965366348,47.01163598731932],[-84.12815155378837,47.011582987287056],[-84.12845695388017,47.01153748726214],[-84.1287699539744,47.01149188723678],[-84.12923525411428,47.0114228871989],[-84.1295938542163,47.01132318716267],[-84.12989125430079,47.01123978713247],[-84.13034135443101,47.011132587089676],[-84.13062385451124,47.01105308706093],[-84.13098215461306,47.01095318702461],[-84.13135605471857,47.01084278698583],[-84.13190575487444,47.010686086929624],[-84.13264575508146,47.01045318685061],[-84.13314145521863,47.010285486795894],[-84.13353825532859,47.01015198675227],[-84.13406455547461,47.00997668669458],[-84.13482755568224,47.00969028660609],[-84.1361170560389,47.00925228646346],[-84.1399930571023,47.00786678602443],[-84.14376195813733,47.006528085598745],[-84.14565405865797,47.005864185386294],[-84.14680635897163,47.005432985252824],[-84.1471417590644,47.00531918521576],[-84.14735555912058,47.005223285188535],[-84.14754635917096,47.00513958516455],[-84.14770655921447,47.00507858514589],[-84.14793535927357,47.0049676851155],[-84.14808045931134,47.00489958509661],[-84.14831715937203,47.0047816850647],[-84.14847725941199,47.004692885041734],[-84.14862205944868,47.00461698502169],[-84.14870635946654,47.00454488500576],[-84.14884345950067,47.00446798498595],[-84.14900395954004,47.0043735849621],[-84.14913335956932,47.00427798493996],[-84.14924035959572,47.00421618492424],[-84.14936255962185,47.00411398490147],[-84.14956845966795,47.00395758486553],[-84.14967515969427,47.00389608484988],[-84.14977415971393,47.00380108482959],[-84.14992685974927,47.00369458480437],[-84.1500335597722,47.00360598478462],[-84.15018635980904,47.00351078476108],[-84.15034645985051,47.00343438474007],[-84.15059055991021,47.00328928470356],[-84.15072785994398,47.0032090846833],[-84.15090335998704,47.003106284657285],[-84.15106366002621,47.003010784633304],[-84.15121626006635,47.002942384613945],[-84.1513078600903,47.00290048460212],[-84.15148336013581,47.00281688457909],[-84.15167406018801,47.0027475845573],[-84.15482516104197,47.001539084187804],[-84.15857136206175,47.00013858375392],[-84.16266846317531,46.998593383277466],[-84.16338556337254,46.998341783196906],[-84.16399616353536,46.99808648312209],[-84.1644538636545,46.99787238306254],[-84.16477416374092,46.99774648302449],[-84.16519386385474,46.997586382975406],[-84.16549166393025,46.99743098293415],[-84.16573556399165,46.99730028289988],[-84.16619316410235,46.99701888283012],[-84.16662066420136,46.996721182759565],[-84.1669716642808,46.99646168269942],[-84.16708606430147,46.9963359826735],[-84.16726946433789,46.99615988263586],[-84.16742196437035,46.99603078260723],[-84.16750586438269,46.99591598258479],[-84.16764296440533,46.995747882551115],[-84.16777266442567,46.99558028251793],[-84.16789496444937,46.99545858249217],[-84.16797876446108,46.995339282469075],[-84.16807806447325,46.995183482439515],[-84.16819236449386,46.99505768241358],[-84.16825336449561,46.99491668238854],[-84.16835276451059,46.99478328236238],[-84.16844416451863,46.994615382331396],[-84.1684978645165,46.99446188230483],[-84.16860436452856,46.99428738227198],[-84.16867306453123,46.9941343822446],[-84.16875686453008,46.99391258220593],[-84.16878756452509,46.99379478218614],[-84.16886396452743,46.99361938215495],[-84.1689247645176,46.993387082115916],[-84.16897056451161,46.993223082088235],[-84.16904696451489,46.99305518205815],[-84.16910026450161,46.9928140820183],[-84.1693295644838,46.9920902818945],[-84.16952756447117,46.99148708179093],[-84.16968776445997,46.990991181705944],[-84.1698708644479,46.99043028160967],[-84.16999296444757,46.99011758155483],[-84.17010026444487,46.98982338150369],[-84.17016086443935,46.98962578147003],[-84.17021446443538,46.989457981441255],[-84.1702982644376,46.989263181406685],[-84.17035926444218,46.989144481384955],[-84.1704201644372,46.98895038135181],[-84.17060336445105,46.98859548128695],[-84.17077886446206,46.98823738122208],[-84.17090106446403,46.98794258116994],[-84.17103086446863,46.98764988111766],[-84.17117566448273,46.98739388107016],[-84.17125186447535,46.98714198102724],[-84.17141236449874,46.986920480984075],[-84.1715799645211,46.98667278093641],[-84.17169426453314,46.98647838090007],[-84.17182416455017,46.986283580862775],[-84.17203786458053,46.98598288080433],[-84.17221316460521,46.98573388075605],[-84.17238106463348,46.98553238071548],[-84.17250306465276,46.98537608068452],[-84.17360956484859,46.98412468042867],[-84.17373926487313,46.98399058040055],[-84.1739147649048,46.98379678036071],[-84.17412826494076,46.98354108030916],[-84.17431916497868,46.98335798026998],[-84.17444866500699,46.98325428024662],[-84.17450216501933,46.98321678023774],[-84.17457086503359,46.983155380224346],[-84.17463946504927,46.983106280212816],[-84.17474646507088,46.98300638019128],[-84.17493696511546,46.982877280160416],[-84.17502096513462,46.98281668014625],[-84.17512766516093,46.98275498013055],[-84.17528816520735,46.98271688011527],[-84.17539496523374,46.98265548009962],[-84.17547886525385,46.98260248008664],[-84.17554736526951,46.98255328007506],[-84.17564666529208,46.98248078005818],[-84.17572306530873,46.98241918004433],[-84.17586056534067,46.98232418002177],[-84.17595946536035,46.98222948000146],[-84.17605876538089,46.98214087998216],[-84.17612726539504,46.98207957996874],[-84.17621886541335,46.98199257995008],[-84.17630276542909,46.98190477993182],[-84.17648586546296,46.98170937989126],[-84.17655466547734,46.98164897987801],[-84.17666906550284,46.98156147985793],[-84.17679116552878,46.98145797983493],[-84.1768749655479,46.98139707982073],[-84.17694386556073,46.981324379805606],[-84.17706596558682,46.98122197978282],[-84.17714966560433,46.981148779766706],[-84.17725646562788,46.98106477974761],[-84.1775311656969,46.98091647970885],[-84.1776913657374,46.980832179686544],[-84.17776006575502,46.98079767967727],[-84.17785166577852,46.98075237966498],[-84.17804246582888,46.98066827964094],[-84.1781340658528,46.98062637962919],[-84.17827126589032,46.980576579613476],[-84.17841626592902,46.98051617959572],[-84.17856136596902,46.98046597957956],[-84.17873676601646,46.980398179558904],[-84.17889706606465,46.98037457954588],[-84.17900356609573,46.98035137953604],[-84.17918676615139,46.980329379521905],[-84.17932406619319,46.98031327951139],[-84.17946916623909,46.980310179502375],[-84.17977406633152,46.98027147947851],[-84.17992686637935,46.98026387946837],[-84.18016336645479,46.9802639794545],[-84.18043826654299,46.980267679438846],[-84.18066706661364,46.980248879422575],[-84.18095696670326,46.98022617940205],[-84.18119396677407,46.98018807938225],[-84.18144546685194,46.98016877936454],[-84.18167416692113,46.980138779346476],[-84.18194876700143,46.98008047932146],[-84.1821241670521,46.980038479304724],[-84.18245996715018,46.97996617927393],[-84.18271176722142,46.979893779248044],[-84.18294066728586,46.97982567922424],[-84.18297866729604,46.97980997921961],[-84.18342916742974,46.97972997918088],[-84.18384086754435,46.97959697913637],[-84.18415396763372,46.97951287910514],[-84.18437496769697,46.979455079083344],[-84.18458106775368,46.979382879060175],[-84.18479486780997,46.979288179033176],[-84.1850464678762,46.979176379001316],[-84.18522186792505,46.97911977898236],[-84.18548146799594,46.97902477895261],[-84.18561126803192,46.97898187893839],[-84.18574836806715,46.978913978920005],[-84.18585506809488,46.97886367890605],[-84.18594686811566,46.97879577889032],[-84.18606116814199,46.97871517887126],[-84.18620656817401,46.97860067884527],[-84.18633586819995,46.978479078819106],[-84.1864579682235,46.97835637879326],[-84.18654176823922,46.97826857877492],[-84.18661036824865,46.97816977875584],[-84.18665626824992,46.978062978736844],[-84.18671726825164,46.97792167871169],[-84.18681646826649,46.977788278685544],[-84.18690816827565,46.977628378655744],[-84.1869537682758,46.9775136786356],[-84.18715226829121,46.97713217856576],[-84.18729716830386,46.976864878516466],[-84.18736586829995,46.9766593784811],[-84.1873963682929,46.97652597845899],[-84.18740416827528,46.97636557843405],[-84.18744986827262,46.97622837841047],[-84.18748036826892,46.97612177839244],[-84.18751846826426,46.97598797836978],[-84.18757956826703,46.97585457834587],[-84.18762516826953,46.97575907832866],[-84.18769366827901,46.975660378309534],[-84.18777786829044,46.97553767828586],[-84.18787706830396,46.97539317825803],[-84.18800716832759,46.975251078228695],[-84.18819746837015,46.975106178195404],[-84.18842646842361,46.974950278158175],[-84.18860186846608,46.97484297813146],[-84.18880756851881,46.97474047810376],[-84.18893776855552,46.97470197809022],[-84.1891816686237,46.97462547806422],[-84.18936476867837,46.97459557804886],[-84.18969286877825,46.97455747802376],[-84.18998266887166,46.9745648780078],[-84.19021926894757,46.974568377994395],[-84.19050946904932,46.97464127798845],[-84.1906237690882,46.97466057798468],[-84.19092126919226,46.974733377978254],[-84.1909899692165,46.974751677976975],[-84.19111976926183,46.974783077974124],[-84.19118086928363,46.97480147797332],[-84.19128756932153,46.97483227797179],[-84.19137896935308,46.974850977969254],[-84.19147856938875,46.97488207796814],[-84.19158516942504,46.97490037796461],[-84.19171476947122,46.97493847796278],[-84.19182926951257,46.97497687796196],[-84.19205056959323,46.97505727796118],[-84.19215756963068,46.97508357795889],[-84.19227186967241,46.975125377958506],[-84.19236326970643,46.97516427795904],[-84.19249316975268,46.975202177957165],[-84.19260756979388,46.975239777956205],[-84.19272206983423,46.975270277954095],[-84.19283626987207,46.975281677949106],[-84.1930350699409,46.97532447794397],[-84.19318726999558,46.9753731779424],[-84.1932562700186,46.975381277939576],[-84.19349267009744,46.97540847792979],[-84.19366057015242,46.975419577921585],[-84.19375197018292,46.975430477917875],[-84.19397337025545,46.975445677907175],[-84.19408027028966,46.975446177900956],[-84.19420217033047,46.97546187789616],[-84.19427847035487,46.97546197789171],[-84.19446137041353,46.97546477788138],[-84.1946063704579,46.9754493778705],[-84.19475157050142,46.975427377858594],[-84.19487347053834,46.97541157784898],[-84.19505677059307,46.97538167783362],[-84.19516337062414,46.97535847782381],[-84.19528557065875,46.97532357781128],[-84.19540007069106,46.97528997779944],[-84.19553747072867,46.975240277783804],[-84.19562887075152,46.97519027777076],[-84.19587307081754,46.975095677742004],[-84.19598007084296,46.97502627772511],[-84.19613257088068,46.974939077702835],[-84.19622387090205,46.97487777768815],[-84.19637667094023,46.974793577666304],[-84.19652907097445,46.974679077639884],[-84.1967350710215,46.974530477605065],[-84.19674287102215,46.97451557760234],[-84.19697177106495,46.97427527755225],[-84.19699467106888,46.97424867754684],[-84.19723867112509,46.97407647750623],[-84.19742937117302,46.973973477479326],[-84.19768897123949,46.97384357744419],[-84.19787947129072,46.973767377421396],[-84.19815447136799,46.9736841773925],[-84.1983143714136,46.97364157737658],[-84.19870367152679,46.97355397734034],[-84.19894007159502,46.97349687731771],[-84.19916907166188,46.97344767729671],[-84.19936747171562,46.97337127727342],[-84.19955787176919,46.97331417725352],[-84.19973377181803,46.973256377234314],[-84.1998787718557,46.97318817721539],[-84.20008467190837,46.97308457718748],[-84.20033647197342,46.97296297715413],[-84.20052707202363,46.97287877713006],[-84.20070267206869,46.97279167710642],[-84.20086287211157,46.97272647708705],[-84.20105357216045,46.97263107706132],[-84.20122907220437,46.972535077036326],[-84.2014732722674,46.9724167770039],[-84.20168687232022,46.97229497697277],[-84.20194627238342,46.97213937693381],[-84.20238117248715,46.9718606768657],[-84.2025337725228,46.97175707684093],[-84.20266337255462,46.97168157682176],[-84.2028846726041,46.97151337678311],[-84.20306057264632,46.971402876755924],[-84.20329687270306,46.97125437671934],[-84.20342637273228,46.97115847669712],[-84.2035408727544,46.97104387667291],[-84.20367817278529,46.970941076649176],[-84.20376997280692,46.97088017663442],[-84.20388427283476,46.97081147661724],[-84.20400617285925,46.970696876592584],[-84.20417417289607,46.97056377656243],[-84.20444877295051,46.970299776506],[-84.20473117301573,46.970101776459174],[-84.20488367304898,46.969979276431545],[-84.2051049731034,46.96985037639888],[-84.20531127314707,46.96967467635994],[-84.20547127318517,46.96957127633476],[-84.20566197322832,46.96943087630211],[-84.2058144732664,46.96934667628029],[-84.20603587332829,46.9692773762567],[-84.20618847336843,46.9692091762373],[-84.20636357341613,46.969144576217175],[-84.20671487350756,46.968980576171454],[-84.2069663735748,46.968876776140846],[-84.20721857364813,46.96882037611739],[-84.20746257371533,46.96873567609011],[-84.20772967379152,46.968664276063535],[-84.20803487387832,46.96858027603274],[-84.20823307393758,46.968548776016235],[-84.2084163739923,46.96851897600091],[-84.20880567411069,46.968473075971005],[-84.2090419741831,46.968449575953514],[-84.20930127426453,46.96843907593662],[-84.20959887435274,46.96838557591095],[-84.20982017441463,46.9683165758874],[-84.21002637446992,46.96823297586253],[-84.21035417456439,46.96815287583097],[-84.21058317463111,46.96810257580983],[-84.21083477470327,46.96803817578521],[-84.21113997479009,46.96795427575446],[-84.21133077484558,46.96791167573676],[-84.21149097488718,46.96783637571579],[-84.21163607492716,46.96778617569963],[-84.21214757506009,46.96754567563282],[-84.21238387511823,46.967408675598016],[-84.21254427514835,46.96724097556305],[-84.21270427517732,46.967065475526866],[-84.21278817519062,46.966958475505585],[-84.21287197520529,46.966862775486085],[-84.2129329752066,46.96671817546046],[-84.21300157521213,46.96658797543655],[-84.21303237520715,46.966470275416775],[-84.21307027520002,46.966317375391256],[-84.21308577519403,46.966230175377035],[-84.2131390751837,46.96601277534076],[-84.21313137516864,46.96591267532597],[-84.21308567513164,46.96573397530141],[-84.21303997506818,46.96534497524476],[-84.21302477503271,46.9651012752085],[-84.21299407500028,46.9649208751828],[-84.21298657498885,46.964849175172354],[-84.21297857497137,46.96473027515468],[-84.21295597495502,46.96465767514495],[-84.21294097493691,46.9645512751296],[-84.21291787491701,46.964451775115755],[-84.21289487489918,46.96436807510441],[-84.21285687487698,46.96428807509442],[-84.21282637485339,46.96417757507936],[-84.21278817483017,46.96408977506822],[-84.21276547481385,46.96401737505854],[-84.21273467479354,46.96393387504761],[-84.21268907476401,46.96381477503214],[-84.21265067473833,46.963707775018065],[-84.21262017471713,46.96361637500596],[-84.2125594746782,46.96346057498576],[-84.21251337464867,46.96334267497052],[-84.21247537462634,46.96326157496034],[-84.21240657458047,46.963071174935415],[-84.21233787453707,46.962899974913356],[-84.21228467450193,46.962755074894396],[-84.21226167448307,46.96266347488176],[-84.21222347446269,46.96259817487409],[-84.21216247442929,46.96248737486078],[-84.21211677440236,46.962388874848415],[-84.2120785743787,46.96229747483674],[-84.21204807435973,46.96222407482733],[-84.2120098743385,46.9621518748186],[-84.21194877430989,46.96207937481114],[-84.21191057428865,46.96200737480244],[-84.21188017426978,46.96193407479299],[-84.21182677424373,46.96186227478519],[-84.2117659742128,46.96177067477483],[-84.21171997418996,46.96170567476763],[-84.21166657416481,46.96164067476086],[-84.21164397415185,46.96159507475521],[-84.21159777412558,46.96150317474396],[-84.21154467409964,46.96143147473616],[-84.21147587406607,46.96133887472609],[-84.21139967403226,46.96126347471905],[-84.21137667401908,46.96121687471329],[-84.21130037398329,46.96112567470389],[-84.2112620739653,46.96107947469912],[-84.21121657394079,46.96099977468962],[-84.21114027390833,46.96093547468435],[-84.21109437388554,46.96087037467709],[-84.21104127386387,46.960832674674464],[-84.21100267384575,46.96078637466967],[-84.21092647381138,46.96070637466198],[-84.21085807377752,46.96061027465135],[-84.210766573736,46.960511974641754],[-84.21069017370013,46.9604204746323],[-84.21054517362936,46.9602254746111],[-84.21046887359597,46.96015337460457],[-84.21039227356236,46.960080174597955],[-84.21036227354473,46.9600158745899],[-84.21028567350542,46.95989737457634],[-84.2102396734826,46.959832474569176],[-84.21018627345741,46.95976757456239],[-84.21010257341828,46.95966867455222],[-84.21003397337911,46.95953107453531],[-84.21001087335448,46.95939337451565],[-84.20999557334727,46.95937497451375],[-84.20993477331535,46.95927507450209],[-84.20982797326413,46.959138574487554],[-84.20972857321088,46.95896707446729],[-84.20971337319357,46.95886737445295],[-84.2096065731159,46.95852057440637],[-84.20953007306511,46.958310074378794],[-84.20949967302865,46.958097074348075],[-84.20949967299802,46.95785317431089],[-84.20947667297476,46.95772637429288],[-84.20946917296098,46.957635574279514],[-84.20947667294512,46.95749027425688],[-84.20948437293649,46.95740227424301],[-84.20949207291167,46.95718497420943],[-84.20951517289991,46.9570324741848],[-84.20960647290028,46.95680377414456],[-84.2096680729042,46.95667827412179],[-84.20976687291557,46.95651797409152],[-84.2098658729318,46.9563959740671],[-84.20997277295002,46.95626917404145],[-84.21005657296571,46.95618147402313],[-84.21019397299577,46.95607177399831],[-84.21038467304119,46.95594937396842],[-84.21049917306755,46.95586857394937],[-84.21062117309462,46.955774073927785],[-84.21075847312395,46.955658873902166],[-84.210880673152,46.9555721738817],[-84.21107137320313,46.95549487385868],[-84.21146057330284,46.95530067380615],[-84.21156747332937,46.95524007379063],[-84.21171237336783,46.95517887377277],[-84.21188027341174,46.955101973751134],[-84.21202527344707,46.9550147737293],[-84.21220067348906,46.95490397370213],[-84.21236847353053,46.95480817367765],[-84.212551573576,46.95470497365111],[-84.21268907360792,46.95461007362852],[-84.21282617364159,46.954529873608195],[-84.21296357367686,46.95446197358978],[-84.21314677372708,46.954396973569075],[-84.21326127375353,46.954316373550064],[-84.21345177379803,46.9541870735191],[-84.21359707382805,46.954057373490755],[-84.21371137385007,46.953942373466504],[-84.21379527386439,46.95384337344648],[-84.21386387387632,46.95376397343034],[-84.21392497388706,46.95369447341613],[-84.21395577388688,46.953614973402175],[-84.21400117388696,46.953499973381966],[-84.21405497389165,46.95340067336366],[-84.21408507388546,46.953274873342735],[-84.21410037388699,46.953248573337824],[-84.21413087388764,46.9531758733249],[-84.21415387388404,46.953088873310264],[-84.21415387387482,46.95301547329911],[-84.21416157386392,46.95290937328243],[-84.21416907384953,46.952775273261565],[-84.2141767738337,46.95262997323898],[-84.21415387381256,46.95251957322346],[-84.21414647380114,46.95244747321293],[-84.2141386737885,46.952366673201034],[-84.2141157737699,46.9522763731886],[-84.21409287375246,46.952195973177695],[-84.21403937372529,46.95211517316853],[-84.21399347370004,46.952030973158394],[-84.21393267367016,46.95194717314916],[-84.21386387363489,46.951841173137076],[-84.21381047360971,46.95177627313028],[-84.21378767359519,46.95171847312282],[-84.21372677356904,46.95166497311829],[-84.21365027353747,46.951607573114025],[-84.21359677351562,46.951569673111386],[-84.21351317347994,46.951497773105324],[-84.21343667344838,46.951440573101095],[-84.21336807342217,46.95140617309986],[-84.2132842733883,46.95134897309614],[-84.21321527336146,46.95131037309425],[-84.21315427333627,46.95126487309091],[-84.21303997329359,46.95121517309009],[-84.21293297325616,46.9511889730924],[-84.21281867321248,46.95113147309034],[-84.21271937317694,46.95110047309148],[-84.21263537314775,46.95108147309352],[-84.21255947312075,46.951058773094545],[-84.21236097305602,46.951047473104445],[-84.21223107300987,46.95100967310636],[-84.2121318729743,46.95097857310747],[-84.21204037294137,46.95094867310828],[-84.21196397291457,46.95092937310978],[-84.21187277288315,46.95091067311231],[-84.21178097285093,46.95088727311418],[-84.21167427281362,46.950861073116485],[-84.21157517277813,46.95082997311757],[-84.2114835727451,46.95079977311835],[-84.21137677270721,46.950769073119965],[-84.21122397265465,46.950738773124286],[-84.21113257262076,46.950700673123876],[-84.21107157259883,46.95068097312446],[-84.21096507256158,46.950654973126774],[-84.21085797252454,46.95063187312954],[-84.21077377249375,46.95060047312969],[-84.21068987246377,46.95057467313076],[-84.21051447240156,46.950524573133414],[-84.21033157233792,46.950482473137725],[-84.20997287220587,46.95034167313738],[-84.20973627211842,46.950245973136724],[-84.20946917201655,46.9501128731321],[-84.20927837193939,46.94998317312356],[-84.20900397183848,46.949876173123414],[-84.20871367172812,46.9497346731189],[-84.20856147167112,46.94966707311755],[-84.2083935716056,46.94957167311288],[-84.2083018715682,46.949506573108316],[-84.2081797715201,46.949433573104386],[-84.2078820714108,46.94931937310451],[-84.20764567132106,46.94920457310089],[-84.20754687128671,46.949182373103326],[-84.20732537121125,46.949143673110456],[-84.20721087116948,46.949101973110835],[-84.20703537111122,46.949083373118306],[-84.20686737105564,46.949067673125846],[-84.20673777100954,46.94902957312762],[-84.20660817096527,46.94900627313166],[-84.20645557091422,46.948987173137766],[-84.20602047077597,46.94899117316396],[-84.20576907069449,46.948980473177166],[-84.20554757062374,46.94897967319009],[-84.20528077053918,46.9489838732064],[-84.20509737048265,46.948999273219535],[-84.20493707043093,46.94899457322826],[-84.20469297035447,46.94900577324431],[-84.20450217029318,46.94900227325501],[-84.20440297026202,46.94900617326146],[-84.2042653702177,46.949002273268945],[-84.2039986701289,46.948972373280114],[-84.20378487005777,46.94894927328916],[-84.20349496996099,46.94891457330091],[-84.2032663698862,46.94889957331211],[-84.20302976980551,46.94885787331961],[-84.20280836972539,46.948781973321125],[-84.2026253696626,46.948746573326474],[-84.2024190695882,46.94867807332816],[-84.2022133695154,46.948620873331535],[-84.20201486944494,46.94856347333446],[-84.20176316934887,46.94843777333006],[-84.20164876930772,46.94840047333114],[-84.20148076924019,46.94828947332408],[-84.2011833691262,46.94813657331827],[-84.20094676903211,46.947988073309496],[-84.200809468973,46.94786597329895],[-84.20064166889986,46.94770977328501],[-84.2005347688509,46.94759127327324],[-84.2003591687604,46.947316073241566],[-84.20029846872727,46.9472063732284],[-84.20024476869523,46.94708747321337],[-84.20019916866255,46.94694277319404],[-84.2001609686379,46.94684347318114],[-84.20016856862127,46.94669137315745],[-84.20018376858866,46.94639287311102],[-84.20023716857898,46.94617987307542],[-84.20025276857389,46.94609967306224],[-84.20034436858155,46.94592827303071],[-84.20039006858272,46.945821173011645],[-84.20038226855687,46.94563467298366],[-84.20044336856284,46.945527172963644],[-84.20048906855594,46.94535607293486],[-84.20048896853669,46.94520307291152],[-84.20050456853077,46.945115972897334],[-84.20050426849907,46.9448640728589],[-84.20049656847162,46.94466507282898],[-84.2004967684493,46.944486172801696],[-84.2004280684077,46.94432957278187],[-84.20027536833369,46.94412787276003],[-84.2002296683042,46.94400887274457],[-84.20022966828417,46.9438490727202],[-84.20020666825718,46.943692272697604],[-84.20019916823901,46.94356647267886],[-84.20021426822035,46.94337927264946],[-84.20022986821537,46.943300072636426],[-84.20025266820537,46.94316227261407],[-84.20027526818245,46.94292197257603],[-84.20032866817363,46.94271577254145],[-84.20040506817115,46.94250207250433],[-84.20045076816672,46.942350272478514],[-84.20055776817303,46.94212877243841],[-84.20061106817084,46.941975472411855],[-84.20071786818488,46.941816072381265],[-84.20077116818743,46.94170097236055],[-84.20087046820377,46.941578972336124],[-84.20096966821731,46.9414344723082],[-84.20109946823906,46.94127777227667],[-84.20120636825739,46.94115217225122],[-84.20126746826496,46.94105727223312],[-84.20138936828506,46.94090747220312],[-84.20148846830332,46.94080117218104],[-84.20154956831271,46.94072077216518],[-84.20160296831884,46.94063377214879],[-84.2016333683218,46.94057997213876],[-84.20162586830784,46.94048797212516],[-84.20162576829682,46.9404002721118],[-84.2016184682831,46.94030927209834],[-84.20163356825387,46.94003777205602],[-84.2015953682078,46.9397676720171],[-84.20155706817063,46.939568471988885],[-84.20149586812623,46.93936997196225],[-84.20145796808266,46.93911897192618],[-84.20142736804893,46.93892777189879],[-84.20140446800765,46.938657071858835],[-84.20136666796839,46.938439871827896],[-84.20133596793032,46.93821457179531],[-84.20129786788758,46.93797047176027],[-84.20125996784591,46.9377344717265],[-84.20121376779713,46.93746327168786],[-84.20115276775041,46.93724557165822],[-84.20111476770202,46.936956371616304],[-84.20112236767862,46.93675027158439],[-84.2011379676567,46.93653597155079],[-84.20110756762419,46.93635367152475],[-84.2010840675942,46.936174171498735],[-84.20105356756862,46.936047971481244],[-84.20103076748765,46.935460171392876],[-84.20101536746027,46.93528097136644],[-84.20101536742962,46.935036471329106],[-84.20103846741029,46.93482327129525],[-84.20107676740666,46.93469727127374],[-84.20106886737699,46.9344803712411],[-84.20107636736496,46.934365471223096],[-84.201084167346,46.93419427119655],[-84.20113746733809,46.9339958711631],[-84.20116066731866,46.93378147112902],[-84.20124426732865,46.93364857110381],[-84.20137406734459,46.93344587106525],[-84.20143506734256,46.93327437103546],[-84.2015418673465,46.93303397099249],[-84.20164116735482,46.93284787095824],[-84.20173276736539,46.93269897093014],[-84.20185486738414,46.93253807089842],[-84.20193876739664,46.93242437087614],[-84.20205316741975,46.93231787085314],[-84.20215986743939,46.93220327082934],[-84.2022972674678,46.93208017080249],[-84.20248806750907,46.93192407076747],[-84.20267116755356,46.93181327073975],[-84.20283146759128,46.93170637071403],[-84.2030602676494,46.9315885706826],[-84.20322036769089,46.93151207066147],[-84.2033883677326,46.93141737063714],[-84.20364016779752,46.931294670603585],[-84.20377756783274,46.931226470585116],[-84.20391486786787,46.931157370566474],[-84.20405986790213,46.931062170543434],[-84.2041663679284,46.93100067052778],[-84.20435706797446,46.93088287049857],[-84.20455566801435,46.930696170458425],[-84.2047159680515,46.930584870431986],[-84.20486866807441,46.93037917039164],[-84.20508216811045,46.930123370339984],[-84.20519686812844,46.92997517031065],[-84.20528026813821,46.929841170285286],[-84.20537966814899,46.92967417025391],[-84.20547136815802,46.929512970223925],[-84.2055321681573,46.92935257019583],[-84.20557806815528,46.929219770172914],[-84.20566996815455,46.92897987013091],[-84.20575346816432,46.92884587010553],[-84.20581446816368,46.92868547007743],[-84.20587566815648,46.928472170041275],[-84.20593656815439,46.928300670011495],[-84.20597476813982,46.92808716997669],[-84.2060357681166,46.92774666992112],[-84.20608166810739,46.927556469889375],[-84.20615796810068,46.9273089698471],[-84.20619636808699,46.92710216981328],[-84.20624966807677,46.92688456977693],[-84.2063104680718,46.92669046974369],[-84.20633326804996,46.92645806970692],[-84.20636406804968,46.92637756969279],[-84.20640226803604,46.926171569659076],[-84.20644786803393,46.92603856963611],[-84.2065012680303,46.925873969607814],[-84.20655466803304,46.925759969587276],[-84.20662336802904,46.92555336955169],[-84.20668416802597,46.92537396952074],[-84.20668446801943,46.92532096951265],[-84.20678356802998,46.92515296948116],[-84.20688276804147,46.924992569450865],[-84.20698956805599,46.924836569420776],[-84.20704306805719,46.92471026939829],[-84.20711946806578,46.92458426937459],[-84.20720336807729,46.92446266935111],[-84.20733296809516,46.92427576931493],[-84.20743206810806,46.924126669286345],[-84.20755416813118,46.9240004692599],[-84.20769906815448,46.923817669223446],[-84.20776786816309,46.923711169203116],[-84.20786696817697,46.92356996917576],[-84.20791276818015,46.923478669159124],[-84.20808816821302,46.92329486912075],[-84.20827896823187,46.922959969058404],[-84.20832476823067,46.92283376903643],[-84.20840876823985,46.92269316901002],[-84.20848486825157,46.92259306899026],[-84.20852296825369,46.922513168975826],[-84.20858436825797,46.922391168953595],[-84.20862996825433,46.9222458689287],[-84.20867566825461,46.92213206890869],[-84.20868356823992,46.92199456888722],[-84.20867566823208,46.9219521688812],[-84.20865286821007,46.9218346688646],[-84.20862996819133,46.92174306885193],[-84.20862226818454,46.9217082688471],[-84.20860706817156,46.92164346883808],[-84.2085460681474,46.92160586883593],[-84.20850776812358,46.92151356882408],[-84.2083248680324,46.921250868794736],[-84.20785166782697,46.92081516875608],[-84.20734786762293,46.92046836873274],[-84.20652446731513,46.920106668725914],[-84.20577636703743,46.91979356872212],[-84.2050973667736,46.9194153687043],[-84.20456336654563,46.91895456866529],[-84.20404476632098,46.91848096862351],[-84.20337306601043,46.91771106854541],[-84.20293046581003,46.917237468499145],[-84.20251876562341,46.91679556845585],[-84.20227446547528,46.916234268384486],[-84.20218296540081,46.915872368334576],[-84.20225136536192,46.91538796825656],[-84.20240416535474,46.914941468179435],[-84.20258726535623,46.91448746809929],[-84.2027017653397,46.914063468027834],[-84.20277036531002,46.91365206796096],[-84.2026939652269,46.91318286789378],[-84.20250316509352,46.912603167816464],[-84.20217526492354,46.91208026775584],[-84.20177066471335,46.911431267680555],[-84.20132066448205,46.91072946759981],[-84.20096206428899,46.91010046752481],[-84.20059576410014,46.909524667458335],[-84.2002601639244,46.908974967394144],[-84.20001596376007,46.90828426730297],[-84.19983286364493,46.907830367244365],[-84.19955056350001,46.90739166719399],[-84.19903166326637,46.90684616714108],[-84.19808556289892,46.90632006711633],[-84.19725406258753,46.9059496671086],[-84.1963307622589,46.905674967120916],[-84.19539996193781,46.90548046714588],[-84.194652161688,46.905389067175875],[-84.19407236149368,46.905312867198276],[-84.1939121614398,46.90529026720428],[-84.19369856136834,46.905263667212765],[-84.19328646123071,46.90521326722926],[-84.19267606102417,46.90511786725058],[-84.1919056607548,46.9049277672668],[-84.1911120604613,46.90460346726385],[-84.19043296020187,46.90426026725133],[-84.18944885981904,46.90370736722467],[-84.18772425915898,46.90282596719134],[-84.18659535872952,46.90226906717251],[-84.18535955825394,46.901616367145365],[-84.18401665773527,46.90089186711355],[-84.18304755736808,46.90042616709929],[-84.18252085717252,46.90020456709639],[-84.18193365696108,46.900010467101175],[-84.18103325664298,46.899762167116165],[-84.18034655638976,46.899487867114566],[-84.17968265611619,46.89899196707771],[-84.17897305582025,46.898434567034215],[-84.17816465546441,46.89764936696168],[-84.17752335518603,46.89705736690886],[-84.17701995496698,46.89658876686676],[-84.17649335474329,46.89614216682944],[-84.17600515453002,46.895680966787594],[-84.17557025432933,46.895184566737264],[-84.17531085419192,46.894746266685466],[-84.17503625402716,46.8941283666072],[-84.17495215392542,46.893528866520455],[-84.17475395336231,46.88952716592028],[-84.17472345323934,46.888620265783395],[-84.1747082531477,46.887925365678036],[-84.174601353047,46.88739186560273],[-84.17441055292515,46.88690316553921],[-84.17387655268246,46.8863227654818],[-84.17329665240901,46.88561326540739],[-84.17230475198092,46.88471716532855],[-84.17152635164042,46.88397736526115],[-84.17074835131059,46.88332156520651],[-84.17006165100825,46.88265316514458],[-84.16944365072666,46.88197526507716],[-84.16890175045519,46.88118446498801],[-84.16849755026026,46.88065476493075],[-84.16789474995481,46.87974666482722],[-84.16720044963591,46.87896486474836],[-84.1666815494209,46.878567464718024],[-84.16596454911921,46.87798096467038],[-84.16508684876271,46.877366264627874],[-84.16427824843171,46.87677886458545],[-84.16382054825202,46.876508064570864],[-84.1632329480053,46.876031564532454],[-84.16249294768329,46.875341064470206],[-84.16185204738564,46.87459266439334],[-84.16150884721922,46.87413526434349],[-84.16114234702951,46.87355136427568],[-84.16091364688533,46.87297956420156],[-84.16065404673641,46.87244896413562],[-84.16055494665534,46.872052264080715],[-84.16030324651703,46.87158676402429],[-84.15983764632017,46.8711980639921],[-84.15944884615101,46.87083526395939],[-84.15913584598651,46.87031616389836],[-84.15887634583783,46.869786863832545],[-84.15879254573687,46.86919176374641],[-84.15885354569019,46.86866136366165],[-84.15892984566318,46.86824976359425],[-84.15880024553482,46.867551363494925],[-84.15852534537252,46.86695256341945],[-84.15802954514692,46.866410463365554],[-84.1576479449725,46.86598676332309],[-84.15725124477953,46.86545326326469],[-84.15682404458485,46.864983563217855],[-84.15649624443904,46.86465226318641],[-84.1560075442661,46.86451446319396],[-84.15543554405721,46.86430086319481],[-84.15494724385742,46.86394646316922],[-84.15457354368883,46.8635493631303],[-84.15421464352208,46.86312956308712],[-84.15389424334342,46.862515163011864],[-84.15363474319373,46.861977862944855],[-84.15331464301569,46.86136786287027],[-84.15300154284131,46.86076906279692],[-84.1523377425209,46.85989526270212],[-84.1519183423211,46.85936456264547],[-84.1514908421126,46.85878456258173],[-84.15086524181484,46.85799516249757],[-84.15017844148385,46.85709516240004],[-84.14957594119817,46.85634326232024],[-84.14905694096154,46.85577146226313],[-84.14859164075476,46.85530156221842],[-84.14838524061541,46.85471106214012],[-84.14830164051371,46.8541082620527],[-84.14830164047669,46.85381106200722],[-84.14830154044849,46.85358496197257],[-84.14833974044122,46.85342886194647],[-84.14842374041808,46.85302806188017],[-84.14833224032719,46.8525322618096],[-84.14813374021405,46.85213176175995],[-84.14791254010032,46.85178456171974],[-84.14751583992313,46.85137686168058],[-84.1468824396666,46.850937561650376],[-84.14626443943784,46.8506822616475],[-84.1453260391042,46.850404461659956],[-84.14443333878114,46.85009476166484],[-84.14308293830193,46.84970216168386],[-84.14225113800256,46.84942696169047],[-84.14157953777529,46.84932046171349],[-84.14088553754753,46.84926756174604],[-84.14032093734374,46.84907606174982],[-84.13998533721555,46.84890526174328],[-84.13919963690337,46.84840936171338],[-84.13838303659232,46.84800086169867],[-84.13778013636593,46.8477260616919],[-84.13693313605707,46.84741296169353],[-84.13668153596974,46.84735576169955],[-84.13639943587228,46.84729486170671],[-84.1363230358451,46.84727216170771],[-84.13623133581257,46.84724546170902],[-84.13615523578589,46.8472261617105],[-84.13602543574173,46.84720376171471],[-84.13593383570871,46.84717276171529],[-84.13584233567819,46.847161761718986],[-84.13572783563683,46.84712316171979],[-84.13562103559899,46.84709226172131],[-84.13550683556035,46.8470740617252],[-84.13539223551999,46.84704346172723],[-84.13527003547728,46.84701326172974],[-84.13511743542244,46.84696346173105],[-84.13501833538854,46.846944661734],[-84.13492693535686,46.84692456173625],[-84.1348352353249,46.84690236173824],[-84.1347437352924,46.846875561739495],[-84.1346368352545,46.84684476174105],[-84.13455293522209,46.84679896173895],[-84.13448403519637,46.84676906173837],[-84.13443833517847,46.84674216173696],[-84.13434693514311,46.8466918617346],[-84.13423993510432,46.84665426173509],[-84.1341562350705,46.84659696173125],[-84.13406463503657,46.84655896173075],[-84.13397293500164,46.84651306172912],[-84.13385853495905,46.84646356172825],[-84.13379773493395,46.84641776172481],[-84.13369833488987,46.846318161715345],[-84.13354563482366,46.84617716170273],[-84.13337013474934,46.8460289616903],[-84.13317193466236,46.845837561672575],[-84.1331263346383,46.84576136166354],[-84.13307293461136,46.84568166165451],[-84.13301163458046,46.845589961644016],[-84.13295073454823,46.84548696163184],[-84.13288963451731,46.84539526162132],[-84.13285903449858,46.84532306161209],[-84.1328209344765,46.84524306160209],[-84.1327981344602,46.84517056159227],[-84.13276793443686,46.845060061577115],[-84.13276003442093,46.8449522615611],[-84.13276753440674,46.84481926154028],[-84.13279813440185,46.844701461520444],[-84.13280573438857,46.844575261500665],[-84.13284373437833,46.8443953614709],[-84.13288953437778,46.844273661449556],[-84.13292013437191,46.84414796142848],[-84.132981134368,46.84396066139623],[-84.13304233437191,46.843835261373435],[-84.13308793437314,46.84372816135438],[-84.13311863436964,46.84362166133624],[-84.13316443436858,46.84349576131427],[-84.13319473436258,46.84336986129322],[-84.13322543431309,46.84289316121841],[-84.13319483427865,46.84269486118979],[-84.13314903425261,46.842602761178355],[-84.1330956342265,46.84252996117034],[-84.13302693418906,46.84240476115523],[-84.13295053415096,46.842294261142754],[-84.13280573407872,46.842084461119114],[-84.13274453404964,46.842007461110875],[-84.1326991340286,46.84195456110542],[-84.13263773400003,46.84188206109793],[-84.13256153396522,46.84179756108943],[-84.13250033393668,46.84172496108192],[-84.13244723391266,46.841667961076276],[-84.13240133389009,46.84160396106915],[-84.13234793386401,46.84153116106113],[-84.13230213384031,46.8414580610526],[-84.13225623381776,46.84139406104554],[-84.13221813379312,46.84129396103243],[-84.13217243376725,46.8412029610211],[-84.13216483374919,46.84107726100235],[-84.13214203373191,46.84099686099137],[-84.13211913371325,46.840905160978615],[-84.13211903369948,46.840794960961745],[-84.13210363368596,46.84072566095202],[-84.13209603367221,46.84063476093856],[-84.13210373366334,46.84054346092412],[-84.13210383365242,46.840455660910656],[-84.13212663365164,46.840390760899375],[-84.13215713365037,46.84030226088404],[-84.13218773364926,46.84021486086886],[-84.13221813365082,46.840149860857125],[-84.13227163365471,46.840043760837744],[-84.13233253366553,46.839974660823586],[-84.13238603367019,46.83987526080521],[-84.1324472336797,46.839794860789304],[-84.13253103369229,46.83968116076699],[-84.13258453370311,46.839631360756236],[-84.13263773371109,46.83955896074198],[-84.13269913372163,46.83948646072731],[-84.13277523373878,46.83942926071408],[-84.13283623374917,46.83935686069943],[-84.13290493376262,46.839288560684935],[-84.13297353377442,46.83920796066858],[-84.1333169338165,46.8386662605655],[-84.13334743381199,46.838551960546205],[-84.13335503379872,46.83842576052642],[-84.13337783379038,46.83830016050583],[-84.13338543377809,46.83818186048726],[-84.13340093376969,46.838074460469926],[-84.13340833376066,46.83798316045549],[-84.13335493371142,46.83772366041882],[-84.13333203368849,46.83759826040096],[-84.1333015336617,46.83746076038168],[-84.13328633364219,46.83734296036453],[-84.13324823361678,46.83723606035038],[-84.13317963356783,46.83701846032107],[-84.13313363353936,46.836907360306704],[-84.13310333351932,46.83682376029571],[-84.13305763349152,46.83671716028201],[-84.13301943347358,46.83667096027719],[-84.13298123345425,46.83661336027059],[-84.13290513341866,46.83652216026109],[-84.13284373339106,46.836457360254734],[-84.13276753335681,46.836377560246994],[-84.1327217333327,46.836301060237915],[-84.13266083330424,46.83622836023037],[-84.13259963327336,46.83613666021992],[-84.13256143325795,46.836110760218155],[-84.132485433228,46.83606446021551],[-84.13239363319263,46.836015460213396],[-84.13233253316749,46.83596966020994],[-84.13229483315307,46.83595046020922],[-84.13219553311575,46.835904560208014],[-84.13214193309385,46.835865760205174],[-84.13205053306093,46.83583566020591],[-84.13197373303173,46.83579746020457],[-84.13183673297759,46.835713260199675],[-84.13177563295109,46.835656360194584],[-84.13173763293474,46.8356225601916],[-84.1316844329097,46.83555766018476],[-84.13163823288689,46.83549256017748],[-84.13140173278732,46.83529766016149],[-84.13133333275846,46.8352410601568],[-84.13126453272655,46.835160760148554],[-84.13118803268934,46.83505736013717],[-84.13114233266582,46.834985260128796],[-84.13106603263338,46.83491986012327],[-84.13098983259437,46.834801560109604],[-84.13092893256356,46.834709860099075],[-84.13086773253043,46.83460016008585],[-84.13082193250577,46.83451926007613],[-84.1307763324752,46.834390060059],[-84.13074573245211,46.834282860044425],[-84.13067713240419,46.83407326001632],[-84.13063853238056,46.83398206000456],[-84.13060823236088,46.8339018599941],[-84.13057033233973,46.83382865998505],[-84.13053203231956,46.83376445997748],[-84.13051673230564,46.83369195996726],[-84.13048643228936,46.83363855996084],[-84.13045583226588,46.83352815994574],[-84.13043283224715,46.83343645993303],[-84.13041013222895,46.83334815992083],[-84.1303793322064,46.83324555990692],[-84.13034173218449,46.833165559896834],[-84.13033383217052,46.833073559883196],[-84.13030303215076,46.832993459872725],[-84.13026503213064,46.83292915986509],[-84.13022693210857,46.83284925985507],[-84.13018123208452,46.832772859846024],[-84.13009743204452,46.83266595983455],[-84.13003593201769,46.8326079598293],[-84.12998263199266,46.832543159822485],[-84.12992153196654,46.832489659817874],[-84.12988343194976,46.83245245981439],[-84.12983003192794,46.83241345981154],[-84.12979943191255,46.83236815980638],[-84.12974593189074,46.8323302598037],[-84.12969273186815,46.83228445979978],[-84.12966213185497,46.83225705979742],[-84.12940283175158,46.83208985978695],[-84.12931893171769,46.83203255978311],[-84.1292045316731,46.83196705977977],[-84.12912813164496,46.831936559779514],[-84.12902133160293,46.831871959775896],[-84.12896053157887,46.83183445977368],[-84.12888393155104,46.831807059774],[-84.12870113148671,46.831758159777195],[-84.1286397314633,46.831727159776044],[-84.12852543141972,46.83166955977392],[-84.12848743140437,46.831643559772125],[-84.12841863137866,46.831612859771475],[-84.12837273135969,46.83157815976883],[-84.1283042313332,46.83154055976709],[-84.12822803130082,46.83147515976155],[-84.12816683127664,46.83143765975937],[-84.12808293124277,46.83138015975544],[-84.12801423121519,46.83133475975253],[-84.12795323118858,46.8312767597472],[-84.12789203115923,46.83119755973867],[-84.12785403114138,46.831151459733796],[-84.12775503109465,46.83102905972084],[-84.1277091310687,46.830938159709625],[-84.12767083105075,46.83089185970476],[-84.12762503102624,46.830812159695206],[-84.12758703100361,46.83072765968448],[-84.1275563309863,46.83066675967694],[-84.12751813096516,46.8305946596681],[-84.12749533094886,46.830522059658364],[-84.12747283092892,46.83041935964393],[-84.12748023092274,46.83035035963294],[-84.12747243091114,46.83027745962219],[-84.12747253090222,46.830205459611165],[-84.12748003088235,46.83002635958325],[-84.12751813087554,46.829873559557626],[-84.12761763088633,46.82970545952603],[-84.12770913089224,46.829518259491984],[-84.1278310308282,46.82869045935801],[-84.12793813079458,46.828145159268146],[-84.12796113070705,46.8273818591498],[-84.12789963062258,46.8268594590733],[-84.12776243052812,46.82645135901883],[-84.12754893040798,46.82603185896698],[-84.12724353026798,46.825688158932195],[-84.12689263010593,46.82528375889072],[-84.12663322998682,46.82499045886093],[-84.12641962987995,46.824677958825525],[-84.1261755297623,46.82435735879071],[-84.12593892964621,46.82402965875433],[-84.12571022950314,46.823464358681036],[-84.12558062942024,46.82312925863729],[-84.12550392936642,46.82289295860549],[-84.12539712929625,46.82260215856714],[-84.12509202913091,46.82205355850095],[-84.1246646289354,46.821575858452704],[-84.12427542877775,46.821305258433966],[-84.12379482858155,46.820958458408924],[-84.12284142819009,46.820252058356466],[-84.12196402783523,46.819646158314875],[-84.1209415274256,46.818970858271136],[-84.12025462715079,46.818520358242274],[-84.11966732692723,46.818227158231664],[-84.11912552673184,46.81804385823527],[-84.11832432643246,46.81768885822769],[-84.11760732617938,46.81749015823916],[-84.11693572594318,46.81731165825113],[-84.11670702586315,46.81725385825562],[-84.11602012562868,46.81712835827659],[-84.11548632545242,46.81707895830022],[-84.11509692531602,46.8169792583077],[-84.11466962516707,46.81687625831692],[-84.11416632499063,46.81674685832653],[-84.11382272487353,46.816685558337205],[-84.11328142469155,46.81660905835716],[-84.11322802467414,46.81660605835983],[-84.11303692460287,46.816522358358164],[-84.11294542456983,46.81649105835867],[-84.11242682438613,46.81634215836617],[-84.11203002424743,46.81624375837433],[-84.11182372417457,46.81618625837755],[-84.11129722398029,46.815972458375576],[-84.11107632390004,46.81589285837631],[-84.11096202385784,46.81584645837584],[-84.11069452375745,46.81572445837279],[-84.11064142373682,46.815694558371305],[-84.11033622361961,46.81553385836452],[-84.11011462353859,46.81544985836459],[-84.1099621234838,46.81539995836584],[-84.10964162336698,46.81528155836645],[-84.10927572323725,46.8151757583716],[-84.1090086231445,46.81511445837784],[-84.10871842304446,46.81505345838544],[-84.10838282293187,46.815007758398075],[-84.10813102285205,46.81501105841332],[-84.10803162281984,46.81500685841845],[-84.1072919225865,46.815025858464615],[-84.1069107224708,46.81507235849405],[-84.10636852230279,46.81511065853166],[-84.10594942217438,46.81515245856254],[-84.10542242201397,46.81521295860266],[-84.10490362186056,46.815309058647735],[-84.10440792170974,46.815366458685524],[-84.10388912155285,46.815434558726345],[-84.10338552140423,46.815530358770474],[-84.10304222130144,46.8155834587987],[-84.10256902115731,46.81563705883458],[-84.10224112105377,46.81564485885495],[-84.10195132096375,46.81566365887475],[-84.10179092091447,46.81567835888639],[-84.10144002080507,46.81569785890991],[-84.1010353206737,46.815678458930606],[-84.10067692055479,46.81564095894579],[-84.10028792042083,46.815560258956154],[-84.10002072032906,46.81550685896362],[-84.09967732021532,46.81547225897833],[-84.09865511986737,46.815293059010614],[-84.09797601963632,46.815175259032266],[-84.09761771951217,46.81509505904089],[-84.09671721920336,46.814919059066604],[-84.09621341902917,46.81480905907918],[-84.09545831877153,46.81467195910227],[-84.0947485185307,46.814553859125645],[-84.09417631833783,46.81446925914613],[-84.0937491181913,46.81438535915822],[-84.09329131803506,46.8143019591722],[-84.09281071786911,46.814199059184524],[-84.0924367177375,46.814098959191035],[-84.09220791765851,46.81405005919688],[-84.0918186175165,46.81390525919745],[-84.09152871740751,46.81377135919381],[-84.09117031726865,46.81357295918432],[-84.09092611716765,46.81338605916997],[-84.09075831709384,46.813222059154576],[-84.09062121702739,46.81303875913447],[-84.09048361696189,46.8128637591157],[-84.09039211691099,46.8126883590941],[-84.09031581685633,46.81244405906113],[-84.09026221680571,46.81217355902276],[-84.0901935167345,46.81177575896573],[-84.090170716716,46.81168535895322],[-84.09017061668574,46.81144115891575],[-84.09014021665284,46.811254058888835],[-84.09014031662024,46.810990758848405],[-84.09013261658085,46.810692958803166],[-84.09009461653426,46.81041495876275],[-84.0899420164393,46.81004105871431],[-84.08978921635314,46.80973915867691],[-84.08953761624234,46.80949185865366],[-84.08921701610983,46.809247258634905],[-84.08897311601469,46.80910655862754],[-84.08880541594837,46.80900305862147],[-84.08849991583918,46.80890775862472],[-84.0862720150407,46.80819385864538],[-84.08579141486922,46.808046058650746],[-84.08548591475382,46.80790015864622],[-84.08524201466572,46.807816958647756],[-84.08509711461095,46.80774755864554],[-84.08488341453342,46.80767135864637],[-84.0847461144727,46.80753445863334],[-84.08466211442985,46.807404758618375],[-84.08454761437396,46.807248258601035],[-84.08434951426786,46.806901458559395],[-84.08416611416875,46.806573458519765],[-84.0839373140513,46.80621415847805],[-84.0837618139718,46.80602405845914],[-84.08361671390136,46.80582885843765],[-84.0834034138061,46.8056084584163],[-84.08314371368682,46.80531395838623],[-84.08289981358038,46.805082058364924],[-84.08259471345573,46.80486075834878],[-84.08235771336116,46.80470735833909],[-84.08219001329833,46.80463125833721],[-84.08128971296321,46.80424235833011],[-84.08086231281088,46.80411205833513],[-84.08045021266827,46.804020958345184],[-84.08012991256055,46.80397545835691],[-84.0796188123872,46.803891358373896],[-84.07911501221147,46.80376875838452],[-84.07873401208589,46.803735158401615],[-84.07848971200471,46.803708158411695],[-84.07835221195278,46.80364305840977],[-84.07818431189415,46.80360135841316],[-84.07775711174003,46.80345655841591],[-84.07739851160594,46.80329635841223],[-84.07702481147318,46.803186258417185],[-84.0766967113587,46.803106058424035],[-84.0764448112675,46.803018258425276],[-84.07624631119954,46.802979858430966],[-84.07588801107397,46.80288815843785],[-84.07540721091456,46.80283805845821],[-84.0750795108026,46.80277745846808],[-84.07474351068223,46.80267025847124],[-84.07442311057352,46.802617058481765],[-84.0741256104712,46.80255645848987],[-84.07388881038148,46.80244125848602],[-84.07362211028233,46.80232695848406],[-84.07344671021225,46.802212358476694],[-84.07327111014261,46.802102358470044],[-84.073125910087,46.80202655846693],[-84.07304951005786,46.801987958465475],[-84.07288940999076,46.801858358454886],[-84.07275970993663,46.8017549584466],[-84.07235570977761,46.80151065843272],[-84.07087550918635,46.80054565837103],[-84.07051660904642,46.800339258360296],[-84.07033360896976,46.800191158348255],[-84.06998270881873,46.79987435832012],[-84.06972350869738,46.79956175828728],[-84.0695170086008,46.799313158261164],[-84.06915880842432,46.79880975820479],[-84.06886890829081,46.79847795817081],[-84.06860910817167,46.7981843581409],[-84.06844150809754,46.79801685812498],[-84.0680444079308,46.79769225809836],[-84.06773920780805,46.797486558084564],[-84.06742670768053,46.79726095806822],[-84.0671063075596,46.79710865806349],[-84.06691530748499,46.79699795805769],[-84.06650340733349,46.79683465805666],[-84.06610660719096,46.79670465805984],[-84.06571750704902,46.79655975806029],[-84.0653055069055,46.79646095806919],[-84.06495460678796,46.796414958082636],[-84.06477160673012,46.79641875809389],[-84.06426040656248,46.79638075811789],[-84.06379480640601,46.796315658135114],[-84.0633679062562,46.79620445814296],[-84.06292480610364,46.79611265815473],[-84.06265790600972,46.7960410581593],[-84.06225380586766,46.79593385816643],[-84.06181880570499,46.79573955816202],[-84.06147550557999,46.79561375816271],[-84.06126180549253,46.795457458151226],[-84.0610788054191,46.79533525814313],[-84.0609032053446,46.79518585813044],[-84.06069730525407,46.79498425811148],[-84.06049880516333,46.79476235808901],[-84.06033840508395,46.7945338580633],[-84.0601324049762,46.79419395802317],[-84.05991130486848,46.79389275798979],[-84.05833200403147,46.79119585766786],[-84.05679060320378,46.78847615734016],[-84.05660000310583,46.78817525730506],[-84.05629470295183,46.787716657252446],[-84.05614990287832,46.787495357226874],[-84.05603530282671,46.78737355721487],[-84.0558447027353,46.7871255571879],[-84.05556230259018,46.78667975713595],[-84.05547840254552,46.78653485711858],[-84.05532590247039,46.786320457094554],[-84.05519620241111,46.78617535707982],[-84.05515050239421,46.78615635707958],[-84.05507400236047,46.786080857072456],[-84.05495950230933,46.78596235706089],[-84.05487560226658,46.78583285704595],[-84.05476130220411,46.78562235702023],[-84.05451690208237,46.78526765698002],[-84.05430330198692,46.78504615695846],[-84.05410490189738,46.78483315693733],[-84.05393700181784,46.7846227569148],[-84.05372350172338,46.7844092568945],[-84.05360150166429,46.78424575687646],[-84.05341830156958,46.78395175684198],[-84.05332700152016,46.78378745682208],[-84.05320490145202,46.783551056792874],[-84.05312100140833,46.78341385677673],[-84.05304490136152,46.78323135675314],[-84.05293020130458,46.78306675673455],[-84.05284580125837,46.782910656715515],[-84.05279290122027,46.78273885669216],[-84.05275450118212,46.78252925666221],[-84.05274680115413,46.782322456630894],[-84.05270870112497,46.78218505661205],[-84.05264020107404,46.78194965657986],[-84.05261720105676,46.781869156568824],[-84.05260180103537,46.7817356565492],[-84.05260230101995,46.78160965652985],[-84.05189990046235,46.778909356155985],[-84.05177790037155,46.77848955609863],[-84.05136620004708,46.776925555882315],[-84.05128969998626,46.77663085584151],[-84.05117489989266,46.776169055777295],[-84.05106109980451,46.77574935571943],[-84.05100709976408,46.77556155569373],[-84.05086229964395,46.77496265561017],[-84.05081679960678,46.774779155584554],[-84.0507249995489,46.77454765555436],[-84.05074029954153,46.774448255538196],[-84.05075509949391,46.77402485547227],[-84.05087029946685,46.77350885538626],[-84.05094639944468,46.773133255324126],[-84.05105279943659,46.77279295526562],[-84.05138099948334,46.772325155174585],[-84.05169389953645,46.771947655098366],[-84.05189969957132,46.77169925504816],[-84.0522583996511,46.771419754984315],[-84.05253099971435,46.77122905493908],[-84.05242549968156,46.77123535494619],[-84.05220299960999,46.771229954958386],[-84.05216349959835,46.77123775496187],[-84.05211039958242,46.7712457549662],[-84.0520704995718,46.77126275497114],[-84.05203009956102,46.77127955497604],[-84.05197489954985,46.77133165498727],[-84.05189169953303,46.77141025500422],[-84.05163129947596,46.771619755051624],[-84.05146759943895,46.77174225507997],[-84.05128579940818,46.77196215512437],[-84.05073189932772,46.772739555276125],[-84.0502441992687,46.77351975542447],[-84.05002769924461,46.77388335549297],[-84.04986839922778,46.77415755554438],[-84.04975199918815,46.77413715554804],[-84.04971229917534,46.7741359555502],[-84.04964639915639,46.774152355556566],[-84.04951429911607,46.774166955566486],[-84.04935409907111,46.77421615558335],[-84.0470544984144,46.77483215581217],[-84.04639059822408,46.775004155877276],[-84.04599049811196,46.77512835591971],[-84.04557439800143,46.775307055971425],[-84.04521069790879,46.77549555602164],[-84.04485859782208,46.775701856073866],[-84.04454859774349,46.775865356117045],[-84.04441439770811,46.77592515613404],[-84.04428059767166,46.77597495614949],[-84.04413249763296,46.77604405616877],[-84.04402549760411,46.77608625618149],[-84.04390439757286,46.77614575619771],[-84.04375649753413,46.776213756216784],[-84.04358409748423,46.77625435623306],[-84.04347859745246,46.77626955624155],[-84.04327959739399,46.77630975625932],[-84.04305509732612,46.77633935627697],[-84.04279209724481,46.77635985629547],[-84.04246449714051,46.7763606563147],[-84.04217559704969,46.77637065633306],[-84.04204579700678,46.77635835633875],[-84.04186309694694,46.77634505634733],[-84.04165459687759,46.7763214563559],[-84.04145919681248,46.776298456363754],[-84.0412390967372,46.776257156370214],[-84.04102009665887,46.77618765637231],[-84.0404490964651,46.77609255639099],[-84.03976329622658,46.775930756406105],[-84.03950539613578,46.775861156410436],[-84.03940099610107,46.775849456414775],[-84.03926049604799,46.77578215641262],[-84.03915829600963,46.77573535641136],[-84.03908029598338,46.77572395641417],[-84.03893849593325,46.77568385641629],[-84.03882399588979,46.775627356414255],[-84.03868369583564,46.77555105641073],[-84.03843979574717,46.77546425641158],[-84.03819639565661,46.775359256409665],[-84.03787549553998,46.7752429564105],[-84.03772069548563,46.775202156413236],[-84.03757879543444,46.77515395641414],[-84.03741059537695,46.775122556419085],[-84.0369024952089,46.775073056441116],[-84.03677279516383,46.77504275644403],[-84.03668179513346,46.775031656447645],[-84.03645989506099,46.77501735645835],[-84.03628939500719,46.77502185646899],[-84.03614449496278,46.77503585647959],[-84.03589469488564,46.77505595649722],[-84.03544659474915,46.77510725653127],[-84.0347876945483,46.775180956580975],[-84.03336019412093,46.77540455669859],[-84.03266039391002,46.775502856754464],[-84.0325285938699,46.7755176567644],[-84.03239659382963,46.77553235677438],[-84.03227719379571,46.775565956786494],[-84.03213159375325,46.77559795679993],[-84.03206389373594,46.775632356809105],[-84.03198209371733,46.775693056823215],[-84.03188549369729,46.77577995684223],[-84.03180439367684,46.77582365685368],[-84.03168309364666,46.775892356871275],[-84.03161449363127,46.77594475688336],[-84.03153249361263,46.77600535689744],[-84.03145039359391,46.77606595691151],[-84.03137949358451,46.77617245693202],[-84.03128309356342,46.77625055694965],[-84.03119819355052,46.776365156972226],[-84.03109709354031,46.7765433570055],[-84.03105409353425,46.77660535701756],[-84.03098099352842,46.7767467570435],[-84.03093749352328,46.77681755705694],[-84.03090439352827,46.77694335707821],[-84.03089749354267,46.777077357099195],[-84.03089389354818,46.77713145710774],[-84.03092829357158,46.77723195712114],[-84.03099729361374,46.77739535714224],[-84.0310222936251,46.77742285714501],[-84.0310967936579,46.77749625715196],[-84.03113339367528,46.777542557156956],[-84.03125839372888,46.77765395716676],[-84.0313086937495,46.77769095716954],[-84.03137259377341,46.77771985717022],[-84.03150099382026,46.7777678571701],[-84.03157899384769,46.777788357168696],[-84.03168079388603,46.777836257170165],[-84.03177089391835,46.777865357169375],[-84.03200199400278,46.777952557169314],[-84.03212919405149,46.77801895717207],[-84.03221819408569,46.77806615717413],[-84.0322803941135,46.77813085718045],[-84.03230609412289,46.77814025718039],[-84.03234839415872,46.77832145720581],[-84.03231869415688,46.77838295721694],[-84.03231649416064,46.77841895722264],[-84.03228929415523,46.77844565722832],[-84.03226149414967,46.77847225723403],[-84.03223339414514,46.77850815724118],[-84.03217869413301,46.77855085725093],[-84.0320985941105,46.77857565725941],[-84.0319929940787,46.77859065726789],[-84.03193969406388,46.77860805727365],[-84.03171559399495,46.77862845728985],[-84.03144059390766,46.7786312573063],[-84.03101849377953,46.77868295733888],[-84.02971679337489,46.77876575742746],[-84.02829679293443,46.77886405752533],[-84.02794119282542,46.77889945755149],[-84.02704199255706,46.779047057626585],[-84.02688269251139,46.779088457642274],[-84.0267221924674,46.77914645766051],[-84.02659989243816,46.77922515767977],[-84.02657199243238,46.77925065768529],[-84.02651759242056,46.77929485769525],[-84.02648719241957,46.779365457707875],[-84.0264149924119,46.77948995773119],[-84.02616189239936,46.78004115783066],[-84.02604509238961,46.78026365787166],[-84.02598749238209,46.780351757888575],[-84.02591899236785,46.780413257902],[-84.02575419233142,46.78054355793164],[-84.02568549231712,46.78060505794514],[-84.0255613922916,46.78071855796979],[-84.02544039225941,46.78077005798474],[-84.02526579221322,46.78084675800665],[-84.02517029219239,46.78092465802421],[-84.02506229216317,46.78096685803698],[-84.02492959212604,46.78100865805116],[-84.0248754921119,46.7810337580582],[-84.02478349208343,46.78104065806463],[-84.02465149204316,46.78105535807453],[-84.02453229200808,46.78107865808507],[-84.02436189195431,46.781083158095676],[-84.02425669192155,46.78108945810279],[-84.02404489185908,46.78113015812138],[-84.02374009176967,46.781193158148845],[-84.02359389172831,46.78123525816386],[-84.02348779169745,46.781259458173736],[-84.02335469165895,46.781291058186355],[-84.02324879162819,46.78131525819623],[-84.0231675916077,46.78135905820771],[-84.02308639158707,46.781401658219025],[-84.02295129155361,46.781479658238844],[-84.02288289153816,46.78153085825069],[-84.02280219151783,46.781574558262136],[-84.02277479151117,46.78159095826626],[-84.02273349150228,46.781625858274026],[-84.02266589148606,46.78166925828462],[-84.02262189148195,46.781749358299486],[-84.02259239148027,46.78181195831086],[-84.02256299147848,46.78187335832199],[-84.02250619147031,46.78195365833763],[-84.02245029146005,46.78201485835029],[-84.02236879144046,46.78206635836295],[-84.02228669142188,46.78212815837724],[-84.02204379136025,46.782256058411065],[-84.02174679128464,46.782410158452016],[-84.0211826911364,46.78266605852424],[-84.01962379072671,46.78337185872353],[-84.01763569020336,46.78426585897679],[-84.0175288901734,46.78429905898812],[-84.01723439009298,46.784408059021985],[-84.01643118987539,46.78471955911668],[-84.01608318978117,46.78485465915775],[-84.01526778955754,46.78514865925043],[-84.0150268894922,46.78524145927873],[-84.01487658945717,46.785345459303485],[-84.01469968941576,46.78546715933246],[-84.0145466893865,46.785625359365675],[-84.0143681893479,46.78577305939879],[-84.01415868931036,46.786010159447414],[-84.01395198926726,46.78619445948778],[-84.01376198922159,46.786315359517445],[-84.01350708915288,46.78641665954785],[-84.01330488910116,46.78651975957546],[-84.01298428901347,46.78663735961223],[-84.01271698893953,46.78672875964187],[-84.01235798883613,46.786818259676565],[-84.01199958873305,46.78690855971132],[-84.01110928847625,46.78712775979683],[-84.01027258823463,46.787330959876854],[-84.00998018815056,46.787404959905246],[-84.00995398814199,46.78740345990654],[-84.00936788797667,46.78757745996745],[-84.0090755878925,46.78765065999571],[-84.00886118783454,46.78773486002113],[-84.00864548777953,46.78784626005081],[-84.008510187746,46.787924160070666],[-84.00823628768559,46.78814186012008],[-84.0075112875221,46.788689460246474],[-84.00725068746482,46.78889876029382],[-84.00533898705596,46.79052306065477],[-84.00511888700956,46.79071546069716],[-84.00494248696724,46.79082806072477],[-84.0047380869191,46.790966260757884],[-84.00457658687719,46.79104356077916],[-84.00440148683182,46.79112806080236],[-84.00425568678939,46.791161360815956],[-84.00397628670945,46.7912348608435],[-84.00394978670187,46.791242360846255],[-84.0038302866668,46.791266760856914],[-84.0037618866515,46.79131926086902],[-84.00367858663574,46.791407060887316],[-84.00366368663424,46.791433160892204],[-84.00360658662693,46.791521260909086],[-84.00354748662245,46.79163756093042],[-84.003543986629,46.79169946094012],[-84.00352018664582,46.791897160971885],[-84.00348628665164,46.79203186099456],[-84.00347928666487,46.79215686101413],[-84.00346178666935,46.792238361027685],[-84.00339018665952,46.79234376104806],[-84.00324698664129,46.792565961090524],[-84.00317618663058,46.792662061109425],[-84.002986986583,46.792764961136236],[-84.00284008654248,46.79281606115269],[-84.002544786464,46.792943061189426],[-84.00231768640077,46.79301766121406],[-84.00214328635464,46.79309426123599],[-84.00206178633508,46.79314586124867],[-84.00196658631224,46.79320696126366],[-84.00184068628943,46.79334736129252],[-84.00179488628915,46.793463361313],[-84.00172378627954,46.79356876133339],[-84.00166648627223,46.79365786135038],[-84.00162158627005,46.79375586136803],[-84.00140118625234,46.79418126144626],[-84.00134938626353,46.79440546148371],[-84.00122648626503,46.794734861541485],[-84.00116008627477,46.79498546158388],[-84.00110098627015,46.79510046160498],[-84.00106958627232,46.79519926162197],[-84.001022186276,46.79535116164804],[-84.00102858629243,46.79546796166562],[-84.00095538628561,46.79560146169041],[-84.00091898629721,46.79578916172139],[-84.00077178628534,46.79607326177359],[-84.00066898627779,46.79627726181093],[-84.00054248625591,46.796426861841255],[-84.00045968623925,46.79650546185815],[-84.00040348623011,46.79657676187238],[-84.00033428621566,46.79663816188583],[-84.00015408617979,46.79681286192317],[-84.00005878615804,46.79688276193951],[-83.99997518614217,46.7969703619578],[-83.99993368613326,46.79700556196564],[-83.99957458606218,46.79735676204052],[-83.99925988599065,46.79758996209465],[-83.99909678595475,46.7977202621242],[-83.9989732859324,46.797858462152604],[-83.99888008592859,46.79806796219026],[-83.99878628592234,46.79825936222506],[-83.99865148590092,46.798434062259766],[-83.99850158586915,46.798563862288454],[-83.99831208582494,46.7986947623196],[-83.99811068577911,46.798844062354306],[-83.99790608572457,46.79893036237945],[-83.99772578567433,46.798989162399],[-83.99750538560923,46.79903096241823],[-83.99724288552524,46.799028862433246],[-83.99696758543723,46.799027062449],[-83.9966532853369,46.799026362467224],[-83.99626288521928,46.79908156249843],[-83.99589948511121,46.799145062529355],[-83.99542128497365,46.799265562575705],[-83.994891684822,46.79940546262808],[-83.99453078472031,46.79951386266574],[-83.99423488463808,46.799611662698],[-83.99393798455321,46.79969136272756],[-83.99364328447466,46.799816062763895],[-83.99342488441464,46.79989386278856],[-83.993166784342,46.7999725628157],[-83.99300038429729,46.800039862835746],[-83.99273168422586,46.80015516286905],[-83.99256638418473,46.800249362893204],[-83.9922516841132,46.80048266294736],[-83.99196668405884,46.80077796300933],[-83.99182058403711,46.80097976304886],[-83.99169678401366,46.801109163075914],[-83.99161168400126,46.80122836309918],[-83.99153768398789,46.8013110631162],[-83.99150228398564,46.80138416312949],[-83.99140228396405,46.80146786314818],[-83.99122318391643,46.80154456317042],[-83.9910949838826,46.80160176318663],[-83.990602083737,46.801695663229786],[-83.99008218358068,46.80177226327187],[-83.98948368339951,46.80185096331883],[-83.98905418326949,46.80190716335244],[-83.98862378313697,46.80194536338338],[-83.98835048305403,46.801979563404586],[-83.98812948298757,46.8020122634225],[-83.98790888292243,46.80205416344178],[-83.98762478284048,46.8021245634691],[-83.98727668274283,46.80223266350602],[-83.98703348267827,46.802337963536345],[-83.98685418263054,46.80241456355855],[-83.98666298258132,46.802509563584266],[-83.98656318256096,46.80260216360433],[-83.98642418252814,46.802695763626815],[-83.98627168249007,46.802780863648756],[-83.98618258246746,46.8028281636612],[-83.986106482449,46.80287516367284],[-83.98604398243592,46.80293076368503],[-83.98581248237178,46.80300906371058],[-83.98520928220802,46.80324056378128],[-83.98497908214759,46.80334556381082],[-83.9847233820802,46.8034603638433],[-83.98441318199116,46.80354046387372],[-83.9836665817832,46.8037847639547],[-83.98294408157845,46.80399266402875],[-83.98209368134002,46.80425796411906],[-83.98166948122274,46.80440376416615],[-83.98125888111201,46.80456756421523],[-83.98105398105736,46.80465396424041],[-83.98091378102083,46.80472056425884],[-83.98083668100094,46.80475856426913],[-83.98076038098131,46.80479656427943],[-83.98001618077973,46.80508596436721],[-83.9792713805768,46.805366364453675],[-83.97857708038536,46.805609564531466],[-83.9782171802862,46.80573586457185],[-83.97801188023138,46.80582226459708],[-83.97780658017545,46.8058995646209],[-83.97765258013348,46.8059575646388],[-83.9772401800177,46.806085264682395],[-83.97677747989057,46.8062503647347],[-83.97624977974394,46.80642606479242],[-83.97595467966407,46.806541764827415],[-83.97568627959379,46.80666566486208],[-83.97539067951267,46.80677236489571],[-83.9752234794666,46.80683086491438],[-83.97501857941187,46.80691696493959],[-83.97468317931708,46.80701576497426],[-83.97429497920449,46.80710686501086],[-83.97395767910471,46.80716966504015],[-83.97360647899824,46.80721476506756],[-83.97317547886439,46.80724406509716],[-83.97252287866276,46.807297165143325],[-83.97175217842276,46.80734416519542],[-83.97087467814454,46.807357765248604],[-83.97002357787464,46.80737096530019],[-83.96935487766123,46.80737026533904],[-83.96892237752357,46.807372465364544],[-83.968635177434,46.8073890653838],[-83.96826777731692,46.80738966540531],[-83.96769407714017,46.807440365446475],[-83.96722447699518,46.80747966547989],[-83.96683207687242,46.80749876550565],[-83.96583737655828,46.80752456556754],[-83.9647908762289,46.80756056563402],[-83.9644371761161,46.80756086565466],[-83.9642002760391,46.807549065666606],[-83.96404117598436,46.80751716567095],[-83.9638433759186,46.80749526567911],[-83.96358727582107,46.80736706567435],[-83.9627737755008,46.80687496564613],[-83.96240847535879,46.80666846563568],[-83.96215297526248,46.80654906563221],[-83.96195217518907,46.806473265632256],[-83.9616730750909,46.80639946563716],[-83.96138157499108,46.806344065645625],[-83.96093247484036,46.80628356566245],[-83.96053587470625,46.806221965676094],[-83.96027097461595,46.80617486568426],[-83.9599263744971,46.80610276569325],[-83.95955247436235,46.80597736569573],[-83.95928537426576,46.80588536569718],[-83.95900547416626,46.805802765700776],[-83.9586852740518,46.805702865704056],[-83.95836837394504,46.805657065715465],[-83.95803867383539,46.805620565729086],[-83.95755347367995,46.80561546575651],[-83.95716077355591,46.80562556578093],[-83.95686067346334,46.80565116580236],[-83.95665237339976,46.80567446581801],[-83.95649667335395,46.805705665831894],[-83.9563168733049,46.80577306585267],[-83.95616377326546,46.80584906587332],[-83.95602127322381,46.80587976588629],[-83.95595697320572,46.80589946589305],[-83.95590497319041,46.8059097658977],[-83.95581387316274,46.80592116590476],[-83.9557357731392,46.80593216591096],[-83.95547457305778,46.8059478659286],[-83.95512227294876,46.80597486595323],[-83.95497857290447,46.8059876659636],[-83.95452407276873,46.80606246600156],[-83.9541745726672,46.80614346603429],[-83.95381377256551,46.80625186607194],[-83.95358207250119,46.8063297660974],[-83.9534150724563,46.80639736611753],[-83.95327367241713,46.806445766133166],[-83.95320897239891,46.80646536613996],[-83.95315827238622,46.806493766147305],[-83.95300167233792,46.80650686615842],[-83.95283217228545,46.806520166170316],[-83.95266087222915,46.80650656617819],[-83.95243577215247,46.80646736618527],[-83.9522093720721,46.8064011661883],[-83.95198337199183,46.80633506619125],[-83.9518115719342,46.80631246619782],[-83.95162727187378,46.8062992662065],[-83.95145607181752,46.806285666214386],[-83.95118107173063,46.806292866231466],[-83.95080347161583,46.806338466260485],[-83.95051807153123,46.80639086628515],[-83.95032387147434,46.8064318663027],[-83.9501802714301,46.806444566313026],[-83.949879171335,46.80645236633174],[-83.94954007123015,46.806479066355614],[-83.94912317110406,46.80653506638844],[-83.94880017101084,46.80661516641954],[-83.94848887091922,46.8066771664472],[-83.94825427084736,46.80670126646457],[-83.94801877077293,46.80670726647918],[-83.94775427068272,46.80666016648732],[-83.94734387054312,46.80658976650043],[-83.94690447038768,46.80646606650696],[-83.94657237027059,46.80637566651242],[-83.94634687019378,46.80633636651948],[-83.9460307700895,46.8063085665336],[-83.94588677004397,46.806312266542584],[-83.94566136996613,46.806264066548266],[-83.94555396992554,46.806212866546666],[-83.94548586989846,46.80616956654395],[-83.94541736987017,46.80611736653995],[-83.94518706977965,46.80597926653213],[-83.94490086966368,46.8057796665181],[-83.944671969577,46.80566856651435],[-83.9444969695106,46.80558306651139],[-83.9443761694658,46.80553236651066],[-83.94425396941718,46.8054544665058],[-83.94418586938903,46.805402066501685],[-83.94392736925627,46.804994766454136],[-83.94362316909354,46.804462766390074],[-83.94354836904881,46.80429356636846],[-83.9434493690009,46.804161066353856],[-83.9433115689418,46.80403856634301],[-83.94310696885829,46.80389086633226],[-83.94245916860928,46.80354746631715],[-83.94189136838885,46.80322916630127],[-83.94174256833071,46.80314296629669],[-83.94166076829823,46.80309106629346],[-83.94154056825468,46.803049166294024],[-83.94134066818268,46.802982366295375],[-83.94104706807774,46.80289116629846],[-83.94005936772241,46.802565266305834],[-83.93992556767353,46.802514766305855],[-83.93920556741612,46.80229026631324],[-83.93860636720353,46.802116666321446],[-83.93823426707269,46.80201826632795],[-83.9378883669512,46.8019281663342],[-83.9375043668199,46.80185696634562],[-83.93722616672423,46.80180116635323],[-83.93690856661621,46.80174656636331],[-83.93667056653541,46.80170736637113],[-83.93643246645466,46.80166846637901],[-83.93623226638255,46.80160166638037],[-83.93601796630371,46.801517166379845],[-83.93573626619926,46.80139856637798],[-83.93552096611786,46.801295866374716],[-83.93545746609226,46.80125256637179],[-83.93531686603568,46.801157166365286],[-83.93514186596417,46.80103026635597],[-83.93512586595754,46.80101806635501],[-83.9350137659055,46.800885866341225],[-83.9346437657209,46.80034646627986],[-83.93430066554701,46.79982426621952],[-83.93411706545798,46.79957686619218],[-83.9340170654075,46.79942656617494],[-83.93392136536839,46.79935686616975],[-83.93383776532976,46.799260166159776],[-83.93374146528934,46.79918156615329],[-83.93371456527866,46.799164266152175],[-83.93353726520711,46.79904286614382],[-83.9332812651085,46.798905466137626],[-83.9329852649972,46.79876906613383],[-83.9326249648679,46.798652366136864],[-83.93238356477835,46.79855066613526],[-83.93212896468458,46.79844896613447],[-83.93200676463599,46.79837136612961],[-83.93193986461152,46.79834586612958],[-83.93187176458333,46.798293566125494],[-83.93184096456365,46.798213466114994],[-83.93178466453698,46.79814276610741],[-83.93174006451068,46.79804506609497],[-83.93172556450273,46.79801836609173],[-83.93168246448032,46.797947866083405],[-83.93161496445451,46.79791316608199],[-83.93154756442873,46.79787886608066],[-83.93117406429414,46.7977534660831],[-83.93070496412149,46.79756736608175],[-83.93014216391381,46.797338866079365],[-83.92991236382457,46.797209766072854],[-83.9297489637585,46.797096966065006],[-83.92965096371314,46.796982466053095],[-83.92959476368651,46.79691196604554],[-83.92952286364934,46.79679676603203],[-83.92949216362858,46.7967075660201],[-83.92947216360672,46.79658206600195],[-83.92950586360519,46.796482265984665],[-83.92953736359738,46.796337565960556],[-83.92961816359846,46.796137365925105],[-83.92969086360813,46.79602746590399],[-83.929815363633,46.795907265878256],[-83.92991376364967,46.79578776585419],[-83.92998676366052,46.795686965834456],[-83.93003336366195,46.79557776581497],[-83.93011486366441,46.79538666578085],[-83.9301437636502,46.79519686574996],[-83.9301324636211,46.79499006571881],[-83.93012806360974,46.794909365706715],[-83.93010966359172,46.79481076569264],[-83.93003786355465,46.794695765679116],[-83.92996656351879,46.794589465666895],[-83.92985656347182,46.794493265658524],[-83.92978816344362,46.7944411656545],[-83.9296790633991,46.79436286564876],[-83.92962376337503,46.79431046564397],[-83.92958156335503,46.79425736563825],[-83.92952496332717,46.794177865629294],[-83.92946856330047,46.79410726562171],[-83.92943866328213,46.79403596561253],[-83.9293920632508,46.79390216559466],[-83.92938746323938,46.7938214655825],[-83.92938076322167,46.7936954655635],[-83.9293871632082,46.79356936554375],[-83.92940776320253,46.793469865527285],[-83.92938836318193,46.79335326551049],[-83.9293839631706,46.793272365498304],[-83.92935286314969,46.79318336548642],[-83.92930976312715,46.79311226547799],[-83.92925156309545,46.793005765465026],[-83.92916956306182,46.79294496546041],[-83.92907366302153,46.79286636545391],[-83.92891166295927,46.79278046545015],[-83.92876426290493,46.79272126544959],[-83.92850746280497,46.79257486544201],[-83.92838486275515,46.79248796543579],[-83.92820826268492,46.79237556542877],[-83.92812786265507,46.79234146542818],[-83.92805866262438,46.79227146542144],[-83.92793196256437,46.792112665404396],[-83.92787456253514,46.79202406539415],[-83.92781926251104,46.79197156538924],[-83.92776466248824,46.791927965385746],[-83.92773706247618,46.79190156538328],[-83.9276553624426,46.791840565378685],[-83.92760106242103,46.791806165376535],[-83.92749396238167,46.79176386537626],[-83.92744066236375,46.791756365378205],[-83.92737446234055,46.7917398653795],[-83.92730856231864,46.79173256538223],[-83.92724216229547,46.791716265383556],[-83.92712346225574,46.79170136538816],[-83.92705796223504,46.79170296539224],[-83.92686316217686,46.791734965408466],[-83.9262529619952,46.79184056546021],[-83.92599346191768,46.79188346548186],[-83.92551136177092,46.791940665518716],[-83.92489836158171,46.79199226556229],[-83.92436286141476,46.7920240655983],[-83.92415306134737,46.7920202656099],[-83.92404946131688,46.7920409656191],[-83.92391866127554,46.79204426562722],[-83.92367656118466,46.791933465624226],[-83.92344926110181,46.79184956562457],[-83.92326316103633,46.79180006562777],[-83.92303726095722,46.791742865632095],[-83.92285106089173,46.79169376563536],[-83.92269026083204,46.79162566563427],[-83.92252926077232,46.7915578656332],[-83.92238146071678,46.791489565631274],[-83.9222598606695,46.79142066562779],[-83.92216406062924,46.79134216562124],[-83.92202806057522,46.791255665615836],[-83.92177846046418,46.79100106559119],[-83.92144686031952,46.79068546556197],[-83.92122586022309,46.790475165542496],[-83.9210595601495,46.79030846552649],[-83.9209359600971,46.79020356551756],[-83.92078476003276,46.790072465506164],[-83.92052645992894,46.78989906549452],[-83.92024225981805,46.78973516548585],[-83.92006585974795,46.78962276547881],[-83.9197672596281,46.789423465465546],[-83.91938875948199,46.789217165455824],[-83.919199859409,46.78911406545089],[-83.91903615934284,46.789001065443024],[-83.91891645929952,46.78895926544361],[-83.91883595926961,46.78892516544304],[-83.91874185923433,46.788882565441924],[-83.91866045920196,46.788830665438724],[-83.9183956591117,46.788783465446805],[-83.91836905910218,46.788775065447055],[-83.91738705876088,46.78854816546925],[-83.91660395848803,46.78836116548602],[-83.9161000583133,46.78824796549785],[-83.91550335810712,46.78811936551277],[-83.91463045781025,46.78797056554063],[-83.91431365770357,46.787924665551955],[-83.91374305750554,46.7877950655652],[-83.91338405737885,46.78769646557089],[-83.91301255724923,46.787606665578664],[-83.91278665717125,46.78755856558436],[-83.91262595711157,46.78749056558324],[-83.91242535703825,46.78741466558326],[-83.91226415697737,46.787337765580794],[-83.91211305691297,46.7872066655694],[-83.911894656824,46.78705006555802],[-83.91175915677015,46.78696366555261],[-83.91166155672602,46.786858265542044],[-83.91157865668988,46.786779565534786],[-83.91145805664507,46.78672826553388],[-83.91136405660984,46.78668566553277],[-83.91125755657177,46.78665246553392],[-83.91112315652158,46.786592865532505],[-83.9109503564603,46.78654326553497],[-83.91071315638207,46.78652226554551],[-83.91048975630923,46.78650986555657],[-83.91016325620723,46.78652726557823],[-83.90990195612576,46.78654296559582],[-83.90968045605804,46.78656656561228],[-83.90957675602749,46.786587265621485],[-83.90947355599822,46.78661696563208],[-83.90934275595684,46.786620165640144],[-83.90914595589359,46.78661616565096],[-83.90902765585513,46.786610165656946],[-83.90886875580046,46.786578165661204],[-83.90884235579104,46.786569865661484],[-83.90794325548589,46.78642176569096],[-83.90750715533815,46.786351865705555],[-83.9072956552669,46.786321165713105],[-83.90713585520976,46.786271165714695],[-83.90692295513475,46.78621366571821],[-83.90680285509126,46.78617176571875],[-83.9066407550327,46.78611626571964],[-83.90630905491305,46.78600426572169],[-83.90621015487716,46.785968565721944],[-83.90562765466568,46.78576056572379],[-83.9051464544904,46.785584065724585],[-83.90501305444158,46.78553326572453],[-83.90437195421022,46.78531546572823],[-83.9039310540499,46.785155965729324],[-83.90373245398156,46.78511576573467],[-83.90351915390532,46.78504916573685],[-83.90346625388752,46.785041665738724],[-83.90324245381349,46.78502016574843],[-83.90293915371208,46.78498296576031],[-83.90251835357473,46.784957565780864],[-83.90207275343168,46.78495086580569],[-83.90191515338084,46.78494596581413],[-83.90166855330732,46.78498816583493],[-83.9013697532174,46.78503216585906],[-83.90109475313047,46.78503866587602],[-83.90087225306017,46.78504436588986],[-83.9006766529995,46.78505826590335],[-83.90041455291558,46.78505596591821],[-83.900215352846,46.78500706592224],[-83.90000225277086,46.784949365925726],[-83.89974855267856,46.784856965926274],[-83.89962855263514,46.78481506592681],[-83.899292552509,46.78466146592266],[-83.898984352395,46.78453426592098],[-83.8987314523051,46.78445966592418],[-83.89851905223023,46.784402065927665],[-83.8983335521672,46.784370765933645],[-83.89809615208775,46.78434076594284],[-83.89764945194219,46.784316065964944],[-83.89674205164548,46.78425806600874],[-83.89520615114803,46.78419796608872],[-83.89424865083991,46.784177166141085],[-83.89346245058931,46.78417916618705],[-83.89279485037726,46.78418706622706],[-83.89216685017881,46.78420286626591],[-83.89185175007701,46.7841928662827],[-83.89143174994211,46.78418556630596],[-83.8911679498532,46.78414726631536],[-83.8909177497708,46.78412626632664],[-83.89078314971944,46.784058066324],[-83.89068764968039,46.78398826631878],[-83.8905473496139,46.78381176629977],[-83.89051674959425,46.7837315662892],[-83.89050074958253,46.783677866281906],[-83.89050824957165,46.783569766264804],[-83.8905316495724,46.783515266255094],[-83.89060224957701,46.78336966622859],[-83.89068614958579,46.78322336620121],[-83.89087234962139,46.7830296661606],[-83.89099674964625,46.78290946613487],[-83.89108404966389,46.782826266117],[-83.89115774967613,46.78273436609861],[-83.89120714968507,46.782679166087206],[-83.89125554969154,46.782605966073156],[-83.89129194969637,46.78255086606257],[-83.89133954970036,46.78245976604579],[-83.89134724969058,46.78236066603009],[-83.89132944967385,46.782271066017366],[-83.89132544966375,46.782199166006514],[-83.8913207496512,46.782109265992965],[-83.89129134963416,46.78204696598508],[-83.89126304961968,46.78200276597993],[-83.89124664960788,46.78194916597263],[-83.89120404958662,46.781887265965594],[-83.89116144956544,46.78182536595855],[-83.89111954954556,46.78177236595279],[-83.89103554950682,46.78167546594274],[-83.8909668494774,46.781614265937364],[-83.89085864943544,46.78155396593434],[-83.89077784940436,46.78151106593244],[-83.89068274936659,46.78145046592868],[-83.89050694929773,46.78134686592289],[-83.89035934924225,46.78127856592094],[-83.89025204920279,46.78123636592067],[-83.89018524917833,46.78121096592068],[-83.89013814916191,46.78119936592162],[-83.889724449004,46.78098896591327],[-83.88964604897144,46.78092766590836],[-83.88947824890181,46.78079686589802],[-83.88893454865362,46.78018956583613],[-83.88838514841913,46.77970846579399],[-83.88813924831712,46.77951676577873],[-83.88763014812687,46.77929136577364],[-83.88756214810148,46.77926126577295],[-83.88744234805442,46.779189365768815],[-83.88731824800564,46.77911466576455],[-83.8871934479496,46.77898256575145],[-83.88707724788628,46.77876956572545],[-83.8869108478127,46.77860276570946],[-83.88676494775329,46.77849836570186],[-83.88667944771852,46.778437465697465],[-83.88663574770221,46.778418165697005],[-83.88654534766839,46.778377965696066],[-83.8862165475601,46.77835026571091],[-83.88604454750744,46.778368565723675],[-83.8859950474923,46.77837386572737],[-83.88593104747372,46.77838896573344],[-83.88576364742516,46.77842846574919],[-83.88556794736844,46.77847466576771],[-83.88521994727064,46.7785825658045],[-83.88482364716886,46.77878296585831],[-83.88462284711723,46.77888436588558],[-83.88447894708027,46.77895726590516],[-83.88433974704452,46.779027665924055],[-83.88413204698219,46.779059865941086],[-83.88394044691515,46.77901186594482],[-83.88384004687995,46.77898626594672],[-83.88378844686117,46.778967165946725],[-83.88291744654306,46.77864046594706],[-83.88235184635654,46.77859166597236],[-83.88224814631853,46.77855166597223],[-83.88222904631154,46.77854416597217],[-83.88217754629267,46.7785241659721],[-83.88203774622747,46.77835676595445],[-83.88201484619808,46.778177365928194],[-83.88193994615224,46.77799916590506],[-83.88158844598928,46.77758576586188],[-83.88152074595783,46.77750576585347],[-83.88131664587561,46.77736686584399],[-83.88064424562113,46.77704196583299],[-83.88047034555863,46.776985165834304],[-83.8803109455014,46.776933465835626],[-83.87939834515987,46.776524165825585],[-83.87907954504806,46.77644226583149],[-83.879016645024,46.776409665830116],[-83.87879664493984,46.77629636582545],[-83.87853004484346,46.776204065826704],[-83.87830494476677,46.776164765833755],[-83.87812684469166,46.77601636582125],[-83.87786974459048,46.77586066581216],[-83.87769584452668,46.77579306581188],[-83.87753744447507,46.77578406581964],[-83.87736714441952,46.77577426582802],[-83.87716454435106,46.77574346583506],[-83.8770634443169,46.775727965838506],[-83.87674994420945,46.775667765847444],[-83.8767325442035,46.77566436584796],[-83.87662554416414,46.77562206584766],[-83.8762728440239,46.775396865833464],[-83.87609364394625,46.775230365818246],[-83.87593884381856,46.774593665729206],[-83.87592614380816,46.774541665721955],[-83.87574934373681,46.77442026571351],[-83.8754832436427,46.77434576571753],[-83.87528444357991,46.77435076572979],[-83.87524794356837,46.774351665732034],[-83.8745586433605,46.77444996578722],[-83.87390614315764,46.77449346583175],[-83.87361784306539,46.7744916658482],[-83.87328434295569,46.774464965863416],[-83.87293364284037,46.77443686587943],[-83.87261984273279,46.77437656588837],[-83.87260294272699,46.774373165888804],[-83.87258994272182,46.77436506588831],[-83.87210074252798,46.774058165869455],[-83.87183064242102,46.77388876585905],[-83.87162194232629,46.77366016583601],[-83.8716009423139,46.77361396583008],[-83.87157724229996,46.77356196582347],[-83.87119854214127,46.773253965798006],[-83.87118014213357,46.77323896579681],[-83.87091064202959,46.77309276578991],[-83.8705893419115,46.772966065789035],[-83.87021174176554,46.77275926577911],[-83.87001784167994,46.77256616576065],[-83.86996494165443,46.77249546575285],[-83.86979234157107,46.772265765727475],[-83.8695290414248,46.77175896566475],[-83.86848324100369,46.771047665615946],[-83.86814994082314,46.770444065542314],[-83.86684384017263,46.76854176532523],[-83.8664412399614,46.76786796524483],[-83.86627973986948,46.76753896520357],[-83.866210739809,46.76722576515936],[-83.86623183971281,46.76638816502916],[-83.86607033962089,46.76605926498788],[-83.86618093963922,46.765921464960265],[-83.86601813951376,46.76532266487746],[-83.8659097394408,46.76501026483567],[-83.86538823918869,46.764312364758474],[-83.86531103913664,46.76408936472861],[-83.86514283905811,46.7638865647071],[-83.86503983899901,46.76367316468023],[-83.86420153864016,46.76292916461426],[-83.86417903863095,46.76291266461302],[-83.86402433856759,46.76279856460446],[-83.86391863852836,46.762753864603646],[-83.86341143834015,46.762539264600015],[-83.86334123831413,46.762509664599534],[-83.86308733822173,46.76241706460003],[-83.8629174381623,46.76237416460324],[-83.86279403811906,46.7623427646056],[-83.86271583808919,46.762302864603946],[-83.86267743807453,46.76228316460315],[-83.86252633801686,46.76220616460007],[-83.86238903795801,46.76208356458916],[-83.86236793793366,46.761940364568304],[-83.86278963793748,46.76087546437992],[-83.86283173793787,46.76076896436105],[-83.86292233793868,46.760540264320596],[-83.8630278379582,46.7604250642967],[-83.86310833797315,46.76033766427859],[-83.8635519380813,46.76006546421097],[-83.86458043836429,46.7596976640947],[-83.8652843385514,46.759392264006834],[-83.86534913857079,46.75938156400142],[-83.8654630385979,46.7593065639833],[-83.86558563861787,46.75915066395214],[-83.86569003861993,46.75889606390685],[-83.86544813854515,46.75891556392391],[-83.86472523832168,46.75897396397481],[-83.86416323814521,46.75899716401096],[-83.86306743780803,46.759098964090214],[-83.8621693375317,46.75918206415505],[-83.86098003715695,46.75922086423],[-83.86048413700357,46.75926026426482],[-83.85853233640994,46.75949806441456],[-83.85808723626818,46.75950016444071],[-83.85761363611186,46.759458064461654],[-83.85722673597193,46.75932366446339],[-83.85660513573514,46.75901076445124],[-83.85659173573005,46.75900406445098],[-83.85613693555682,46.75877496444204],[-83.85570883539947,46.75860576444082],[-83.85568033538917,46.75859626444099],[-83.85533543526518,46.758482464443446],[-83.85466943502564,46.758262564448195],[-83.85424083486707,46.75808456444561],[-83.85393693475248,46.7579409644411],[-83.85387833473034,46.75791336444022],[-83.85371773466703,46.75781466443438],[-83.85351273458613,46.757688464426806],[-83.85308413442637,46.7575011644228],[-83.85265673427145,46.75734996442428],[-83.85194523400348,46.75701656441416],[-83.85181253395523,46.75696836441445],[-83.85159803387718,46.75689046441488],[-83.85121653375053,46.75685036443078],[-83.85111093371549,46.75683926443519],[-83.85102653368992,46.7568503644418],[-83.85087353364355,46.75687036445374],[-83.85017443343169,46.75696166450833],[-83.84962653326184,46.75700236454636],[-83.84819963280756,46.7570111646304],[-83.84773993265784,46.756986664653255],[-83.84683043235384,46.756874164688625],[-83.84651993224533,46.756797464694834],[-83.84629993216846,46.75674326469922],[-83.84588713202032,46.75660956470254],[-83.84539203183849,46.756414864701235],[-83.84533053181545,46.75638726470052],[-83.8444262314769,46.75597986469021],[-83.8438464312572,46.75569736468024],[-83.84331183105468,46.75543696467111],[-83.84328673104517,46.75542476467065],[-83.8388893293792,46.75328266459544],[-83.8367950285903,46.75229956456523],[-83.83628332839325,46.75202426455245],[-83.83490072787347,46.75138356453384],[-83.8346930277941,46.75127656452936],[-83.83413362758024,46.750988564517385],[-83.83298042715003,46.75048106450599],[-83.83204272680018,46.75006836449668],[-83.83136312655559,46.749842264501154],[-83.83060262629358,46.74968486452098],[-83.83019832615433,46.749601164531484],[-83.82942102589536,46.74951226456281],[-83.82842472557381,46.74948296461599],[-83.82743162526212,46.74952546468006],[-83.82678112506422,46.74960456472991],[-83.82564152473043,46.74984896483353],[-83.82484122450171,46.75006656491339],[-83.82210852373049,46.750889965198496],[-83.8075954196106,46.75507216668312],[-83.80650591928709,46.75526986677665],[-83.80623241920391,46.75530356679767],[-83.80592121910551,46.75531116681687],[-83.80578781906328,46.7553144668251],[-83.80494331877865,46.75519126685497],[-83.80481441873366,46.755159766857595],[-83.80443971860285,46.7550685668652],[-83.80364861833837,46.754970966895904],[-83.80329861823434,46.75503356692585],[-83.80248601800491,46.755278467010605],[-83.80133511770269,46.75581066715924],[-83.80085961757219,46.7559842672135],[-83.79972601725451,46.75634516733473],[-83.79876491699689,46.7567465674522],[-83.79840171688976,46.756818467484266],[-83.79768471666853,46.756881067535424],[-83.79707721649294,46.75703086759365],[-83.79608341621062,46.75731616769514],[-83.7950978159188,46.757502267780865],[-83.79463911577149,46.75749546780636],[-83.79420201562003,46.75739826781663],[-83.7937489154569,46.7572473678196],[-83.79327201529176,46.757141967830954],[-83.79279801513414,46.75709046785046],[-83.7924212150205,46.75714496788064],[-83.79201981490345,46.75723556791784],[-83.79139701474945,46.757601768010275],[-83.79035891450273,46.75829296817687],[-83.79019791447068,46.75845096821052],[-83.78989761441079,46.758745168273244],[-83.78963201437863,46.75917466835478],[-83.78944721434775,46.75940426840087],[-83.7892825143108,46.75953166843001],[-83.78765911394645,46.76078876871771],[-83.78729091385642,46.761013768773694],[-83.7869453137648,46.76116616881717],[-83.78650771364293,46.76131186886488],[-83.78600171349278,46.76140516890855],[-83.78494401316264,46.761466968979285],[-83.78387711283837,46.76160076906162],[-83.78338071268361,46.76163096909495],[-83.78290001253815,46.76169666913289],[-83.78278061249706,46.76167266913612],[-83.78179591220763,46.7618765692245],[-83.78147751212789,46.76205536927045],[-83.78114711204651,46.762252269319944],[-83.7809609120083,46.76242596935749],[-83.78085971198757,46.76252026937787],[-83.78060081194319,46.76283286944099],[-83.78042821192078,46.76310006949215],[-83.78038251191485,46.763170869505714],[-83.77984551186735,46.764182869692746],[-83.77969701184135,46.76435746972821],[-83.77944611178731,46.76457056977556],[-83.77912741170637,46.764740369820196],[-83.77872851159562,46.764876069864165],[-83.77839191149793,46.76495616989597],[-83.77736641119228,46.765134069982686],[-83.77688241103915,46.76514587001254],[-83.77638311087568,46.765112970036334],[-83.77546601058228,46.76510827008861],[-83.77461971032209,46.76519067015032],[-83.77411071016564,46.76524017018738],[-83.77392121011013,46.765281170204666],[-83.77373531005571,46.76532127022158],[-83.77345510998579,46.765481070262396],[-83.77328310995784,46.76570107030627],[-83.77319300999547,46.766243370394996],[-83.77300030997418,46.76657207045682],[-83.77272570991815,46.76683067051254],[-83.7718669097203,46.76745447065836],[-83.77160400966152,46.76765987070518],[-83.77079670948099,46.768290370849044],[-83.77058120943612,46.76848607089166],[-83.77047110941325,46.768586270913495],[-83.77023870937829,46.76890687097634],[-83.76960380930103,46.769931571170915],[-83.76953930929318,46.77003577119071],[-83.76951620929037,46.77007277119776],[-83.7694760092855,46.77013777121012],[-83.76944050928117,46.770195171221005],[-83.7682814091151,46.77186127154474],[-83.76822220910893,46.77196517156417],[-83.76808910909507,46.772198871607905],[-83.76799080910946,46.77257257167118],[-83.76797960911114,46.772615471678414],[-83.76799030912885,46.77273207169577],[-83.76800880915896,46.77292987172517],[-83.76822320931068,46.77360937181749],[-83.76827960935051,46.77378747184164],[-83.76832160938031,46.773921171859804],[-83.76829750940907,46.77421877190706],[-83.76826210940457,46.77427387191759],[-83.76792140936064,46.774803872018985],[-83.76729650925303,46.7755542721707],[-83.76715630922888,46.775722372204704],[-83.76455820873322,46.77844927277511],[-83.76408750864707,46.778973472883074],[-83.76341610851955,46.779682673031154],[-83.76300360843535,46.78007067311478],[-83.76288020841208,46.78020247314223],[-83.76184840821755,46.78130447337167],[-83.76132280810859,46.781785173476145],[-83.76107150805447,46.7819982735235],[-83.76081840799424,46.78216647356402],[-83.76013700782556,46.782566273665026],[-83.75969910771718,46.78282337372997],[-83.75871380745943,46.78328807385853],[-83.75836660736388,46.783413573897924],[-83.75791450723511,46.78354147394376],[-83.7573826070778,46.78364417399036],[-83.75636570676483,46.78374077406406],[-83.75499300633369,46.783800874152675],[-83.75447140617301,46.78384937419029],[-83.75387400599497,46.78395377424091],[-83.7533462058489,46.78413757429977],[-83.75264350566727,46.784487474394304],[-83.75211360554695,46.784887074486534],[-83.75197830552509,46.78506137452118],[-83.75172640549137,46.7854426745945],[-83.75101770539644,46.7865154748007],[-83.75074350534275,46.78679207485916],[-83.7495290050587,46.78764017506006],[-83.74904930494985,46.78800267514364],[-83.74879860489699,46.788224775192305],[-83.7485262048483,46.78853727525621],[-83.7483339048282,46.78887487531935],[-83.74820810483253,46.789237875382526],[-83.74818850487374,46.78962537544333],[-83.7482470049386,46.79000197549793],[-83.74841070503783,46.79038497554746],[-83.74881680526124,46.791149075641684],[-83.74894090534801,46.791533275693666],[-83.74898630540874,46.79191007574911],[-83.74895370544589,46.792298075810734],[-83.74883050545651,46.79270597588064],[-83.74827020544242,46.79405127612026],[-83.7477275054461,46.79549527637401],[-83.74733100543753,46.79645877654531],[-83.74718510544983,46.79693927662773],[-83.74714580547769,46.79726857668074],[-83.74713000548866,46.79739957670185],[-83.74722710562756,46.79827917683162],[-83.74717940565444,46.79862247688727],[-83.74705670566746,46.79904847695993],[-83.74681500563949,46.79945007703581],[-83.74669150561806,46.79959697706556],[-83.74598440548617,46.80036377722447],[-83.7456730054281,46.80070147729454],[-83.74536750538324,46.80113177737839],[-83.74457120529455,46.80248307763252],[-83.74451320529326,46.802623877657545],[-83.74438450529057,46.802937277713276],[-83.74427690531283,46.80339887779057],[-83.74427550531388,46.803410877792466],[-83.7441163054289,46.80476367800996],[-83.74403900548481,46.80542057811559],[-83.74392790549712,46.805810478181975],[-83.74377540549189,46.8061647782454],[-83.74352090545986,46.80656687832199],[-83.7434338054423,46.80665037833988],[-83.74314570538418,46.806926878399096],[-83.74285700532258,46.8071767784543],[-83.74228890519349,46.807604378553],[-83.74190100511372,46.80796467863087],[-83.74169180507953,46.80823067868393],[-83.7415468050634,46.8084772787303],[-83.7412318050564,46.809240678866026],[-83.7405717051022,46.811332979226286],[-83.74018220512937,46.812568779439],[-83.74013730513394,46.81272277946528],[-83.73978940513202,46.81361307962249],[-83.73965860512261,46.81387727967071],[-83.73952830510409,46.8140658797073],[-83.73951890510276,46.81407907970983],[-83.73948760509828,46.81412437971861],[-83.73914870502632,46.8144204797838],[-83.73873150493064,46.81472737985518],[-83.73838630484124,46.81489767990133],[-83.7377797046701,46.815083179965015],[-83.73741670456401,46.815163879998394],[-83.73684290438783,46.81522248004066],[-83.73624160419962,46.815255080080426],[-83.73529710389957,46.81526988013732],[-83.73514120385006,46.81527238014671],[-83.7345931036809,46.81532138018596],[-83.73208660294048,46.81581598040707],[-83.73173750283735,46.81588468043782],[-83.73148830275915,46.81589688045413],[-83.73059980248033,46.815938780511935],[-83.73001300230001,46.81599778055498],[-83.72656480125815,46.816489080829975],[-83.72599120108484,46.81657078087572],[-83.7257825010209,46.816593680891344],[-83.72542800090642,46.81658418091036],[-83.72471720067247,46.81652908094297],[-83.72451930060909,46.81652788095424],[-83.72441560057585,46.81652728096012],[-83.72373670036525,46.81657968100748],[-83.72304850016164,46.81671278106778],[-83.72279020008315,46.81674638108788],[-83.72271020005891,46.81675688109409],[-83.7221725998875,46.816760781125794],[-83.72119379955977,46.81663948116368],[-83.72107759952083,46.81662468116814],[-83.72061749937069,46.816599681190894],[-83.72011989921307,46.816611481221464],[-83.71988559914219,46.81664408124003],[-83.7197308990987,46.8166927812565],[-83.71910089892786,46.816941781331245],[-83.71909439892599,46.81694378133193],[-83.7187137988185,46.81705898137166],[-83.71803019861859,46.817210681434524],[-83.71780609855303,46.81726048145514],[-83.71680549825486,46.817437181540186],[-83.71586149796131,46.81750428160511],[-83.71585209795845,46.81750488160569],[-83.71540729781097,46.81746208162487],[-83.71523729775461,46.817445381632126],[-83.71499009767261,46.8174214816427],[-83.71495609766139,46.81741838164418],[-83.71457539753857,46.817409181664814],[-83.71421239743243,46.817489881698215],[-83.7139161973507,46.81759588173162],[-83.7128163970664,46.818144081879616],[-83.71205779686028,46.81844088196915],[-83.71146199668947,46.81860108202823],[-83.71139459667017,46.81861928203493],[-83.71095869654518,46.81873638207817],[-83.71091949653392,46.81874688208201],[-83.71052889641571,46.81880118211299],[-83.7102796963357,46.81879808212691],[-83.70968589613655,46.81872218214955],[-83.70961289611269,46.81871828215319],[-83.70850289575074,46.81866018220836],[-83.70808069560927,46.8186071822246],[-83.70777369549762,46.81849738222544],[-83.70735329532916,46.818219682207015],[-83.70655179503662,46.817923382207724],[-83.70620329490632,46.81776958220417],[-83.7057823947686,46.817743782224525],[-83.70529809461519,46.81775508225428],[-83.70477849446047,46.81784828229865],[-83.7037409941572,46.81807988239424],[-83.70332849404197,46.81821558243897],[-83.70286709392006,46.81842438249778],[-83.70246769381009,46.81856888254314],[-83.70203869368193,46.818642082579196],[-83.70091759331912,46.818606582638466],[-83.70058119321023,46.81859548265619],[-83.70028379311535,46.81859728267368],[-83.70006999304717,46.818598582686235],[-83.69958719289752,46.81863698272003],[-83.69917799277323,46.81869058275193],[-83.69883159266807,46.81873578277891],[-83.69863499260575,46.81874038279098],[-83.69801839240273,46.81869248281925],[-83.69766109228509,46.81866438283555],[-83.69756959225569,46.81866318284069],[-83.69670339197725,46.818650982888826],[-83.6961231918011,46.81872748293412],[-83.69603909177562,46.81873858294067],[-83.69533229158473,46.81902528302566],[-83.69508229151391,46.81909958305154],[-83.69497069148233,46.81913278306312],[-83.69456629135748,46.819169283092116],[-83.69364549105583,46.81910998313615],[-83.69277249076072,46.81897968316655],[-83.69276049075664,46.81897788316698],[-83.69230139060897,46.818970783192384],[-83.69192419049608,46.81903358322381],[-83.69130649032688,46.81926408329503],[-83.69096099023727,46.819434183341166],[-83.69004009001091,46.81998988347992],[-83.68982818995885,46.820117983511864],[-83.68940638985057,46.82033468356962],[-83.68902118974731,46.82049678361683],[-83.68884148969542,46.820542683634265],[-83.68863278963524,46.820595883654526],[-83.68850688959694,46.82061188366422],[-83.6883724895561,46.820629083674646],[-83.68690198908126,46.82059158375384],[-83.68529438857956,46.82069228386218],[-83.68524358856246,46.82068518386401],[-83.6848069884152,46.82062288387966],[-83.68433378826306,46.820615783905886],[-83.68395518814643,46.82065178393327],[-83.68272398778828,46.82094178404903],[-83.68226858765054,46.821006284085286],[-83.6817989875046,46.82104058411773],[-83.68100128725668,46.82109908417276],[-83.6804152870787,46.82117588421842],[-83.67926208674409,46.82145478432796],[-83.6788071866088,46.82153738436695],[-83.67831108645487,46.82157608440155],[-83.67778718628887,46.8215882844337],[-83.67722328610792,46.82158348446553],[-83.67668458593168,46.82155108449165],[-83.67560988559,46.821567284556195],[-83.67510168543555,46.82163328459572],[-83.67506678542524,46.821640184598806],[-83.67464748530155,46.82172478463602],[-83.67419578517494,46.82187028468454],[-83.67370628503966,46.82204378473949],[-83.67327388492404,46.82222898479299],[-83.67312838488519,46.822291384810995],[-83.67284918481873,46.82247778485584],[-83.67249638474112,46.82276498492044],[-83.67221028468794,46.82307788498512],[-83.6720021846573,46.823370585042184],[-83.67189748465721,46.82364298509019],[-83.67189018466243,46.823704785100105],[-83.67185258468938,46.824022885151265],[-83.67184128469745,46.82411818516658],[-83.67181438471687,46.82434688520333],[-83.67179228478487,46.82495928529892],[-83.671809084831,46.82529198534917],[-83.67192018494676,46.82594638544347],[-83.67194308501135,46.82641378551409],[-83.67179888506276,46.82720908564491],[-83.67178918506302,46.82723678564971],[-83.67166118506653,46.82759938571292],[-83.67159598506115,46.82772568573612],[-83.67147408505123,46.827962285779584],[-83.67107488501864,46.828737985922075],[-83.67065988496208,46.82935958604171],[-83.67049538495695,46.829746786110796],[-83.67036628495292,46.83005048616501],[-83.66994768488638,46.83060018627382],[-83.66949188478743,46.83098218635895],[-83.66940638476893,46.83105388637491],[-83.66906298471855,46.83153888646942],[-83.66883438469571,46.83194918654578],[-83.66872878470272,46.83228168660299],[-83.66866438470696,46.832484086637905],[-83.66861378472842,46.832791286688135],[-83.66859588477574,46.83322368675568],[-83.66856868478999,46.833411186786165],[-83.66846878484243,46.834099586897885],[-83.66834798486154,46.83457038697729],[-83.6679721848826,46.83572208717629],[-83.66794258489749,46.835920687208535],[-83.66798048493821,46.836154087242285],[-83.66813808505437,46.83669038731568],[-83.66816468509592,46.8369596873556],[-83.6680240851253,46.837565887457004],[-83.66792398511802,46.83776768749387],[-83.66789298511576,46.83782988750522],[-83.66785038510912,46.83788718751649],[-83.66764718507757,46.83815958757017],[-83.66603498475963,46.83977218791145],[-83.66578938472266,46.84011088797774],[-83.6656373847197,46.840483388043864],[-83.66554708475951,46.84104348813524],[-83.6655596847944,46.841295088173254],[-83.66571688494145,46.84208358828552],[-83.66578838507671,46.842999788422354],[-83.66584698514275,46.843385388478346],[-83.66611828535021,46.84436888861395],[-83.66615778539588,46.844638088653134],[-83.66612708541102,46.844841688686195],[-83.66611848541544,46.84489998869571],[-83.66594558538712,46.845120088739534],[-83.66572378533517,46.845275088776205],[-83.66570638533113,46.84528748877912],[-83.66567938532481,46.8453062887836],[-83.66567228532298,46.84530998878455],[-83.66492948513259,46.84569488888666],[-83.66486108511509,46.84573048889614],[-83.66342558473944,46.84641168908383],[-83.66335128471911,46.846439589092434],[-83.66288458459111,46.84661328914613],[-83.66238548446267,46.846867889214074],[-83.66148348424625,46.84745578935665],[-83.6613202842122,46.84760358938881],[-83.66106678415282,46.84778048943069],[-83.6606903840754,46.848131289506384],[-83.66039878402579,46.848486989577964],[-83.6600686839696,46.84888958965894],[-83.65974998391526,46.84927808973716],[-83.65951978388867,46.84966138980945],[-83.65934688389129,46.850133389892044],[-83.65922688394708,46.850901290017084],[-83.6591284839645,46.85129939008401],[-83.65851838394777,46.852753690343015],[-83.65829568393177,46.85320379042508],[-83.65824408392815,46.85330889044427],[-83.65801228389776,46.85366549051248],[-83.6579138838831,46.853802590539274],[-83.65763918382913,46.854078890597634],[-83.65731058375474,46.85432959065518],[-83.65724088373774,46.85437279066584],[-83.65697958367414,46.854535590705964],[-83.65660048358922,46.85483219077351],[-83.65565478341414,46.855870890987894],[-83.6552892833347,46.856176391056024],[-83.65486968323368,46.8564470911219],[-83.65434398309566,46.856693191190125],[-83.65384738297355,46.856992991264924],[-83.65226888255691,46.85771349146693],[-83.65174118241279,46.85791469152834],[-83.6514244823242,46.85801889156268],[-83.6506822821167,46.85826319164308],[-83.65004538194641,46.85853589172186],[-83.6496158818316,46.85872019177502],[-83.6485074815264,46.85912339190106],[-83.64800598139168,46.85933319196227],[-83.64749598126527,46.85963299203783],[-83.64715568119047,46.859910792100194],[-83.64660328109261,46.860553692231],[-83.64639838105636,46.86079229227951],[-83.64606778097686,46.86100689233161],[-83.64531208077538,46.861335292425764],[-83.64492768067285,46.861502392473675],[-83.64444928054525,46.861710292533296],[-83.64413628046508,46.86187259257634],[-83.64410378045669,46.86188929258079],[-83.64287968015348,46.86261049276239],[-83.64250698005404,46.86277209280879],[-83.64210597994014,46.86288939284999],[-83.64120447969397,46.863234192955055],[-83.64028597946557,46.8637682930903],[-83.6395273792945,46.86435289322399],[-83.63913277919806,46.86459589328417],[-83.63909397918775,46.86461279328898],[-83.63822067895515,46.864994993398184],[-83.63789757887291,46.86516739344337],[-83.63730147872123,46.86548579352678],[-83.63728697871755,46.86549349352876],[-83.63678517858152,46.86569399358859],[-83.63586427834578,46.86617439371567],[-83.63569617829904,46.86623199373422],[-83.63510117813021,46.866407793795645],[-83.63389167776972,46.866624693898835],[-83.63318557758328,46.86694689398913],[-83.6329409775257,46.86711599402925],[-83.63274137747882,46.86725429406206],[-83.63269207747089,46.867318094074726],[-83.63218437734838,46.867644094154166],[-83.63147867716553,46.86799419424878],[-83.62977777673305,46.86890619448722],[-83.62903157654772,46.869342394597425],[-83.62874337647612,46.86951069463992],[-83.62859127643836,46.869599394662345],[-83.62793517626689,46.869913494748545],[-83.62760397618034,46.870072094792036],[-83.6266755759245,46.87040839489736],[-83.62658597590082,46.87044939490885],[-83.62599347574441,46.87072009498467],[-83.62594887573262,46.87074059499041],[-83.6255972756398,46.87090119503543],[-83.62451157534852,46.87135919516851],[-83.62440147531895,46.87140559518205],[-83.62437567531242,46.87141979518567],[-83.6241431752538,46.87154829521887],[-83.62404367522865,46.871602795233024],[-83.62303007499544,46.87234619540586],[-83.62272287492868,46.872603595463175],[-83.62267707491873,46.872641995471724],[-83.6222558748138,46.87288569553351],[-83.62199027475387,46.87308979558025],[-83.62160837466142,46.87333249563963],[-83.62133607458276,46.873401895666],[-83.62053767436586,46.87371699576056],[-83.62046187434386,46.87373529576771],[-83.62033027430556,46.873766795780185],[-83.61998507421815,46.87395469582895],[-83.61968057414691,46.87416859587945],[-83.61911457402223,46.87462889598295],[-83.61909987401901,46.87464109598562],[-83.61870337391754,46.874848196040375],[-83.61867497390995,46.874860596043916],[-83.61825367379797,46.87504729609699],[-83.6178157736789,46.87521929614868],[-83.61736317355076,46.87535559619577],[-83.61688097340547,46.875429696235024],[-83.6157841730685,46.875544696315984],[-83.61462777270992,46.87563959639736],[-83.61411097254968,46.875682096433685],[-83.61110107160776,46.875858696634566],[-83.61064257146339,46.87587819666404],[-83.61019547131704,46.87585229668584],[-83.60969177114399,46.87575589670014],[-83.60933157101415,46.87563809670281],[-83.60892887086207,46.87544929669696],[-83.60816767058516,46.8751786966993],[-83.60783467046627,46.87507829670306],[-83.60752997036187,46.8750224967121],[-83.60704607021046,46.875051296744424],[-83.60674917012578,46.87513589677455],[-83.60615276995566,46.87530559683508],[-83.60572246982466,46.87536039686833],[-83.60491966956212,46.875315796907756],[-83.60485456953985,46.875303796909705],[-83.603780869172,46.875107596941454],[-83.60313766896564,46.87510419697804],[-83.60262326879467,46.87505289699984],[-83.60001896789738,46.87453579707058],[-83.59965506777203,46.87446349708045],[-83.59934996767187,46.87444319709492],[-83.59885196750827,46.87440969711853],[-83.59805806723757,46.87427479714355],[-83.59667416677844,46.874144197203314],[-83.5959470665333,46.874043697229745],[-83.5951837662833,46.87399799726677],[-83.59438156598894,46.87369219726601],[-83.59412676589345,46.873578897263286],[-83.59404306586207,46.87354149726235],[-83.59393916582314,46.873495397261244],[-83.59364196570675,46.873321997251715],[-83.59332836554317,46.87280719719059],[-83.59293346531304,46.871961197083266],[-83.59271326521664,46.87175019706348],[-83.59241866510767,46.87163079706212],[-83.5920105649737,46.87160409708152],[-83.59134446476786,46.87166449712922],[-83.59095056464167,46.8716640971519],[-83.5905782645103,46.87156449715805],[-83.59024276438392,46.87141009715366],[-83.58993106425851,46.871201197139484],[-83.58879356377163,46.87020099705119],[-83.5885573636625,46.86992739702276],[-83.58823336350116,46.869457796969144],[-83.58798746339885,46.86926529695374],[-83.58762676326671,46.86912949695363],[-83.58716496311236,46.869076896972174],[-83.58564846263103,46.86911109706489],[-83.58549996258388,46.86911469707395],[-83.58497796242371,46.86917129711282],[-83.58359726200753,46.86938249722489],[-83.58327476190516,46.86938999724461],[-83.5832563618993,46.86939019724574],[-83.58287226176742,46.869317897256785],[-83.58211696147757,46.868925997240005],[-83.58202446144207,46.86887809723794],[-83.58173226133408,46.86876029723666],[-83.58162326129379,46.868716197236196],[-83.5805299608993,46.868353797243444],[-83.58013116076005,46.86825959725196],[-83.5800783607416,46.86824699725307],[-83.57958996057776,46.86818619727185],[-83.57923726046504,46.8681878972924],[-83.57906516041005,46.86818879730251],[-83.57769305998306,46.868289797397104],[-83.57717035982044,46.86832839743322],[-83.57694715975096,46.86834459744858],[-83.5763483595719,46.868448297498986],[-83.57597195946232,46.86853759753446],[-83.57596295945976,46.86853999753538],[-83.57585535942859,46.868567197545744],[-83.57564935937313,46.86865279757075],[-83.57557675936552,46.868780397594634],[-83.57564555942929,46.86912099764303],[-83.57582865955358,46.869656697714895],[-83.57604505967305,46.8700659977654],[-83.57630065980379,46.870464997812086],[-83.57666405997759,46.870933797863295],[-83.5767938600486,46.87117389789274],[-83.57687166010528,46.871433097928154],[-83.57696586020803,46.87202499801374],[-83.57698156025384,46.872357698064036],[-83.57689676031184,46.87305259817588],[-83.57638366027805,46.874117098369226],[-83.57614946024229,46.87443729843196],[-83.5751384600184,46.875251998615624],[-83.57468315990806,46.875541198686335],[-83.57456555987952,46.87561579870462],[-83.5733084595206,46.87597169883182],[-83.57311535946548,46.87602639885141],[-83.57272865936032,46.8761790988972],[-83.57231835925325,46.876377398951306],[-83.57147595902336,46.876702899049974],[-83.57140335900358,46.87673089905844],[-83.57092625887006,46.87688809911011],[-83.57013125864758,46.87714999919624],[-83.56987865857687,46.877233099223574],[-83.56965045852422,46.87740029926246],[-83.56953975850826,46.877559099293286],[-83.56949075850115,46.877628999306836],[-83.5694507585204,46.87789069934941],[-83.56946935857421,46.878280799408365],[-83.56947645859479,46.87843009943094],[-83.5694246586137,46.878719499478436],[-83.56931995861463,46.879000599527714],[-83.56917335859569,46.879229099571305],[-83.56893545854881,46.87946819962178],[-83.56792095831499,46.880211199794566],[-83.56749985821163,46.88046859985844],[-83.56668395801157,46.88096769998226],[-83.56556635774935,46.88174880016682],[-83.56528335767888,46.8819131002084],[-83.56519575765704,46.88196400022131],[-83.56477225754578,46.882162500276266],[-83.56434045742438,46.88230040032234],[-83.56389295729858,46.882443400370164],[-83.56346505717478,46.88255190041148],[-83.56298185702579,46.88259860044654],[-83.56247105686576,46.88262800048046],[-83.5618071566453,46.882564400508976],[-83.56148215653741,46.88253320052289],[-83.56118555643096,46.882439800525646],[-83.56105575638432,46.88239870052677],[-83.56063255624,46.88232720054016],[-83.56021285610676,46.882336600565814],[-83.55935555585548,46.88252680064451],[-83.55901945576086,46.8826333006802],[-83.5586861556749,46.8828027007255],[-83.55860155566434,46.8829379007512],[-83.55850315565208,46.88309500078101],[-83.55832355560564,46.883185300805266],[-83.55825955558905,46.88321720081386],[-83.55777255552205,46.88394330095363],[-83.55774485551827,46.883984700961584],[-83.55772615551467,46.88400410096563],[-83.5575324554773,46.884205501007756],[-83.55736735543921,46.88432620103586],[-83.55739695545198,46.88435290103824],[-83.55743585546868,46.88438760104136],[-83.55748025549606,46.88449460105528],[-83.55742995551981,46.884819701108164],[-83.55739655552354,46.88493750112822],[-83.5571621554877,46.88525770119096],[-83.55684325540956,46.885453701239484],[-83.55667625536539,46.88552960126081],[-83.55644355529918,46.885597701284716],[-83.55624065525353,46.885755301320614],[-83.5561565552467,46.885919101350666],[-83.55605295521706,46.885948401361134],[-83.55597385519084,46.885941201364616],[-83.55579795515486,46.88610710140028],[-83.5556563551165,46.88616430141719],[-83.55518455500085,46.88645380148893],[-83.55500845496479,46.8866197015246],[-83.55482965492014,46.886722701550724],[-83.55442465482908,46.88703810162261],[-83.55429595479477,46.887094601638694],[-83.55395305471461,46.887336301695626],[-83.55363755464641,46.887604501755064],[-83.55349705461062,46.8876794017747],[-83.55310485452355,46.88799420184573],[-83.55286255446423,46.888143601882675],[-83.55213935429745,46.88867270200573],[-83.55196055425279,46.8887757020319],[-83.5519110542448,46.88883980204458],[-83.55173195420008,46.888942702070736],[-83.55149275414948,46.88915510211721],[-83.55138385413801,46.88934650215291],[-83.55125385410008,46.889376402165034],[-83.55096285403525,46.88960790221739],[-83.55083815401218,46.889745802245756],[-83.55074675398428,46.88975670225269],[-83.55058565395737,46.88995830229301],[-83.55032825388774,46.89006310232396],[-83.55009895383257,46.8902121023601],[-83.54955545371291,46.8906562024597],[-83.54909615360013,46.89093640252929],[-83.54836065343162,46.89148380265588],[-83.54735595319302,46.89216310281826],[-83.54679755306422,46.89257150291321],[-83.54666975303245,46.89264640293212],[-83.54454265245165,46.893467603180945],[-83.54397655230056,46.893714103251476],[-83.54343985216651,46.89402310332994],[-83.54317795211863,46.89431690339025],[-83.54301385208305,46.894455603421],[-83.54254155206876,46.89557300362004],[-83.54234195203179,46.89579350366547],[-83.54209595196143,46.895861803690146],[-83.54193875191255,46.89587440370116],[-83.54179735187428,46.895931503718074],[-83.54138175171911,46.89575200371441],[-83.54074635149853,46.895613503729734],[-83.54065465147374,46.89565090374077],[-83.53928605129938,46.89780520415096],[-83.53823925110926,46.898989604393435],[-83.53735735092283,46.899773904564796],[-83.53595465061629,46.90093890482479],[-83.53525055047206,46.90160260496743],[-83.5344378502834,46.90218750510418],[-83.53388065015824,46.9026228052032],[-83.5334431500755,46.90309140530051],[-83.53282384997365,46.90387900545726],[-83.53254684991548,46.904128205511576],[-83.53220244983142,46.90434280556441],[-83.53180424972696,46.90453160561638],[-83.53039764934074,46.9050577057783],[-83.53034434932556,46.905073005783706],[-83.53000514922887,46.905170805818265],[-83.5276939485699,46.90583690605389],[-83.52718454842466,46.9059837061058],[-83.52705384838872,46.906032206120756],[-83.52674594830407,46.906146406156054],[-83.52629514818287,46.906336306211244],[-83.5253975479517,46.906797006333804],[-83.52500064785097,46.90701290638986],[-83.52428584767573,46.9074516064985],[-83.52388894757391,46.90765840655317],[-83.52302004733048,46.90794420664715],[-83.52300924732747,46.9079477066483],[-83.52221774710004,46.90816210672685],[-83.52163464693261,46.90832040678479],[-83.52124654682358,46.90844560682641],[-83.52050264663136,46.908822006927124],[-83.51947724637762,46.9094328070801],[-83.51926344632467,46.909560207112015],[-83.51832674608114,46.91002190723698],[-83.51826214606385,46.91005000724497],[-83.51740004583404,46.91042920735293],[-83.51644474557129,46.91078320746239],[-83.51621144550273,46.91083390748366],[-83.51593784542231,46.910893307508545],[-83.51540154525624,46.910941007546754],[-83.51311844452954,46.91098230768462],[-83.51262044437236,46.91100230771633],[-83.51205064419588,46.911052407756856],[-83.51166584407669,46.911086207784265],[-83.51020614364369,46.91137070791202],[-83.51015594362882,46.91138040791642],[-83.50986374354079,46.911426207940295],[-83.50933354338106,46.91150960798365],[-83.50881364322441,46.91159140802615],[-83.50816134302796,46.91169410807953],[-83.50762784286941,46.91179590812588],[-83.50657664256615,46.912070708228654],[-83.50384494179387,46.912913508515565],[-83.50318584161084,46.91314390858892],[-83.50271914147685,46.913271208635386],[-83.50254804142133,46.9132658086444],[-83.5023356413472,46.91321650864905],[-83.50208134125315,46.91311410864794],[-83.5020056412218,46.91305670864348],[-83.50184994115749,46.91293910863434],[-83.50170744108242,46.91269930860569],[-83.50165504103154,46.91242140856598],[-83.50165344092288,46.91153960843047],[-83.50161424087624,46.911261508389956],[-83.50137674072796,46.91067280831313],[-83.50097034053033,46.91012360825206],[-83.50073624042612,46.909885808228985],[-83.50045264031499,46.90972080821995],[-83.5000624401805,46.90964360823052],[-83.50000194015968,46.90963210823221],[-83.4996983400576,46.90959340824377],[-83.49942253996029,46.909520608248414],[-83.49935223993546,46.909502008249625],[-83.49902993981317,46.90934710824438],[-83.4987723397092,46.90917260823237],[-83.49847303959464,46.90902060822618],[-83.49844983958573,46.90900900822576],[-83.49803743944031,46.90890070823288],[-83.49757463928323,46.908829808248576],[-83.49712343912657,46.90873160825944],[-83.49674903898774,46.908578008257386],[-83.49556203852543,46.90791080822309],[-83.49525543841474,46.907809408225134],[-83.49491293830258,46.90778990824183],[-83.49486883828921,46.90779630824538],[-83.49454773819197,46.90784290827105],[-83.49378733795137,46.907868508318714],[-83.49337983781962,46.907859308340775],[-83.49249623752658,46.907779608379364],[-83.49185383730877,46.90768260840144],[-83.49181463729548,46.90767670840277],[-83.49161043722624,46.90764580840975],[-83.4912650371054,46.907563408416955],[-83.49098413700183,46.90745250841608],[-83.49070023688957,46.90727910840577],[-83.48990693655126,46.90659400834603],[-83.48972433646128,46.90633700831698],[-83.4895276363293,46.90577440824179],[-83.48926623617893,46.90523110817327],[-83.48911003609844,46.904982608144024],[-83.48886513599736,46.904798808129854],[-83.48830003578028,46.904505108117206],[-83.48801543566552,46.904313308104044],[-83.48776863555844,46.90408470808312],[-83.48774753554633,46.904041308077616],[-83.48765843549549,46.903859208054776],[-83.48763793548382,46.90381760804953],[-83.48750553533365,46.902938507921945],[-83.4869370350372,46.90200590781114],[-83.48674303494805,46.90178530778837],[-83.48650993484746,46.901574207769315],[-83.48588743459887,46.90117380774353],[-83.4852869343462,46.900682807702545],[-83.48464943408261,46.90019880766477],[-83.48430733394116,46.899939207644465],[-83.48412623385497,46.89970910761953],[-83.48407113382154,46.89958080760294],[-83.48402293379235,46.89946840758842],[-83.48398473374824,46.89920820755059],[-83.48388043368205,46.89894050751541],[-83.4835013334954,46.8984088074554],[-83.48338233342011,46.89810540741555],[-83.48342583337555,46.8976274073395],[-83.48339213334499,46.89746620731667],[-83.48291883312187,46.89688250725409],[-83.48270233303539,46.89674320724511],[-83.48212853282656,46.89653970724679],[-83.48199353277322,46.896457507241905],[-83.48185813271962,46.89637450723692],[-83.48167733263462,46.8961535072133],[-83.48162623258641,46.89589360717624],[-83.48172973253973,46.89524110706988],[-83.48174803253154,46.89512600705115],[-83.48172243249034,46.894856607011135],[-83.48161903242662,46.89460680697862],[-83.48118713220934,46.8939628069044],[-83.48093403208202,46.8935850068608],[-83.48085763204362,46.89347140684771],[-83.48074163197701,46.8932309068174],[-83.48064563188376,46.89272080674437],[-83.48063713187547,46.89267520673788],[-83.48053823182532,46.8925246067204],[-83.48031083174094,46.89243030671896],[-83.48012823168001,46.89241090672644],[-83.4795324314814,46.89234840675113],[-83.47932053141349,46.892348606763335],[-83.47908633133844,46.89234900677684],[-83.47870703122122,46.89238430680413],[-83.47862243119638,46.89240320681188],[-83.47799243101161,46.89254360686969],[-83.47779293095208,46.89257970688676],[-83.4772637307943,46.89267630693207],[-83.47700063070953,46.89267300694669],[-83.47688443066956,46.892650606949886],[-83.47674893062293,46.89262450695363],[-83.47647953051859,46.892477306946525],[-83.47589513027772,46.89204000691279],[-83.47577963021348,46.891817606885205],[-83.47595943019026,46.891156606773166],[-83.47588213013486,46.89090630673908],[-83.47567463004026,46.89067660671562],[-83.4753385299114,46.89050410670844],[-83.47453752961931,46.890215506710035],[-83.47408652946162,46.89010820671947],[-83.47364692930427,46.88997370672405],[-83.47246882886589,46.88947720671538],[-83.47159402856252,46.88928920673668],[-83.47112862839803,46.88916420674423],[-83.4707266282471,46.888983906739576],[-83.47038872811325,46.888775206726905],[-83.47020762804408,46.88868410672329],[-83.47007992799529,46.88861990672074],[-83.46986792791881,46.888550506722204],[-83.469333327726,46.88837500672596],[-83.46895822758475,46.88820310672108],[-83.46860622744421,46.887976706706425],[-83.46829162730901,46.88769550668121],[-83.46743562692241,46.88677800658922],[-83.4669628267018,46.88621340652945],[-83.46664402655303,46.88583230648914],[-83.4663679264289,46.88554110646014],[-83.4654539260437,46.88478700639656],[-83.46520472592928,46.88450450636742],[-83.46454352559915,46.883537506256545],[-83.46450962558286,46.8834933062517],[-83.4638442252634,46.88262470615616],[-83.46245282467373,46.88144970605521],[-83.46231562461061,46.881292906038986],[-83.4618574243998,46.88076950598471],[-83.46139782418221,46.88019460592258],[-83.46127622412241,46.88002440590335],[-83.4610052239892,46.879645005860496],[-83.46078612389425,46.879443005842],[-83.46056682380498,46.87928750583063],[-83.4605146237837,46.87925050582794],[-83.45985602353143,46.878913705813936],[-83.45950902340465,46.878786205814244],[-83.45913812327464,46.87869540582154],[-83.45875432314492,46.87864050583513],[-83.4583872230282,46.878648405857454],[-83.45800942291471,46.878710405888725],[-83.45734782272307,46.87887760595244],[-83.45666222253038,46.879099306025964],[-83.45549152221865,46.87961960617334],[-83.45469542201066,46.88000550627856],[-83.45422922187782,46.88014150632626],[-83.45343552164192,46.880293506395276],[-83.45310012154962,46.88041780643368],[-83.45239432136701,46.88077480652919],[-83.45208952129644,46.88099730658097],[-83.45183842124635,46.881245806633665],[-83.45166532121985,46.88148340668019],[-83.45159822122935,46.8817368067231],[-83.45159822126179,46.88200240676396],[-83.45159852133612,46.882609906857496],[-83.45163082136648,46.88277360688081],[-83.45194052165819,46.88434830710555],[-83.45203562176764,46.88499430719952],[-83.45203622179993,46.885257307239996],[-83.45203622180517,46.88530020724659],[-83.45203222180577,46.88531540724916],[-83.45170072185361,46.88657660746237],[-83.45163172192845,46.88736980758851],[-83.45151742193724,46.8877415076523],[-83.45143632201045,46.88855310778188],[-83.45108342197196,46.889163607896144],[-83.45073262197482,46.89010690806153],[-83.45067242204038,46.89080110817187],[-83.45045152211648,46.892002808369575],[-83.4502306220869,46.892340508434245],[-83.44995512203452,46.89263440849529],[-83.44966332196813,46.892856608546246],[-83.44931582187526,46.893008208589585],[-83.44887482174818,46.89312550863299],[-83.44839252160254,46.89319890867196],[-83.4478936214428,46.89320050870089],[-83.44741852128404,46.89314780872006],[-83.4469681211287,46.893058308732144],[-83.44624432085674,46.892732008723506],[-83.44606782079704,46.892706608729775],[-83.4458611207271,46.89267700873709],[-83.4456321206523,46.89266570874847],[-83.44496642043487,46.89263310878168],[-83.44446442026535,46.8925628087997],[-83.44398652009795,46.89244710880937],[-83.44353641993031,46.892256108805846],[-83.44279541965426,46.89194150879997],[-83.44234411949645,46.89183430880937],[-83.44185731933725,46.89180860883341],[-83.44143271920423,46.89183430886172],[-83.4413987191936,46.891836408864016],[-83.44096961906591,46.89191750890114],[-83.44054251894661,46.892061608947856],[-83.43974501873475,46.89242060904894],[-83.43916191860322,46.892873909152215],[-83.4381209183304,46.89337320928888],[-83.43780241825331,46.893577909338674],[-83.43725121814846,46.89416570946083],[-83.43628321795387,46.895113209662284],[-83.43596661788395,46.895371909720325],[-83.43474801757006,46.89600080988711],[-83.43429761744993,46.89619950994358],[-83.43392491734419,46.89631220998232],[-83.43381811731386,46.89634460999345],[-83.43227111685925,46.89668351013449],[-83.42998661619747,46.89726301035486],[-83.42960271608159,46.89732191038598],[-83.42937381601244,46.89735701040456],[-83.42882501584342,46.89741381044481],[-83.42757971544947,46.89745811052316],[-83.42692201523477,46.897427010556136],[-83.4257726148471,46.89727131059817],[-83.42533491469467,46.89717281060811],[-83.42389831418272,46.89675321062601],[-83.41879691231358,46.89484531062515],[-83.41773031192699,46.894480810630256],[-83.41719861173915,46.89433911063895],[-83.41665571155218,46.89423351065386],[-83.41550941117319,46.894140710705386],[-83.4135203105525,46.89428171084124],[-83.41264391028031,46.89435441090275],[-83.4117679100093,46.89443571096553],[-83.41141480991361,46.89457941100795],[-83.41127840987663,46.894635011024334],[-83.4111412098255,46.89457651102318],[-83.41099690977171,46.894514911022],[-83.41067820965928,46.89443161102743],[-83.41034940955252,46.89442071104462],[-83.40910740913208,46.89423971108802],[-83.40860190895258,46.89409751109517],[-83.40787000868372,46.89381831109416],[-83.40764030859938,46.89373071109386],[-83.40671660824898,46.89328731107858],[-83.40608700801016,46.8929853110682],[-83.40065070594815,46.89037691097838],[-83.40020430576875,46.890080110958266],[-83.39983540561073,46.88975491092933],[-83.39954100546433,46.88932921088066],[-83.39931230533993,46.888910910829374],[-83.39893450511977,46.88809991072611],[-83.39873530501355,46.88775311068414],[-83.39844300487448,46.887381410643634],[-83.39769210455428,46.886731010586516],[-83.39699000423974,46.88599881051399],[-83.39636820395519,46.885301010442156],[-83.3962248038755,46.885024910407836],[-83.39608580377417,46.88455971034413],[-83.39603040367639,46.88390401024632],[-83.39593910357708,46.88333001016315],[-83.3957898034802,46.88292811010974],[-83.39550090331467,46.88233121003436],[-83.39534770320554,46.8818394099674],[-83.39532770318056,46.88168700994507],[-83.39533670316662,46.88154890992327],[-83.3953511031441,46.88132640988816],[-83.39539440312711,46.88107310984664],[-83.3954344031113,46.880838709808216],[-83.3954009030809,46.880677409785285],[-83.3952549029927,46.88033840974143],[-83.39503160288547,46.8800461097092],[-83.39412450248275,46.879129309619984],[-83.39368850229897,46.87876930958948],[-83.39324210211856,46.87846370956803],[-83.39165060149153,46.87750700951181],[-83.390535101062,46.87691840948507],[-83.39003570086358,46.87660490946538],[-83.38916450049865,46.875903009407196],[-83.38876710032993,46.87556480937781],[-83.38866590028695,46.87547810937025],[-83.38793709997759,46.87485770931642],[-83.38640159934094,46.87367500922218],[-83.38605899919138,46.87334900919154],[-83.38591429910802,46.873046109153144],[-83.3858807990834,46.872932309137575],[-83.38584279905541,46.87280240911969],[-83.38579069901718,46.87262580909549],[-83.38579139899615,46.87245150906855],[-83.3857929989159,46.871788708966314],[-83.3857352988471,46.871375908905996],[-83.38544359860074,46.870122008729446],[-83.38515809841009,46.86930900862049],[-83.38490849827397,46.86884890856388],[-83.3848009982154,46.86865070853948],[-83.38450609806779,46.86821570848929],[-83.38424379794819,46.86792420845944],[-83.38387669779522,46.86763490843585],[-83.38344569762629,46.867382808421674],[-83.38291179743013,46.867178008420694],[-83.38238299724979,46.86709000843744],[-83.38153939696824,46.86699960847186],[-83.38089409675004,46.86690700849452],[-83.38021509652044,46.86680960851841],[-83.38006019646802,46.86678740852387],[-83.37954369628943,46.866681108537115],[-83.37884969603469,46.86641660853607],[-83.37817849577729,46.86607050852118],[-83.3778525956429,46.86582530850206],[-83.37764459554491,46.86556870847441],[-83.37752779547488,46.86530130843989],[-83.37764319539652,46.86435380828719],[-83.37761629534957,46.86403930824025],[-83.37748519527172,46.863745008202365],[-83.37720769514071,46.86339990816504],[-83.37692119501884,46.863153708143514],[-83.37654169486414,46.86288270812347],[-83.37528769436872,46.862116808077175],[-83.37498379425065,46.86194770806852],[-83.37382179379935,46.861301308035394],[-83.3731542935541,46.861045208034135],[-83.37264939337138,46.86087450803672],[-83.37206529316005,46.86067690803973],[-83.37144959293721,46.86046860804287],[-83.37098639277782,46.860379208055576],[-83.37052559262567,46.86034360807649],[-83.37017029251511,46.86037100810109],[-83.3698850924263,46.860393008120816],[-83.36956429233099,46.86045510814874],[-83.36936479227171,46.86049380816615],[-83.36713459162183,46.861030508376636],[-83.36637839140144,46.86121250844799],[-83.36519279104392,46.861399008544645],[-83.36478959091774,46.86142510857178],[-83.36457789085154,46.86143870858598],[-83.36399119067363,46.861522908632566],[-83.3639160906518,46.86154140863972],[-83.36372749059694,46.86158780865771],[-83.36347189052262,46.861650608682005],[-83.36342539051023,46.8616714086879],[-83.36303349040587,46.861846708737374],[-83.36271279032044,46.861990208777854],[-83.36186969011351,46.862511608906566],[-83.36122368997042,46.863037909024705],[-83.36061108982146,46.863428509120034],[-83.35978848960572,46.86382350922803],[-83.35923328945313,46.86403290929211],[-83.35880488932774,46.8641318093319],[-83.35786218903102,46.86417820939301],[-83.35634108854586,46.864200509483545],[-83.35505368812852,46.86416400955162],[-83.3546035879741,46.864081509564684],[-83.35452468794699,46.864066809566935],[-83.35446728792508,46.86403810956575],[-83.3534244875268,46.86351360954458],[-83.3533653875056,46.86349530954513],[-83.35285248732177,46.86333640954999],[-83.35252608721092,46.86328590956093],[-83.35239018716474,46.86326490956546],[-83.35182618698416,46.863267409598116],[-83.3507538866506,46.8633525096726],[-83.35028478650894,46.863425109710654],[-83.34976588635914,46.86356180976144],[-83.34922428621196,46.863780109826145],[-83.3484156860028,46.86419250993604],[-83.34768978583087,46.864693410054805],[-83.34712298571509,46.86523601017096],[-83.34693638568417,46.86547401021831],[-83.34681708567905,46.86574621026716],[-83.3466827856998,46.86627091035572],[-83.34635188565908,46.86680861045759],[-83.34623278565512,46.867090110507846],[-83.34602158561971,46.867355610560885],[-83.3457433855607,46.86760411061511],[-83.3450702854067,46.868112910732094],[-83.34485938537352,46.868396210787836],[-83.34476628537672,46.868668010835094],[-83.34467568542462,46.86930011093777],[-83.34451778540826,46.86958211099031],[-83.34429088536233,46.869802711037295],[-83.34393188527108,46.869999211088164],[-83.34345508514228,46.870197811146056],[-83.34255488490504,46.8706213112629],[-83.34214588480442,46.870872511325025],[-83.341828684733,46.87112211138171],[-83.34155318468146,46.871424711444135],[-83.34106998460648,46.8720825115732],[-83.34077788453982,46.87230451162418],[-83.34040478444078,46.87247421167171],[-83.34005458434024,46.87257131170672],[-83.33953018417333,46.87258231173841],[-83.3389750839878,46.8725210117607],[-83.33863348387362,46.87248341177449],[-83.33787028362302,46.87243611181085],[-83.33748918350362,46.8724595118363],[-83.33721588341798,46.87247631185451],[-83.33680078329789,46.87258381189486],[-83.33634878317368,46.87275501194713],[-83.33596468307665,46.872970112002285],[-83.3356864830176,46.87321851205648],[-83.3354887829886,46.87350151211145],[-83.3351713829533,46.874048012213855],[-83.33507178293586,46.87416711223795],[-83.33486868289087,46.87433311227522],[-83.3348406828834,46.874345412278686],[-83.3345852828149,46.87445611231035],[-83.33352768252156,46.8748336124291],[-83.33340928248872,46.87487591244237],[-83.33292948235021,46.875002712489405],[-83.33232458216908,46.875109012540385],[-83.3318872820381,46.875186012577316],[-83.33140218188365,46.87519581260658],[-83.33096468173015,46.875087712614956],[-83.33037268150004,46.87475791259795],[-83.33005328138522,46.87465631260058],[-83.3296976812676,46.87462751261648],[-83.32938658117844,46.874714912647754],[-83.32903828108401,46.874857112689625],[-83.3282474808574,46.875080012769246],[-83.32786918074241,46.87513281279902],[-83.32740828059019,46.87509711281991],[-83.32690038043833,46.875188512863055],[-83.32656608035053,46.87534811290683],[-83.32596658020677,46.875747613002666],[-83.32550418008688,46.87598181306526],[-83.3249060799107,46.87611091311938],[-83.32376597951267,46.875846113143794],[-83.32196377889207,46.875498213193275],[-83.32174127881545,46.87545521319936],[-83.32134407868053,46.87539381321262],[-83.32127877865831,46.87538361321477],[-83.3211127786058,46.875389613225224],[-83.32092497854634,46.87539621323693],[-83.32067607846751,46.875404913252545],[-83.31866147787638,46.875859613437875],[-83.31765227759226,46.87618611354599],[-83.31716277746266,46.87641201360879],[-83.31675427736324,46.87667231367235],[-83.31567547712042,46.8775220138651],[-83.3146144768662,46.8782309140351],[-83.31457797685748,46.878255214040884],[-83.31416497674455,46.878416714089475],[-83.31402827670209,46.87842811409898],[-83.31374667661464,46.87845221411884],[-83.31339627651397,46.87854901415381],[-83.31310107643753,46.87869921419385],[-83.3127251763671,46.879111614278955],[-83.31255917632429,46.87919801430177],[-83.31254527632073,46.87920541430371],[-83.31226797622695,46.879165914313475],[-83.31193867610378,46.87902191431014],[-83.31159907597672,46.87887341430664],[-83.31158577597172,46.87886731430643],[-83.31138107589116,46.87874531429935],[-83.31098957573474,46.87849211428267],[-83.31085067566862,46.878315214263345],[-83.31079167563125,46.87816341424336],[-83.31079677560992,46.87797441421389],[-83.3108163755975,46.87782081418911],[-83.31091357560658,46.87763881415546],[-83.31112367563621,46.87732861409561],[-83.3114053756701,46.87686391400784],[-83.3115622756818,46.87654581394978],[-83.31166427566936,46.87617471388675],[-83.31165207563045,46.87588701384305],[-83.31159927557533,46.87557321379768],[-83.31151497549487,46.87513381373473],[-83.31152007547458,46.87495381370666],[-83.3114548754177,46.874658113664815],[-83.31138767535471,46.87431741361613],[-83.3112431752704,46.87400531357623],[-83.31114437521924,46.873845313557204],[-83.31096507513699,46.87364201353609],[-83.31077567506024,46.873510813526686],[-83.31047827494034,46.87330981351269],[-83.3104267749319,46.87337601352584],[-83.30957487476076,46.874216613704206],[-83.30870027456757,46.87493631386528],[-83.29945537248022,46.8821688155093],[-83.29792037213912,46.88341471578919],[-83.29646527182669,46.88468581606841],[-83.29239447096455,46.88834021686462],[-83.29105207067377,46.88949201711894],[-83.29002127043628,46.89025961729625],[-83.28887207015886,46.891011517477885],[-83.28764156984896,46.891711117656065],[-83.28701166968547,46.89202971774122],[-83.2793293676637,46.89568381874377],[-83.2786979674943,46.89595731882203],[-83.27740576713946,46.89645101897199],[-83.27546176658791,46.89704761917508],[-83.27295636586506,46.897718319421685],[-83.27173876551043,46.89801661953732],[-83.27155796545775,46.89806081955445],[-83.27088866526786,46.89826651962441],[-83.27034356511061,46.89841231967802],[-83.27024036508318,46.89845931969116],[-83.26985466498323,46.89865591974355],[-83.2692769648353,46.898964419824075],[-83.26884316473209,46.89926101989462],[-83.2685426646779,46.89960891996544],[-83.26829226463315,46.899901920024895],[-83.26789466456988,46.90043162012931],[-83.26772836456468,46.90082762019981],[-83.26750816454312,46.901231620274686],[-83.26748146454179,46.90129112028542],[-83.26726816453122,46.90176712037096],[-83.26722756452865,46.901853420386615],[-83.26676206449909,46.90283912056517],[-83.26660306448235,46.903121220617734],[-83.26651806447502,46.90328482064781],[-83.266269064434,46.903604820711365],[-83.26595426437197,46.903926020778826],[-83.26560306430713,46.90432002085967],[-83.26512966419129,46.90461722093253],[-83.26468206408147,46.904896221001145],[-83.26410416393342,46.90520462108169],[-83.26364006380963,46.90541192114018],[-83.26303336364471,46.905657821212735],[-83.26213826338896,46.90591852130409],[-83.26163086323926,46.90602752134989],[-83.26153976321245,46.906047321358116],[-83.26114936309786,46.90613592139411],[-83.26078316298445,46.90617022142031],[-83.2603513628501,46.90620572145049],[-83.25977476266847,46.90623522148794],[-83.25907816244319,46.906222021525714],[-83.25822196216043,46.90615792156479],[-83.25792776206231,46.90612832157702],[-83.25643446157162,46.90603682164827],[-83.25476546101847,46.90589562172184],[-83.2543655608859,46.90586162173946],[-83.25411586080634,46.90586672175453],[-83.25369646067263,46.90587482177974],[-83.25234056022727,46.90579352184464],[-83.25163085999775,46.90578052188321],[-83.25087025975641,46.90580452193037],[-83.24933985928165,46.905942522039055],[-83.24884045913203,46.906030822081206],[-83.24859665905896,46.90607412210178],[-83.24714005863186,46.90640872223659],[-83.23225675429606,46.91006572365038],[-83.23150465408251,46.910296423728916],[-83.23077995388101,46.91055352380994],[-83.23009565369567,46.9108369238927],[-83.22943985352595,46.91117362398204],[-83.22882425337122,46.91152762407178],[-83.22823615322963,46.91191702416534],[-83.22542835258774,46.914056424655506],[-83.22522205254059,46.91421372469154],[-83.22492475247263,46.914440324743396],[-83.22463015240531,46.91466472479486],[-83.22446525236758,46.91479032482362],[-83.22418785230415,46.91500162487203],[-83.2240312522654,46.91509632489554],[-83.2235434521445,46.91539122496888],[-83.2227270519423,46.91588492509159],[-83.22112815151553,46.9165999252931],[-83.22004155121492,46.916998925416614],[-83.21996195119237,46.91702362542499],[-83.21971355112198,46.91710092545107],[-83.2191322509572,46.91728192551216],[-83.2190500509339,46.91730742552076],[-83.2189004508915,46.91735402553652],[-83.2157975500015,46.91823322584917],[-83.2151628498231,46.91844342591783],[-83.21457734966377,46.91868022598773],[-83.21455554965789,46.91868912599035],[-83.21390824948837,46.919005626076085],[-83.207486947807,46.92214652692675],[-83.20657534757639,46.92265902705775],[-83.20557694733233,46.92329042721208],[-83.20487274716024,46.92373582732091],[-83.20418094698461,46.92412002741959],[-83.20366534685384,46.924407027493274],[-83.20251864655151,46.924951027642564],[-83.20152494628479,46.925384127766044],[-83.20044314600204,46.925917927910064],[-83.19931374571726,46.92656042807353],[-83.19777614533834,46.92750802830733],[-83.1972520452127,46.927860028391464],[-83.19375374435045,46.93001502892324],[-83.19283284412887,46.93062662907006],[-83.1920065439451,46.9312995292209],[-83.19162694386665,46.93165762929778],[-83.19127474380024,46.93204232937715],[-83.19063684369078,46.9328285295347],[-83.18628454298715,46.938545330664006],[-83.18565194289582,46.939466330841995],[-83.18538284286909,46.93995743093301],[-83.18515444285855,46.94047463102573],[-83.18501244286868,46.94093293110441],[-83.18499184287016,46.940999831115946],[-83.18488214289975,46.94153283120435],[-83.18482524294727,46.94207383129095],[-83.18440434379306,46.95013623255692],[-83.18424774398191,46.95210103286849],[-83.18431384404353,46.95243283291585],[-83.18427084409771,46.95299163300434],[-83.18428444422153,46.953972233154566],[-83.18435284429046,46.954357933210105],[-83.1846499448817,46.95842893382008],[-83.18505924556918,46.96299273449937],[-83.1857927461903,46.966155434944426],[-83.18594114628814,46.966566634999204],[-83.18634464664176,46.968403735258974],[-83.1864924467383,46.968805735312415],[-83.1867130469184,46.96970163543772],[-83.18689564709078,46.97063403557081],[-83.1870308471799,46.9710086356208],[-83.18704404718864,46.97104533562565],[-83.18733134741571,46.972150535779384],[-83.1875118475584,46.97284493587593],[-83.18766104765983,46.97328333593489],[-83.18806484789624,46.974157436046355],[-83.18849714811753,46.974832136125464],[-83.18864784819466,46.97506733615307],[-83.18961974869208,46.97658383633092],[-83.18966574871563,46.97665563633933],[-83.1896835487264,46.97669683634467],[-83.19003844894071,46.97751843645081],[-83.19004334894375,46.97753023645239],[-83.190179549041,46.977968736512054],[-83.19032044917726,46.978714236618735],[-83.1903473492032,46.978856336639055],[-83.19031684941629,46.980683736921996],[-83.19021544955189,46.982062637139926],[-83.19020144960115,46.9825036372086],[-83.1901865496535,46.98297213728153],[-83.19020144971567,46.98344243735307],[-83.19022944983412,46.98433913748942],[-83.19028934990203,46.98473793754732],[-83.19050045014133,46.98614273775136],[-83.19107875072056,46.98936553821408],[-83.1912327508748,46.99022343833726],[-83.19140655109612,46.991579038535846],[-83.19141175115276,46.99202893860475],[-83.19129055122278,46.99292203874901],[-83.19102465124664,46.99381813890205],[-83.19084045123832,46.99423493897667],[-83.19083205123789,46.994253838980036],[-83.19082815123744,46.99426053898132],[-83.19034065118315,46.99510003913827],[-83.1891314509937,46.996734039458694],[-83.18858655091968,46.99756353961736],[-83.18836725090131,46.99799053969556],[-83.18804755090468,46.99886063984766],[-83.18793455092353,46.99931273992362],[-83.18792035092922,46.99939673993737],[-83.18784965095739,46.999813540005476],[-83.18780745097416,47.0000620400461],[-83.1877927510442,47.00067434014108],[-83.18783695110591,47.001063340198435],[-83.18787865116448,47.001433140252885],[-83.18789565118804,47.00158124027468],[-83.18810325136428,47.002477340400574],[-83.18812205142635,47.002935840470045],[-83.18806155146198,47.00338704054286],[-83.18802925146541,47.00350014056211],[-83.18793495147541,47.003830340618286],[-83.18792865147509,47.00384434062076],[-83.1875366514548,47.00471084077642],[-83.18680525148362,47.00687304115064],[-83.1866254514907,47.00740404124251],[-83.18574065152546,47.010018841695064],[-83.18554795151671,47.01045434177307],[-83.18504255145646,47.011292041930695],[-83.18474365141046,47.01170264201091],[-83.18402545127454,47.012481242171624],[-83.18363255119303,47.012848742250576],[-83.18275255099334,47.013531542405886],[-83.181860350772,47.01406934253951],[-83.18175075074484,47.01413544255596],[-83.1816323507136,47.01419174257138],[-83.18108505056934,47.01445214264268],[-83.18066665045903,47.0146511426972],[-83.17951345014241,47.015096242831504],[-83.1790646500166,47.015248442880555],[-83.17849664985744,47.01544134294267],[-83.1780270497258,47.01560084299402],[-83.17105124777066,47.0179694437568],[-83.17074254768414,47.01807424379059],[-83.16935104729409,47.01854674394272],[-83.16875264712682,47.01875364400868],[-83.16640614647092,47.01956534426752],[-83.16520064613391,47.019982344400525],[-83.16343324563984,47.020593644595486],[-83.162309645334,47.02104974472981],[-83.16229404532974,47.02105614473163],[-83.16123684505573,47.02159804487536],[-83.16027524482327,47.022228145027114],[-83.1587430444703,47.02337494529093],[-83.15848674441125,47.023566745335096],[-83.15802584430133,47.02388134540975],[-83.15735524415182,47.02442424553153],[-83.15717194411096,47.024572545564766],[-83.15677944403173,47.02495774564638],[-83.15672754402246,47.02501874565873],[-83.15622904393345,47.02560334577707],[-83.15610094391059,47.02575354580745],[-83.14780174269693,47.03768044811438],[-83.14726884262673,47.03850934827216],[-83.14706164261361,47.03894774835136],[-83.14673104261986,47.03986924851183],[-83.14601824270565,47.04244744894858],[-83.14581614274665,47.04331514909345],[-83.14576834278638,47.04376594916543],[-83.14576044283999,47.044225149236446],[-83.14581824291461,47.04468294930347],[-83.14595484301333,47.04513034936435],[-83.1461434431275,47.045567749420776],[-83.14654864334504,47.04627944950694],[-83.14662514338605,47.04641364952318],[-83.14808324413947,47.04873544979646],[-83.14820034419998,47.04892184981835],[-83.14821864421036,47.048958349822925],[-83.14841504432147,47.04934974987183],[-83.14853844441596,47.04979734993349],[-83.14856954448098,47.05024685000075],[-83.14846954450513,47.050707650077214],[-83.14837474450557,47.05096075012152],[-83.14830304450588,47.05115175015498],[-83.14805644447769,47.05157035023334],[-83.14771684441651,47.051963650313134],[-83.14770824441474,47.05197195031488],[-83.14749854437265,47.05217985035882],[-83.14695714426394,47.05271585047209],[-83.14666024421494,47.05309675054752],[-83.14664384421222,47.053117650551656],[-83.14639734418407,47.053536250630074],[-83.1462035441728,47.05395385070526],[-83.14610274419448,47.054396650779005],[-83.14605544423559,47.054856550852314],[-83.1460612442958,47.05533335092522],[-83.14617204438845,47.05579925099041],[-83.14639414453143,47.05638295106734],[-83.14652554461601,47.0567285511129],[-83.14696774485807,47.057542851212645],[-83.14699474487287,47.05759265121876],[-83.14700604487984,47.057620251222346],[-83.14718514499212,47.05806605128059],[-83.14743644512578,47.05849695133234],[-83.14743964512743,47.058502251332975],[-83.1474422451291,47.05850885133385],[-83.14764364525324,47.05899335139675],[-83.14831594563233,47.060321651562184],[-83.15026924675486,47.06435245206929],[-83.1563685502441,47.076800653630805],[-83.15662385038196,47.07725465368591],[-83.15804885120723,47.08024255406277],[-83.15818735131218,47.08073485413033],[-83.15819375137383,47.08122065420453],[-83.15811475140222,47.08165995427641],[-83.1581075514047,47.081699254282874],[-83.15790225139538,47.082162054365604],[-83.15755495134842,47.082691554466685],[-83.153100350746,47.089477355762426],[-83.15262395068147,47.09020255590089],[-83.15047945039154,47.093469656524654],[-83.15010325032864,47.093944656619016],[-83.14968685025067,47.094402456713034],[-83.1494022501927,47.094676956771394],[-83.14923015015763,47.09484305680672],[-83.14910655012987,47.09494115682883],[-83.14871955004293,47.09524845689814],[-83.14762934978367,47.095997857075396],[-83.14366174882382,47.098591957700194],[-83.14316504871688,47.099024257794895],[-83.142721548628,47.09946455788776],[-83.1423582485692,47.09993925798139],[-83.1422197485528,47.100169158024535],[-83.14206194853405,47.100430658073684],[-83.1418450485265,47.100938758163984],[-83.1417079485467,47.101463258252224],[-83.14168224856094,47.10164665828185],[-83.14163624858675,47.101977758335224],[-83.14160724921823,47.10719865913733],[-83.14155135043674,47.117268460683924],[-83.14157625052077,47.117887460777325],[-83.1416156506541,47.11886916092551],[-83.14170685079708,47.11979386106198],[-83.14188225107218,47.12157286132453],[-83.14223685170647,47.125804861952616],[-83.14224605177802,47.12636256203754],[-83.14215195206424,47.12893796243747],[-83.14201625231613,47.13134266281358],[-83.14196785240634,47.13220336294817],[-83.1419629524151,47.132287362961314],[-83.1419135525071,47.13316526309862],[-83.14182845266554,47.13467646333496],[-83.14182405273161,47.13522546341927],[-83.14190795289457,47.136330763583764],[-83.14211095309676,47.13744286374245],[-83.14401365464892,47.145074364802014],[-83.14416385475349,47.1455307648633],[-83.1443668548749,47.14598566492129],[-83.14460865500658,47.14642206497427],[-83.1452099553042,47.147265765069],[-83.14728905625958,47.1495829653046],[-83.1475537563812,47.149877765334566],[-83.14769565644643,47.15003586535059],[-83.14787875652932,47.150230165369884],[-83.14819215667134,47.150562865402854],[-83.14845365678978,47.15084046543036],[-83.14935285716729,47.151552565487826],[-83.15052245762764,47.15222926552437],[-83.15144665799139,47.15276406555327],[-83.15174305811054,47.15295556556557],[-83.15194775819276,47.15308756557407],[-83.15239775838221,47.15344816560348],[-83.1527955585572,47.153827665638765],[-83.15312865871476,47.15423526568201],[-83.15342255886088,47.15465276572909],[-83.15394515913454,47.15550676582983],[-83.15413505925186,47.155962265888654],[-83.15423295934085,47.15642826595437],[-83.15426555941004,47.15690466602538],[-83.15421865945264,47.15737346609982],[-83.15409245946994,47.15784376617905],[-83.15387345945527,47.15829786626103],[-83.15378525944311,47.15842986628629],[-83.15359955941749,47.1587079663395],[-83.15353235940489,47.15878156635463],[-83.15295845929718,47.15940896648351],[-83.15287945928239,47.159495366501304],[-83.15239035918636,47.15999586660592],[-83.15214085913739,47.16025116665924],[-83.15211135913161,47.16028136666555],[-83.15185125908057,47.16054756672117],[-83.15067135884898,47.16175506697358],[-83.1505862588323,47.1618422669918],[-83.15049405881686,47.16195846701492],[-83.15025985877774,47.16225336707341],[-83.14986495873032,47.16290186719529],[-83.14972765871381,47.16312716723763],[-83.1491222586842,47.16447046747784],[-83.1486644586711,47.16556246767117],[-83.14861875866984,47.16567156769046],[-83.14854435866778,47.16584906772189],[-83.14840505868085,47.166319667801844],[-83.14839015870041,47.166517667833],[-83.14833655877206,47.167238867946374],[-83.14838215884541,47.16771496801662],[-83.14849305893856,47.16818076808155],[-83.14865735904887,47.16864566814324],[-83.1487794591181,47.16888796817329],[-83.14888665917884,47.169100368199636],[-83.14918115932633,47.16952666824798],[-83.14952805949058,47.169952168293186],[-83.1498511596213,47.17016756830762],[-83.14994845966064,47.17023226831192],[-83.15038545984604,47.17059296834204],[-83.15120746017642,47.17112346837611],[-83.1513745602436,47.17123136838301],[-83.15201426048857,47.17154536839436],[-83.15250536067657,47.17178606840301],[-83.15303236088411,47.172091168419456],[-83.15346986106626,47.17242456844536],[-83.1534817610712,47.172433568446046],[-83.15459816156691,47.1735345685504],[-83.15620516228051,47.17511946870068],[-83.15622926229119,47.175143368702976],[-83.15661566246277,47.17552426873904],[-83.15716656270408,47.17604066878641],[-83.15742496281727,47.17628286880863],[-83.15745106282782,47.176300468809856],[-83.15790016301044,47.17660696883093],[-83.15812676309973,47.17673836883803],[-83.15840756321032,47.176901168846825],[-83.15842726321807,47.17691246884746],[-83.15896786343103,47.17722576886431],[-83.16014876387113,47.17770736887022],[-83.1607510640906,47.177912068867016],[-83.16134156431069,47.17815296886999],[-83.16152316438048,47.17824406887347],[-83.16162256441874,47.17829416887543],[-83.16189396452302,47.17843036888073],[-83.16220116464864,47.17864566889602],[-83.1623694647174,47.17876336890432],[-83.16242016473974,47.17881176890886],[-83.16276756489256,47.17914286893953],[-83.16307566504562,47.17957796898839],[-83.16329166517023,47.18002366904415],[-83.16337996522712,47.18025386907431],[-83.16363116538884,47.18090826915993],[-83.16403466562491,47.18176686926806],[-83.1640502656341,47.18180026927227],[-83.16436026579068,47.18225946932466],[-83.1645516658874,47.182543069357045],[-83.16462606592499,47.18265326936966],[-83.16470326596006,47.18273546937774],[-83.16522316619587,47.183288169432444],[-83.16648846676993,47.18463386956557],[-83.16674686689142,47.18494286959797],[-83.16682156692659,47.18503246960737],[-83.16707696706273,47.185468569659385],[-83.16732516722092,47.18610196974198],[-83.16778396751349,47.18727296989466],[-83.167987067634,47.187718969951185],[-83.16849236790492,47.18859317005581],[-83.16875386804506,47.18904547010994],[-83.1692130683043,47.189945670221164],[-83.16958736853825,47.19086287033986],[-83.17050366911089,47.19310677063021],[-83.17067856926334,47.19388447073903],[-83.1707132692936,47.1940386707606],[-83.17074346934419,47.1943696708094],[-83.17111846996951,47.198451971411664],[-83.17114417001228,47.19873107145284],[-83.17161647080042,47.20387547221168],[-83.17168887088258,47.20435097228016],[-83.17181287097898,47.20480777234287],[-83.17198987109236,47.20526317240223],[-83.17220637121733,47.20570897245793],[-83.17222087122451,47.2057295724602],[-83.17232987127878,47.20588407247756],[-83.1725006713638,47.20612637250479],[-83.1728343715218,47.20653397254786],[-83.1732187716905,47.20689557258103],[-83.17589817290306,47.20971377285758],[-83.17695847338297,47.210829272967096],[-83.1780641738883,47.21203197308728],[-83.17832787401086,47.21233527311845],[-83.17951947456464,47.213705073259185],[-83.1829558761219,47.217333773615835],[-83.18308687618128,47.217472173629396],[-83.18361757642181,47.21803257368452],[-83.18373017647279,47.21815137369617],[-83.18380127651074,47.21827257371057],[-83.18398587660926,47.21858747374809],[-83.1841972767556,47.219219173832364],[-83.1844527769325,47.219982373934165],[-83.1846690770574,47.22042817398983],[-83.18519327733264,47.22128557409059],[-83.18638857796026,47.22324107432041],[-83.1878188787113,47.22558087459537],[-83.18839377901318,47.22652127470587],[-83.18908787938014,47.22767677484231],[-83.18927707948018,47.22799167487953],[-83.19028018001062,47.22966187507674],[-83.19075178025463,47.230403675162854],[-83.19084528030305,47.23055097517994],[-83.19115338045519,47.23097697522723],[-83.19150098061887,47.231393275270776],[-83.19518968226545,47.23507977562122],[-83.19600708263033,47.235896375698815],[-83.19684648300063,47.23669927577301],[-83.19723388317817,47.2371238758155],[-83.19790378350196,47.23799277590954],[-83.19818718364958,47.23844627596247],[-83.19862258390727,47.239391776081675],[-83.19877428401499,47.23986587614524],[-83.19947308464009,47.24308877659667],[-83.19973808487713,47.2443107767678],[-83.19976598490344,47.244450576787514],[-83.20033778544193,47.24730477718992],[-83.2003800854758,47.247467677212356],[-83.20046358554255,47.24778847725648],[-83.2006541856605,47.248243677314896],[-83.20096218581162,47.24866077736078],[-83.2012786859515,47.24896517738899],[-83.20137528599409,47.24905777739759],[-83.20163758609637,47.24919997740413],[-83.2018888861943,47.24933587741046],[-83.2030154866466,47.25005207745484],[-83.20528588756343,47.25153847755084],[-83.20578638776553,47.251865977571995],[-83.20609718789107,47.25206967758515],[-83.20614018790843,47.25209767758694],[-83.20617088792196,47.25212717758972],[-83.20648288805982,47.252426977617446],[-83.2064905880632,47.252434377618165],[-83.20655318809091,47.25249467762374],[-83.20676738819381,47.25276687765288],[-83.20687418824507,47.25290247766743],[-83.20718688842142,47.25351057774219],[-83.2072910884802,47.25371327776707],[-83.2078313888049,47.25492487792067],[-83.20863208928611,47.25672007814827],[-83.20868898935572,47.257132878207926],[-83.2086823893685,47.25725307822665],[-83.2085249896761,47.26013927867564],[-83.20843398985404,47.26180827893528],[-83.20833548997732,47.26305637913117],[-83.20833018998401,47.26312407914184],[-83.20821568999989,47.26354927921324],[-83.20800838998494,47.26396717928885],[-83.20744758990593,47.26478787944619],[-83.20379408934525,47.269762680414644],[-83.20350828930847,47.27020898049914],[-83.20327648929128,47.27067248058305],[-83.2030851892904,47.27116208066873],[-83.20307708929118,47.271189480673335],[-83.20298868929883,47.27148038072275],[-83.20293408930354,47.27165998075326],[-83.2028357893335,47.272156780834635],[-83.20283198933977,47.27221698084402],[-83.2027750894347,47.27312878098622],[-83.20277228943958,47.27317488099343],[-83.20277558944515,47.27321168099881],[-83.20282018951974,47.273695881070054],[-83.2029204896145,47.27419788114072],[-83.2030594897194,47.27468118120636],[-83.20499399094862,47.27954828183649],[-83.20681119209813,47.28407668242166],[-83.21014359420663,47.292380383494276],[-83.21101779476886,47.29463118378661],[-83.2112942949728,47.29555278391096],[-83.21150509515682,47.296484684040706],[-83.2121245958236,47.30023408457579],[-83.21226269592495,47.30069038463728],[-83.21239739601066,47.3010291846811],[-83.2126173961506,47.30158328475276],[-83.21295449634343,47.302257584835985],[-83.21394529691004,47.30423938508048],[-83.21409649701452,47.304686385139796],[-83.21416849709475,47.305143985205305],[-83.21414799714535,47.305603285276376],[-83.21404729716798,47.30604608534959],[-83.21366489716658,47.30702548552069],[-83.21333809711237,47.30743688560215],[-83.2129708970429,47.3078307856832],[-83.21258589695431,47.308117185749026],[-83.2122308968854,47.308483985825305],[-83.21184379682975,47.30904038593227],[-83.21036019654282,47.310580786252196],[-83.21001959648304,47.31098338633306],[-83.20972029644096,47.31142108641695],[-83.20947359641463,47.31184878649622],[-83.2092935964119,47.31229318657421],[-83.20916769642986,47.312763486653054],[-83.20910869647149,47.31325058673055],[-83.20911519653305,47.31372748680278],[-83.20928109688444,47.316117787156834],[-83.20939979704028,47.317060487293475],[-83.20949899713146,47.31753548736],[-83.20966389724265,47.31800028742119],[-83.21049419773755,47.319819987650156],[-83.2105665978191,47.32028648771696],[-83.21053239786423,47.3207371877875],[-83.21031319785007,47.321191287869226],[-83.20971369776342,47.322048788034216],[-83.20939889770965,47.32243278811076],[-83.20924789769579,47.32271218816198],[-83.209054897678,47.32306938822743],[-83.20887489763675,47.32320478825839],[-83.20877269761338,47.323281988276044],[-83.20810549750055,47.32410438843959],[-83.20759819744232,47.324951188597616],[-83.20719889742549,47.3258496887573],[-83.20628979740385,47.328029789141326],[-83.20326119733176,47.335291590420226],[-83.20287849732266,47.33620949058186],[-83.20284939732655,47.33631549059966],[-83.20275209733941,47.33667089065929],[-83.20269219737861,47.337139990734066],[-83.20269839743901,47.33760779080485],[-83.20275749751632,47.33807459087245],[-83.20288279761483,47.33853999093597],[-83.20307339773208,47.33898639099282],[-83.20331699786634,47.339431591046484],[-83.20341449791485,47.339568291061624],[-83.20452609846835,47.34112719123455],[-83.2048607986273,47.34153459127716],[-83.20895340062772,47.34697199186765],[-83.20951870091682,47.347824991964686],[-83.2097361010427,47.34827079201991],[-83.2100388012543,47.349182792141036],[-83.2101378013445,47.34964879220615],[-83.21019050147939,47.350592692346545],[-83.2099080017688,47.35363969282586],[-83.20932320236838,47.35995009381842],[-83.20897110266716,47.3632503943401],[-83.20806450299939,47.3682503951519],[-83.20756610318197,47.370998195597934],[-83.20752840319578,47.37120609563169],[-83.20737540320417,47.37166799571069],[-83.20670290315512,47.37301279595375],[-83.20495590299352,47.37623329654362],[-83.20480880297997,47.3765046965933],[-83.20331050285066,47.37934039711032],[-83.20154240269804,47.382686697720466],[-83.20111520267025,47.38356769787887],[-83.20102420267445,47.38383609792484],[-83.20096160267734,47.38402059795646],[-83.2009399026827,47.38411949797273],[-83.20086140270149,47.38447249803088],[-83.20063460280743,47.38590479826137],[-83.19996970311826,47.390104798937315],[-83.1999362031661,47.39057339901035],[-83.19999580324492,47.39104919907912],[-83.20068200383315,47.393976699483815],[-83.20152680455732,47.39757979998185],[-83.20157730461064,47.397875400023736],[-83.20161430464961,47.39809090005432],[-83.20247430540113,47.40187200057839],[-83.20252980543799,47.402022900598084],[-83.20263880551028,47.40231870063666],[-83.20428490691395,47.409275501596895],[-83.20540700787113,47.41401780225135],[-83.20555820797605,47.414464802310434],[-83.20582800811671,47.414891502359545],[-83.20616270827492,47.41529000240066],[-83.20724600877246,47.41646600251639],[-83.20799410911063,47.41723450258968],[-83.20832930927004,47.41764180263209],[-83.20857270940238,47.418069202682815],[-83.208710609503,47.41851650274267],[-83.20870590954156,47.41883580279138],[-83.20870360955948,47.41898450281406],[-83.20864070957612,47.41927920286236],[-83.20684051005009,47.42769510424226],[-83.20676731008537,47.428164604317665],[-83.20604891028405,47.43159780487957],[-83.20578671024849,47.43198980495411],[-83.20583541033074,47.43251970503163],[-83.20538121045277,47.434661205382426],[-83.20523001050584,47.43547340551423],[-83.20511041054776,47.43611530561842],[-83.2041231108113,47.44075600637875],[-83.20411291081413,47.44080460638666],[-83.2040921108651,47.44126410645752],[-83.20416351094343,47.44170370651999],[-83.20417951095543,47.44175840652736],[-83.20723441327084,47.45232570795153],[-83.20734281333462,47.45255400797985],[-83.20743791339042,47.4527537080046],[-83.20847971391028,47.45420940816482],[-83.20956591445234,47.45572730833183],[-83.20977991456624,47.45608310837338],[-83.20980171457977,47.4561345083799],[-83.20983401459983,47.45621110838963],[-83.20992701465757,47.45643120841756],[-83.21007811488148,47.4578231086196],[-83.21006761496521,47.45851620872518],[-83.21026161557073,47.462831809367366],[-83.21033121564682,47.46325770942781],[-83.21033331564917,47.46327130942973],[-83.21035481566734,47.46336050944205],[-83.21179231687488,47.46926331025246],[-83.21189481701651,47.47012521037695],[-83.21195811714664,47.47099681050524],[-83.21199981732538,47.472309810701546],[-83.21209401751875,47.47360381089191],[-83.21216551759719,47.47404331095432],[-83.21245301779597,47.47488361106485],[-83.21352761846036,47.477400511383514],[-83.2136508185509,47.47780301143731],[-83.21370901862507,47.478242811500444],[-83.21279001934096,47.486286512770675],[-83.21238921965339,47.489795513324694],[-83.21224041971676,47.490680213467094],[-83.21186911975741,47.49195631368165],[-83.21144451977989,47.493224313898004],[-83.20984061990686,47.498348314765735],[-83.20981721993577,47.49863741481084],[-83.20980561995012,47.49878101483323],[-83.2098903200329,47.49922021489474],[-83.21029712026903,47.500049214996515],[-83.21198812122843,47.50331931539306],[-83.21339472203869,47.50613551573741],[-83.21357172214888,47.50655501579053],[-83.21357772215525,47.506590315795556],[-83.21364212222366,47.50696761584883],[-83.2135799222559,47.507382715915185],[-83.21341132225285,47.50779081598666],[-83.21313982221258,47.5081678160594],[-83.21313512221187,47.508174116060594],[-83.2124474220773,47.50887121620576],[-83.21186272195949,47.50943691632519],[-83.21026492163757,47.51098311665139],[-83.20992172157273,47.51134961672671],[-83.20989302156917,47.511394816735205],[-83.20967252154155,47.51174141680036],[-83.2095170215427,47.51214931687098],[-83.20947022156095,47.51241411691376],[-83.20944182157193,47.512573716939535],[-83.20942802158177,47.51268731695748],[-83.20845262227066,47.52064641821683],[-83.20793492266327,47.52508371891729],[-83.2082813230984,47.5276417192837],[-83.20920872413743,47.53349122011359],[-83.20922132415166,47.533571520124966],[-83.20929982420196,47.53376892015023],[-83.20938482425645,47.53398232017756],[-83.20993512453097,47.53474552026093],[-83.21199842552922,47.53736032053627],[-83.21343432623611,47.53927632074239],[-83.2136244263495,47.53968652079334],[-83.21372152643302,47.54009862084994],[-83.21475632783952,47.548573222069486],[-83.21487422803214,47.549794722247015],[-83.21512782835721,47.551715522522265],[-83.21517022845738,47.55239852262286],[-83.21516422845924,47.55242882262778],[-83.21510432847877,47.55273652267771],[-83.21507192848951,47.55290432270495],[-83.21492532848112,47.553213122760035],[-83.21410402839103,47.55460232301734],[-83.21281592824973,47.55678132342091],[-83.2126166282244,47.5570906234791],[-83.21221702817346,47.55771072359585],[-83.21200862814445,47.558014323653815],[-83.21093942799527,47.55957102395071],[-83.21065432796517,47.560062424041384],[-83.21019422795173,47.561133124229656],[-83.2100837279834,47.561666124316524],[-83.21011942806203,47.562196424394436],[-83.21076302864704,47.56517152480605],[-83.21085682875919,47.56581752489804],[-83.21102742888806,47.56639912497591],[-83.21116532901578,47.56705562506696],[-83.21220812998189,47.57201842575514],[-83.21242173015683,47.57285332586872],[-83.21252653024266,47.57326302592441],[-83.2127390303907,47.57388882600652],[-83.21275033039743,47.57391282600947],[-83.2128559304602,47.57413852603737],[-83.21291063049671,47.574286726056556],[-83.21299103055038,47.57450492608481],[-83.21328293072283,47.575120326160665],[-83.21361433090682,47.57572562623275],[-83.2138015310055,47.57602592626718],[-83.2139852311024,47.576321226301054],[-83.21439563130956,47.576907326365685],[-83.21663443240755,47.579851426679745],[-83.21714623267238,47.58063352676796],[-83.21736313279453,47.58104322681721],[-83.21760743296889,47.5817945269163],[-83.21768563306931,47.58238682700106],[-83.21765753313554,47.582981227092326],[-83.21760053315005,47.58324152713487],[-83.21753493316687,47.58354152718394],[-83.21732043317206,47.58413062728518],[-83.21697383313709,47.58474012739719],[-83.21651843306036,47.585297827507695],[-83.21596833294744,47.58581242761724],[-83.2094329315147,47.59120572880954],[-83.20832023127073,47.59212392901252],[-83.20783433117273,47.59259222911134],[-83.20747963111118,47.593012929195325],[-83.20710483106262,47.59358702930362],[-83.2068369310507,47.59417712940814],[-83.20668943107971,47.59478282950798],[-83.20664833114297,47.59538652960137],[-83.2066886312153,47.59585412966949],[-83.20670003123601,47.59598832968906],[-83.20687903137812,47.59665162977863],[-83.20690523139899,47.5967494297919],[-83.20696283143344,47.59687352980726],[-83.20712463153005,47.597222129850394],[-83.21026913324407,47.60270453049414],[-83.21055053341453,47.60332963057198],[-83.21062783346134,47.60350123059335],[-83.21069483350195,47.603650130611896],[-83.21093283369495,47.604563330735715],[-83.21099283377478,47.60503913080392],[-83.21101523384938,47.60556983088259],[-83.21094293392886,47.60638073100895],[-83.21085513395661,47.606823531080806],[-83.21071153396527,47.60725813115461],[-83.21063103397026,47.60750263119608],[-83.21016743394686,47.608501531373506],[-83.20621703363524,47.61612723275164],[-83.20609893364181,47.61648033281165],[-83.2059775336782,47.61707663290854],[-83.20596373375261,47.617697733002885],[-83.20608603387994,47.61838843309984],[-83.20620863396849,47.6187728331506],[-83.20638553407791,47.61918333320213],[-83.20658763419091,47.6195574332468],[-83.20665543422417,47.619646233256184],[-83.20672513425835,47.619737633265935],[-83.20709463443964,47.62022253331752],[-83.20735923456019,47.62049643334336],[-83.20789693479136,47.62094493337968],[-83.20833633497381,47.621260333401715],[-83.20881463516648,47.62155713341865],[-83.20958893546461,47.621929233429704],[-83.21432263722444,47.623709433422846],[-83.21532503760166,47.624122133426816],[-83.21838163873772,47.62526883342191],[-83.2190162389703,47.62548143341708],[-83.22046453951151,47.6260473334181],[-83.22119413978041,47.62630313341421],[-83.22483264113326,47.627672433408996],[-83.22575364147858,47.62804153341103],[-83.22702354194635,47.62848463340394],[-83.22739004208594,47.62864873340734],[-83.23376544445208,47.631012633392686],[-83.23426094463598,47.631196333391536],[-83.24121504722177,47.633813133381096],[-83.24314994794132,47.634541333378195],[-83.24422064834386,47.634979133381805],[-83.24651874919257,47.63579793337137],[-83.25121645094558,47.6376135333713],[-83.25251395142334,47.63806493336379],[-83.25538515249755,47.639196333366954],[-83.25576205264285,47.63937863337246],[-83.25606505275968,47.63952493337687],[-83.25668035300673,47.6398996333974],[-83.25676795304285,47.63996073340154],[-83.2572705532503,47.64031103342497],[-83.25780805347809,47.64073233345712],[-83.25845285376525,47.641346633512],[-83.25877975391083,47.64165803353981],[-83.25917425410181,47.64215423359147],[-83.25934575418756,47.642391233617175],[-83.25955175429051,47.64267563364796],[-83.25986785444854,47.64311233369523],[-83.2601953546178,47.64360803375073],[-83.26066565486096,47.64432053383054],[-83.26114855510262,47.64498933390306],[-83.26167135536424,47.645713333981526],[-83.26204125555658,47.64628263404561],[-83.26239865574253,47.64683283410757],[-83.2627545559194,47.647316134159546],[-83.26307775608008,47.64775543420677],[-83.26335065622261,47.64817993425475],[-83.26353455631869,47.64846603428704],[-83.26414245661961,47.64928193437439],[-83.26484105698184,47.650347934494],[-83.26520775716048,47.65081763454328],[-83.26531005722089,47.65103163456952],[-83.26627245770007,47.65234423471089],[-83.26871855894994,47.65593113510772],[-83.26942595930132,47.65688903521055],[-83.27093516007689,47.6591359354605],[-83.27192756057497,47.66051983561067],[-83.27298146111703,47.66209173578561],[-83.27356186140581,47.66288123587048],[-83.27416696169675,47.66362493594699],[-83.27517996214412,47.664558636028325],[-83.27621176257462,47.66531203608141],[-83.27681456281888,47.665696036104066],[-83.2791625637851,47.66730503620903],[-83.27934216386234,47.66745443622103],[-83.28032946426475,47.66810073626066],[-83.28497326618272,47.671337636476416],[-83.28560306643575,47.6717211364973],[-83.28982216817938,47.674669336694315],[-83.29200606907801,47.67616453679164],[-83.2925948693156,47.676530736812296],[-83.29379056980915,47.67736153686737],[-83.29432857003731,47.67778263689924],[-83.295366570486,47.67866183697076],[-83.29628647090253,47.679588337056266],[-83.29715507130709,47.6805516371503],[-83.29960057246939,47.68344503744219],[-83.30006167268095,47.683930737488275],[-83.30131357327787,47.68542633763981],[-83.30177427348806,47.68590293768446],[-83.30346197429186,47.687911737887596],[-83.30515847508592,47.68982123807532],[-83.30783567635261,47.692940738387406],[-83.30996387735965,47.695420538635425],[-83.3129254787518,47.69879843896948],[-83.31344627898538,47.699304639015075],[-83.31388657918285,47.69973263905362],[-83.313958379214,47.699794139058646],[-83.31954128163362,47.704560439447874],[-83.32138208243153,47.70613203957618],[-83.32351798336258,47.70799633973109],[-83.32443118375419,47.70874273978976],[-83.32462668384356,47.708945639808746],[-83.32598408442985,47.71008813990084],[-83.32651428466949,47.7106171399492],[-83.32805018532821,47.71187274004784],[-83.32856338555202,47.71232124008514],[-83.32944628596158,47.713284140177954],[-83.33064568653985,47.71476254032959],[-83.3310938867474,47.71524834037623],[-83.332013987199,47.716444440501846],[-83.33301358767503,47.71762994062122],[-83.33468008848202,47.71971044083575],[-83.33511518868532,47.7201965408832],[-83.33714988967316,47.72275564114798],[-83.33754538985949,47.723208641192755],[-83.337937090044,47.72365744123712],[-83.34032449120075,47.72664114154481],[-83.34086999145272,47.727226841600704],[-83.34108109155025,47.72745354162237],[-83.34135309167081,47.727706041644325],[-83.3414983917352,47.72784094165602],[-83.34196809193358,47.72820034168246],[-83.3424535921285,47.7284929416979],[-83.34250269214822,47.728522341699446],[-83.34307599237178,47.72881654171001],[-83.34367399259749,47.729065341712364],[-83.34521319315009,47.72948394168509],[-83.34639749356424,47.729720541651304],[-83.3476202939862,47.7299204416098],[-83.35080739509392,47.73050304151073],[-83.35162629537443,47.73062124148053],[-83.35209869554365,47.7307465414717],[-83.35287859581399,47.73088354144662],[-83.35324039593606,47.7309211414311],[-83.35849989776327,47.73187724126675],[-83.35888839789828,47.73194794125465],[-83.35968389818052,47.732138441236636],[-83.36040319844872,47.73241154123549],[-83.36109829871604,47.73273924124396],[-83.36174119897011,47.73309504125962],[-83.36299009947442,47.73386994130266],[-83.36355069969507,47.7341734413153],[-83.36546350046778,47.73536264138154],[-83.36625450078732,47.73585434140896],[-83.36736340122704,47.73647934143766],[-83.3687903017643,47.737061741441465],[-83.36911740189025,47.73721694144556],[-83.37097560257888,47.73788944143748],[-83.37188600292119,47.73825754143936],[-83.37386780365996,47.739008441435836],[-83.3746125039329,47.73925394142903],[-83.37648730463609,47.73999794143073],[-83.37679870475006,47.74009954142769],[-83.3797727058621,47.7412526414263],[-83.38113220637422,47.74180944143012],[-83.38178910663396,47.74217354144614],[-83.38240690688343,47.74255664146734],[-83.3834996073469,47.74340674153065],[-83.38405860759953,47.74396214158108],[-83.38483240796285,47.74483684166675],[-83.38537300823273,47.74557244174525],[-83.38600850853773,47.74634214182327],[-83.38792390947992,47.74883974208503],[-83.38800790949527,47.748747442066275],[-83.38809430953751,47.74885814207779],[-83.38810840954437,47.74887604207963],[-83.3890169099916,47.75006274220409],[-83.39033421063394,47.751735942377344],[-83.39145421114453,47.75288234248335],[-83.39275221168796,47.753836142550064],[-83.39356541201168,47.75430304257231],[-83.39374671208117,47.754386342574186],[-83.39427361228303,47.75462834257948],[-83.39480391248247,47.754842242580445],[-83.39531101266802,47.75500704257539],[-83.39545401272032,47.75505354257397],[-83.39657911312433,47.75535924255381],[-83.39689981323946,47.75544644254807],[-83.39706371329594,47.755472342542355],[-83.3985533138091,47.75570874249047],[-83.39964001417798,47.755838842446224],[-83.40024241437851,47.75588034241716],[-83.40135351475388,47.75599924236986],[-83.40425201573308,47.75630944224642],[-83.40919821739776,47.75679034202843],[-83.41452141919399,47.757344341799296],[-83.41992302101063,47.75786034155979],[-83.42523332280255,47.758414041331235],[-83.42824922381669,47.75870124119732],[-83.42905462409048,47.75880114116503],[-83.42984772436385,47.75892834113747],[-83.43062982463947,47.759100741117386],[-83.43132032489031,47.759311041108404],[-83.43214352518262,47.75950954108976],[-83.4329039254652,47.75979034108719],[-83.43355862571613,47.76009144109383],[-83.43429692600441,47.76047164110739],[-83.4349286262584,47.760854241127504],[-83.44182682907827,47.76538674140067],[-83.44252662935766,47.765794741420606],[-83.44314932962037,47.76626734145468],[-83.44424933006552,47.76695484149296],[-83.4458912307452,47.768098741567606],[-83.4474594313814,47.7690909416239],[-83.44965043228045,47.770555941714306],[-83.45227973335166,47.77225444181387],[-83.45258353347114,47.77241714182034],[-83.45308763366933,47.772687041831134],[-83.45375643392596,47.77299664183809],[-83.45444953418469,47.77326084183691],[-83.45523613447338,47.77352314182989],[-83.45653363493781,47.7738640418047],[-83.45673053500575,47.77389624179797],[-83.45804023545776,47.774110741753084],[-83.45895173576335,47.77419024171146],[-83.46027403619384,47.774206841636264],[-83.4626060369382,47.774120841486436],[-83.46475993762175,47.7740110413435],[-83.47115513965124,47.773685040919105],[-83.47219573998663,47.773671740855995],[-83.47457964074398,47.773557140698784],[-83.47605604120764,47.773444340595155],[-83.47706814152917,47.773395440528425],[-83.47789624179858,47.77340464048109],[-83.4790680421702,47.77334324040308],[-83.48044274261511,47.77334054032188],[-83.48151504297459,47.77343434027289],[-83.48259044334317,47.77359104023312],[-83.48296924347761,47.773681640224346],[-83.48448794401648,47.774045140189465],[-83.48483184413853,47.77412744018151],[-83.48511654424276,47.774220240178664],[-83.48533304432544,47.774317640180506],[-83.4868354448994,47.77499284019308],[-83.48970584601412,47.77642304023808],[-83.48989844608899,47.77651904024107],[-83.4901307461787,47.77663104024415],[-83.49114034656456,47.77708604025276],[-83.49219734694938,47.77741414023964],[-83.49269714712729,47.777538140228806],[-83.49341034737375,47.77765754020467],[-83.494630447783,47.77776624014917],[-83.49540474803389,47.777767140103805],[-83.49608344824831,47.77772554005765],[-83.49664024841778,47.77764134001239],[-83.49778374875645,47.7773964399085],[-83.49785584877773,47.77738093990199],[-83.49861864899354,47.777139339821005],[-83.49918804914672,47.77689783975142],[-83.50000544936654,47.776551239651575],[-83.50056964952327,47.776349939588364],[-83.5011755496968,47.776174739526546],[-83.50164804984297,47.77612173949082],[-83.50256355012618,47.77601903942167],[-83.50256955012803,47.776018339421185],[-83.50314185030827,47.77597893938164],[-83.50422185065497,47.77595533931463],[-83.51187585314695,47.77605793887973],[-83.51239885332477,47.77612333885873],[-83.51297715352145,47.77619573883554],[-83.5138540538297,47.77638353881199],[-83.51457155408916,47.776592738801014],[-83.51519675432131,47.77682203879848],[-83.51579685455003,47.777087838802906],[-83.5163587547712,47.777390338814996],[-83.51727235515419,47.77806323886181],[-83.51745355523332,47.77822123887473],[-83.51791795544763,47.778714938921134],[-83.51829045563599,47.779237738977315],[-83.51867185585164,47.77994913906113],[-83.52100975739948,47.78605273983507],[-83.52133445757981,47.786632739902515],[-83.521462657651,47.786861639929185],[-83.52180805782949,47.78737603998564],[-83.52220625802377,47.78787994003746],[-83.52275655828093,47.788488840095944],[-83.52368805868142,47.78925124015501],[-83.52487475916848,47.79004394020346],[-83.52617155966406,47.7906273402142],[-83.52689335993544,47.79091734021501],[-83.52842426048983,47.79136954019236],[-83.53223086183192,47.792212440094055],[-83.54570526658742,47.795234539751476],[-83.54645116685955,47.79547003974271],[-83.54715976712666,47.795760139744225],[-83.54780476738152,47.79611483975917],[-83.54841146762877,47.79650623978183],[-83.54895326785987,47.79693513981392],[-83.54941636806922,47.79739273985491],[-83.54981456826243,47.79788783990535],[-83.55012066842963,47.798411939965504],[-83.55194756958016,47.80271744050025],[-83.55225386974737,47.80324154056041],[-83.55263866993633,47.80373694061161],[-83.5531023701471,47.80420354065388],[-83.55363097037399,47.80463264068675],[-83.55723327184805,47.806999940827545],[-83.55783887209155,47.80736444084619],[-83.56141237354937,47.80967824098064],[-83.5626009740396,47.81048854103143],[-83.56385327454207,47.81123444106879],[-83.57235497801334,47.816758041391],[-83.574285878798,47.81798354145983],[-83.57497227906862,47.818355041474696],[-83.57571077935243,47.81869844148234],[-83.57647407963951,47.81900534148304],[-83.5772618799286,47.81926644147547],[-83.57807418021974,47.81948224145969],[-83.57891148051418,47.819661341437],[-83.5797726808093,47.81978594140475],[-83.58065898110776,47.81987394136557],[-83.58152988139659,47.819926341322],[-83.58684198313749,47.82008574103222],[-83.58771348342768,47.82014694098991],[-83.5903358842867,47.8202227408464],[-83.59083328445088,47.82024694082063],[-83.59298768516221,47.820351940709116],[-83.59341968529743,47.820316240678295],[-83.59389248544548,47.820277340644566],[-83.60091828774998,47.82050524026373],[-83.60168028801311,47.82063114023751],[-83.60178048804772,47.820647640234014],[-83.60198798811427,47.820642940221084],[-83.60267458833452,47.82062724017818],[-83.60355988863026,47.820697140136346],[-83.60968249069059,47.82129603986398],[-83.61578949273988,47.821849839585745],[-83.61752249332508,47.822035239510996],[-83.61838329361878,47.82215053947732],[-83.61923359391618,47.82232013945233],[-83.62085999450233,47.822778039424485],[-83.62402129565002,47.823731439379685],[-83.62557919620949,47.8241547393507],[-83.62789819704831,47.82483053931433],[-83.62946119762235,47.825352539299686],[-83.63030009792072,47.82555833928078],[-83.63191379850397,47.82602523925494],[-83.63510299966293,47.82699583921099],[-83.63671590024356,47.82744463918242],[-83.63756640054099,47.82761413915743],[-83.63842750083477,47.82772923912366],[-83.63929990112744,47.82780813908384],[-83.64018400141923,47.82785083903792],[-83.64106540170303,47.827839538984094],[-83.641931101976,47.827783638924544],[-83.64279460224235,47.827682738858506],[-83.64365620250341,47.82754593878718],[-83.64448840274798,47.82735573870962],[-83.64608040319986,47.82686913854301],[-83.66093090733723,47.821738436900425],[-83.6622714077142,47.821302436756156],[-83.6629433079073,47.82111583668859],[-83.66427830830249,47.820832936567534],[-83.66495380850614,47.82071823651046],[-83.66569790873642,47.82063793645448],[-83.66649720898918,47.82059243640042],[-83.66732600925837,47.82060013635249],[-83.66893440979162,47.82069773627186],[-83.66971431005688,47.82079653624042],[-83.67418641159612,47.82150233608093],[-83.67552141205933,47.82174103603741],[-83.67685131250789,47.821880935979564],[-83.68017871365315,47.82240623586083],[-83.68147041409422,47.82258293581068],[-83.68823331642282,47.82365753557032],[-83.68847491650375,47.82367883555915],[-83.68977241696075,47.82396333552468],[-83.69047371720427,47.82409083550218],[-83.69203261776502,47.82452223547405],[-83.69510321888662,47.82550293543823],[-83.69587511916222,47.825700735422004],[-83.69970812056577,47.8269514353811],[-83.70049392084701,47.82715803536531],[-83.70127092113714,47.82745463536344],[-83.70205762142098,47.82767893535024],[-83.70350702197246,47.8283106353584],[-83.70485422250297,47.82903483538635],[-83.70546252275082,47.82942533540847],[-83.70657592322289,47.83028093546982],[-83.70709422345013,47.83073663550695],[-83.70799112387867,47.83179533561137],[-83.708240724004,47.83213613564728],[-83.70837952407372,47.83232603566733],[-83.70838712407729,47.832334835668185],[-83.70877762426245,47.83278453571196],[-83.70909942443613,47.83331683577208],[-83.71087302543624,47.836577436152204],[-83.71122052561589,47.83709103620799],[-83.71160722580568,47.837585936258755],[-83.7120597260142,47.83806093630259],[-83.71253742622737,47.83850873634086],[-83.71305342644804,47.83891943637143],[-83.71360812667754,47.83930223639551],[-83.71478032714738,47.83999433642899],[-83.71656522787707,47.841157936496245],[-83.71892562882779,47.84258673656888],[-83.71947932905464,47.84295153659033],[-83.72598683168877,47.846990336805106],[-83.72777793240179,47.84800963685045],[-83.72839423263815,47.84829193685586],[-83.72904843288076,47.84852833685222],[-83.72975363313387,47.848718536838696],[-83.73048303338875,47.848863136816924],[-83.73125023364996,47.848961836786046],[-83.73202803390744,47.84900643674658],[-83.7328300341668,47.849005236698815],[-83.73517083489442,47.8487784365262],[-83.73826603584733,47.84840763628738],[-83.73991493635918,47.84824233616497],[-83.74159573689415,47.848175136055225],[-83.7424254371647,47.84819133600841],[-83.74492393800293,47.8484196358941],[-83.74575463827613,47.84845363584987],[-83.74997193968973,47.84882953565544],[-83.75169284027054,47.8490132355806],[-83.75432354114749,47.84921103545384],[-83.76498984472589,47.85018733496565],[-83.76587444501753,47.8502290349193],[-83.76673504530847,47.85032513488248],[-83.76759344559288,47.85037643483913],[-83.7782582491656,47.85131543434514],[-83.77989964972201,47.8515096342765],[-83.7814242502492,47.85176963422458],[-83.78288495076306,47.85208523418466],[-83.78441725131162,47.85248893415364],[-83.78517505157915,47.852659634133936],[-83.78593675185729,47.8529019341247],[-83.78743005239572,47.85332463409877],[-83.78817505266026,47.85350443408124],[-83.78957295316339,47.85389343405593],[-83.79023595339699,47.85403923403816],[-83.79421085482338,47.85511233396133],[-83.79457715495485,47.855211433954295],[-83.79620605554136,47.85566663392512],[-83.79682895576214,47.85581343390987],[-83.79991035687168,47.85667403385453],[-83.80332805809479,47.85757143378462],[-83.80414325839006,47.857812433771976],[-83.80496895868163,47.857999233750604],[-83.81940796386603,47.86191963347404],[-83.82190366475842,47.862569133421935],[-83.8308739679767,47.86498463324678],[-83.83171426827528,47.865188933227095],[-83.83256546857142,47.865347833200005],[-83.8334274688651,47.865461633165594],[-83.83430036915632,47.86552993312377],[-83.83701867004424,47.86559773297201],[-83.83977407093691,47.865610532809825],[-83.84068667123967,47.865668932764166],[-83.84898607394342,47.8658231322928],[-83.84993767425627,47.86586243224199],[-83.85377837550435,47.865910932020405],[-83.85472547580513,47.86586943195782],[-83.85566877609519,47.865755931884785],[-83.85659617637418,47.865597931806086],[-83.85748197663635,47.86541383172597],[-83.85833767688064,47.86516753163841],[-83.85914927710127,47.86485043154304],[-83.86144657770973,47.863830231254695],[-83.86220937792545,47.86359533117435],[-83.86529037874321,47.862240630789714],[-83.86680317914085,47.86154593059645],[-83.86755097934815,47.86128423051304],[-83.8690531797495,47.86064393032847],[-83.8697949799406,47.8602743302294],[-83.87131658036238,47.859741330059606],[-83.87210578058642,47.85950552997756],[-83.87293758083011,47.85931382989953],[-83.87377138107905,47.85915792982672],[-83.87462098133905,47.85904662975956],[-83.87544578159581,47.85897202969931],[-83.87624698185215,47.858951929648626],[-83.87700938209959,47.85895972960432],[-83.87773348233837,47.85899562956648],[-83.87841898256832,47.85905942953507],[-83.88818448592563,47.86058652917962],[-83.8949935882601,47.861602828924426],[-83.89663718882022,47.861822328858935],[-83.89743648910314,47.86200912883904],[-83.90167299056127,47.8626849286866],[-83.90395169134229,47.86302322860089],[-83.90427569145419,47.86307802858967],[-83.91610739552272,47.86493752815963],[-83.91746869598768,47.8651278281066],[-83.91753699601308,47.86515302810631],[-83.92106999722354,47.86567502797287],[-83.92159229739757,47.86571482794756],[-83.92195629751882,47.86574252792997],[-83.92251399770011,47.865750627897896],[-83.92285299781031,47.865755627878386],[-83.9245238983422,47.86569462776958],[-83.92587889877352,47.865645227681384],[-83.93351580120432,47.86536652718407],[-83.93436810147558,47.86533522712853],[-83.93543470181503,47.865296027059046],[-83.93674530223214,47.86524782697365],[-83.93722000238535,47.865246726945124],[-83.93755910249482,47.86524582692476],[-83.93790870260764,47.865245026903764],[-83.93848580279926,47.86528432687508],[-83.93919420304329,47.86539902684984],[-83.93926980306931,47.86541122684709],[-83.93934960309679,47.86542412684425],[-83.93937330310517,47.86542942684358],[-83.93996040331224,47.86556152682816],[-83.94017570338823,47.86560992682246],[-83.94108720371878,47.86588352680861],[-83.94166290393729,47.86612982681077],[-83.94197790406099,47.866296026816585],[-83.9422970041863,47.8664644268225],[-83.94287980442364,47.86683652684287],[-83.94315070453985,47.867053726858906],[-83.94360820473605,47.867420726886046],[-83.94400550491768,47.86782432692215],[-83.9443510050863,47.8682564269656],[-83.9449160054011,47.86925872708048],[-83.94496260546231,47.86960842712956],[-83.94564030610645,47.87283052756688],[-83.94575760619979,47.873250527622105],[-83.94626010647325,47.87409242771692],[-83.94644610656127,47.87430362773716],[-83.94695430678784,47.874776527776895],[-83.9475259070264,47.87518472780324],[-83.94818680728405,47.8755186278133],[-83.94891100755358,47.87578802780996],[-83.94965770782085,47.875984827794525],[-83.95040170808008,47.87612762777124],[-83.95126100836552,47.8761866277286],[-83.95299670891922,47.87613292761695],[-83.96238191187904,47.87558502697476],[-83.96397361239377,47.87558882688018],[-83.96502361274844,47.87570572683476],[-83.96576781300888,47.8758574268127],[-83.96629801319978,47.87600572680303],[-83.96699511345942,47.87626672679999],[-83.96783491378608,47.87668582681196],[-83.96843351403335,47.877093326836544],[-83.9689682142672,47.87755642687323],[-83.9707328150821,47.879409427042326],[-83.97143711539171,47.88003012709222],[-83.97206591565686,47.88049972712419],[-83.97273241592818,47.88092332714713],[-83.9737109163111,47.88142902716359],[-83.9743973165733,47.881735027167835],[-83.97495791678226,47.88194552716547],[-83.97588481712131,47.88224552715453],[-83.97665841739712,47.882441327137265],[-83.9782135179382,47.88273392708762],[-83.9805373187416,47.88313242700769],[-83.98337231971671,47.883580726904455],[-83.98500412027389,47.88380812684055],[-83.9965195241718,47.885154726350954],[-83.99823142475455,47.88537992628183],[-83.99905562503939,47.88552062625337],[-84.00001842538039,47.88574722622933],[-84.00061102559418,47.8859163262189],[-84.00131992585419,47.88615082621118],[-84.00206532613441,47.886449326210744],[-84.00276902640466,47.886773626216716],[-84.00335302663458,47.887086026228005],[-84.00406392692297,47.887530026251234],[-84.00407062692567,47.887533926251365],[-84.0045409271165,47.88782772626675],[-84.00509352734692,47.88822022629176],[-84.00574292761374,47.888651526316764],[-84.00627022783038,47.88900152633704],[-84.00897212894066,47.89079602644105],[-84.00904802897492,47.8908699264474],[-84.00963062920802,47.89120902646277],[-84.01022852944133,47.89151252647188],[-84.0109349297065,47.89179182647098],[-84.01233413020259,47.892125426436564],[-84.01307693045699,47.89223462640825],[-84.01398233075967,47.8923122263655],[-84.01477213101393,47.89230572631726],[-84.01555103125867,47.892254026262904],[-84.01607683141957,47.892186726221496],[-84.01709163172106,47.89198812613128],[-84.01783843193746,47.891800726058776],[-84.01820993204333,47.89169412602075],[-84.01907623229025,47.89144582593207],[-84.01987573252505,47.891268725858],[-84.02067043276338,47.89113052578988],[-84.02068943276913,47.89112752578832],[-84.02174763310147,47.89105632571441],[-84.02232323328697,47.89105332567947],[-84.02312273355271,47.89110992563996],[-84.02427723394742,47.891274925595205],[-84.02444543400682,47.891313125590784],[-84.02453403403808,47.89133332558846],[-84.02534653432494,47.891517925567115],[-84.02543943435776,47.89153902556472],[-84.02567593444344,47.89160952556098],[-84.02585453450821,47.89166282555817],[-84.02808353531613,47.89232742552299],[-84.02885353559283,47.892539025508206],[-84.02949303582271,47.8927149254959],[-84.03046983616892,47.89294712547178],[-84.03114553640258,47.89306362544852],[-84.03161793656321,47.89312472542924],[-84.03366903726076,47.8933898253456],[-84.03643413819539,47.89370422522642],[-84.04705074179616,47.89500382478234],[-84.04780664205595,47.895122224754545],[-84.04857344232524,47.895285924732775],[-84.04936444260846,47.89549532471637],[-84.04952504266726,47.895547924714535],[-84.05013944289234,47.895749124707464],[-84.050898943176,47.89603862470478],[-84.05123274330411,47.89619212470748],[-84.05160314344636,47.89636282471055],[-84.05295494397578,47.897063324733146],[-84.05358814423249,47.897457424753505],[-84.05440704455344,47.89788352476742],[-84.05628584530376,47.898966524815],[-84.05709134562032,47.899392124829696],[-84.05756934581449,47.89969232484546],[-84.05811594602748,47.89996732485338],[-84.06043634695182,47.90128662490937],[-84.064692648638,47.90363622500166],[-84.06666244942525,47.904775525052045],[-84.07181465146716,47.90762452516427],[-84.07770485380733,47.910924225298764],[-84.0790691543445,47.911651825324455],[-84.07982765463144,47.91196812532572],[-84.0806272549294,47.912267425321936],[-84.08146995523427,47.91251382530778],[-84.08234255554167,47.91270692528393],[-84.08321755584392,47.91285522525334],[-84.08421495618126,47.91297052521045],[-84.08502785645251,47.913036325171376],[-84.09082555835124,47.91323732485292],[-84.09284965901776,47.91333522474582],[-84.09317485912486,47.91335082472859],[-84.09347985922386,47.91335492471089],[-84.09392385936802,47.91336092468509],[-84.09448555955484,47.913402124657445],[-84.09486265968032,47.913429824638904],[-84.09541685986464,47.91347062461162],[-84.09618806012583,47.9135621245788],[-84.09753886059643,47.913821324536016],[-84.09846246092637,47.9140605245159],[-84.09918496119198,47.91430382450849],[-84.09995706148334,47.914620224508845],[-84.10118026196136,47.915245124527736],[-84.10203386230799,47.91577952455544],[-84.10281666264113,47.91638422459779],[-84.10365566301772,47.91717932466493],[-84.10409746322411,47.91765832470923],[-84.10437626338326,47.91817832476932],[-84.10478336359739,47.9188004248368],[-84.10599606438439,47.921773525203335],[-84.11003176695114,47.93126962636401],[-84.1107126673942,47.93294602657076],[-84.11122096772488,47.934197126724996],[-84.11132796778627,47.93439852674832],[-84.11148756787775,47.9346987267831],[-84.11172386802916,47.93526262685215],[-84.11201476819595,47.93580982691553],[-84.11254786847053,47.936579126997096],[-84.1129372686575,47.93703882704155],[-84.11338086886094,47.93749092708166],[-84.11383966906456,47.93790742711559],[-84.11435296928359,47.938307227143795],[-84.1149084695116,47.93867212716428],[-84.11606316997342,47.93934002719348],[-84.12043067170048,47.94171732728184],[-84.1207292718195,47.94188682728892],[-84.12101597193062,47.9420259272922],[-84.12192037228112,47.94246452730254],[-84.12213777236539,47.94257002730507],[-84.12262367254567,47.94274552730177],[-84.12325327277927,47.942972927297426],[-84.12350307287196,47.94306312729578],[-84.1242544731435,47.943279927282546],[-84.12507467343266,47.943462527260166],[-84.12561297361927,47.9435584272419],[-84.1256279736245,47.94356112724146],[-84.12589687371769,47.943609027232306],[-84.12673447400297,47.9437200271983],[-84.12812237446296,47.94380872712789],[-84.13688707734386,47.944189726656674],[-84.13833157781505,47.944225726575056],[-84.1462145804056,47.944566026150746],[-84.14891478128995,47.94466022600206],[-84.15043698179244,47.94474292592262],[-84.15213508234748,47.94479412582797],[-84.15242428244326,47.944812125813144],[-84.1527882825638,47.94483482579462],[-84.15285588258621,47.944839025791154],[-84.15323038270832,47.94484832576995],[-84.16161358546121,47.945196825316536],[-84.16395688623066,47.945294025189696],[-84.16448168640298,47.9453158251613],[-84.16520688663225,47.94527982511229],[-84.16576018680071,47.9452034250677],[-84.16666718707006,47.94502782498713],[-84.17372738914776,47.94351942433916],[-84.17547128965775,47.94312342417562],[-84.17619528986955,47.94295912410773],[-84.17670329002071,47.94286332406299],[-84.17758899028433,47.94269642398498],[-84.17831619050939,47.9426243239305],[-84.17980509098408,47.94257992383426],[-84.18056549123678,47.942634623796515],[-84.18131009149039,47.94273392376629],[-84.18206509175454,47.94288742374345],[-84.18343209225914,47.943362023731055],[-84.18409809251587,47.943675223737145],[-84.18485189281577,47.94409882375426],[-84.1873923938435,47.94565462383066],[-84.19043619508105,47.94756492392903],[-84.19069189518359,47.94771502393579],[-84.19174719560701,47.94833482396359],[-84.1919915957021,47.948456323966774],[-84.1924514958811,47.948685023972814],[-84.19318439615975,47.949000123975075],[-84.19378459638139,47.94920912396975],[-84.19418369652878,47.94934822396617],[-84.19469849671346,47.949486823955596],[-84.19487019677403,47.94952532395093],[-84.19573599707942,47.94971962392736],[-84.19627319726891,47.949840223912766],[-84.19690279748774,47.94995742389212],[-84.19730049762602,47.950031523879055],[-84.20200189926032,47.95090692372463],[-84.20216379931576,47.95093052371838],[-84.2028923995651,47.951036623690065],[-84.2053579004243,47.95151152361137],[-84.20610050068306,47.95165462358767],[-84.20620160071715,47.95166562358324],[-84.20631360075492,47.95167782357829],[-84.20968000192562,47.952308023468156],[-84.21432340354036,47.95317722331617],[-84.2163328042373,47.95353982324837],[-84.21818390487934,47.95387382318591],[-84.21824450490055,47.953885923184046],[-84.2200395055275,47.954242723128345],[-84.22298340654744,47.954765723027776],[-84.22437850703082,47.9550136229801],[-84.22503880726114,47.95514262295928],[-84.2257969075256,47.955290822935396],[-84.22681860787992,47.95547472290084],[-84.22908750866671,47.955883222824106],[-84.23014750903702,47.95609452279126],[-84.23073090924089,47.95621082277317],[-84.23240940982272,47.95651152271613],[-84.23491071068979,47.95695952263118],[-84.23931901222194,47.95777892248575],[-84.24708791492196,47.95922302222943],[-84.24808411526624,47.95939382219438],[-84.24814891528865,47.959404922192086],[-84.24873411549089,47.95950532217154],[-84.24899131557842,47.959539122160976],[-84.2504105160613,47.95972562210278],[-84.25150371642714,47.95982362205117],[-84.25329381701768,47.95992042195725],[-84.25460971744297,47.959925921878536],[-84.25465991745918,47.95992612187559],[-84.25598791788344,47.95989492179072],[-84.2569640181863,47.95980472171845],[-84.25748201834699,47.95975672168009],[-84.25807461853083,47.959701821636166],[-84.25934621892027,47.959546421536444],[-84.26220071979444,47.959197421312474],[-84.26246291987613,47.95917572129344],[-84.26312912008369,47.95912062124506],[-84.26656512113641,47.95870452097606],[-84.26672922118665,47.958684520963196],[-84.26761692146383,47.95861572089938],[-84.26778472151729,47.95861082088851],[-84.26948012205753,47.958560720778685],[-84.2696429221094,47.95855592076814],[-84.26994082220594,47.95855952075062],[-84.27069142244933,47.95856882070665],[-84.27119582261285,47.958574820677036],[-84.2720909229081,47.95862312063006],[-84.27303862322445,47.95870242058442],[-84.27448872370847,47.95882372051462],[-84.27734602466222,47.95906282037715],[-84.2791217252503,47.95917692028655],[-84.28070222578027,47.959327320213156],[-84.28076132580006,47.95933282021043],[-84.28195672619889,47.95943122015258],[-84.28670352778236,47.95982211992313],[-84.28727702797372,47.95986941989542],[-84.29084502916392,47.96016321972291],[-84.2921457295978,47.96027031966],[-84.29332682999181,47.96036771960289],[-84.30872283512296,47.96160251885323],[-84.31143023602756,47.96183691872386],[-84.31177183614291,47.96187591870894],[-84.31232253632899,47.96193891868489],[-84.31297493654311,47.96196681864954],[-84.31324493663173,47.96197841863489],[-84.31403243689498,47.96204751859738],[-84.3167390377997,47.96228511846851],[-84.3193528386699,47.96248831834024],[-84.32302393989205,47.96277381815999],[-84.32790354152101,47.96318711792541],[-84.33122764263068,47.963468717765565],[-84.33277034314392,47.96358631768939],[-84.33377654347868,47.96366311763982],[-84.33438924368643,47.96373921761388],[-84.33535304401332,47.963859017573164],[-84.33546724405204,47.96387321756835],[-84.3359649442238,47.96395701755049],[-84.33666354446483,47.9640746175255],[-84.3371408446295,47.964155017508425],[-84.33758384478541,47.96425211749589],[-84.33810954497034,47.96436721748102],[-84.33851884511435,47.96445691746943],[-84.34358924690882,47.96564511733716],[-84.34449184722202,47.96581001730671],[-84.3451586474451,47.965870417275184],[-84.34593464769245,47.965848917225074],[-84.3460441477273,47.96584591721794],[-84.3460954477428,47.96583781721364],[-84.34684114796744,47.96572041715121],[-84.34764214819793,47.965513917072265],[-84.34839104840788,47.965279316992365],[-84.35991605158608,47.961280015705036],[-84.36038015171401,47.96111881565319],[-84.3642942527933,47.95976071521597],[-84.36534555307978,47.95937091509485],[-84.37138595474677,47.95728691442181],[-84.37214995495667,47.95701641433567],[-84.37236825501967,47.95696171431442],[-84.37238075502331,47.95695871431316],[-84.37246595504666,47.95692811430355],[-84.37435905556542,47.956248114088595],[-84.38215795771596,47.953546913218],[-84.38241715778699,47.95345381318857],[-84.38301855794879,47.95321551311703],[-84.38369235811966,47.95287101302546],[-84.38434435827008,47.9524269129205],[-84.38473805834735,47.95205801284235],[-84.38522375842315,47.95145721272441],[-84.3855185584465,47.95092401262802],[-84.38633815845436,47.949017012297546],[-84.38674325846893,47.9481534121458],[-84.38715795846113,47.94710111196567],[-84.38740895847995,47.94663891188237],[-84.38754615850107,47.94646701184875],[-84.38780275854052,47.946145211785804],[-84.38792375855914,47.945993711756145],[-84.38797205856919,47.94595271174722],[-84.38866545871335,47.94536271161823],[-84.38917025883448,47.94505331154206],[-84.38924575885257,47.94500701153066],[-84.38928525886291,47.94498911152565],[-84.38970595897291,47.94479891147215],[-84.38988985902097,47.94471571144874],[-84.39034035914334,47.94454601139642],[-84.39059475921702,47.94448431137191],[-84.39089415930376,47.94441161134306],[-84.39149285947711,47.94426631128532],[-84.3917898595665,47.94421911126039],[-84.40060246222605,47.94288031052873],[-84.40269296285993,47.942585710358514],[-84.4030512629703,47.9425478103312],[-84.40342246308462,47.942508610302895],[-84.40437596337826,47.94240781023023],[-84.406322763992,47.94230781009737],[-84.41580946699835,47.941936909467124],[-84.41712546741294,47.941867609377084],[-84.41798686767855,47.94177900931175],[-84.41966176817961,47.94149270916798],[-84.41985996823792,47.94145150914987],[-84.42021966834373,47.94137680911702],[-84.42212446890412,47.94098120894318],[-84.4240066694544,47.94056450876756],[-84.42537246985856,47.94029820864542],[-84.4265064701994,47.94011670854987],[-84.4282943707565,47.939976908420746],[-84.4435319756004,47.93950250742574],[-84.44394627573209,47.93948960739866],[-84.4445111759108,47.93946560736084],[-84.44630807647921,47.93938920724044],[-84.44987427761431,47.939289507009136],[-84.45168537819073,47.939238806891694],[-84.45257217846805,47.939177506828834],[-84.4543659790474,47.939190206721676],[-84.45701377991041,47.939267006572116],[-84.45791078019954,47.939269006517954],[-84.46731528325456,47.93946780597572],[-84.46901578380236,47.939469405872615],[-84.47760428659188,47.939649405377054],[-84.47982698730802,47.93965320524249],[-84.4812493877581,47.93959440514733],[-84.48848019005042,47.93933000466876],[-84.48923229028628,47.9392834046162],[-84.49375249172084,47.93913030431874],[-84.49946859352922,47.93889500393645],[-84.50000639369668,47.938852803897525],[-84.500826593951,47.938780703837004],[-84.5021871943663,47.93861230372948],[-84.50756319598048,47.937749503275455],[-84.5086951963204,47.937567803179846],[-84.50870529632346,47.937566303179025],[-84.51021299678645,47.93740100306297],[-84.51096479702336,47.93736340301166],[-84.51172849726774,47.93735280296362],[-84.51191459732837,47.93735810295309],[-84.5130971977134,47.93739090288599],[-84.51319959774675,47.93739370288011],[-84.51325699776591,47.93739880287739],[-84.5141686980702,47.93747900283372],[-84.51455969820061,47.937513202814976],[-84.51480499828384,47.937544702804644],[-84.51522899842765,47.937599102786855],[-84.51582399862941,47.93767550276191],[-84.51700419904185,47.93791700272562],[-84.51808829943033,47.938210402702786],[-84.51813689944815,47.938226802702246],[-84.51963019999654,47.93872960268529],[-84.52096240050166,47.939295702687495],[-84.52096880050411,47.93929840268749],[-84.52101100052073,47.939321002688274],[-84.52195060089085,47.93982330270497],[-84.52369500158619,47.94081650274485],[-84.52593810247848,47.9420798027941],[-84.52729380301943,47.942855702825675],[-84.5278411032385,47.94317350283911],[-84.528319503429,47.94344470284985],[-84.52862590355126,47.94362010285698],[-84.52890500366266,47.94377990286348],[-84.52939450378162,47.94349380279163],[-84.52990340380622,47.9424619026089],[-84.53117420419807,47.94233480251284],[-84.53211130445025,47.94196870240191],[-84.533216504606,47.94048600211656],[-84.53350330453763,47.93929490192387],[-84.5339849046315,47.9388417018279],[-84.53415300464292,47.938525301771115],[-84.53455300467013,47.937772401636],[-84.53478370469365,47.93739610156662],[-84.53530080474629,47.93655260141111],[-84.53636160501257,47.935995901264604],[-84.53675960499078,47.93488430107686],[-84.53715080498496,47.93390780090936],[-84.53776720506534,47.933032700743134],[-84.53809280506168,47.932228500604985],[-84.53827370493299,47.93084190038997],[-84.53883240499462,47.92996560022703],[-84.53990620522869,47.92913900004005],[-84.54066920542952,47.928807599944854],[-84.54151010575981,47.929250499958805],[-84.5422901060807,47.92976949998766],[-84.54325660637468,47.92964329991023],[-84.54325490632253,47.92926039985396],[-84.54325400629921,47.92908949982889],[-84.54317290619885,47.92853879975283],[-84.54300770608214,47.92806719969349],[-84.54261520585402,47.92731209960629],[-84.54244070576104,47.92703839957669],[-84.54213790561055,47.92664499953722],[-84.54104290509865,47.92546069942961],[-84.54084170499696,47.92518649940152],[-84.54057990485738,47.92477599935709],[-84.54045020476676,47.924413299311624],[-84.54036130469305,47.92407839926771],[-84.54034800468142,47.92402409926054],[-84.54031750460607,47.92353759919079],[-84.54033330456636,47.9232049991409],[-84.54049690453455,47.92257859903878],[-84.54064600453934,47.92225789898248],[-84.54079030455586,47.922035998941055],[-84.54140800463517,47.92114959877299],[-84.54167580464565,47.920588298674126],[-84.5417389046383,47.92038269864001],[-84.5418065046202,47.92008719859241],[-84.54182080454605,47.919502498505494],[-84.54169500444458,47.919049998446575],[-84.54138430402463,47.91667459811589],[-84.54133380397111,47.916397898078195],[-84.54132710396398,47.91636059807313],[-84.54085820347241,47.913831197729344],[-84.5407476033335,47.913063697623116],[-84.54071430330333,47.91291919760382],[-84.54064710324391,47.91263879756669],[-84.54060190320621,47.912466697544076],[-84.54054350316304,47.912285597521],[-84.5404723031145,47.912095097497264],[-84.54040080306588,47.91190479747361],[-84.54033000301621,47.91170509744852],[-84.54024410296648,47.91154129742965],[-84.54018370292872,47.91140509741328],[-84.54007220286829,47.91122269739319],[-84.53995850281201,47.91107629737856],[-84.53984640275142,47.91089389735856],[-84.53964460265199,47.91063759733306],[-84.53916290242049,47.91006939727875],[-84.53798050186349,47.90875729715753],[-84.5368646013293,47.907455597033774],[-84.53623980104054,47.90680329697575],[-84.53592140089235,47.90646349694506],[-84.5356280007572,47.90616039691829],[-84.53543810066525,47.90593119689611],[-84.53527540058099,47.905693796871056],[-84.53517540052913,47.905547696855656],[-84.53506200047298,47.905401296840985],[-84.53498850042969,47.905255696824],[-84.5349281003919,47.90511929680762],[-84.53486760035416,47.90498319679125],[-84.5348232003143,47.90479329676598],[-84.53480580028202,47.904594896737834],[-84.53477550024432,47.904387296709096],[-84.53477200021536,47.90418029667884],[-84.53476840018631,47.90397319664856],[-84.53476570015519,47.90374819661559],[-84.53478760013805,47.90356859658777],[-84.53483930012219,47.90332689654909],[-84.53487410011043,47.903156496521866],[-84.53491630008055,47.902833696471724],[-84.53496540007107,47.902645796441114],[-84.53504200006809,47.90244039640617],[-84.53511840006625,47.90224409637264],[-84.53518030006211,47.90206539634257],[-84.53528240007105,47.90188769631012],[-84.53535530007777,47.90176319628739],[-84.53543970009305,47.90167509626926],[-84.53559480012034,47.90150739623516],[-84.53589230016968,47.90116289616628],[-84.53594780018167,47.90111909615649],[-84.5361579002232,47.90092559611518],[-84.53664400032895,47.900549396030215],[-84.53718710044343,47.900101895931265],[-84.53783980058624,47.89960299581811],[-84.53897890083364,47.89871859561853],[-84.54012000107683,47.897798295413544],[-84.54284490166212,47.89563409492901],[-84.54383470186711,47.894791494744695],[-84.54412350193778,47.8946265947028],[-84.5443049019749,47.8944685946685],[-84.54451510201524,47.894266094625884],[-84.54467080204152,47.89408939459037],[-84.54481420206027,47.8938857945517],[-84.54497060208433,47.89369089451349],[-84.54507250209322,47.89351319448107],[-84.54516180209676,47.89332609444812],[-84.54525520208958,47.893049194401634],[-84.54534320209635,47.89288909437269],[-84.54543090210302,47.89272899434375],[-84.54550530210535,47.89256869431564],[-84.54556690210237,47.892398994286886],[-84.54561860208642,47.89215709424812],[-84.5456537020736,47.89197789421955],[-84.54568930205973,47.891789694189704],[-84.54571250203946,47.89158329415785]]]},"properties":{"OFFICIAL_NAME":"35"}},{"type":"Feature","geometry":{"type":"Polygon","coordinates":[[[-84.43533728492157,47.270912108362566],[-84.43538928492187,47.2707856083404],[-84.43540428492172,47.27074720833373],[-84.43545778493336,47.27070510832422],[-84.43547318493387,47.27067090831813],[-84.43556468494694,47.270545508293765],[-84.43558748494834,47.27049980828555],[-84.43561798495011,47.27043820827447],[-84.43571708496458,47.270304708248425],[-84.43578608498373,47.27028240824095],[-84.43585458500462,47.27027470823569],[-84.43601468505227,47.270247408222005],[-84.43612178508118,47.27020590820935],[-84.43622818510867,47.27015550819543],[-84.43636568514381,47.270087308176976],[-84.43643438516125,47.27005250816759],[-84.43666318522216,47.269957908139666],[-84.43691508529619,47.26990770811708],[-84.43696848530878,47.26987340810875],[-84.43705268532682,47.269804708093325],[-84.4371059853326,47.26971740807703],[-84.43712118532915,47.269652908066405],[-84.43714428532513,47.269564408051686],[-84.43717418532194,47.26946540803502],[-84.4372050853121,47.26931280801015],[-84.43724328529674,47.269099007975704],[-84.43731948529108,47.268866107936056],[-84.43755588531059,47.268431507856484],[-84.43778458533795,47.26807710778945],[-84.43811288540302,47.267768007723305],[-84.4384867854807,47.26744390765217],[-84.43891398558134,47.267165907584754],[-84.43936428568674,47.266867507512934],[-84.43955468572837,47.26671900747919],[-84.4403101859255,47.266375707382345],[-84.44070698602562,47.26616910732752],[-84.44118008614684,47.26593700726432],[-84.44153838624165,47.26578430721991],[-84.44190488633755,47.26562010717331],[-84.4424161864759,47.26542590711352],[-84.44283568659706,47.26532660707352],[-84.4433090867208,47.265113107013065],[-84.44356068679035,47.26502940698548],[-84.44384298686623,47.26491810695184],[-84.44411748693969,47.26480780691881],[-84.44442278702641,47.264724206888],[-84.4446745870979,47.26465480686249],[-84.44495698718224,47.26460910683873],[-84.4451932872504,47.26455250681611],[-84.44542228731967,47.264522006797854],[-84.44567398739952,47.26451780678216],[-84.44591048747664,47.264529906769845],[-84.44616238756726,47.26460880676668],[-84.44616998757068,47.26461650676742],[-84.44646758768054,47.26473120676689],[-84.44667348776305,47.26486120677418],[-84.44685708783983,47.26500190678439],[-84.44715418794856,47.265108906782764],[-84.44728398799506,47.2651479067809],[-84.44774958817416,47.26538340678854],[-84.44818428834206,47.265608806796536],[-84.44853528846996,47.265731006793935],[-84.44884038858015,47.265829806790585],[-84.44912268867819,47.26589100678294],[-84.44943568878715,47.2659604067747],[-84.44972558888763,47.26602130676656],[-84.45026728906306,47.26603990673697],[-84.45088508927266,47.26613500671439],[-84.45157948950337,47.266204006683296],[-84.4522278897228,47.26629920665892],[-84.45268588987746,47.26636400664127],[-84.45402109033196,47.26658140659423],[-84.45471539058038,47.266787806583835],[-84.45521879075984,47.266932406575535],[-84.455684690917,47.26699700655747],[-84.4560814910452,47.26700850653545],[-84.45726359146913,47.26736780651893],[-84.45801119173099,47.26754650650114],[-84.4590721920832,47.26764950645327],[-84.4600178924134,47.26786730642954],[-84.46107089278668,47.26815390640971],[-84.46205519313746,47.26843570639336],[-84.46283329341155,47.26863380637666],[-84.46358869368282,47.268866206366525],[-84.46441259397949,47.26912590635632],[-84.46513759424698,47.26940440635496],[-84.46573279446675,47.26963400635396],[-84.46639639472342,47.26998050636643],[-84.46693819493298,47.27026330637659],[-84.46725849505347,47.27040430637872],[-84.4675556951655,47.27053700638092],[-84.46827319541642,47.27070540636339],[-84.4688530956252,47.270888106356196],[-84.46946359584541,47.27108340634908],[-84.47089789634485,47.271403306311505],[-84.47183659666248,47.27154120627615],[-84.4725536969028,47.27162880624644],[-84.47314859710514,47.271724206225265],[-84.47391929736598,47.2718381061963],[-84.47505609773017,47.27184630612958],[-84.47583489798478,47.27189190608984],[-84.47628449813182,47.27191830606693],[-84.47712369841264,47.2720176060317],[-84.47800109868838,47.271982905974],[-84.47877929893203,47.271944805921734],[-84.48037419942277,47.27180050580465],[-84.48135819971432,47.27162430571928],[-84.48206019991831,47.27146790565377],[-84.4826247000691,47.27123940558556],[-84.48302910017608,47.27106740553551],[-84.4835250003129,47.27090060548076],[-84.48408960047152,47.27073240542166],[-84.48467730063061,47.2705110053532],[-84.48540990082812,47.270228705266845],[-84.48598200098668,47.2700417052045],[-84.48647010112337,47.2698928051529],[-84.48689740124114,47.26974820510557],[-84.48714190130735,47.269656305077085],[-84.48743930138913,47.269553905043935],[-84.48816410159,47.26931680496484],[-84.48945380187085,47.268302304734995],[-84.48986570195807,47.26795900465867],[-84.49084210216846,47.267173204482035],[-84.49210090244377,47.26619200425902],[-84.49344390275897,47.26531190404618],[-84.49370340281716,47.26512060400188],[-84.49430580295197,47.2646748038987],[-84.49529020320709,47.26421610377081],[-84.49685420364946,47.2637747036108],[-84.49859390414977,47.26334680344227],[-84.5000893045583,47.262812803272396],[-84.50172210499696,47.262172303078316],[-84.50356840551498,47.2616186028845],[-84.50542260602468,47.26098140267765],[-84.5055065060496,47.260966402670356],[-84.50707070648932,47.26050440250725],[-84.50853540689057,47.25999040234221],[-84.50985530721536,47.25924220215057],[-84.51038940726819,47.25833040198136],[-84.51045830720057,47.25763640187273],[-84.51048090718811,47.257483901848424],[-84.51082450714658,47.25631240165149],[-84.51148820720825,47.25514900143663],[-84.51257930741922,47.25408500121117],[-84.51399090770546,47.2528111009349],[-84.51498250790272,47.251887300736456],[-84.51623400820829,47.25115940055195],[-84.51639450824813,47.251071100529096],[-84.51814140873537,47.25052590034243],[-84.51982770923864,47.25025460020072],[-84.52135350971479,47.2501705000967],[-84.52340581036302,47.25011739996589],[-84.52536691098018,47.25004919983826],[-84.52743451161443,47.24985039968454],[-84.52953281225895,47.24965519952954],[-84.53163111286571,47.24916759933055],[-84.53395791356496,47.24883129914061],[-84.53655191434207,47.248438198926145],[-84.53921481513629,47.24800739870185],[-84.54142751580352,47.24770599852403],[-84.54200721598416,47.24767229848424],[-84.54345671643685,47.24759589838592],[-84.5454786170659,47.24747029824596],[-84.54560101710386,47.24746219823741],[-84.54772181775601,47.247271298081635],[-84.55007931846839,47.246962097893906],[-84.55224621908262,47.246363997674095],[-84.55362021944069,47.24574179749813],[-84.55497791978476,47.24505179731298],[-84.55612982005573,47.24430369713134],[-84.55715242031052,47.24375019698673],[-84.55768142046949,47.24367439694364],[-84.5581900206224,47.243601596902224],[-84.55916662095774,47.243785196871386],[-84.56037932139195,47.244151296853865],[-84.56166912186065,47.24459379684317],[-84.5631111223847,47.24508889683134],[-84.56440802287206,47.24565829683936],[-84.56588072343308,47.2463638968573],[-84.56737612398662,47.246955096856695],[-84.56871882447811,47.24744329684973],[-84.56977162484611,47.247691396823946],[-84.57083252517565,47.24762239674998],[-84.57133592526867,47.24709929664113],[-84.57183172532832,47.24633689649662],[-84.57266312547723,47.24543679631137],[-84.57344162558365,47.244338196099314],[-84.5745250258208,47.243498895908054],[-84.57595182616205,47.24261729568984],[-84.57705052643081,47.241984595528784],[-84.57817212672305,47.24147689538512],[-84.57941572707094,47.24109939525381],[-84.58076622746374,47.240805195128544],[-84.5817659277689,47.24069869505263],[-84.58239892796782,47.240675395011195],[-84.58278042808708,47.24065659498546],[-84.58299402815813,47.240679094976045],[-84.58301702816551,47.24067949497476],[-84.58320782821895,47.24062169495459],[-84.58333742825585,47.24058739494168],[-84.58345982828959,47.24054639492817],[-84.58361202832926,47.2404774949087],[-84.58366532834182,47.240443294900324],[-84.58371892835302,47.24039769489023],[-84.58374942835721,47.240355094882034],[-84.58381842836397,47.240236994860105],[-84.5839786283831,47.23998929481321],[-84.5840089283695,47.239809294784315],[-84.58400142834296,47.23962279475664],[-84.58401622831713,47.23938609472017],[-84.58403922829935,47.23919179468952],[-84.58411562829464,47.23896669465108],[-84.58417682828062,47.23870699460831],[-84.58420732827656,47.23860049459044],[-84.58423742827235,47.23849349457255],[-84.58426812827271,47.23842079455975],[-84.58429892827473,47.23836009454877],[-84.58434442827395,47.23824169452824],[-84.58440562828218,47.23815429451137],[-84.58445942828543,47.238046694491985],[-84.58452782829795,47.23797499447706],[-84.58464212832105,47.23787149445464],[-84.58481022834809,47.237665794413644],[-84.58506192837122,47.23722369433195],[-84.5853745284078,47.236734694239644],[-84.58567222845441,47.2363607941655],[-84.58596952850253,47.23599929409327],[-84.586084128508,47.23575869405013],[-84.58614502850912,47.235616994025186],[-84.58617582850515,47.235510294007284],[-84.58622932847597,47.23515199395011],[-84.58623672846547,47.23505289393475],[-84.58619852844055,47.23495389392215],[-84.58617602841804,47.23483519390561],[-84.58618322841201,47.23477099389551],[-84.58616072839199,47.234671593881885],[-84.58620642838922,47.23453739385894],[-84.58620642837788,47.234449693845754],[-84.58622152835028,47.234198393807006],[-84.58633612833009,47.233759493734055],[-84.58648112832765,47.233382293668576],[-84.58655742833363,47.23324039364269],[-84.58665642832918,47.23296169359477],[-84.58670222834088,47.23293899358862],[-84.58697692838861,47.232630093525664],[-84.58719822843662,47.23245549348606],[-84.58743472847857,47.23219609343282],[-84.58753402850037,47.232119793415386],[-84.58783922857499,47.231943893370634],[-84.58812872864851,47.23179859333143],[-84.58855622875683,47.23158149327311],[-84.58889962884666,47.23142899322957],[-84.58918182891155,47.23123439318337],[-84.58933432890947,47.23084159311505],[-84.5894335288859,47.230414493044826],[-84.58973102891518,47.229906792950544],[-84.59023472900493,47.229357692837674],[-84.59039532903591,47.22920079280445],[-84.59086792912407,47.22871679270321],[-84.59163852928465,47.22805699255768],[-84.59233282941825,47.227376992413696],[-84.59292042951218,47.226653092269444],[-84.59351542965115,47.22626019217463],[-84.59425562981575,47.22570689204697],[-84.59511033001394,47.22513109190905],[-84.59585033017547,47.22455439177783],[-84.5961022302298,47.22435299173237],[-84.59696413041148,47.223631691572145],[-84.59774233059315,47.22311669144794],[-84.59823843069124,47.222651191348085],[-84.59854343073916,47.222269291272326],[-84.59919973080268,47.221140591062955],[-84.5996498307955,47.21997329086023],[-84.59975693072764,47.21918339073482],[-84.59986333066992,47.21847359062155],[-84.59996293060424,47.21771899050194],[-84.59989393049263,47.217024790401524],[-84.59977173038622,47.216502190330125],[-84.5996175303021,47.2162314902986],[-84.59970213031973,47.21615919028264],[-84.60058663034897,47.21420108993466],[-84.60165263050567,47.212781689657],[-84.60215523051691,47.21162758945303],[-84.6049641312286,47.21020258907004],[-84.60986933272781,47.209701688700555],[-84.61184003337354,47.20983728860289],[-84.61418743430404,47.21124798867463],[-84.61704923540924,47.21274148872805],[-84.61865463600435,47.213386388728914],[-84.61884543608141,47.21351228873642],[-84.61887073609162,47.21352878873736],[-84.61926293626026,47.21386628876467],[-84.61963483639948,47.21402668876655],[-84.62030473665163,47.214325088771346],[-84.62161153708192,47.21443138870895],[-84.62284413743836,47.214148488592436],[-84.62386663775386,47.21406768851897],[-84.62433953790722,47.21408748849362],[-84.62482773806772,47.214125188469964],[-84.62549903829155,47.214201588441234],[-84.62610983849758,47.21428908841777],[-84.62667443869039,47.214388188398836],[-84.62717013886117,47.21448718838399],[-84.62751343897314,47.214506688366335],[-84.62781883907245,47.21452178835035],[-84.6281084391688,47.2145532883377],[-84.62863533934855,47.21464438831983],[-84.62918443953791,47.21475518830354],[-84.62953533965764,47.214816088291656],[-84.6299550397973,47.21486138827333],[-84.63046603996855,47.214926088252405],[-84.63096204014107,47.21503758823944],[-84.6313588402813,47.21514408823169],[-84.63176324042051,47.2152234882194],[-84.63236604062354,47.215307888195944],[-84.63302204083911,47.21535788816409],[-84.63373194107426,47.21542648813187],[-84.63443354129838,47.21543008809034],[-84.63524244155379,47.21541128803896],[-84.635898841765,47.21542628800186],[-84.63658514198427,47.215430387961305],[-84.63737874224415,47.215483887921735],[-84.6379279424359,47.21561268790814],[-84.63830214257685,47.21578078791106],[-84.63860704270608,47.21602868793007],[-84.63883594281855,47.21633418796238],[-84.63900394290948,47.21662358799585],[-84.63919474300344,47.21687978802293],[-84.6394998431362,47.217154588046],[-84.63977434325281,47.21737978806346],[-84.64001084334247,47.21749038806591],[-84.6401943434084,47.217547588063525],[-84.64032354345443,47.21758508806137],[-84.64043824349835,47.217642188063145],[-84.64055274354676,47.2177342880701],[-84.64065164359256,47.217844688080824],[-84.6407663436484,47.217993988096396],[-84.64084244369228,47.21814568811469],[-84.64094224376161,47.21843608815239],[-84.64114804388484,47.21888188820717],[-84.64125464395741,47.21918008824565],[-84.6413232440236,47.21952318829319],[-84.6413691440817,47.219859088340975],[-84.64136114411612,47.220145288384536],[-84.6412699441181,47.220385488426196],[-84.64113244409491,47.22054508845849],[-84.64092644404857,47.22069448849334],[-84.64075104400752,47.220809388521126],[-84.64058344396976,47.22093048854942],[-84.64040764393448,47.221091288584184],[-84.64013334386722,47.22124738862417],[-84.63990404381775,47.22143008866541],[-84.6396371437633,47.221666988717104],[-84.63934734370743,47.22194948877703],[-84.63911074366399,47.22219678882843],[-84.63848504356616,47.222982788984275],[-84.63832474354611,47.22322298903008],[-84.63820274352797,47.22338328906152],[-84.6380119434923,47.22357828910235],[-84.63784414346053,47.223745989137676],[-84.63763044340573,47.223849189165975],[-84.63733284332172,47.223932889196455],[-84.63697424321423,47.22398588922599],[-84.6365318430817,47.22405158926241],[-84.63613494296,47.22408898929185],[-84.63581444287067,47.22418818932599],[-84.63555514280633,47.22433018936295],[-84.63536444276468,47.22447808939667],[-84.63508244273541,47.224947189484176],[-84.63492224272137,47.22523338953686],[-84.63476154272102,47.22562678960574],[-84.63470824274201,47.22592088965324],[-84.63468534276731,47.22617278969249],[-84.63477694283044,47.22643508972649],[-84.63487624288933,47.22664568975218],[-84.63494474292733,47.22677068976691],[-84.63513534302018,47.22701878979284],[-84.63538714314438,47.227358489828845],[-84.63553994322956,47.22764028986208],[-84.6357459433481,47.22804908991124],[-84.63597464350443,47.22869428999463],[-84.63602824355057,47.22891899002523],[-84.6360893436169,47.229281290076074],[-84.63608954365397,47.22956699011908],[-84.63606644368713,47.22988049016766],[-84.63608164374676,47.230304090230476],[-84.63612734379971,47.2306008902724],[-84.63622654384812,47.23073039028595],[-84.63639444391006,47.230795890285734],[-84.63653934396369,47.230853190285636],[-84.63672254402603,47.23088339027921],[-84.6369666441107,47.23093639027251],[-84.63730984423255,47.23103229026638],[-84.63758484433163,47.23112059026315],[-84.63792804446271,47.23128829026776],[-84.63850774469086,47.23162309028338],[-84.63888194484282,47.2318755902989],[-84.63930124501697,47.2321884903208],[-84.63970594517755,47.23243209033321],[-84.63993464527218,47.23260009034473],[-84.64030834542345,47.23284839035966],[-84.64077394561974,47.23321829038739],[-84.64096444570208,47.2333853904011],[-84.6413002458532,47.23372579043219],[-84.64136164588213,47.233798090439386],[-84.64246764623759,47.23382019037629],[-84.64297884641344,47.23391979036058],[-84.64336804655385,47.23404569035617],[-84.64371894668993,47.23423279036325],[-84.64393964680171,47.23455279039813],[-84.64400884685888,47.23482419043485],[-84.6438792468462,47.23504529047588],[-84.64370354680257,47.23514109050084],[-84.64366564679297,47.235160190506015],[-84.64357374676649,47.23518229051481],[-84.64339844671515,47.23521709053062],[-84.64325344667529,47.23526659054677],[-84.6429711465977,47.23536229057808],[-84.64281864655887,47.235437990598655],[-84.64272694653762,47.2354995906134],[-84.64258974650762,47.23560619063766],[-84.64247534648594,47.235720190661745],[-84.64223114643178,47.23590339070394],[-84.64224624643914,47.23592299070596],[-84.6428185466744,47.23633129073305],[-84.6432379468495,47.2366507907559],[-84.64338334691172,47.23677339076567],[-84.64352084697231,47.23690289077687],[-84.6436195470156,47.2369941907847],[-84.6437114470534,47.23705999078908],[-84.64380274709087,47.23712459079329],[-84.64391744714027,47.237223290801296],[-84.64407014720375,47.2373376908093],[-84.6442071472594,47.237430090815],[-84.64454304740687,47.23774219084177],[-84.64455044740922,47.2377419908413],[-84.64456584742207,47.237803390849606],[-84.64458854743428,47.2378419908541],[-84.64464974746113,47.23789849085889],[-84.64470314748407,47.237944090862555],[-84.6447411474986,47.23796319086313],[-84.64487094754354,47.237990490859445],[-84.64487114754505,47.238001690861125],[-84.6449473475778,47.23806689086637],[-84.64501584760403,47.238100690867306],[-84.64509224763334,47.23813889086848],[-84.64514574765536,47.23817749087107],[-84.6452677477051,47.23826149087639],[-84.64533604773374,47.23831429088021],[-84.64534394773784,47.23832649088159],[-84.64543544777887,47.2384180908899],[-84.645855247965,47.23882209092548],[-85.83483193349034,47.30103382754509],[-85.83484333349404,47.30103442754444],[-85.8344512333483,47.30087172754471],[-85.83026723179357,47.29913632754754],[-85.74800410121746,47.2649099275739],[-85.6550655666718,47.22611812755348],[-85.56566943344119,47.188680827483566],[-85.48130010207798,47.153236927372305],[-85.40533497383801,47.12123052723432],[-85.3343503474488,47.09124272707295],[-85.26005661982883,47.05977432687052],[-85.18774499294524,47.02906402664039],[-85.11700716664635,46.9989444263837],[-85.04222793884458,46.967020226078276],[-84.97651621441383,46.938895725780846],[-84.917614992515,46.9136296254913],[-84.860144271148,46.88892552518771],[-84.8599807710418,46.888498725132656],[-84.84084465863369,46.83861411869478],[-84.81744454348001,46.77748871078155],[-84.7903916259875,46.706650601577095],[-84.76296710828389,46.63465149218462],[-84.76283860820105,46.63431429214055],[-84.55683852153891,46.4608144776019],[-84.49997790287125,46.45525078007774],[-84.47564409488051,46.45286988113532],[-84.46530719311905,46.46517968364387],[-84.44522738969728,46.489092088515186],[-84.43486478702361,46.49404038988653],[-84.4211439834828,46.50059219170202],[-84.39553597512958,46.498620092895976],[-84.39553297512859,46.49861989289607],[-84.37955167103303,46.506506895049526],[-84.37845207075117,46.50704949519763],[-84.37414396964695,46.509175495778074],[-84.37414306964664,46.50917549577812],[-84.34571786045845,46.50770639721266],[-84.3424508594023,46.50753749737741],[-84.34189525922272,46.507508897405465],[-84.34189405922234,46.50750879740555],[-84.32517175298305,46.49984209719696],[-84.31291374876598,46.49713259749342],[-84.29375514217467,46.49289769795609],[-84.2906396411882,46.4929075981393],[-84.28941474080035,46.49291149821129],[-84.27625513663324,46.49295319898493],[-84.26547733339568,46.49442549984093],[-84.25481203079403,46.500813801450796],[-84.25481073079368,46.500814401450974],[-84.22589542568547,46.53406280827784],[-84.22589412568523,46.534064408278184],[-84.19367181621229,46.54023091110825],[-84.18156721115294,46.53027371027282],[-84.1811369109731,46.5299197102431],[-84.1777010095372,46.52709321000577],[-84.17769950953661,46.527092110005675],[-84.16681070598494,46.52631441051866],[-84.15367180205426,46.52828661158777],[-84.15160190149874,46.529119811837],[-84.14683840022016,46.531036612410475],[-84.13947829805582,46.53245301305743],[-84.13947729805551,46.53245321305753],[-84.12900509449274,46.53050891336514],[-84.1290042944923,46.53050751336494],[-84.12747169369496,46.527960513059796],[-84.1233383915451,46.52109211223668],[-84.11819958953078,46.51795321204907],[-84.11819828953004,46.517950712048766],[-84.11114398561944,46.504231010333285],[-84.12520118589914,46.469831704186134],[-84.1257043859093,46.468600503966066],[-84.14606068632365,46.418786595055586],[-84.13900527848106,46.37245318826335],[-84.13857537825126,46.37167868816779],[-84.1379909779388,46.3706256880378],[-84.13770277778472,46.370106487973736],[-84.12008836837369,46.338369884052895],[-84.11067286407565,46.32745598289681],[-84.1105913640385,46.32736148288681],[-84.10594946192005,46.3219809823165],[-84.0736769508456,46.31493928308133],[-84.04856244123162,46.30116318238043],[-84.02278223314812,46.30190448398091],[-83.98376952317027,46.32187738934284],[-83.93849170874414,46.32136709186662],[-83.92332270294484,46.31312799145161],[-83.90872849582873,46.29232818903997],[-83.75046013897936,46.2366856893816],[-83.72993831731424,46.10815677035414],[-83.72977321726538,46.10818667036823],[-83.7284413168714,46.108427970481834],[-83.72564811604498,46.10893387072013],[-83.72256601513313,46.109491970983],[-83.71903571408858,46.110131171284124],[-83.71311271233597,46.111203371789244],[-83.70779951076365,46.11216477224224],[-83.70234160914839,46.11315217270749],[-83.69810360789405,46.113918573068716],[-83.69197060607871,46.11502747359131],[-83.68701020461029,46.11592407401397],[-83.6842809038023,46.11641727424646],[-83.68090910280405,46.1170265745337],[-83.67710380167739,46.1177139748578],[-83.67350760061258,46.118363475163996],[-83.67142059999466,46.11874037534176],[-83.66851419913398,46.119265075589176],[-83.66557539826374,46.11979567583937],[-83.663712397712,46.120131875997956],[-83.66130399699878,46.120566576203],[-83.65921679638063,46.12094327638066],[-83.65680829566732,46.12137787658565],[-83.65500499513318,46.12170317673911],[-83.65149869394193,46.12103267683222],[-83.64841959289573,46.120443776914],[-83.64329099115321,46.11946257705005],[-83.63805628937453,46.11846087718881],[-83.63386038794879,46.117657777299996],[-83.62789688592238,46.11651597745783],[-83.62407048462214,46.11578317755905],[-83.618564182751,46.11472837770457],[-83.61376188111902,46.11380817783142],[-83.6092320795796,46.112939977951015],[-83.60443937795081,46.11202127807742],[-83.60305487748023,46.11175577811391],[-83.59911837614234,46.11100087821764],[-83.59445747455825,46.11010687834037],[-83.59095727336859,46.10943537843246],[-83.58670957192483,46.108620278544166],[-83.58354417084891,46.10801277862744],[-83.5791652693605,46.10717217874247],[-83.57581546822188,46.10652897883042],[-83.57194936690769,46.105786578931806],[-83.57030646623704,46.10451057882349],[-83.568895365661,46.1034142787303],[-83.56836016544254,46.102998678695],[-83.56732906502161,46.102197678626965],[-83.56598286447209,46.10115187853803],[-83.56479556398745,46.10022947845964],[-83.56407706369416,46.099671378412225],[-83.56305866327844,46.098880178344906],[-83.56196926283383,46.098033778272935],[-83.56838718120807,46.23734809983877],[-83.5682600811733,46.23739599985346],[-83.56820188117193,46.2375413998796],[-83.5681221811754,46.23778619992259],[-83.56788588115815,46.23827750001318],[-83.56757238111862,46.238788300111146],[-83.56694848101523,46.23959460027318],[-83.5665318809443,46.24011700037881],[-83.56631638088908,46.240230100408816],[-83.56621078088334,46.240466300451914],[-83.56611428087093,46.24062140048171],[-83.5659668808446,46.240795700517474],[-83.5659431808753,46.24112020056977],[-83.56598568093109,46.241479500623775],[-83.56605768103756,46.24218870073102],[-83.56605628109861,46.24271090081314],[-83.56611328113038,46.24282650082808],[-83.56597698113511,46.24323460089983],[-83.56585118113782,46.24359740096396],[-83.56575978114084,46.24386950101189],[-83.56532578105279,46.24429340110305],[-83.56515738106435,46.244846201199394],[-83.56517658108739,46.24498980122084],[-83.56509638108858,46.24521650126103],[-83.56502438111362,46.24562320132896],[-83.56496268113445,46.24596650138636],[-83.56497988115048,46.24605620139947],[-83.56495688115065,46.24611970141074],[-83.56486828112797,46.24616660142315],[-83.5647801811066,46.24622270143696],[-83.56490068115518,46.2463100014438],[-83.56493458118601,46.24648020146861],[-83.56489848121389,46.246814001523084],[-83.5648608812381,46.24712090157341],[-83.56471328121164,46.24729510160913],[-83.56468748123646,46.24757480165447],[-83.56476288128671,46.24779810168528],[-83.56473178129704,46.247969801714014],[-83.56458888128387,46.24824320176501],[-83.56458728131197,46.24848610180329],[-83.56459438133226,46.24863910182685],[-83.56452708133753,46.24886550186624],[-83.56434098130005,46.2490497019057],[-83.56409658122723,46.249091201926106],[-83.5638710811752,46.24925820196508],[-83.56359918112338,46.249552502026695],[-83.56319618102603,46.249813402090524],[-83.56288008094646,46.249991402136416],[-83.56262138089882,46.25028530219725],[-83.56245648085529,46.2503611022185],[-83.5621882807813,46.250457102248774],[-83.56202198073417,46.25050580226583],[-83.56188268069873,46.250580902285506],[-83.561706680657,46.25070190231453],[-83.56154318061819,46.25081370234137],[-83.56141738058807,46.250897402361595],[-83.56136808057892,46.250952702373105],[-83.56133288057629,46.25102560238653],[-83.56132298058161,46.251097502398395],[-83.56136268059626,46.25111460239881],[-83.56149138063472,46.25109370238823],[-83.56164468067674,46.251036302370544],[-83.56172558071073,46.25110650237696],[-83.56178218074022,46.251204102389075],[-83.56185018077018,46.251274702396316],[-83.56193958079517,46.25124580238668],[-83.56196298079621,46.25119120237679],[-83.56192248077919,46.251156102373585],[-83.56182858074106,46.25108610236792],[-83.56177488071992,46.25105140236551],[-83.56174578070332,46.2509891023574],[-83.56173078069327,46.25094450235124],[-83.56174268069384,46.25091720234627],[-83.56182038071834,46.25091530234159],[-83.56184688072777,46.250923802341404],[-83.56184318071806,46.25085170233028],[-83.56193198073971,46.25079580231647],[-83.56209968079158,46.25078310230501],[-83.56221588082715,46.25077150229653],[-83.56224018083056,46.25073490228942],[-83.56225058082748,46.25068060228032],[-83.56241618087229,46.25061390226047],[-83.56262068092936,46.25054630223824],[-83.56264398093035,46.25049180222839],[-83.56265368092487,46.250419502216495],[-83.56276788095458,46.25036310220114],[-83.56296158101455,46.250349602188024],[-83.56297838102944,46.25043030219976],[-83.5627692809911,46.25066930224915],[-83.56251168094694,46.25098980231406],[-83.56238228094011,46.251280802367084],[-83.56236358095222,46.25143420239224],[-83.56233528095603,46.25154280241092],[-83.56229418095154,46.251615802424695],[-83.56216758091905,46.25168160244217],[-83.56201368087476,46.251721002457124],[-83.56193938085983,46.25179470247287],[-83.56100208060904,46.2521964025891],[-83.56118528068112,46.25231320259705],[-83.56051918060977,46.25350520282196],[-83.56002758062586,46.25496830307956],[-83.55996598072451,46.25597120324049],[-83.56000478083413,46.25679670336782],[-83.55999928091063,46.257460303472286],[-83.55948808082468,46.258110303603324],[-83.55865868065459,46.25890510377511],[-83.5576219803955,46.25950400392793],[-83.55618448000114,46.260037204093166],[-83.55509247972307,46.26062500424737],[-83.55374737940804,46.26158160447381],[-83.55256757915399,46.262609704702065],[-83.5512559788893,46.26390330497955],[-83.55042797872406,46.264735505157105],[-83.54997947863423,46.265183705252895],[-83.5499641786446,46.26531270527402],[-83.54991717862961,46.26531240527661],[-83.54969087855753,46.26531170528931],[-83.54957927852189,46.26531080529553],[-83.54915147838693,46.26532040532128],[-83.54863357822464,46.26534100535392],[-83.54862287822759,46.26539510536303],[-83.54862847824317,46.26551210538106],[-83.54864917826987,46.26568260540659],[-83.54868427830432,46.26587970543558],[-83.54867677831572,46.265997005454416],[-83.54864597832616,46.266168505483044],[-83.54861357833295,46.266313405507645],[-83.5485565783341,46.266476705536476],[-83.5484993783362,46.2666490055668],[-83.54840377832619,46.26682200559934],[-83.5483315783183,46.26694970562348],[-83.5481973782972,46.2671327056598],[-83.54807477827653,46.26728860569126],[-83.54793927825182,46.267444605723426],[-83.54777807822006,46.26761000575849],[-83.54769267820694,46.26772900578206],[-83.54758317819044,46.26788450581267],[-83.54744907816932,46.26806750584899],[-83.54730217814532,46.26825980588748],[-83.54718057812713,46.268433405921606],[-83.54705987811238,46.268634205959984],[-83.54693897809653,46.26882610599695],[-83.54681807808063,46.26901760603385],[-83.54669797806723,46.26922730607358],[-83.54660257805834,46.26940950610757],[-83.54649337804301,46.269574006139614],[-83.54642287803988,46.26973760616923],[-83.54632687802865,46.26990170620043],[-83.54624437802387,46.270083506233654],[-83.54616197801913,46.270265406266894],[-83.54608987801122,46.270392906290965],[-83.54603187800988,46.270538206317084],[-83.545972578005,46.270656606338996],[-83.5459262780042,46.27077470636016],[-83.54585537799984,46.27092930638847],[-83.54579667799732,46.27106570641317],[-83.54572637799421,46.2712292064428],[-83.54565707799358,46.27141070647521],[-83.5456108779939,46.27153780649783],[-83.54554057799187,46.27171040652889],[-83.54548487799656,46.27190060656191],[-83.54543917799806,46.272036506585806],[-83.54537017799862,46.27222720661965],[-83.54530077799686,46.27239970665062],[-83.54521847799322,46.27259060668525],[-83.54512457798904,46.272808706724774],[-83.54507927799173,46.27295370675013],[-83.54497217798237,46.273163106789085],[-83.54490177797929,46.27332660681871],[-83.5448308779739,46.27347230684561],[-83.54475957796836,46.27361780687246],[-83.54466367795828,46.273791006905086],[-83.54455657794892,46.27400050694402],[-83.54444987794074,46.27421880698436],[-83.54435327792831,46.27437400701417],[-83.54426907791873,46.27451990704185],[-83.5441849779092,46.2746658070695],[-83.54411337790252,46.27480240709495],[-83.54402797788936,46.27492100711844],[-83.54395527787922,46.27503090713981],[-83.5438827778701,46.27514960716256],[-83.54379767785814,46.27527750718745],[-83.54370097784458,46.275423607215856],[-83.54360437783221,46.27557880724568],[-83.54350787782083,46.27574300727694],[-83.5434116778096,46.2759071073081],[-83.54334217780787,46.27607970733916],[-83.54327227780702,46.2762612073716],[-83.54320197780395,46.276424807401256],[-83.54315677780667,46.27656970742657],[-83.54313867782116,46.27674110745448],[-83.54310727783036,46.2769039074818],[-83.54308777784013,46.27703940750416],[-83.54309467786037,46.277192207527726],[-83.54311567788719,46.27736280755327],[-83.54313557791149,46.27751530757609],[-83.54316827793885,46.27765870759676],[-83.5432279779778,46.27782850761998],[-83.54331387802512,46.27799740764162],[-83.5433985780699,46.27814850766051],[-83.54349567811643,46.27828140767587],[-83.54359127815933,46.27838720768705],[-83.54368627819996,46.27847510769548],[-83.54380757824991,46.27857140770369],[-83.54394207830512,46.278676507712525],[-83.54406227835149,46.278745807716604],[-83.54420827840609,46.27881450771908],[-83.54436807846716,46.278901007723576],[-83.54451527852521,46.27899660773025],[-83.54466197858216,46.2790834077355],[-83.54484937865617,46.27920520774402],[-83.54505157873908,46.27936270775725],[-83.54521247880368,46.27947620776594],[-83.54536147886658,46.27960790777815],[-83.54552367893479,46.27974820779095],[-83.54567187899532,46.27986190780035],[-83.54578127904476,46.27998550781354],[-83.54589117909535,46.28011810782813],[-83.54600017914356,46.2802327078399],[-83.54608467918612,46.280365807856],[-83.5461952792391,46.280516307873306],[-83.54622587925564,46.28057410788066],[-83.5463090793005,46.28072980790036],[-83.54638537935327,46.28097130793394],[-83.54650107942055,46.28122960796787],[-83.54666357952284,46.28165790802584],[-83.5468274796287,46.28211330808794],[-83.54691567968308,46.28233630811791],[-83.54703277975403,46.282621708156064],[-83.54706577978254,46.28277410817808],[-83.54707367980518,46.28294490820445],[-83.54714547987884,46.28337530826786],[-83.547196979927,46.283644108307115],[-83.54725507999419,46.284056808368575],[-83.54731238005901,46.28445160842723],[-83.54735248010782,46.28475670847279],[-83.5474051801595,46.28505270851623],[-83.54746178022197,46.28542930857213],[-83.54750048026709,46.285707408613554],[-83.54750508028026,46.28580630862876],[-83.54756688032423,46.28601190865751],[-83.54761748037095,46.2862718086954],[-83.54772558044867,46.28663840874679],[-83.54786498055108,46.28713050881603],[-83.54799088064713,46.28760460888323],[-83.5481016807331,46.28803410894432],[-83.54821098081442,46.28842790899985],[-83.54832028089666,46.28883020905676],[-83.5484016809638,46.28917950910691],[-83.54849268102652,46.28946540914656],[-83.54857188108767,46.28976970918983],[-83.54868048116766,46.29015420924396],[-83.54878968124889,46.29054770929945],[-83.54888578132594,46.290941709355806],[-83.54897988139707,46.29129030940513],[-83.54910388148731,46.29172010946549],[-83.54922978158336,46.29219410953268],[-83.54935638168176,46.292686209602614],[-83.54952818181037,46.29331240969106],[-83.54959228186148,46.293572209728204],[-83.54962408188634,46.29369710974599],[-83.5496575819161,46.29385840976938],[-83.54966368193392,46.29399340979018],[-83.54965548194305,46.294092509806205],[-83.54963508195152,46.294219009827145],[-83.549627781963,46.29433620984598],[-83.5496072819704,46.29445370986555],[-83.54956078196949,46.29457170988668],[-83.54951538197113,46.29470770991056],[-83.54946798196791,46.29480780992896],[-83.5494332819665,46.294889509943744],[-83.54939838196613,46.29498030995998],[-83.54933768195863,46.29508050997915],[-83.54926378194489,46.295163309996305],[-83.549153381926,46.29530081002412],[-83.54905498190877,46.29542001004844],[-83.54893038188328,46.29553981007429],[-83.5488050818544,46.295632610095936],[-83.54870508183238,46.29571581011468],[-83.54859178180511,46.29579031013277],[-83.54845278177083,46.29587451015386],[-83.54827538172549,46.29596841017862],[-83.548110281683,46.29605341020134],[-83.54798328164927,46.29611021021743],[-83.54781748160437,46.2961766102373],[-83.54761298154727,46.29624421025947],[-83.5474346814995,46.29632021028153],[-83.54726778145115,46.29636011029726],[-83.54708818139976,46.29640901031513],[-83.5469726813665,46.296438510326304],[-83.54680528131685,46.296469210340575],[-83.54668978128358,46.29649871035181],[-83.54654788124091,46.29651991036318],[-83.5463412811778,46.29654231037839],[-83.54604438108842,46.29658521040201],[-83.54579898101312,46.296608610419575],[-83.5455398809313,46.29661441043518],[-83.5453448808698,46.29661881044698],[-83.54504628077449,46.29661641046352],[-83.54461768063814,46.29661701048797],[-83.54402078044866,46.29662101052246],[-83.543318880224,46.29660991056054],[-83.54269538002511,46.29660581059527],[-83.5420589798221,46.296601910630756],[-83.54153977965717,46.29660441066067],[-83.54095537947066,46.29659951069304],[-83.54042317930158,46.29660211072366],[-83.53987737912726,46.29659671075378],[-83.53931857894872,46.29659091078458],[-83.53877317877449,46.29658501081458],[-83.53805887854693,46.29658311085485],[-83.53750047836961,46.29658631088701],[-83.53683827815846,46.296583010924074],[-83.53629267798418,46.29657721095412],[-83.53587697785191,46.29657761097781],[-83.53544847771559,46.296578011002175],[-83.53500697757407,46.29656961102588],[-83.53455237742953,46.29657081105185],[-83.53398057724694,46.29656551108344],[-83.53353877710539,46.29655731110728],[-83.53311027696908,46.29655781113166],[-83.53243487675374,46.296554711169485],[-83.53187627657532,46.296549111200285],[-83.53130447639272,46.29654381123189],[-83.53064277618279,46.29654951127037],[-83.53004537599209,46.2965447113035],[-83.52942177579314,46.29654051133817],[-83.52862987554103,46.296540111383074],[-83.52807107536255,46.29653441141385],[-83.52735637513376,46.29652331145266],[-83.52684997497178,46.29651641148033],[-83.52659037488982,46.29652201149595],[-83.52616117475226,46.29651371151896],[-83.52616157475342,46.29652261152033],[-83.52604537471781,46.29653411152876],[-83.5258642746617,46.29654731154105],[-83.5256445745945,46.296570311557126],[-83.52543767453125,46.296592611572365],[-83.52516707445011,46.29663461159431],[-83.52497367439226,46.296665911610184],[-83.52480687434388,46.2967057116259],[-83.52461427428834,46.29675481164455],[-83.52440877422879,46.29680441166393],[-83.52420317416923,46.296853911683414],[-83.52401097411493,46.29691221170342],[-83.52380597405659,46.296970711724256],[-83.5236017740006,46.29704721174779],[-83.52347367396443,46.297086111761175],[-83.52330817391962,46.297152511781],[-83.52311647386655,46.29722001180245],[-83.5229502738205,46.29727761182091],[-83.52278537377799,46.29736241184354],[-83.5226195737331,46.29742891186337],[-83.52245427368942,46.29750461188463],[-83.52230187364975,46.29757991190507],[-83.52206037358634,46.297693511936615],[-83.52190837354789,46.2977776119584],[-83.52188497354685,46.29783231196833],[-83.5207221732584,46.298523812142676],[-83.51967207299492,46.29912291229617],[-83.51866057274361,46.299721312447396],[-83.51757257247128,46.300348312607426],[-83.5168524722939,46.30078721271712],[-83.51608037209903,46.30121821282846],[-83.51539777193027,46.30162921293167],[-83.5146010717319,46.302096813050156],[-83.51367707149963,46.30262111318478],[-83.51290597130829,46.303079213300336],[-83.51204657109535,46.303593013429655],[-83.51094517081883,46.30422031359044],[-83.50975697052444,46.30493061376923],[-83.50906107035033,46.30533271387173],[-83.50766997000463,46.30615531407959],[-83.50676006977999,46.30670621421757],[-83.50591146956516,46.30717471433917],[-83.50443246919909,46.30806231456221],[-83.50307976886336,46.308866014764924],[-83.50204186860357,46.30946471491767],[-83.50090316831947,46.3101287150863],[-83.49967656801505,46.31085771527013],[-83.49923426790612,46.311128215337625],[-83.49900766785265,46.311286215375254],[-83.49871876778585,46.311499615425085],[-83.49835686770878,46.31182261549628],[-83.49807476766217,46.31218861556965],[-83.49784576763557,46.31258071564412],[-83.49766706762054,46.312935615709875],[-83.49751316761022,46.313263015769934],[-83.4973733676075,46.31361701583337],[-83.49728786762726,46.31401511590062],[-83.49719976764094,46.31436801596093],[-83.49716996765488,46.314566515993754],[-83.49716576767693,46.3147648160251],[-83.49711816770655,46.31514361608715],[-83.49695086779185,46.31631731628067],[-83.49667536789937,46.31797011655537],[-83.49652326796195,46.31890981671129],[-83.49640166801179,46.31965951683569],[-83.49600546820668,46.32237721728413],[-83.49583456828132,46.323469717465095],[-83.49567086834456,46.32444561762727],[-83.49560376838394,46.324960117711704],[-83.49557946841561,46.32529361776536],[-83.49558046845208,46.3255996178133],[-83.49559356849025,46.32588731785764],[-83.49564606854196,46.326183217901004],[-83.49570866858937,46.326415817933906],[-83.49584586868588,46.3268628179962],[-83.49603476879767,46.32729971805396],[-83.49625016891996,46.32775401811293],[-83.49642316901931,46.328128318161745],[-83.49652326907433,46.328324118186785],[-83.49659486911504,46.32847551820645],[-83.49664216915122,46.3286545182318],[-83.49683026929573,46.32937041833332],[-83.49706516947424,46.330247518457384],[-83.49729456963715,46.33100751856348],[-83.49739916970526,46.33130201860368],[-83.49749366977765,46.33165991865446],[-83.49771166994124,46.332456218766836],[-83.4978346700301,46.33287661882572],[-83.49813897024873,46.333905918969684],[-83.49817277027311,46.334021118985866],[-83.49846397048111,46.33499591912207],[-83.49849747051194,46.33516611914683],[-83.49852917053575,46.33528241916327],[-83.49850837054305,46.33539991918284],[-83.49848997055635,46.33556231920929],[-83.49841937055326,46.33572591923894],[-83.49836097055181,46.33587111926499],[-83.49819167053023,46.336144819317475],[-83.49784517046551,46.336530419397555],[-83.4975590704071,46.3368069194571],[-83.49729577034729,46.337010419503905],[-83.4971182703029,46.337113219530124],[-83.49697857026734,46.337188519549834],[-83.49683787022818,46.33723651956533],[-83.49642717011015,46.33734441960554],[-83.49583276992982,46.337420419651124],[-83.49495476966419,46.33753881971951],[-83.49375356930177,46.337709019814326],[-83.49238626889215,46.33792791992618],[-83.49161336866283,46.338070619992415],[-83.49099636848496,46.33822802005206],[-83.49039376831375,46.338403220113676],[-83.4896115680922,46.33863652019458],[-83.48868886783147,46.338917320290896],[-83.48763826753573,46.33924622040201],[-83.48666336725859,46.339528520501574],[-83.4860222670773,46.33972242056831],[-83.48563866697104,46.33985682061112],[-83.48524116685819,46.33997342065193],[-83.48483456675312,46.340180320707375],[-83.48447916666211,46.340368020756955],[-83.48427826661676,46.340525420793],[-83.4841419665907,46.34067222082375],[-83.48404516657824,46.34082752085354],[-83.48393516656157,46.34098292088416],[-83.48377996654762,46.341283120939956],[-83.48366196654123,46.341546820987965],[-83.48362826654441,46.341664621008334],[-83.48360926655648,46.34181792103346],[-83.48360466657736,46.34200712106332],[-83.4835687666416,46.342646921165624],[-83.48356896670985,46.343223221255876],[-83.48358696679637,46.34390652136188],[-83.48366246691603,46.34471482148423],[-83.48374436701963,46.34537012158223],[-83.48376836709001,46.34590062166394],[-83.48375216714345,46.34639602174248],[-83.4837611672048,46.34689082181947],[-83.48377576728082,46.34749362191304],[-83.48373516729775,46.34774642195493],[-83.4836684673065,46.347999921998394],[-83.48356466730777,46.34829012204973],[-83.48347136730597,46.34852602209198],[-83.4833748672946,46.34869022212321],[-83.48329016728383,46.34882712214943],[-83.48314016725244,46.34896552217964],[-83.48295126720761,46.349095322210665],[-83.482760567158,46.34918962223624],[-83.48253186709852,46.349302622266904],[-83.4821738670003,46.34943642230818],[-83.48143256679691,46.34971352239365],[-83.48047666654168,46.35013022251315],[-83.4799553664057,46.35038462258252],[-83.47918876619649,46.350680322672346],[-83.47867716605505,46.350862222729845],[-83.47823206593884,46.35107902278909],[-83.47758146576311,46.35134532286765],[-83.47712266564149,46.35155312292619],[-83.47677896555099,46.351713622970905],[-83.47651396548638,46.35188132301216],[-83.47623736542346,46.35209432306123],[-83.47602566538109,46.352305923106385],[-83.47574326533443,46.352672023179686],[-83.47547326528954,46.3530199232495],[-83.47522916525391,46.35337622331917],[-83.47498346521249,46.35368782338188],[-83.47468556515454,46.35399992344767],[-83.47447536511574,46.354238223496885],[-83.47422646506482,46.35447792354855],[-83.4740515650276,46.35463472358303],[-83.47392606499966,46.35473622360603],[-83.47382486497513,46.35480162362205],[-83.47362206492377,46.3549138236511],[-83.47341776486887,46.35499942367607],[-83.47312486479117,46.35513182371348],[-83.4728304647088,46.35522832374527],[-83.47256126463326,46.35531502377412],[-83.47230436455955,46.35538352379941],[-83.47098116417862,46.35572722392826],[-83.4699512638776,46.355956424022594],[-83.46966976379925,46.35605252405362],[-83.46951636375718,46.35610992407131],[-83.46949046374895,46.35611042407286],[-83.4690673636291,46.356236624116576],[-83.46859426349975,46.356417724171784],[-83.46779276329015,46.35680422427775],[-83.46695336307165,46.35721832439022],[-83.46631986291291,46.35758282448319],[-83.46572436276304,46.35792002456983],[-83.46525596264694,46.35820012464026],[-83.46483606253763,46.35840722469645],[-83.46440326242319,46.358605524752065],[-83.4639553622997,46.35876802480291],[-83.46342856214811,46.358905424854335],[-83.46285056198136,46.359052924910166],[-83.46217956178094,46.359166224965975],[-83.46121066148854,46.35930422504253],[-83.45996976111115,46.35945682513682],[-83.45774606043591,46.35973882530704],[-83.45563855979418,46.35999112546604],[-83.455108559633,46.36005652550632],[-83.45473225951514,46.36007362553036],[-83.45367985918132,46.360087225592146],[-83.45260065883697,46.360083425652746],[-83.45193875862877,46.36010662569388],[-83.45119895839598,46.360131425739695],[-83.45057555819889,46.360144925777206],[-83.45012265805994,46.36019052580996],[-83.44973465794155,46.36023482583891],[-83.44945075785711,46.36028592586302],[-83.44912865776166,46.36034682589079],[-83.44874345765162,46.3604543259295],[-83.44805135745723,46.360675926003395],[-83.44743555728279,46.360860326067204],[-83.44670525707849,46.36110072614625],[-83.44584645683678,46.3613712262373],[-83.44543635672201,46.361506026281674],[-83.44509155662895,46.361648226323446],[-83.44467225652089,46.3618643263811],[-83.444074756366,46.362165126462074],[-83.44355535623588,46.362464226538364],[-83.44315155614014,46.362743026604896],[-83.44283895607325,46.36301962666594],[-83.44247855600288,46.363396226745316],[-83.4421699559479,46.36376292682023],[-83.44193765591278,46.36409192688492],[-83.441710255893,46.364537726967654],[-83.44148335587344,46.364983627050336],[-83.44118315584343,46.36553912715435],[-83.44091885581737,46.3660307272463],[-83.44060605578446,46.36659552735247],[-83.44029345575264,46.36716902745998],[-83.4400861557222,46.36747052751897],[-83.43987775568937,46.36775412757518],[-83.43965505564874,46.368010727627976],[-83.439393855597,46.36827732768451],[-83.43911875553772,46.36851742773774],[-83.43856705541647,46.368979127841264],[-83.43807765530747,46.369376427931236],[-83.43755045518976,46.369801728027745],[-83.43696045505747,46.370273528135016],[-83.43638325492927,46.37074472824152],[-83.43578055479404,46.371225528351005],[-83.43475255456792,46.37208442854372],[-83.43418715444021,46.37252852864527],[-83.43358435430495,46.373009328754776],[-83.433082354192,46.37340702884545],[-83.43265655409989,46.37377592892735],[-83.43219115399425,46.374137029010285],[-83.43176425389859,46.37447912908806],[-83.43127435378841,46.37486782917665],[-83.4309230537103,46.375153929241336],[-83.43078615368294,46.375291829270715],[-83.43028145356385,46.375644929354586],[-83.42979795343754,46.37588032941885],[-83.42930085330588,46.376106529482406],[-83.42878735315942,46.376252529534426],[-83.42837505303861,46.37634222957182],[-83.42784515287848,46.37641652961347],[-83.42726215269835,46.37646512965413],[-83.42667715251221,46.37646822968778],[-83.42610315232427,46.3764265297138],[-83.42555435214216,46.37636612973537],[-83.4251098519941,46.37631242975221],[-83.42450465178248,46.37615452976175],[-83.42366245148736,46.37592922977426],[-83.42312255129741,46.375778729781246],[-83.42274175116532,46.375688029788634],[-83.42241465105651,46.37564972980115],[-83.42215455097312,46.375646129815365],[-83.42151715076942,46.37564172985078],[-83.4206865505088,46.3756773299034],[-83.4204011504196,46.37569242992192],[-83.42018205035563,46.3757420299421],[-83.41997645029592,46.375791429961524],[-83.41970675021912,46.37586912998892],[-83.41937375012655,46.375984130025856],[-83.4183019498397,46.37644783015914],[-83.41724184955333,46.37688443028756],[-83.4158122491692,46.377490430463446],[-83.41495734893927,46.37785063056825],[-83.41443294879679,46.37805973063072],[-83.41389594864924,46.3782600306925],[-83.41345004853268,46.37847643075165],[-83.4131701484601,46.3786173307896],[-83.41282804837529,46.37882263084113],[-83.41249974829697,46.37904543089457],[-83.41224914824217,46.37925773094206],[-83.41200074819342,46.37951513099635],[-83.41188934817411,46.379652431024184],[-83.41176444814843,46.37977203104999],[-83.41146154811116,46.38027353114567],[-83.41128424810299,46.3806821312197],[-83.41120424810643,46.380927031262544],[-83.41112714811928,46.38124353131652],[-83.41110654816177,46.381658031382564],[-83.41110294829154,46.382765031556076],[-83.41112014862173,46.38550973198477],[-83.41114884895241,46.38822723240853],[-83.41114324918074,46.39017133271315],[-83.411134349294,46.39115253286723],[-83.41116914950314,46.39282583312715],[-83.41114124987358,46.396030433630244],[-83.41124945051206,46.40113123442225],[-83.41130465078434,46.4032813347555],[-83.41128585093611,46.404613434964986],[-83.41128605104285,46.40551353510574],[-83.4112354511004,46.406135635206],[-83.41118385126,46.407621735441374],[-83.41098285128488,46.4083729355703],[-83.41081035129106,46.40888963566089],[-83.41030085122799,46.40972853582102],[-83.40978525111169,46.410135235913856],[-83.40904575095124,46.41077183605535],[-83.40820725077334,46.41152753622112],[-83.40696925051378,46.412669636469914],[-83.40526145013537,46.414073636786284],[-83.40388264983763,46.415272637052034],[-83.40252644953746,46.41639013730366],[-83.40154394931183,46.417131037475244],[-83.40107214918704,46.417347737535856],[-83.40089334914,46.417432237559225],[-83.40029364898007,46.41769703763467],[-83.39896944860145,46.41806683776755],[-83.39678714795117,46.41845463795189],[-83.39385374707066,46.41892113819112],[-83.39006834593845,46.41955833850531],[-83.38819484537736,46.41986753865983],[-83.38708374504479,46.42005273875174],[-83.38051174307876,46.42115733929689],[-83.38030104301575,46.42119323931446],[-83.37984304287835,46.42126683935194],[-83.37724604209944,46.421686539564725],[-83.37601174172913,46.42188553966577],[-83.37588114168992,46.421906139676366],[-83.37473094134488,46.42209203977061],[-83.37380024106515,46.42223753984608],[-83.37117564027461,46.42263394005675],[-83.3701248399493,46.422718640129524],[-83.36778373920589,46.42274924026691],[-83.36637243875776,46.42276844034984],[-83.36523453839648,46.42278394041672],[-83.36341433782114,46.42283064052711],[-83.36292243767178,46.42289484056499],[-83.36203153740672,46.4230573406409],[-83.35902593652096,46.42367734090806],[-83.35403513505327,46.42473424135594],[-83.35063983404716,46.425388941650624],[-83.34718813300927,46.42592804193033],[-83.34526123242875,46.426219542085],[-83.34463333225442,46.42643964215502],[-83.3441621321339,46.42669204222113],[-83.34346953197633,46.42722824234422],[-83.34260443179178,46.428001842514206],[-83.34220093169914,46.42830724258482],[-83.34209913167578,46.42838474260273],[-83.3416564315671,46.42866044267088],[-83.34129953147324,46.428829742717554],[-83.34104303140265,46.42892504274698],[-83.3406200312857,46.42907764279481],[-83.34032633120758,46.42920964283211],[-83.33959803101311,46.42953064292353],[-83.33911163088034,46.42972054298077],[-83.33858803074109,46.429956243047236],[-83.33798473057233,46.43015764311292],[-83.33730643038729,46.43042364319287],[-83.33684593026275,46.43061314324861],[-83.33638513013692,46.430793243302894],[-83.33569572995478,46.431113443391965],[-83.33535182986506,46.43128274343789],[-83.33487992974213,46.431517143501274],[-83.33421682956721,46.43182764358739],[-83.33419082956007,46.431837243590365],[-83.33417812955709,46.431846543592506],[-83.33373282944375,46.432089543655735],[-83.33299822926536,46.43256354377145],[-83.33242602912027,46.43288124385351],[-83.3319548289987,46.433124843918314],[-83.33153822890188,46.43343044398968],[-83.33103072877617,46.43373744406638],[-83.33045922863352,46.434073244151264],[-83.32957292841984,46.43465834429296],[-83.32935952837354,46.434842844333886],[-83.32901752829076,46.43506574438808],[-83.32885742826451,46.43527594443005],[-83.32874642824638,46.4354221444592],[-83.32861132822593,46.43561394449685],[-83.32851842822743,46.435876844543216],[-83.328433928255,46.43633764462005],[-83.32841732827639,46.43656294465624],[-83.32842652830485,46.43677874468945],[-83.32846442834878,46.43704784472942],[-83.32866212849137,46.43771894482317],[-83.32872172853162,46.43789774484778],[-83.32873592853932,46.43792444485113],[-83.32880892858482,46.438111944876354],[-83.32892082864157,46.43828974489779],[-83.32906352872197,46.43858384493572],[-83.32913572876508,46.43875334495817],[-83.32923592882241,46.43896724498598],[-83.32932282887448,46.439172645013144],[-83.32947862895901,46.43946634505024],[-83.32980912915109,46.440197545145914],[-83.32997752923856,46.44048224518091],[-83.33009382930952,46.440767845218964],[-83.33022492938946,46.4410891452618],[-83.33051142955377,46.4417043453418],[-83.33100022980145,46.44247754543504],[-83.33116652988288,46.44271694546303],[-83.33138762998915,46.44301844549771],[-83.33161923009132,46.443256645521785],[-83.33186513020127,46.44352174554936],[-83.33208113029207,46.443706345566014],[-83.33239093042009,46.443951845586874],[-83.33280383057762,46.44416864559737],[-83.33303103066665,46.44430794560628],[-83.33337663079642,46.44447194561236],[-83.33389073097847,46.44462334560691],[-83.33427373111581,46.44475054560513],[-83.33457833122725,46.44487034560661],[-83.33488143133395,46.44495414560258],[-83.33529073148071,46.4450898456006],[-83.33597803172837,46.44532774559889],[-83.33629593184399,46.44544724559955],[-83.33678433201901,46.44560824559713],[-83.33725993218998,46.445769545595425],[-83.33760363231383,46.44588844559452],[-83.33806953249132,46.44613094560607],[-83.33847103264948,46.44638384562288],[-83.33872673275394,46.446576745638566],[-83.33902313287557,46.44680434565733],[-83.33922763296707,46.44702544568035],[-83.33946153307637,46.44731754571273],[-83.33958813314314,46.447539945740374],[-83.3397759332436,46.44788174578318],[-83.3398424332792,46.448002945798315],[-83.34012913344255,46.4486088458768],[-83.34015713345784,46.44866254588364],[-83.34048233363234,46.4492586459584],[-83.34053893366308,46.449365545971894],[-83.34082433382392,46.44995364604768],[-83.34108473397897,46.45056034612775],[-83.34138503414879,46.45118424620827],[-83.34145593418832,46.451326846226536],[-83.3416569343032,46.451754646282055],[-83.3417292343464,46.4519241463044],[-83.34174463435774,46.45197804631197],[-83.34187163442566,46.45220924634097],[-83.34207363454411,46.452664146400586],[-83.34235583469436,46.453171346463904],[-83.34252373478063,46.453446846497435],[-83.34267503485096,46.45363274651794],[-83.34289283494667,46.453853246540085],[-83.34309523503106,46.45402014655472],[-83.34342133517173,46.4543284465844],[-83.34374233529797,46.45452884659751],[-83.34442393556412,46.45493794662287],[-83.34508413579998,46.4551491466185],[-83.34588663607882,46.45534014660285],[-83.34677343636517,46.4553667465568],[-83.34793053672963,46.45532484648472],[-83.34935673716762,46.45517864638104],[-83.35183113792175,46.45487574619351],[-83.3527246381941,46.45476734612595],[-83.35589833916116,46.45437804588529],[-83.35700103950201,46.45428334580799],[-83.35813603986901,46.45432284574986],[-83.3589514401519,46.45451284573337],[-83.35968444043108,46.45489384575138],[-83.36039704072091,46.45541924579306],[-83.36097184098098,46.45606434586134],[-83.36121274114701,46.45681544596504],[-83.3611318412207,46.45765404610061],[-83.36091624131048,46.458990546321694],[-83.36083604135128,46.45955024641369],[-83.3609954414808,46.460212946508165],[-83.3611760416064,46.46078524658737],[-83.36144124173956,46.46119374663617],[-83.36197224197191,46.46172274668869],[-83.36333264253001,46.462765746774544],[-83.36387604276521,46.463285446824926],[-83.36413924289242,46.46364894686677],[-83.36647524407921,46.467362547314444],[-83.3666418441769,46.46773724736348],[-83.366680144195,46.46778704736907],[-83.3667386442288,46.467914147385656],[-83.3667991442697,46.46809624741063],[-83.36686554433662,46.46848084746696],[-83.36691984438987,46.468783347511106],[-83.36694314441958,46.46897074753906],[-83.36694604442825,46.46903604754911],[-83.36693584443812,46.469146447566914],[-83.36689694446423,46.46947114761985],[-83.36687234447132,46.46959664764083],[-83.36681124448238,46.469854347684546],[-83.36676454449432,46.470080347722515],[-83.36669554450039,46.47031684776338],[-83.36660284450792,46.470629347817386],[-83.36652004451308,46.470895447863676],[-83.36648924451161,46.47096594787644],[-83.3663016445469,46.47176724801219],[-83.36553954474923,46.47551824864121],[-83.36524004486814,46.47732424894019],[-83.36502004487332,46.47795864905174],[-83.36486864494626,46.47897904921967],[-83.36490504502193,46.47951814930175],[-83.36516104516187,46.48000794936373],[-83.36558074533872,46.480368249396136],[-83.36618084556952,46.48069794941359],[-83.36685434580967,46.48090894940837],[-83.36762664606506,46.48098284937607],[-83.36840984631965,46.481020749337546],[-83.36912514654524,46.48099684929326],[-83.36990424678675,46.480935649239505],[-83.37063064700837,46.48084854918474],[-83.37135254721889,46.48068064911756],[-83.37176104732693,46.480492249064966],[-83.37391674792433,46.47972734882327],[-83.37461604811541,46.47945644874127],[-83.37622274855434,46.47883354855288],[-83.37773534896938,46.47826204837786],[-83.37931444940976,46.47772524820443],[-83.3807069498156,46.477399248074576],[-83.38155255008245,46.477372848022426],[-83.38295175054277,46.47748744796096],[-83.38393115086268,46.47754804791483],[-83.38470515112395,46.47766684788943],[-83.3862969516389,46.477723747808],[-83.38774235209894,46.477711547724056],[-83.38903245251082,46.477711547650834],[-83.3901328528797,46.4778595476115],[-83.39117155323655,46.47807184758568],[-83.39195365352286,46.47837944758929],[-83.39362745418043,46.479415447656],[-83.39551255491135,46.48050094771849],[-83.39557655494087,46.48057724772674],[-83.395613354956,46.480605747729086],[-83.39564875497162,46.480642147732766],[-83.39571545499597,46.48066784773297],[-83.39580845503187,46.48071974773579],[-83.39584915504906,46.480754947738994],[-83.39592905507864,46.4807892477398],[-83.39602265511574,46.480850147743986],[-83.39610335514774,46.48090254774762],[-83.39619745518614,46.48097264775321],[-83.39626495521394,46.48102514775757],[-83.3963473552518,46.48112244776807],[-83.39643015529087,46.48122874777998],[-83.3965685553572,46.48141484780116],[-83.3966688554136,46.48161974782743],[-83.39683925550612,46.48194014786779],[-83.3969025555562,46.48219094790334],[-83.39702155563347,46.482521347948165],[-83.39713115571858,46.482942148007574],[-83.39722825580174,46.48338104807057],[-83.39734385590369,46.48392754814929],[-83.39744285599292,46.48441154821922],[-83.39763025613578,46.48510974831754],[-83.39775665623687,46.48561984838995],[-83.39789715634463,46.486148148464466],[-83.39799125641723,46.486506148514934],[-83.39809375651505,46.48705284859445],[-83.39825195664227,46.48769754868607],[-83.39841345677804,46.48840514878734],[-83.39853035688475,46.48898774887157],[-83.39875255706335,46.48989204900006],[-83.3988617571472,46.490303749058135],[-83.3989773572492,46.490850349136856],[-83.39909215735092,46.49139684921559],[-83.39925295748438,46.49208654931409],[-83.39942625758533,46.49246994936404],[-83.39955615766075,46.49275514940117],[-83.39971195774443,46.493040049436765],[-83.40010115793416,46.493590149500484],[-83.40030775803066,46.493846449528746],[-83.40051875814041,46.49420194957221],[-83.4006992582276,46.49445024960072],[-83.40085425830779,46.49470794963214],[-83.40095485836643,46.494930749661144],[-83.40114795845656,46.49516984968747],[-83.40130065853067,46.49538274971199],[-83.40143785859232,46.49553264972761],[-83.40154915864692,46.495692549746245],[-83.40163495869548,46.49587054976914],[-83.4017217587466,46.49606694979485],[-83.40179465879112,46.4962451498185],[-83.40185315882677,46.496387949837455],[-83.40188545885312,46.49652224985658],[-83.40193225888935,46.496701349881825],[-83.40195225891497,46.49686284990594],[-83.40194675893254,46.497025049931516],[-83.40192595894095,46.49715154995245],[-83.40190705895428,46.49731384997884],[-83.40188845896876,46.49748525000663],[-83.40184705898454,46.49772905004699],[-83.4017951590035,46.498027050096475],[-83.40176975903297,46.49834275014713],[-83.4017177590519,46.4986408501966],[-83.40165395907026,46.49896615025095],[-83.4016145590921,46.499255050298245],[-83.4015199591232,46.49976995038392],[-83.40151025916413,46.50013915044209],[-83.40148675919852,46.50049065049828],[-83.40141605923183,46.500960150575466],[-83.40128815923205,46.50130485063654],[-83.40119315922772,46.50152295067591],[-83.40113505922862,46.50168605070466],[-83.40101565921972,46.50193155074976],[-83.4008811592007,46.50213235078873],[-83.40074385917328,46.50227025081801],[-83.4005690591383,46.502444950855185],[-83.4003938591021,46.50261065089101],[-83.39986365897914,46.50299975098182],[-83.39961075891937,46.503176051023644],[-83.39940835887137,46.50331535105687],[-83.3989257587517,46.50360445112939],[-83.39868425869126,46.50374445116497],[-83.39834105860506,46.50394075121503],[-83.3979464585047,46.50415595127102],[-83.39762725842071,46.504306751312726],[-83.39711815829158,46.5045873513854],[-83.39674955819946,46.50480205143977],[-83.39653455814847,46.50495065147522],[-83.39628135808758,46.50511795151568],[-83.39594215801442,46.505413051580994],[-83.39560565794855,46.5057620516545],[-83.39541315793043,46.506126251722286],[-83.39524575791813,46.5064716517856],[-83.39519495794063,46.5067966518392],[-83.39516555795818,46.507022351876074],[-83.395167257963,46.507058251881574],[-83.39518355801208,46.507426851938135],[-83.39519255803964,46.50763365196987],[-83.3952565580921,46.50790235200814],[-83.39527745812015,46.50808195203498],[-83.39532405815531,46.50825185205883],[-83.39540995820292,46.50842115208034],[-83.39549395824564,46.50855445209637],[-83.39557715828701,46.508678652110966],[-83.3956725583279,46.50876645211925],[-83.3957547583647,46.50885495212839],[-83.39587785841978,46.50898725214206],[-83.39599945847118,46.50909265215157],[-83.39609465851105,46.50917185215847],[-83.39626865857903,46.5092763521649],[-83.39639035863047,46.50938165217439],[-83.39665975873939,46.5095739521891],[-83.39738545903052,46.5100717522255],[-83.39770705915711,46.51027215223847],[-83.39812265932093,46.510533252255556],[-83.39855095948774,46.51078535227054],[-83.39909755969525,46.51106185228258],[-83.39983285997975,46.51147845230575],[-83.40023316013232,46.51168615231542],[-83.40075236032689,46.51192715232352],[-83.40148396060056,46.512262752334244],[-83.40221816088149,46.512652552353295],[-83.40255166100856,46.51282535236131],[-83.40288486113451,46.51298935236794],[-83.40328276127987,46.51314285236928],[-83.4038004614708,46.513357052373216],[-83.40427726164333,46.51352705237262],[-83.40530956201435,46.51387425236812],[-83.4057731621827,46.514044552368304],[-83.40635536239185,46.51423935236557],[-83.40638186240136,46.51424775236538],[-83.40671226251894,46.51434895236238],[-83.4071486626754,46.51449265236001],[-83.40770326287154,46.514651952353276],[-83.40829706308007,46.51481045234423],[-83.40915276337586,46.51499945232508],[-83.40969246356185,46.51511405231228],[-83.4103231637767,46.515226752294005],[-83.41112366404754,46.51535405226832],[-83.41209376437097,46.51546835223099],[-83.4134418648163,46.51559295217376],[-83.4139520649833,46.51562715215012],[-83.41421416507065,46.51565775214],[-83.41455476518392,46.515695452126494],[-83.41493436530958,46.51573235211068],[-83.4153801654583,46.51578605209366],[-83.41586556562176,46.515856952077144],[-83.41656136585614,46.51595905205348],[-83.41682496594825,46.51602565204891],[-83.41724786609937,46.51616045204584],[-83.41746026617741,46.51624605204713],[-83.41775236628395,46.51635705204783],[-83.41833376649066,46.5165335520423],[-83.41891586669975,46.516728352039536],[-83.41932716685042,46.51689045204144],[-83.41972466699464,46.51703515204135],[-83.42046566726052,46.51728045203745],[-83.42110256749345,46.51752795203982],[-83.4213679675904,46.51763035204069],[-83.42151386764415,46.51769025204172],[-83.42213606786811,46.51790195203937],[-83.42286476813224,46.51816575203902],[-83.4235543683829,46.518421052039564],[-83.42410936858023,46.51858945203425],[-83.42426896863935,46.51865765203585],[-83.42438916868602,46.51872735203987],[-83.42452216873566,46.51878725204162],[-83.42466996879435,46.51888335204821],[-83.42487206887658,46.51903185205982],[-83.42524386901368,46.51918605206271],[-83.42544316908652,46.519262952063364],[-83.42577536921002,46.51940895206727],[-83.42595076928171,46.51954035207775],[-83.42612846936055,46.5197254520965],[-83.42630616943939,46.51991065211523],[-83.4263753694721,46.51999915212509],[-83.42645876951248,46.52011455213836],[-83.42655556955816,46.52023835215213],[-83.42666626961042,46.52038005216788],[-83.42683106968626,46.52057455218885],[-83.42730406991663,46.52123925226553],[-83.42749937001297,46.52152345229874],[-83.42770837011567,46.52182485233378],[-83.42791767021957,46.52213545237031],[-83.42814067032893,46.52245485240736],[-83.42852667050813,46.522923552458415],[-83.42881857065,46.5233312525054],[-83.42888797068385,46.523428852516666],[-83.42926797087945,46.52405075259194],[-83.4295863710308,46.524466952638655],[-83.42990487118222,46.52488335268543],[-83.42997487121731,46.52498975269799],[-83.43023957134741,46.52537135274242],[-83.43053217149054,46.52578775279067],[-83.4310429717298,46.52642505286088],[-83.43142037191812,46.52699295292792],[-83.43179677210296,46.52753415299081],[-83.4321151722543,46.5279502530375],[-83.43215607227268,46.527994353042025],[-83.4323909723825,46.528286253074185],[-83.43263597248915,46.52852405309726],[-83.43278627255401,46.52866495311068],[-83.43284017257646,46.528708753114444],[-83.43308187267239,46.528865653125116],[-83.43332267276584,46.52900455313303],[-83.43343027280852,46.52907435313778],[-83.43361757288079,46.52917825314331],[-83.43387107297723,46.52930795314911],[-83.43432207314267,46.5294873531514],[-83.43503787340057,46.529733053148945],[-83.43522367346912,46.52981025315038],[-83.43536887352052,46.52985225314865],[-83.43551437357199,46.52989385314687],[-83.43568637363396,46.529953153146316],[-83.43581887368133,46.52999535314534],[-83.43597747373805,46.53004605314424],[-83.43605757376878,46.53008925314641],[-83.43613637379585,46.530105353144414],[-83.43625627384031,46.53015705314567],[-83.43638947389005,46.53021725314746],[-83.4364970739338,46.53029595315357],[-83.43668557400858,46.53041785316184],[-83.43696897412525,46.53063685317986],[-83.43711657418383,46.53073285318638],[-83.43727777424776,46.53083725319347],[-83.43746697432601,46.53098625320594],[-83.4375752743711,46.53107395321343],[-83.43775287444883,46.53125015323077],[-83.43798637455505,46.53151525325874],[-83.43833857470216,46.53180495328382],[-83.43851637478211,46.531998853303904],[-83.43885547492506,46.53228875332981],[-83.43919767507754,46.53265035336662],[-83.4393788751661,46.53290745339635],[-83.43943437519341,46.53298735340563],[-83.43944877520117,46.53301395340898],[-83.43960457528384,46.53328965344302],[-83.43970667534528,46.533530553474726],[-83.43974127537882,46.5337187535021],[-83.43974017541072,46.53398875354421],[-83.43972117542299,46.53414225356921],[-83.43971167542963,46.53422315358235],[-83.43972707544098,46.53427705358988],[-83.43973077545184,46.53435805360225],[-83.43974697546557,46.53442955361247],[-83.43974977547401,46.53449265362216],[-83.43975617549326,46.53463655364422],[-83.43974807550356,46.534744453661474],[-83.43972787551226,46.53487105368233],[-83.43967367552517,46.53512415372483],[-83.43966517553434,46.53522335374075],[-83.43964337553818,46.5353137537561],[-83.43962077554067,46.53539525377011],[-83.43956107553689,46.53552255379329],[-83.4395370755346,46.535568053801754],[-83.43946417552554,46.535686753824365],[-83.439390475514,46.535787253844234],[-83.43926697549212,46.53593405387411],[-83.43914317547011,46.53608045390397],[-83.43898097543914,46.536254953940386],[-83.43880677540545,46.53643865397891],[-83.43854437535245,46.536696254033956],[-83.43823357529384,46.53703585410455],[-83.43815707527388,46.53707355411479],[-83.43806907525459,46.537147354131285],[-83.43785437520489,46.53730485416803],[-83.43765217515801,46.53745325420266],[-83.43743727510714,46.53760185423803],[-83.43713507503942,46.5378423542927],[-83.4366180749219,46.53824035438408],[-83.43640357487217,46.538397754420835],[-83.43631657485645,46.538498754441505],[-83.43626697484726,46.5385538544529],[-83.436042474803,46.53878355450148],[-83.43581557475156,46.538959454541775],[-83.43567747472179,46.53907955456833],[-83.43557767470199,46.53918045458974],[-83.43547667467863,46.53925465460702],[-83.43533807464652,46.53935655463079],[-83.43519937461552,46.539467554655964],[-83.43483377453195,46.539745354720026],[-83.43448327445964,46.540076854791636],[-83.43412287439281,46.540480554874996],[-83.43352407427516,46.541096355004974],[-83.43308877419211,46.5415646551027],[-83.43260757411177,46.54217775522557],[-83.43231307406795,46.542597955307784],[-83.43198097401432,46.54303685539505],[-83.43181247399869,46.543355955454274],[-83.4316069739766,46.543720055522684],[-83.43148737396668,46.54395655556634],[-83.43142807396399,46.544092855590904],[-83.4313566739597,46.544247355619035],[-83.43126237395671,46.54447435565974],[-83.43109927395666,46.54490975573683],[-83.43088467394249,46.54536435581987],[-83.43076657393733,46.545636855869006],[-83.43071917393522,46.54574585588868],[-83.43070927394072,46.545817955900475],[-83.43068627394206,46.54589055591304],[-83.43067537394397,46.545935755920745],[-83.43065247394529,46.54600825593332],[-83.4305953739487,46.546189255964755],[-83.43052537394807,46.54637095599704],[-83.43033767394455,46.54684295608121],[-83.43023847396158,46.54725005615026],[-83.43006047395143,46.54764075622119],[-83.42988927396284,46.54819355631705],[-83.42970377396543,46.54871045640807],[-83.4294934739634,46.54925515650488],[-83.42937077396644,46.54960845656684],[-83.42924417396968,46.549973456630866],[-83.42913507397247,46.55028855668616],[-83.42905397397477,46.55052425672743],[-83.42900857397765,46.55066925675261],[-83.4289508739798,46.55084145678273],[-83.42876447397883,46.5513313568696],[-83.42851667400588,46.55221885702184],[-83.42818787399854,46.55303575716776],[-83.42800997402398,46.55372345728495],[-83.42774177402403,46.55444005741175],[-83.42759017405886,46.5551363575288],[-83.42736377404421,46.55561805761669],[-83.42713957407116,46.556441857757676],[-83.42694487408158,46.55704895786322],[-83.42677907410877,46.55771875797694],[-83.42656037411591,46.55836235808957],[-83.4262864741346,46.55924995824332],[-83.42605327413396,46.559866958352664],[-83.42590697411553,46.56010395839785],[-83.42578507409957,46.5602955584346],[-83.4257483740944,46.56035035844527],[-83.42562757408196,46.56056895848613],[-83.42549427406662,46.56079665852916],[-83.42540797405326,46.560915558552594],[-83.42533437404178,46.561016158572436],[-83.42527247403078,46.56108945858736],[-83.42522287402151,46.56114455859877],[-83.42511047399991,46.56126385862373],[-83.42502257398068,46.561337758640256],[-83.424972073969,46.56137485864888],[-83.42490987395682,46.561439158662466],[-83.42484717394449,46.561503458676],[-83.42472067391512,46.56159595869759],[-83.42459617389075,46.5617248587248],[-83.42443237385389,46.5618541587542],[-83.42425647381539,46.56200195878722],[-83.4238892737292,46.562261758848585],[-83.42342507363053,46.56267645893952],[-83.42323957359869,46.56290555898576],[-83.42311667357914,46.56307035901838],[-83.42299167355351,46.563190059044175],[-83.42291807354415,46.563308359066745],[-83.42283237353097,46.563427059090095],[-83.42278507352893,46.56353615910979],[-83.42277317352838,46.56356345911472],[-83.42274937352735,46.563617959124535],[-83.4227008735216,46.56369995914008],[-83.4226665735237,46.56380865915895],[-83.42264617353231,46.56393515917981],[-83.42263587353659,46.5639982591902],[-83.422595373555,46.56426015923327],[-83.42251567356098,46.56452305927871],[-83.42239847359384,46.56511035937679],[-83.42235797361226,46.5653723594199],[-83.42236907364591,46.565623959458364],[-83.42235197366422,46.56582235949025],[-83.4223092736765,46.566039259526455],[-83.42222897371462,46.56657195961387],[-83.42216777374155,46.56696035967781],[-83.42207167373368,46.56715125971301],[-83.42201297373236,46.56729655973895],[-83.4219900737337,46.567369059751506],[-83.42196827373861,46.56746845976823],[-83.42197107374705,46.567531359777846],[-83.42197337375426,46.56758535978614],[-83.42196197375387,46.56761255979103],[-83.42196537376468,46.56769355980345],[-83.42192307381265,46.56820745988581],[-83.4218863738775,46.56884715998745],[-83.42177867397481,46.56994746016476],[-83.42173187397398,46.57006556018583],[-83.42170807397295,46.57011996019565],[-83.42165387398485,46.57036416023673],[-83.42161597401163,46.57068896028943],[-83.42156537403544,46.5710228603443],[-83.4215250740539,46.57128496038735],[-83.42151097408069,46.57154616042881],[-83.42145637409249,46.57179036046992],[-83.42142797411152,46.572024860507995],[-83.42138627412844,46.57227776054973],[-83.42133497414882,46.57258486060043],[-83.42128287416787,46.5728829606498],[-83.42123797417199,46.57303696067632],[-83.42118807419817,46.573388960733894],[-83.42117987420852,46.573497160751174],[-83.42116317422801,46.573704460784384],[-83.42113977426263,46.57405576084041],[-83.4211132742887,46.57434456088682],[-83.42106137430784,46.57464256093618],[-83.42102057432616,46.57490456097922],[-83.42099087434049,46.575103161011825],[-83.42093747435588,46.57537426105702],[-83.42091137438314,46.575671761104786],[-83.42088707441425,46.57599636115667],[-83.42085957443786,46.57626676120034],[-83.42086917446677,46.57648256123333],[-83.42083027449003,46.57678046128192],[-83.42077797450796,46.57706956132984],[-83.42071647453372,46.577448861392355],[-83.4207164745693,46.57774596143861],[-83.42059897456657,46.57803646149049],[-83.42050507456479,46.578272361532555],[-83.42040947455713,46.578463561567695],[-83.42017597452195,46.578792661632164],[-83.4200766745034,46.57890246165493],[-83.41994007447947,46.579067361688374],[-83.41976507444448,46.579242061725516],[-83.41933847435455,46.57962906181002],[-83.4190747742979,46.57985966186089],[-83.41889817425805,46.57999836189253],[-83.41883507424347,46.58004486190334],[-83.41864737420552,46.58022896194268],[-83.41842157415876,46.58044056198845],[-83.41820697410898,46.58059796202513],[-83.41794477405722,46.580864762081596],[-83.4177433740127,46.58103076211885],[-83.41759517398833,46.58122286215725],[-83.41758287398663,46.581241162160744],[-83.4174867739777,46.581423162194525],[-83.41735317396235,46.581651062237604],[-83.41720857394884,46.58192406228831],[-83.41712807395241,46.582168762330944],[-83.41702417395504,46.58246796238337],[-83.41701137398768,46.58277426243178],[-83.41701167402337,46.58307126247796],[-83.41702567406551,46.58338606252614],[-83.41714447414196,46.583707362569335],[-83.41716677417386,46.58391396260022],[-83.41729757425202,46.58421726263992],[-83.41750477434788,46.58446476266663],[-83.41772487444891,46.58472116269398],[-83.41796987455463,46.58495006271557],[-83.41824067466744,46.58516926273425],[-83.41834977471393,46.58526596274311],[-83.41848547477204,46.58538906275451],[-83.41864907484225,46.585538662768435],[-83.41896857496185,46.58568476277297],[-83.41918247504368,46.58579726277828],[-83.41946187514739,46.58591736278105],[-83.41971247523433,46.58597506277577],[-83.42000277533499,46.586040762769436],[-83.42026707542854,46.586116362766155],[-83.42061087554941,46.58620816276084],[-83.42096587567055,46.586272562750615],[-83.42129547578477,46.58634656274334],[-83.42162597590138,46.58643856273882],[-83.42216407608063,46.586499162717615],[-83.42246667618411,46.58655576270917],[-83.42249287619347,46.586564162709],[-83.42311007639995,46.58664106268575],[-83.42339837649453,46.58666196267262],[-83.42355517654536,46.5866677626646],[-83.42388417665722,46.58672366265455],[-83.42422617677427,46.586788462645096],[-83.42457967688958,46.586807962627994],[-83.42506537705216,46.586869862609944],[-83.42535587715395,46.586944462605004],[-83.42573737728353,46.58700836259325],[-83.42602667738174,46.587056262584184],[-83.42640857751249,46.58712916257377],[-83.42664447759053,46.58715116256376],[-83.4269734777024,46.58720736255371],[-83.42731367781346,46.5872269625374],[-83.42760137790684,46.587238862522874],[-83.42792887801498,46.5872678625087],[-83.42823097811615,46.58730646249748],[-83.42855947822675,46.587353662486144],[-83.42884987832852,46.58742826248118],[-83.42908737841135,46.58748636247668],[-83.42921957845758,46.58751956247427],[-83.42945717854042,46.587577362469766],[-83.4296943786221,46.587626362463865],[-83.42998297871902,46.587665262453456],[-83.43021957879833,46.58769626244483],[-83.43056077891188,46.58773416243129],[-83.43082277899818,46.58775536241963],[-83.43111207909632,46.58780326241058],[-83.43146767921772,46.58786766240036],[-83.43173097930868,46.58792496239423],[-83.43204817942002,46.58800826238909],[-83.43236357952651,46.58805556237847],[-83.43269217963716,46.588102862367116],[-83.43309957977496,46.58816596235374],[-83.43348027990211,46.58821206233918],[-83.43374477999562,46.588287262335825],[-83.4340217800921,46.58835336233029],[-83.43436648021644,46.58847196232907],[-83.43473998035755,46.588653262336],[-83.43507428048503,46.58882586234377],[-83.43532888058411,46.58897356235222],[-83.43562718070888,46.58921916237346],[-83.43580708079399,46.58944936239896],[-83.43582168080292,46.58948496240365],[-83.43591968085123,46.58962686242015],[-83.43600218088928,46.589724062430534],[-83.43612698094823,46.589883362448184],[-83.43621438100082,46.59008866247513],[-83.43628968105165,46.59031196250557],[-83.43635158109716,46.59052656253541],[-83.43642058116437,46.59090316259001],[-83.43643418120536,46.591208862636776],[-83.43652628127126,46.591512762678775],[-83.43659248133005,46.5918265627238],[-83.43664578138473,46.59214056276959],[-83.43670568142421,46.592310162792536],[-83.43675798147532,46.5925969628341],[-83.43683638153581,46.592892362875574],[-83.43692698159799,46.59316936291347],[-83.43697538163815,46.59337536294273],[-83.43705198169266,46.593625762977325],[-83.43709778172557,46.593777962998374],[-83.43711368173705,46.59383136300578],[-83.43716348178198,46.59407336304054],[-83.43722438182509,46.594270063067626],[-83.43726018186233,46.59448526309905],[-83.43728488190145,46.59474576313817],[-83.43737778196981,46.59506786318297],[-83.43739008200716,46.59534646322555],[-83.4374287820518,46.59561566326519],[-83.43744098208916,46.5958943633078],[-83.43742498211108,46.59611976334377],[-83.437348882128,46.59646366340152],[-83.43731728213848,46.59663506342997],[-83.43724648213546,46.59679856345947],[-83.43712288211468,46.596954363490696],[-83.43697358208678,46.597119363524904],[-83.4368384820666,46.59731136356238],[-83.43661468202478,46.59755896361368],[-83.4364531819952,46.597742463651386],[-83.43630408196738,46.59790756368557],[-83.43608978192,46.598083363725074],[-83.4359376818836,46.59818536374961],[-83.43579838185133,46.59828736377345],[-83.43565928181803,46.59838046379579],[-83.43548108177342,46.59848326382199],[-83.43538038175124,46.59856626384058],[-83.43512568168667,46.59870666387694],[-83.43494808164444,46.598827463905835],[-83.43474608159762,46.598975563940364],[-83.43455678155486,46.59912366397417],[-83.43434248150749,46.59929936401368],[-83.43416758147255,46.59947406405082],[-83.4340183814447,46.599639364085064],[-83.43398078143711,46.59967606409287],[-83.43378168139986,46.59989626413844],[-83.43355978136408,46.6001890641966],[-83.43333468131867,46.60040976424376],[-83.43308538127093,46.60067586429935],[-83.43287558123575,46.60094156435262],[-83.4327133812048,46.60111606438894],[-83.43251478116888,46.60134526443591],[-83.43234138113876,46.60155596447853],[-83.43213128110344,46.60182136453173],[-83.43200678107905,46.60194996455888],[-83.43183508105486,46.60220566460837],[-83.43163638101888,46.602435064655374],[-83.4314372809817,46.60265526470096],[-83.43123898094579,46.60288436474789],[-83.43104008090971,46.60311336479478],[-83.43088998087947,46.60326086482623],[-83.43060158081934,46.60352786488418],[-83.43041508078502,46.60373886492765],[-83.43014158073503,46.604050664991654],[-83.4301167807304,46.6040781649974],[-83.42991778069323,46.60429846504294],[-83.42974128065352,46.60443716507455],[-83.42950298060386,46.60465836512255],[-83.429302680563,46.604851465163975],[-83.42902338049498,46.60502846520741],[-83.42874188042087,46.60516046524392],[-83.42849808035433,46.60525556527263],[-83.42825308028421,46.605323665297185],[-83.42796838020043,46.60538386532277],[-83.42755538008134,46.60549146536302],[-83.42712937995817,46.605599665404114],[-83.42683267987384,46.605686965434614],[-83.42651137978493,46.60580176547078],[-83.42618977969482,46.60590756550553],[-83.42593197962174,46.6059850655323],[-83.42584187959638,46.60601386554191],[-83.42543207948698,46.60619366559317],[-83.42525327943999,46.606278465616555],[-83.42522767943292,46.606287965619465],[-83.42495937936408,46.60642866565667],[-83.42476787931523,46.606531665683605],[-83.42448627923996,46.60665456571871],[-83.42416787915957,46.606832465764555],[-83.42376697907667,46.607209965846025],[-83.42359127904041,46.60737566588182],[-83.42340437900496,46.607577665923856],[-83.4233558789993,46.60765966593939],[-83.42329497899183,46.607759965958444],[-83.42312397896895,46.608024666009335],[-83.42296397894418,46.60824426605254],[-83.42281667892223,46.60845406609355],[-83.42273087891019,46.60858186611831],[-83.422610478899,46.60880946616053],[-83.42250347889313,46.60904566620334],[-83.4224229788968,46.609290366245965],[-83.42239077890494,46.609444066271685],[-83.4223674789062,46.609516766284344],[-83.42235537893906,46.609822666332555],[-83.42239017897386,46.61002006636124],[-83.42241457901187,46.61027146639889],[-83.4224384790486,46.61051406643524],[-83.42250187909899,46.610764666470615],[-83.42251707910921,46.61080936647668],[-83.4225431791531,46.61110576652121],[-83.42259237919573,46.61132986655326],[-83.42268037924957,46.611543866581464],[-83.42272957929217,46.611767866613484],[-83.42273287930185,46.611839666624434],[-83.4227947793485,46.61206346665571],[-83.42283057938573,46.61227866668711],[-83.42286497941826,46.612457966713016],[-83.42291797947401,46.61278086676013],[-83.4229730795336,46.613130666811394],[-83.42308137961331,46.61350646686358],[-83.42314877967577,46.613846966912625],[-83.42326607974753,46.61413246695033],[-83.42335627980854,46.614400566986816],[-83.42339167984461,46.614606767016866],[-83.42346507988954,46.61478526704042],[-83.42355867996025,46.615125267087905],[-83.42360758000277,46.615349167119895],[-83.42369708006142,46.615599267153655],[-83.4238005801256,46.61585806718795],[-83.42391668019484,46.616125867222955],[-83.42411528030104,46.61648136726685],[-83.42441528046531,46.61705096733827],[-83.42457098054713,46.61731776737081],[-83.42473558062203,46.61750326739023],[-83.42492818070902,46.61771496741215],[-83.42499648073934,46.617785567419254],[-83.42516548082646,46.618061067452395],[-83.42539848093061,46.6183082674775],[-83.42556478100927,46.61852066750102],[-83.42574618109818,46.61877776753062],[-83.42592618118336,46.6190079675561],[-83.42610598126737,46.6192291675802],[-83.42638138139363,46.61954716761395],[-83.42657708149032,46.61983126764693],[-83.42679768159266,46.62009646767554],[-83.42696848168471,46.62040786771414],[-83.42709318174366,46.62056716773179],[-83.42717958179273,46.620745367754516],[-83.42733218186596,46.6209491677775],[-83.42745918193219,46.621162367803414],[-83.42758448199247,46.621330767822364],[-83.42771248206118,46.621562167851046],[-83.4278014821186,46.621803067883356],[-83.42793048218974,46.62205236791475],[-83.42807148226261,46.62228346794261],[-83.42819908233118,46.62251476797124],[-83.42831338239446,46.622737267999305],[-83.42849658248822,46.62303036803439],[-83.42860188255949,46.62334306807695],[-83.42877178264905,46.62363646811282],[-83.42898288275704,46.62397396815318],[-83.42909828282286,46.624214568183966],[-83.42921398288982,46.62446416821614],[-83.42933098296048,46.62474056825243],[-83.42944628302727,46.62499016828459],[-83.42953418308115,46.625204268312814],[-83.42971638317242,46.62547936834515],[-83.42983638325161,46.62581906839111],[-83.42988338328811,46.6259979684162],[-83.42991948332664,46.62622216844896],[-83.42989618336033,46.626564568503476],[-83.42983838339822,46.62703376857963],[-83.42974758340624,46.627341668632624],[-83.42965638341298,46.62764066868425],[-83.42950368340999,46.62802206875217],[-83.42937568341158,46.6283755688144],[-83.42924428340233,46.62864836886425],[-83.42911258339193,46.62891216891275],[-83.42900818339452,46.629211368965144],[-83.42894118340354,46.62946476900835],[-83.42888748341791,46.62972686905209],[-83.42878488342434,46.630053069108605],[-83.4287538834372,46.630242869139835],[-83.4286685834264,46.63037956916591],[-83.42848198339101,46.630581569207926],[-83.42820388332768,46.63079446925687],[-83.42794958326542,46.630952769295966],[-83.42774708321849,46.631100969330554],[-83.4273789831299,46.63134306938912],[-83.42703868305442,46.63162016945156],[-83.42665718296044,46.6318531695095],[-83.42632848288432,46.6320942695657],[-83.42602508281513,46.632325669618915],[-83.42570878274184,46.632557369672966],[-83.42538028266688,46.6328071697305],[-83.42512668260596,46.63297506977099],[-83.42487358254729,46.633160169814175],[-83.4245690824745,46.633364369863294],[-83.42435428242585,46.63353136990145],[-83.42417678238357,46.633651769930275],[-83.4239618823338,46.633809369966976],[-83.42376028228936,46.63397567000429],[-83.42352058223602,46.63416967004812],[-83.42333408220179,46.63438067009149],[-83.42323548218674,46.634517770118414],[-83.42318858218589,46.634635770139404],[-83.42308048217652,46.634845070178066],[-83.42291878214687,46.63502837021576],[-83.42275428210874,46.635148970243854],[-83.42257658206641,46.635269470272746],[-83.42246218203776,46.63533527028944],[-83.42234978201616,46.635454770314446],[-83.42221368199247,46.63561937034778],[-83.4221028819757,46.635774770378184],[-83.42200598196551,46.6359478704106],[-83.42192208195945,46.636120570442195],[-83.42176178193348,46.636330970484025],[-83.4215711818871,46.63645207051371],[-83.42136928184145,46.636609070549596],[-83.421154981794,46.63678477058911],[-83.42095158174463,46.63691487062088],[-83.42072418169306,46.63709087066118],[-83.42049728164275,46.63727567070283],[-83.42020668157652,46.6374978707539],[-83.41999208152791,46.63766437079202],[-83.4198804815088,46.63780187081972],[-83.41982448151589,46.63801007085522],[-83.41981768152021,46.63806407086398],[-83.41979528153372,46.638235770891924],[-83.41980308155696,46.63840847091829],[-83.4198049815627,46.638451370924834],[-83.419825981591,46.6386308709515],[-83.41986958161675,46.63872887096428],[-83.41990078164068,46.63884517098057],[-83.42005538171898,46.63908497100895],[-83.4201965817919,46.63931617103679],[-83.4204416818978,46.639544871058305],[-83.42064658198765,46.639747471078095],[-83.42087588207988,46.63990467108941],[-83.42108028216747,46.640089371106406],[-83.42126968224595,46.64023827111872],[-83.42147198232847,46.640386971130276],[-83.42156738236848,46.640465871137096],[-83.4216886824167,46.64054437114232],[-83.42187888249657,46.640702571156076],[-83.4220560825744,46.64087857117325],[-83.42211748261768,46.64107527120028],[-83.42217888266204,46.641280971228745],[-83.42217688269173,46.641533271268024],[-83.42209538269296,46.641759771307854],[-83.42207108268957,46.64179627131487],[-83.42198618268105,46.64195107134375],[-83.4218627826603,46.64210667137497],[-83.4216737826187,46.64226367141014],[-83.42144678256834,46.64244837145172],[-83.42116728250029,46.642625471495144],[-83.42087418242676,46.64279357153802],[-83.42055448234377,46.64295347158105],[-83.42027238226837,46.6430764716162],[-83.41999258219903,46.643244271658254],[-83.41963568210855,46.643440771709066],[-83.41934168203264,46.64359137174926],[-83.41911238197501,46.64372187178262],[-83.4188191819015,46.64389007182542],[-83.41853698182493,46.64400397185923],[-83.4181796817343,46.644200571910105],[-83.41788498165597,46.644332771947454],[-83.41758878157286,46.64442907197928],[-83.41726848148853,46.64457967202092],[-83.4170252814244,46.644692972052376],[-83.41679618136686,46.644823872085745],[-83.41647518128019,46.64495657212471],[-83.4161920812012,46.64505257215575],[-83.41593658113527,46.645183972190715],[-83.41562848105161,46.64530747222749],[-83.41533418097447,46.64544867226617],[-83.41497618088145,46.64562727231434],[-83.41441648074392,46.64597207239978],[-83.41424018070529,46.64611987243277],[-83.41412858068614,46.646257072460415],[-83.41405468067352,46.64634867247886],[-83.41386888064272,46.64658677252641],[-83.41385808064472,46.64663197253403],[-83.41377558064232,46.646831572569745],[-83.41370768065003,46.64707597261154],[-83.41365448066561,46.647347172656666],[-83.41357428067046,46.64760097270062],[-83.41344368066368,46.64789157275321],[-83.41337308066292,46.64807307278542],[-83.41330918068164,46.64839847283957],[-83.41322898068648,46.64865217288349],[-83.41317488069961,46.64890527292589],[-83.41312788069878,46.64902317294689],[-83.41307048070219,46.649204172978244],[-83.41296548070251,46.64948567302789],[-83.4127593806804,46.64984997309619],[-83.41258988066232,46.65015057315252],[-83.41243258064601,46.65043287320536],[-83.41231038062998,46.65062447324205],[-83.41215068060633,46.650852473286534],[-83.41200328058558,46.651071873329],[-83.41186688056067,46.65122777336096],[-83.41171668053033,46.651374873392356],[-83.41142748046893,46.65163337344901],[-83.4111741804102,46.65181847349217],[-83.41094518035376,46.65195817352691],[-83.41070098028712,46.65205337355565],[-83.41045828022526,46.65218447358981],[-83.41019118015893,46.65234307362969],[-83.40992158008528,46.652447773661336],[-83.40969068002391,46.65255167369061],[-83.4094853799685,46.65263697371552],[-83.40916527988433,46.652787873757205],[-83.40893307981817,46.65285547378095],[-83.4087396797633,46.65291367380105],[-83.4084952796955,46.65299977382833],[-83.40825137963003,46.65310387385837],[-83.40799377955696,46.653181373885126],[-83.40773777949087,46.65331287392016],[-83.40749437942554,46.65341687395013],[-83.40719807934343,46.653522073983375],[-83.40688837925381,46.65360057401326],[-83.4065930791742,46.65372387404921],[-83.40629657909093,46.65381997408106],[-83.40602717901844,46.653933574114006],[-83.40579547895356,46.65401047413917],[-83.40556567889581,46.65414147417261],[-83.40538707884997,46.6542349741973],[-83.40517117879774,46.65437497423133],[-83.40485157871579,46.654543474275734],[-83.40460917865403,46.654674574309894],[-83.40437857859276,46.65477837433919],[-83.40415967853195,46.65485497436358],[-83.40394137847238,46.65494047438924],[-83.40373587841584,46.65501687441283],[-83.40352977835911,46.6550933744365],[-83.4032849782901,46.65517037446239],[-83.40305417822877,46.655274174491645],[-83.40280037816774,46.6554415745321],[-83.40252117810186,46.655636474578266],[-83.40225317803304,46.655776974615385],[-83.40203617797822,46.65589857464665],[-83.40185927793834,46.65603727467824],[-83.40166917789317,46.656167174709246],[-83.40150327785133,46.65626077473325],[-83.40125007779267,46.65644607477644],[-83.40097037772448,46.656623174819856],[-83.40062787764285,46.65685517487541],[-83.40033457756924,46.657023274918245],[-83.40016877752743,46.65711657494217],[-83.3999381774662,46.6572207749715],[-83.39973467741676,46.65735087500328],[-83.39954407737038,46.65747217503297],[-83.39931557731514,46.65762037506901],[-83.39912317726495,46.65771497509467],[-83.39886737719782,46.65783707512821],[-83.39870237715847,46.65794847515488],[-83.39847317710193,46.65808827518966],[-83.3982315770426,46.65823737522657],[-83.39807987700854,46.658357575253895],[-83.39787807696288,46.658514775289774],[-83.3976744769134,46.65864507532163],[-83.39754727688282,46.658728675341855],[-83.39737097684308,46.65886737537341],[-83.39726017682742,46.6590318754053],[-83.39724767682455,46.659040975407414],[-83.3971616768124,46.65916877543212],[-83.39707547679912,46.65928757545548],[-83.39696437678114,46.65943397548453],[-83.3968666767686,46.65958897551417],[-83.39676997675843,46.65976197554655],[-83.39667117674333,46.65989907557342],[-83.3965585767217,46.660018375598355],[-83.39643337669605,46.660138175624084],[-83.39627027666269,46.6602945756577],[-83.39614457663575,46.66040507568202],[-83.39610857663409,46.660486775696754],[-83.39602117661607,46.6605696757146],[-83.39596977660305,46.6605977757219],[-83.39591937659137,46.66063477573047],[-83.39586817657833,46.66066287573777],[-83.39577887655545,46.660709775750135],[-83.39572787654245,46.660737775757404],[-83.39565127652247,46.660775275767556],[-83.3955610764971,46.660804275777224],[-83.39548367647578,46.66083287578611],[-83.39543327646416,46.66086997579472],[-83.3953431764399,46.66090807580575],[-83.39526647641988,46.66094537581595],[-83.3951767763968,46.66099237582834],[-83.39507507637106,46.66104847584285],[-83.39497247634384,46.661095575855974],[-83.39485847631741,46.66117897587546],[-83.39471837628275,46.66126297589644],[-83.39462967626211,46.66132777591158],[-83.3945149762333,46.66139307592828],[-83.39442667621394,46.66146707594478],[-83.39433807619342,46.6615318759599],[-83.39413447614285,46.66165317599034],[-83.39404707612597,46.66174497600956],[-83.39397207611192,46.66182757602663],[-83.39386997608601,46.66188357604113],[-83.39379407606839,46.6619390760541],[-83.39373017605249,46.66197667606356],[-83.39368047604316,46.66203167607495],[-83.39357967602093,46.66211477609358],[-83.39350347600325,46.66217057610658],[-83.39343967598734,46.66220767611595],[-83.39333807596152,46.662263776130516],[-83.39324867593969,46.66231967614422],[-83.39317227592083,46.66236627615584],[-83.3931473759162,46.662393776161515],[-83.39308407590148,46.66243997617232],[-83.39303307588858,46.6624681761796],[-83.3929173758573,46.66251557619352],[-83.39284067583725,46.662553176203765],[-83.3927765758202,46.662581776211866],[-83.39270087580263,46.662637176224735],[-83.39263697578671,46.662674676234225],[-83.39254697576142,46.66270377624387],[-83.39246987574124,46.66274097625404],[-83.39237987571593,46.66276997626367],[-83.39221467567644,46.662881176290334],[-83.39215017565813,46.66290067629704],[-83.39209987564762,46.66294697630712],[-83.39197407562067,46.66305727633141],[-83.39189977560792,46.66314887634983],[-83.39175007557884,46.66330537638265],[-83.39168727556643,46.66336927639619],[-83.39135307551125,46.663799276481974],[-83.3909214754436,46.66438437659734],[-83.390626875401,46.66481367668077],[-83.39047907537898,46.665023576721765],[-83.39035357535319,46.66514317674749],[-83.39022777532628,46.665253776771806],[-83.39011567530476,46.66537317679675],[-83.38997677527473,46.66549307682328],[-83.38981377524141,46.665649476856814],[-83.38963637520027,46.66577917688707],[-83.3894179751407,46.66586467691281],[-83.38920157508716,46.665995176945394],[-83.3890222750389,46.66607097696737],[-83.3887914749786,46.66618357699797],[-83.38861087492779,46.666241577017296],[-83.38841787487412,46.66630847703867],[-83.38826237482803,46.666338877052254],[-83.38813267479013,46.666368777064314],[-83.38799077474937,46.666407577078395],[-83.38789987472161,46.6664183770853],[-83.38778307468671,46.666438877095146],[-83.38757367461915,46.66643427710636],[-83.38719437449762,46.666433077127756],[-83.38690647440409,46.666421177142375],[-83.38669737433769,46.66642527715491],[-83.38647567426841,46.66643907716971],[-83.38625447420038,46.66646177718584],[-83.38595577410993,46.66650417720944],[-83.38569837403902,46.66659937723892],[-83.3854145739587,46.66668627726856],[-83.38515917389279,46.66681777730354],[-83.38485297381611,46.66699487734845],[-83.38452157373368,46.667190877397786],[-83.38430517368013,46.667321377430405],[-83.38412657363533,46.667424077456516],[-83.3839343735841,46.667509077480624],[-83.38367717351326,46.6676044775101],[-83.38348377345943,46.66767147753152],[-83.38328957340214,46.6677115775488],[-83.38309417334226,46.667733577563354],[-83.3829252732908,46.667755077576345],[-83.3827421732316,46.66775007758601],[-83.38266377320673,46.66775157759071],[-83.38258457317941,46.66773527759272],[-83.38246597313852,46.66771077759563],[-83.38233447309459,46.66769547760079],[-83.38221717305736,46.66769787760781],[-83.3820472730045,46.667710477619494],[-83.38189127295713,46.66773167763168],[-83.38169607289625,46.66774477764484],[-83.38157887286017,46.667756377653305],[-83.38150077283537,46.667757877658],[-83.3813563727884,46.66775177766527],[-83.38121327274405,46.667763677675275],[-83.38112177271502,46.66776557768082],[-83.38057347254207,46.66778607771528],[-83.38018327242249,46.66783027774436],[-83.37973997228397,46.667857577773866],[-83.37959667223956,46.66786947778389],[-83.37938767217314,46.66787367779644],[-83.37924287212398,46.66784997780103],[-83.37896767203445,46.66783747781477],[-83.37878357197276,46.66781447782167],[-83.37857477190536,46.66780967783284],[-83.37832587182527,46.66780567784642],[-83.37814307176728,46.667809877857486],[-83.37790857169496,46.66783267787439],[-83.37764987161931,46.66789197789838],[-83.37744267155894,46.66794107791776],[-83.3771208714698,46.66805597795396],[-83.37667207135004,46.668254378010296],[-83.37614837121625,46.66853507808374],[-83.37529527100602,46.66905687821336],[-83.37458237083057,46.66949457832187],[-83.37402227069283,46.669839278407316],[-83.37360127058733,46.67008207846901],[-83.37317937047827,46.67029777852649],[-83.37289907040876,46.670465578568546],[-83.37255307031728,46.670625678613064],[-83.37223327023415,46.67078537865612],[-83.37183507012614,46.67094667870386],[-83.37141037000862,46.671099578751765],[-83.37092096987271,46.67127157880631],[-83.37052066975865,46.6713878788472],[-83.37025116968606,46.671501478880195],[-83.36983846957017,46.67163617892461],[-83.3688608693009,46.67199827903652],[-83.36859076922704,46.6721025790681],[-83.36842516918531,46.672196279092105],[-83.36829866915701,46.67229767911503],[-83.36799536908889,46.67253817916962],[-83.36766036903123,46.6729499792526],[-83.36737866899374,46.67338797933665],[-83.3673180689875,46.673497079357006],[-83.36719376896534,46.6736438793869],[-83.36709356894545,46.673744779408224],[-83.36700526892605,46.673818479424725],[-83.3669807689226,46.67385507943178],[-83.36694466891983,46.67392787944513],[-83.36690946891946,46.674018579461205],[-83.36689956892496,46.67409077947302],[-83.36688946893045,46.674163179484765],[-83.36685356892772,46.674235979498114],[-83.36681856892851,46.67433537951556],[-83.36678266892578,46.674408179528896],[-83.36675926892592,46.674471879540114],[-83.36668466891302,46.67456317955854],[-83.36664826890798,46.674617979569106],[-83.36654796888804,46.674719079590545],[-83.36642376886591,46.67486557962033],[-83.36632506885086,46.67500267964724],[-83.36623966884102,46.67514847967472],[-83.3662439688543,46.67524737968982],[-83.36622366886411,46.67538267971199],[-83.36622876887982,46.6754995797298],[-83.36627396891039,46.67563357974801],[-83.36631896894093,46.675767779766254],[-83.36637536896968,46.675856579776834],[-83.36645696900533,46.67593587978447],[-83.36652486903337,46.67598857978883],[-83.36671516911441,46.67615557980385],[-83.36682536916565,46.676288479818226],[-83.36690866920506,46.676394479829874],[-83.3669786692403,46.67650127984248],[-83.36703646927383,46.67662597985856],[-83.36706936930271,46.676778379880304],[-83.36711586933801,46.67694817990398],[-83.36712376936215,46.67712807993148],[-83.3671197693858,46.6773351799638],[-83.36719666944275,46.67760388000107],[-83.36726856948289,46.677746080019084],[-83.36736556952884,46.67787008003275],[-83.3674757695801,46.67800298004712],[-83.3675715696224,46.67809978005667],[-83.36775796969135,46.67817688005801],[-83.36787756973474,46.678219380057776],[-83.36817156984652,46.67836638006379],[-83.36849106996421,46.67849468006552],[-83.3687844700736,46.67862368006882],[-83.3690370701668,46.678726280070336],[-83.36926657025919,46.67888378008169],[-83.36946917034197,46.67903268009322],[-83.36960447039792,46.67913768010176],[-83.36975347045929,46.67925158011096],[-83.36986257050695,46.679357280121145],[-83.36993237054105,46.67945488013232],[-83.37002917058692,46.67957868014599],[-83.37012707063644,46.67972978016384],[-83.37022307067883,46.67982678017345],[-83.3709702710309,46.68076528027638],[-83.37113647110968,46.6809777802999],[-83.37130357119092,46.68120838032615],[-83.37165437136838,46.68175008039015],[-83.3719335715069,46.68215828043754],[-83.37217127162465,46.68250438047767],[-83.37248107178475,46.683010880538596],[-83.37270527189818,46.68335718057951],[-83.372886171986,46.68360538060769],[-83.37306467206653,46.68379978062766],[-83.37352877226805,46.684240080669454],[-83.3741121725129,46.68472298071109],[-83.37459787270942,46.68506388073629],[-83.3750283728797,46.68533398075358],[-83.37544357303972,46.685559280764856],[-83.37577677316395,46.68570528076854],[-83.37601717325437,46.685817280772184],[-83.37619117332044,46.685903780775696],[-83.37637897339421,46.68601688078248],[-83.37648827344188,46.68612258079266],[-83.37666437351409,46.686253980802974],[-83.3767740735641,46.6863776808159],[-83.37687427361972,46.686573480840536],[-83.37727917381989,46.687159380908334],[-83.37756827395177,46.68748618094252],[-83.37780117405498,46.68772428096615],[-83.37808567417353,46.6879523809853],[-83.37832757426875,46.68810018099439],[-83.37851627434492,46.68823138100398],[-83.37878587445222,46.688405781015696],[-83.37904297455877,46.688607281032276],[-83.3793968747091,46.68891508105978],[-83.37971127484796,46.68923258109108],[-83.37997037495954,46.68947008111317],[-83.38022637506252,46.68964488112563],[-83.38050917517505,46.68982788113785],[-83.38138137551489,46.69033168116627],[-83.38175797566379,46.690566881181205],[-83.38216057582088,46.690801481194626],[-83.38320767623036,46.69141858123058],[-83.3837176764281,46.69170498124587],[-83.38468567681029,46.6923056812838],[-83.38506197695797,46.69253198129741],[-83.38532927705914,46.69266148130225],[-83.38565107718406,46.69284358131215],[-83.38591967728892,46.693000181321054],[-83.38617497738949,46.69315668133075],[-83.38681147765233,46.69364738137051],[-83.38740677789663,46.694093781405726],[-83.38795047812683,46.69455968144694],[-83.38834397829189,46.694884381474836],[-83.3887784784743,46.695244081505784],[-83.38925107866672,46.695585481531786],[-83.38978907887876,46.695916181552334],[-83.39028767907833,46.69624778157526],[-83.3910821793946,46.69676208160965],[-83.39137757951012,46.6969362816198],[-83.39161837960175,46.697056881624704],[-83.39187197969638,46.69716858162758],[-83.39221997982965,46.69735028163588],[-83.39267798001201,46.697646881655714],[-83.39320498022705,46.6980316816853],[-83.39364898040279,46.69831048170314],[-83.39404038056065,46.69858118172275],[-83.39443008071372,46.69881608173693],[-83.3948333808722,46.69905968175163],[-83.39509088097999,46.69927038176963],[-83.39544318112445,46.699532981790185],[-83.39564608120837,46.699690581803054],[-83.39595848134007,46.699953881826005],[-83.39644138152708,46.700222881840126],[-83.39695028172233,46.70049128185266],[-83.39733978187418,46.70071698186544],[-83.39778308204754,46.70097768188051],[-83.39813158218205,46.70116838189018],[-83.39844218230785,46.70138688190632],[-83.39875428243838,46.701641281927934],[-83.39910958259357,46.701984881960854],[-83.39945378275058,46.70237358200148],[-83.39986888294429,46.70287788205591],[-83.4002290831141,46.70332948210533],[-83.40050168323208,46.70358478212933],[-83.40075908333878,46.70378618214581],[-83.40097558342708,46.70394358215788],[-83.40127108354262,46.70411738216792],[-83.40180868375346,46.70443898218705],[-83.40206548385893,46.704631682202276],[-83.40232448396938,46.70486028222286],[-83.40262388409703,46.70512388224664],[-83.4029212842175,46.705333682262165],[-83.4032346843518,46.70561518228784],[-83.40342358442801,46.70574618229737],[-83.40357108448573,46.70583308230241],[-83.4039571846268,46.70597798230281],[-83.40434418477139,46.706149782307364],[-83.40461218487495,46.70629718231488],[-83.40502798503519,46.706522382326035],[-83.4057573853309,46.70703808236426],[-83.40612278548058,46.70730918238542],[-83.40645938561461,46.7075274824],[-83.40679318573905,46.707673182403504],[-83.40704668583473,46.707793882407714],[-83.40724818591285,46.70790668241367],[-83.40739678597305,46.70801148242147],[-83.40772328611152,46.70829268244633],[-83.40799668623087,46.70855688247166],[-83.40822878633067,46.708768182491134],[-83.40871228652004,46.70905478250794],[-83.40904558664323,46.70919188251012],[-83.40966748686131,46.709349682499045],[-83.41031618709007,46.709524982489164],[-83.410595987193,46.709635882490346],[-83.41085148729265,46.70978368249869],[-83.41113238739923,46.70992178250399],[-83.4113355874833,46.710079482516804],[-83.41151188755661,46.710219782528505],[-83.41167538762704,46.710369282542295],[-83.41183778769378,46.710491882551985],[-83.41205098777237,46.71057748255312],[-83.41237268789627,46.71075058256154],[-83.41258628797603,46.710845182563986],[-83.41271938802478,46.71089628256431],[-83.41366208836429,46.71120938255894],[-83.41436358860982,46.71138358254584],[-83.41499888883327,46.711550282535384],[-83.41531758894752,46.71165148253281],[-83.41557068904093,46.711754082534235],[-83.41577158911772,46.71185778253884],[-83.41594718918866,46.711980082547775],[-83.41609658925134,46.71210298255822],[-83.41617818928596,46.71217318256449],[-83.41630018933665,46.71226988257246],[-83.41643438938792,46.7123387825755],[-83.41659408944619,46.712398182575576],[-83.41675378950455,46.712457882575706],[-83.41715168964718,46.712584582572546],[-83.41741548973633,46.712623882563584],[-83.4176132898046,46.71266488255865],[-83.41776038985999,46.712733782560875],[-83.41792078992074,46.71281138256373],[-83.41798858994872,46.712863882568044],[-83.418018289968,46.71294448257881],[-83.41804708998473,46.71300668258679],[-83.4180393899964,46.71312388260536],[-83.41804199000376,46.71317778261359],[-83.41797239000556,46.713377282648445],[-83.4178706900168,46.71373948271036],[-83.41784339003965,46.714000982752445],[-83.41785209006628,46.71419878278254],[-83.41792749011745,46.714422382812906],[-83.4180264901695,46.714591282833396],[-83.41817669023456,46.714731882846614],[-83.41838009031878,46.71488978285943],[-83.41858279040048,46.71502928286943],[-83.41874449046483,46.71513388287639],[-83.41889369052741,46.71525648288683],[-83.4190029905752,46.71536228289699],[-83.4190720906069,46.71544198290541],[-83.41915409064273,46.715521182912944],[-83.41935779072804,46.71568788292714],[-83.41965209084002,46.715834982933096],[-83.42011939101445,46.71604078293827],[-83.42053249116628,46.716203182939836],[-83.42086699129314,46.71636688294604],[-83.42104039135796,46.71644428294812],[-83.42126789144433,46.71655648295248],[-83.42142919150751,46.71665208295809],[-83.4216272915758,46.71669278295307],[-83.42187809166195,46.71674138294627],[-83.42222269178444,46.71684238294219],[-83.42248769187728,46.71690868293733],[-83.42280449198657,46.71697398292933],[-83.42302969206564,46.717032082925456],[-83.42325489214583,46.71709928292297],[-83.4234684922256,46.717193782925406],[-83.42364379229541,46.717307082932926],[-83.42383369237422,46.71745608294519],[-83.42401069244885,46.71760538295814],[-83.42432539258685,46.71791358298789],[-83.4244658926586,46.718135483014215],[-83.4245815927247,46.718376183044874],[-83.42472109279292,46.71857118306711],[-83.4248335928493,46.71873978308679],[-83.42498539291927,46.71891658310551],[-83.42515059299451,46.71910198312474],[-83.42527459305133,46.71924348313961],[-83.42536369310793,46.7194755831704],[-83.42539449313074,46.719582883185275],[-83.42546959317959,46.719788183212785],[-83.42546139319111,46.719905483231415],[-83.42546999321668,46.72009428326014],[-83.4255762932907,46.72042498330527],[-83.42566679335098,46.7206840833402],[-83.4258770934569,46.72100358337765],[-83.42618439360776,46.72143808342741],[-83.42655769378071,46.72188018347449],[-83.42694749396863,46.722402883533114],[-83.42718669409027,46.722775683577204],[-83.42756629428257,46.72336168364622],[-83.42775199438395,46.72370888368932],[-83.4278739944695,46.72409318374185],[-83.42794059452865,46.72440648378657],[-83.42795229456398,46.724667483826266],[-83.42793419458111,46.724856883856624],[-83.42788109459688,46.72512798390166],[-83.42776299459312,46.725409483951964],[-83.42761619457376,46.72563778399571],[-83.4275345945739,46.725855284034054],[-83.42747659457618,46.72602748406403],[-83.42747049459275,46.726180684088106],[-83.42745019460155,46.72630728410885],[-83.42755029465727,46.72650308413346],[-83.42764889470813,46.72666278415254],[-83.42779989477461,46.72681268416709],[-83.42789789482418,46.72696338418483],[-83.4279961948728,46.72710548420122],[-83.42805659491384,46.72728458422546],[-83.42806519493938,46.72747298425414],[-83.42804609495286,46.72763528428035],[-83.42797579495232,46.72781688431252],[-83.42786489493564,46.72797228434288],[-83.42769109490546,46.72818288438543],[-83.42758029488881,46.728338284415806],[-83.42744359486495,46.72850318444917],[-83.42727939482701,46.72862368447718],[-83.42715619480856,46.72879728451112],[-83.42702069478841,46.72898928454856],[-83.426963394792,46.729170484579896],[-83.42693099480019,46.729323984605514],[-83.42688369479933,46.72944198462647],[-83.42679799478734,46.72956978465118],[-83.42667239476165,46.72968978467693],[-83.42648199471641,46.72981958470792],[-83.42621659465719,46.73003218475601],[-83.42593799459374,46.73024498480486],[-83.42571129454463,46.73043878484786],[-83.425534894506,46.730586584880804],[-83.425421494482,46.730687984903],[-83.4252467944483,46.73087178494143],[-83.42516089443734,46.73100838496744],[-83.42504929441823,46.73114588499515],[-83.42503669441531,46.73115508499727],[-83.42488549438254,46.731284285025914],[-83.4247737943634,46.73142168505361],[-83.42454439430689,46.731561585088336],[-83.42440519427467,46.73166348511208],[-83.42422959423966,46.73183858514927],[-83.42408099421418,46.73202148518604],[-83.4238962941871,46.732286285237606],[-83.42370029415969,46.73257838529399],[-83.42356459413949,46.73277048533147],[-83.42342759411449,46.73292628536344],[-83.42325139407703,46.73308288539776],[-83.42298589401774,46.73329548544587],[-83.42240219388032,46.733703885542425],[-83.42146229365699,46.73434478569537],[-83.4208899935188,46.73471688578567],[-83.42042259341389,46.73508678586966],[-83.41999539332612,46.73549168595673],[-83.41965379324924,46.735759886017824],[-83.4192464931504,46.73602058608143],[-83.41881249304083,46.73626378614389],[-83.41836549292833,46.73651618620853],[-83.41773589275886,46.73678148628555],[-83.41687419252433,46.737123586387774],[-83.4158046922272,46.737497286506766],[-83.41533969209584,46.73764218655579],[-83.41508259202615,46.7377464865866],[-83.41477309193986,46.737851986620655],[-83.41431969180785,46.73796068666339],[-83.41396959170429,46.73803108669434],[-83.41359139158745,46.73806598672137],[-83.41322719147718,46.73811868675031],[-83.4129399913871,46.73813378676906],[-83.41266519129985,46.73813958678566],[-83.41237919121333,46.738181586808516],[-83.4120536911143,46.73822448683381],[-83.41160049098235,46.73833298687644],[-83.41107039083033,46.73847928692944],[-83.41073459073564,46.73858528696501],[-83.41047649066239,46.73866278699178],[-83.41026949060317,46.738721087012635],[-83.40979029046403,46.7388391870583],[-83.40925969031072,46.73897608710986],[-83.40895059022566,46.73909088714524],[-83.4085270901129,46.73927968719872],[-83.40806708999621,46.73953228726406],[-83.40768228989467,46.739711387313804],[-83.40727168978498,46.73989148736516],[-83.40691218969033,46.740060587411875],[-83.406487589574,46.74022248746118],[-83.40597248943214,46.74041348752022],[-83.40558558932447,46.740547587563036],[-83.40528888924112,46.740643787594934],[-83.40491358913283,46.740741687631534],[-83.40444868900153,46.740886687680536],[-83.40399738887557,46.74103998773007],[-83.40362228876727,46.74113788776662],[-83.40332358867897,46.74119828779303],[-83.40306408860192,46.74124858781567],[-83.40281728852793,46.741289687836165],[-83.40266248848528,46.74134698785386],[-83.40241818841857,46.7414421878826],[-83.40209748833303,46.74158388792282],[-83.40172518823438,46.74175358797038],[-83.40143018815593,46.74188588800774],[-83.40101738804108,46.74202948805354],[-83.40066898794349,46.74214498809133],[-83.40024248782221,46.742270988135175],[-83.3995287876107,46.74241178819774],[-83.39911388748871,46.7425014882354],[-83.39910138748579,46.74251058823752],[-83.39880358739991,46.74258898826663],[-83.39819738723129,46.7427996883339],[-83.39773468710607,46.74298938838973],[-83.39737608701286,46.74316788843785],[-83.3969135868888,46.743366688495016],[-83.3963740867446,46.74360288856243],[-83.39593668662528,46.74377388861385],[-83.39556238652051,46.743898888654606],[-83.3949160863359,46.74408338872009],[-83.39434738617372,46.744248288778124],[-83.39366328598142,46.74446958885151],[-83.39314738583823,46.74465148890909],[-83.3926959857111,46.744795788957205],[-83.39239858562645,46.744883088987734],[-83.39212918555609,46.74501468902347],[-83.3916184854276,46.745304189097475],[-83.3909427852608,46.74571448919958],[-83.390497185153,46.746002789269696],[-83.39020598508661,46.746224889320665],[-83.38996468502951,46.746391889360325],[-83.38967168495817,46.74657788940585],[-83.38944188490044,46.74670888943927],[-83.38917368483371,46.74686728947909],[-83.38880548474616,46.74711808953893],[-83.3883261846428,46.74753318963055],[-83.38798568456946,46.74782818969567],[-83.38768548451111,46.748140389761126],[-83.38747238446955,46.748360889807444],[-83.38730198445025,46.74865258986231],[-83.38714188442655,46.7488807899068],[-83.38686538437028,46.749147489963875],[-83.3866006843123,46.749368990013295],[-83.3863466842534,46.749554490056504],[-83.38607918418798,46.7497218900977],[-83.38578538411312,46.74988099013907],[-83.3850517839138,46.750175290226544],[-83.3836757835419,46.75074399039319],[-83.38345858348703,46.75086549042438],[-83.38333058345395,46.75093109044187],[-83.38326598343563,46.75095049044856],[-83.38321478342264,46.75097889045584],[-83.38316328340842,46.75099749046168],[-83.38306058338124,46.75104479047488],[-83.38300928336712,46.75106389048076],[-83.38294498334996,46.75109239048887],[-83.38289408333814,46.751129290497495],[-83.38281828332053,46.75118479051038],[-83.38273008330341,46.751276690529664],[-83.38259428328094,46.751450590564346],[-83.38249488326461,46.751578490589786],[-83.3823948832448,46.75167959061116],[-83.3823195832307,46.751762390628244],[-83.38225808322092,46.75184449064451],[-83.38217028320393,46.75193629066367],[-83.38210758319055,46.751991590675864],[-83.38205648317866,46.7520286906845],[-83.38199328316402,46.75207499069528],[-83.38194268315229,46.752112090703896],[-83.38187918313754,46.75215839071472],[-83.38180208311742,46.75219619072493],[-83.38172548309852,46.752242690736495],[-83.38155948305666,46.752335990760436],[-83.38148198303526,46.75236459076929],[-83.38139168300981,46.75239339077891],[-83.38131468298864,46.752422090787775],[-83.38122338296073,46.75243299079469],[-83.38113248293405,46.75245289080294],[-83.38100238289482,46.75247349081353],[-83.38082088284152,46.752513390830124],[-83.38066488279412,46.7525345908423],[-83.38045578272886,46.75254819085634],[-83.3803383826915,46.752550390863384],[-83.38022028265398,46.75255309087059],[-83.38009008261368,46.75256459087978],[-83.38001168258987,46.75257529088592],[-83.37989518255503,46.75259569089573],[-83.37972708250706,46.75264419091282],[-83.37954638245725,46.75271079093349],[-83.37936698241002,46.752795590956815],[-83.37846848217241,46.75321039107238],[-83.37753778194305,46.75377849121342],[-83.37725768187583,46.753964491258245],[-83.37705388182628,46.75409459128999],[-83.37692658179566,46.75417829131021],[-83.37679808176134,46.75423489132631],[-83.37669548173419,46.754282091339455],[-83.37661858171408,46.75431969134971],[-83.37651538168565,46.754357891361515],[-83.37646398167152,46.754377291367454],[-83.37633428163349,46.75440649137936],[-83.37624328160568,46.754417491386285],[-83.37613888157361,46.75442869139401],[-83.37599578153032,46.75444969140536],[-83.37587878149532,46.75447009141524],[-83.37576228146155,46.754499391426435],[-83.37567148143488,46.75451939143474],[-83.37556758140404,46.75453959144377],[-83.37548988138157,46.754559191451214],[-83.37539928135493,46.75457909145952],[-83.37530828132817,46.75459889146776],[-83.37515448128799,46.7546740914882],[-83.37509038127092,46.75470249149622],[-83.37501318124961,46.754730891505055],[-83.37496188123659,46.75475899151232],[-83.37492388122776,46.7547867915188],[-83.37482108120057,46.754833991531946],[-83.37477068118997,46.754880091542],[-83.3747202811794,46.75492599155194],[-83.37468428117667,46.754998791565264],[-83.37463438116738,46.755053891576644],[-83.37460998116396,46.755090491583736],[-83.37458488116032,46.755126891590805],[-83.37456138115938,46.75518139160056],[-83.3745379811596,46.75524489161173],[-83.37454068116804,46.75530779162129],[-83.37451728116825,46.75537129163248],[-83.37450658117139,46.75542569164151],[-83.37449688117698,46.755497791653234],[-83.37448488117646,46.755524991658106],[-83.37448638118128,46.755561091663594],[-83.37446218117906,46.75560649167203],[-83.37445088118086,46.75565169167967],[-83.37443958118165,46.75568789168592],[-83.37441538117942,46.75573349169432],[-83.37440368117895,46.75576069169924],[-83.3743787811754,46.755797091706285],[-83.37435428117197,46.75583369171334],[-83.3743171811656,46.75587949172254],[-83.37424148114923,46.75594429173687],[-83.37401288109503,46.7561017917743],[-83.37388568106549,46.75619449179595],[-83.37379648104371,46.75625049180969],[-83.37365578100874,46.756334291830704],[-83.37357968098999,46.756380891842234],[-83.37354118098,46.7563997918474],[-83.37347738096403,46.75643689185677],[-83.37340068094512,46.75648349186838],[-83.37334998093331,46.756520291876946],[-83.37328668091756,46.75655789188638],[-83.3732224809026,46.7566041918972],[-83.37318508089507,46.75664099190507],[-83.37312178088044,46.756687291915796],[-83.37307198087223,46.75675129192856],[-83.37304708086755,46.756778791934224],[-83.37299728085934,46.75684279194699],[-83.37294708084885,46.75688879195696],[-83.37292238084427,46.75691639196267],[-83.372885280839,46.75697129197329],[-83.37284798083263,46.757017191982484],[-83.37282298082795,46.75704449198815],[-83.37278638082277,46.757099191998705],[-83.3727480808139,46.75712699200518],[-83.3726850808004,46.75718229201735],[-83.37262148078565,46.757228592028156],[-83.37257098077504,46.757274892038204],[-83.37248118075087,46.757312492049145],[-83.37239178072787,46.75735939206153],[-83.37231458070772,46.75739699207174],[-83.37221168067937,46.75743509208351],[-83.37210788064961,46.75746429209399],[-83.37190128059054,46.75752259211478],[-83.37179728055963,46.75754259212382],[-83.37171958053712,46.75756239213135],[-83.37160268050215,46.757582692141185],[-83.3715117804754,46.75760259214944],[-83.37140818044577,46.757631792159856],[-83.37131838042157,46.75766959217084],[-83.37120238038906,46.75770809218346],[-83.37108718036008,46.75777339220009],[-83.37088378031174,46.75791269223327],[-83.37069298026528,46.75803359226291],[-83.37039808018899,46.75818369230293],[-83.37006618010633,46.75837969235225],[-83.3698007800481,46.75860099240166],[-83.36954747999046,46.75879529244617],[-83.36933167993932,46.75894379248152],[-83.36901457986681,46.75918429253679],[-83.36883797982924,46.75934109257115],[-83.3685468797639,46.75957209262352],[-83.36839587973222,46.759710192653515],[-83.36820537968694,46.759840092684485],[-83.36800137963735,46.759970292716304],[-83.36786257960738,46.76009019274277],[-83.36771167957575,46.760228192772765],[-83.36754657953743,46.760348692800804],[-83.36742037951036,46.7604593928252],[-83.36728257948398,46.76060619285575],[-83.36707057944493,46.76084449290472],[-83.36687157940996,46.76108259295292],[-83.36667367937865,46.76134769300528],[-83.36637727933342,46.7617588930858],[-83.36626597931546,46.761905293114815],[-83.36624137931311,46.76195069312329],[-83.36610287928325,46.762070593149694],[-83.36599017926153,46.762189893174586],[-83.36572347919856,46.762375593218586],[-83.36563367917549,46.76242219323094],[-83.36555687915538,46.762459793241135],[-83.36549247913818,46.76248809324918],[-83.36537657910682,46.7625354932631],[-83.36529937908553,46.76256409327196],[-83.36518357905416,46.762611493285924],[-83.36509357902992,46.76264939329693],[-83.36502937901277,46.76267769330497],[-83.36495227899263,46.76271529331518],[-83.36486247896845,46.762753293326206],[-83.36477197894293,46.76278199333579],[-83.36464187890378,46.76280269334642],[-83.364512478867,46.76284129335981],[-83.36444707884617,46.76284269336375],[-83.36434267881408,46.76285389337145],[-83.36426457878929,46.76285559337615],[-83.36415977875599,46.76285769338249],[-83.36405507872269,46.76285979338881],[-83.36396347869358,46.76286189339433],[-83.3638845786674,46.7628543933977],[-83.36380597864243,46.762856093402426],[-83.3636750786008,46.76285869341033],[-83.3635694785651,46.762842993413926],[-83.36351697854728,46.762834993415694],[-83.36336017849747,46.76283819342514],[-83.36322947845703,46.76284999343442],[-83.36311177841958,46.7628522934415],[-83.36295547837099,46.762864793452394],[-83.36286397834299,46.762875493459234],[-83.3626944782913,46.76289689347226],[-83.36251157823314,46.762900693483274],[-83.36218597813401,46.76294349350847],[-83.36195327806769,46.763011293532266],[-83.36176087801742,46.76310519355782],[-83.36156857796713,46.76319919358333],[-83.36144177793776,46.76329179360492],[-83.36132747791122,46.76337529362432],[-83.36126437789771,46.76343049363648],[-83.3612016778854,46.76349479365005],[-83.36117657788067,46.763522293655704],[-83.36114547789064,46.763687193683005],[-83.36112337789747,46.76380229370205],[-83.36112707790848,46.76388329371439],[-83.36110467791224,46.76397389372971],[-83.36110537791438,46.76398949373206],[-83.36111017792923,46.7640995937488],[-83.36107557793132,46.764208293767595],[-83.36102797792924,46.764317293787165],[-83.3609407779135,46.76441819380778],[-83.36080387788957,46.76458309384112],[-83.36068057787105,46.76475649387499],[-83.36042707781334,46.764950693919516],[-83.36018587775736,46.765126693960525],[-83.35988157768672,46.765348994012285],[-83.35958867761757,46.765552894060576],[-83.35933237755027,46.76567529409416],[-83.3586288773713,46.76605879419367],[-83.35839787731088,46.766171594224275],[-83.35798697720209,46.76636009427693],[-83.35772967713227,46.76646429430776],[-83.3575877770926,46.766512294323284],[-83.35725217699894,46.76662709436022],[-83.35699467692814,46.766723594389845],[-83.35670227685027,46.766854594426825],[-83.35632597674919,46.767015294473154],[-83.35587627662908,46.76721349452949],[-83.3555300765386,46.76738259457542],[-83.3552474764629,46.7675053946106],[-83.3549390763812,46.76764669465006],[-83.35461757629535,46.767788394690335],[-83.35421987619068,46.767976494742136],[-83.35387337609899,46.768136594786725],[-83.35357557601304,46.7682147948158],[-83.35317497589986,46.76833999485804],[-83.35287747581509,46.76842719488852],[-83.35262007574521,46.76853139491934],[-83.35233657566705,46.76863629495176],[-83.35210407560186,46.76871299497692],[-83.35193727555756,46.76878849499812],[-83.35174587551084,46.768909395027755],[-83.35158007547012,46.76901179505307],[-83.35136217541394,46.76912449508293],[-83.3511313753536,46.76923699511353],[-83.35088857529271,46.76937699514904],[-83.35074847525797,46.76946089517001],[-83.3505815752136,46.76953629519123],[-83.35040077516379,46.7696030952119],[-83.35015517509439,46.769680095237796],[-83.3499362750346,46.76976559526356],[-83.34965297495759,46.76987929529731],[-83.3494083748907,46.76997439532599],[-83.34919117483689,46.7701048953586],[-83.34901557480178,46.77027969539568],[-83.34884097477021,46.770480995436756],[-83.34866637473971,46.7706915954793],[-83.34855677472666,46.77087389551377],[-83.34842077470518,46.77105649554982],[-83.34820937466954,46.77132199560296],[-83.34811317466182,46.771513095638014],[-83.34800227464615,46.77167719566974],[-83.34785477462542,46.77189629571205],[-83.34776817461199,46.77201499573532],[-83.34760507457976,46.772180595770244],[-83.34736377452373,46.772356295811214],[-83.34715797446809,46.77244149583615],[-83.34696347441167,46.772490495854875],[-83.34691347439633,46.77249609585856],[-83.34676807435171,46.77251249586945],[-83.34645647425921,46.77257289589658],[-83.34628187420637,46.77259899591054],[-83.34624827419623,46.7726041959133],[-83.34600157412325,46.77265429593515],[-83.34575587405385,46.77273129596106],[-83.34551087398683,46.77282629598974],[-83.34525487392071,46.77295759602468],[-83.34501597387198,46.77318759607389],[-83.34471327380724,46.77345459613248],[-83.3442703737089,46.77381469621352],[-83.34411917367717,46.77395289624351],[-83.34390457362962,46.77412819628284],[-83.34363927357353,46.774367596335075],[-83.34338997352802,46.774651796393215],[-83.34315367348773,46.774944596452016],[-83.343004273462,46.775127596488836],[-83.34281777342991,46.7753562965349],[-83.34272137342214,46.77554739656996],[-83.34258737340781,46.775784096614196],[-83.34246627339657,46.776011796656356],[-83.34238327339408,46.776211296691976],[-83.3423377733992,46.77637409671975],[-83.34220257338019,46.77657499675852],[-83.34205677336544,46.776839096807684],[-83.3419615733613,46.77705689684683],[-83.34181567334649,46.77732089689597],[-83.34161587330907,46.777540996941454],[-83.34140297326857,46.777770296989075],[-83.340937673174,46.77822079708533],[-83.34072587313601,46.778468197135666],[-83.3405653731122,46.77869639718017],[-83.34035457307787,46.77897089723464],[-83.3401929730504,46.77917199727493],[-83.34000547301584,46.77938289731829],[-83.3397800729725,46.77962149736803],[-83.33956727293092,46.7798417974143],[-83.33930097287023,46.78004529746097],[-83.33904477280616,46.78019449749869],[-83.33864567269667,46.78034659754498],[-83.3381825725723,46.78054509760215],[-83.33795197251312,46.78066689763414],[-83.33764207242655,46.78077209766811],[-83.33739927236564,46.7809120977036],[-83.33719607231846,46.78106019773813],[-83.33694167225715,46.78122759777854],[-83.33669927219857,46.78138529781676],[-83.33643297213783,46.78158889786347],[-83.33628137210488,46.781717897892094],[-83.33610267206112,46.78182959791957],[-83.33585837199541,46.781933797949634],[-83.33560547194004,46.78214569799687],[-83.3353244718703,46.7823137980389],[-83.33505427179739,46.78242699807183],[-83.33469397170025,46.78257839811582],[-83.33433367160306,46.782729798159785],[-83.33400007151549,46.78288939820354],[-83.33363977141832,46.78304079824752],[-83.33335557133881,46.78313659827854],[-83.33309747126656,46.78322299830664],[-83.33274927117107,46.78335589834712],[-83.33245247108867,46.783461098380265],[-83.33209257099266,46.78362129842564],[-83.33176097091119,46.78382609847625],[-83.33146827084205,46.78402999852447],[-83.33111407076424,46.78432519859034],[-83.33087517071442,46.78454619863816],[-83.33065217067943,46.784847698697575],[-83.33052987066448,46.78504799873548],[-83.33043307065651,46.78523899877059],[-83.33031107064276,46.78544839880989],[-83.33020437063935,46.78570279885533],[-83.33004877063127,46.786047898917595],[-83.32995737064029,46.78636469897181],[-83.32988947064808,46.78660889901345],[-83.32981377066866,46.78697969907511],[-83.32972227067663,46.78728769912798],[-83.3296684706922,46.78755869917293],[-83.32955227069662,46.78790289923278],[-83.32947507071235,46.78823749928897],[-83.3293687707112,46.788509699337105],[-83.32919727068935,46.78878309938921],[-83.32904097067777,46.789101499447334],[-83.32889367065923,46.7893382994924],[-83.32866997062186,46.789621899549005],[-83.32847947057756,46.78976069958136],[-83.3283020705375,46.789899299612934],[-83.32809967049268,46.790065299650124],[-83.32785697043292,46.79021439968703],[-83.3276410703828,46.79037199972375],[-83.32743717033317,46.79050179975543],[-83.32720857028008,46.79066869979432],[-83.326967170224,46.790844499835295],[-83.32662437014544,46.79110339989491],[-83.32644677010529,46.791241899926455],[-83.3262824700694,46.791380399957255],[-83.3259402699921,46.79164830001818],[-83.32571256994147,46.791832900059745],[-83.32552256989952,46.79198980009484],[-83.32523156983528,46.792229700148546],[-83.32493886976617,46.792433800196825],[-83.32465936970121,46.79263710024424],[-83.32426506960849,46.79291520030974],[-83.32368276947882,46.79338620041581],[-83.32348056943518,46.79356110045441],[-83.32327726938794,46.793709400488915],[-83.32311296935205,46.79384790051977],[-83.32289996931148,46.7940770005673],[-83.32267446926808,46.794315700617084],[-83.32251506924791,46.794571000665655],[-83.32245356923922,46.79466210068327],[-83.32234206922224,46.79481730071363],[-83.32219876921481,46.79513520077099],[-83.32205546920842,46.79546190082964],[-83.32201126921727,46.79565200086156],[-83.32198186923623,46.79588660089951],[-83.32199786928601,46.79625530095563],[-83.32207486934317,46.7965237009927],[-83.32223136942783,46.79680850102784],[-83.3223204694856,46.79704970106005],[-83.32243726955653,46.79732630109607],[-83.32253816961473,46.79754020112339],[-83.32262586966884,46.79775450115156],[-83.32272916973439,46.798022401187055],[-83.32285736980457,46.79826260121688],[-83.3230029698923,46.79860190126102],[-83.3231177699572,46.798833601290255],[-83.3232494700372,46.79914570133103],[-83.32339307011885,46.79943980136825],[-83.32355137020954,46.79976960141023],[-83.32369897030333,46.80015340146114],[-83.32385537038796,46.80043840149623],[-83.32398947047642,46.800813601546565],[-83.3241485705695,46.80116150159126],[-83.32433757068198,46.80158950164663],[-83.32449637077393,46.80192830168995],[-83.324655670866,46.8022672017332],[-83.32481617096506,46.80265980178472],[-83.32498997106718,46.8030432018341],[-83.32511907113987,46.803301801866674],[-83.32522167120305,46.803551501899406],[-83.32532387126497,46.8037924019308],[-83.32545587134732,46.80412290197436],[-83.32557297141945,46.80440830201179],[-83.32568747148314,46.80463110203969],[-83.32580307155044,46.804880602071655],[-83.32592067162385,46.80517520211043],[-83.32610687172776,46.805540402156254],[-83.32623897180908,46.80586180219841],[-83.32635477187753,46.80612040223177],[-83.32639757190204,46.806209702243066],[-83.32655697199527,46.806557202287706],[-83.32670387208671,46.80692310233583],[-83.32681947215399,46.80717290236783],[-83.3268946722052,46.80739630239811],[-83.32703757228448,46.80767240243263],[-83.32706767230496,46.80776180244469],[-83.3272825724246,46.808180402497094],[-83.32741457250687,46.80851070254065],[-83.32750477256835,46.80877890257692],[-83.32762017263448,46.80901960260753],[-83.32765637267435,46.80925280264147],[-83.32768797269966,46.80937810265907],[-83.32773387273282,46.80953040267993],[-83.32778517278292,46.80980820271994],[-83.32785107284211,46.81012200276468],[-83.32791447289279,46.81037250279976],[-83.3279978729695,46.810784802858706],[-83.32805367303301,46.81116140291374],[-83.32812097309697,46.81151110296389],[-83.32817437315435,46.81184310301215],[-83.32821357320282,46.81213930305565],[-83.32826947326754,46.81252520311212],[-83.32834867333094,46.81283870315604],[-83.32836067336852,46.8131173031984],[-83.32839937341686,46.81341360324197],[-83.3284141734619,46.81374620329251],[-83.32839937348994,46.814016503335125],[-83.32833427350735,46.814332703387684],[-83.32832947352877,46.8145220034172],[-83.32827407353842,46.81474770345529],[-83.32824237355015,46.814928603485015],[-83.32819867356027,46.81512750351823],[-83.32816787357557,46.815335103552066],[-83.32813827359234,46.81555170358721],[-83.32806907359645,46.815769103624746],[-83.32803827361178,46.815976903658616],[-83.3279824736213,46.816202903696734],[-83.32795457363163,46.81636200372291],[-83.32792997364065,46.81650110374582],[-83.32790347366821,46.81679850379331],[-83.32789007366954,46.816844803801175],[-83.32780137367934,46.817160703855095],[-83.32778627370726,46.817430803897636],[-83.32773447372789,46.817737903948085],[-83.32761117374758,46.81822630403059],[-83.32755817376561,46.81851540407825],[-83.32748267378744,46.818894904141196],[-83.32744377381216,46.81920170419079],[-83.3273541738262,46.81955450425043],[-83.32727887384917,46.81994290431474],[-83.32725087387192,46.82020460435675],[-83.32717707389864,46.82062010442517],[-83.32710117391923,46.82099070448676],[-83.32702387393503,46.82132520454286],[-83.32695847395135,46.82163250459403],[-83.32689117396156,46.82189480463843],[-83.3268266739803,46.822220104692356],[-83.32679887400425,46.82249090473577],[-83.32676927402208,46.82271630477227],[-83.32675737402157,46.82274350477717],[-83.32668817402575,46.822960804814684],[-83.3266202740347,46.82321440485774],[-83.32652637403541,46.823468204902305],[-83.32643127403242,46.82369510494275],[-83.32636267403785,46.82392150498169],[-83.3262796740366,46.82413020501864],[-83.3262260740534,46.82441050506502],[-83.32613417405904,46.82470030511501],[-83.3259880740453,46.82497320516553],[-83.32582647401789,46.82517450520588],[-83.32561427397985,46.825421705256176],[-83.32543967394938,46.82563220529863],[-83.32530187392298,46.82577900532917],[-83.32526547391903,46.82584270534108],[-83.32515327389973,46.82598020536878],[-83.32502877387867,46.826135505399854],[-83.32490727386619,46.826353905440534],[-83.32479917386021,46.82659030548321],[-83.32470527386086,46.826844105527776],[-83.32468727387804,46.82703340555808],[-83.32464447389066,46.82725030559402],[-83.32462797391378,46.82748460563115],[-83.32461087393347,46.82769200566411],[-83.32453147394314,46.82798160571341],[-83.32445257395405,46.828280205764045],[-83.32442127396592,46.828460805793696],[-83.32435147396883,46.82866930582992],[-83.32430997398617,46.82892200587131],[-83.3242908740008,46.82909330589883],[-83.3241611739989,46.82942000595672],[-83.32403877398507,46.82962960599608],[-83.32393107397915,46.82986570603868],[-83.3238488739803,46.83009240607838],[-83.32383477400967,46.830371706122364],[-83.32388617405982,46.83064960616231],[-83.32389807409747,46.83092830620467],[-83.32390817412909,46.8311621062402],[-83.32386987415626,46.831487106292606],[-83.32382777417229,46.83173070633261],[-83.32381127419436,46.831956006368365],[-83.32377087421533,46.832235906413906],[-83.32371177421402,46.83238110643967],[-83.32361727421343,46.83262600648291],[-83.32354527420908,46.83278040651087],[-83.32344457418904,46.83288150653224],[-83.32337007417736,46.832982106552016],[-83.32325987416303,46.833155206585026],[-83.3231885741611,46.83332760661572],[-83.32311817416162,46.83351830664922],[-83.32311347418415,46.833716106680036],[-83.32312307419798,46.83380470669316],[-83.3231353742162,46.83392270671065],[-83.32320677425642,46.83406520672863],[-83.32326907429356,46.83420680674692],[-83.32330917431746,46.83429740675858],[-83.3234096743745,46.834502106784434],[-83.3235112744352,46.83473390681447],[-83.32354757447413,46.83495850684704],[-83.32362027451798,46.83512780686902],[-83.32363217455564,46.83540660691143],[-83.3235883745657,46.835605406944595],[-83.32357137458658,46.83582200697901],[-83.323583074623,46.836091507019944],[-83.32365717467061,46.836288007046065],[-83.32371767471284,46.8364758070716],[-83.32375007474062,46.836619107091856],[-83.32375827476615,46.836808007120574],[-83.3237528747863,46.83698790714871],[-83.32373177479379,46.837105507168005],[-83.32370487482015,46.83739400721409],[-83.32374017485765,46.83760940724534],[-83.32379087490543,46.83786920728259],[-83.32383837494346,46.838057207308886],[-83.32390057499057,46.83828090733986],[-83.32395917502673,46.83842360735857],[-83.32405807507895,46.83859280737899],[-83.32415887513619,46.838797807404866],[-83.32428567520164,46.83900210742918],[-83.32442677527494,46.839233107456806],[-83.32449607530687,46.83931290746516],[-83.32457887534522,46.839410307475475],[-83.3246924754065,46.839614707500516],[-83.32488477549283,46.839818007520904],[-83.32489827549824,46.83982670752149],[-83.32510257558513,46.84000260753697],[-83.32527947565997,46.84015190754988],[-83.32552627576912,46.840398907573906],[-83.32561177580538,46.840471407580196],[-83.32574407586137,46.84058340758994],[-83.3259481759471,46.84075030760404],[-83.32598057596181,46.84078570760765],[-83.32612667602798,46.840944907623864],[-83.32633197611734,46.84113850764205],[-83.32649507618567,46.84127020765306],[-83.3266451762498,46.841402107664834],[-83.32679527631504,46.841543107678],[-83.32701247640496,46.84170970769131],[-83.32719137648591,46.84190400771111],[-83.32803227687049,46.842849907809025],[-83.32833497700727,46.84317670784214],[-83.32845967706551,46.84332720785825],[-83.32850857710842,46.84355120789005],[-83.3285293771369,46.84373070791657],[-83.3285110771901,46.844217107992684],[-83.32843837722054,46.844659608065164],[-83.32818567720346,46.84518670816099],[-83.32798927717815,46.84549680822004],[-83.3276922771328,46.845907708300466],[-83.32745377708638,46.84615540835233],[-83.32704907699912,46.846505708429525],[-83.32658167689956,46.846920308520225],[-83.32614827679546,46.84720810858944],[-83.32577037671892,46.847575708667804],[-83.32551967667085,46.847841808723174],[-83.32522337662792,46.848270808806326],[-83.32511737662806,46.84855200885581],[-83.325078676654,46.84886780890677],[-83.32509757667646,46.84900240892643],[-83.32510187668984,46.84910130894146],[-83.32511367672637,46.84937100898241],[-83.32506957673638,46.84957000901566],[-83.32495937672317,46.849752209050045],[-83.32470617666775,46.84996430909725],[-83.32436347659034,46.85023230915822],[-83.32347567639086,46.85093450931738],[-83.32305677629577,46.85125780939123],[-83.32258807619249,46.85164530947782],[-83.32209357608208,46.852042309567395],[-83.3217798760216,46.85237260963626],[-83.32136247593137,46.85273210971562],[-83.32103807587401,46.853116709793525],[-83.32070037581245,46.85350160987221],[-83.32041277576029,46.85383150993957],[-83.31997847569093,46.85440731005327],[-83.31965617564076,46.85484571013938],[-83.31952697564117,46.85519031019995],[-83.31935757562775,46.85552671026152],[-83.31934607562845,46.855563010267744],[-83.3191141756027,46.85596361034286],[-83.318704475574,46.856808910496696],[-83.31842737555468,46.8573815106009],[-83.31825947554495,46.85774491066659],[-83.3166293754208,46.861026811266186],[-83.31541507534483,46.86360731173371],[-83.31515117532973,46.86417971183712],[-83.31445447528844,46.86567881210821],[-83.31358637522646,46.867460312432726],[-83.31291167518015,46.868860012687215],[-83.31236027515118,46.87007691290642],[-83.31190047511312,46.870977213071576],[-83.311451475073,46.87183221322914],[-83.31141587507152,46.871913913243795],[-83.31110877503276,46.87240611333729],[-83.31065177496716,46.87307231346616],[-83.31047827494034,46.87330981351269],[-83.31077567506024,46.873510813526686],[-83.31096507513699,46.87364201353609],[-83.31114437521924,46.873845313557204],[-83.3112431752704,46.87400531357623],[-83.31138767535471,46.87431741361613],[-83.3114548754177,46.874658113664815],[-83.31152007547458,46.87495381370666],[-83.31151497549487,46.87513381373473],[-83.31159927557533,46.87557321379768],[-83.31165207563045,46.87588701384305],[-83.31166427566936,46.87617471388675],[-83.3115622756818,46.87654581394978],[-83.3114053756701,46.87686391400784],[-83.31112367563621,46.87732861409561],[-83.31091357560658,46.87763881415546],[-83.3108163755975,46.87782081418911],[-83.31079677560992,46.87797441421389],[-83.31079167563125,46.87816341424336],[-83.31085067566862,46.878315214263345],[-83.31098957573474,46.87849211428267],[-83.31138107589116,46.87874531429935],[-83.31158577597172,46.87886731430643],[-83.31159907597672,46.87887341430664],[-83.31193867610378,46.87902191431014],[-83.31226797622695,46.879165914313475],[-83.31254527632073,46.87920541430371],[-83.31255917632429,46.87919801430177],[-83.3127251763671,46.879111614278955],[-83.31310107643753,46.87869921419385],[-83.31339627651397,46.87854901415381],[-83.31374667661464,46.87845221411884],[-83.31402827670209,46.87842811409898],[-83.31416497674455,46.878416714089475],[-83.31457797685748,46.878255214040884],[-83.3146144768662,46.8782309140351],[-83.31567547712042,46.8775220138651],[-83.31675427736324,46.87667231367235],[-83.31716277746266,46.87641201360879],[-83.31765227759226,46.87618611354599],[-83.31866147787638,46.875859613437875],[-83.32067607846751,46.875404913252545],[-83.32092497854634,46.87539621323693],[-83.3211127786058,46.875389613225224],[-83.32127877865831,46.87538361321477],[-83.32134407868053,46.87539381321262],[-83.32174127881545,46.87545521319936],[-83.32196377889207,46.875498213193275],[-83.32376597951267,46.875846113143794],[-83.3249060799107,46.87611091311938],[-83.32550418008688,46.87598181306526],[-83.32596658020677,46.875747613002666],[-83.32656608035053,46.87534811290683],[-83.32690038043833,46.875188512863055],[-83.32740828059019,46.87509711281991],[-83.32786918074241,46.87513281279902],[-83.3282474808574,46.875080012769246],[-83.32903828108401,46.874857112689625],[-83.32938658117844,46.874714912647754],[-83.3296976812676,46.87462751261648],[-83.33005328138522,46.87465631260058],[-83.33037268150004,46.87475791259795],[-83.33096468173015,46.875087712614956],[-83.33140218188365,46.87519581260658],[-83.3318872820381,46.875186012577316],[-83.33232458216908,46.875109012540385],[-83.33292948235021,46.875002712489405],[-83.33340928248872,46.87487591244237],[-83.33352768252156,46.8748336124291],[-83.3345852828149,46.87445611231035],[-83.3348406828834,46.874345412278686],[-83.33486868289087,46.87433311227522],[-83.33507178293586,46.87416711223795],[-83.3351713829533,46.874048012213855],[-83.3354887829886,46.87350151211145],[-83.3356864830176,46.87321851205648],[-83.33596468307665,46.872970112002285],[-83.33634878317368,46.87275501194713],[-83.33680078329789,46.87258381189486],[-83.33721588341798,46.87247631185451],[-83.33748918350362,46.8724595118363],[-83.33787028362302,46.87243611181085],[-83.33863348387362,46.87248341177449],[-83.3389750839878,46.8725210117607],[-83.33953018417333,46.87258231173841],[-83.34005458434024,46.87257131170672],[-83.34040478444078,46.87247421167171],[-83.34077788453982,46.87230451162418],[-83.34106998460648,46.8720825115732],[-83.34155318468146,46.871424711444135],[-83.341828684733,46.87112211138171],[-83.34214588480442,46.870872511325025],[-83.34255488490504,46.8706213112629],[-83.34345508514228,46.870197811146056],[-83.34393188527108,46.869999211088164],[-83.34429088536233,46.869802711037295],[-83.34451778540826,46.86958211099031],[-83.34467568542462,46.86930011093777],[-83.34476628537672,46.868668010835094],[-83.34485938537352,46.868396210787836],[-83.3450702854067,46.868112910732094],[-83.3457433855607,46.86760411061511],[-83.34602158561971,46.867355610560885],[-83.34623278565512,46.867090110507846],[-83.34635188565908,46.86680861045759],[-83.3466827856998,46.86627091035572],[-83.34681708567905,46.86574621026716],[-83.34693638568417,46.86547401021831],[-83.34712298571509,46.86523601017096],[-83.34768978583087,46.864693410054805],[-83.3484156860028,46.86419250993604],[-83.34922428621196,46.863780109826145],[-83.34976588635914,46.86356180976144],[-83.35028478650894,46.863425109710654],[-83.3507538866506,46.8633525096726],[-83.35182618698416,46.863267409598116],[-83.35239018716474,46.86326490956546],[-83.35252608721092,46.86328590956093],[-83.35285248732177,46.86333640954999],[-83.3533653875056,46.86349530954513],[-83.3534244875268,46.86351360954458],[-83.35446728792508,46.86403810956575],[-83.35452468794699,46.864066809566935],[-83.3546035879741,46.864081509564684],[-83.35505368812852,46.86416400955162],[-83.35634108854586,46.864200509483545],[-83.35786218903102,46.86417820939301],[-83.35880488932774,46.8641318093319],[-83.35923328945313,46.86403290929211],[-83.35978848960572,46.86382350922803],[-83.36061108982146,46.863428509120034],[-83.36122368997042,46.863037909024705],[-83.36186969011351,46.862511608906566],[-83.36271279032044,46.861990208777854],[-83.36303349040587,46.861846708737374],[-83.36342539051023,46.8616714086879],[-83.36347189052262,46.861650608682005],[-83.36372749059694,46.86158780865771],[-83.3639160906518,46.86154140863972],[-83.36399119067363,46.861522908632566],[-83.36457789085154,46.86143870858598],[-83.36478959091774,46.86142510857178],[-83.36519279104392,46.861399008544645],[-83.36637839140144,46.86121250844799],[-83.36713459162183,46.861030508376636],[-83.36936479227171,46.86049380816615],[-83.36956429233099,46.86045510814874],[-83.3698850924263,46.860393008120816],[-83.37017029251511,46.86037100810109],[-83.37052559262567,46.86034360807649],[-83.37098639277782,46.860379208055576],[-83.37144959293721,46.86046860804287],[-83.37206529316005,46.86067690803973],[-83.37264939337138,46.86087450803672],[-83.3731542935541,46.861045208034135],[-83.37382179379935,46.861301308035394],[-83.37498379425065,46.86194770806852],[-83.37528769436872,46.862116808077175],[-83.37654169486414,46.86288270812347],[-83.37692119501884,46.863153708143514],[-83.37720769514071,46.86339990816504],[-83.37748519527172,46.863745008202365],[-83.37761629534957,46.86403930824025],[-83.37764319539652,46.86435380828719],[-83.37752779547488,46.86530130843989],[-83.37764459554491,46.86556870847441],[-83.3778525956429,46.86582530850206],[-83.37817849577729,46.86607050852118],[-83.37884969603469,46.86641660853607],[-83.37954369628943,46.866681108537115],[-83.38006019646802,46.86678740852387],[-83.38021509652044,46.86680960851841],[-83.38089409675004,46.86690700849452],[-83.38153939696824,46.86699960847186],[-83.38238299724979,46.86709000843744],[-83.38291179743013,46.867178008420694],[-83.38344569762629,46.867382808421674],[-83.38387669779522,46.86763490843585],[-83.38424379794819,46.86792420845944],[-83.38450609806779,46.86821570848929],[-83.3848009982154,46.86865070853948],[-83.38490849827397,46.86884890856388],[-83.38515809841009,46.86930900862049],[-83.38544359860074,46.870122008729446],[-83.3857352988471,46.871375908905996],[-83.3857929989159,46.871788708966314],[-83.38579139899615,46.87245150906855],[-83.38579069901718,46.87262580909549],[-83.38584279905541,46.87280240911969],[-83.3858807990834,46.872932309137575],[-83.38591429910802,46.873046109153144],[-83.38605899919138,46.87334900919154],[-83.38640159934094,46.87367500922218],[-83.38793709997759,46.87485770931642],[-83.38866590028695,46.87547810937025],[-83.38876710032993,46.87556480937781],[-83.38916450049865,46.875903009407196],[-83.39003570086358,46.87660490946538],[-83.390535101062,46.87691840948507],[-83.39165060149153,46.87750700951181],[-83.39324210211856,46.87846370956803],[-83.39368850229897,46.87876930958948],[-83.39412450248275,46.879129309619984],[-83.39503160288547,46.8800461097092],[-83.3952549029927,46.88033840974143],[-83.3954009030809,46.880677409785285],[-83.3954344031113,46.880838709808216],[-83.39539440312711,46.88107310984664],[-83.3953511031441,46.88132640988816],[-83.39533670316662,46.88154890992327],[-83.39532770318056,46.88168700994507],[-83.39534770320554,46.8818394099674],[-83.39550090331467,46.88233121003436],[-83.3957898034802,46.88292811010974],[-83.39593910357708,46.88333001016315],[-83.39603040367639,46.88390401024632],[-83.39608580377417,46.88455971034413],[-83.3962248038755,46.885024910407836],[-83.39636820395519,46.885301010442156],[-83.39699000423974,46.88599881051399],[-83.39769210455428,46.886731010586516],[-83.39844300487448,46.887381410643634],[-83.39873530501355,46.88775311068414],[-83.39893450511977,46.88809991072611],[-83.39931230533993,46.888910910829374],[-83.39954100546433,46.88932921088066],[-83.39983540561073,46.88975491092933],[-83.40020430576875,46.890080110958266],[-83.40065070594815,46.89037691097838],[-83.40608700801016,46.8929853110682],[-83.40671660824898,46.89328731107858],[-83.40764030859938,46.89373071109386],[-83.40787000868372,46.89381831109416],[-83.40860190895258,46.89409751109517],[-83.40910740913208,46.89423971108802],[-83.41034940955252,46.89442071104462],[-83.41067820965928,46.89443161102743],[-83.41099690977171,46.894514911022],[-83.4111412098255,46.89457651102318],[-83.41127840987663,46.894635011024334],[-83.41141480991361,46.89457941100795],[-83.4117679100093,46.89443571096553],[-83.41264391028031,46.89435441090275],[-83.4135203105525,46.89428171084124],[-83.41550941117319,46.894140710705386],[-83.41665571155218,46.89423351065386],[-83.41719861173915,46.89433911063895],[-83.41773031192699,46.894480810630256],[-83.41879691231358,46.89484531062515],[-83.42389831418272,46.89675321062601],[-83.42533491469467,46.89717281060811],[-83.4257726148471,46.89727131059817],[-83.42692201523477,46.897427010556136],[-83.42757971544947,46.89745811052316],[-83.42882501584342,46.89741381044481],[-83.42937381601244,46.89735701040456],[-83.42960271608159,46.89732191038598],[-83.42998661619747,46.89726301035486],[-83.43227111685925,46.89668351013449],[-83.43381811731386,46.89634460999345],[-83.43392491734419,46.89631220998232],[-83.43429761744993,46.89619950994358],[-83.43474801757006,46.89600080988711],[-83.43596661788395,46.895371909720325],[-83.43628321795387,46.895113209662284],[-83.43725121814846,46.89416570946083],[-83.43780241825331,46.893577909338674],[-83.4381209183304,46.89337320928888],[-83.43916191860322,46.892873909152215],[-83.43974501873475,46.89242060904894],[-83.44054251894661,46.892061608947856],[-83.44096961906591,46.89191750890114],[-83.4413987191936,46.891836408864016],[-83.44143271920423,46.89183430886172],[-83.44185731933725,46.89180860883341],[-83.44234411949645,46.89183430880937],[-83.44279541965426,46.89194150879997],[-83.44353641993031,46.892256108805846],[-83.44398652009795,46.89244710880937],[-83.44446442026535,46.8925628087997],[-83.44496642043487,46.89263310878168],[-83.4456321206523,46.89266570874847],[-83.4458611207271,46.89267700873709],[-83.44606782079704,46.892706608729775],[-83.44624432085674,46.892732008723506],[-83.4469681211287,46.893058308732144],[-83.44741852128404,46.89314780872006],[-83.4478936214428,46.89320050870089],[-83.44839252160254,46.89319890867196],[-83.44887482174818,46.89312550863299],[-83.44931582187526,46.893008208589585],[-83.44966332196813,46.892856608546246],[-83.44995512203452,46.89263440849529],[-83.4502306220869,46.892340508434245],[-83.45045152211648,46.892002808369575],[-83.45067242204038,46.89080110817187],[-83.45073262197482,46.89010690806153],[-83.45108342197196,46.889163607896144],[-83.45143632201045,46.88855310778188],[-83.45151742193724,46.8877415076523],[-83.45163172192845,46.88736980758851],[-83.45170072185361,46.88657660746237],[-83.45203222180577,46.88531540724916],[-83.45203622180517,46.88530020724659],[-83.45203622179993,46.885257307239996],[-83.45203562176764,46.88499430719952],[-83.45194052165819,46.88434830710555],[-83.45163082136648,46.88277360688081],[-83.45159852133612,46.882609906857496],[-83.45159822126179,46.88200240676396],[-83.45159822122935,46.8817368067231],[-83.45166532121985,46.88148340668019],[-83.45183842124635,46.881245806633665],[-83.45208952129644,46.88099730658097],[-83.45239432136701,46.88077480652919],[-83.45310012154962,46.88041780643368],[-83.45343552164192,46.880293506395276],[-83.45422922187782,46.88014150632626],[-83.45469542201066,46.88000550627856],[-83.45549152221865,46.87961960617334],[-83.45666222253038,46.879099306025964],[-83.45734782272307,46.87887760595244],[-83.45800942291471,46.878710405888725],[-83.4583872230282,46.878648405857454],[-83.45875432314492,46.87864050583513],[-83.45913812327464,46.87869540582154],[-83.45950902340465,46.878786205814244],[-83.45985602353143,46.878913705813936],[-83.4605146237837,46.87925050582794],[-83.46056682380498,46.87928750583063],[-83.46078612389425,46.879443005842],[-83.4610052239892,46.879645005860496],[-83.46127622412241,46.88002440590335],[-83.46139782418221,46.88019460592258],[-83.4618574243998,46.88076950598471],[-83.46231562461061,46.881292906038986],[-83.46245282467373,46.88144970605521],[-83.4638442252634,46.88262470615616],[-83.46450962558286,46.8834933062517],[-83.46454352559915,46.883537506256545],[-83.46520472592928,46.88450450636742],[-83.4654539260437,46.88478700639656],[-83.4663679264289,46.88554110646014],[-83.46664402655303,46.88583230648914],[-83.4669628267018,46.88621340652945],[-83.46743562692241,46.88677800658922],[-83.46829162730901,46.88769550668121],[-83.46860622744421,46.887976706706425],[-83.46895822758475,46.88820310672108],[-83.469333327726,46.88837500672596],[-83.46986792791881,46.888550506722204],[-83.47007992799529,46.88861990672074],[-83.47020762804408,46.88868410672329],[-83.47038872811325,46.888775206726905],[-83.4707266282471,46.888983906739576],[-83.47112862839803,46.88916420674423],[-83.47159402856252,46.88928920673668],[-83.47246882886589,46.88947720671538],[-83.47364692930427,46.88997370672405],[-83.47408652946162,46.89010820671947],[-83.47453752961931,46.890215506710035],[-83.4753385299114,46.89050410670844],[-83.47567463004026,46.89067660671562],[-83.47588213013486,46.89090630673908],[-83.47595943019026,46.891156606773166],[-83.47577963021348,46.891817606885205],[-83.47589513027772,46.89204000691279],[-83.47647953051859,46.892477306946525],[-83.47674893062293,46.89262450695363],[-83.47688443066956,46.892650606949886],[-83.47700063070953,46.89267300694669],[-83.4772637307943,46.89267630693207],[-83.47779293095208,46.89257970688676],[-83.47799243101161,46.89254360686969],[-83.47862243119638,46.89240320681188],[-83.47870703122122,46.89238430680413],[-83.47908633133844,46.89234900677684],[-83.47932053141349,46.892348606763335],[-83.4795324314814,46.89234840675113],[-83.48012823168001,46.89241090672644],[-83.48031083174094,46.89243030671896],[-83.48053823182532,46.8925246067204],[-83.48063713187547,46.89267520673788],[-83.48064563188376,46.89272080674437],[-83.48074163197701,46.8932309068174],[-83.48085763204362,46.89347140684771],[-83.48093403208202,46.8935850068608],[-83.48118713220934,46.8939628069044],[-83.48161903242662,46.89460680697862],[-83.48172243249034,46.894856607011135],[-83.48174803253154,46.89512600705115],[-83.48172973253973,46.89524110706988],[-83.48162623258641,46.89589360717624],[-83.48167733263462,46.8961535072133],[-83.48185813271962,46.89637450723692],[-83.48199353277322,46.896457507241905],[-83.48212853282656,46.89653970724679],[-83.48270233303539,46.89674320724511],[-83.48291883312187,46.89688250725409],[-83.48339213334499,46.89746620731667],[-83.48342583337555,46.8976274073395],[-83.48338233342011,46.89810540741555],[-83.4835013334954,46.8984088074554],[-83.48388043368205,46.89894050751541],[-83.48398473374824,46.89920820755059],[-83.48402293379235,46.89946840758842],[-83.48407113382154,46.89958080760294],[-83.48412623385497,46.89970910761953],[-83.48430733394116,46.899939207644465],[-83.48464943408261,46.90019880766477],[-83.4852869343462,46.900682807702545],[-83.48588743459887,46.90117380774353],[-83.48650993484746,46.901574207769315],[-83.48674303494805,46.90178530778837],[-83.4869370350372,46.90200590781114],[-83.48750553533365,46.902938507921945],[-83.48763793548382,46.90381760804953],[-83.48765843549549,46.903859208054776],[-83.48774753554633,46.904041308077616],[-83.48776863555844,46.90408470808312],[-83.48801543566552,46.904313308104044],[-83.48830003578028,46.904505108117206],[-83.48886513599736,46.904798808129854],[-83.48911003609844,46.904982608144024],[-83.48926623617893,46.90523110817327],[-83.4895276363293,46.90577440824179],[-83.48972433646128,46.90633700831698],[-83.48990693655126,46.90659400834603],[-83.49070023688957,46.90727910840577],[-83.49098413700183,46.90745250841608],[-83.4912650371054,46.907563408416955],[-83.49161043722624,46.90764580840975],[-83.49181463729548,46.90767670840277],[-83.49185383730877,46.90768260840144],[-83.49249623752658,46.907779608379364],[-83.49337983781962,46.907859308340775],[-83.49378733795137,46.907868508318714],[-83.49454773819197,46.90784290827105],[-83.49486883828921,46.90779630824538],[-83.49491293830258,46.90778990824183],[-83.49525543841474,46.907809408225134],[-83.49556203852543,46.90791080822309],[-83.49674903898774,46.908578008257386],[-83.49712343912657,46.90873160825944],[-83.49757463928323,46.908829808248576],[-83.49803743944031,46.90890070823288],[-83.49844983958573,46.90900900822576],[-83.49847303959464,46.90902060822618],[-83.4987723397092,46.90917260823237],[-83.49902993981317,46.90934710824438],[-83.49935223993546,46.909502008249625],[-83.49942253996029,46.909520608248414],[-83.4996983400576,46.90959340824377],[-83.50000194015968,46.90963210823221],[-83.5000624401805,46.90964360823052],[-83.50045264031499,46.90972080821995],[-83.50073624042612,46.909885808228985],[-83.50097034053033,46.91012360825206],[-83.50137674072796,46.91067280831313],[-83.50161424087624,46.911261508389956],[-83.50165344092288,46.91153960843047],[-83.50165504103154,46.91242140856598],[-83.50170744108242,46.91269930860569],[-83.50184994115749,46.91293910863434],[-83.5020056412218,46.91305670864348],[-83.50208134125315,46.91311410864794],[-83.5023356413472,46.91321650864905],[-83.50254804142133,46.9132658086444],[-83.50271914147685,46.913271208635386],[-83.50318584161084,46.91314390858892],[-83.50384494179387,46.912913508515565],[-83.50657664256615,46.912070708228654],[-83.50762784286941,46.91179590812588],[-83.50816134302796,46.91169410807953],[-83.50881364322441,46.91159140802615],[-83.50933354338106,46.91150960798365],[-83.50986374354079,46.911426207940295],[-83.51015594362882,46.91138040791642],[-83.51020614364369,46.91137070791202],[-83.51166584407669,46.911086207784265],[-83.51205064419588,46.911052407756856],[-83.51262044437236,46.91100230771633],[-83.51311844452954,46.91098230768462],[-83.51540154525624,46.910941007546754],[-83.51593784542231,46.910893307508545],[-83.51621144550273,46.91083390748366],[-83.51644474557129,46.91078320746239],[-83.51740004583404,46.91042920735293],[-83.51826214606385,46.91005000724497],[-83.51832674608114,46.91002190723698],[-83.51926344632467,46.909560207112015],[-83.51947724637762,46.9094328070801],[-83.52050264663136,46.908822006927124],[-83.52124654682358,46.90844560682641],[-83.52163464693261,46.90832040678479],[-83.52221774710004,46.90816210672685],[-83.52300924732747,46.9079477066483],[-83.52302004733048,46.90794420664715],[-83.52388894757391,46.90765840655317],[-83.52428584767573,46.9074516064985],[-83.52500064785097,46.90701290638986],[-83.5253975479517,46.906797006333804],[-83.52629514818287,46.906336306211244],[-83.52674594830407,46.906146406156054],[-83.52705384838872,46.906032206120756],[-83.52718454842466,46.9059837061058],[-83.5276939485699,46.90583690605389],[-83.53000514922887,46.905170805818265],[-83.53034434932556,46.905073005783706],[-83.53039764934074,46.9050577057783],[-83.53180424972696,46.90453160561638],[-83.53220244983142,46.90434280556441],[-83.53254684991548,46.904128205511576],[-83.53282384997365,46.90387900545726],[-83.5334431500755,46.90309140530051],[-83.53388065015824,46.9026228052032],[-83.5344378502834,46.90218750510418],[-83.53525055047206,46.90160260496743],[-83.53595465061629,46.90093890482479],[-83.53735735092283,46.899773904564796],[-83.53823925110926,46.898989604393435],[-83.53928605129938,46.89780520415096],[-83.54065465147374,46.89565090374077],[-83.54074635149853,46.895613503729734],[-83.54138175171911,46.89575200371441],[-83.54179735187428,46.895931503718074],[-83.54193875191255,46.89587440370116],[-83.54209595196143,46.895861803690146],[-83.54234195203179,46.89579350366547],[-83.54254155206876,46.89557300362004],[-83.54301385208305,46.894455603421],[-83.54317795211863,46.89431690339025],[-83.54343985216651,46.89402310332994],[-83.54397655230056,46.893714103251476],[-83.54454265245165,46.893467603180945],[-83.54666975303245,46.89264640293212],[-83.54679755306422,46.89257150291321],[-83.54735595319302,46.89216310281826],[-83.54836065343162,46.89148380265588],[-83.54909615360013,46.89093640252929],[-83.54955545371291,46.8906562024597],[-83.55009895383257,46.8902121023601],[-83.55032825388774,46.89006310232396],[-83.55058565395737,46.88995830229301],[-83.55074675398428,46.88975670225269],[-83.55083815401218,46.889745802245756],[-83.55096285403525,46.88960790221739],[-83.55125385410008,46.889376402165034],[-83.55138385413801,46.88934650215291],[-83.55149275414948,46.88915510211721],[-83.55173195420008,46.888942702070736],[-83.5519110542448,46.88883980204458],[-83.55196055425279,46.8887757020319],[-83.55213935429745,46.88867270200573],[-83.55286255446423,46.888143601882675],[-83.55310485452355,46.88799420184573],[-83.55349705461062,46.8876794017747],[-83.55363755464641,46.887604501755064],[-83.55395305471461,46.887336301695626],[-83.55429595479477,46.887094601638694],[-83.55442465482908,46.88703810162261],[-83.55482965492014,46.886722701550724],[-83.55500845496479,46.8866197015246],[-83.55518455500085,46.88645380148893],[-83.5556563551165,46.88616430141719],[-83.55579795515486,46.88610710140028],[-83.55597385519084,46.885941201364616],[-83.55605295521706,46.885948401361134],[-83.5561565552467,46.885919101350666],[-83.55624065525353,46.885755301320614],[-83.55644355529918,46.885597701284716],[-83.55667625536539,46.88552960126081],[-83.55684325540956,46.885453701239484],[-83.5571621554877,46.88525770119096],[-83.55739655552354,46.88493750112822],[-83.55742995551981,46.884819701108164],[-83.55748025549606,46.88449460105528],[-83.55743585546868,46.88438760104136],[-83.55739695545198,46.88435290103824],[-83.55736735543921,46.88432620103586],[-83.5575324554773,46.884205501007756],[-83.55772615551467,46.88400410096563],[-83.55774485551827,46.883984700961584],[-83.55777255552205,46.88394330095363],[-83.55825955558905,46.88321720081386],[-83.55832355560564,46.883185300805266],[-83.55850315565208,46.88309500078101],[-83.55860155566434,46.8829379007512],[-83.5586861556749,46.8828027007255],[-83.55901945576086,46.8826333006802],[-83.55935555585548,46.88252680064451],[-83.56021285610676,46.882336600565814],[-83.56063255624,46.88232720054016],[-83.56105575638432,46.88239870052677],[-83.56118555643096,46.882439800525646],[-83.56148215653741,46.88253320052289],[-83.5618071566453,46.882564400508976],[-83.56247105686576,46.88262800048046],[-83.56298185702579,46.88259860044654],[-83.56346505717478,46.88255190041148],[-83.56389295729858,46.882443400370164],[-83.56434045742438,46.88230040032234],[-83.56477225754578,46.882162500276266],[-83.56519575765704,46.88196400022131],[-83.56528335767888,46.8819131002084],[-83.56556635774935,46.88174880016682],[-83.56668395801157,46.88096769998226],[-83.56749985821163,46.88046859985844],[-83.56792095831499,46.880211199794566],[-83.56893545854881,46.87946819962178],[-83.56917335859569,46.879229099571305],[-83.56931995861463,46.879000599527714],[-83.5694246586137,46.878719499478436],[-83.56947645859479,46.87843009943094],[-83.56946935857421,46.878280799408365],[-83.5694507585204,46.87789069934941],[-83.56949075850115,46.877628999306836],[-83.56953975850826,46.877559099293286],[-83.56965045852422,46.87740029926246],[-83.56987865857687,46.877233099223574],[-83.57013125864758,46.87714999919624],[-83.57092625887006,46.87688809911011],[-83.57140335900358,46.87673089905844],[-83.57147595902336,46.876702899049974],[-83.57231835925325,46.876377398951306],[-83.57272865936032,46.8761790988972],[-83.57311535946548,46.87602639885141],[-83.5733084595206,46.87597169883182],[-83.57456555987952,46.87561579870462],[-83.57468315990806,46.875541198686335],[-83.5751384600184,46.875251998615624],[-83.57614946024229,46.87443729843196],[-83.57638366027805,46.874117098369226],[-83.57689676031184,46.87305259817588],[-83.57698156025384,46.872357698064036],[-83.57696586020803,46.87202499801374],[-83.57687166010528,46.871433097928154],[-83.5767938600486,46.87117389789274],[-83.57666405997759,46.870933797863295],[-83.57630065980379,46.870464997812086],[-83.57604505967305,46.8700659977654],[-83.57582865955358,46.869656697714895],[-83.57564555942929,46.86912099764303],[-83.57557675936552,46.868780397594634],[-83.57564935937313,46.86865279757075],[-83.57585535942859,46.868567197545744],[-83.57596295945976,46.86853999753538],[-83.57597195946232,46.86853759753446],[-83.5763483595719,46.868448297498986],[-83.57694715975096,46.86834459744858],[-83.57717035982044,46.86832839743322],[-83.57769305998306,46.868289797397104],[-83.57906516041005,46.86818879730251],[-83.57923726046504,46.8681878972924],[-83.57958996057776,46.86818619727185],[-83.5800783607416,46.86824699725307],[-83.58013116076005,46.86825959725196],[-83.5805299608993,46.868353797243444],[-83.58162326129379,46.868716197236196],[-83.58173226133408,46.86876029723666],[-83.58202446144207,46.86887809723794],[-83.58211696147757,46.868925997240005],[-83.58287226176742,46.869317897256785],[-83.5832563618993,46.86939019724574],[-83.58327476190516,46.86938999724461],[-83.58359726200753,46.86938249722489],[-83.58497796242371,46.86917129711282],[-83.58549996258388,46.86911469707395],[-83.58564846263103,46.86911109706489],[-83.58716496311236,46.869076896972174],[-83.58762676326671,46.86912949695363],[-83.58798746339885,46.86926529695374],[-83.58823336350116,46.869457796969144],[-83.5885573636625,46.86992739702276],[-83.58879356377163,46.87020099705119],[-83.58993106425851,46.871201197139484],[-83.59024276438392,46.87141009715366],[-83.5905782645103,46.87156449715805],[-83.59095056464167,46.8716640971519],[-83.59134446476786,46.87166449712922],[-83.5920105649737,46.87160409708152],[-83.59241866510767,46.87163079706212],[-83.59271326521664,46.87175019706348],[-83.59293346531304,46.871961197083266],[-83.59332836554317,46.87280719719059],[-83.59364196570675,46.873321997251715],[-83.59393916582314,46.873495397261244],[-83.59404306586207,46.87354149726235],[-83.59412676589345,46.873578897263286],[-83.59438156598894,46.87369219726601],[-83.5951837662833,46.87399799726677],[-83.5959470665333,46.874043697229745],[-83.59667416677844,46.874144197203314],[-83.59805806723757,46.87427479714355],[-83.59885196750827,46.87440969711853],[-83.59934996767187,46.87444319709492],[-83.59965506777203,46.87446349708045],[-83.60001896789738,46.87453579707058],[-83.60262326879467,46.87505289699984],[-83.60313766896564,46.87510419697804],[-83.603780869172,46.875107596941454],[-83.60485456953985,46.875303796909705],[-83.60491966956212,46.875315796907756],[-83.60572246982466,46.87536039686833],[-83.60615276995566,46.87530559683508],[-83.60674917012578,46.87513589677455],[-83.60704607021046,46.875051296744424],[-83.60752997036187,46.8750224967121],[-83.60783467046627,46.87507829670306],[-83.60816767058516,46.8751786966993],[-83.60892887086207,46.87544929669696],[-83.60933157101415,46.87563809670281],[-83.60969177114399,46.87575589670014],[-83.61019547131704,46.87585229668584],[-83.61064257146339,46.87587819666404],[-83.61110107160776,46.875858696634566],[-83.61411097254968,46.875682096433685],[-83.61462777270992,46.87563959639736],[-83.6157841730685,46.875544696315984],[-83.61688097340547,46.875429696235024],[-83.61736317355076,46.87535559619577],[-83.6178157736789,46.87521929614868],[-83.61825367379797,46.87504729609699],[-83.61867497390995,46.874860596043916],[-83.61870337391754,46.874848196040375],[-83.61909987401901,46.87464109598562],[-83.61911457402223,46.87462889598295],[-83.61968057414691,46.87416859587945],[-83.61998507421815,46.87395469582895],[-83.62033027430556,46.873766795780185],[-83.62046187434386,46.87373529576771],[-83.62053767436586,46.87371699576056],[-83.62133607458276,46.873401895666],[-83.62160837466142,46.87333249563963],[-83.62199027475387,46.87308979558025],[-83.6222558748138,46.87288569553351],[-83.62267707491873,46.872641995471724],[-83.62272287492868,46.872603595463175],[-83.62303007499544,46.87234619540586],[-83.62404367522865,46.871602795233024],[-83.6241431752538,46.87154829521887],[-83.62437567531242,46.87141979518567],[-83.62440147531895,46.87140559518205],[-83.62451157534852,46.87135919516851],[-83.6255972756398,46.87090119503543],[-83.62594887573262,46.87074059499041],[-83.62599347574441,46.87072009498467],[-83.62658597590082,46.87044939490885],[-83.6266755759245,46.87040839489736],[-83.62760397618034,46.870072094792036],[-83.62793517626689,46.869913494748545],[-83.62859127643836,46.869599394662345],[-83.62874337647612,46.86951069463992],[-83.62903157654772,46.869342394597425],[-83.62977777673305,46.86890619448722],[-83.63147867716553,46.86799419424878],[-83.63218437734838,46.867644094154166],[-83.63269207747089,46.867318094074726],[-83.63274137747882,46.86725429406206],[-83.6329409775257,46.86711599402925],[-83.63318557758328,46.86694689398913],[-83.63389167776972,46.866624693898835],[-83.63510117813021,46.866407793795645],[-83.63569617829904,46.86623199373422],[-83.63586427834578,46.86617439371567],[-83.63678517858152,46.86569399358859],[-83.63728697871755,46.86549349352876],[-83.63730147872123,46.86548579352678],[-83.63789757887291,46.86516739344337],[-83.63822067895515,46.864994993398184],[-83.63909397918775,46.86461279328898],[-83.63913277919806,46.86459589328417],[-83.6395273792945,46.86435289322399],[-83.64028597946557,46.8637682930903],[-83.64120447969397,46.863234192955055],[-83.64210597994014,46.86288939284999],[-83.64250698005404,46.86277209280879],[-83.64287968015348,46.86261049276239],[-83.64410378045669,46.86188929258079],[-83.64413628046508,46.86187259257634],[-83.64444928054525,46.861710292533296],[-83.64492768067285,46.861502392473675],[-83.64531208077538,46.861335292425764],[-83.64606778097686,46.86100689233161],[-83.64639838105636,46.86079229227951],[-83.64660328109261,46.860553692231],[-83.64715568119047,46.859910792100194],[-83.64749598126527,46.85963299203783],[-83.64800598139168,46.85933319196227],[-83.6485074815264,46.85912339190106],[-83.6496158818316,46.85872019177502],[-83.65004538194641,46.85853589172186],[-83.6506822821167,46.85826319164308],[-83.6514244823242,46.85801889156268],[-83.65174118241279,46.85791469152834],[-83.65226888255691,46.85771349146693],[-83.65384738297355,46.856992991264924],[-83.65434398309566,46.856693191190125],[-83.65486968323368,46.8564470911219],[-83.6552892833347,46.856176391056024],[-83.65565478341414,46.855870890987894],[-83.65660048358922,46.85483219077351],[-83.65697958367414,46.854535590705964],[-83.65724088373774,46.85437279066584],[-83.65731058375474,46.85432959065518],[-83.65763918382913,46.854078890597634],[-83.6579138838831,46.853802590539274],[-83.65801228389776,46.85366549051248],[-83.65824408392815,46.85330889044427],[-83.65829568393177,46.85320379042508],[-83.65851838394777,46.852753690343015],[-83.6591284839645,46.85129939008401],[-83.65922688394708,46.850901290017084],[-83.65934688389129,46.850133389892044],[-83.65951978388867,46.84966138980945],[-83.65974998391526,46.84927808973716],[-83.6600686839696,46.84888958965894],[-83.66039878402579,46.848486989577964],[-83.6606903840754,46.848131289506384],[-83.66106678415282,46.84778048943069],[-83.6613202842122,46.84760358938881],[-83.66148348424625,46.84745578935665],[-83.66238548446267,46.846867889214074],[-83.66288458459111,46.84661328914613],[-83.66335128471911,46.846439589092434],[-83.66342558473944,46.84641168908383],[-83.66486108511509,46.84573048889614],[-83.66492948513259,46.84569488888666],[-83.66567228532298,46.84530998878455],[-83.66567938532481,46.8453062887836],[-83.66570638533113,46.84528748877912],[-83.66572378533517,46.845275088776205],[-83.66594558538712,46.845120088739534],[-83.66611848541544,46.84489998869571],[-83.66612708541102,46.844841688686195],[-83.66615778539588,46.844638088653134],[-83.66611828535021,46.84436888861395],[-83.66584698514275,46.843385388478346],[-83.66578838507671,46.842999788422354],[-83.66571688494145,46.84208358828552],[-83.6655596847944,46.841295088173254],[-83.66554708475951,46.84104348813524],[-83.6656373847197,46.840483388043864],[-83.66578938472266,46.84011088797774],[-83.66603498475963,46.83977218791145],[-83.66764718507757,46.83815958757017],[-83.66785038510912,46.83788718751649],[-83.66789298511576,46.83782988750522],[-83.66792398511802,46.83776768749387],[-83.6680240851253,46.837565887457004],[-83.66816468509592,46.8369596873556],[-83.66813808505437,46.83669038731568],[-83.66798048493821,46.836154087242285],[-83.66794258489749,46.835920687208535],[-83.6679721848826,46.83572208717629],[-83.66834798486154,46.83457038697729],[-83.66846878484243,46.834099586897885],[-83.66856868478999,46.833411186786165],[-83.66859588477574,46.83322368675568],[-83.66861378472842,46.832791286688135],[-83.66866438470696,46.832484086637905],[-83.66872878470272,46.83228168660299],[-83.66883438469571,46.83194918654578],[-83.66906298471855,46.83153888646942],[-83.66940638476893,46.83105388637491],[-83.66949188478743,46.83098218635895],[-83.66994768488638,46.83060018627382],[-83.67036628495292,46.83005048616501],[-83.67049538495695,46.829746786110796],[-83.67065988496208,46.82935958604171],[-83.67107488501864,46.828737985922075],[-83.67147408505123,46.827962285779584],[-83.67159598506115,46.82772568573612],[-83.67166118506653,46.82759938571292],[-83.67178918506302,46.82723678564971],[-83.67179888506276,46.82720908564491],[-83.67194308501135,46.82641378551409],[-83.67192018494676,46.82594638544347],[-83.671809084831,46.82529198534917],[-83.67179228478487,46.82495928529892],[-83.67181438471687,46.82434688520333],[-83.67184128469745,46.82411818516658],[-83.67185258468938,46.824022885151265],[-83.67189018466243,46.823704785100105],[-83.67189748465721,46.82364298509019],[-83.6720021846573,46.823370585042184],[-83.67221028468794,46.82307788498512],[-83.67249638474112,46.82276498492044],[-83.67284918481873,46.82247778485584],[-83.67312838488519,46.822291384810995],[-83.67327388492404,46.82222898479299],[-83.67370628503966,46.82204378473949],[-83.67419578517494,46.82187028468454],[-83.67464748530155,46.82172478463602],[-83.67506678542524,46.821640184598806],[-83.67510168543555,46.82163328459572],[-83.67560988559,46.821567284556195],[-83.67668458593168,46.82155108449165],[-83.67722328610792,46.82158348446553],[-83.67778718628887,46.8215882844337],[-83.67831108645487,46.82157608440155],[-83.6788071866088,46.82153738436695],[-83.67926208674409,46.82145478432796],[-83.6804152870787,46.82117588421842],[-83.68100128725668,46.82109908417276],[-83.6817989875046,46.82104058411773],[-83.68226858765054,46.821006284085286],[-83.68272398778828,46.82094178404903],[-83.68395518814643,46.82065178393327],[-83.68433378826306,46.820615783905886],[-83.6848069884152,46.82062288387966],[-83.68524358856246,46.82068518386401],[-83.68529438857956,46.82069228386218],[-83.68690198908126,46.82059158375384],[-83.6883724895561,46.820629083674646],[-83.68850688959694,46.82061188366422],[-83.68863278963524,46.820595883654526],[-83.68884148969542,46.820542683634265],[-83.68902118974731,46.82049678361683],[-83.68940638985057,46.82033468356962],[-83.68982818995885,46.820117983511864],[-83.69004009001091,46.81998988347992],[-83.69096099023727,46.819434183341166],[-83.69130649032688,46.81926408329503],[-83.69192419049608,46.81903358322381],[-83.69230139060897,46.818970783192384],[-83.69276049075664,46.81897788316698],[-83.69277249076072,46.81897968316655],[-83.69364549105583,46.81910998313615],[-83.69456629135748,46.819169283092116],[-83.69497069148233,46.81913278306312],[-83.69508229151391,46.81909958305154],[-83.69533229158473,46.81902528302566],[-83.69603909177562,46.81873858294067],[-83.6961231918011,46.81872748293412],[-83.69670339197725,46.818650982888826],[-83.69756959225569,46.81866318284069],[-83.69766109228509,46.81866438283555],[-83.69801839240273,46.81869248281925],[-83.69863499260575,46.81874038279098],[-83.69883159266807,46.81873578277891],[-83.69917799277323,46.81869058275193],[-83.69958719289752,46.81863698272003],[-83.70006999304717,46.818598582686235],[-83.70028379311535,46.81859728267368],[-83.70058119321023,46.81859548265619],[-83.70091759331912,46.818606582638466],[-83.70203869368193,46.818642082579196],[-83.70246769381009,46.81856888254314],[-83.70286709392006,46.81842438249778],[-83.70332849404197,46.81821558243897],[-83.7037409941572,46.81807988239424],[-83.70477849446047,46.81784828229865],[-83.70529809461519,46.81775508225428],[-83.7057823947686,46.817743782224525],[-83.70620329490632,46.81776958220417],[-83.70655179503662,46.817923382207724],[-83.70735329532916,46.818219682207015],[-83.70777369549762,46.81849738222544],[-83.70808069560927,46.8186071822246],[-83.70850289575074,46.81866018220836],[-83.70961289611269,46.81871828215319],[-83.70968589613655,46.81872218214955],[-83.7102796963357,46.81879808212691],[-83.71052889641571,46.81880118211299],[-83.71091949653392,46.81874688208201],[-83.71095869654518,46.81873638207817],[-83.71139459667017,46.81861928203493],[-83.71146199668947,46.81860108202823],[-83.71205779686028,46.81844088196915],[-83.7128163970664,46.818144081879616],[-83.7139161973507,46.81759588173162],[-83.71421239743243,46.817489881698215],[-83.71457539753857,46.817409181664814],[-83.71495609766139,46.81741838164418],[-83.71499009767261,46.8174214816427],[-83.71523729775461,46.817445381632126],[-83.71540729781097,46.81746208162487],[-83.71585209795845,46.81750488160569],[-83.71586149796131,46.81750428160511],[-83.71680549825486,46.817437181540186],[-83.71780609855303,46.81726048145514],[-83.71803019861859,46.817210681434524],[-83.7187137988185,46.81705898137166],[-83.71909439892599,46.81694378133193],[-83.71910089892786,46.816941781331245],[-83.7197308990987,46.8166927812565],[-83.71988559914219,46.81664408124003],[-83.72011989921307,46.816611481221464],[-83.72061749937069,46.816599681190894],[-83.72107759952083,46.81662468116814],[-83.72119379955977,46.81663948116368],[-83.7221725998875,46.816760781125794],[-83.72271020005891,46.81675688109409],[-83.72279020008315,46.81674638108788],[-83.72304850016164,46.81671278106778],[-83.72373670036525,46.81657968100748],[-83.72441560057585,46.81652728096012],[-83.72451930060909,46.81652788095424],[-83.72471720067247,46.81652908094297],[-83.72542800090642,46.81658418091036],[-83.7257825010209,46.816593680891344],[-83.72599120108484,46.81657078087572],[-83.72656480125815,46.816489080829975],[-83.73001300230001,46.81599778055498],[-83.73059980248033,46.815938780511935],[-83.73148830275915,46.81589688045413],[-83.73173750283735,46.81588468043782],[-83.73208660294048,46.81581598040707],[-83.7345931036809,46.81532138018596],[-83.73514120385006,46.81527238014671],[-83.73529710389957,46.81526988013732],[-83.73624160419962,46.815255080080426],[-83.73684290438783,46.81522248004066],[-83.73741670456401,46.815163879998394],[-83.7377797046701,46.815083179965015],[-83.73838630484124,46.81489767990133],[-83.73873150493064,46.81472737985518],[-83.73914870502632,46.8144204797838],[-83.73948760509828,46.81412437971861],[-83.73951890510276,46.81407907970983],[-83.73952830510409,46.8140658797073],[-83.73965860512261,46.81387727967071],[-83.73978940513202,46.81361307962249],[-83.74013730513394,46.81272277946528],[-83.74018220512937,46.812568779439],[-83.7405717051022,46.811332979226286],[-83.7412318050564,46.809240678866026],[-83.7415468050634,46.8084772787303],[-83.74169180507953,46.80823067868393],[-83.74190100511372,46.80796467863087],[-83.74228890519349,46.807604378553],[-83.74285700532258,46.8071767784543],[-83.74314570538418,46.806926878399096],[-83.7434338054423,46.80665037833988],[-83.74352090545986,46.80656687832199],[-83.74377540549189,46.8061647782454],[-83.74392790549712,46.805810478181975],[-83.74403900548481,46.80542057811559],[-83.7441163054289,46.80476367800996],[-83.74427550531388,46.803410877792466],[-83.74427690531283,46.80339887779057],[-83.74438450529057,46.802937277713276],[-83.74451320529326,46.802623877657545],[-83.74457120529455,46.80248307763252],[-83.74536750538324,46.80113177737839],[-83.7456730054281,46.80070147729454],[-83.74598440548617,46.80036377722447],[-83.74669150561806,46.79959697706556],[-83.74681500563949,46.79945007703581],[-83.74705670566746,46.79904847695993],[-83.74717940565444,46.79862247688727],[-83.74722710562756,46.79827917683162],[-83.74713000548866,46.79739957670185],[-83.74714580547769,46.79726857668074],[-83.74718510544983,46.79693927662773],[-83.74733100543753,46.79645877654531],[-83.7477275054461,46.79549527637401],[-83.74827020544242,46.79405127612026],[-83.74883050545651,46.79270597588064],[-83.74895370544589,46.792298075810734],[-83.74898630540874,46.79191007574911],[-83.74894090534801,46.791533275693666],[-83.74881680526124,46.791149075641684],[-83.74841070503783,46.79038497554746],[-83.7482470049386,46.79000197549793],[-83.74818850487374,46.78962537544333],[-83.74820810483253,46.789237875382526],[-83.7483339048282,46.78887487531935],[-83.7485262048483,46.78853727525621],[-83.74879860489699,46.788224775192305],[-83.74904930494985,46.78800267514364],[-83.7495290050587,46.78764017506006],[-83.75074350534275,46.78679207485916],[-83.75101770539644,46.7865154748007],[-83.75172640549137,46.7854426745945],[-83.75197830552509,46.78506137452118],[-83.75211360554695,46.784887074486534],[-83.75264350566727,46.784487474394304],[-83.7533462058489,46.78413757429977],[-83.75387400599497,46.78395377424091],[-83.75447140617301,46.78384937419029],[-83.75499300633369,46.783800874152675],[-83.75636570676483,46.78374077406406],[-83.7573826070778,46.78364417399036],[-83.75791450723511,46.78354147394376],[-83.75836660736388,46.783413573897924],[-83.75871380745943,46.78328807385853],[-83.75969910771718,46.78282337372997],[-83.76013700782556,46.782566273665026],[-83.76081840799424,46.78216647356402],[-83.76107150805447,46.7819982735235],[-83.76132280810859,46.781785173476145],[-83.76184840821755,46.78130447337167],[-83.76288020841208,46.78020247314223],[-83.76300360843535,46.78007067311478],[-83.76341610851955,46.779682673031154],[-83.76408750864707,46.778973472883074],[-83.76455820873322,46.77844927277511],[-83.76715630922888,46.775722372204704],[-83.76729650925303,46.7755542721707],[-83.76792140936064,46.774803872018985],[-83.76826210940457,46.77427387191759],[-83.76829750940907,46.77421877190706],[-83.76832160938031,46.773921171859804],[-83.76827960935051,46.77378747184164],[-83.76822320931068,46.77360937181749],[-83.76800880915896,46.77292987172517],[-83.76799030912885,46.77273207169577],[-83.76797960911114,46.772615471678414],[-83.76799080910946,46.77257257167118],[-83.76808910909507,46.772198871607905],[-83.76822220910893,46.77196517156417],[-83.7682814091151,46.77186127154474],[-83.76944050928117,46.770195171221005],[-83.7694760092855,46.77013777121012],[-83.76951620929037,46.77007277119776],[-83.76953930929318,46.77003577119071],[-83.76960380930103,46.769931571170915],[-83.77023870937829,46.76890687097634],[-83.77047110941325,46.768586270913495],[-83.77058120943612,46.76848607089166],[-83.77079670948099,46.768290370849044],[-83.77160400966152,46.76765987070518],[-83.7718669097203,46.76745447065836],[-83.77272570991815,46.76683067051254],[-83.77300030997418,46.76657207045682],[-83.77319300999547,46.766243370394996],[-83.77328310995784,46.76570107030627],[-83.77345510998579,46.765481070262396],[-83.77373531005571,46.76532127022158],[-83.77392121011013,46.765281170204666],[-83.77411071016564,46.76524017018738],[-83.77461971032209,46.76519067015032],[-83.77546601058228,46.76510827008861],[-83.77638311087568,46.765112970036334],[-83.77688241103915,46.76514587001254],[-83.77736641119228,46.765134069982686],[-83.77839191149793,46.76495616989597],[-83.77872851159562,46.764876069864165],[-83.77912741170637,46.764740369820196],[-83.77944611178731,46.76457056977556],[-83.77969701184135,46.76435746972821],[-83.77984551186735,46.764182869692746],[-83.78038251191485,46.763170869505714],[-83.78042821192078,46.76310006949215],[-83.78060081194319,46.76283286944099],[-83.78085971198757,46.76252026937787],[-83.7809609120083,46.76242596935749],[-83.78114711204651,46.762252269319944],[-83.78147751212789,46.76205536927045],[-83.78179591220763,46.7618765692245],[-83.78278061249706,46.76167266913612],[-83.78290001253815,46.76169666913289],[-83.78338071268361,46.76163096909495],[-83.78387711283837,46.76160076906162],[-83.78494401316264,46.761466968979285],[-83.78600171349278,46.76140516890855],[-83.78650771364293,46.76131186886488],[-83.7869453137648,46.76116616881717],[-83.78729091385642,46.761013768773694],[-83.78765911394645,46.76078876871771],[-83.7892825143108,46.75953166843001],[-83.78944721434775,46.75940426840087],[-83.78963201437863,46.75917466835478],[-83.78989761441079,46.758745168273244],[-83.79019791447068,46.75845096821052],[-83.79035891450273,46.75829296817687],[-83.79139701474945,46.757601768010275],[-83.79201981490345,46.75723556791784],[-83.7924212150205,46.75714496788064],[-83.79279801513414,46.75709046785046],[-83.79327201529176,46.757141967830954],[-83.7937489154569,46.7572473678196],[-83.79420201562003,46.75739826781663],[-83.79463911577149,46.75749546780636],[-83.7950978159188,46.757502267780865],[-83.79608341621062,46.75731616769514],[-83.79707721649294,46.75703086759365],[-83.79768471666853,46.756881067535424],[-83.79840171688976,46.756818467484266],[-83.79876491699689,46.7567465674522],[-83.79972601725451,46.75634516733473],[-83.80085961757219,46.7559842672135],[-83.80133511770269,46.75581066715924],[-83.80248601800491,46.755278467010605],[-83.80329861823434,46.75503356692585],[-83.80364861833837,46.754970966895904],[-83.80443971860285,46.7550685668652],[-83.80481441873366,46.755159766857595],[-83.80494331877865,46.75519126685497],[-83.80578781906328,46.7553144668251],[-83.80592121910551,46.75531116681687],[-83.80623241920391,46.75530356679767],[-83.80650591928709,46.75526986677665],[-83.8075954196106,46.75507216668312],[-83.82210852373049,46.750889965198496],[-83.82484122450171,46.75006656491339],[-83.82564152473043,46.74984896483353],[-83.82678112506422,46.74960456472991],[-83.82743162526212,46.74952546468006],[-83.82842472557381,46.74948296461599],[-83.82942102589536,46.74951226456281],[-83.83019832615433,46.749601164531484],[-83.83060262629358,46.74968486452098],[-83.83136312655559,46.749842264501154],[-83.83204272680018,46.75006836449668],[-83.83298042715003,46.75048106450599],[-83.83413362758024,46.750988564517385],[-83.8346930277941,46.75127656452936],[-83.83490072787347,46.75138356453384],[-83.83628332839325,46.75202426455245],[-83.8367950285903,46.75229956456523],[-83.8388893293792,46.75328266459544],[-83.84328673104517,46.75542476467065],[-83.84331183105468,46.75543696467111],[-83.8438464312572,46.75569736468024],[-83.8444262314769,46.75597986469021],[-83.84533053181545,46.75638726470052],[-83.84539203183849,46.756414864701235],[-83.84588713202032,46.75660956470254],[-83.84629993216846,46.75674326469922],[-83.84651993224533,46.756797464694834],[-83.84683043235384,46.756874164688625],[-83.84773993265784,46.756986664653255],[-83.84819963280756,46.7570111646304],[-83.84962653326184,46.75700236454636],[-83.85017443343169,46.75696166450833],[-83.85087353364355,46.75687036445374],[-83.85102653368992,46.7568503644418],[-83.85111093371549,46.75683926443519],[-83.85121653375053,46.75685036443078],[-83.85159803387718,46.75689046441488],[-83.85181253395523,46.75696836441445],[-83.85194523400348,46.75701656441416],[-83.85265673427145,46.75734996442428],[-83.85308413442637,46.7575011644228],[-83.85351273458613,46.757688464426806],[-83.85371773466703,46.75781466443438],[-83.85387833473034,46.75791336444022],[-83.85393693475248,46.7579409644411],[-83.85424083486707,46.75808456444561],[-83.85466943502564,46.758262564448195],[-83.85533543526518,46.758482464443446],[-83.85568033538917,46.75859626444099],[-83.85570883539947,46.75860576444082],[-83.85613693555682,46.75877496444204],[-83.85659173573005,46.75900406445098],[-83.85660513573514,46.75901076445124],[-83.85722673597193,46.75932366446339],[-83.85761363611186,46.759458064461654],[-83.85808723626818,46.75950016444071],[-83.85853233640994,46.75949806441456],[-83.86048413700357,46.75926026426482],[-83.86098003715695,46.75922086423],[-83.8621693375317,46.75918206415505],[-83.86306743780803,46.759098964090214],[-83.86416323814521,46.75899716401096],[-83.86472523832168,46.75897396397481],[-83.86544813854515,46.75891556392391],[-83.86569003861993,46.75889606390685],[-83.86558563861787,46.75915066395214],[-83.8654630385979,46.7593065639833],[-83.86534913857079,46.75938156400142],[-83.8652843385514,46.759392264006834],[-83.86458043836429,46.7596976640947],[-83.8635519380813,46.76006546421097],[-83.86310833797315,46.76033766427859],[-83.8630278379582,46.7604250642967],[-83.86292233793868,46.760540264320596],[-83.86283173793787,46.76076896436105],[-83.86278963793748,46.76087546437992],[-83.86236793793366,46.761940364568304],[-83.86238903795801,46.76208356458916],[-83.86252633801686,46.76220616460007],[-83.86267743807453,46.76228316460315],[-83.86271583808919,46.762302864603946],[-83.86279403811906,46.7623427646056],[-83.8629174381623,46.76237416460324],[-83.86308733822173,46.76241706460003],[-83.86334123831413,46.762509664599534],[-83.86341143834015,46.762539264600015],[-83.86391863852836,46.762753864603646],[-83.86402433856759,46.76279856460446],[-83.86417903863095,46.76291266461302],[-83.86420153864016,46.76292916461426],[-83.86503983899901,46.76367316468023],[-83.86514283905811,46.7638865647071],[-83.86531103913664,46.76408936472861],[-83.86538823918869,46.764312364758474],[-83.8659097394408,46.76501026483567],[-83.86601813951376,46.76532266487746],[-83.86618093963922,46.765921464960265],[-83.86607033962089,46.76605926498788],[-83.86623183971281,46.76638816502916],[-83.866210739809,46.76722576515936],[-83.86627973986948,46.76753896520357],[-83.8664412399614,46.76786796524483],[-83.86684384017263,46.76854176532523],[-83.86814994082314,46.770444065542314],[-83.86848324100369,46.771047665615946],[-83.8695290414248,46.77175896566475],[-83.86979234157107,46.772265765727475],[-83.86996494165443,46.77249546575285],[-83.87001784167994,46.77256616576065],[-83.87021174176554,46.77275926577911],[-83.8705893419115,46.772966065789035],[-83.87091064202959,46.77309276578991],[-83.87118014213357,46.77323896579681],[-83.87119854214127,46.773253965798006],[-83.87157724229996,46.77356196582347],[-83.8716009423139,46.77361396583008],[-83.87162194232629,46.77366016583601],[-83.87183064242102,46.77388876585905],[-83.87210074252798,46.774058165869455],[-83.87258994272182,46.77436506588831],[-83.87260294272699,46.774373165888804],[-83.87261984273279,46.77437656588837],[-83.87293364284037,46.77443686587943],[-83.87328434295569,46.774464965863416],[-83.87361784306539,46.7744916658482],[-83.87390614315764,46.77449346583175],[-83.8745586433605,46.77444996578722],[-83.87524794356837,46.774351665732034],[-83.87528444357991,46.77435076572979],[-83.8754832436427,46.77434576571753],[-83.87574934373681,46.77442026571351],[-83.87592614380816,46.774541665721955],[-83.87593884381856,46.774593665729206],[-83.87609364394625,46.775230365818246],[-83.8762728440239,46.775396865833464],[-83.87662554416414,46.77562206584766],[-83.8767325442035,46.77566436584796],[-83.87674994420945,46.775667765847444],[-83.8770634443169,46.775727965838506],[-83.87716454435106,46.77574346583506],[-83.87736714441952,46.77577426582802],[-83.87753744447507,46.77578406581964],[-83.87769584452668,46.77579306581188],[-83.87786974459048,46.77586066581216],[-83.87812684469166,46.77601636582125],[-83.87830494476677,46.776164765833755],[-83.87853004484346,46.776204065826704],[-83.87879664493984,46.77629636582545],[-83.879016645024,46.776409665830116],[-83.87907954504806,46.77644226583149],[-83.87939834515987,46.776524165825585],[-83.8803109455014,46.776933465835626],[-83.88047034555863,46.776985165834304],[-83.88064424562113,46.77704196583299],[-83.88131664587561,46.77736686584399],[-83.88152074595783,46.77750576585347],[-83.88158844598928,46.77758576586188],[-83.88193994615224,46.77799916590506],[-83.88201484619808,46.778177365928194],[-83.88203774622747,46.77835676595445],[-83.88217754629267,46.7785241659721],[-83.88222904631154,46.77854416597217],[-83.88224814631853,46.77855166597223],[-83.88235184635654,46.77859166597236],[-83.88291744654306,46.77864046594706],[-83.88378844686117,46.778967165946725],[-83.88384004687995,46.77898626594672],[-83.88394044691515,46.77901186594482],[-83.88413204698219,46.779059865941086],[-83.88433974704452,46.779027665924055],[-83.88447894708027,46.77895726590516],[-83.88462284711723,46.77888436588558],[-83.88482364716886,46.77878296585831],[-83.88521994727064,46.7785825658045],[-83.88556794736844,46.77847466576771],[-83.88576364742516,46.77842846574919],[-83.88593104747372,46.77838896573344],[-83.8859950474923,46.77837386572737],[-83.88604454750744,46.778368565723675],[-83.8862165475601,46.77835026571091],[-83.88654534766839,46.778377965696066],[-83.88663574770221,46.778418165697005],[-83.88667944771852,46.778437465697465],[-83.88676494775329,46.77849836570186],[-83.8869108478127,46.77860276570946],[-83.88707724788628,46.77876956572545],[-83.8871934479496,46.77898256575145],[-83.88731824800564,46.77911466576455],[-83.88744234805442,46.779189365768815],[-83.88756214810148,46.77926126577295],[-83.88763014812687,46.77929136577364],[-83.88813924831712,46.77951676577873],[-83.88838514841913,46.77970846579399],[-83.88893454865362,46.78018956583613],[-83.88947824890181,46.78079686589802],[-83.88964604897144,46.78092766590836],[-83.889724449004,46.78098896591327],[-83.89013814916191,46.78119936592162],[-83.89018524917833,46.78121096592068],[-83.89025204920279,46.78123636592067],[-83.89035934924225,46.78127856592094],[-83.89050694929773,46.78134686592289],[-83.89068274936659,46.78145046592868],[-83.89077784940436,46.78151106593244],[-83.89085864943544,46.78155396593434],[-83.8909668494774,46.781614265937364],[-83.89103554950682,46.78167546594274],[-83.89111954954556,46.78177236595279],[-83.89116144956544,46.78182536595855],[-83.89120404958662,46.781887265965594],[-83.89124664960788,46.78194916597263],[-83.89126304961968,46.78200276597993],[-83.89129134963416,46.78204696598508],[-83.8913207496512,46.782109265992965],[-83.89132544966375,46.782199166006514],[-83.89132944967385,46.782271066017366],[-83.89134724969058,46.78236066603009],[-83.89133954970036,46.78245976604579],[-83.89129194969637,46.78255086606257],[-83.89125554969154,46.782605966073156],[-83.89120714968507,46.782679166087206],[-83.89115774967613,46.78273436609861],[-83.89108404966389,46.782826266117],[-83.89099674964625,46.78290946613487],[-83.89087234962139,46.7830296661606],[-83.89068614958579,46.78322336620121],[-83.89060224957701,46.78336966622859],[-83.8905316495724,46.783515266255094],[-83.89050824957165,46.783569766264804],[-83.89050074958253,46.783677866281906],[-83.89051674959425,46.7837315662892],[-83.8905473496139,46.78381176629977],[-83.89068764968039,46.78398826631878],[-83.89078314971944,46.784058066324],[-83.8909177497708,46.78412626632664],[-83.8911679498532,46.78414726631536],[-83.89143174994211,46.78418556630596],[-83.89185175007701,46.7841928662827],[-83.89216685017881,46.78420286626591],[-83.89279485037726,46.78418706622706],[-83.89346245058931,46.78417916618705],[-83.89424865083991,46.784177166141085],[-83.89520615114803,46.78419796608872],[-83.89674205164548,46.78425806600874],[-83.89764945194219,46.784316065964944],[-83.89809615208775,46.78434076594284],[-83.8983335521672,46.784370765933645],[-83.89851905223023,46.784402065927665],[-83.8987314523051,46.78445966592418],[-83.898984352395,46.78453426592098],[-83.899292552509,46.78466146592266],[-83.89962855263514,46.78481506592681],[-83.89974855267856,46.784856965926274],[-83.90000225277086,46.784949365925726],[-83.900215352846,46.78500706592224],[-83.90041455291558,46.78505596591821],[-83.9006766529995,46.78505826590335],[-83.90087225306017,46.78504436588986],[-83.90109475313047,46.78503866587602],[-83.9013697532174,46.78503216585906],[-83.90166855330732,46.78498816583493],[-83.90191515338084,46.78494596581413],[-83.90207275343168,46.78495086580569],[-83.90251835357473,46.784957565780864],[-83.90293915371208,46.78498296576031],[-83.90324245381349,46.78502016574843],[-83.90346625388752,46.785041665738724],[-83.90351915390532,46.78504916573685],[-83.90373245398156,46.78511576573467],[-83.9039310540499,46.785155965729324],[-83.90437195421022,46.78531546572823],[-83.90501305444158,46.78553326572453],[-83.9051464544904,46.785584065724585],[-83.90562765466568,46.78576056572379],[-83.90621015487716,46.785968565721944],[-83.90630905491305,46.78600426572169],[-83.9066407550327,46.78611626571964],[-83.90680285509126,46.78617176571875],[-83.90692295513475,46.78621366571821],[-83.90713585520976,46.786271165714695],[-83.9072956552669,46.786321165713105],[-83.90750715533815,46.786351865705555],[-83.90794325548589,46.78642176569096],[-83.90884235579104,46.786569865661484],[-83.90886875580046,46.786578165661204],[-83.90902765585513,46.786610165656946],[-83.90914595589359,46.78661616565096],[-83.90934275595684,46.786620165640144],[-83.90947355599822,46.78661696563208],[-83.90957675602749,46.786587265621485],[-83.90968045605804,46.78656656561228],[-83.90990195612576,46.78654296559582],[-83.91016325620723,46.78652726557823],[-83.91048975630923,46.78650986555657],[-83.91071315638207,46.78652226554551],[-83.9109503564603,46.78654326553497],[-83.91112315652158,46.786592865532505],[-83.91125755657177,46.78665246553392],[-83.91136405660984,46.78668566553277],[-83.91145805664507,46.78672826553388],[-83.91157865668988,46.786779565534786],[-83.91166155672602,46.786858265542044],[-83.91175915677015,46.78696366555261],[-83.911894656824,46.78705006555802],[-83.91211305691297,46.7872066655694],[-83.91226415697737,46.787337765580794],[-83.91242535703825,46.78741466558326],[-83.91262595711157,46.78749056558324],[-83.91278665717125,46.78755856558436],[-83.91301255724923,46.787606665578664],[-83.91338405737885,46.78769646557089],[-83.91374305750554,46.7877950655652],[-83.91431365770357,46.787924665551955],[-83.91463045781025,46.78797056554063],[-83.91550335810712,46.78811936551277],[-83.9161000583133,46.78824796549785],[-83.91660395848803,46.78836116548602],[-83.91738705876088,46.78854816546925],[-83.91836905910218,46.788775065447055],[-83.9183956591117,46.788783465446805],[-83.91866045920196,46.788830665438724],[-83.91874185923433,46.788882565441924],[-83.91883595926961,46.78892516544304],[-83.91891645929952,46.78895926544361],[-83.91903615934284,46.789001065443024],[-83.919199859409,46.78911406545089],[-83.91938875948199,46.789217165455824],[-83.9197672596281,46.789423465465546],[-83.92006585974795,46.78962276547881],[-83.92024225981805,46.78973516548585],[-83.92052645992894,46.78989906549452],[-83.92078476003276,46.790072465506164],[-83.9209359600971,46.79020356551756],[-83.9210595601495,46.79030846552649],[-83.92122586022309,46.790475165542496],[-83.92144686031952,46.79068546556197],[-83.92177846046418,46.79100106559119],[-83.92202806057522,46.791255665615836],[-83.92216406062924,46.79134216562124],[-83.9222598606695,46.79142066562779],[-83.92238146071678,46.791489565631274],[-83.92252926077232,46.7915578656332],[-83.92269026083204,46.79162566563427],[-83.92285106089173,46.79169376563536],[-83.92303726095722,46.791742865632095],[-83.92326316103633,46.79180006562777],[-83.92344926110181,46.79184956562457],[-83.92367656118466,46.791933465624226],[-83.92391866127554,46.79204426562722],[-83.92404946131688,46.7920409656191],[-83.92415306134737,46.7920202656099],[-83.92436286141476,46.7920240655983],[-83.92489836158171,46.79199226556229],[-83.92551136177092,46.791940665518716],[-83.92599346191768,46.79188346548186],[-83.9262529619952,46.79184056546021],[-83.92686316217686,46.791734965408466],[-83.92705796223504,46.79170296539224],[-83.92712346225574,46.79170136538816],[-83.92724216229547,46.791716265383556],[-83.92730856231864,46.79173256538223],[-83.92737446234055,46.7917398653795],[-83.92744066236375,46.791756365378205],[-83.92749396238167,46.79176386537626],[-83.92760106242103,46.791806165376535],[-83.9276553624426,46.791840565378685],[-83.92773706247618,46.79190156538328],[-83.92776466248824,46.791927965385746],[-83.92781926251104,46.79197156538924],[-83.92787456253514,46.79202406539415],[-83.92793196256437,46.792112665404396],[-83.92805866262438,46.79227146542144],[-83.92812786265507,46.79234146542818],[-83.92820826268492,46.79237556542877],[-83.92838486275515,46.79248796543579],[-83.92850746280497,46.79257486544201],[-83.92876426290493,46.79272126544959],[-83.92891166295927,46.79278046545015],[-83.92907366302153,46.79286636545391],[-83.92916956306182,46.79294496546041],[-83.92925156309545,46.793005765465026],[-83.92930976312715,46.79311226547799],[-83.92935286314969,46.79318336548642],[-83.9293839631706,46.793272365498304],[-83.92938836318193,46.79335326551049],[-83.92940776320253,46.793469865527285],[-83.9293871632082,46.79356936554375],[-83.92938076322167,46.7936954655635],[-83.92938746323938,46.7938214655825],[-83.9293920632508,46.79390216559466],[-83.92943866328213,46.79403596561253],[-83.92946856330047,46.79410726562171],[-83.92952496332717,46.794177865629294],[-83.92958156335503,46.79425736563825],[-83.92962376337503,46.79431046564397],[-83.9296790633991,46.79436286564876],[-83.92978816344362,46.7944411656545],[-83.92985656347182,46.794493265658524],[-83.92996656351879,46.794589465666895],[-83.93003786355465,46.794695765679116],[-83.93010966359172,46.79481076569264],[-83.93012806360974,46.794909365706715],[-83.9301324636211,46.79499006571881],[-83.9301437636502,46.79519686574996],[-83.93011486366441,46.79538666578085],[-83.93003336366195,46.79557776581497],[-83.92998676366052,46.795686965834456],[-83.92991376364967,46.79578776585419],[-83.929815363633,46.795907265878256],[-83.92969086360813,46.79602746590399],[-83.92961816359846,46.796137365925105],[-83.92953736359738,46.796337565960556],[-83.92950586360519,46.796482265984665],[-83.92947216360672,46.79658206600195],[-83.92949216362858,46.7967075660201],[-83.92952286364934,46.79679676603203],[-83.92959476368651,46.79691196604554],[-83.92965096371314,46.796982466053095],[-83.9297489637585,46.797096966065006],[-83.92991236382457,46.797209766072854],[-83.93014216391381,46.797338866079365],[-83.93070496412149,46.79756736608175],[-83.93117406429414,46.7977534660831],[-83.93154756442873,46.79787886608066],[-83.93161496445451,46.79791316608199],[-83.93168246448032,46.797947866083405],[-83.93172556450273,46.79801836609173],[-83.93174006451068,46.79804506609497],[-83.93178466453698,46.79814276610741],[-83.93184096456365,46.798213466114994],[-83.93187176458333,46.798293566125494],[-83.93193986461152,46.79834586612958],[-83.93200676463599,46.79837136612961],[-83.93212896468458,46.79844896613447],[-83.93238356477835,46.79855066613526],[-83.9326249648679,46.798652366136864],[-83.9329852649972,46.79876906613383],[-83.9332812651085,46.798905466137626],[-83.93353726520711,46.79904286614382],[-83.93371456527866,46.799164266152175],[-83.93374146528934,46.79918156615329],[-83.93383776532976,46.799260166159776],[-83.93392136536839,46.79935686616975],[-83.9340170654075,46.79942656617494],[-83.93411706545798,46.79957686619218],[-83.93430066554701,46.79982426621952],[-83.9346437657209,46.80034646627986],[-83.9350137659055,46.800885866341225],[-83.93512586595754,46.80101806635501],[-83.93514186596417,46.80103026635597],[-83.93531686603568,46.801157166365286],[-83.93545746609226,46.80125256637179],[-83.93552096611786,46.801295866374716],[-83.93573626619926,46.80139856637798],[-83.93601796630371,46.801517166379845],[-83.93623226638255,46.80160166638037],[-83.93643246645466,46.80166846637901],[-83.93667056653541,46.80170736637113],[-83.93690856661621,46.80174656636331],[-83.93722616672423,46.80180116635323],[-83.9375043668199,46.80185696634562],[-83.9378883669512,46.8019281663342],[-83.93823426707269,46.80201826632795],[-83.93860636720353,46.802116666321446],[-83.93920556741612,46.80229026631324],[-83.93992556767353,46.802514766305855],[-83.94005936772241,46.802565266305834],[-83.94104706807774,46.80289116629846],[-83.94134066818268,46.802982366295375],[-83.94154056825468,46.803049166294024],[-83.94166076829823,46.80309106629346],[-83.94174256833071,46.80314296629669],[-83.94189136838885,46.80322916630127],[-83.94245916860928,46.80354746631715],[-83.94310696885829,46.80389086633226],[-83.9433115689418,46.80403856634301],[-83.9434493690009,46.804161066353856],[-83.94354836904881,46.80429356636846],[-83.94362316909354,46.804462766390074],[-83.94392736925627,46.804994766454136],[-83.94418586938903,46.805402066501685],[-83.94425396941718,46.8054544665058],[-83.9443761694658,46.80553236651066],[-83.9444969695106,46.80558306651139],[-83.944671969577,46.80566856651435],[-83.94490086966368,46.8057796665181],[-83.94518706977965,46.80597926653213],[-83.94541736987017,46.80611736653995],[-83.94548586989846,46.80616956654395],[-83.94555396992554,46.806212866546666],[-83.94566136996613,46.806264066548266],[-83.94588677004397,46.806312266542584],[-83.9460307700895,46.8063085665336],[-83.94634687019378,46.80633636651948],[-83.94657237027059,46.80637566651242],[-83.94690447038768,46.80646606650696],[-83.94734387054312,46.80658976650043],[-83.94775427068272,46.80666016648732],[-83.94801877077293,46.80670726647918],[-83.94825427084736,46.80670126646457],[-83.94848887091922,46.8066771664472],[-83.94880017101084,46.80661516641954],[-83.94912317110406,46.80653506638844],[-83.94954007123015,46.806479066355614],[-83.949879171335,46.80645236633174],[-83.9501802714301,46.806444566313026],[-83.95032387147434,46.8064318663027],[-83.95051807153123,46.80639086628515],[-83.95080347161583,46.806338466260485],[-83.95118107173063,46.806292866231466],[-83.95145607181752,46.806285666214386],[-83.95162727187378,46.8062992662065],[-83.9518115719342,46.80631246619782],[-83.95198337199183,46.80633506619125],[-83.9522093720721,46.8064011661883],[-83.95243577215247,46.80646736618527],[-83.95266087222915,46.80650656617819],[-83.95283217228545,46.806520166170316],[-83.95300167233792,46.80650686615842],[-83.95315827238622,46.806493766147305],[-83.95320897239891,46.80646536613996],[-83.95327367241713,46.806445766133166],[-83.9534150724563,46.80639736611753],[-83.95358207250119,46.8063297660974],[-83.95381377256551,46.80625186607194],[-83.9541745726672,46.80614346603429],[-83.95452407276873,46.80606246600156],[-83.95497857290447,46.8059876659636],[-83.95512227294876,46.80597486595323],[-83.95547457305778,46.8059478659286],[-83.9557357731392,46.80593216591096],[-83.95581387316274,46.80592116590476],[-83.95590497319041,46.8059097658977],[-83.95595697320572,46.80589946589305],[-83.95602127322381,46.80587976588629],[-83.95616377326546,46.80584906587332],[-83.9563168733049,46.80577306585267],[-83.95649667335395,46.805705665831894],[-83.95665237339976,46.80567446581801],[-83.95686067346334,46.80565116580236],[-83.95716077355591,46.80562556578093],[-83.95755347367995,46.80561546575651],[-83.95803867383539,46.805620565729086],[-83.95836837394504,46.805657065715465],[-83.9586852740518,46.805702865704056],[-83.95900547416626,46.805802765700776],[-83.95928537426576,46.80588536569718],[-83.95955247436235,46.80597736569573],[-83.9599263744971,46.80610276569325],[-83.96027097461595,46.80617486568426],[-83.96053587470625,46.806221965676094],[-83.96093247484036,46.80628356566245],[-83.96138157499108,46.806344065645625],[-83.9616730750909,46.80639946563716],[-83.96195217518907,46.806473265632256],[-83.96215297526248,46.80654906563221],[-83.96240847535879,46.80666846563568],[-83.9627737755008,46.80687496564613],[-83.96358727582107,46.80736706567435],[-83.9638433759186,46.80749526567911],[-83.96404117598436,46.80751716567095],[-83.9642002760391,46.807549065666606],[-83.9644371761161,46.80756086565466],[-83.9647908762289,46.80756056563402],[-83.96583737655828,46.80752456556754],[-83.96683207687242,46.80749876550565],[-83.96722447699518,46.80747966547989],[-83.96769407714017,46.807440365446475],[-83.96826777731692,46.80738966540531],[-83.968635177434,46.8073890653838],[-83.96892237752357,46.807372465364544],[-83.96935487766123,46.80737026533904],[-83.97002357787464,46.80737096530019],[-83.97087467814454,46.807357765248604],[-83.97175217842276,46.80734416519542],[-83.97252287866276,46.807297165143325],[-83.97317547886439,46.80724406509716],[-83.97360647899824,46.80721476506756],[-83.97395767910471,46.80716966504015],[-83.97429497920449,46.80710686501086],[-83.97468317931708,46.80701576497426],[-83.97501857941187,46.80691696493959],[-83.9752234794666,46.80683086491438],[-83.97539067951267,46.80677236489571],[-83.97568627959379,46.80666566486208],[-83.97595467966407,46.806541764827415],[-83.97624977974394,46.80642606479242],[-83.97677747989057,46.8062503647347],[-83.9772401800177,46.806085264682395],[-83.97765258013348,46.8059575646388],[-83.97780658017545,46.8058995646209],[-83.97801188023138,46.80582226459708],[-83.9782171802862,46.80573586457185],[-83.97857708038536,46.805609564531466],[-83.9792713805768,46.805366364453675],[-83.98001618077973,46.80508596436721],[-83.98076038098131,46.80479656427943],[-83.98083668100094,46.80475856426913],[-83.98091378102083,46.80472056425884],[-83.98105398105736,46.80465396424041],[-83.98125888111201,46.80456756421523],[-83.98166948122274,46.80440376416615],[-83.98209368134002,46.80425796411906],[-83.98294408157845,46.80399266402875],[-83.9836665817832,46.8037847639547],[-83.98441318199116,46.80354046387372],[-83.9847233820802,46.8034603638433],[-83.98497908214759,46.80334556381082],[-83.98520928220802,46.80324056378128],[-83.98581248237178,46.80300906371058],[-83.98604398243592,46.80293076368503],[-83.986106482449,46.80287516367284],[-83.98618258246746,46.8028281636612],[-83.98627168249007,46.802780863648756],[-83.98642418252814,46.802695763626815],[-83.98656318256096,46.80260216360433],[-83.98666298258132,46.802509563584266],[-83.98685418263054,46.80241456355855],[-83.98703348267827,46.802337963536345],[-83.98727668274283,46.80223266350602],[-83.98762478284048,46.8021245634691],[-83.98790888292243,46.80205416344178],[-83.98812948298757,46.8020122634225],[-83.98835048305403,46.801979563404586],[-83.98862378313697,46.80194536338338],[-83.98905418326949,46.80190716335244],[-83.98948368339951,46.80185096331883],[-83.99008218358068,46.80177226327187],[-83.990602083737,46.801695663229786],[-83.9910949838826,46.80160176318663],[-83.99122318391643,46.80154456317042],[-83.99140228396405,46.80146786314818],[-83.99150228398564,46.80138416312949],[-83.99153768398789,46.8013110631162],[-83.99161168400126,46.80122836309918],[-83.99169678401366,46.801109163075914],[-83.99182058403711,46.80097976304886],[-83.99196668405884,46.80077796300933],[-83.9922516841132,46.80048266294736],[-83.99256638418473,46.800249362893204],[-83.99273168422586,46.80015516286905],[-83.99300038429729,46.800039862835746],[-83.993166784342,46.7999725628157],[-83.99342488441464,46.79989386278856],[-83.99364328447466,46.799816062763895],[-83.99393798455321,46.79969136272756],[-83.99423488463808,46.799611662698],[-83.99453078472031,46.79951386266574],[-83.994891684822,46.79940546262808],[-83.99542128497365,46.799265562575705],[-83.99589948511121,46.799145062529355],[-83.99626288521928,46.79908156249843],[-83.9966532853369,46.799026362467224],[-83.99696758543723,46.799027062449],[-83.99724288552524,46.799028862433246],[-83.99750538560923,46.79903096241823],[-83.99772578567433,46.798989162399],[-83.99790608572457,46.79893036237945],[-83.99811068577911,46.798844062354306],[-83.99831208582494,46.7986947623196],[-83.99850158586915,46.798563862288454],[-83.99865148590092,46.798434062259766],[-83.99878628592234,46.79825936222506],[-83.99888008592859,46.79806796219026],[-83.9989732859324,46.797858462152604],[-83.99909678595475,46.7977202621242],[-83.99925988599065,46.79758996209465],[-83.99957458606218,46.79735676204052],[-83.99993368613326,46.79700556196564],[-83.99997518614217,46.7969703619578],[-84.00005878615804,46.79688276193951],[-84.00015408617979,46.79681286192317],[-84.00033428621566,46.79663816188583],[-84.00040348623011,46.79657676187238],[-84.00045968623925,46.79650546185815],[-84.00054248625591,46.796426861841255],[-84.00066898627779,46.79627726181093],[-84.00077178628534,46.79607326177359],[-84.00091898629721,46.79578916172139],[-84.00095538628561,46.79560146169041],[-84.00102858629243,46.79546796166562],[-84.001022186276,46.79535116164804],[-84.00106958627232,46.79519926162197],[-84.00110098627015,46.79510046160498],[-84.00116008627477,46.79498546158388],[-84.00122648626503,46.794734861541485],[-84.00134938626353,46.79440546148371],[-84.00140118625234,46.79418126144626],[-84.00162158627005,46.79375586136803],[-84.00166648627223,46.79365786135038],[-84.00172378627954,46.79356876133339],[-84.00179488628915,46.793463361313],[-84.00184068628943,46.79334736129252],[-84.00196658631224,46.79320696126366],[-84.00206178633508,46.79314586124867],[-84.00214328635464,46.79309426123599],[-84.00231768640077,46.79301766121406],[-84.002544786464,46.792943061189426],[-84.00284008654248,46.79281606115269],[-84.002986986583,46.792764961136236],[-84.00317618663058,46.792662061109425],[-84.00324698664129,46.792565961090524],[-84.00339018665952,46.79234376104806],[-84.00346178666935,46.792238361027685],[-84.00347928666487,46.79215686101413],[-84.00348628665164,46.79203186099456],[-84.00352018664582,46.791897160971885],[-84.003543986629,46.79169946094012],[-84.00354748662245,46.79163756093042],[-84.00360658662693,46.791521260909086],[-84.00366368663424,46.791433160892204],[-84.00367858663574,46.791407060887316],[-84.0037618866515,46.79131926086902],[-84.0038302866668,46.791266760856914],[-84.00394978670187,46.791242360846255],[-84.00397628670945,46.7912348608435],[-84.00425568678939,46.791161360815956],[-84.00440148683182,46.79112806080236],[-84.00457658687719,46.79104356077916],[-84.0047380869191,46.790966260757884],[-84.00494248696724,46.79082806072477],[-84.00511888700956,46.79071546069716],[-84.00533898705596,46.79052306065477],[-84.00725068746482,46.78889876029382],[-84.0075112875221,46.788689460246474],[-84.00823628768559,46.78814186012008],[-84.008510187746,46.787924160070666],[-84.00864548777953,46.78784626005081],[-84.00886118783454,46.78773486002113],[-84.0090755878925,46.78765065999571],[-84.00936788797667,46.78757745996745],[-84.00995398814199,46.78740345990654],[-84.00998018815056,46.787404959905246],[-84.01027258823463,46.787330959876854],[-84.01110928847625,46.78712775979683],[-84.01199958873305,46.78690855971132],[-84.01235798883613,46.786818259676565],[-84.01271698893953,46.78672875964187],[-84.01298428901347,46.78663735961223],[-84.01330488910116,46.78651975957546],[-84.01350708915288,46.78641665954785],[-84.01376198922159,46.786315359517445],[-84.01395198926726,46.78619445948778],[-84.01415868931036,46.786010159447414],[-84.0143681893479,46.78577305939879],[-84.0145466893865,46.785625359365675],[-84.01469968941576,46.78546715933246],[-84.01487658945717,46.785345459303485],[-84.0150268894922,46.78524145927873],[-84.01526778955754,46.78514865925043],[-84.01608318978117,46.78485465915775],[-84.01643118987539,46.78471955911668],[-84.01723439009298,46.784408059021985],[-84.0175288901734,46.78429905898812],[-84.01763569020336,46.78426585897679],[-84.01962379072671,46.78337185872353],[-84.0211826911364,46.78266605852424],[-84.02174679128464,46.782410158452016],[-84.02204379136025,46.782256058411065],[-84.02228669142188,46.78212815837724],[-84.02236879144046,46.78206635836295],[-84.02245029146005,46.78201485835029],[-84.02250619147031,46.78195365833763],[-84.02256299147848,46.78187335832199],[-84.02259239148027,46.78181195831086],[-84.02262189148195,46.781749358299486],[-84.02266589148606,46.78166925828462],[-84.02273349150228,46.781625858274026],[-84.02277479151117,46.78159095826626],[-84.02280219151783,46.781574558262136],[-84.02288289153816,46.78153085825069],[-84.02295129155361,46.781479658238844],[-84.02308639158707,46.781401658219025],[-84.0231675916077,46.78135905820771],[-84.02324879162819,46.78131525819623],[-84.02335469165895,46.781291058186355],[-84.02348779169745,46.781259458173736],[-84.02359389172831,46.78123525816386],[-84.02374009176967,46.781193158148845],[-84.02404489185908,46.78113015812138],[-84.02425669192155,46.78108945810279],[-84.02436189195431,46.781083158095676],[-84.02453229200808,46.78107865808507],[-84.02465149204316,46.78105535807453],[-84.02478349208343,46.78104065806463],[-84.0248754921119,46.7810337580582],[-84.02492959212604,46.78100865805116],[-84.02506229216317,46.78096685803698],[-84.02517029219239,46.78092465802421],[-84.02526579221322,46.78084675800665],[-84.02544039225941,46.78077005798474],[-84.0255613922916,46.78071855796979],[-84.02568549231712,46.78060505794514],[-84.02575419233142,46.78054355793164],[-84.02591899236785,46.780413257902],[-84.02598749238209,46.780351757888575],[-84.02604509238961,46.78026365787166],[-84.02616189239936,46.78004115783066],[-84.0264149924119,46.77948995773119],[-84.02648719241957,46.779365457707875],[-84.02651759242056,46.77929485769525],[-84.02657199243238,46.77925065768529],[-84.02659989243816,46.77922515767977],[-84.0267221924674,46.77914645766051],[-84.02688269251139,46.779088457642274],[-84.02704199255706,46.779047057626585],[-84.02794119282542,46.77889945755149],[-84.02829679293443,46.77886405752533],[-84.02971679337489,46.77876575742746],[-84.03101849377953,46.77868295733888],[-84.03144059390766,46.7786312573063],[-84.03171559399495,46.77862845728985],[-84.03193969406388,46.77860805727365],[-84.0319929940787,46.77859065726789],[-84.0320985941105,46.77857565725941],[-84.03217869413301,46.77855085725093],[-84.03223339414514,46.77850815724118],[-84.03226149414967,46.77847225723403],[-84.03228929415523,46.77844565722832],[-84.03231649416064,46.77841895722264],[-84.03231869415688,46.77838295721694],[-84.03234839415872,46.77832145720581],[-84.03230609412289,46.77814025718039],[-84.0322803941135,46.77813085718045],[-84.03221819408569,46.77806615717413],[-84.03212919405149,46.77801895717207],[-84.03200199400278,46.777952557169314],[-84.03177089391835,46.777865357169375],[-84.03168079388603,46.777836257170165],[-84.03157899384769,46.777788357168696],[-84.03150099382026,46.7777678571701],[-84.03137259377341,46.77771985717022],[-84.0313086937495,46.77769095716954],[-84.03125839372888,46.77765395716676],[-84.03113339367528,46.777542557156956],[-84.0310967936579,46.77749625715196],[-84.0310222936251,46.77742285714501],[-84.03099729361374,46.77739535714224],[-84.03092829357158,46.77723195712114],[-84.03089389354818,46.77713145710774],[-84.03089749354267,46.777077357099195],[-84.03090439352827,46.77694335707821],[-84.03093749352328,46.77681755705694],[-84.03098099352842,46.7767467570435],[-84.03105409353425,46.77660535701756],[-84.03109709354031,46.7765433570055],[-84.03119819355052,46.776365156972226],[-84.03128309356342,46.77625055694965],[-84.03137949358451,46.77617245693202],[-84.03145039359391,46.77606595691151],[-84.03153249361263,46.77600535689744],[-84.03161449363127,46.77594475688336],[-84.03168309364666,46.775892356871275],[-84.03180439367684,46.77582365685368],[-84.03188549369729,46.77577995684223],[-84.03198209371733,46.775693056823215],[-84.03206389373594,46.775632356809105],[-84.03213159375325,46.77559795679993],[-84.03227719379571,46.775565956786494],[-84.03239659382963,46.77553235677438],[-84.0325285938699,46.7755176567644],[-84.03266039391002,46.775502856754464],[-84.03336019412093,46.77540455669859],[-84.0347876945483,46.775180956580975],[-84.03544659474915,46.77510725653127],[-84.03589469488564,46.77505595649722],[-84.03614449496278,46.77503585647959],[-84.03628939500719,46.77502185646899],[-84.03645989506099,46.77501735645835],[-84.03668179513346,46.775031656447645],[-84.03677279516383,46.77504275644403],[-84.0369024952089,46.775073056441116],[-84.03741059537695,46.775122556419085],[-84.03757879543444,46.77515395641414],[-84.03772069548563,46.775202156413236],[-84.03787549553998,46.7752429564105],[-84.03819639565661,46.775359256409665],[-84.03843979574717,46.77546425641158],[-84.03868369583564,46.77555105641073],[-84.03882399588979,46.775627356414255],[-84.03893849593325,46.77568385641629],[-84.03908029598338,46.77572395641417],[-84.03915829600963,46.77573535641136],[-84.03926049604799,46.77578215641262],[-84.03940099610107,46.775849456414775],[-84.03950539613578,46.775861156410436],[-84.03976329622658,46.775930756406105],[-84.0404490964651,46.77609255639099],[-84.04102009665887,46.77618765637231],[-84.0412390967372,46.776257156370214],[-84.04145919681248,46.776298456363754],[-84.04165459687759,46.7763214563559],[-84.04186309694694,46.77634505634733],[-84.04204579700678,46.77635835633875],[-84.04217559704969,46.77637065633306],[-84.04246449714051,46.7763606563147],[-84.04279209724481,46.77635985629547],[-84.04305509732612,46.77633935627697],[-84.04327959739399,46.77630975625932],[-84.04347859745246,46.77626955624155],[-84.04358409748423,46.77625435623306],[-84.04375649753413,46.776213756216784],[-84.04390439757286,46.77614575619771],[-84.04402549760411,46.77608625618149],[-84.04413249763296,46.77604405616877],[-84.04428059767166,46.77597495614949],[-84.04441439770811,46.77592515613404],[-84.04454859774349,46.775865356117045],[-84.04485859782208,46.775701856073866],[-84.04521069790879,46.77549555602164],[-84.04557439800143,46.775307055971425],[-84.04599049811196,46.77512835591971],[-84.04639059822408,46.775004155877276],[-84.0470544984144,46.77483215581217],[-84.04935409907111,46.77421615558335],[-84.04951429911607,46.774166955566486],[-84.04964639915639,46.774152355556566],[-84.04971229917534,46.7741359555502],[-84.04975199918815,46.77413715554804],[-84.04986839922778,46.77415755554438],[-84.05002769924461,46.77388335549297],[-84.0502441992687,46.77351975542447],[-84.05073189932772,46.772739555276125],[-84.05128579940818,46.77196215512437],[-84.05146759943895,46.77174225507997],[-84.05163129947596,46.771619755051624],[-84.05189169953303,46.77141025500422],[-84.05197489954985,46.77133165498727],[-84.05203009956102,46.77127955497604],[-84.0520704995718,46.77126275497114],[-84.05211039958242,46.7712457549662],[-84.05216349959835,46.77123775496187],[-84.05220299960999,46.771229954958386],[-84.05242549968156,46.77123535494619],[-84.05253099971435,46.77122905493908],[-84.0522583996511,46.771419754984315],[-84.05189969957132,46.77169925504816],[-84.05169389953645,46.771947655098366],[-84.05138099948334,46.772325155174585],[-84.05105279943659,46.77279295526562],[-84.05094639944468,46.773133255324126],[-84.05087029946685,46.77350885538626],[-84.05075509949391,46.77402485547227],[-84.05074029954153,46.774448255538196],[-84.0507249995489,46.77454765555436],[-84.05081679960678,46.774779155584554],[-84.05086229964395,46.77496265561017],[-84.05100709976408,46.77556155569373],[-84.05106109980451,46.77574935571943],[-84.05117489989266,46.776169055777295],[-84.05128969998626,46.77663085584151],[-84.05136620004708,46.776925555882315],[-84.05177790037155,46.77848955609863],[-84.05189990046235,46.778909356155985],[-84.05260230101995,46.78160965652985],[-84.05260180103537,46.7817356565492],[-84.05261720105676,46.781869156568824],[-84.05264020107404,46.78194965657986],[-84.05270870112497,46.78218505661205],[-84.05274680115413,46.782322456630894],[-84.05275450118212,46.78252925666221],[-84.05279290122027,46.78273885669216],[-84.05284580125837,46.782910656715515],[-84.05293020130458,46.78306675673455],[-84.05304490136152,46.78323135675314],[-84.05312100140833,46.78341385677673],[-84.05320490145202,46.783551056792874],[-84.05332700152016,46.78378745682208],[-84.05341830156958,46.78395175684198],[-84.05360150166429,46.78424575687646],[-84.05372350172338,46.7844092568945],[-84.05393700181784,46.7846227569148],[-84.05410490189738,46.78483315693733],[-84.05430330198692,46.78504615695846],[-84.05451690208237,46.78526765698002],[-84.05476130220411,46.78562235702023],[-84.05487560226658,46.78583285704595],[-84.05495950230933,46.78596235706089],[-84.05507400236047,46.786080857072456],[-84.05515050239421,46.78615635707958],[-84.05519620241111,46.78617535707982],[-84.05532590247039,46.786320457094554],[-84.05547840254552,46.78653485711858],[-84.05556230259018,46.78667975713595],[-84.0558447027353,46.7871255571879],[-84.05603530282671,46.78737355721487],[-84.05614990287832,46.787495357226874],[-84.05629470295183,46.787716657252446],[-84.05660000310583,46.78817525730506],[-84.05679060320378,46.78847615734016],[-84.05833200403147,46.79119585766786],[-84.05991130486848,46.79389275798979],[-84.0601324049762,46.79419395802317],[-84.06033840508395,46.7945338580633],[-84.06049880516333,46.79476235808901],[-84.06069730525407,46.79498425811148],[-84.0609032053446,46.79518585813044],[-84.0610788054191,46.79533525814313],[-84.06126180549253,46.795457458151226],[-84.06147550557999,46.79561375816271],[-84.06181880570499,46.79573955816202],[-84.06225380586766,46.79593385816643],[-84.06265790600972,46.7960410581593],[-84.06292480610364,46.79611265815473],[-84.0633679062562,46.79620445814296],[-84.06379480640601,46.796315658135114],[-84.06426040656248,46.79638075811789],[-84.06477160673012,46.79641875809389],[-84.06495460678796,46.796414958082636],[-84.0653055069055,46.79646095806919],[-84.06571750704902,46.79655975806029],[-84.06610660719096,46.79670465805984],[-84.06650340733349,46.79683465805666],[-84.06691530748499,46.79699795805769],[-84.0671063075596,46.79710865806349],[-84.06742670768053,46.79726095806822],[-84.06773920780805,46.797486558084564],[-84.0680444079308,46.79769225809836],[-84.06844150809754,46.79801685812498],[-84.06860910817167,46.7981843581409],[-84.06886890829081,46.79847795817081],[-84.06915880842432,46.79880975820479],[-84.0695170086008,46.799313158261164],[-84.06972350869738,46.79956175828728],[-84.06998270881873,46.79987435832012],[-84.07033360896976,46.800191158348255],[-84.07051660904642,46.800339258360296],[-84.07087550918635,46.80054565837103],[-84.07235570977761,46.80151065843272],[-84.07275970993663,46.8017549584466],[-84.07288940999076,46.801858358454886],[-84.07304951005786,46.801987958465475],[-84.073125910087,46.80202655846693],[-84.07327111014261,46.802102358470044],[-84.07344671021225,46.802212358476694],[-84.07362211028233,46.80232695848406],[-84.07388881038148,46.80244125848602],[-84.0741256104712,46.80255645848987],[-84.07442311057352,46.802617058481765],[-84.07474351068223,46.80267025847124],[-84.0750795108026,46.80277745846808],[-84.07540721091456,46.80283805845821],[-84.07588801107397,46.80288815843785],[-84.07624631119954,46.802979858430966],[-84.0764448112675,46.803018258425276],[-84.0766967113587,46.803106058424035],[-84.07702481147318,46.803186258417185],[-84.07739851160594,46.80329635841223],[-84.07775711174003,46.80345655841591],[-84.07818431189415,46.80360135841316],[-84.07835221195278,46.80364305840977],[-84.07848971200471,46.803708158411695],[-84.07873401208589,46.803735158401615],[-84.07911501221147,46.80376875838452],[-84.0796188123872,46.803891358373896],[-84.08012991256055,46.80397545835691],[-84.08045021266827,46.804020958345184],[-84.08086231281088,46.80411205833513],[-84.08128971296321,46.80424235833011],[-84.08219001329833,46.80463125833721],[-84.08235771336116,46.80470735833909],[-84.08259471345573,46.80486075834878],[-84.08289981358038,46.805082058364924],[-84.08314371368682,46.80531395838623],[-84.0834034138061,46.8056084584163],[-84.08361671390136,46.80582885843765],[-84.0837618139718,46.80602405845914],[-84.0839373140513,46.80621415847805],[-84.08416611416875,46.806573458519765],[-84.08434951426786,46.806901458559395],[-84.08454761437396,46.807248258601035],[-84.08466211442985,46.807404758618375],[-84.0847461144727,46.80753445863334],[-84.08488341453342,46.80767135864637],[-84.08509711461095,46.80774755864554],[-84.08524201466572,46.807816958647756],[-84.08548591475382,46.80790015864622],[-84.08579141486922,46.808046058650746],[-84.0862720150407,46.80819385864538],[-84.08849991583918,46.80890775862472],[-84.08880541594837,46.80900305862147],[-84.08897311601469,46.80910655862754],[-84.08921701610983,46.809247258634905],[-84.08953761624234,46.80949185865366],[-84.08978921635314,46.80973915867691],[-84.0899420164393,46.81004105871431],[-84.09009461653426,46.81041495876275],[-84.09013261658085,46.810692958803166],[-84.09014031662024,46.810990758848405],[-84.09014021665284,46.811254058888835],[-84.09017061668574,46.81144115891575],[-84.090170716716,46.81168535895322],[-84.0901935167345,46.81177575896573],[-84.09026221680571,46.81217355902276],[-84.09031581685633,46.81244405906113],[-84.09039211691099,46.8126883590941],[-84.09048361696189,46.8128637591157],[-84.09062121702739,46.81303875913447],[-84.09075831709384,46.813222059154576],[-84.09092611716765,46.81338605916997],[-84.09117031726865,46.81357295918432],[-84.09152871740751,46.81377135919381],[-84.0918186175165,46.81390525919745],[-84.09220791765851,46.81405005919688],[-84.0924367177375,46.814098959191035],[-84.09281071786911,46.814199059184524],[-84.09329131803506,46.8143019591722],[-84.0937491181913,46.81438535915822],[-84.09417631833783,46.81446925914613],[-84.0947485185307,46.814553859125645],[-84.09545831877153,46.81467195910227],[-84.09621341902917,46.81480905907918],[-84.09671721920336,46.814919059066604],[-84.09761771951217,46.81509505904089],[-84.09797601963632,46.815175259032266],[-84.09865511986737,46.815293059010614],[-84.09967732021532,46.81547225897833],[-84.10002072032906,46.81550685896362],[-84.10028792042083,46.815560258956154],[-84.10067692055479,46.81564095894579],[-84.1010353206737,46.815678458930606],[-84.10144002080507,46.81569785890991],[-84.10179092091447,46.81567835888639],[-84.10195132096375,46.81566365887475],[-84.10224112105377,46.81564485885495],[-84.10256902115731,46.81563705883458],[-84.10304222130144,46.8155834587987],[-84.10338552140423,46.815530358770474],[-84.10388912155285,46.815434558726345],[-84.10440792170974,46.815366458685524],[-84.10490362186056,46.815309058647735],[-84.10542242201397,46.81521295860266],[-84.10594942217438,46.81515245856254],[-84.10636852230279,46.81511065853166],[-84.1069107224708,46.81507235849405],[-84.1072919225865,46.815025858464615],[-84.10803162281984,46.81500685841845],[-84.10813102285205,46.81501105841332],[-84.10838282293187,46.815007758398075],[-84.10871842304446,46.81505345838544],[-84.1090086231445,46.81511445837784],[-84.10927572323725,46.8151757583716],[-84.10964162336698,46.81528155836645],[-84.1099621234838,46.81539995836584],[-84.11011462353859,46.81544985836459],[-84.11033622361961,46.81553385836452],[-84.11064142373682,46.815694558371305],[-84.11069452375745,46.81572445837279],[-84.11096202385784,46.81584645837584],[-84.11107632390004,46.81589285837631],[-84.11129722398029,46.815972458375576],[-84.11182372417457,46.81618625837755],[-84.11203002424743,46.81624375837433],[-84.11242682438613,46.81634215836617],[-84.11294542456983,46.81649105835867],[-84.11303692460287,46.816522358358164],[-84.11322802467414,46.81660605835983],[-84.11328142469155,46.81660905835716],[-84.11382272487353,46.816685558337205],[-84.11416632499063,46.81674685832653],[-84.11466962516707,46.81687625831692],[-84.11509692531602,46.8169792583077],[-84.11548632545242,46.81707895830022],[-84.11602012562868,46.81712835827659],[-84.11670702586315,46.81725385825562],[-84.11693572594318,46.81731165825113],[-84.11760732617938,46.81749015823916],[-84.11832432643246,46.81768885822769],[-84.11912552673184,46.81804385823527],[-84.11966732692723,46.818227158231664],[-84.12025462715079,46.818520358242274],[-84.1209415274256,46.818970858271136],[-84.12196402783523,46.819646158314875],[-84.12284142819009,46.820252058356466],[-84.12379482858155,46.820958458408924],[-84.12427542877775,46.821305258433966],[-84.1246646289354,46.821575858452704],[-84.12509202913091,46.82205355850095],[-84.12539712929625,46.82260215856714],[-84.12550392936642,46.82289295860549],[-84.12558062942024,46.82312925863729],[-84.12571022950314,46.823464358681036],[-84.12593892964621,46.82402965875433],[-84.1261755297623,46.82435735879071],[-84.12641962987995,46.824677958825525],[-84.12663322998682,46.82499045886093],[-84.12689263010593,46.82528375889072],[-84.12724353026798,46.825688158932195],[-84.12754893040798,46.82603185896698],[-84.12776243052812,46.82645135901883],[-84.12789963062258,46.8268594590733],[-84.12796113070705,46.8273818591498],[-84.12793813079458,46.828145159268146],[-84.1278310308282,46.82869045935801],[-84.12770913089224,46.829518259491984],[-84.12761763088633,46.82970545952603],[-84.12751813087554,46.829873559557626],[-84.12748003088235,46.83002635958325],[-84.12747253090222,46.830205459611165],[-84.12747243091114,46.83027745962219],[-84.12748023092274,46.83035035963294],[-84.12747283092892,46.83041935964393],[-84.12749533094886,46.830522059658364],[-84.12751813096516,46.8305946596681],[-84.1275563309863,46.83066675967694],[-84.12758703100361,46.83072765968448],[-84.12762503102624,46.830812159695206],[-84.12767083105075,46.83089185970476],[-84.1277091310687,46.830938159709625],[-84.12775503109465,46.83102905972084],[-84.12785403114138,46.831151459733796],[-84.12789203115923,46.83119755973867],[-84.12795323118858,46.8312767597472],[-84.12801423121519,46.83133475975253],[-84.12808293124277,46.83138015975544],[-84.12816683127664,46.83143765975937],[-84.12822803130082,46.83147515976155],[-84.1283042313332,46.83154055976709],[-84.12837273135969,46.83157815976883],[-84.12841863137866,46.831612859771475],[-84.12848743140437,46.831643559772125],[-84.12852543141972,46.83166955977392],[-84.1286397314633,46.831727159776044],[-84.12870113148671,46.831758159777195],[-84.12888393155104,46.831807059774],[-84.12896053157887,46.83183445977368],[-84.12902133160293,46.831871959775896],[-84.12912813164496,46.831936559779514],[-84.1292045316731,46.83196705977977],[-84.12931893171769,46.83203255978311],[-84.12940283175158,46.83208985978695],[-84.12966213185497,46.83225705979742],[-84.12969273186815,46.83228445979978],[-84.12974593189074,46.8323302598037],[-84.12979943191255,46.83236815980638],[-84.12983003192794,46.83241345981154],[-84.12988343194976,46.83245245981439],[-84.12992153196654,46.832489659817874],[-84.12998263199266,46.832543159822485],[-84.13003593201769,46.8326079598293],[-84.13009743204452,46.83266595983455],[-84.13018123208452,46.832772859846024],[-84.13022693210857,46.83284925985507],[-84.13026503213064,46.83292915986509],[-84.13030303215076,46.832993459872725],[-84.13033383217052,46.833073559883196],[-84.13034173218449,46.833165559896834],[-84.1303793322064,46.83324555990692],[-84.13041013222895,46.83334815992083],[-84.13043283224715,46.83343645993303],[-84.13045583226588,46.83352815994574],[-84.13048643228936,46.83363855996084],[-84.13051673230564,46.83369195996726],[-84.13053203231956,46.83376445997748],[-84.13057033233973,46.83382865998505],[-84.13060823236088,46.8339018599941],[-84.13063853238056,46.83398206000456],[-84.13067713240419,46.83407326001632],[-84.13074573245211,46.834282860044425],[-84.1307763324752,46.834390060059],[-84.13082193250577,46.83451926007613],[-84.13086773253043,46.83460016008585],[-84.13092893256356,46.834709860099075],[-84.13098983259437,46.834801560109604],[-84.13106603263338,46.83491986012327],[-84.13114233266582,46.834985260128796],[-84.13118803268934,46.83505736013717],[-84.13126453272655,46.835160760148554],[-84.13133333275846,46.8352410601568],[-84.13140173278732,46.83529766016149],[-84.13163823288689,46.83549256017748],[-84.1316844329097,46.83555766018476],[-84.13173763293474,46.8356225601916],[-84.13177563295109,46.835656360194584],[-84.13183673297759,46.835713260199675],[-84.13197373303173,46.83579746020457],[-84.13205053306093,46.83583566020591],[-84.13214193309385,46.835865760205174],[-84.13219553311575,46.835904560208014],[-84.13229483315307,46.83595046020922],[-84.13233253316749,46.83596966020994],[-84.13239363319263,46.836015460213396],[-84.132485433228,46.83606446021551],[-84.13256143325795,46.836110760218155],[-84.13259963327336,46.83613666021992],[-84.13266083330424,46.83622836023037],[-84.1327217333327,46.836301060237915],[-84.13276753335681,46.836377560246994],[-84.13284373339106,46.836457360254734],[-84.13290513341866,46.83652216026109],[-84.13298123345425,46.83661336027059],[-84.13301943347358,46.83667096027719],[-84.13305763349152,46.83671716028201],[-84.13310333351932,46.83682376029571],[-84.13313363353936,46.836907360306704],[-84.13317963356783,46.83701846032107],[-84.13324823361678,46.83723606035038],[-84.13328633364219,46.83734296036453],[-84.1333015336617,46.83746076038168],[-84.13333203368849,46.83759826040096],[-84.13335493371142,46.83772366041882],[-84.13340833376066,46.83798316045549],[-84.13340093376969,46.838074460469926],[-84.13338543377809,46.83818186048726],[-84.13337783379038,46.83830016050583],[-84.13335503379872,46.83842576052642],[-84.13334743381199,46.838551960546205],[-84.1333169338165,46.8386662605655],[-84.13297353377442,46.83920796066858],[-84.13290493376262,46.839288560684935],[-84.13283623374917,46.83935686069943],[-84.13277523373878,46.83942926071408],[-84.13269913372163,46.83948646072731],[-84.13263773371109,46.83955896074198],[-84.13258453370311,46.839631360756236],[-84.13253103369229,46.83968116076699],[-84.1324472336797,46.839794860789304],[-84.13238603367019,46.83987526080521],[-84.13233253366553,46.839974660823586],[-84.13227163365471,46.840043760837744],[-84.13221813365082,46.840149860857125],[-84.13218773364926,46.84021486086886],[-84.13215713365037,46.84030226088404],[-84.13212663365164,46.840390760899375],[-84.13210383365242,46.840455660910656],[-84.13210373366334,46.84054346092412],[-84.13209603367221,46.84063476093856],[-84.13210363368596,46.84072566095202],[-84.13211903369948,46.840794960961745],[-84.13211913371325,46.840905160978615],[-84.13214203373191,46.84099686099137],[-84.13216483374919,46.84107726100235],[-84.13217243376725,46.8412029610211],[-84.13221813379312,46.84129396103243],[-84.13225623381776,46.84139406104554],[-84.13230213384031,46.8414580610526],[-84.13234793386401,46.84153116106113],[-84.13240133389009,46.84160396106915],[-84.13244723391266,46.841667961076276],[-84.13250033393668,46.84172496108192],[-84.13256153396522,46.84179756108943],[-84.13263773400003,46.84188206109793],[-84.1326991340286,46.84195456110542],[-84.13274453404964,46.842007461110875],[-84.13280573407872,46.842084461119114],[-84.13295053415096,46.842294261142754],[-84.13302693418906,46.84240476115523],[-84.1330956342265,46.84252996117034],[-84.13314903425261,46.842602761178355],[-84.13319483427865,46.84269486118979],[-84.13322543431309,46.84289316121841],[-84.13319473436258,46.84336986129322],[-84.13316443436858,46.84349576131427],[-84.13311863436964,46.84362166133624],[-84.13308793437314,46.84372816135438],[-84.13304233437191,46.843835261373435],[-84.132981134368,46.84396066139623],[-84.13292013437191,46.84414796142848],[-84.13288953437778,46.844273661449556],[-84.13284373437833,46.8443953614709],[-84.13280573438857,46.844575261500665],[-84.13279813440185,46.844701461520444],[-84.13276753440674,46.84481926154028],[-84.13276003442093,46.8449522615611],[-84.13276793443686,46.845060061577115],[-84.1327981344602,46.84517056159227],[-84.1328209344765,46.84524306160209],[-84.13285903449858,46.84532306161209],[-84.13288963451731,46.84539526162132],[-84.13295073454823,46.84548696163184],[-84.13301163458046,46.845589961644016],[-84.13307293461136,46.84568166165451],[-84.1331263346383,46.84576136166354],[-84.13317193466236,46.845837561672575],[-84.13337013474934,46.8460289616903],[-84.13354563482366,46.84617716170273],[-84.13369833488987,46.846318161715345],[-84.13379773493395,46.84641776172481],[-84.13385853495905,46.84646356172825],[-84.13397293500164,46.84651306172912],[-84.13406463503657,46.84655896173075],[-84.1341562350705,46.84659696173125],[-84.13423993510432,46.84665426173509],[-84.13434693514311,46.8466918617346],[-84.13443833517847,46.84674216173696],[-84.13448403519637,46.84676906173837],[-84.13455293522209,46.84679896173895],[-84.1346368352545,46.84684476174105],[-84.1347437352924,46.846875561739495],[-84.1348352353249,46.84690236173824],[-84.13492693535686,46.84692456173625],[-84.13501833538854,46.846944661734],[-84.13511743542244,46.84696346173105],[-84.13527003547728,46.84701326172974],[-84.13539223551999,46.84704346172723],[-84.13550683556035,46.8470740617252],[-84.13562103559899,46.84709226172131],[-84.13572783563683,46.84712316171979],[-84.13584233567819,46.847161761718986],[-84.13593383570871,46.84717276171529],[-84.13602543574173,46.84720376171471],[-84.13615523578589,46.8472261617105],[-84.13623133581257,46.84724546170902],[-84.1363230358451,46.84727216170771],[-84.13639943587228,46.84729486170671],[-84.13668153596974,46.84735576169955],[-84.13693313605707,46.84741296169353],[-84.13778013636593,46.8477260616919],[-84.13838303659232,46.84800086169867],[-84.13919963690337,46.84840936171338],[-84.13998533721555,46.84890526174328],[-84.14032093734374,46.84907606174982],[-84.14088553754753,46.84926756174604],[-84.14157953777529,46.84932046171349],[-84.14225113800256,46.84942696169047],[-84.14308293830193,46.84970216168386],[-84.14443333878114,46.85009476166484],[-84.1453260391042,46.850404461659956],[-84.14626443943784,46.8506822616475],[-84.1468824396666,46.850937561650376],[-84.14751583992313,46.85137686168058],[-84.14791254010032,46.85178456171974],[-84.14813374021405,46.85213176175995],[-84.14833224032719,46.8525322618096],[-84.14842374041808,46.85302806188017],[-84.14833974044122,46.85342886194647],[-84.14830154044849,46.85358496197257],[-84.14830164047669,46.85381106200722],[-84.14830164051371,46.8541082620527],[-84.14838524061541,46.85471106214012],[-84.14859164075476,46.85530156221842],[-84.14905694096154,46.85577146226313],[-84.14957594119817,46.85634326232024],[-84.15017844148385,46.85709516240004],[-84.15086524181484,46.85799516249757],[-84.1514908421126,46.85878456258173],[-84.1519183423211,46.85936456264547],[-84.1523377425209,46.85989526270212],[-84.15300154284131,46.86076906279692],[-84.15331464301569,46.86136786287027],[-84.15363474319373,46.861977862944855],[-84.15389424334342,46.862515163011864],[-84.15421464352208,46.86312956308712],[-84.15457354368883,46.8635493631303],[-84.15494724385742,46.86394646316922],[-84.15543554405721,46.86430086319481],[-84.1560075442661,46.86451446319396],[-84.15649624443904,46.86465226318641],[-84.15682404458485,46.864983563217855],[-84.15725124477953,46.86545326326469],[-84.1576479449725,46.86598676332309],[-84.15802954514692,46.866410463365554],[-84.15852534537252,46.86695256341945],[-84.15880024553482,46.867551363494925],[-84.15892984566318,46.86824976359425],[-84.15885354569019,46.86866136366165],[-84.15879254573687,46.86919176374641],[-84.15887634583783,46.869786863832545],[-84.15913584598651,46.87031616389836],[-84.15944884615101,46.87083526395939],[-84.15983764632017,46.8711980639921],[-84.16030324651703,46.87158676402429],[-84.16055494665534,46.872052264080715],[-84.16065404673641,46.87244896413562],[-84.16091364688533,46.87297956420156],[-84.16114234702951,46.87355136427568],[-84.16150884721922,46.87413526434349],[-84.16185204738564,46.87459266439334],[-84.16249294768329,46.875341064470206],[-84.1632329480053,46.876031564532454],[-84.16382054825202,46.876508064570864],[-84.16427824843171,46.87677886458545],[-84.16508684876271,46.877366264627874],[-84.16596454911921,46.87798096467038],[-84.1666815494209,46.878567464718024],[-84.16720044963591,46.87896486474836],[-84.16789474995481,46.87974666482722],[-84.16849755026026,46.88065476493075],[-84.16890175045519,46.88118446498801],[-84.16944365072666,46.88197526507716],[-84.17006165100825,46.88265316514458],[-84.17074835131059,46.88332156520651],[-84.17152635164042,46.88397736526115],[-84.17230475198092,46.88471716532855],[-84.17329665240901,46.88561326540739],[-84.17387655268246,46.8863227654818],[-84.17441055292515,46.88690316553921],[-84.174601353047,46.88739186560273],[-84.1747082531477,46.887925365678036],[-84.17472345323934,46.888620265783395],[-84.17475395336231,46.88952716592028],[-84.17495215392542,46.893528866520455],[-84.17503625402716,46.8941283666072],[-84.17531085419192,46.894746266685466],[-84.17557025432933,46.895184566737264],[-84.17600515453002,46.895680966787594],[-84.17649335474329,46.89614216682944],[-84.17701995496698,46.89658876686676],[-84.17752335518603,46.89705736690886],[-84.17816465546441,46.89764936696168],[-84.17897305582025,46.898434567034215],[-84.17968265611619,46.89899196707771],[-84.18034655638976,46.899487867114566],[-84.18103325664298,46.899762167116165],[-84.18193365696108,46.900010467101175],[-84.18252085717252,46.90020456709639],[-84.18304755736808,46.90042616709929],[-84.18401665773527,46.90089186711355],[-84.18535955825394,46.901616367145365],[-84.18659535872952,46.90226906717251],[-84.18772425915898,46.90282596719134],[-84.18944885981904,46.90370736722467],[-84.19043296020187,46.90426026725133],[-84.1911120604613,46.90460346726385],[-84.1919056607548,46.9049277672668],[-84.19267606102417,46.90511786725058],[-84.19328646123071,46.90521326722926],[-84.19369856136834,46.905263667212765],[-84.1939121614398,46.90529026720428],[-84.19407236149368,46.905312867198276],[-84.194652161688,46.905389067175875],[-84.19539996193781,46.90548046714588],[-84.1963307622589,46.905674967120916],[-84.19725406258753,46.9059496671086],[-84.19808556289892,46.90632006711633],[-84.19903166326637,46.90684616714108],[-84.19955056350001,46.90739166719399],[-84.19983286364493,46.907830367244365],[-84.20001596376007,46.90828426730297],[-84.2002601639244,46.908974967394144],[-84.20059576410014,46.909524667458335],[-84.20096206428899,46.91010046752481],[-84.20132066448205,46.91072946759981],[-84.20177066471335,46.911431267680555],[-84.20217526492354,46.91208026775584],[-84.20250316509352,46.912603167816464],[-84.2026939652269,46.91318286789378],[-84.20277036531002,46.91365206796096],[-84.2027017653397,46.914063468027834],[-84.20258726535623,46.91448746809929],[-84.20240416535474,46.914941468179435],[-84.20225136536192,46.91538796825656],[-84.20218296540081,46.915872368334576],[-84.20227446547528,46.916234268384486],[-84.20251876562341,46.91679556845585],[-84.20293046581003,46.917237468499145],[-84.20337306601043,46.91771106854541],[-84.20404476632098,46.91848096862351],[-84.20456336654563,46.91895456866529],[-84.2050973667736,46.9194153687043],[-84.20577636703743,46.91979356872212],[-84.20652446731513,46.920106668725914],[-84.20734786762293,46.92046836873274],[-84.20785166782697,46.92081516875608],[-84.2083248680324,46.921250868794736],[-84.20850776812358,46.92151356882408],[-84.2085460681474,46.92160586883593],[-84.20860706817156,46.92164346883808],[-84.20862226818454,46.9217082688471],[-84.20862996819133,46.92174306885193],[-84.20865286821007,46.9218346688646],[-84.20867566823208,46.9219521688812],[-84.20868356823992,46.92199456888722],[-84.20867566825461,46.92213206890869],[-84.20862996825433,46.9222458689287],[-84.20858436825797,46.922391168953595],[-84.20852296825369,46.922513168975826],[-84.20848486825157,46.92259306899026],[-84.20840876823985,46.92269316901002],[-84.20832476823067,46.92283376903643],[-84.20827896823187,46.922959969058404],[-84.20808816821302,46.92329486912075],[-84.20791276818015,46.923478669159124],[-84.20786696817697,46.92356996917576],[-84.20776786816309,46.923711169203116],[-84.20769906815448,46.923817669223446],[-84.20755416813118,46.9240004692599],[-84.20743206810806,46.924126669286345],[-84.20733296809516,46.92427576931493],[-84.20720336807729,46.92446266935111],[-84.20711946806578,46.92458426937459],[-84.20704306805719,46.92471026939829],[-84.20698956805599,46.924836569420776],[-84.20688276804147,46.924992569450865],[-84.20678356802998,46.92515296948116],[-84.20668446801943,46.92532096951265],[-84.20668416802597,46.92537396952074],[-84.20662336802904,46.92555336955169],[-84.20655466803304,46.925759969587276],[-84.2065012680303,46.925873969607814],[-84.20644786803393,46.92603856963611],[-84.20640226803604,46.926171569659076],[-84.20636406804968,46.92637756969279],[-84.20633326804996,46.92645806970692],[-84.2063104680718,46.92669046974369],[-84.20624966807677,46.92688456977693],[-84.20619636808699,46.92710216981328],[-84.20615796810068,46.9273089698471],[-84.20608166810739,46.927556469889375],[-84.2060357681166,46.92774666992112],[-84.20597476813982,46.92808716997669],[-84.20593656815439,46.928300670011495],[-84.20587566815648,46.928472170041275],[-84.20581446816368,46.92868547007743],[-84.20575346816432,46.92884587010553],[-84.20566996815455,46.92897987013091],[-84.20557806815528,46.929219770172914],[-84.2055321681573,46.92935257019583],[-84.20547136815802,46.929512970223925],[-84.20537966814899,46.92967417025391],[-84.20528026813821,46.929841170285286],[-84.20519686812844,46.92997517031065],[-84.20508216811045,46.930123370339984],[-84.20486866807441,46.93037917039164],[-84.2047159680515,46.930584870431986],[-84.20455566801435,46.930696170458425],[-84.20435706797446,46.93088287049857],[-84.2041663679284,46.93100067052778],[-84.20405986790213,46.931062170543434],[-84.20391486786787,46.931157370566474],[-84.20377756783274,46.931226470585116],[-84.20364016779752,46.931294670603585],[-84.2033883677326,46.93141737063714],[-84.20322036769089,46.93151207066147],[-84.2030602676494,46.9315885706826],[-84.20283146759128,46.93170637071403],[-84.20267116755356,46.93181327073975],[-84.20248806750907,46.93192407076747],[-84.2022972674678,46.93208017080249],[-84.20215986743939,46.93220327082934],[-84.20205316741975,46.93231787085314],[-84.20193876739664,46.93242437087614],[-84.20185486738414,46.93253807089842],[-84.20173276736539,46.93269897093014],[-84.20164116735482,46.93284787095824],[-84.2015418673465,46.93303397099249],[-84.20143506734256,46.93327437103546],[-84.20137406734459,46.93344587106525],[-84.20124426732865,46.93364857110381],[-84.20116066731866,46.93378147112902],[-84.20113746733809,46.9339958711631],[-84.201084167346,46.93419427119655],[-84.20107636736496,46.934365471223096],[-84.20106886737699,46.9344803712411],[-84.20107676740666,46.93469727127374],[-84.20103846741029,46.93482327129525],[-84.20101536742962,46.935036471329106],[-84.20101536746027,46.93528097136644],[-84.20103076748765,46.935460171392876],[-84.20105356756862,46.936047971481244],[-84.2010840675942,46.936174171498735],[-84.20110756762419,46.93635367152475],[-84.2011379676567,46.93653597155079],[-84.20112236767862,46.93675027158439],[-84.20111476770202,46.936956371616304],[-84.20115276775041,46.93724557165822],[-84.20121376779713,46.93746327168786],[-84.20125996784591,46.9377344717265],[-84.20129786788758,46.93797047176027],[-84.20133596793032,46.93821457179531],[-84.20136666796839,46.938439871827896],[-84.20140446800765,46.938657071858835],[-84.20142736804893,46.93892777189879],[-84.20145796808266,46.93911897192618],[-84.20149586812623,46.93936997196225],[-84.20155706817063,46.939568471988885],[-84.2015953682078,46.9397676720171],[-84.20163356825387,46.94003777205602],[-84.2016184682831,46.94030927209834],[-84.20162576829682,46.9404002721118],[-84.20162586830784,46.94048797212516],[-84.2016333683218,46.94057997213876],[-84.20160296831884,46.94063377214879],[-84.20154956831271,46.94072077216518],[-84.20148846830332,46.94080117218104],[-84.20138936828506,46.94090747220312],[-84.20126746826496,46.94105727223312],[-84.20120636825739,46.94115217225122],[-84.20109946823906,46.94127777227667],[-84.20096966821731,46.9414344723082],[-84.20087046820377,46.941578972336124],[-84.20077116818743,46.94170097236055],[-84.20071786818488,46.941816072381265],[-84.20061106817084,46.941975472411855],[-84.20055776817303,46.94212877243841],[-84.20045076816672,46.942350272478514],[-84.20040506817115,46.94250207250433],[-84.20032866817363,46.94271577254145],[-84.20027526818245,46.94292197257603],[-84.20025266820537,46.94316227261407],[-84.20022986821537,46.943300072636426],[-84.20021426822035,46.94337927264946],[-84.20019916823901,46.94356647267886],[-84.20020666825718,46.943692272697604],[-84.20022966828417,46.9438490727202],[-84.2002296683042,46.94400887274457],[-84.20027536833369,46.94412787276003],[-84.2004280684077,46.94432957278187],[-84.2004967684493,46.944486172801696],[-84.20049656847162,46.94466507282898],[-84.20050426849907,46.9448640728589],[-84.20050456853077,46.945115972897334],[-84.20048896853669,46.94520307291152],[-84.20048906855594,46.94535607293486],[-84.20044336856284,46.945527172963644],[-84.20038226855687,46.94563467298366],[-84.20039006858272,46.945821173011645],[-84.20034436858155,46.94592827303071],[-84.20025276857389,46.94609967306224],[-84.20023716857898,46.94617987307542],[-84.20018376858866,46.94639287311102],[-84.20016856862127,46.94669137315745],[-84.2001609686379,46.94684347318114],[-84.20019916866255,46.94694277319404],[-84.20024476869523,46.94708747321337],[-84.20029846872727,46.9472063732284],[-84.2003591687604,46.947316073241566],[-84.2005347688509,46.94759127327324],[-84.20064166889986,46.94770977328501],[-84.200809468973,46.94786597329895],[-84.20094676903211,46.947988073309496],[-84.2011833691262,46.94813657331827],[-84.20148076924019,46.94828947332408],[-84.20164876930772,46.94840047333114],[-84.20176316934887,46.94843777333006],[-84.20201486944494,46.94856347333446],[-84.2022133695154,46.948620873331535],[-84.2024190695882,46.94867807332816],[-84.2026253696626,46.948746573326474],[-84.20280836972539,46.948781973321125],[-84.20302976980551,46.94885787331961],[-84.2032663698862,46.94889957331211],[-84.20349496996099,46.94891457330091],[-84.20378487005777,46.94894927328916],[-84.2039986701289,46.948972373280114],[-84.2042653702177,46.949002273268945],[-84.20440297026202,46.94900617326146],[-84.20450217029318,46.94900227325501],[-84.20469297035447,46.94900577324431],[-84.20493707043093,46.94899457322826],[-84.20509737048265,46.948999273219535],[-84.20528077053918,46.9489838732064],[-84.20554757062374,46.94897967319009],[-84.20576907069449,46.948980473177166],[-84.20602047077597,46.94899117316396],[-84.20645557091422,46.948987173137766],[-84.20660817096527,46.94900627313166],[-84.20673777100954,46.94902957312762],[-84.20686737105564,46.949067673125846],[-84.20703537111122,46.949083373118306],[-84.20721087116948,46.949101973110835],[-84.20732537121125,46.949143673110456],[-84.20754687128671,46.949182373103326],[-84.20764567132106,46.94920457310089],[-84.2078820714108,46.94931937310451],[-84.2081797715201,46.949433573104386],[-84.2083018715682,46.949506573108316],[-84.2083935716056,46.94957167311288],[-84.20856147167112,46.94966707311755],[-84.20871367172812,46.9497346731189],[-84.20900397183848,46.949876173123414],[-84.20927837193939,46.94998317312356],[-84.20946917201655,46.9501128731321],[-84.20973627211842,46.950245973136724],[-84.20997287220587,46.95034167313738],[-84.21033157233792,46.950482473137725],[-84.21051447240156,46.950524573133414],[-84.21068987246377,46.95057467313076],[-84.21077377249375,46.95060047312969],[-84.21085797252454,46.95063187312954],[-84.21096507256158,46.950654973126774],[-84.21107157259883,46.95068097312446],[-84.21113257262076,46.950700673123876],[-84.21122397265465,46.950738773124286],[-84.21137677270721,46.950769073119965],[-84.2114835727451,46.95079977311835],[-84.21157517277813,46.95082997311757],[-84.21167427281362,46.950861073116485],[-84.21178097285093,46.95088727311418],[-84.21187277288315,46.95091067311231],[-84.21196397291457,46.95092937310978],[-84.21204037294137,46.95094867310828],[-84.2121318729743,46.95097857310747],[-84.21223107300987,46.95100967310636],[-84.21236097305602,46.951047473104445],[-84.21255947312075,46.951058773094545],[-84.21263537314775,46.95108147309352],[-84.21271937317694,46.95110047309148],[-84.21281867321248,46.95113147309034],[-84.21293297325616,46.9511889730924],[-84.21303997329359,46.95121517309009],[-84.21315427333627,46.95126487309091],[-84.21321527336146,46.95131037309425],[-84.2132842733883,46.95134897309614],[-84.21336807342217,46.95140617309986],[-84.21343667344838,46.951440573101095],[-84.21351317347994,46.951497773105324],[-84.21359677351562,46.951569673111386],[-84.21365027353747,46.951607573114025],[-84.21372677356904,46.95166497311829],[-84.21378767359519,46.95171847312282],[-84.21381047360971,46.95177627313028],[-84.21386387363489,46.951841173137076],[-84.21393267367016,46.95194717314916],[-84.21399347370004,46.952030973158394],[-84.21403937372529,46.95211517316853],[-84.21409287375246,46.952195973177695],[-84.2141157737699,46.9522763731886],[-84.2141386737885,46.952366673201034],[-84.21414647380114,46.95244747321293],[-84.21415387381256,46.95251957322346],[-84.2141767738337,46.95262997323898],[-84.21416907384953,46.952775273261565],[-84.21416157386392,46.95290937328243],[-84.21415387387482,46.95301547329911],[-84.21415387388404,46.953088873310264],[-84.21413087388764,46.9531758733249],[-84.21410037388699,46.953248573337824],[-84.21408507388546,46.953274873342735],[-84.21405497389165,46.95340067336366],[-84.21400117388696,46.953499973381966],[-84.21395577388688,46.953614973402175],[-84.21392497388706,46.95369447341613],[-84.21386387387632,46.95376397343034],[-84.21379527386439,46.95384337344648],[-84.21371137385007,46.953942373466504],[-84.21359707382805,46.954057373490755],[-84.21345177379803,46.9541870735191],[-84.21326127375353,46.954316373550064],[-84.21314677372708,46.954396973569075],[-84.21296357367686,46.95446197358978],[-84.21282617364159,46.954529873608195],[-84.21268907360792,46.95461007362852],[-84.212551573576,46.95470497365111],[-84.21236847353053,46.95480817367765],[-84.21220067348906,46.95490397370213],[-84.21202527344707,46.9550147737293],[-84.21188027341174,46.955101973751134],[-84.21171237336783,46.95517887377277],[-84.21156747332937,46.95524007379063],[-84.21146057330284,46.95530067380615],[-84.21107137320313,46.95549487385868],[-84.210880673152,46.9555721738817],[-84.21075847312395,46.955658873902166],[-84.21062117309462,46.955774073927785],[-84.21049917306755,46.95586857394937],[-84.21038467304119,46.95594937396842],[-84.21019397299577,46.95607177399831],[-84.21005657296571,46.95618147402313],[-84.20997277295002,46.95626917404145],[-84.2098658729318,46.9563959740671],[-84.20976687291557,46.95651797409152],[-84.2096680729042,46.95667827412179],[-84.20960647290028,46.95680377414456],[-84.20951517289991,46.9570324741848],[-84.20949207291167,46.95718497420943],[-84.20948437293649,46.95740227424301],[-84.20947667294512,46.95749027425688],[-84.20946917296098,46.957635574279514],[-84.20947667297476,46.95772637429288],[-84.20949967299802,46.95785317431089],[-84.20949967302865,46.958097074348075],[-84.20953007306511,46.958310074378794],[-84.2096065731159,46.95852057440637],[-84.20971337319357,46.95886737445295],[-84.20972857321088,46.95896707446729],[-84.20982797326413,46.959138574487554],[-84.20993477331535,46.95927507450209],[-84.20999557334727,46.95937497451375],[-84.21001087335448,46.95939337451565],[-84.21003397337911,46.95953107453531],[-84.21010257341828,46.95966867455222],[-84.21018627345741,46.95976757456239],[-84.2102396734826,46.959832474569176],[-84.21028567350542,46.95989737457634],[-84.21036227354473,46.9600158745899],[-84.21039227356236,46.960080174597955],[-84.21046887359597,46.96015337460457],[-84.21054517362936,46.9602254746111],[-84.21069017370013,46.9604204746323],[-84.210766573736,46.960511974641754],[-84.21085807377752,46.96061027465135],[-84.21092647381138,46.96070637466198],[-84.21100267384575,46.96078637466967],[-84.21104127386387,46.960832674674464],[-84.21109437388554,46.96087037467709],[-84.21114027390833,46.96093547468435],[-84.21121657394079,46.96099977468962],[-84.2112620739653,46.96107947469912],[-84.21130037398329,46.96112567470389],[-84.21137667401908,46.96121687471329],[-84.21139967403226,46.96126347471905],[-84.21147587406607,46.96133887472609],[-84.21154467409964,46.96143147473616],[-84.21159777412558,46.96150317474396],[-84.21164397415185,46.96159507475521],[-84.21166657416481,46.96164067476086],[-84.21171997418996,46.96170567476763],[-84.2117659742128,46.96177067477483],[-84.21182677424373,46.96186227478519],[-84.21188017426978,46.96193407479299],[-84.21191057428865,46.96200737480244],[-84.21194877430989,46.96207937481114],[-84.2120098743385,46.9621518748186],[-84.21204807435973,46.96222407482733],[-84.2120785743787,46.96229747483674],[-84.21211677440236,46.962388874848415],[-84.21216247442929,46.96248737486078],[-84.21222347446269,46.96259817487409],[-84.21226167448307,46.96266347488176],[-84.21228467450193,46.962755074894396],[-84.21233787453707,46.962899974913356],[-84.21240657458047,46.963071174935415],[-84.21247537462634,46.96326157496034],[-84.21251337464867,46.96334267497052],[-84.2125594746782,46.96346057498576],[-84.21262017471713,46.96361637500596],[-84.21265067473833,46.963707775018065],[-84.21268907476401,46.96381477503214],[-84.21273467479354,46.96393387504761],[-84.21276547481385,46.96401737505854],[-84.21278817483017,46.96408977506822],[-84.21282637485339,46.96417757507936],[-84.21285687487698,46.96428807509442],[-84.21289487489918,46.96436807510441],[-84.21291787491701,46.964451775115755],[-84.21294097493691,46.9645512751296],[-84.21295597495502,46.96465767514495],[-84.21297857497137,46.96473027515468],[-84.21298657498885,46.964849175172354],[-84.21299407500028,46.9649208751828],[-84.21302477503271,46.9651012752085],[-84.21303997506818,46.96534497524476],[-84.21308567513164,46.96573397530141],[-84.21313137516864,46.96591267532597],[-84.2131390751837,46.96601277534076],[-84.21308577519403,46.966230175377035],[-84.21307027520002,46.966317375391256],[-84.21303237520715,46.966470275416775],[-84.21300157521213,46.96658797543655],[-84.2129329752066,46.96671817546046],[-84.21287197520529,46.966862775486085],[-84.21278817519062,46.966958475505585],[-84.21270427517732,46.967065475526866],[-84.21254427514835,46.96724097556305],[-84.21238387511823,46.967408675598016],[-84.21214757506009,46.96754567563282],[-84.21163607492716,46.96778617569963],[-84.21149097488718,46.96783637571579],[-84.21133077484558,46.96791167573676],[-84.21113997479009,46.96795427575446],[-84.21083477470327,46.96803817578521],[-84.21058317463111,46.96810257580983],[-84.21035417456439,46.96815287583097],[-84.21002637446992,46.96823297586253],[-84.20982017441463,46.9683165758874],[-84.20959887435274,46.96838557591095],[-84.20930127426453,46.96843907593662],[-84.2090419741831,46.968449575953514],[-84.20880567411069,46.968473075971005],[-84.2084163739923,46.96851897600091],[-84.20823307393758,46.968548776016235],[-84.20803487387832,46.96858027603274],[-84.20772967379152,46.968664276063535],[-84.20746257371533,46.96873567609011],[-84.20721857364813,46.96882037611739],[-84.2069663735748,46.968876776140846],[-84.20671487350756,46.968980576171454],[-84.20636357341613,46.969144576217175],[-84.20618847336843,46.9692091762373],[-84.20603587332829,46.9692773762567],[-84.2058144732664,46.96934667628029],[-84.20566197322832,46.96943087630211],[-84.20547127318517,46.96957127633476],[-84.20531127314707,46.96967467635994],[-84.2051049731034,46.96985037639888],[-84.20488367304898,46.969979276431545],[-84.20473117301573,46.970101776459174],[-84.20444877295051,46.970299776506],[-84.20417417289607,46.97056377656243],[-84.20400617285925,46.970696876592584],[-84.20388427283476,46.97081147661724],[-84.20376997280692,46.97088017663442],[-84.20367817278529,46.970941076649176],[-84.2035408727544,46.97104387667291],[-84.20342637273228,46.97115847669712],[-84.20329687270306,46.97125437671934],[-84.20306057264632,46.971402876755924],[-84.2028846726041,46.97151337678311],[-84.20266337255462,46.97168157682176],[-84.2025337725228,46.97175707684093],[-84.20238117248715,46.9718606768657],[-84.20194627238342,46.97213937693381],[-84.20168687232022,46.97229497697277],[-84.2014732722674,46.9724167770039],[-84.20122907220437,46.972535077036326],[-84.20105357216045,46.97263107706132],[-84.20086287211157,46.97272647708705],[-84.20070267206869,46.97279167710642],[-84.20052707202363,46.97287877713006],[-84.20033647197342,46.97296297715413],[-84.20008467190837,46.97308457718748],[-84.1998787718557,46.97318817721539],[-84.19973377181803,46.973256377234314],[-84.19955787176919,46.97331417725352],[-84.19936747171562,46.97337127727342],[-84.19916907166188,46.97344767729671],[-84.19894007159502,46.97349687731771],[-84.19870367152679,46.97355397734034],[-84.1983143714136,46.97364157737658],[-84.19815447136799,46.9736841773925],[-84.19787947129072,46.973767377421396],[-84.19768897123949,46.97384357744419],[-84.19742937117302,46.973973477479326],[-84.19723867112509,46.97407647750623],[-84.19699467106888,46.97424867754684],[-84.19697177106495,46.97427527755225],[-84.19674287102215,46.97451557760234],[-84.1967350710215,46.974530477605065],[-84.19652907097445,46.974679077639884],[-84.19637667094023,46.974793577666304],[-84.19622387090205,46.97487777768815],[-84.19613257088068,46.974939077702835],[-84.19598007084296,46.97502627772511],[-84.19587307081754,46.975095677742004],[-84.19562887075152,46.97519027777076],[-84.19553747072867,46.975240277783804],[-84.19540007069106,46.97528997779944],[-84.19528557065875,46.97532357781128],[-84.19516337062414,46.97535847782381],[-84.19505677059307,46.97538167783362],[-84.19487347053834,46.97541157784898],[-84.19475157050142,46.975427377858594],[-84.1946063704579,46.9754493778705],[-84.19446137041353,46.97546477788138],[-84.19427847035487,46.97546197789171],[-84.19420217033047,46.97546187789616],[-84.19408027028966,46.975446177900956],[-84.19397337025545,46.975445677907175],[-84.19375197018292,46.975430477917875],[-84.19366057015242,46.975419577921585],[-84.19349267009744,46.97540847792979],[-84.1932562700186,46.975381277939576],[-84.19318726999558,46.9753731779424],[-84.1930350699409,46.97532447794397],[-84.19283626987207,46.975281677949106],[-84.19272206983423,46.975270277954095],[-84.19260756979388,46.975239777956205],[-84.19249316975268,46.975202177957165],[-84.19236326970643,46.97516427795904],[-84.19227186967241,46.975125377958506],[-84.19215756963068,46.97508357795889],[-84.19205056959323,46.97505727796118],[-84.19182926951257,46.97497687796196],[-84.19171476947122,46.97493847796278],[-84.19158516942504,46.97490037796461],[-84.19147856938875,46.97488207796814],[-84.19137896935308,46.974850977969254],[-84.19128756932153,46.97483227797179],[-84.19118086928363,46.97480147797332],[-84.19111976926183,46.974783077974124],[-84.1909899692165,46.974751677976975],[-84.19092126919226,46.974733377978254],[-84.1906237690882,46.97466057798468],[-84.19050946904932,46.97464127798845],[-84.19021926894757,46.974568377994395],[-84.18998266887166,46.9745648780078],[-84.18969286877825,46.97455747802376],[-84.18936476867837,46.97459557804886],[-84.1891816686237,46.97462547806422],[-84.18893776855552,46.97470197809022],[-84.18880756851881,46.97474047810376],[-84.18860186846608,46.97484297813146],[-84.18842646842361,46.974950278158175],[-84.18819746837015,46.975106178195404],[-84.18800716832759,46.975251078228695],[-84.18787706830396,46.97539317825803],[-84.18777786829044,46.97553767828586],[-84.18769366827901,46.975660378309534],[-84.18762516826953,46.97575907832866],[-84.18757956826703,46.97585457834587],[-84.18751846826426,46.97598797836978],[-84.18748036826892,46.97612177839244],[-84.18744986827262,46.97622837841047],[-84.18740416827528,46.97636557843405],[-84.1873963682929,46.97652597845899],[-84.18736586829995,46.9766593784811],[-84.18729716830386,46.976864878516466],[-84.18715226829121,46.97713217856576],[-84.1869537682758,46.9775136786356],[-84.18690816827565,46.977628378655744],[-84.18681646826649,46.977788278685544],[-84.18671726825164,46.97792167871169],[-84.18665626824992,46.978062978736844],[-84.18661036824865,46.97816977875584],[-84.18654176823922,46.97826857877492],[-84.1864579682235,46.97835637879326],[-84.18633586819995,46.978479078819106],[-84.18620656817401,46.97860067884527],[-84.18606116814199,46.97871517887126],[-84.18594686811566,46.97879577889032],[-84.18585506809488,46.97886367890605],[-84.18574836806715,46.978913978920005],[-84.18561126803192,46.97898187893839],[-84.18548146799594,46.97902477895261],[-84.18522186792505,46.97911977898236],[-84.1850464678762,46.979176379001316],[-84.18479486780997,46.979288179033176],[-84.18458106775368,46.979382879060175],[-84.18437496769697,46.979455079083344],[-84.18415396763372,46.97951287910514],[-84.18384086754435,46.97959697913637],[-84.18342916742974,46.97972997918088],[-84.18297866729604,46.97980997921961],[-84.18294066728586,46.97982567922424],[-84.18271176722142,46.979893779248044],[-84.18245996715018,46.97996617927393],[-84.1821241670521,46.980038479304724],[-84.18194876700143,46.98008047932146],[-84.18167416692113,46.980138779346476],[-84.18144546685194,46.98016877936454],[-84.18119396677407,46.98018807938225],[-84.18095696670326,46.98022617940205],[-84.18066706661364,46.980248879422575],[-84.18043826654299,46.980267679438846],[-84.18016336645479,46.9802639794545],[-84.17992686637935,46.98026387946837],[-84.17977406633152,46.98027147947851],[-84.17946916623909,46.980310179502375],[-84.17932406619319,46.98031327951139],[-84.17918676615139,46.980329379521905],[-84.17900356609573,46.98035137953604],[-84.17889706606465,46.98037457954588],[-84.17873676601646,46.980398179558904],[-84.17856136596902,46.98046597957956],[-84.17841626592902,46.98051617959572],[-84.17827126589032,46.980576579613476],[-84.1781340658528,46.98062637962919],[-84.17804246582888,46.98066827964094],[-84.17785166577852,46.98075237966498],[-84.17776006575502,46.98079767967727],[-84.1776913657374,46.980832179686544],[-84.1775311656969,46.98091647970885],[-84.17725646562788,46.98106477974761],[-84.17714966560433,46.981148779766706],[-84.17706596558682,46.98122197978282],[-84.17694386556073,46.981324379805606],[-84.1768749655479,46.98139707982073],[-84.17679116552878,46.98145797983493],[-84.17666906550284,46.98156147985793],[-84.17655466547734,46.98164897987801],[-84.17648586546296,46.98170937989126],[-84.17630276542909,46.98190477993182],[-84.17621886541335,46.98199257995008],[-84.17612726539504,46.98207957996874],[-84.17605876538089,46.98214087998216],[-84.17595946536035,46.98222948000146],[-84.17586056534067,46.98232418002177],[-84.17572306530873,46.98241918004433],[-84.17564666529208,46.98248078005818],[-84.17554736526951,46.98255328007506],[-84.17547886525385,46.98260248008664],[-84.17539496523374,46.98265548009962],[-84.17528816520735,46.98271688011527],[-84.17512766516093,46.98275498013055],[-84.17502096513462,46.98281668014625],[-84.17493696511546,46.982877280160416],[-84.17474646507088,46.98300638019128],[-84.17463946504927,46.983106280212816],[-84.17457086503359,46.983155380224346],[-84.17450216501933,46.98321678023774],[-84.17444866500699,46.98325428024662],[-84.17431916497868,46.98335798026998],[-84.17412826494076,46.98354108030916],[-84.1739147649048,46.98379678036071],[-84.17373926487313,46.98399058040055],[-84.17360956484859,46.98412468042867],[-84.17250306465276,46.98537608068452],[-84.17238106463348,46.98553238071548],[-84.17221316460521,46.98573388075605],[-84.17203786458053,46.98598288080433],[-84.17182416455017,46.986283580862775],[-84.17169426453314,46.98647838090007],[-84.1715799645211,46.98667278093641],[-84.17141236449874,46.986920480984075],[-84.17125186447535,46.98714198102724],[-84.17117566448273,46.98739388107016],[-84.17103086446863,46.98764988111766],[-84.17090106446403,46.98794258116994],[-84.17077886446206,46.98823738122208],[-84.17060336445105,46.98859548128695],[-84.1704201644372,46.98895038135181],[-84.17035926444218,46.989144481384955],[-84.1702982644376,46.989263181406685],[-84.17021446443538,46.989457981441255],[-84.17016086443935,46.98962578147003],[-84.17010026444487,46.98982338150369],[-84.16999296444757,46.99011758155483],[-84.1698708644479,46.99043028160967],[-84.16968776445997,46.990991181705944],[-84.16952756447117,46.99148708179093],[-84.1693295644838,46.9920902818945],[-84.16910026450161,46.9928140820183],[-84.16904696451489,46.99305518205815],[-84.16897056451161,46.993223082088235],[-84.1689247645176,46.993387082115916],[-84.16886396452743,46.99361938215495],[-84.16878756452509,46.99379478218614],[-84.16875686453008,46.99391258220593],[-84.16867306453123,46.9941343822446],[-84.16860436452856,46.99428738227198],[-84.1684978645165,46.99446188230483],[-84.16844416451863,46.994615382331396],[-84.16835276451059,46.99478328236238],[-84.16825336449561,46.99491668238854],[-84.16819236449386,46.99505768241358],[-84.16807806447325,46.995183482439515],[-84.16797876446108,46.995339282469075],[-84.16789496444937,46.99545858249217],[-84.16777266442567,46.99558028251793],[-84.16764296440533,46.995747882551115],[-84.16750586438269,46.99591598258479],[-84.16742196437035,46.99603078260723],[-84.16726946433789,46.99615988263586],[-84.16708606430147,46.9963359826735],[-84.1669716642808,46.99646168269942],[-84.16662066420136,46.996721182759565],[-84.16619316410235,46.99701888283012],[-84.16573556399165,46.99730028289988],[-84.16549166393025,46.99743098293415],[-84.16519386385474,46.997586382975406],[-84.16477416374092,46.99774648302449],[-84.1644538636545,46.99787238306254],[-84.16399616353536,46.99808648312209],[-84.16338556337254,46.998341783196906],[-84.16266846317531,46.998593383277466],[-84.15857136206175,47.00013858375392],[-84.15482516104197,47.001539084187804],[-84.15167406018801,47.0027475845573],[-84.15148336013581,47.00281688457909],[-84.1513078600903,47.00290048460212],[-84.15121626006635,47.002942384613945],[-84.15106366002621,47.003010784633304],[-84.15090335998704,47.003106284657285],[-84.15072785994398,47.0032090846833],[-84.15059055991021,47.00328928470356],[-84.15034645985051,47.00343438474007],[-84.15018635980904,47.00351078476108],[-84.1500335597722,47.00360598478462],[-84.14992685974927,47.00369458480437],[-84.14977415971393,47.00380108482959],[-84.14967515969427,47.00389608484988],[-84.14956845966795,47.00395758486553],[-84.14936255962185,47.00411398490147],[-84.14924035959572,47.00421618492424],[-84.14913335956932,47.00427798493996],[-84.14900395954004,47.0043735849621],[-84.14884345950067,47.00446798498595],[-84.14870635946654,47.00454488500576],[-84.14862205944868,47.00461698502169],[-84.14847725941199,47.004692885041734],[-84.14831715937203,47.0047816850647],[-84.14808045931134,47.00489958509661],[-84.14793535927357,47.0049676851155],[-84.14770655921447,47.00507858514589],[-84.14754635917096,47.00513958516455],[-84.14735555912058,47.005223285188535],[-84.1471417590644,47.00531918521576],[-84.14680635897163,47.005432985252824],[-84.14565405865797,47.005864185386294],[-84.14376195813733,47.006528085598745],[-84.1399930571023,47.00786678602443],[-84.1361170560389,47.00925228646346],[-84.13482755568224,47.00969028660609],[-84.13406455547461,47.00997668669458],[-84.13353825532859,47.01015198675227],[-84.13314145521863,47.010285486795894],[-84.13264575508146,47.01045318685061],[-84.13190575487444,47.010686086929624],[-84.13135605471857,47.01084278698583],[-84.13098215461306,47.01095318702461],[-84.13062385451124,47.01105308706093],[-84.13034135443101,47.011132587089676],[-84.12989125430079,47.01123978713247],[-84.1295938542163,47.01132318716267],[-84.12923525411428,47.0114228871989],[-84.1287699539744,47.01149188723678],[-84.12845695388017,47.01153748726214],[-84.12815155378837,47.011582987287056],[-84.12773965366348,47.01163598731932],[-84.12730495352577,47.01164438734617],[-84.1268925533959,47.011659087372685],[-84.1262365531912,47.011697187417035],[-84.1252827528915,47.01173578747906],[-84.12474165272249,47.011766187515455],[-84.12428325258041,47.01180008754758],[-84.12383335244013,47.01182728757821],[-84.12297855217003,47.01185028763197],[-84.12216985191456,47.01187248768289],[-84.12160565173832,47.0119035877208],[-84.12113215158801,47.01191078774972],[-84.12055225140327,47.011914287784386],[-84.11993425120589,47.011914287820716],[-84.11946165105701,47.01193038785096],[-84.11894245089641,47.011971687887794],[-84.11843885074666,47.012059687930744],[-84.1177904505535,47.01217088798585],[-84.11734785042071,47.01223898802222],[-84.11696645031242,47.012346188060974],[-84.11652405018211,47.012433588100286],[-84.11613475007029,47.01253308813837],[-84.11568484994424,47.012673688186254],[-84.11528024982844,47.01278018822622],[-84.11485314971893,47.01299428828399],[-84.11452484963232,47.01313938832542],[-84.11432644958093,47.01323488835162],[-84.1140137495002,47.013387288393204],[-84.11367054941556,47.013585688443584],[-84.11342654936304,47.01378798848877],[-84.11304494927714,47.014073988554806],[-84.1127548492051,47.01423828859688],[-84.11234284910944,47.01452398866462],[-84.11180894899168,47.01494368875996],[-84.1114960489176,47.01514988880976],[-84.11129734886376,47.01522628883309],[-84.11093124876588,47.01537798887774],[-84.11035154862107,47.01569858896059],[-84.10987084848527,47.01583988901044],[-84.10946654837291,47.01597348905454],[-84.10914614828303,47.016072289088406],[-84.10886374820102,47.01613738911495],[-84.10858164812147,47.016221389144285],[-84.10810094798765,47.0163784891965],[-84.10701734769133,47.01677468932057],[-84.10620834747313,47.01709468941687],[-84.10523974720753,47.017442789526825],[-84.10442344698224,47.01772478961779],[-84.10433184695867,47.01777018963007],[-84.10411014689694,47.01784248965413],[-84.1038967468374,47.01791118967711],[-84.10373634679337,47.01796828969523],[-84.10348454672598,47.01807198972584],[-84.10327874666984,47.01814848974963],[-84.10315664663794,47.01820488976542],[-84.10305004661151,47.01826588978092],[-84.1028742465683,47.01836868980696],[-84.10273704653315,47.01843788982555],[-84.10248514646655,47.01854798985709],[-84.10231724642831,47.018670589885645],[-84.10222574640677,47.01873168990035],[-84.10211134637879,47.0187999899175],[-84.1020045463548,47.01888028993599],[-84.10186724632725,47.01901018996385],[-84.10174534630032,47.01910578998558],[-84.10168414628889,47.01917038999898],[-84.10164624628442,47.0192311900105],[-84.10148584625526,47.01940659004665],[-84.10141724624341,47.019486990062944],[-84.10131824622955,47.01962809009025],[-84.10126454622588,47.019735490109774],[-84.10120354622168,47.019857290131895],[-84.10116554622444,47.01997549015217],[-84.10112734622082,47.02004379016483],[-84.10106624621616,47.02016249018648],[-84.10102034621258,47.02025039020254],[-84.10098974622284,47.02040979022866],[-84.10096684622708,47.02050159024402],[-84.10095914624469,47.020661490268786],[-84.1009669462722,47.02086049029864],[-84.10084494656067,47.02346579070275],[-84.10082934659785,47.023801490754785],[-84.10082194661139,47.02392769077446],[-84.10080694662189,47.02404949079388],[-84.10076844662682,47.02418669081701],[-84.10077574664594,47.024320290836975],[-84.1007456466473,47.024407690852044],[-84.1007381466608,47.02453399087168],[-84.10073014667216,47.02464459088905],[-84.1007611466979,47.02477079090645],[-84.10084474675088,47.02497989093338],[-84.10088304676984,47.025033190939254],[-84.10092884679848,47.02514459095351],[-84.10097464682552,47.025243090965795],[-84.10103564685747,47.02534269097738],[-84.10111184689575,47.02545329098977],[-84.10117274692333,47.0255180909961],[-84.10124934695601,47.0255832910015],[-84.10129504697964,47.02565529100979],[-84.10138674701955,47.02573929101718],[-84.10147054705688,47.025823591025095],[-84.10153144708447,47.0258883910314],[-84.10164614714064,47.02604389104833],[-84.1017681471969,47.026181091062064],[-84.1018441472318,47.02626579107049],[-84.1019816472929,47.026402491083196],[-84.10208094734105,47.02653269109721],[-84.10216504738034,47.026631691107376],[-84.10226374742484,47.02673469111723],[-84.10237854747635,47.02685309112855],[-84.10248504752673,47.02698299114206],[-84.10259994757394,47.02706639114799],[-84.10269874761605,47.02715039115499],[-84.10276004764714,47.02724209116534],[-84.10283664768646,47.02736029117888],[-84.10289724772322,47.027498291196316],[-84.10296604775671,47.0275898912062],[-84.10301924778365,47.027669191215175],[-84.10304984780736,47.02778009123027],[-84.10307274782134,47.02783329123704],[-84.10311844784997,47.02794439125123],[-84.10316424788128,47.02807699126876],[-84.10317964790455,47.02822299129007],[-84.10321754793631,47.028379391311645],[-84.10319474795004,47.02854659133848],[-84.1031718480142,47.02911519142641],[-84.10315664819508,47.03059179165219],[-84.1031719482123,47.03069019166629],[-84.10315664822676,47.03084369169058],[-84.10314134823278,47.03093069170473],[-84.10311094823463,47.03102279172051],[-84.10309584823749,47.031083691730664],[-84.10308014823917,47.03113709173974],[-84.10303464823569,47.0312248917558],[-84.10300384823587,47.031304491769724],[-84.10295834823295,47.03139679178646],[-84.10292754823512,47.03149219180282],[-84.10282864821929,47.03161769182771],[-84.10275974820928,47.03171299184628],[-84.10267584819586,47.031819691867454],[-84.10257684817871,47.03193479189081],[-84.10247734815692,47.03201399190876],[-84.10235554813097,47.03211749193165],[-84.10222594810404,47.032232291956745],[-84.10211894808663,47.03236569198334],[-84.10207334807635,47.032399591991194],[-84.1019437480436,47.03246869200934],[-84.10182894801547,47.032536692026454],[-84.1017073479844,47.032598592043016],[-84.10150134793584,47.03273569207603],[-84.10137104790374,47.03281119209517],[-84.10124924787358,47.03288109211299],[-84.1011273478433,47.032949592130585],[-84.10097434780877,47.033063892157],[-84.10079144776806,47.0332049921892],[-84.1006465477371,47.033326992216324],[-84.10046344769924,47.03349059225201],[-84.10024214764962,47.03365859229058],[-84.10006694761098,47.03379629232182],[-84.09979984755442,47.034024892372344],[-84.09963944752039,47.034161892402636],[-84.0994568474798,47.03430319243491],[-84.09935774746162,47.03441039245705],[-84.0992656474433,47.0344984924759],[-84.09916614742767,47.03462709250132],[-84.09912014741978,47.03468119251225],[-84.09908984741445,47.03471569251932],[-84.09905174740894,47.03476849252959],[-84.09901384740022,47.034795492535935],[-84.09889944737562,47.03489079255716],[-84.09884594736766,47.0349630925713],[-84.0987160473382,47.035058792593546],[-84.09863984731803,47.03509229260312],[-84.09855584729983,47.03516109261854],[-84.09845694727841,47.0352414926366],[-84.09834974724944,47.03528359264927],[-84.09823584721597,47.035306992659564],[-84.09810564718443,47.03538699267938],[-84.09793804713897,47.03545119269899],[-84.09783874711152,47.03548529271007],[-84.09770894707786,47.035547392727146],[-84.09757924704591,47.03562289274625],[-84.0974495470131,47.035691592764316],[-84.09729674697391,47.03576779278494],[-84.09719064694916,47.03584039280223],[-84.09705254691792,47.03594309282601],[-84.09693114688689,47.036004892842534],[-84.09672514683496,47.0361150928714],[-84.09661794681027,47.03619109288931],[-84.0965188467897,47.036279292908574],[-84.09636624675532,47.03639359293495],[-84.09628214674285,47.03650839295737],[-84.09622864673491,47.03658079297153],[-84.0960990467112,47.03672149300059],[-84.0960000466959,47.0368515930262],[-84.09593904669553,47.037003693052924],[-84.09585484668646,47.03714549307947],[-84.09577094667397,47.03725919310174],[-84.09565704666117,47.037446693136985],[-84.09548894663197,47.037641393176514],[-84.09544294662253,47.03768309318557],[-84.09537464661169,47.03777049320288],[-84.09531314660214,47.03785089321873],[-84.0952445465894,47.037923593233856],[-84.09515344656892,47.03799239324965],[-84.095053746549,47.03808739327002],[-84.094954646526,47.03815639328634],[-84.0948479465043,47.03825489330761],[-84.09472564647585,47.03833919332766],[-84.0945885464407,47.038408193346214],[-84.09445124641022,47.038514193370396],[-84.0943136463759,47.038591093390195],[-84.09422234635,47.03861719339955],[-84.09400834628545,47.038647793416786],[-84.09391734625937,47.038671593425775],[-84.09382524623327,47.03869769343518],[-84.09375674621432,47.03872109344274],[-84.09365004617972,47.03871709344841],[-84.09345164611914,47.03873929346346],[-84.0933142460805,47.03878129347793],[-84.0932075460507,47.0388155934894],[-84.09302424599505,47.03883879350371],[-84.0928108459259,47.0388310935151],[-84.09261984586679,47.03884619352861],[-84.09244454580796,47.03882389353551],[-84.09229204575733,47.038808893542246],[-84.09214714570861,47.03878939354777],[-84.0919256456359,47.03877389355842],[-84.09178084558587,47.03874399356236],[-84.09158234551957,47.0387211935706],[-84.09137624545073,47.03869749357906],[-84.09121594539086,47.03862869357806],[-84.09110174535205,47.03861019358195],[-84.0908421452638,47.03856799359079],[-84.09068214520984,47.03854539359673],[-84.09051424515236,47.038515093601994],[-84.09032344508465,47.038461793605094],[-84.09017834503253,47.03841599360665],[-84.09004904498728,47.03838449360941],[-84.08991944494063,47.03834309361075],[-84.08980474489917,47.03830469361165],[-84.08959874482471,47.03823589361327],[-84.08932394473166,47.03819419362307],[-84.08892784459692,47.03812919363645],[-84.08688234389297,47.03772879369572],[-84.0847767431645,47.03728609375204],[-84.08460874310936,47.03727479376022],[-84.0845174430788,47.03726379376393],[-84.08438744303433,47.037240293767944],[-84.08425004298664,47.03721029377147],[-84.0841358429487,47.03719869377641],[-84.08388414286392,47.03716389378592],[-84.08374684281767,47.03714509379111],[-84.08350994273769,47.03711099379985],[-84.08336504268662,47.03707319380258],[-84.08321274263507,47.03705039380811],[-84.08302954257263,47.03701929381414],[-84.0828691425161,47.036977493817176],[-84.08264774244341,47.036961993827816],[-84.08248774238946,47.0369393938338],[-84.08228184231889,47.03690109384004],[-84.08207574224777,47.036859393845795],[-84.0819456422008,47.03681669384696],[-84.08174014212891,47.036767193851496],[-84.08159514208126,47.0367563938584],[-84.0814119420208,47.03674109386681],[-84.0811905419471,47.036717993876266],[-84.08096174187108,47.03669479388619],[-84.08074054179943,47.036687193898025],[-84.08039704168633,47.03666049391417],[-84.08006124157801,47.03665259393268],[-84.07984744151031,47.03665729394601],[-84.07968024145529,47.03664489395392],[-84.07940534136516,47.03662639396725],[-84.07916874128769,47.036611393978845],[-84.07887144119651,47.03664189400094],[-84.0786727411358,47.03666409401606],[-84.078482241074,47.03665689402612],[-84.07832194102473,47.03667239403793],[-84.07814624097044,47.036687294050516],[-84.07796354091256,47.03669109406184],[-84.07773444084661,47.03674899408411],[-84.07742914075718,47.036813494111875],[-84.07710124065817,47.036859394138105],[-84.07685694058246,47.03687829415532],[-84.0767805405566,47.036866894158074],[-84.07658244049611,47.036889094173155],[-84.07650574047256,47.0368967941788],[-84.07630754040736,47.03688209418818],[-84.07609364033951,47.03688559420134],[-84.07591104028158,47.036889194212556],[-84.07565134019578,47.03686689422442],[-84.07548334013916,47.036843294230735],[-84.07526224006087,47.03678279423449],[-84.0750943400024,47.036744594238534],[-84.07489633993151,47.03668369424088],[-84.0747053398633,47.03662689424348],[-84.07449183978974,47.03658419424953],[-84.07433933973246,47.036516294248116],[-84.07420943968617,47.03647819424996],[-84.07245443902366,47.03566919422983],[-84.07225653894838,47.03557339422689],[-84.07208843888498,47.03549679422509],[-84.07193573883006,47.03544799422664],[-84.07179853877753,47.035378694224114],[-84.07143253864045,47.03521859422124],[-84.07112693852844,47.03510439422179],[-84.07085233842915,47.035012494223956],[-84.07051683831428,47.0349517942344],[-84.07037153826398,47.034920894238226],[-84.0702419382187,47.0348904942412],[-84.0701656381905,47.034859894241016],[-84.06986803808778,47.03479929424928],[-84.06965443801656,47.03477579425825],[-84.06950963796754,47.0347537942634],[-84.06930333789863,47.034730094271914],[-84.0690669378178,47.034687994279345],[-84.06871593769469,47.03460069428672],[-84.0683650375768,47.03455499430034],[-84.06644243690782,47.03412059434714],[-84.06619043682143,47.03407439435483],[-84.06612993679978,47.03405569435555],[-84.06598503674863,47.03401709435819],[-84.06590833672163,47.03399759435972],[-84.06571003665304,47.033955794365035],[-84.0656335366281,47.033952094368935],[-84.06548893658055,47.03394139437583],[-84.06534383653269,47.033929494382534],[-84.06522913649799,47.03394489439162],[-84.06500033642378,47.033936294403745],[-84.06466473631573,47.03392969442244],[-84.06451963626881,47.03392569443036],[-84.06430623619968,47.0339179944417],[-84.06412293614059,47.03391379445185],[-84.06399343610119,47.033929694461875],[-84.06378003603102,47.03391409447203],[-84.06349003593645,47.03389919448675],[-84.06326843586376,47.033883994497494],[-84.06303193578525,47.03386099450789],[-84.06284883572481,47.03384559451624],[-84.06255113562291,47.03379169452555],[-84.06226133552262,47.03373079453331],[-84.06189493540226,47.0337045945508],[-84.06168903533587,47.03369999456217],[-84.06158223530043,47.033689394566835],[-84.06141453524384,47.033665694573095],[-84.06126963519378,47.033635794577016],[-84.06109393513708,47.03363149458671],[-84.06101773511134,47.03362009458942],[-84.06083463504845,47.03358559459495],[-84.06068973499981,47.03356699460067],[-84.06054493495402,47.033570794609666],[-84.06044513492066,47.03355889461377],[-84.06024713485884,47.03357079462715],[-84.06005663480087,47.0335940946419],[-84.05990393475298,47.03360139465198],[-84.05970563468863,47.03359329466239],[-84.05954523463929,47.03360879467419],[-84.0593470345755,47.03360519468526],[-84.05917933452228,47.03360849469562],[-84.05893503444901,47.03364639471571],[-84.05869083437351,47.03366659473318],[-84.05839293428451,47.03371619475819],[-84.05817983422023,47.03374659477536],[-84.05777543409535,47.03378119480436],[-84.05737843397274,47.03381529483287],[-84.05727923394389,47.03383819484222],[-84.05704273387208,47.033868094860615],[-84.05692793383496,47.03386459486682],[-84.05666103375592,47.03391429489011],[-84.05648573369889,47.03390659489919],[-84.05623383362322,47.03394479491981],[-84.05601273355778,47.03398669493915],[-84.05576073348305,47.034032894961044],[-84.05556993342401,47.03404809497451],[-84.05531823334918,47.03409309499614],[-84.05518863331218,47.034128095009116],[-84.05499793325494,47.03415779502487],[-84.05473853317447,47.034177095042985],[-84.05456293312123,47.03419999505684],[-84.05440283307396,47.034231195070944],[-84.05416633300696,47.03429929509524],[-84.05402933296706,47.034330095107954],[-84.05384603291373,47.034371995125085],[-84.05363193285338,47.03443619514743],[-84.05342633279483,47.03449339516824],[-84.0531970327322,47.03457829519461],[-84.05306753270084,47.034658195214405],[-84.05296863267309,47.03468899522489],[-84.05283883263927,47.0347497952418],[-84.05266293259017,47.0348062952607],[-84.05243443253012,47.034910195289946],[-84.05225883248492,47.03499699531351],[-84.0518239323762,47.035237995375766],[-84.05170193234245,47.03527959538925],[-84.05145743228489,47.03544359542856],[-84.05128203223846,47.03552029545056],[-84.05116023220916,47.03559669546936],[-84.0509389321595,47.03576459550794],[-84.05073303211192,47.03590959554212],[-84.05049633206262,47.036119495588],[-84.05024463200743,47.036320895633445],[-84.04995453194637,47.03657269568882],[-84.04971063189485,47.03678309573521],[-84.04959623186919,47.03687019575518],[-84.04950453185336,47.03697729577689],[-84.04940513183504,47.037084595799044],[-84.04929083180807,47.03716069581736],[-84.04916883177869,47.037237095836176],[-84.04900843173839,47.037324595858934],[-84.04890173171202,47.037386095874574],[-84.04868063165522,47.037496395904306],[-84.04849723160608,47.03757209592662],[-84.04832203155632,47.03762189594451],[-84.04816153151037,47.03766439596041],[-84.04803933147517,47.0376946959722],[-84.04790993143665,47.037717295983256],[-84.04775723138975,47.03773259599452],[-84.0475745313332,47.03774759600757],[-84.04735323126252,47.03774779602057],[-84.04713903119605,47.03776369603556],[-84.04699443114933,47.03775969604345],[-84.04686423110475,47.03773609604746],[-84.04662863102754,47.037720996059015],[-84.04633063092469,47.03766029606726],[-84.04620863088422,47.03764889607268],[-84.04600273081222,47.03759939607724],[-84.04578093073356,47.03753769608086],[-84.04560563066707,47.03745459607848],[-84.04520893051719,47.03727059607376],[-84.0449722304296,47.03717559607313],[-84.04470573032339,47.037008296063334],[-84.04427033015783,47.036798296056894],[-84.04402613006293,47.03666419605078],[-84.04392733002662,47.036626396050835],[-84.04378222997069,47.036550296047764],[-84.04366792992592,47.03648469604445],[-84.04345402984751,47.03640489604487],[-84.04330912979304,47.03634009604347],[-84.04314142973327,47.036290596045795],[-84.04288172963923,47.03620299604772],[-84.04272952958192,47.03613399604614],[-84.04253092951038,47.036069596047945],[-84.04232482943782,47.036016496051964],[-84.0421498293747,47.03595939605354],[-84.04200442932529,47.03593609605849],[-84.04191272929262,47.03590919605981],[-84.04175282923622,47.03586739606283],[-84.04158492917878,47.03583699606803],[-84.04143982913092,47.035825096074724],[-84.04132552909056,47.035794696076834],[-84.04111942902037,47.03576049608372],[-84.04094382896133,47.035737196090466],[-84.04060852885326,47.03573009610906],[-84.0403031287537,47.03571469612465],[-84.03977682858455,47.0357072961544],[-84.03944842848196,47.03572629617658],[-84.0391816283995,47.03574899619567],[-84.03883832829318,47.035776096219955],[-84.0384567281764,47.035817796248715],[-84.03809792806989,47.03588239627964],[-84.03764032793318,47.035958696318104],[-84.03726652782606,47.036057496355085],[-84.03658722763295,47.03624889642412],[-84.03628232754453,47.036320996453014],[-84.03602262747218,47.03640549648114],[-84.03571772738718,47.03650479651414],[-84.0354202273055,47.03661159654784],[-84.03516812723875,47.036721896579465],[-84.03493932717751,47.036816696607346],[-84.03462652709437,47.03695099664617],[-84.03432882701647,47.03708829668456],[-84.03404692694352,47.037225196721934],[-84.0336117268393,47.03750329678984],[-84.03335252677809,47.03767539683126],[-84.03306252670939,47.037866596877436],[-84.03279532665452,47.03810989693019],[-84.03240612657754,47.03848799701062],[-84.03168922645092,47.03930469717716],[-84.03093392631907,47.04017739735444],[-84.03054472624734,47.04059729744124],[-84.03020142618746,47.04099439752187],[-84.02989602612716,47.041291697585066],[-84.02954522605913,47.04164279765916],[-84.02917162598708,47.04202059773865],[-84.02876682590751,47.042417197822815],[-84.02869842589334,47.0424786978362],[-84.02859122587101,47.04257389785697],[-84.02843882584087,47.04272169788842],[-84.02827092580695,47.042879297922305],[-84.0281029257743,47.04304669795767],[-84.02800382575792,47.04316859798206],[-84.02781322573395,47.04346279803804],[-84.02772922572375,47.04359549806319],[-84.02766072572877,47.04380989809987],[-84.02757652572868,47.044023598137386],[-84.02759202575606,47.04420209816363],[-84.02763752583432,47.044709398238254],[-84.0277290258976,47.04498029827414],[-84.02785912597462,47.04526259830955],[-84.02797332604761,47.04555319834709],[-84.02811062613414,47.04589259839076],[-84.02825552621252,47.04614759842108],[-84.02839282630626,47.046544398473415],[-84.0284841263723,47.046837798512804],[-84.02849972640229,47.04703689854218],[-84.02846932642369,47.04728479858177],[-84.02840072643438,47.04754429862528],[-84.02836262643464,47.047643198642604],[-84.02828632642797,47.047784698668615],[-84.02819462641978,47.0479526986996],[-84.02809532640377,47.048077898724486],[-84.02802692640059,47.0482268987512],[-84.02795072638965,47.048333498771896],[-84.02786642637949,47.048467398797264],[-84.02777502636937,47.04861929882575],[-84.02769872637383,47.04884879886518],[-84.02765292638163,47.04902759889512],[-84.02764542639504,47.04915369891475],[-84.02764512641563,47.04931809893983],[-84.0276909264551,47.049515998967266],[-84.02775972650201,47.049714298993464],[-84.02783592654947,47.04989799901695],[-84.02797302662114,47.05011939904261],[-84.02820982672799,47.050367299066494],[-84.02838512680611,47.05054279908289],[-84.02856072688184,47.05069889909638],[-84.02879032697541,47.05085929910731],[-84.02905672708062,47.051018799115965],[-84.0293619271974,47.05117159912135],[-84.03010982747725,47.05149599912686],[-84.03081152774485,47.051839699138],[-84.03158222803091,47.05215559914089],[-84.03175012809423,47.052232099142664],[-84.0321089282349,47.052438599153035],[-84.03226142829895,47.0525605991627],[-84.03239862835343,47.05264469916745],[-84.03260442844032,47.0528124991809],[-84.03278782851952,47.052976299195066],[-84.03303172862432,47.05318929921323],[-84.03318462870534,47.05344519924322],[-84.0333294287804,47.05367409926956],[-84.03349712887098,47.05396789930446],[-84.03358102892322,47.05417029933032],[-84.0336575289884,47.05449449937523],[-84.03372602902847,47.05463899939319],[-84.0337949290688,47.05478439941129],[-84.03390152912827,47.05498649943583],[-84.03405422919919,47.0551622994536],[-84.03423732928556,47.05538359947657],[-84.03443602936778,47.055532299487574],[-84.03486272953491,47.05577659949972],[-84.03522142967213,47.05595589950592],[-84.03558022980745,47.05611959950982],[-84.03591572993143,47.05625249951032],[-84.03622083004579,47.056386299512816],[-84.03637343010988,47.05650809952238],[-84.03787673070617,47.05742779957414],[-84.03835733089684,47.05772209959072],[-84.03874683104864,47.057938999600886],[-84.03912783119536,47.05813699960866],[-84.03943313131556,47.05831679961815],[-84.03976873144057,47.05845749961981],[-84.04032563163983,47.05862609961279],[-84.04090563184639,47.0587939996043],[-84.04132533199682,47.05892349959937],[-84.04340813273521,47.05949939956473],[-84.0438280328853,47.05962539955922],[-84.0442549330414,47.05978149955793],[-84.04471283321176,47.059971799559996],[-84.04512493336662,47.06015549956373],[-84.04535373345517,47.06027779956896],[-84.0455600335374,47.060407199576524],[-84.04580403363452,47.06055919958535],[-84.04608623375987,47.06083849961128],[-84.04625413382841,47.06095669961939],[-84.04633013386226,47.06103239962647],[-84.04655163397108,47.06133469965946],[-84.0466738340321,47.061509199678845],[-84.04678053408354,47.06164689969352],[-84.04700163418632,47.06190209971942],[-84.0472154342864,47.06215399974518],[-84.0474212343709,47.06230259975568],[-84.04760473444934,47.062459799768874],[-84.04774203451288,47.06261579978458],[-84.0479555346046,47.062802599800456],[-84.04814643468536,47.06295939981306],[-84.04834483477232,47.0631464998299],[-84.04862673488785,47.06334819984403],[-84.0489169349989,47.063493499849145],[-84.04910753507703,47.063630099858685],[-84.04929093514683,47.063718699861425],[-84.04954233524388,47.06385139986685],[-84.04989363537742,47.06401979987186],[-84.05048103559452,47.06425279987278],[-84.05280793646855,47.06528639989342],[-84.05309023657414,47.065408299895395],[-84.05341063669675,47.06556849990093],[-84.05363183678331,47.06569419990707],[-84.05372333681932,47.06574799990987],[-84.05387633688117,47.065850699916524],[-84.05402113694184,47.06596499992541],[-84.05411263697928,47.06603009992991],[-84.05425013703807,47.06614789993978],[-84.0544259371131,47.066297299952176],[-84.05456323717482,47.06643879996563],[-84.05517303748498,47.06735400006907],[-84.05525713753094,47.067505800087275],[-84.05530303755529,47.0675822000962],[-84.05539433759601,47.06767430010482],[-84.05544083761907,47.06773940011201],[-84.05551663765344,47.06781950011973],[-84.05559283768588,47.067883900125054],[-84.05567673772232,47.06796040013178],[-84.05578343776698,47.0680441001382],[-84.05592063782572,47.06816200014811],[-84.05609613789484,47.06826560015356],[-84.05626423796056,47.06836090015817],[-84.05652353805695,47.068467600159174],[-84.05682093816544,47.06857440015797],[-84.05699673822888,47.068631600156344],[-84.05714163828152,47.06868170015542],[-84.0573094383438,47.06875040015606],[-84.05757653844545,47.06887960016004],[-84.0579885386061,47.06910910017072],[-84.05851513880411,47.06934470017563],[-84.06245164030004,47.071229600231035],[-84.06308544053962,47.0715230002384],[-84.06364994075719,47.07181730024999],[-84.06418374096242,47.07209210026043],[-84.06460374113469,47.072393600281636],[-84.06508414132561,47.072689900298485],[-84.06548114148676,47.07296180031648],[-84.06573244159871,47.07321280033988],[-84.06595374169736,47.07343390036054],[-84.06618294180187,47.07368220038481],[-84.06644974192426,47.0739764004139],[-84.06663304201555,47.07423590044257],[-84.06679314209549,47.074464500467954],[-84.06693054216831,47.0746935004947],[-84.06704494223895,47.07496410052915],[-84.06732714240276,47.07554810060142],[-84.06751794250405,47.07586810063885],[-84.0675942425468,47.076013400656464],[-84.06770104260634,47.076215300680936],[-84.0678004426578,47.076371300698824],[-84.06793764271904,47.07650950071176],[-84.06804444277384,47.07667300073034],[-84.06814404282446,47.07682210074715],[-84.06834234291664,47.07705080077031],[-84.06854034300636,47.07726030079052],[-84.0686855430706,47.07740160080347],[-84.06889884316429,47.077604000821694],[-84.06911284325824,47.077806400839926],[-84.06936454336463,47.07801220085643],[-84.069600843468,47.07823310087614],[-84.06999764362575,47.07847800089001],[-84.07045524380848,47.078767000907085],[-84.07092854400018,47.07908730092796],[-84.07121074411494,47.07928220094101],[-84.0718365443603,47.07964140095881],[-84.07209594446674,47.07982780097196],[-84.07239374458703,47.08002670098467],[-84.07259204467,47.08018230099669],[-84.0728589447848,47.08041580101648],[-84.07311824489886,47.08066310103888],[-84.07333234499664,47.08089580106163],[-84.07362164512193,47.081155801084186],[-84.07395784527692,47.08153260112175],[-84.07416364537593,47.08179600114969],[-84.07430094544105,47.08196440116723],[-84.07436164546722,47.08201790117179],[-84.07449924553082,47.08217390118741],[-84.07456074556208,47.08226570119777],[-84.07468234561871,47.08240650121202],[-84.07479674566923,47.08251690122205],[-84.07491134572417,47.082662301237455],[-84.0750562457883,47.08280360125041],[-84.0751552458348,47.08292130126246],[-84.07529284589619,47.08305930127539],[-84.07539174594324,47.08318150128813],[-84.0756055460462,47.083456201317354],[-84.0756894460869,47.08356630132916],[-84.07575794612559,47.08369950134536],[-84.07584174617226,47.083856801364355],[-84.07590284621342,47.08402860138687],[-84.07605604632681,47.08453940145555],[-84.07629204650378,47.08534430156404],[-84.07646004665322,47.08610360166965],[-84.07655914672387,47.08641260171078],[-84.07658954675182,47.086557001730945],[-84.0766125467707,47.0866485017435],[-84.07667344681082,47.086812201764836],[-84.07670374683401,47.08691940177936],[-84.07672704685062,47.086991901789006],[-84.07675764687873,47.08713730180932],[-84.07680324690723,47.08724750182336],[-84.07684164692859,47.0873196018321],[-84.07687964694755,47.08737370183808],[-84.07694814698247,47.08747660184971],[-84.07703254702531,47.087602401863855],[-84.07710854706492,47.08772400187786],[-84.07723084711893,47.08784230188865],[-84.07732964716551,47.08796120190093],[-84.07754314725496,47.08812890191386],[-84.0776883473168,47.08825090192387],[-84.07784074737944,47.088361401931714],[-84.078085347488,47.08860230195395],[-84.0782528475579,47.088731601963715],[-84.07838234760793,47.08880030196659],[-84.07856544768615,47.088956101979456],[-84.07871834775052,47.08907900198915],[-84.07888604782153,47.08921670200021],[-84.0791147479157,47.08938360201214],[-84.07933624801358,47.089598102031744],[-84.0794736480714,47.089708002040354],[-84.07966444814917,47.08984110204937],[-84.0798166482118,47.08995180205724],[-84.07995414827461,47.09010110207184],[-84.08010664834644,47.090283902090654],[-84.08021364839706,47.0904138021041],[-84.08035124845742,47.09054390211581],[-84.0804501485083,47.09069640213313],[-84.080549148562,47.09087140215392],[-84.08065624862274,47.09108120217951],[-84.08070204865331,47.09120720219599],[-84.08077824869935,47.091379402217704],[-84.08081654872797,47.09150890223509],[-84.0808773487767,47.091741202266874],[-84.08089264878978,47.09180600227579],[-84.08098414884458,47.092008502301184],[-84.08100724886106,47.09208090231085],[-84.08106824889558,47.09219970232531],[-84.08112904892846,47.0923059023379],[-84.08121314896921,47.0924161023497],[-84.08131954902545,47.09259220237018],[-84.08145724909679,47.09280890239504],[-84.08156414914842,47.09294670240969],[-84.08170164921363,47.0931151024272],[-84.08180044926146,47.093244002440976],[-84.08189974930677,47.09335160245154],[-84.08197604934513,47.09346220246382],[-84.08202204936804,47.093527202471],[-84.08215924943505,47.093710302490784],[-84.08228114949272,47.093858802506126],[-84.08236494953543,47.09398480252039],[-84.08247984958994,47.09412580253503],[-84.08260164964967,47.09429010255284],[-84.08277734972795,47.09446530256912],[-84.08288414977463,47.094564802577985],[-84.0830365498454,47.09473960259558],[-84.08315854990079,47.094869102608094],[-84.08332654997335,47.095018602620925],[-84.08342565001465,47.09509480262666],[-84.08352475006117,47.095212402638715],[-84.08363935010941,47.09530400264591],[-84.08379175017023,47.09540000265152],[-84.08389125020778,47.09544560265262],[-84.08403605026044,47.09549560265169],[-84.08412745029688,47.095552902655],[-84.08421135033274,47.09562460266093],[-84.08432595038236,47.095727402669844],[-84.08444045043734,47.095872902685194],[-84.0846083505146,47.09605960270371],[-84.08472275056607,47.096177902714956],[-84.08485975063208,47.096353302733554],[-84.0849971506934,47.09649120274644],[-84.08514235076193,47.09666620276445],[-84.08524155081328,47.09682210278235],[-84.08536355087406,47.096994302801285],[-84.08548595093438,47.09716200281959],[-84.08558485098183,47.09728780283292],[-84.08564555102105,47.09744460285314],[-84.08569165105172,47.0975706028696],[-84.08571445106811,47.09764280287919],[-84.08572235108309,47.09774170289379],[-84.08573765109719,47.09781440290397],[-84.08577555112225,47.097916902917284],[-84.08583655115433,47.098016502928836],[-84.08588215118235,47.09812320294236],[-84.08598135123195,47.09826470295801],[-84.08610385129509,47.098454802979695],[-84.08621035134655,47.098592502994386],[-84.0862869513874,47.09872210300956],[-84.0864091514515,47.098920303032486],[-84.08677515162451,47.09936370307831],[-84.08757615198657,47.10020260315868],[-84.0883696523487,47.10106120324245],[-84.08941485283268,47.10224770336118],[-84.08954465290304,47.102476003388226],[-84.08967455297679,47.102731103419345],[-84.08981145305155,47.10297620344856],[-84.08996415313834,47.10327690348523],[-84.09015475323744,47.1035790035199],[-84.09045995336918,47.10384960354308],[-84.09072695347808,47.10403590355565],[-84.09105515360906,47.1042418035676],[-84.091489853779,47.10448660357921],[-84.09178005390022,47.10471170359633],[-84.09208505402465,47.10492500361077],[-84.09235195414274,47.10518440363447],[-84.09257345424922,47.10546650366429],[-84.09276415434978,47.105779703700634],[-84.09298525446333,47.10611900373918],[-84.0931763545785,47.106547103792984],[-84.09329055464819,47.10680940382609],[-84.0935197547653,47.107156403865275],[-84.0937178548567,47.107378203887336],[-84.09389285493478,47.10755360390366],[-84.09434375511711,47.10785530392295],[-84.09478605528926,47.10809870393387],[-84.09514435543234,47.10832410394706],[-84.09562495561012,47.10851480394769],[-84.09593815571942,47.10858730394023],[-84.0963652558719,47.108712903934226],[-84.09674655601351,47.10886910393548],[-84.09726565620704,47.109086803937984],[-84.09752505630445,47.109201203940046],[-84.09779205641154,47.10937290395041],[-84.09807445652065,47.10952170395637],[-84.09849405668479,47.109759003967724],[-84.0989592568557,47.10993420396695],[-84.0992569569605,47.110010503961],[-84.09944015702531,47.11005950395764],[-84.09979105714807,47.11014330394972],[-84.10021045728138,47.11013660392397],[-84.10075225745841,47.110166903896655],[-84.10137035766377,47.11022790386953],[-84.10179735781857,47.11037250386633],[-84.10237775803564,47.11062120386991],[-84.10313255833185,47.11105520389134],[-84.1038653586299,47.11155960392479],[-84.10449845888921,47.112009303955794],[-84.10473505900059,47.11229200398481],[-84.10491785909852,47.11260420402143],[-84.10501755916805,47.112901904060806],[-84.10524625929328,47.11331420410996],[-84.10545205939962,47.11363480414654],[-84.10579555955037,47.113958504175415],[-84.10619205972164,47.114310104205444],[-84.10651995986503,47.11461490423244],[-84.10694746004947,47.114992604264614],[-84.10738986024249,47.1154002043004],[-84.10771066038949,47.115751504334895],[-84.10793166050168,47.11607990437173],[-84.10808406060248,47.116491704425286],[-84.10809966065277,47.11685000447879],[-84.10803866067957,47.11721630453799],[-84.10787836067892,47.11761660460821],[-84.10774076067213,47.117910604660935],[-84.10763416070853,47.11846820475195],[-84.10777156079057,47.1187691047895],[-84.10800056089032,47.11897900480787],[-84.10827526100572,47.11919650482475],[-84.10858786112591,47.119356804830666],[-84.10896936127394,47.11956240483936],[-84.10928996139346,47.1196968048409],[-84.10987706160472,47.11988300483454],[-84.11048766181882,47.12003190482117],[-84.11111296203373,47.120149904802275],[-84.11170046222698,47.12019240477405],[-84.11218926238558,47.12021090474806],[-84.11288306259397,47.12010410469098],[-84.11342496275424,47.12000150464346],[-84.11389036289866,47.11996640461067],[-84.11442466308259,47.12006990459491],[-84.11494376327997,47.12031790460196],[-84.11529426342383,47.120569404619474],[-84.1156070635716,47.120946704658344],[-84.11585116369707,47.12132160470087],[-84.11610286382724,47.12171400474563],[-84.11614096389879,47.122183304814584],[-84.11615626396639,47.122678704888926],[-84.11615656403364,47.12320980496951],[-84.11617136410116,47.123705705043896],[-84.11620216415784,47.12407590509831],[-84.11635436424558,47.12438450513616],[-84.1165910643609,47.12469760516976],[-84.11687366449085,47.12501050520058],[-84.11700316456886,47.12529950523683],[-84.11705666462178,47.125582605276634],[-84.11701826463897,47.125815405314235],[-84.11682006462483,47.12620440538493],[-84.11662916461441,47.12660450545696],[-84.11653006463047,47.12698180552006],[-84.1165680646838,47.12730700556719],[-84.11669036477888,47.12774910562708],[-84.11684296486813,47.12806900566667],[-84.11719366502139,47.12839360569525],[-84.11772016521725,47.12861090569715],[-84.11822366540291,47.12880530569697],[-84.11879616561404,47.129027205696936],[-84.11947476587304,47.129358705707205],[-84.11987936603578,47.12962190572328],[-84.12033716622474,47.12995820574735],[-84.12067336636173,47.13019100576285],[-84.12090196645114,47.130319705768905],[-84.12135166661717,47.13049530576901],[-84.12177146675621,47.13053340575009],[-84.12220636689294,47.1305147057216],[-84.12263386701761,47.13041970568198],[-84.12309166713794,47.13021380562371],[-84.12338166720461,47.13000790557533],[-84.1240375673659,47.12962550547863],[-84.12454866750726,47.12945070542194],[-84.12522016771526,47.12939750537429],[-84.12582276789674,47.129309105325355],[-84.12643356807611,47.12918320527023],[-84.12718096830253,47.129084005211084],[-84.12779126848702,47.12899990516233],[-84.12862326873767,47.12887820509476],[-84.12926436892532,47.12874140503619],[-84.12992796912825,47.128668104985934],[-84.13044656929459,47.12867210495593],[-84.1309195694459,47.128672504928126],[-84.13166746968403,47.128664404882784],[-84.13233096989372,47.12864510484069],[-84.13281937004363,47.1285958048044],[-84.13322397016194,47.12850820476727],[-84.13362787027413,47.1283745047231],[-84.13388747032917,47.128153704674325],[-84.13404807033997,47.12783340461625],[-84.13418497034552,47.12753130456233],[-84.13443677035849,47.12699790446652],[-84.13466587039257,47.12668900440613],[-84.13510077049638,47.12641050433817],[-84.13588677072302,47.12621570426227],[-84.13684047102505,47.12619300420258],[-84.13746587123414,47.12626470417654],[-84.13814507147498,47.12645190416485],[-84.1389230717537,47.12668820415486],[-84.13961007199457,47.12685610413981],[-84.1406780723979,47.1273443041509],[-84.14069347240336,47.1273485041506],[-84.1411815725879,47.12757350415596],[-84.14132657264344,47.127646104158416],[-84.14174617280423,47.12785610416552],[-84.14219627298147,47.12811940417895],[-84.14272257318792,47.12842100419365],[-84.14347807345554,47.12862650418025],[-84.14434027374914,47.128768204150845],[-84.14485937392811,47.12887080413578],[-84.14559917416895,47.128904604097286],[-84.14629327439086,47.12890470405631],[-84.14682727457284,47.12899340403824],[-84.14756027482498,47.12913410401637],[-84.14813227503599,47.1293557040162],[-84.14850607519651,47.12967970404333],[-84.14870417529468,47.12995420407329],[-84.14881127536616,47.13024820411158],[-84.14884937543633,47.13070600417879],[-84.14877307546313,47.13110990424454],[-84.14861267545776,47.13147200430897],[-84.14851367547162,47.13183140436932],[-84.14854397552482,47.132174804419655],[-84.14874257562073,47.132430304446665],[-84.14896367572756,47.13271560447693],[-84.14922317583188,47.13288390448713],[-84.14961987597697,47.13302830448563],[-84.15002427612043,47.133139804478674],[-84.15031407621737,47.13317340446666],[-84.15114637650333,47.133330504441396],[-84.15229777690428,47.13358910441267],[-84.15299987715056,47.133761104397266],[-84.15356447732377,47.133703704355234],[-84.15411387749224,47.13364700431424],[-84.15468577766397,47.13355920426715],[-84.155418477877,47.13339180419849],[-84.15590667803309,47.13339170416969],[-84.15653247825489,47.13356340415874],[-84.15720377848832,47.13371160414161],[-84.15757007861953,47.13382280413683],[-84.15795927876225,47.1339673041358],[-84.15838647890801,47.13403990412161],[-84.15883647905189,47.13403990409504],[-84.15926367917646,47.133944804055375],[-84.15969877929523,47.13378440400535],[-84.16023277943877,47.13357040394137],[-84.16086617961527,47.13336510387283],[-84.16130847973486,47.13319320382063],[-84.16187297988623,47.13296380375249],[-84.16248348005243,47.132735403681835],[-84.1630023802087,47.132659203639605],[-84.1636511804297,47.13276620361754],[-84.1642612806541,47.13299810361664],[-84.16468848081581,47.13319650362157],[-84.16509288097852,47.1334598036376],[-84.16556618116996,47.13377630365765],[-84.16596278132532,47.134001603668416],[-84.16626018145469,47.1342723036919],[-84.16656538158716,47.13454740371563],[-84.16709968180534,47.13492070374066],[-84.16761818202092,47.13531360376963],[-84.16812948222793,47.13565720379157],[-84.16857198241436,47.13601170381921],[-84.16919788266634,47.13642070384426],[-84.169594182822,47.13664940385552],[-84.17012848303635,47.13699240387602],[-84.17073138326634,47.13728600388491],[-84.17150158355612,47.137629203891485],[-84.17213488379146,47.13788840389336],[-84.17273778400548,47.13805620388323],[-84.17325658418794,47.13818700387235],[-84.1738820844139,47.13839230386657],[-84.17454598466492,47.13869790387368],[-84.17504948485683,47.138941603880895],[-84.17552248506902,47.139422203925825],[-84.1758352852203,47.13982650396866],[-84.1761022853648,47.14029270402358],[-84.1763082854722,47.140620004061034],[-84.17639988555186,47.141016804115814],[-84.1765295856384,47.14137210416199],[-84.1767507857546,47.141730504203316],[-84.17715518592254,47.1420353042256],[-84.17751368606231,47.1422335042345],[-84.17801728624995,47.142443404236566],[-84.17862778646796,47.14262330422775],[-84.17928408669229,47.14273770420633],[-84.17986368689402,47.14286690419168],[-84.18038998706852,47.14291630416804],[-84.18130568737773,47.14304610413364],[-84.18206908764022,47.14319150411057],[-84.18257238782003,47.143340504103385],[-84.18312938802812,47.14357700410635],[-84.18352608818255,47.14379440411586],[-84.18393028834618,47.14406550413304],[-84.18431198850739,47.14437430415731],[-84.18470898867064,47.14466030417723],[-84.18513608885321,47.14502320420698],[-84.18554008902348,47.1453469042322],[-84.18604358921249,47.14556810423596],[-84.18647088937186,47.145747404237916],[-84.18698998956016,47.145923204233824],[-84.18734068968146,47.14599550422407],[-84.18766118979306,47.146067604216064],[-84.18827158999684,47.14613610419036],[-84.1889128902082,47.14618560415994],[-84.18949239038623,47.14612910411715],[-84.19020939060518,47.14604830406249],[-84.19106409085377,47.14585460398259],[-84.19170479104106,47.145716403923785],[-84.19265919133649,47.14564030385582],[-84.19326139153443,47.14568310382674],[-84.19446699194641,47.14589250378721],[-84.19528349223694,47.146125203774176],[-84.19568749239178,47.14632750378096],[-84.19610719254875,47.146507003783356],[-84.19668709275109,47.146640603769306],[-84.19742739300224,47.146754803742866],[-84.19796119318738,47.146869203728635],[-84.19851819337175,47.146918903703245],[-84.19899119351369,47.146846103664245],[-84.1995103936724,47.14678900362485],[-84.20016619387039,47.14669750357221],[-84.2007462940495,47.1466474035303],[-84.20126489420996,47.14660600349337],[-84.20189049441531,47.146648003462744],[-84.20240159460185,47.14683060346023],[-84.20272989473449,47.14704870347386],[-84.20303489488279,47.147448503516436],[-84.2031723949777,47.147849603569064],[-84.20314169501249,47.14820040362403],[-84.20295859501263,47.148662203704895],[-84.20273759501224,47.14921510380173],[-84.20260029503574,47.14974550389023],[-84.20256939510445,47.150364003985786],[-84.2027297952148,47.150828604046694],[-84.20299669535106,47.15122970409172],[-84.20341649555311,47.15176340414778],[-84.20375199570928,47.152148804186304],[-84.20384369575032,47.152240704194824],[-84.20406489585342,47.15249550422035],[-84.20440059601701,47.1529384042676],[-84.2048585962347,47.153499404325515],[-84.20494239631769,47.15394130438752],[-84.20501109639588,47.15438370445049],[-84.20488129641018,47.1548228045247],[-84.20456849636268,47.155235404605705],[-84.20416399628272,47.15562350468846],[-84.20380549621859,47.15602060476981],[-84.20338569612522,47.15634200484337],[-84.20260789591435,47.15663910493434],[-84.20193609573644,47.156929005018064],[-84.20137919559185,47.1571920050908],[-84.20070009539461,47.15734830515465],[-84.19968529510031,47.15758480525056],[-84.19893759488164,47.157745205319046],[-84.1982738946996,47.15798190539417],[-84.19778579458657,47.15832060547435],[-84.19749569452006,47.158526805522776],[-84.19723619448705,47.1589199055977],[-84.1970072944838,47.15946970569451],[-84.19699199452583,47.1598391057514],[-84.19709109460452,47.160208805801496],[-84.19741159476088,47.160632805846774],[-84.19772439489383,47.160891805867564],[-84.19815189505144,47.1610565058672],[-84.19870089524674,47.161212205858305],[-84.19938779546634,47.16121220581768],[-84.20011259569661,47.161200705773076],[-84.20063919586454,47.16119740574143],[-84.2013105960777,47.161185405699875],[-84.20173789620218,47.16109030566017],[-84.20214189631287,47.16094500561429],[-84.20253889641121,47.16072020555673],[-84.20316429657528,47.16043830547703],[-84.2035611966866,47.16031600543502],[-84.20404179683108,47.16024380539569],[-84.20453019697845,47.16017500535635],[-84.20514039717351,47.16017500532026],[-84.20576599738418,47.16025860529589],[-84.20642239760909,47.16037750527509],[-84.20710889785475,47.16058320526561],[-84.20754389802588,47.16083550527809],[-84.20800899821235,47.16113280529561],[-84.20835259837163,47.16152140533415],[-84.20859689849829,47.16190300537753],[-84.20878739861253,47.162322605429814],[-84.20885619868653,47.16273140548766],[-84.20887899874282,47.16311650554466],[-84.20878739876737,47.163539805614164],[-84.20863479878211,47.16403910569881],[-84.20845159878579,47.164528205783725],[-84.2083222988001,47.16496580585771],[-84.20841359888135,47.165375005914264],[-84.20870379901288,47.165679605943225],[-84.20900099913177,47.165867105954014],[-84.20943619929851,47.16608430596116],[-84.20993189949627,47.16639320597862],[-84.21039729967947,47.16666370599202],[-84.21083219985205,47.166927206006214],[-84.2113815000752,47.16730100603031],[-84.21205280031793,47.16752180602403],[-84.21264050052719,47.167689806014714],[-84.21319700072505,47.167846506005496],[-84.21365510088216,47.16793030599107],[-84.21416640105534,47.16800690597239],[-84.2147003012367,47.16809090595353],[-84.21524980142449,47.168185805935394],[-84.21586790162503,47.16820910590229],[-84.21630250177128,47.168266405885284],[-84.2169055019718,47.168327105858786],[-84.2174319021493,47.16840010583866],[-84.21796610234136,47.168567305832326],[-84.21842370252368,47.16885030584813],[-84.21883560268641,47.16909410586067],[-84.21936990290003,47.169430205879905],[-84.21988880312016,47.169856505913764],[-84.22033870328684,47.170036205914336],[-84.22086510346726,47.17013160589763],[-84.22152120368813,47.170218905871955],[-84.22200220384917,47.17027620585219],[-84.22283360412233,47.17033380581169],[-84.22370350440531,47.17037230576603],[-84.22474080474015,47.170398205708516],[-84.225595805015,47.17041020565972],[-84.22714450551354,47.17043740557211],[-84.22781570572324,47.17039930552661],[-84.22831960587794,47.17034910548913],[-84.22890670605693,47.17028080544408],[-84.22981490632635,47.170117005365505],[-84.23012040641431,47.17004060533583],[-84.23091360665326,47.169926205271516],[-84.23176040691948,47.16989090521604],[-84.23223360707459,47.169921305192624],[-84.2324471071434,47.16992550518059],[-84.23282850727124,47.16997210516508],[-84.23417140772963,47.17020100512018],[-84.23747500884775,47.170689104998445],[-84.23833730913933,47.17081440496631],[-84.24253361055894,47.171429004810776],[-84.24318971077784,47.17150150478288],[-84.24397561103686,47.17156260474553],[-84.24459361123525,47.17156960471004],[-84.24508201139633,47.17160880468703],[-84.24583741163677,47.17160090464107],[-84.24657741186648,47.17154730458911],[-84.24689791196501,47.17151680456548],[-84.24731731209224,47.17146320453254],[-84.24813381233031,47.17128370445701],[-84.24893501255927,47.171070904377274],[-84.24913311262102,47.17105840436367],[-84.24949211273105,47.171021304336755],[-84.25007191291824,47.1710364043047],[-84.2505219130679,47.17108210428496],[-84.2509644132258,47.17121130427828],[-84.25131551335265,47.17132620427485],[-84.25156711345006,47.17145960428018],[-84.25186501356912,47.17164690429087],[-84.25213941368496,47.17186760430801],[-84.25287211404755,47.17287500441706],[-84.2530320141277,47.173103204442114],[-84.25327611423641,47.17334380446409],[-84.25349741432609,47.173492804473504],[-84.25371861441131,47.173606804477636],[-84.25402411452366,47.17372190447697],[-84.25442841465974,47.17377570446114],[-84.25465721473476,47.17379050444984],[-84.25511501488013,47.173783104421595],[-84.2553819149712,47.17382850441262],[-84.25571021507463,47.173816904391394],[-84.25612221520728,47.17382430436811],[-84.25673241541011,47.173885704341245],[-84.25722081558133,47.17400450433027],[-84.25760991572409,47.17414870432905],[-84.2578769158221,47.174248004328234],[-84.25821261594837,47.174397004330906],[-84.25857131609169,47.17462200434371],[-84.25879261618141,47.17477090435312],[-84.2588993162355,47.1749276043705],[-84.25910531632367,47.1751028043848],[-84.25937231643185,47.175282004396095],[-84.25966231654601,47.175450404404394],[-84.25999021666921,47.175595104406824],[-84.26028791677219,47.175656404398474],[-84.2607613169249,47.17566770437209],[-84.2610890170349,47.175709004358936],[-84.26137901712526,47.17569060433899],[-84.26171461722853,47.175659604314355],[-84.26212681735592,47.17562530428476],[-84.26253901747559,47.17553040424593],[-84.26311071764356,47.175415004194605],[-84.2636297177998,47.175339604152406],[-84.26393481789088,47.17528930412671],[-84.2645987180982,47.17525120408161],[-84.2653005183191,47.175224604035954],[-84.26595671852847,47.1752216039966],[-84.26668161876003,47.17522110395355],[-84.2673987189892,47.17522090391101],[-84.26780301912423,47.175266903894],[-84.26810841922527,47.17529390387998],[-84.26842111933053,47.17533570386778],[-84.26862691940501,47.17540400386586],[-84.26883301948162,47.17548810386641],[-84.2691079195856,47.175614403869204],[-84.26985541985744,47.17587290386402],[-84.27059572012277,47.17609820385416],[-84.2712750203638,47.17628600384236],[-84.27166372049962,47.17637700383306],[-84.27209872064448,47.17642310381423],[-84.2725715208048,47.17649530379713],[-84.27329662104674,47.17657550376621],[-84.27379252120326,47.17656030373457],[-84.27405952128719,47.17654930371703],[-84.27454002143773,47.17652540368494],[-84.2752651216626,47.17647200363385],[-84.27586052184084,47.176377703584265],[-84.27631022198098,47.17634980355335],[-84.27663072207666,47.17629680352635],[-84.27711132222248,47.176235803488595],[-84.27743192232585,47.17624350347078],[-84.27778292244479,47.176296503457955],[-84.27813382256728,47.17637770344945],[-84.27822532260035,47.176407603448546],[-84.27861432273927,47.1765224034428],[-84.2789806228748,47.176667203443024],[-84.27918662294697,47.17671640343822],[-84.27944632303283,47.17673940342631],[-84.27967502310696,47.17674730341394],[-84.28017872326346,47.17671270337883],[-84.28649612518682,47.17596570289101],[-84.28733562544137,47.17585850282504],[-84.28857902582752,47.175770902738016],[-84.28917422601569,47.175755002700285],[-84.28930352605751,47.17575920269322],[-84.28948682611468,47.17574820268071],[-84.28971562618923,47.175759602668876],[-84.28995212626138,47.175732502650746],[-84.29063112646077,47.17559490258961],[-84.29260732703973,47.17518380241015],[-84.29363732734052,47.1749618023155],[-84.2944080275664,47.17480260224565],[-84.29480452768473,47.17473690221219],[-84.29504132776381,47.1747639022022],[-84.29541462788742,47.17479810218526],[-84.29581952802612,47.17487090217224],[-84.29604852811235,47.174973402174174],[-84.29633062821954,47.17510700217761],[-84.29694072845102,47.17539340218474],[-84.29731482858996,47.175545502185564],[-84.29776482876599,47.17579820219708],[-84.29831422897654,47.176072502205976],[-84.29875712913652,47.17621720220159],[-84.2991384292686,47.17629750219109],[-84.29952762940125,47.17636260217787],[-84.29974102946649,47.176339602161654],[-84.30026772963181,47.17631660212693],[-84.30090842982669,47.17623960207728],[-84.30122882992129,47.176178602049035],[-84.3015492300164,47.17612210202148],[-84.30190783011591,47.176003801982304],[-84.30228943022072,47.17587010193945],[-84.30251063027865,47.17577030191118],[-84.30280063035575,47.17564840187557],[-84.30322013047045,47.175496901827735],[-84.30326593048261,47.1754775018221],[-84.30360173058553,47.17544300179692],[-84.30430373080692,47.175420501751844],[-84.3050288310293,47.175347901697826],[-84.30525733110073,47.17533560168241],[-84.30556263120029,47.175351601666726],[-84.30621883141873,47.175420601638216],[-84.30697393167743,47.17555720161402],[-84.30716483174818,47.175633901614304],[-84.30733273181254,47.175717801617],[-84.3075767319094,47.17586600162497],[-84.30784383202108,47.17607200164027],[-84.308324632238,47.17656790168671],[-84.30875943243589,47.1770299017308],[-84.30898833253487,47.17723260174785],[-84.30922483263531,47.17742720176324],[-84.30951503274746,47.177579601769104],[-84.30975883283267,47.17763670176327],[-84.31021663298384,47.177675201741856],[-84.31104813326006,47.177758101705074],[-84.31183423352147,47.17783880167058],[-84.31201733357948,47.17783470165913],[-84.31233003368483,47.17787760164705],[-84.312688733812,47.17797600164064],[-84.31312363397534,47.17816700164367],[-84.31375693420839,47.17840750164246],[-84.31464983453647,47.17874280164011],[-84.31566423490817,47.17911610163635],[-84.31658743523926,47.17939870162428],[-84.31760223560003,47.17968550160741],[-84.31798383573218,47.17976550159681],[-84.31860913595239,47.17992530158384],[-84.31927303618494,47.18008590156873],[-84.31962413630146,47.180119601552924],[-84.32009723645741,47.18015770153063],[-84.32089073671686,47.180204401490556],[-84.32176803700438,47.180261101447044],[-84.32232493718278,47.180265201414535],[-84.32304973741196,47.18024660136871],[-84.32362223759041,47.18021170132942],[-84.32404163772142,47.180188401300974],[-84.3244917378593,47.18014260126731],[-84.32494973799892,47.180089901232144],[-84.32529283810065,47.180028201202454],[-84.32582723825917,47.17993280115626],[-84.32630793839668,47.179807501108776],[-84.32696393858525,47.17964330104494],[-84.327566738753,47.1794492009798],[-84.32788683883669,47.17930370093881],[-84.3282003389276,47.179231500909246],[-84.32861183903857,47.179071200860555],[-84.3291002391624,47.178819600793524],[-84.32964203929797,47.17852600071694],[-84.32993193936863,47.17835440067379],[-84.33031343945342,47.17806430060722],[-84.33063353952102,47.177793000547176],[-84.3310459395715,47.17715690042652],[-84.3313814395923,47.1764811003044],[-84.33158743958398,47.175901100204435],[-84.33158743957135,47.17580220018946],[-84.33155693954055,47.175637600166375],[-84.33156453951766,47.175439400135964],[-84.33157243950407,47.175313300116414],[-84.33174003950896,47.174932500048854],[-84.33216743959132,47.174508299959314],[-84.33242673965219,47.17433669991799],[-84.33280863975317,47.174172499870494],[-84.33324313987738,47.17405849982744],[-84.33384594006124,47.17399039978132],[-84.33430364020647,47.173982799752984],[-84.33476934035558,47.17398599972577],[-84.33544814058021,47.174047199694705],[-84.33615774082739,47.17420759967685],[-84.33628754087266,47.174237599673646],[-84.33692064110312,47.17445869966951],[-84.3374926413209,47.17473339967704],[-84.33783614146384,47.17499349969595],[-84.33797374151503,47.175050099696335],[-84.33825594163245,47.17526349971183],[-84.33855354176609,47.175565399739824],[-84.33878994188152,47.175877799773],[-84.33904944201706,47.17628999981994],[-84.33918664210375,47.17662569986254],[-84.33956024236349,47.177724000006386],[-84.34020904279791,47.17950170023667],[-84.3403538428779,47.179765200267845],[-84.3404608429437,47.18001290029891],[-84.34060574301449,47.18020460031933],[-84.34080414310704,47.18043290034205],[-84.34099494319878,47.18067350036708],[-84.34136924337098,47.18108550040716],[-84.3416664435108,47.181436800442576],[-84.3417885435853,47.181714500477334],[-84.34179594359168,47.1817458004816],[-84.34181134360432,47.18180630048986],[-84.34180364360435,47.18182540049318],[-84.34180374361699,47.18192440050812],[-84.34179624362586,47.182012400521856],[-84.34178114363279,47.18210400053665],[-84.34173484363842,47.18226390056354],[-84.3416129436615,47.18274900064417],[-84.34152924368395,47.18313380070726],[-84.34146034370885,47.18350040076678],[-84.34138394371176,47.183714100803634],[-84.34134594372595,47.18392020083707],[-84.34133074373277,47.18401160085177],[-84.3413075437502,47.18420570088247],[-84.34130024375956,47.184297100896764],[-84.34129254377427,47.184431500917505],[-84.3413534438191,47.184629600943865],[-84.34136104383211,47.18471270095596],[-84.34139164385456,47.18481190096917],[-84.34142964388285,47.184938000985944],[-84.34147574391282,47.18505710100123],[-84.34153664394482,47.18515530101243],[-84.3415823439712,47.185247401023645],[-84.34164364400249,47.18533890103382],[-84.34170444403604,47.18544960104694],[-84.34181864408664,47.185560101056865],[-84.34194094414671,47.18572400107437],[-84.34201744418189,47.18580830108254],[-84.34210884422264,47.185898801090794],[-84.34218514425442,47.18595640109496],[-84.34229964430035,47.18602960109924],[-84.34245974436554,47.18613970110634],[-84.34258954441923,47.18623510111308],[-84.34274224449042,47.186410401130516],[-84.3428871445553,47.18655580114384],[-84.34297854459952,47.186673401156185],[-84.34302454462845,47.186784701170296],[-84.34308544466552,47.18692240118747],[-84.34311624469038,47.18703960120341],[-84.3431616447244,47.187192401223754],[-84.34316934474052,47.18729900123945],[-84.34315414475081,47.187417501258246],[-84.34297854473236,47.18771190131316],[-84.34293254473221,47.18782570133308],[-84.34280294470989,47.1879746013633],[-84.34258954466668,47.18816990140552],[-84.34240644463159,47.18835290144408],[-84.342223344598,47.18854730148434],[-84.34216954458859,47.188608401496765],[-84.34206304458093,47.18881410153421],[-84.3419486445717,47.18902790157332],[-84.34188744461063,47.18948510164603],[-84.34181864463552,47.18985170170553],[-84.3417350447099,47.190641701829904],[-84.34167394474788,47.19109110190147],[-84.34156704475818,47.191438501960356],[-84.34139154473634,47.191705902011165],[-84.34104814466455,47.192002602076414],[-84.34084254461706,47.19214470211011],[-84.34059034454812,47.192235402138806],[-84.34018604443412,47.19235400218076],[-84.33985044433035,47.19238070220477],[-84.33953754422936,47.192372902222154],[-84.33926284413734,47.1923393022334],[-84.33875174395641,47.192201202242956],[-84.33844634384184,47.19206820224101],[-84.3378360436175,47.19183870224262],[-84.3374928434966,47.19175080224968],[-84.33724884341342,47.191709602257944],[-84.33672964324457,47.19168650228536],[-84.33633304312814,47.191766702321004],[-84.33589054301315,47.1919730023785],[-84.33569984296679,47.19208660240701],[-84.3356849429631,47.19209490240916],[-84.33542534290704,47.192305002456344],[-84.33519624287325,47.1926131025165],[-84.33511244289238,47.192972202575795],[-84.33510464293036,47.19328840262403],[-84.33512764294697,47.19336100263363],[-84.33521134300493,47.19360490266553],[-84.33531064305183,47.19372350267754],[-84.336020343383,47.19453990275875],[-84.33671454370051,47.19528810283054],[-84.33727154395596,47.19589380288897],[-84.33734024398626,47.19595930289477],[-84.33762284411752,47.19627950292639],[-84.3380879443296,47.19677580297369],[-84.33878994465044,47.197530203045964],[-84.33961384502894,47.198430903133115],[-84.34010194525318,47.19896480318477],[-84.34017824528485,47.19902190318886],[-84.34027024532703,47.19912180319847],[-84.34038464538014,47.19925100321122],[-84.34045284541361,47.19934240322095],[-84.3405142454474,47.199453103234],[-84.34061354549773,47.19959870325009],[-84.34074304555664,47.199735503263064],[-84.34084224560496,47.1998654032768],[-84.34088024562139,47.19989910327964],[-84.34094144565182,47.19998400328882],[-84.34100234568051,47.20005630329613],[-84.34108624571796,47.20013950330371],[-84.3412158457746,47.20025830331396],[-84.3413152458171,47.200342103320736],[-84.3414985458947,47.20049080333226],[-84.341620845948,47.20060200334183],[-84.34171964598927,47.20067790334739],[-84.34187224605313,47.20079620335618],[-84.34197924609902,47.200887403363645],[-84.34209334614775,47.200983303371316],[-84.34219264619118,47.20107480337923],[-84.3423069462428,47.20119280339029],[-84.3425208463327,47.201361203402975],[-84.34271124640664,47.201463403407104],[-84.34302414652613,47.201616203411604],[-84.34349744670612,47.201840903417406],[-84.34360414674414,47.20187160341571],[-84.34370334678408,47.20193620341956],[-84.34379454681967,47.201986403421685],[-84.34390924686552,47.202058403425795],[-84.34400104690071,47.20210410342722],[-84.34411544694704,47.20218070343199],[-84.34422984699196,47.202245903435035],[-84.34435974704219,47.202314103437594],[-84.34448934709287,47.202386803440916],[-84.34460374713926,47.20246330344564],[-84.34471794718495,47.20253540344976],[-84.34487104724607,47.20263100345511],[-84.34503074730893,47.20272310345948],[-84.34520634737818,47.20282600346458],[-84.34538954744882,47.202920703468024],[-84.3455191475,47.20299680347182],[-84.34563354754732,47.20308120347776],[-84.34571764758114,47.20313510348091],[-84.34584724763656,47.20324480348977],[-84.34594644767817,47.203322103495545],[-84.34605324772295,47.20340550350177],[-84.34617524777123,47.20347830350551],[-84.34630544782601,47.20358130351336],[-84.34643484787814,47.2036653035183],[-84.34651884791313,47.20372920352301],[-84.34663314796045,47.20381360352896],[-84.34673994800198,47.203871203531286],[-84.34685444804576,47.203927503532974],[-84.34693084807365,47.20395460353252],[-84.34706034812385,47.20402380353527],[-84.34744954826768,47.20417580353509],[-84.34757924831844,47.204248603538375],[-84.34782324840525,47.20431770353433],[-84.3479072484349,47.20433990353267],[-84.34802154847287,47.2043513035276],[-84.34812864850959,47.20437060352416],[-84.34820474853535,47.20438190352133],[-84.34828104856216,47.20440100351966],[-84.34834984858807,47.204431603520185],[-84.34851784864757,47.204477403517124],[-84.34868544871229,47.20456470352037],[-84.34881514875961,47.20461050351957],[-84.34896024881577,47.2046871035225],[-84.34909744887032,47.204770903526985],[-84.34925024892895,47.204847403529484],[-84.34932644895922,47.20489340353189],[-84.34944094900646,47.204976803537676],[-84.34957054906108,47.20508010354554],[-84.3496852491095,47.20517220355266],[-84.34989114919874,47.20535520356805],[-84.34999784924698,47.20546560357835],[-84.3500740492795,47.205529703583544],[-84.35016564931522,47.20558000358569],[-84.35024194934549,47.205626103588074],[-84.35034874938688,47.20568270359026],[-84.35048604943816,47.20574040359082],[-84.35063084948673,47.205758703585],[-84.35073794952487,47.20578950358328],[-84.35095924960194,47.2058391035776],[-84.35106594963894,47.205861703574634],[-84.35119574968378,47.20588840357099],[-84.35140164975503,47.20593080356513],[-84.35156964981493,47.20597970356255],[-84.35171454986276,47.2059915035557],[-84.35187474991594,47.206006903548484],[-84.35203484997193,47.206045003544695],[-84.35227915005541,47.20608730353658],[-84.35250035013345,47.206144903532106],[-84.35260725017052,47.206167703529196],[-84.35298875029326,47.20617450350753],[-84.3530572503152,47.206175003503525],[-84.3531719503524,47.20617940349739],[-84.35324015037554,47.206189603494835],[-84.35331665040155,47.206202003492166],[-84.35340835042877,47.20618580348426],[-84.35351505046289,47.206186203478005],[-84.3535837504839,47.20617850347272],[-84.35371375052348,47.20616360346276],[-84.35376705053955,47.20615620345845],[-84.3538507505667,47.206159403453995],[-84.35414085065558,47.206129503432194],[-84.35426265069144,47.20610570342135],[-84.35443065074077,47.20607160340623],[-84.35459075078793,47.20604090339208],[-84.35478145084015,47.2059727033704],[-84.35491935087884,47.20593120335591],[-84.35498745089762,47.20590780334834],[-84.35514785094009,47.20583900332841],[-84.35529295097523,47.20575150330655],[-84.35534635098888,47.205725203299394],[-84.35539955100381,47.20570890329381],[-84.35551395103501,47.205667403280735],[-84.35556755104777,47.205633403272365],[-84.35562085106045,47.20559910326403],[-84.35567425107064,47.205545703252774],[-84.35574305108578,47.20549230324067],[-84.3558119511025,47.20545060323022],[-84.35588045111848,47.205404703219244],[-84.3559337511311,47.20537050321088],[-84.3560711511618,47.205267503187194],[-84.3561703511832,47.205187003169094],[-84.35629235120741,47.20507200314448],[-84.35642975123581,47.20495090311801],[-84.35659765126002,47.20472100307329],[-84.35661305126013,47.20468350306674],[-84.35664335126292,47.20462970305682],[-84.35668905126869,47.2045609030437],[-84.35673475127504,47.20449660303123],[-84.35675775127702,47.2044542030235],[-84.35678835127997,47.20440160301373],[-84.35682675128885,47.20437460300738],[-84.35688745130479,47.20434800299973],[-84.35694865131995,47.204313702990916],[-84.35701715133736,47.20427890298156],[-84.35707075135257,47.204263902976145],[-84.35722305139346,47.20420320295791],[-84.35729195141101,47.20416860294859],[-84.35736045142748,47.204126302938114],[-84.35742925144169,47.204065502924806],[-84.35746715145133,47.20404640291968],[-84.35755915147541,47.2040045029079],[-84.35762735149372,47.203977502899725],[-84.3577878515362,47.203908802879816],[-84.35804725160988,47.203837102853576],[-84.35808535161958,47.2038179028484],[-84.35815405164053,47.203810302843166],[-84.3582072516555,47.20379430283758],[-84.35833695169252,47.203759902824636],[-84.35840585171353,47.2037523028194],[-84.35847445173363,47.203737902813145],[-84.35855085175706,47.20373020280748],[-84.35863455178274,47.203721902801256],[-84.35869585180278,47.203725702798124],[-84.35884065184804,47.203718102788415],[-84.35893245187646,47.20371090278183],[-84.35898575189385,47.203713902779114],[-84.35906955192164,47.20372150277528],[-84.35921445196652,47.20371050276502],[-84.35935945201429,47.203722002758106],[-84.36161015280895,47.20431290271346],[-84.36256405314063,47.20452340268847],[-84.36322015339955,47.20490840270759],[-84.36348725350543,47.20506890271592],[-84.363769453618,47.205244002725614],[-84.3640897537501,47.2054764027416],[-84.36438735387158,47.20568250275504],[-84.36441045388251,47.2057100027578],[-84.36447145390775,47.20575540276107],[-84.36456295394184,47.20579320276131],[-84.36463155396768,47.20582380276184],[-84.36472285399927,47.20584250275923],[-84.36481455403108,47.20586230275679],[-84.3648988540619,47.20589250275635],[-84.36498245409099,47.205911302754195],[-84.36509695413002,47.20593050275028],[-84.36518845415976,47.20593450274543],[-84.36528035419069,47.20594650274179],[-84.36538705422524,47.205950102736],[-84.36550905426417,47.20594990272867],[-84.36562365430369,47.2059726027253],[-84.36575305434653,47.20598440271937],[-84.36587525438794,47.20600330271495],[-84.36611185446903,47.20604580270728],[-84.36625685451826,47.20606870270215],[-84.36638635456346,47.206098502698936],[-84.36653895461608,47.2061289026944],[-84.36666865465902,47.206140802688495],[-84.36682915471417,47.20617100268353],[-84.36697395476435,47.20620180267955],[-84.36711885481455,47.206232202675544],[-84.36724865486002,47.206263302672504],[-84.36735565489757,47.2062894026701],[-84.36753085496136,47.20635060266885],[-84.36771415503061,47.2064340026706],[-84.3679200551071,47.20651800267097],[-84.36810305517538,47.2065947026717],[-84.3687288554247,47.20698020269267],[-84.36876695544018,47.20700610269434],[-84.36891925550111,47.20710170269967],[-84.36902635554225,47.20715590270147],[-84.36917875560405,47.20725840270793],[-84.36925545563838,47.20733490271489],[-84.36935445568515,47.20745330272689],[-84.36945365572761,47.207537102733625],[-84.36955265577772,47.20768150274954],[-84.36964425581876,47.20777330275796],[-84.36971305585938,47.207918702775835],[-84.36977425589558,47.208048502791755],[-84.3698580559364,47.208158502803386],[-84.36993415597789,47.20829240281912],[-84.37000305601653,47.20842200283457],[-84.37005625604613,47.20852050284625],[-84.37008685607351,47.208658002865185],[-84.37013265610099,47.20875810287757],[-84.37026985616573,47.2089215028941],[-84.37036925621268,47.209040002906065],[-84.3704682562585,47.20915080291691],[-84.3706744563415,47.20928420292478],[-84.37078125638385,47.20934870292816],[-84.37096415645068,47.209414002927154],[-84.37117025653019,47.20952060293096],[-84.37161285668775,47.20964690292372],[-84.37167375671059,47.20967340292409],[-84.37176525674363,47.20970320292312],[-84.37187975678512,47.20974150292206],[-84.372009456834,47.209799502923126],[-84.37210105687056,47.20985640292627],[-84.37223865692772,47.209959202933575],[-84.37231475695789,47.21000540293606],[-84.3724367570061,47.21007730293963],[-84.37253595704853,47.21016080294634],[-84.37268845711151,47.21027240295409],[-84.37281825716373,47.210356202959034],[-84.3729326572125,47.21045180296668],[-84.37305445726759,47.21057770297843],[-84.37316945731844,47.21068780298818],[-84.37326845736914,47.21083670300479],[-84.37335235740859,47.21093550301474],[-84.37342895744389,47.211020003022895],[-84.37352015748561,47.211118403032344],[-84.37361935752965,47.21121450304096],[-84.37373375758136,47.211332603051986],[-84.37384835762964,47.21142380305891],[-84.37400075769156,47.211527303065495],[-84.37413045774028,47.21158410306632],[-84.3742984578062,47.21167940307071],[-84.37446615786948,47.211755403072196],[-84.37508465810429,47.21204560307917],[-84.3754580582514,47.21226270308976],[-84.37551945827452,47.21229020309025],[-84.37561825831827,47.21238520309869],[-84.37573275836507,47.212465003103915],[-84.37583975841358,47.21257660311441],[-84.37593865846172,47.212705603128015],[-84.37602315850641,47.21284350314376],[-84.37629725862561,47.21309070316477],[-84.37644255868624,47.21320120317278],[-84.37657955873742,47.21325910317339],[-84.37669415878483,47.2133435031793],[-84.37686205884964,47.21343070318251],[-84.37701475890924,47.21351510318616],[-84.37710645894443,47.21356070318755],[-84.37765545913977,47.21371670317842],[-84.37772405916317,47.21372810317607],[-84.37783865920221,47.213747303172134],[-84.37796825924764,47.21377840316913],[-84.37812865930414,47.213819703165804],[-84.3782657593529,47.21385840316349],[-84.3784412594128,47.21388810315751],[-84.3786091594728,47.21393830315511],[-84.37883045955424,47.21402180315451],[-84.37912785966977,47.21418170316096],[-84.37925015972203,47.21428490316927],[-84.37932635976071,47.21439630318152],[-84.3793870597902,47.2144755031899],[-84.37948645983761,47.214597503202356],[-84.3795401598641,47.21467020321016],[-84.37959345990069,47.21482270322998],[-84.3796775599555,47.2150407032579],[-84.37979176006631,47.21562000333858],[-84.3797994600918,47.215799803365215],[-84.37980696010095,47.21585250337275],[-84.37982996011674,47.215918403381316],[-84.37984536012856,47.215971703388426],[-84.37985276014355,47.216070503402946],[-84.37987576016263,47.21616200341536],[-84.37986806017048,47.216242103427916],[-84.379890860192,47.216353103443325],[-84.37986816019689,47.216448103459],[-84.37987576021604,47.21657830347821],[-84.37987576022628,47.21665820349027],[-84.3798602602282,47.21671150349924],[-84.37983776023222,47.21679890351375],[-84.3797841602289,47.21690640353318],[-84.379738560228,47.21701320355205],[-84.37967726022009,47.21710390356935],[-84.37960866021386,47.217226303591936],[-84.3795401602022,47.21730590360802],[-84.37938746017015,47.21743640363684],[-84.37925016014094,47.217550703662276],[-84.3791126601107,47.21765730368652],[-84.37896026007185,47.21773380370712],[-84.37881546003675,47.217821203728974],[-84.37868546001339,47.21796240375801],[-84.37853295998381,47.218111803789625],[-84.37839545996034,47.218271203821914],[-84.37829625995369,47.21846650385728],[-84.37818945994944,47.21869910389876],[-84.37804455993344,47.218935203943],[-84.37804445994074,47.21899250395163],[-84.37802165994565,47.21908770396741],[-84.37802925996564,47.219224703987635],[-84.37803705998098,47.219324704002226],[-84.37802155998634,47.21940480401523],[-84.3779605599795,47.21950350403379],[-84.37789195996736,47.219579804049374],[-84.37785405996217,47.21963380405982],[-84.3777851599494,47.21970550407471],[-84.37771675993397,47.219755904086426],[-84.37761725990995,47.21981620410143],[-84.37745695986656,47.2198772041202],[-84.37728145981794,47.2199353041394],[-84.37715955978334,47.21996920415178],[-84.37706785975844,47.22000340416242],[-84.37694595972934,47.22008020418126],[-84.37684655970436,47.22013260419511],[-84.37674045967935,47.22020210421189],[-84.37665585966593,47.22030810423289],[-84.37654155964658,47.22044200425995],[-84.37643495962726,47.22055670428361],[-84.37636605964285,47.22084990433195],[-84.3763583596507,47.220930004344474],[-84.37635075966935,47.22109440436977],[-84.37636605971342,47.221400104415004],[-84.37642705974714,47.22151070442805],[-84.37646515976752,47.22157480443549],[-84.37652615979731,47.22165510444394],[-84.37659475983688,47.22179260446061],[-84.37667895989264,47.22201750448957],[-84.3767626599418,47.222192604510994],[-84.37686195999326,47.22234600452821],[-84.37696876005568,47.22256680455521],[-84.37706046011391,47.22279250458379],[-84.3770983601343,47.22285660459126],[-84.37715186017685,47.223055204618],[-84.3771519602107,47.22331850465777],[-84.37713686022641,47.223478904682835],[-84.37712866026439,47.223794904731015],[-84.37709856033662,47.22443280482909],[-84.3771443604022,47.22482970488626],[-84.37714426041236,47.22490940489832],[-84.37713656042594,47.22503450491763],[-84.37714436044376,47.22515360493515],[-84.37715956046816,47.225306204957256],[-84.37715926048527,47.22544000497748],[-84.37715926050129,47.2255648049963],[-84.37722796055361,47.22580160502791],[-84.37731196060494,47.22599230505171],[-84.37738056065284,47.2261950050782],[-84.37747266070087,47.226339905094584],[-84.37757926076378,47.22656490512219],[-84.37774706085175,47.22683220515256],[-84.37799876096727,47.22710590517885],[-84.37834216111872,47.22743100520744],[-84.37887596133575,47.227793305230335],[-84.37891416135287,47.22783160523387],[-84.37953256159693,47.22819370525162],[-84.38018086186278,47.22865150528209],[-84.38059266202578,47.228896005294445],[-84.3821569626572,47.229921605356],[-84.3846212636572,47.231578005459085],[-84.38685676456733,47.23310390555614],[-84.38857346526085,47.23423300562412],[-84.39033606597724,47.23542600569904],[-84.39224316674921,47.23669250577646],[-84.39435676760206,47.23807440585885],[-84.39463916771716,47.238268505871346],[-84.39516516793182,47.23863080589458],[-84.39568426814523,47.239001305919544],[-84.39691276865393,47.23990530598264],[-84.39853016932656,47.241118406069184],[-84.39971276981902,47.242010206133116],[-84.40103297035914,47.242930606193184],[-84.40180347068522,47.243552306240986],[-84.40199397076273,47.24368160624915],[-84.40386317157034,47.245318106384396],[-84.40591567245419,47.24709180652939],[-84.4080595733781,47.24894940668156],[-84.4093642739387,47.25006690677221],[-84.41239387523953,47.25265420698148],[-84.41409477597246,47.25412670710191],[-84.41497207634654,47.25485530715936],[-84.41503327637443,47.25492000716546],[-84.41512487640958,47.25496550716686],[-84.41518597643551,47.255015507170725],[-84.41526957646911,47.25506920717386],[-84.41535367650671,47.255152207181375],[-84.41546797655258,47.25522530718551],[-84.41557477659414,47.25528290718789],[-84.4156891766389,47.255346907190635],[-84.41574277666003,47.255378007192135],[-84.41595647674403,47.255500007197796],[-84.4161242768084,47.2555837072004],[-84.41626917685964,47.25562210719753],[-84.41642937691718,47.25567160719544],[-84.4166048769821,47.255740307195296],[-84.41678787704639,47.25578550719123],[-84.4169708771113,47.25583520718777],[-84.41718457718494,47.25587720718137],[-84.41735257724608,47.25593500718003],[-84.41762767734527,47.25602260717685],[-84.4178332774139,47.25604580716804],[-84.4183063775744,47.25611820715075],[-84.41887077776686,47.256212707131304],[-84.41900047780881,47.25621670712416],[-84.4191453778576,47.25623600711844],[-84.41930557791262,47.25626610711341],[-84.41955747799608,47.25628900710182],[-84.4198320780858,47.25630430708771],[-84.42003057815121,47.2563198070782],[-84.42019087820398,47.25633190707045],[-84.42043497828392,47.25634720705824],[-84.42054177831952,47.256358507053555],[-84.42066387836341,47.25639650705199],[-84.42079347840966,47.256434207049956],[-84.42094627846589,47.25649150704944],[-84.42111427852743,47.25655290704866],[-84.42124387857571,47.25660640704896],[-84.42142707864748,47.25670900705355],[-84.42156417870015,47.25677820705577],[-84.42178527878747,47.25690750706203],[-84.42215157894522,47.25722380708783],[-84.42220507897166,47.2572966070956],[-84.42228897901362,47.25741430710838],[-84.42240337906789,47.25755160712224],[-84.42249507912275,47.2577504071467],[-84.42257137917171,47.25794140717094],[-84.42266297922946,47.25816250719877],[-84.42274687927694,47.25832300721793],[-84.4227618793072,47.25852070724682],[-84.4227695793332,47.258703807273974],[-84.42276187935242,47.25887180729972],[-84.42273197935715,47.258982807318226],[-84.42263997936077,47.259239007362346],[-84.42254827934757,47.25936400738667],[-84.42249507934872,47.25950510741106],[-84.42233497932065,47.25968440744762],[-84.42222027931503,47.25992520749081],[-84.4220524792909,47.2601540075353],[-84.42193797927345,47.260302507564475],[-84.42185427926543,47.260447907591384],[-84.42177787925563,47.26056150761305],[-84.42170907924492,47.26064910763036],[-84.42163297924137,47.26081030765921],[-84.42156417924336,47.26099650769136],[-84.42151077924701,47.26115700771871],[-84.4214802792618,47.26134780774926],[-84.42145747927763,47.261527307777676],[-84.4214648792913,47.26161490779046],[-84.42151067932706,47.26177890781241],[-84.42155667936039,47.26192370783146],[-84.42161757939515,47.26204230784571],[-84.42171667944685,47.26219790786327],[-84.42180067949829,47.262388907886994],[-84.42199887958868,47.26259900790682],[-84.42203737960692,47.262645107911496],[-84.42212117964787,47.262755307923086],[-84.42222017969124,47.26284660793096],[-84.42234997975049,47.26298450794395],[-84.4224490797954,47.263087307953555],[-84.42257907984876,47.2631790079596],[-84.42279247994352,47.26338530797793],[-84.4229454800111,47.2635303079906],[-84.42304418006165,47.26367810800702],[-84.42310548010101,47.26383150802646],[-84.4231740801474,47.26402180805102],[-84.4232121802005,47.26433900809651],[-84.42321978021313,47.26441870810808],[-84.42323508024366,47.264617508137135],[-84.42326558027543,47.264788608161076],[-84.4232580802951,47.264959708187284],[-84.42326568032317,47.26515870821682],[-84.42326548034121,47.26529930823804],[-84.42328848037573,47.26551010826839],[-84.42331888040499,47.26566220828948],[-84.42334958043108,47.26578830830668],[-84.4234027804579,47.26586440831497],[-84.4234487804898,47.265998008332325],[-84.42349458051966,47.266116108347404],[-84.42356338056379,47.266288308369234],[-84.42371558063834,47.26648950839045],[-84.42387588071563,47.26669170841132],[-84.4242573809094,47.26724960847256],[-84.42433378094701,47.26735190848345],[-84.42440988098508,47.26745870849497],[-84.42447088101292,47.26752340850107],[-84.42455508105311,47.26762650851156],[-84.42464648109515,47.26772620852114],[-84.42473048113965,47.26786310853678],[-84.42479908118025,47.268008508554544],[-84.42491338123592,47.26815710857012],[-84.42502798129225,47.26830980858629],[-84.42513498134664,47.268466508603495],[-84.42536368145258,47.26872170862825],[-84.42547058151038,47.26890520864949],[-84.42564598159038,47.26909120866708],[-84.42577568165059,47.26923690868125],[-84.42581368166857,47.269282008685785],[-84.42601228176056,47.269503208707256],[-84.42614958182807,47.26968700872673],[-84.42638628194354,47.26999600875916],[-84.42648518199523,47.270151708776694],[-84.42663018207446,47.270407208806496],[-84.42679808216559,47.27069800884029],[-84.42685148218901,47.27074710884449],[-84.42696588223828,47.27084600885253],[-84.42704228226864,47.27089210885493],[-84.42719518232981,47.270987708860204],[-84.42730938237807,47.27107880886711],[-84.42743888243021,47.271162608871975],[-84.42762208250114,47.271258508875505],[-84.42782798258119,47.2713694088799],[-84.4279275826145,47.27138080887567],[-84.42806478266222,47.27141060887195],[-84.42815608269639,47.27144940887237],[-84.42829358274327,47.27147220886759],[-84.42846868280155,47.271490608859914],[-84.4286292828559,47.27151390885384],[-84.42876648290266,47.27153680884907],[-84.42890388294664,47.271537208840904],[-84.42896488296658,47.27154100883783],[-84.42912508301923,47.27155200882994],[-84.42926998306592,47.27155550882183],[-84.42937708310079,47.271560108816125],[-84.4294990831387,47.2715520088076],[-84.429590483167,47.271544808801046],[-84.42977388322254,47.27152130878655],[-84.42991118326357,47.271499208775076],[-84.43007128331179,47.27147640876205],[-84.4301627833375,47.27144890875246],[-84.43029238337692,47.27143380874241],[-84.43041458341203,47.27140310873052],[-84.43067408348173,47.271300808699586],[-84.4308874835385,47.271212208673504],[-84.43104788357901,47.27112870865136],[-84.43130728364858,47.271025308620295],[-84.431375783667,47.270998508612166],[-84.43146758369105,47.270957408600516],[-84.43158958372112,47.27088860858286],[-84.43171188375338,47.27083570856757],[-84.43184888378816,47.27076610854896],[-84.43198648382479,47.270709108532124],[-84.43210828385484,47.2706404085145],[-84.43225328389236,47.27057170849553],[-84.43236028392202,47.2705370084839],[-84.43255088397412,47.27046830846218],[-84.43269568401605,47.27043480844844],[-84.43292458408318,47.27038850842781],[-84.43310778413988,47.27037400841473],[-84.43330618420266,47.27036940840217],[-84.43347398425676,47.27037320839273],[-84.43364208431096,47.270377108383244],[-84.43395478442068,47.27045320837603],[-84.43457258464574,47.27066750837143],[-84.43486268474959,47.270754408367175],[-84.43499238479706,47.27080120836651],[-84.43521368487897,47.270887908366326],[-84.43533728492157,47.270912108362566]]]},"properties":{"OFFICIAL_NAME":"36"}}]}