{"type":"FeatureCollection","name":"Feux (carte écoforestière)","features":[{"type":"Feature","geometry":{"type":"Polygon","coordinates":[[[-69.611387,49.403012],[-69.611706,49.403459],[-69.61177,49.403766],[-69.6121,49.404329],[-69.612232,49.40479],[-69.612414,49.405161],[-69.612554,49.405336],[-69.612737,49.405822],[-69.612772,49.406061],[-69.612931,49.406344],[-69.612935,49.40648],[-69.612834,49.406576],[-69.612173,49.406855],[-69.611466,49.407022],[-69.610819,49.407356],[-69.610249,49.407378],[-69.610159,49.407345],[-69.610113,49.407258],[-69.610192,49.406974],[-69.610196,49.406668],[-69.610288,49.406487],[-69.610416,49.406361],[-69.610509,49.406111],[-69.610499,49.405075],[-69.610605,49.404668],[-69.610821,49.404345],[-69.610802,49.40323],[-69.610911,49.403079],[-69.611121,49.402988],[-69.611387,49.403012]]]},"properties":{"FIRE_YEAR":1991,"FIRE_TYPE_CODE":"BR","FIRE_FINAL_SIZE":5.7}},{"type":"Feature","geometry":{"type":"Polygon","coordinates":[[[-69.611445,49.413084],[-69.611308,49.412929],[-69.611206,49.41275],[-69.61129,49.412546],[-69.611596,49.412501],[-69.612239,49.412647],[-69.612474,49.412841],[-69.612738,49.413181],[-69.612807,49.413199],[-69.613084,49.413103],[-69.613141,49.412884],[-69.61322,49.412825],[-69.614119,49.412627],[-69.613862,49.413469],[-69.613393,49.413991],[-69.613283,49.414206],[-69.612955,49.414515],[-69.612809,49.414745],[-69.61196,49.414052],[-69.611835,49.413811],[-69.61188,49.41339],[-69.611445,49.413084]]]},"properties":{"FIRE_YEAR":1991,"FIRE_TYPE_CODE":"BR","FIRE_FINAL_SIZE":2.6}},{"type":"Feature","geometry":{"type":"Polygon","coordinates":[[[-69.660864,49.477785],[-69.660974,49.477872],[-69.660919,49.477983],[-69.660174,49.478602],[-69.65992,49.478422],[-69.659886,49.47827],[-69.659978,49.478062],[-69.660627,49.477819],[-69.660864,49.477785]]]},"properties":{"FIRE_YEAR":2023,"FIRE_TYPE_CODE":"BR","FIRE_FINAL_SIZE":0.4}},{"type":"Feature","geometry":{"type":"Polygon","coordinates":[[[-69.649953,49.505118],[-69.648692,49.505225],[-69.648543,49.505171],[-69.64811,49.50496],[-69.647891,49.504769],[-69.647734,49.504527],[-69.647543,49.504409],[-69.646803,49.504071],[-69.646231,49.503916],[-69.644596,49.503147],[-69.643408,49.502654],[-69.642337,49.502033],[-69.641165,49.501879],[-69.640521,49.50166],[-69.640128,49.501434],[-69.639635,49.501033],[-69.638753,49.50069],[-69.637854,49.500219],[-69.637311,49.500074],[-69.635152,49.499183],[-69.63418,49.498888],[-69.633629,49.498668],[-69.633189,49.49857],[-69.632752,49.498292],[-69.63172,49.497908],[-69.631026,49.497488],[-69.630805,49.497499],[-69.63052,49.497399],[-69.630245,49.497159],[-69.629649,49.496914],[-69.628891,49.496447],[-69.628039,49.496102],[-69.627878,49.495972],[-69.627261,49.495705],[-69.62658,49.495189],[-69.62509,49.494557],[-69.624412,49.494196],[-69.623784,49.493377],[-69.623939,49.493118],[-69.623806,49.492821],[-69.623203,49.491845],[-69.622729,49.491311],[-69.622564,49.491203],[-69.622232,49.490543],[-69.621998,49.490211],[-69.621969,49.48983],[-69.621807,49.489586],[-69.621328,49.489079],[-69.621201,49.488745],[-69.621038,49.488627],[-69.619796,49.487826],[-69.61789,49.486811],[-69.617271,49.486215],[-69.617002,49.486139],[-69.616432,49.485856],[-69.615081,49.484807],[-69.614001,49.483853],[-69.613838,49.483743],[-69.613354,49.483563],[-69.61276,49.483025],[-69.612094,49.482574],[-69.611714,49.482126],[-69.611404,49.481953],[-69.611305,49.481836],[-69.61083,49.481613],[-69.610567,49.481416],[-69.610266,49.481349],[-69.610062,49.481134],[-69.609855,49.48113],[-69.609687,49.481056],[-69.609146,49.480632],[-69.608754,49.480549],[-69.608613,49.480331],[-69.608335,49.48022],[-69.607481,49.479576],[-69.607124,49.479465],[-69.606119,49.47863],[-69.604007,49.477615],[-69.602854,49.47678],[-69.600816,49.475608],[-69.600549,49.4754],[-69.600403,49.475178],[-69.600361,49.47498],[-69.600215,49.474682],[-69.599881,49.474568],[-69.599591,49.474352],[-69.599465,49.474181],[-69.599179,49.47399],[-69.598369,49.473531],[-69.597896,49.473207],[-69.59754,49.473069],[-69.597316,49.473054],[-69.596861,49.472861],[-69.596448,49.47244],[-69.595926,49.472256],[-69.594701,49.471402],[-69.594174,49.471182],[-69.592765,49.470355],[-69.592679,49.470262],[-69.592404,49.470232],[-69.591955,49.469905],[-69.591257,49.469603],[-69.590754,49.469449],[-69.589748,49.468829],[-69.588772,49.468154],[-69.588104,49.467753],[-69.587484,49.467448],[-69.586056,49.466532],[-69.585637,49.466378],[-69.584118,49.465428],[-69.583318,49.465135],[-69.582998,49.464808],[-69.582323,49.464497],[-69.581824,49.464142],[-69.580981,49.463697],[-69.581023,49.463508],[-69.581435,49.463086],[-69.581936,49.462676],[-69.582408,49.462402],[-69.583743,49.461837],[-69.585075,49.461146],[-69.58577,49.460871],[-69.586482,49.460699],[-69.586711,49.46044],[-69.587597,49.460105],[-69.588791,49.459504],[-69.58903,49.45946],[-69.589588,49.459141],[-69.590286,49.45867],[-69.590661,49.458195],[-69.591253,49.457832],[-69.592374,49.456942],[-69.592455,49.456767],[-69.592977,49.45638],[-69.59333,49.455973],[-69.593914,49.455695],[-69.59474,49.455036],[-69.59527,49.454707],[-69.59557,49.454417],[-69.596135,49.454165],[-69.596317,49.454032],[-69.596557,49.453685],[-69.596816,49.453459],[-69.597563,49.453053],[-69.597773,49.452892],[-69.597779,49.452551],[-69.597578,49.451654],[-69.59765,49.451309],[-69.59766,49.45079],[-69.597738,49.450266],[-69.597637,49.450027],[-69.597684,49.44987],[-69.598116,49.449235],[-69.598121,49.4491],[-69.598901,49.448549],[-69.599349,49.448148],[-69.599688,49.447735],[-69.600165,49.447291],[-69.600391,49.446987],[-69.600518,49.446639],[-69.600961,49.445962],[-69.601392,49.445807],[-69.601776,49.445145],[-69.602141,49.444815],[-69.602536,49.444061],[-69.603861,49.442263],[-69.604705,49.441841],[-69.604929,49.441653],[-69.604974,49.441447],[-69.604718,49.440815],[-69.604736,49.440487],[-69.604637,49.440254],[-69.604556,49.440151],[-69.603986,49.439786],[-69.603469,49.439579],[-69.602562,49.439117],[-69.600826,49.43905],[-69.600439,49.43911],[-69.59997,49.439106],[-69.599632,49.438984],[-69.599422,49.438739],[-69.59938,49.438483],[-69.599476,49.437948],[-69.599828,49.437564],[-69.601091,49.436624],[-69.60157,49.43607],[-69.601629,49.435855],[-69.601624,49.435351],[-69.601236,49.434835],[-69.600862,49.433912],[-69.600696,49.433312],[-69.600362,49.432743],[-69.600104,49.432534],[-69.599844,49.432415],[-69.599364,49.432312],[-69.598662,49.432217],[-69.598359,49.432223],[-69.59786,49.432327],[-69.597156,49.432318],[-69.59608,49.432092],[-69.595899,49.431999],[-69.595637,49.431752],[-69.595246,49.431264],[-69.594862,49.430629],[-69.594545,49.429671],[-69.59429,49.42855],[-69.593874,49.427944],[-69.593251,49.427327],[-69.592599,49.42681],[-69.591974,49.426474],[-69.590849,49.425712],[-69.590372,49.42508],[-69.590356,49.424809],[-69.590455,49.424512],[-69.590614,49.424304],[-69.590854,49.424201],[-69.591512,49.424185],[-69.592728,49.424284],[-69.594134,49.424286],[-69.595008,49.424005],[-69.595746,49.423615],[-69.59618,49.423205],[-69.596408,49.422811],[-69.596471,49.422389],[-69.596485,49.421643],[-69.596408,49.421295],[-69.59642,49.420731],[-69.596625,49.420368],[-69.596945,49.420235],[-69.597287,49.420203],[-69.597678,49.420256],[-69.598132,49.420526],[-69.598348,49.420743],[-69.598495,49.420983],[-69.598612,49.421279],[-69.598637,49.42156],[-69.598876,49.422021],[-69.59912,49.422275],[-69.599474,49.422502],[-69.599995,49.422686],[-69.600407,49.422725],[-69.600849,49.422711],[-69.601556,49.422509],[-69.602183,49.422101],[-69.602662,49.421556],[-69.602694,49.421295],[-69.602665,49.42063],[-69.602731,49.420046],[-69.602507,49.419746],[-69.602593,49.419041],[-69.602943,49.418504],[-69.603063,49.418393],[-69.603202,49.418389],[-69.603031,49.419472],[-69.603084,49.419581],[-69.603214,49.419258],[-69.603307,49.418683],[-69.603315,49.418302],[-69.603387,49.418092],[-69.604706,49.416806],[-69.604892,49.416402],[-69.60499,49.416006],[-69.605252,49.415551],[-69.605334,49.415217],[-69.606501,49.414459],[-69.607655,49.414062],[-69.608082,49.413708],[-69.608132,49.413537],[-69.608349,49.413381],[-69.6092,49.41336],[-69.609982,49.413881],[-69.610425,49.413903],[-69.61047,49.413965],[-69.610501,49.414171],[-69.610205,49.414528],[-69.61016,49.414726],[-69.610351,49.415326],[-69.610135,49.41586],[-69.609901,49.416081],[-69.609674,49.416457],[-69.610048,49.416352],[-69.610103,49.41623],[-69.610236,49.416144],[-69.611238,49.416083],[-69.611543,49.415986],[-69.611602,49.415807],[-69.611584,49.415627],[-69.611627,49.415575],[-69.611852,49.415465],[-69.612625,49.415261],[-69.612368,49.416241],[-69.612064,49.416866],[-69.611945,49.417239],[-69.611827,49.417389],[-69.611681,49.417925],[-69.611141,49.418757],[-69.610911,49.419262],[-69.610067,49.421295],[-69.609874,49.421446],[-69.609297,49.421582],[-69.607736,49.421649],[-69.607113,49.421819],[-69.606096,49.422184],[-69.605888,49.422323],[-69.605591,49.422686],[-69.605419,49.423116],[-69.604861,49.423489],[-69.604382,49.424044],[-69.603919,49.424219],[-69.603706,49.424368],[-69.603646,49.424538],[-69.603718,49.424834],[-69.603836,49.424954],[-69.60437,49.425256],[-69.605509,49.4253],[-69.605915,49.425374],[-69.606156,49.425521],[-69.60627,49.425754],[-69.606384,49.425839],[-69.606832,49.425917],[-69.607298,49.426281],[-69.607324,49.426953],[-69.607011,49.427634],[-69.606465,49.428197],[-69.606408,49.428433],[-69.606435,49.428984],[-69.606592,49.429076],[-69.606994,49.429002],[-69.607173,49.428877],[-69.607248,49.428665],[-69.607406,49.42843],[-69.607691,49.428342],[-69.607823,49.428357],[-69.608513,49.428646],[-69.608842,49.428915],[-69.608897,49.42904],[-69.608898,49.42956],[-69.608812,49.429689],[-69.608401,49.429954],[-69.608295,49.430077],[-69.608246,49.430201],[-69.608252,49.430502],[-69.608323,49.43062],[-69.608806,49.431003],[-69.609104,49.431411],[-69.60919,49.431584],[-69.609273,49.432101],[-69.609359,49.432141],[-69.609569,49.432112],[-69.609726,49.431987],[-69.609875,49.431576],[-69.609868,49.43102],[-69.609892,49.430968],[-69.609986,49.430962],[-69.610348,49.431496],[-69.610478,49.431885],[-69.610651,49.432142],[-69.610791,49.432509],[-69.611681,49.433053],[-69.613452,49.43482],[-69.614177,49.435426],[-69.614368,49.435648],[-69.61452,49.436052],[-69.614884,49.436733],[-69.615232,49.437609],[-69.615743,49.438429],[-69.615809,49.438696],[-69.616343,49.439747],[-69.617062,49.440717],[-69.617762,49.441352],[-69.618203,49.4416],[-69.618769,49.44181],[-69.61897,49.441987],[-69.619168,49.442085],[-69.619609,49.442212],[-69.621389,49.443],[-69.622263,49.443509],[-69.623273,49.443885],[-69.6241,49.444339],[-69.624474,49.444607],[-69.624658,49.444833],[-69.625235,49.445309],[-69.625883,49.446008],[-69.626519,49.446498],[-69.626779,49.446777],[-69.626964,49.447069],[-69.627276,49.447325],[-69.627531,49.447655],[-69.627931,49.44849],[-69.628632,49.448774],[-69.628989,49.448868],[-69.629331,49.449065],[-69.628939,49.449664],[-69.629019,49.450897],[-69.629109,49.4512],[-69.629269,49.451335],[-69.629522,49.451449],[-69.630561,49.451666],[-69.630821,49.451791],[-69.630879,49.451889],[-69.630756,49.452127],[-69.630249,49.452614],[-69.630008,49.452916],[-69.62984,49.453604],[-69.62969,49.453808],[-69.629496,49.453943],[-69.629234,49.454018],[-69.628567,49.454078],[-69.627857,49.45438],[-69.627331,49.454391],[-69.626855,49.454286],[-69.625732,49.45372],[-69.625389,49.453629],[-69.625085,49.453633],[-69.62502,49.453677],[-69.625005,49.453782],[-69.62516,49.454163],[-69.625167,49.455012],[-69.624988,49.455132],[-69.624221,49.455249],[-69.623764,49.455212],[-69.6234,49.45512],[-69.622446,49.454744],[-69.621486,49.454145],[-69.621052,49.453932],[-69.619941,49.453178],[-69.618981,49.452703],[-69.618088,49.452531],[-69.61683,49.452537],[-69.616246,49.452461],[-69.615975,49.452301],[-69.615673,49.451961],[-69.615545,49.4519],[-69.61534,49.451895],[-69.615104,49.45197],[-69.614883,49.452117],[-69.614113,49.452975],[-69.613777,49.453247],[-69.613446,49.453597],[-69.613235,49.453955],[-69.613144,49.454223],[-69.613173,49.454727],[-69.613351,49.454944],[-69.613697,49.455183],[-69.614097,49.455631],[-69.614648,49.456077],[-69.615156,49.456678],[-69.616459,49.45764],[-69.617138,49.458367],[-69.617863,49.458894],[-69.618401,49.459194],[-69.619039,49.459402],[-69.61943,49.45939],[-69.619842,49.459159],[-69.620083,49.458956],[-69.620133,49.458847],[-69.620125,49.458516],[-69.620063,49.45841],[-69.619193,49.457763],[-69.618287,49.456956],[-69.61773,49.456555],[-69.617687,49.455866],[-69.617827,49.455761],[-69.618216,49.455832],[-69.619749,49.456322],[-69.620208,49.456543],[-69.621378,49.457308],[-69.622845,49.457833],[-69.623269,49.458221],[-69.623727,49.458746],[-69.624563,49.45906],[-69.625479,49.459272],[-69.626153,49.45955],[-69.626473,49.459765],[-69.626842,49.460241],[-69.626957,49.460456],[-69.627147,49.461431],[-69.62726,49.461516],[-69.627427,49.461542],[-69.627861,49.461528],[-69.628139,49.461419],[-69.628238,49.461293],[-69.628336,49.460863],[-69.628305,49.459984],[-69.628172,49.459637],[-69.627917,49.459319],[-69.627616,49.458785],[-69.627571,49.457507],[-69.627222,49.456782],[-69.627217,49.456357],[-69.627436,49.455831],[-69.627615,49.455635],[-69.627897,49.455443],[-69.628388,49.455318],[-69.628515,49.455244],[-69.628622,49.455024],[-69.628637,49.454729],[-69.628751,49.454639],[-69.629191,49.454655],[-69.629452,49.454822],[-69.62957,49.455014],[-69.629796,49.455096],[-69.630302,49.455083],[-69.630762,49.454895],[-69.631343,49.454849],[-69.631754,49.45475],[-69.631841,49.454692],[-69.631874,49.454596],[-69.631806,49.453907],[-69.631828,49.453877],[-69.632005,49.453955],[-69.632185,49.453953],[-69.632362,49.453866],[-69.632517,49.45369],[-69.63252,49.453187],[-69.632775,49.452538],[-69.632677,49.452284],[-69.63255,49.452138],[-69.632458,49.451928],[-69.63205,49.451415],[-69.631535,49.450204],[-69.631503,49.449861],[-69.631736,49.449936],[-69.632174,49.4503],[-69.632683,49.450864],[-69.633082,49.45142],[-69.633461,49.451483],[-69.633637,49.451641],[-69.634522,49.4528],[-69.634824,49.453087],[-69.635037,49.453512],[-69.635171,49.454012],[-69.636016,49.454761],[-69.636296,49.454842],[-69.636424,49.454825],[-69.636482,49.454758],[-69.636415,49.454095],[-69.636187,49.453707],[-69.636218,49.453635],[-69.638403,49.454256],[-69.638998,49.454529],[-69.63959,49.454933],[-69.639942,49.455261],[-69.640335,49.455902],[-69.640664,49.45625],[-69.64081,49.456496],[-69.641275,49.456957],[-69.641713,49.457625],[-69.642021,49.457963],[-69.642182,49.458213],[-69.6423,49.458589],[-69.642329,49.459314],[-69.642716,49.46004],[-69.64289,49.460924],[-69.642921,49.461313],[-69.643119,49.461722],[-69.643324,49.461904],[-69.643635,49.462058],[-69.64391,49.462267],[-69.644262,49.46268],[-69.644351,49.462995],[-69.644378,49.463656],[-69.644754,49.464372],[-69.644914,49.464798],[-69.645145,49.464973],[-69.64563,49.465186],[-69.64618,49.465566],[-69.646367,49.465785],[-69.646686,49.465983],[-69.647385,49.466606],[-69.647802,49.466861],[-69.64818,49.466966],[-69.648423,49.467112],[-69.648567,49.467778],[-69.648398,49.467882],[-69.64797,49.468002],[-69.64698,49.468006],[-69.645876,49.46781],[-69.645053,49.46781],[-69.643625,49.467954],[-69.643399,49.46806],[-69.643362,49.468145],[-69.643372,49.468508],[-69.643482,49.468902],[-69.644495,49.469407],[-69.644936,49.46993],[-69.645156,49.470088],[-69.645952,49.470384],[-69.646404,49.470654],[-69.646511,49.470744],[-69.646559,49.470985],[-69.646741,49.471051],[-69.645935,49.47145],[-69.645699,49.471484],[-69.644898,49.471778],[-69.644421,49.471822],[-69.64368,49.471766],[-69.64246,49.471818],[-69.641668,49.471616],[-69.640276,49.471514],[-69.63981,49.47135],[-69.639565,49.471341],[-69.639251,49.471258],[-69.638094,49.470825],[-69.637997,49.470833],[-69.638063,49.471004],[-69.638403,49.471304],[-69.638608,49.471395],[-69.639923,49.47161],[-69.640231,49.471731],[-69.640698,49.471833],[-69.642956,49.472156],[-69.643512,49.47208],[-69.644074,49.47211],[-69.644329,49.472027],[-69.645083,49.471992],[-69.645623,49.471915],[-69.645707,49.47187],[-69.645859,49.471651],[-69.646111,49.47147],[-69.646414,49.471497],[-69.647437,49.471079],[-69.649191,49.471219],[-69.649436,49.471303],[-69.649506,49.471431],[-69.649396,49.471528],[-69.649006,49.47165],[-69.647197,49.471984],[-69.646751,49.472256],[-69.646406,49.472379],[-69.646339,49.472479],[-69.646403,49.472694],[-69.646497,49.472766],[-69.647062,49.473046],[-69.64727,49.473097],[-69.648117,49.473018],[-69.648734,49.472885],[-69.648929,49.472652],[-69.649126,49.472568],[-69.649975,49.472475],[-69.650452,49.472511],[-69.650696,49.472601],[-69.650923,49.472812],[-69.650997,49.472954],[-69.651004,49.473158],[-69.650941,49.473261],[-69.650236,49.473555],[-69.649977,49.4739],[-69.649901,49.474179],[-69.650205,49.474917],[-69.650145,49.475085],[-69.649169,49.475599],[-69.648165,49.475697],[-69.649536,49.476149],[-69.64958,49.476255],[-69.649582,49.476555],[-69.649487,49.476904],[-69.649304,49.477252],[-69.649157,49.477396],[-69.648885,49.477544],[-69.648376,49.477667],[-69.647822,49.477704],[-69.647735,49.47778],[-69.647739,49.477899],[-69.648051,49.478096],[-69.648484,49.478177],[-69.64913,49.478419],[-69.650434,49.478417],[-69.651282,49.478511],[-69.651715,49.478706],[-69.651833,49.478874],[-69.651778,49.47906],[-69.651467,49.47927],[-69.650701,49.479295],[-69.650332,49.479213],[-69.64912,49.47915],[-69.648463,49.479055],[-69.646185,49.478403],[-69.645656,49.478405],[-69.64534,49.478509],[-69.645107,49.478692],[-69.644979,49.479006],[-69.64482,49.479218],[-69.644754,49.479454],[-69.644558,49.479724],[-69.643256,49.480306],[-69.642787,49.480622],[-69.642663,49.480839],[-69.64273,49.480961],[-69.643385,49.481122],[-69.643919,49.481366],[-69.644508,49.48193],[-69.644525,49.48208],[-69.64441,49.482249],[-69.644101,49.482417],[-69.643593,49.482529],[-69.642423,49.482331],[-69.642087,49.482373],[-69.64121,49.48276],[-69.640867,49.482858],[-69.640811,49.482943],[-69.640835,49.483082],[-69.641084,49.483329],[-69.642325,49.4842],[-69.642602,49.484336],[-69.643432,49.484537],[-69.643565,49.484671],[-69.643759,49.48507],[-69.644089,49.485292],[-69.644805,49.485595],[-69.645468,49.485941],[-69.646182,49.486076],[-69.647412,49.486077],[-69.647809,49.486186],[-69.648071,49.486321],[-69.64832,49.486538],[-69.648376,49.486645],[-69.648425,49.487667],[-69.648778,49.487856],[-69.649386,49.487968],[-69.649549,49.488042],[-69.649586,49.488323],[-69.649449,49.488706],[-69.64948,49.488807],[-69.649652,49.488957],[-69.649921,49.489069],[-69.650382,49.489076],[-69.650558,49.489048],[-69.651036,49.488819],[-69.651324,49.488814],[-69.651463,49.488875],[-69.6515,49.488982],[-69.651504,49.489505],[-69.651324,49.489778],[-69.651259,49.490029],[-69.651147,49.490208],[-69.651163,49.490663],[-69.651511,49.49095],[-69.652159,49.49117],[-69.652764,49.491165],[-69.653419,49.491093],[-69.653993,49.490908],[-69.654362,49.490718],[-69.654433,49.490629],[-69.654445,49.490329],[-69.654369,49.48978],[-69.65382,49.489352],[-69.653539,49.488945],[-69.653478,49.488663],[-69.653525,49.488551],[-69.653626,49.488477],[-69.654536,49.488232],[-69.654641,49.488139],[-69.653821,49.487758],[-69.653748,49.487662],[-69.653752,49.48746],[-69.653819,49.48739],[-69.654229,49.487212],[-69.655612,49.486855],[-69.655875,49.486654],[-69.655887,49.486108],[-69.655824,49.48589],[-69.655636,49.485571],[-69.655717,49.48508],[-69.656219,49.4848],[-69.656493,49.484712],[-69.656799,49.484713],[-69.657273,49.484921],[-69.657481,49.485094],[-69.657656,49.485363],[-69.657965,49.486306],[-69.658171,49.486593],[-69.658465,49.486807],[-69.658486,49.487343],[-69.658317,49.487582],[-69.658088,49.487735],[-69.657899,49.487957],[-69.657843,49.488111],[-69.657796,49.488758],[-69.65754,49.489462],[-69.657548,49.489565],[-69.65777,49.489781],[-69.658543,49.490119],[-69.658839,49.490212],[-69.659491,49.49023],[-69.65976,49.490329],[-69.660065,49.490655],[-69.660104,49.491392],[-69.660265,49.492229],[-69.660296,49.492636],[-69.660759,49.493213],[-69.661242,49.493464],[-69.661589,49.49377],[-69.661762,49.494144],[-69.661829,49.494553],[-69.661853,49.495344],[-69.661799,49.495642],[-69.661609,49.496131],[-69.661265,49.496634],[-69.661142,49.496941],[-69.66098,49.497149],[-69.660658,49.497401],[-69.660221,49.497589],[-69.659891,49.497666],[-69.659171,49.497673],[-69.658876,49.497494],[-69.658609,49.497051],[-69.658489,49.496726],[-69.657999,49.496236],[-69.657933,49.49597],[-69.657965,49.495203],[-69.657913,49.495115],[-69.657717,49.495046],[-69.657476,49.49504],[-69.656556,49.495123],[-69.656148,49.495245],[-69.655582,49.495491],[-69.655325,49.495828],[-69.655265,49.496422],[-69.655185,49.496585],[-69.655209,49.498148],[-69.655097,49.498222],[-69.654575,49.498265],[-69.654543,49.498376],[-69.654615,49.49869],[-69.65481,49.498951],[-69.655053,49.499114],[-69.655347,49.499235],[-69.656147,49.499416],[-69.656754,49.499748],[-69.657399,49.500013],[-69.65789,49.500323],[-69.65795,49.500461],[-69.657974,49.501425],[-69.658073,49.501648],[-69.658065,49.50199],[-69.657576,49.502285],[-69.657054,49.502391],[-69.656249,49.502636],[-69.655579,49.502711],[-69.655227,49.502895],[-69.654866,49.503338],[-69.654643,49.503537],[-69.654381,49.504009],[-69.653708,49.504624],[-69.653476,49.504911],[-69.653395,49.505379],[-69.653258,49.505472],[-69.652176,49.505498],[-69.651263,49.505115],[-69.649953,49.505118]],[[-69.647364,49.497996],[-69.64763,49.4978],[-69.648181,49.497076],[-69.648569,49.496433],[-69.649166,49.496013],[-69.649544,49.495683],[-69.649843,49.495146],[-69.649902,49.494949],[-69.649709,49.494716],[-69.649799,49.494534],[-69.649444,49.493498],[-69.649239,49.493352],[-69.648609,49.493078],[-69.647436,49.493051],[-69.646297,49.493492],[-69.645976,49.493661],[-69.645818,49.494001],[-69.645512,49.494925],[-69.645449,49.495383],[-69.645605,49.495652],[-69.645522,49.495942],[-69.645582,49.496466],[-69.645537,49.496688],[-69.645779,49.497129],[-69.645637,49.4973],[-69.645607,49.497408],[-69.645702,49.497525],[-69.646342,49.498007],[-69.646811,49.498073],[-69.647364,49.497996]],[[-69.630371,49.478402],[-69.630556,49.478088],[-69.630394,49.477835],[-69.63019,49.477672],[-69.629711,49.477488],[-69.62883,49.477508],[-69.628609,49.477336],[-69.628319,49.477352],[-69.628387,49.477433],[-69.628673,49.477509],[-69.628809,49.477769],[-69.629583,49.478485],[-69.629733,49.478541],[-69.630133,49.478571],[-69.630371,49.478402]],[[-69.600686,49.456521],[-69.600462,49.456681],[-69.600444,49.456933],[-69.600537,49.457113],[-69.600811,49.457187],[-69.601102,49.457163],[-69.601383,49.456832],[-69.601306,49.456544],[-69.601266,49.45648],[-69.600686,49.456521]],[[-69.600761,49.453923],[-69.600715,49.454138],[-69.600741,49.454228],[-69.601206,49.454484],[-69.601631,49.454622],[-69.601769,49.454623],[-69.601977,49.454544],[-69.601875,49.454441],[-69.60208,49.454203],[-69.601723,49.454021],[-69.601507,49.453848],[-69.601094,49.453826],[-69.600761,49.453923]],[[-69.603337,49.451862],[-69.603289,49.45161],[-69.603346,49.451362],[-69.603321,49.451182],[-69.60304,49.451023],[-69.602887,49.450783],[-69.602777,49.450773],[-69.602852,49.451028],[-69.602711,49.451366],[-69.602734,49.451636],[-69.603112,49.451977],[-69.603243,49.452194],[-69.603045,49.452844],[-69.60265,49.453191],[-69.602635,49.453263],[-69.602769,49.453462],[-69.602988,49.453589],[-69.603292,49.453529],[-69.603558,49.453333],[-69.603605,49.453037],[-69.603528,49.452684],[-69.603593,49.452164],[-69.603337,49.451862]],[[-69.608625,49.418805],[-69.608252,49.41891],[-69.60821,49.419084],[-69.608241,49.419192],[-69.608742,49.419352],[-69.609029,49.4195],[-69.609445,49.419385],[-69.609479,49.419315],[-69.609462,49.419064],[-69.609409,49.418946],[-69.60915,49.418782],[-69.608625,49.418805]]]},"properties":{"FIRE_YEAR":1991,"FIRE_TYPE_CODE":"BR","FIRE_FINAL_SIZE":2114.7}},{"type":"Feature","geometry":{"type":"Polygon","coordinates":[[[-69.481123,49.373602],[-69.481901,49.374051],[-69.481972,49.375414],[-69.481573,49.375734],[-69.481463,49.375896],[-69.481345,49.375948],[-69.48126,49.375969],[-69.480873,49.375841],[-69.480022,49.375469],[-69.479736,49.375303],[-69.479624,49.375049],[-69.479652,49.374719],[-69.479579,49.374312],[-69.480081,49.373931],[-69.480128,49.373671],[-69.480409,49.373452],[-69.481123,49.373602]]]},"properties":{"FIRE_YEAR":1991,"FIRE_TYPE_CODE":"BR","FIRE_FINAL_SIZE":3.6}},{"type":"Feature","geometry":{"type":"Polygon","coordinates":[[[-69.713,49.473592],[-69.712378,49.473939],[-69.711808,49.474148],[-69.71159,49.474329],[-69.711525,49.474494],[-69.711625,49.474636],[-69.71188,49.474789],[-69.712578,49.474917],[-69.712537,49.475053],[-69.712157,49.475269],[-69.712117,49.475497],[-69.712189,49.475601],[-69.712526,49.475668],[-69.713,49.47567],[-69.713,49.479785],[-69.71212,49.479481],[-69.711596,49.479376],[-69.709982,49.478773],[-69.708924,49.478463],[-69.70803,49.478262],[-69.70726,49.477882],[-69.70677,49.477518],[-69.70672,49.477385],[-69.706074,49.477249],[-69.70567,49.477283],[-69.704941,49.477087],[-69.704253,49.477038],[-69.703256,49.476832],[-69.703007,49.476908],[-69.702574,49.477432],[-69.702593,49.477634],[-69.702378,49.47775],[-69.701791,49.477703],[-69.700673,49.477815],[-69.700276,49.477757],[-69.699613,49.47744],[-69.699307,49.477499],[-69.699062,49.477618],[-69.698767,49.477593],[-69.698264,49.477227],[-69.697842,49.47729],[-69.697736,49.477251],[-69.697628,49.477374],[-69.697553,49.477383],[-69.697331,49.477185],[-69.697315,49.476986],[-69.696916,49.476876],[-69.696731,49.477005],[-69.696706,49.477323],[-69.696609,49.477329],[-69.696547,49.47723],[-69.696427,49.477198],[-69.696352,49.477521],[-69.696614,49.478106],[-69.696679,49.478466],[-69.696522,49.47879],[-69.696156,49.479202],[-69.696436,49.479122],[-69.697278,49.478658],[-69.69782,49.478506],[-69.698919,49.478402],[-69.699955,49.478499],[-69.700707,49.478475],[-69.70127,49.47834],[-69.701629,49.478106],[-69.701807,49.478054],[-69.702108,49.478059],[-69.703017,49.478257],[-69.703465,49.478289],[-69.703988,49.478802],[-69.704257,49.478917],[-69.704801,49.478928],[-69.705247,49.478869],[-69.70549,49.478797],[-69.705824,49.478507],[-69.706011,49.478414],[-69.706477,49.478458],[-69.709346,49.479227],[-69.709997,49.479474],[-69.710169,49.479663],[-69.710206,49.480346],[-69.710077,49.480401],[-69.709802,49.480389],[-69.70923,49.48002],[-69.708663,49.48024],[-69.708178,49.48054],[-69.707607,49.481105],[-69.707298,49.481671],[-69.707282,49.48181],[-69.707351,49.48187],[-69.707922,49.481964],[-69.708146,49.481823],[-69.708423,49.481378],[-69.709096,49.48135],[-69.709622,49.481273],[-69.710582,49.48128],[-69.711023,49.48135],[-69.711304,49.481496],[-69.711562,49.481543],[-69.711914,49.481372],[-69.713,49.481426],[-69.713,49.48403],[-69.712627,49.484201],[-69.712437,49.484215],[-69.711648,49.483789],[-69.710954,49.483506],[-69.710527,49.483442],[-69.710477,49.483533],[-69.710559,49.483895],[-69.710714,49.484218],[-69.710443,49.484432],[-69.710021,49.484573],[-69.708956,49.484577],[-69.708566,49.484445],[-69.707326,49.484954],[-69.707137,49.485233],[-69.707194,49.485394],[-69.707598,49.485583],[-69.708172,49.485507],[-69.708603,49.485566],[-69.708897,49.48569],[-69.709395,49.486028],[-69.709549,49.486236],[-69.710359,49.486039],[-69.710909,49.486197],[-69.711385,49.486489],[-69.711332,49.486583],[-69.711352,49.486751],[-69.711681,49.486908],[-69.712281,49.486797],[-69.71278,49.487014],[-69.713,49.487021],[-69.713,49.488339],[-69.71189,49.488265],[-69.711446,49.488039],[-69.711263,49.487994],[-69.711013,49.488038],[-69.710981,49.488186],[-69.711068,49.4887],[-69.711198,49.488932],[-69.711801,49.488831],[-69.712046,49.488879],[-69.712174,49.489002],[-69.71196,49.489564],[-69.711762,49.489783],[-69.711692,49.489958],[-69.711739,49.490047],[-69.711903,49.490148],[-69.712499,49.49028],[-69.712681,49.490413],[-69.712728,49.490556],[-69.712701,49.490676],[-69.712352,49.490902],[-69.712321,49.490988],[-69.71266,49.491018],[-69.713,49.490864],[-69.713,49.492654],[-69.712609,49.49264],[-69.712396,49.492711],[-69.711816,49.493273],[-69.711669,49.493364],[-69.711236,49.493176],[-69.71065,49.493079],[-69.710279,49.492721],[-69.709866,49.49243],[-69.709626,49.492051],[-69.709228,49.491864],[-69.709319,49.491597],[-69.709261,49.491442],[-69.708691,49.491471],[-69.707907,49.491137],[-69.707839,49.491259],[-69.707846,49.491547],[-69.707916,49.49173],[-69.707733,49.492136],[-69.707692,49.492442],[-69.7077,49.492827],[-69.70776,49.493008],[-69.707675,49.493236],[-69.707516,49.493457],[-69.707371,49.493937],[-69.706894,49.494754],[-69.706593,49.495149],[-69.706477,49.495399],[-69.706207,49.496644],[-69.705981,49.498479],[-69.705992,49.498656],[-69.706313,49.49909],[-69.706379,49.499121],[-69.706523,49.499068],[-69.707134,49.498698],[-69.708121,49.497378],[-69.708616,49.496879],[-69.709359,49.496384],[-69.709699,49.496344],[-69.710219,49.496599],[-69.710526,49.496853],[-69.710705,49.497039],[-69.711026,49.497589],[-69.711146,49.499245],[-69.711365,49.499997],[-69.7115,49.500254],[-69.711599,49.500337],[-69.711836,49.50042],[-69.712143,49.500437],[-69.713,49.500649],[-69.713,49.504222],[-69.712674,49.504367],[-69.712435,49.504405],[-69.712193,49.504356],[-69.711846,49.50418],[-69.711757,49.504203],[-69.711906,49.504371],[-69.712173,49.504477],[-69.712467,49.504501],[-69.713,49.504455],[-69.713,49.50488],[-69.712958,49.504945],[-69.712147,49.505515],[-69.71199,49.505701],[-69.711898,49.50598],[-69.71203,49.506097],[-69.712628,49.506316],[-69.712786,49.506423],[-69.712812,49.5065],[-69.712708,49.506641],[-69.712489,49.506779],[-69.712282,49.506815],[-69.711823,49.506715],[-69.711583,49.506818],[-69.711494,49.506951],[-69.711536,49.507134],[-69.711735,49.50738],[-69.712285,49.507763],[-69.712481,49.507986],[-69.712721,49.508049],[-69.712764,49.507998],[-69.712538,49.507779],[-69.712511,49.507614],[-69.712864,49.507101],[-69.71296,49.506899],[-69.712946,49.50679],[-69.713,49.506746],[-69.713,49.51],[-69.707741,49.51],[-69.707359,49.509649],[-69.706831,49.509503],[-69.706692,49.509563],[-69.70642,49.509833],[-69.706103,49.51],[-69.699835,49.51],[-69.699672,49.509604],[-69.699672,49.50929],[-69.699773,49.508907],[-69.700048,49.508562],[-69.70072,49.508442],[-69.701158,49.508425],[-69.702543,49.508551],[-69.703082,49.508496],[-69.703388,49.50832],[-69.703391,49.508134],[-69.70336,49.507958],[-69.703086,49.5075],[-69.702853,49.507258],[-69.702033,49.506631],[-69.701005,49.506111],[-69.700461,49.505717],[-69.699999,49.505236],[-69.69944,49.504844],[-69.69932,49.504813],[-69.699156,49.504913],[-69.699053,49.50523],[-69.698897,49.505423],[-69.698963,49.506069],[-69.698912,49.506388],[-69.698744,49.506762],[-69.698284,49.507076],[-69.697507,49.507279],[-69.697394,49.507406],[-69.698131,49.508871],[-69.69846,49.509357],[-69.698849,49.509682],[-69.699079,49.51],[-69.692778,49.51],[-69.692796,49.509551],[-69.692964,49.508905],[-69.693006,49.508361],[-69.693115,49.508169],[-69.693371,49.507923],[-69.693428,49.507783],[-69.693416,49.507561],[-69.693366,49.507504],[-69.693047,49.507413],[-69.692968,49.507344],[-69.692955,49.507266],[-69.693125,49.50694],[-69.693449,49.506657],[-69.693663,49.506015],[-69.693667,49.50567],[-69.693528,49.505267],[-69.693008,49.504491],[-69.692952,49.504229],[-69.693225,49.503216],[-69.693268,49.502279],[-69.69329,49.502382],[-69.69373,49.501678],[-69.693829,49.501655],[-69.694042,49.501787],[-69.694007,49.501432],[-69.694603,49.501181],[-69.694863,49.500867],[-69.69516,49.500744],[-69.695223,49.500668],[-69.694972,49.499995],[-69.694726,49.499644],[-69.69464,49.499425],[-69.694529,49.499318],[-69.694076,49.499119],[-69.693934,49.498767],[-69.693921,49.49857],[-69.69399,49.498041],[-69.694145,49.497393],[-69.694438,49.497032],[-69.694525,49.496713],[-69.694868,49.496385],[-69.695178,49.495991],[-69.69517,49.495924],[-69.694943,49.49572],[-69.694895,49.495617],[-69.695118,49.4952],[-69.694969,49.494896],[-69.6952,49.494818],[-69.695228,49.494748],[-69.695064,49.494546],[-69.694966,49.494304],[-69.694532,49.494163],[-69.694405,49.494042],[-69.694346,49.493746],[-69.694542,49.493381],[-69.694129,49.492944],[-69.694115,49.492866],[-69.69418,49.492701],[-69.694145,49.4926],[-69.694037,49.492525],[-69.693938,49.492764],[-69.693525,49.492766],[-69.693414,49.49215],[-69.693341,49.491994],[-69.693218,49.491904],[-69.692919,49.491903],[-69.692769,49.491764],[-69.692686,49.491753],[-69.692478,49.491811],[-69.692353,49.491917],[-69.691745,49.492167],[-69.691263,49.492509],[-69.690808,49.492612],[-69.690582,49.49253],[-69.689733,49.491997],[-69.689447,49.491729],[-69.689263,49.491466],[-69.689164,49.491444],[-69.689109,49.491511],[-69.689126,49.491591],[-69.68929,49.491839],[-69.689241,49.492129],[-69.689032,49.492299],[-69.688435,49.492489],[-69.688316,49.492589],[-69.688298,49.492766],[-69.688412,49.493181],[-69.688368,49.493276],[-69.688163,49.493324],[-69.68708,49.493247],[-69.686904,49.493271],[-69.686861,49.493329],[-69.687069,49.493907],[-69.687364,49.494127],[-69.687608,49.494196],[-69.687873,49.49414],[-69.689127,49.493607],[-69.69042,49.492947],[-69.690891,49.492791],[-69.691752,49.492701],[-69.692528,49.492781],[-69.693159,49.493085],[-69.693449,49.493328],[-69.693776,49.493945],[-69.693779,49.493992],[-69.693656,49.49402],[-69.693577,49.494094],[-69.693516,49.494349],[-69.693849,49.494919],[-69.694183,49.49516],[-69.693774,49.495318],[-69.693585,49.495459],[-69.693259,49.496034],[-69.693224,49.496271],[-69.693328,49.49651],[-69.693102,49.496441],[-69.692818,49.496592],[-69.692676,49.496778],[-69.692587,49.497106],[-69.692288,49.49737],[-69.692079,49.49743],[-69.691967,49.497365],[-69.691915,49.497219],[-69.69138,49.497192],[-69.691106,49.497332],[-69.689705,49.497846],[-69.689561,49.497958],[-69.689477,49.498044],[-69.68918,49.498747],[-69.688709,49.499109],[-69.688516,49.499489],[-69.687857,49.500322],[-69.687843,49.501048],[-69.687775,49.501682],[-69.687653,49.50205],[-69.687618,49.502591],[-69.687513,49.502846],[-69.687156,49.503189],[-69.687034,49.503423],[-69.686916,49.504009],[-69.686925,49.504191],[-69.686993,49.504333],[-69.687244,49.504544],[-69.687702,49.504794],[-69.688481,49.50505],[-69.688758,49.505072],[-69.689767,49.505029],[-69.690473,49.504849],[-69.691727,49.504703],[-69.692315,49.504722],[-69.692563,49.504893],[-69.691669,49.505126],[-69.691356,49.505355],[-69.691346,49.505461],[-69.691655,49.505575],[-69.691815,49.505576],[-69.692376,49.505381],[-69.692629,49.505345],[-69.692901,49.505442],[-69.693131,49.50559],[-69.693168,49.505859],[-69.693141,49.506161],[-69.693056,49.506367],[-69.692684,49.506928],[-69.692607,49.507207],[-69.692799,49.507484],[-69.693146,49.507593],[-69.693164,49.507745],[-69.692432,49.507771],[-69.690185,49.507704],[-69.690043,49.507808],[-69.689925,49.50799],[-69.689528,49.509057],[-69.689521,49.509445],[-69.689646,49.51],[-69.688603,49.51],[-69.688355,49.509467],[-69.688131,49.509231],[-69.688083,49.509308],[-69.688105,49.509551],[-69.68833,49.51],[-69.667514,49.51],[-69.667547,49.509649],[-69.667835,49.509042],[-69.667445,49.508859],[-69.667103,49.50884],[-69.666999,49.508757],[-69.666912,49.50856],[-69.666482,49.508691],[-69.66633,49.508844],[-69.666243,49.509296],[-69.66599,49.509777],[-69.666016,49.51],[-69.664569,49.51],[-69.664621,49.509822],[-69.664609,49.509668],[-69.664521,49.509455],[-69.664399,49.509394],[-69.664456,49.508829],[-69.664411,49.508712],[-69.664263,49.50876],[-69.664146,49.508858],[-69.664003,49.50918],[-69.663755,49.509494],[-69.663712,49.51],[-69.660823,49.51],[-69.660965,49.509859],[-69.660762,49.50967],[-69.660703,49.509346],[-69.660379,49.509223],[-69.660283,49.509251],[-69.660261,49.50933],[-69.660379,49.51],[-69.656521,49.51],[-69.656602,49.509756],[-69.656614,49.509486],[-69.656208,49.509354],[-69.655682,49.509341],[-69.65555,49.509288],[-69.655702,49.509101],[-69.655493,49.508819],[-69.655448,49.508515],[-69.655178,49.50824],[-69.654828,49.507991],[-69.654512,49.507843],[-69.654125,49.507756],[-69.653796,49.507446],[-69.653303,49.507225],[-69.651759,49.506712],[-69.651436,49.506541],[-69.651322,49.506313],[-69.651203,49.506228],[-69.650129,49.506008],[-69.649205,49.505444],[-69.64811,49.50496],[-69.647891,49.504769],[-69.647723,49.504524],[-69.647549,49.504414],[-69.646831,49.504082],[-69.646231,49.503916],[-69.644601,49.503152],[-69.643408,49.502654],[-69.642339,49.502036],[-69.641165,49.501879],[-69.640521,49.50166],[-69.640128,49.501434],[-69.639683,49.501068],[-69.639331,49.50089],[-69.638887,49.500496],[-69.638325,49.500219],[-69.638362,49.500174],[-69.638648,49.500126],[-69.639469,49.500078],[-69.639993,49.499929],[-69.640314,49.499782],[-69.640608,49.499523],[-69.640783,49.499058],[-69.641002,49.498788],[-69.641662,49.498772],[-69.642019,49.498909],[-69.642243,49.49885],[-69.642358,49.498707],[-69.64247,49.497995],[-69.642628,49.497847],[-69.644028,49.497918],[-69.644707,49.497791],[-69.644968,49.497886],[-69.645232,49.498186],[-69.645585,49.498449],[-69.645377,49.498847],[-69.645357,49.498986],[-69.645481,49.499214],[-69.645798,49.499398],[-69.645624,49.499777],[-69.645957,49.500267],[-69.645927,49.500542],[-69.646442,49.501064],[-69.646636,49.50134],[-69.647265,49.501512],[-69.6476,49.501928],[-69.647835,49.502093],[-69.648128,49.502124],[-69.648809,49.502053],[-69.649567,49.501634],[-69.650085,49.50123],[-69.650585,49.501342],[-69.650837,49.501344],[-69.651173,49.501261],[-69.65168,49.501026],[-69.652361,49.500984],[-69.653323,49.500792],[-69.653607,49.500853],[-69.654295,49.501272],[-69.65444,49.501409],[-69.654511,49.501634],[-69.654569,49.501675],[-69.65485,49.501555],[-69.655085,49.501366],[-69.655312,49.501044],[-69.655398,49.500746],[-69.655388,49.500479],[-69.655293,49.500263],[-69.655046,49.500054],[-69.654884,49.49982],[-69.654692,49.499675],[-69.654412,49.49964],[-69.653557,49.499779],[-69.653418,49.499645],[-69.653293,49.499249],[-69.653055,49.499169],[-69.65236,49.499255],[-69.651842,49.49942],[-69.651574,49.499573],[-69.6512,49.499629],[-69.650705,49.499779],[-69.65059,49.499745],[-69.65056,49.499582],[-69.650676,49.499466],[-69.651905,49.498785],[-69.652796,49.498627],[-69.65342,49.498407],[-69.653553,49.498426],[-69.653834,49.498629],[-69.65405,49.4987],[-69.654783,49.498532],[-69.655143,49.498851],[-69.65548,49.498976],[-69.656637,49.498908],[-69.65764,49.498607],[-69.658305,49.498567],[-69.659119,49.498594],[-69.659231,49.498762],[-69.659187,49.499],[-69.659227,49.499097],[-69.659661,49.499329],[-69.659768,49.499477],[-69.659596,49.500034],[-69.659576,49.50031],[-69.659309,49.500738],[-69.659231,49.501087],[-69.65936,49.501656],[-69.659475,49.501937],[-69.659563,49.502029],[-69.659845,49.502138],[-69.65999,49.50239],[-69.659953,49.502605],[-69.659663,49.502817],[-69.659604,49.502919],[-69.659838,49.503201],[-69.659885,49.503356],[-69.659864,49.50349],[-69.659685,49.503811],[-69.659713,49.503894],[-69.659786,49.503913],[-69.659913,49.50387],[-69.660107,49.503577],[-69.660247,49.502977],[-69.660256,49.502506],[-69.660156,49.502159],[-69.660166,49.502051],[-69.66026,49.501918],[-69.660556,49.501727],[-69.660547,49.501488],[-69.660584,49.501408],[-69.660683,49.501369],[-69.660849,49.50143],[-69.661162,49.501641],[-69.66136,49.501855],[-69.661375,49.501697],[-69.661319,49.501596],[-69.661017,49.501386],[-69.660907,49.501223],[-69.660897,49.500937],[-69.661027,49.500512],[-69.660952,49.500426],[-69.660723,49.500392],[-69.660629,49.500286],[-69.660635,49.499696],[-69.660324,49.499351],[-69.66026,49.499198],[-69.660332,49.498779],[-69.659998,49.498822],[-69.65961,49.498722],[-69.659347,49.498552],[-69.659281,49.498266],[-69.659132,49.498246],[-69.659038,49.498285],[-69.658605,49.498168],[-69.658325,49.49804],[-69.658172,49.4979],[-69.658098,49.497709],[-69.658111,49.497562],[-69.65819,49.497437],[-69.658831,49.49703],[-69.659132,49.496941],[-69.659414,49.496972],[-69.659702,49.497075],[-69.659801,49.49717],[-69.660069,49.497634],[-69.660468,49.497753],[-69.66059,49.49774],[-69.660675,49.497673],[-69.660737,49.497529],[-69.660721,49.49725],[-69.660833,49.497129],[-69.660998,49.49705],[-69.662472,49.497181],[-69.663207,49.497201],[-69.663395,49.497253],[-69.663535,49.497363],[-69.663567,49.497693],[-69.663656,49.497773],[-69.664121,49.497884],[-69.664969,49.498229],[-69.665298,49.49826],[-69.66551,49.498189],[-69.665465,49.498077],[-69.665299,49.497933],[-69.664384,49.497516],[-69.66403,49.497133],[-69.663747,49.496951],[-69.663704,49.496579],[-69.664031,49.495758],[-69.664338,49.495286],[-69.664235,49.494953],[-69.664107,49.494798],[-69.663899,49.494823],[-69.663572,49.495021],[-69.663282,49.495441],[-69.662981,49.49601],[-69.662759,49.49619],[-69.662547,49.496257],[-69.662353,49.496224],[-69.662221,49.496127],[-69.662105,49.495622],[-69.661996,49.495469],[-69.661855,49.495378],[-69.66156,49.495424],[-69.661008,49.495674],[-69.660177,49.495778],[-69.65999,49.495721],[-69.659335,49.495236],[-69.659301,49.495128],[-69.659398,49.494829],[-69.659428,49.49455],[-69.659527,49.494417],[-69.659637,49.49445],[-69.659837,49.494729],[-69.660218,49.494875],[-69.660798,49.494807],[-69.661112,49.49462],[-69.661166,49.494448],[-69.661108,49.493939],[-69.660894,49.493259],[-69.660752,49.493085],[-69.660577,49.492969],[-69.660093,49.492928],[-69.659961,49.492873],[-69.659659,49.492424],[-69.659515,49.491989],[-69.65938,49.491775],[-69.659261,49.491712],[-69.658855,49.491639],[-69.658469,49.491295],[-69.658132,49.490902],[-69.657618,49.490666],[-69.657472,49.490483],[-69.65738,49.490207],[-69.657479,49.489566],[-69.657455,49.489023],[-69.657515,49.488475],[-69.657326,49.488001],[-69.656865,49.487434],[-69.657015,49.486992],[-69.656892,49.486733],[-69.656699,49.486626],[-69.656108,49.486518],[-69.655762,49.486342],[-69.655627,49.486449],[-69.65547,49.486768],[-69.655195,49.486781],[-69.654461,49.486478],[-69.653921,49.486078],[-69.653846,49.485923],[-69.653914,49.485343],[-69.654029,49.484989],[-69.654007,49.484614],[-69.654483,49.484455],[-69.655019,49.484033],[-69.655043,49.483974],[-69.654762,49.483845],[-69.654698,49.483655],[-69.654786,49.483485],[-69.655069,49.483266],[-69.655762,49.483016],[-69.656252,49.482769],[-69.656429,49.482734],[-69.656642,49.4828],[-69.657174,49.48336],[-69.657401,49.483491],[-69.657556,49.483483],[-69.657485,49.483237],[-69.657531,49.483146],[-69.657758,49.48317],[-69.658356,49.48362],[-69.658765,49.484046],[-69.658836,49.484177],[-69.658797,49.484907],[-69.659015,49.485395],[-69.659025,49.485764],[-69.65899,49.485898],[-69.658741,49.486171],[-69.658642,49.486366],[-69.658793,49.48684],[-69.658672,49.487324],[-69.658676,49.487716],[-69.65931,49.48824],[-69.659838,49.488235],[-69.660158,49.488372],[-69.660495,49.488814],[-69.661038,49.48912],[-69.661219,49.489269],[-69.661401,49.489837],[-69.661626,49.490164],[-69.662879,49.490136],[-69.663046,49.490194],[-69.663041,49.490379],[-69.662844,49.490663],[-69.662861,49.490795],[-69.663011,49.49093],[-69.663528,49.491199],[-69.663609,49.491358],[-69.663548,49.491683],[-69.663258,49.492156],[-69.663273,49.492492],[-69.663172,49.492928],[-69.66321,49.49309],[-69.663335,49.493271],[-69.663583,49.493417],[-69.663756,49.493364],[-69.663619,49.49266],[-69.663663,49.492563],[-69.664095,49.49211],[-69.664251,49.491817],[-69.664462,49.49164],[-69.664542,49.491448],[-69.664694,49.491544],[-69.66474,49.491652],[-69.664497,49.491988],[-69.664461,49.49217],[-69.664493,49.492279],[-69.664603,49.492292],[-69.664881,49.492099],[-69.665211,49.492032],[-69.665273,49.49193],[-69.665331,49.491408],[-69.665289,49.491191],[-69.665107,49.491102],[-69.664664,49.491053],[-69.663997,49.491168],[-69.663788,49.491112],[-69.663746,49.490723],[-69.663815,49.490487],[-69.663494,49.490158],[-69.66325,49.489628],[-69.66296,49.489591],[-69.662737,49.489345],[-69.662738,49.489205],[-69.662816,49.489055],[-69.662787,49.488927],[-69.662307,49.488202],[-69.662152,49.488135],[-69.662667,49.488083],[-69.662903,49.487975],[-69.662996,49.487793],[-69.66302,49.487612],[-69.662872,49.487312],[-69.662617,49.487058],[-69.662296,49.486909],[-69.662169,49.486944],[-69.661947,49.487173],[-69.66175,49.487179],[-69.661381,49.486898],[-69.660968,49.486697],[-69.660556,49.486324],[-69.660426,49.486069],[-69.66038,49.485773],[-69.660405,49.485619],[-69.660575,49.485512],[-69.661054,49.485463],[-69.661211,49.485396],[-69.66119,49.48528],[-69.66094,49.484974],[-69.661383,49.4847],[-69.661948,49.484232],[-69.662106,49.483966],[-69.662153,49.483667],[-69.662109,49.483445],[-69.66203,49.483329],[-69.660949,49.482796],[-69.660582,49.482403],[-69.660393,49.481967],[-69.660591,49.481686],[-69.660618,49.481448],[-69.660014,49.48025],[-69.66004,49.480036],[-69.660224,49.479767],[-69.659967,49.479538],[-69.659721,49.479085],[-69.659311,49.478969],[-69.659087,49.478784],[-69.659158,49.478711],[-69.659476,49.47864],[-69.660174,49.478602],[-69.660817,49.478423],[-69.661438,49.478324],[-69.661836,49.478203],[-69.66203,49.478096],[-69.662145,49.477946],[-69.662122,49.477614],[-69.661626,49.477707],[-69.661452,49.477696],[-69.661412,49.477646],[-69.661436,49.477444],[-69.661323,49.477298],[-69.661033,49.477154],[-69.660627,49.477044],[-69.660683,49.476969],[-69.661087,49.476762],[-69.661058,49.476582],[-69.661663,49.476529],[-69.662011,49.476341],[-69.662079,49.476239],[-69.661664,49.476127],[-69.661376,49.476115],[-69.660689,49.476274],[-69.660554,49.476373],[-69.660327,49.476736],[-69.65995,49.47707],[-69.658902,49.477571],[-69.658696,49.477629],[-69.658482,49.477581],[-69.65808,49.47716],[-69.657806,49.47702],[-69.657438,49.477077],[-69.656885,49.477379],[-69.65649,49.47733],[-69.656387,49.477148],[-69.656422,49.476617],[-69.656238,49.47633],[-69.656084,49.476227],[-69.65578,49.476271],[-69.655348,49.476424],[-69.654478,49.476884],[-69.65402,49.477039],[-69.653781,49.47707],[-69.653698,49.477017],[-69.653695,49.476872],[-69.654141,49.476372],[-69.65424,49.476201],[-69.65424,49.476113],[-69.65385,49.475916],[-69.65362,49.47549],[-69.652797,49.474882],[-69.652711,49.474541],[-69.652362,49.474237],[-69.652234,49.474043],[-69.652083,49.473968],[-69.651898,49.473954],[-69.651534,49.474016],[-69.651488,49.474254],[-69.65163,49.474544],[-69.652157,49.474947],[-69.652182,49.475445],[-69.652151,49.475572],[-69.651911,49.475929],[-69.651745,49.47638],[-69.651373,49.476645],[-69.650964,49.476778],[-69.650697,49.476741],[-69.650448,49.476572],[-69.65014,49.476122],[-69.64949,49.476028],[-69.648604,49.475658],[-69.648456,49.475535],[-69.648468,49.475288],[-69.648402,49.475192],[-69.647559,49.474723],[-69.646968,49.474482],[-69.646915,49.474389],[-69.647289,49.474016],[-69.647391,49.473816],[-69.647385,49.473722],[-69.647209,49.473525],[-69.647286,49.473132],[-69.647399,49.473038],[-69.647903,49.472885],[-69.647982,49.472816],[-69.647435,49.47256],[-69.646752,49.472661],[-69.645971,49.472538],[-69.645446,49.472519],[-69.645389,49.472396],[-69.64545,49.472153],[-69.645798,49.471755],[-69.646018,49.471899],[-69.646543,49.471925],[-69.648169,49.471611],[-69.648579,49.471588],[-69.648805,49.471427],[-69.648921,49.471185],[-69.650079,49.4713],[-69.650585,49.471225],[-69.650811,49.4711],[-69.650622,49.470684],[-69.650409,49.470489],[-69.649871,49.470358],[-69.649342,49.470482],[-69.648777,49.470853],[-69.648492,49.470964],[-69.648218,49.470885],[-69.647962,49.470878],[-69.647267,49.470911],[-69.647042,49.470995],[-69.646818,49.471003],[-69.64669,49.470882],[-69.646803,49.470621],[-69.647171,49.470211],[-69.64744,49.470041],[-69.647868,49.469902],[-69.64929,49.469632],[-69.64975,49.469646],[-69.650526,49.469769],[-69.650785,49.469771],[-69.650877,49.469727],[-69.650243,49.469354],[-69.649574,49.469279],[-69.648685,49.46939],[-69.647906,49.469334],[-69.647414,49.469631],[-69.64699,49.469626],[-69.646353,49.469774],[-69.64655,49.469435],[-69.64677,49.469277],[-69.647036,49.468973],[-69.647014,49.468834],[-69.646804,49.468524],[-69.646767,49.468189],[-69.646825,49.468024],[-69.647086,49.46779],[-69.648152,49.467299],[-69.648524,49.467264],[-69.648792,49.467306],[-69.649731,49.468049],[-69.650714,49.468284],[-69.651411,49.468677],[-69.652037,49.468963],[-69.652156,49.469112],[-69.652271,49.469837],[-69.65272,49.470043],[-69.65302,49.47011],[-69.653129,49.470264],[-69.653319,49.470258],[-69.65339,49.470201],[-69.653054,49.470048],[-69.653041,49.470008],[-69.653181,49.469961],[-69.653606,49.470152],[-69.654078,49.470178],[-69.654507,49.470429],[-69.655063,49.47045],[-69.656299,49.471187],[-69.657771,49.471604],[-69.658242,49.471854],[-69.659149,49.472508],[-69.659814,49.472818],[-69.660496,49.473026],[-69.660732,49.473143],[-69.660765,49.473291],[-69.660607,49.47357],[-69.66047,49.473697],[-69.660278,49.473719],[-69.660368,49.473604],[-69.660327,49.473582],[-69.659939,49.473604],[-69.659835,49.473661],[-69.660395,49.474264],[-69.660625,49.474406],[-69.661922,49.474748],[-69.663086,49.474954],[-69.664828,49.474832],[-69.665437,49.47456],[-69.666556,49.474749],[-69.666624,49.474712],[-69.66653,49.474426],[-69.666652,49.473978],[-69.666633,49.473827],[-69.66656,49.473743],[-69.665494,49.473665],[-69.665145,49.473566],[-69.664921,49.473399],[-69.664786,49.473355],[-69.664043,49.473401],[-69.663332,49.473253],[-69.66297,49.473129],[-69.662,49.472655],[-69.66178,49.472499],[-69.661553,49.472251],[-69.661583,49.472185],[-69.661889,49.472219],[-69.663104,49.472691],[-69.663679,49.472847],[-69.664066,49.472851],[-69.664381,49.472688],[-69.664413,49.472578],[-69.664185,49.472424],[-69.663455,49.472284],[-69.662934,49.472044],[-69.662907,49.471915],[-69.663104,49.471682],[-69.663171,49.471526],[-69.663135,49.471432],[-69.663001,49.471327],[-69.662805,49.471277],[-69.662513,49.471312],[-69.661192,49.471731],[-69.660001,49.47156],[-69.659418,49.471322],[-69.659244,49.47114],[-69.658944,49.470951],[-69.658422,49.470789],[-69.658084,49.470311],[-69.657933,49.469973],[-69.657693,49.469845],[-69.65721,49.469719],[-69.657045,49.469628],[-69.656951,49.469441],[-69.656892,49.469027],[-69.656663,49.468602],[-69.656794,49.468339],[-69.657071,49.468276],[-69.657567,49.468375],[-69.657786,49.468273],[-69.658076,49.468016],[-69.658555,49.468018],[-69.658596,49.467968],[-69.658615,49.467686],[-69.658851,49.467356],[-69.658995,49.466949],[-69.659092,49.466843],[-69.659381,49.466718],[-69.659623,49.466693],[-69.659803,49.466756],[-69.660178,49.467014],[-69.660567,49.467023],[-69.660703,49.46697],[-69.660786,49.466869],[-69.660871,49.466648],[-69.66087,49.466484],[-69.660742,49.466282],[-69.6604,49.465951],[-69.660336,49.465654],[-69.660228,49.465553],[-69.659399,49.465542],[-69.658722,49.465338],[-69.657617,49.465183],[-69.656942,49.46523],[-69.656259,49.465085],[-69.65589,49.464941],[-69.655496,49.464609],[-69.655371,49.464445],[-69.655295,49.463799],[-69.65514,49.463204],[-69.655169,49.463141],[-69.65546,49.463118],[-69.656047,49.462871],[-69.656284,49.462873],[-69.656596,49.463032],[-69.657094,49.463449],[-69.657423,49.463662],[-69.658909,49.464234],[-69.659635,49.46469],[-69.66026,49.464952],[-69.661548,49.465375],[-69.661689,49.465348],[-69.661639,49.465097],[-69.661727,49.465012],[-69.662048,49.465027],[-69.662463,49.465167],[-69.662716,49.46533],[-69.663257,49.465887],[-69.663354,49.466087],[-69.663368,49.466393],[-69.663434,49.466533],[-69.663866,49.466823],[-69.664177,49.46716],[-69.664387,49.467302],[-69.664834,49.46724],[-69.66505,49.46713],[-69.665009,49.466977],[-69.664698,49.466579],[-69.664724,49.466465],[-69.665105,49.466393],[-69.666102,49.466425],[-69.666353,49.466631],[-69.666662,49.466796],[-69.666774,49.466919],[-69.666872,49.467315],[-69.666712,49.467652],[-69.667136,49.46772],[-69.6691,49.468449],[-69.669654,49.468825],[-69.669774,49.468981],[-69.669753,49.469119],[-69.669213,49.469414],[-69.669465,49.46958],[-69.669607,49.469874],[-69.669828,49.470123],[-69.670296,49.470493],[-69.670613,49.470642],[-69.670786,49.470571],[-69.671181,49.470252],[-69.671291,49.470063],[-69.67139,49.469706],[-69.67152,49.469576],[-69.6721,49.469372],[-69.672875,49.469295],[-69.673245,49.469136],[-69.673778,49.468501],[-69.67407,49.468066],[-69.674341,49.468326],[-69.674529,49.468405],[-69.675036,49.468482],[-69.675874,49.468486],[-69.676172,49.468683],[-69.676943,49.468713],[-69.677149,49.468668],[-69.677285,49.468523],[-69.6773,49.468375],[-69.677129,49.468177],[-69.677249,49.468019],[-69.677564,49.467875],[-69.677985,49.467856],[-69.678535,49.468029],[-69.679199,49.468382],[-69.679874,49.468642],[-69.680214,49.468724],[-69.680448,49.468722],[-69.680761,49.468467],[-69.681039,49.468345],[-69.681797,49.468235],[-69.683261,49.467831],[-69.683472,49.467702],[-69.683724,49.467443],[-69.684174,49.467161],[-69.684428,49.466765],[-69.684639,49.466182],[-69.685298,49.465369],[-69.685296,49.464816],[-69.685478,49.464054],[-69.685656,49.463872],[-69.686212,49.463541],[-69.686569,49.463065],[-69.686605,49.462906],[-69.686557,49.462392],[-69.686633,49.462193],[-69.687212,49.461756],[-69.688505,49.461543],[-69.688622,49.461484],[-69.688732,49.461321],[-69.688684,49.461171],[-69.688392,49.460926],[-69.687151,49.460519],[-69.687693,49.460299],[-69.688222,49.460008],[-69.688254,49.45982],[-69.6879,49.459541],[-69.68753,49.459508],[-69.68723,49.459385],[-69.686377,49.45968],[-69.686271,49.459599],[-69.686231,49.459463],[-69.686344,49.459068],[-69.686051,49.459027],[-69.685836,49.459167],[-69.685688,49.459424],[-69.685295,49.459604],[-69.685414,49.459676],[-69.68577,49.459742],[-69.685803,49.459804],[-69.685113,49.460006],[-69.684829,49.459929],[-69.684139,49.459382],[-69.684098,49.459134],[-69.68414,49.459003],[-69.684322,49.458836],[-69.684803,49.458605],[-69.684877,49.458527],[-69.685139,49.458434],[-69.685415,49.458173],[-69.685646,49.457664],[-69.685901,49.457264],[-69.685938,49.457021],[-69.686018,49.45689],[-69.686333,49.45666],[-69.686632,49.4566],[-69.687081,49.456608],[-69.687461,49.456413],[-69.687747,49.456378],[-69.688092,49.45653],[-69.688953,49.457093],[-69.689277,49.457085],[-69.689588,49.456946],[-69.689681,49.456803],[-69.689588,49.456688],[-69.689201,49.456665],[-69.689184,49.456491],[-69.689294,49.456307],[-69.689414,49.456298],[-69.689661,49.456458],[-69.689917,49.456429],[-69.690101,49.456308],[-69.690314,49.455953],[-69.690446,49.455833],[-69.691202,49.455546],[-69.691609,49.455492],[-69.691778,49.455663],[-69.692091,49.456244],[-69.692158,49.456454],[-69.691781,49.456883],[-69.691491,49.457388],[-69.69126,49.458028],[-69.690974,49.458448],[-69.690903,49.458468],[-69.690838,49.458778],[-69.690975,49.458997],[-69.691398,49.459069],[-69.691987,49.459058],[-69.692313,49.45883],[-69.692855,49.458203],[-69.692816,49.457945],[-69.692726,49.45775],[-69.692405,49.457421],[-69.692655,49.456552],[-69.692877,49.456068],[-69.692892,49.455946],[-69.693382,49.455052],[-69.693713,49.454669],[-69.693911,49.45459],[-69.694439,49.454602],[-69.6943,49.454376],[-69.694411,49.45401],[-69.694367,49.453734],[-69.694462,49.453623],[-69.694608,49.45367],[-69.694835,49.454047],[-69.694925,49.45442],[-69.694794,49.454673],[-69.69499,49.454996],[-69.69497,49.45509],[-69.694511,49.455376],[-69.694435,49.455494],[-69.694487,49.455712],[-69.694685,49.456087],[-69.694707,49.456354],[-69.694782,49.456405],[-69.695103,49.456457],[-69.695441,49.456692],[-69.695572,49.456733],[-69.695736,49.456569],[-69.695971,49.45598],[-69.696065,49.455945],[-69.696298,49.455975],[-69.696353,49.45603],[-69.696065,49.456182],[-69.696502,49.456257],[-69.696536,49.456335],[-69.696526,49.456756],[-69.696563,49.456826],[-69.696635,49.45684],[-69.697446,49.456501],[-69.697657,49.456299],[-69.697859,49.455954],[-69.698093,49.455845],[-69.698421,49.45586],[-69.698884,49.456033],[-69.699423,49.456116],[-69.699725,49.456063],[-69.69982,49.455814],[-69.699981,49.45577],[-69.700236,49.455861],[-69.700784,49.456182],[-69.700975,49.456215],[-69.701116,49.456079],[-69.701201,49.45587],[-69.701196,49.45551],[-69.701115,49.455272],[-69.701148,49.455129],[-69.701234,49.455076],[-69.70143,49.455102],[-69.702032,49.455466],[-69.702508,49.455431],[-69.702742,49.455357],[-69.703231,49.454853],[-69.70367,49.454619],[-69.703704,49.454243],[-69.703642,49.454082],[-69.703554,49.454003],[-69.704576,49.453708],[-69.7045,49.453458],[-69.704209,49.453167],[-69.704435,49.452801],[-69.704556,49.452425],[-69.70472,49.452131],[-69.705052,49.452396],[-69.705528,49.452568],[-69.705961,49.452817],[-69.707006,49.452997],[-69.707232,49.45312],[-69.707727,49.452889],[-69.708806,49.452788],[-69.70965,49.452594],[-69.709765,49.452495],[-69.709727,49.452136],[-69.71007,49.452032],[-69.711661,49.452165],[-69.712523,49.452561],[-69.713,49.452563],[-69.713,49.473592]],[[-69.672168,49.480646],[-69.673084,49.480879],[-69.673399,49.481034],[-69.673844,49.481363],[-69.673896,49.481357],[-69.673908,49.481302],[-69.673781,49.481013],[-69.673801,49.480951],[-69.674278,49.481134],[-69.674553,49.481304],[-69.674629,49.48144],[-69.674564,49.481543],[-69.674278,49.481656],[-69.674255,49.481721],[-69.674484,49.481841],[-69.674941,49.481955],[-69.675142,49.482051],[-69.675297,49.482247],[-69.67545,49.482621],[-69.675513,49.482688],[-69.675623,49.482697],[-69.675673,49.482616],[-69.675602,49.482388],[-69.675039,49.481741],[-69.675341,49.481906],[-69.67565,49.482222],[-69.675851,49.48261],[-69.675983,49.483136],[-69.67605,49.4837],[-69.675994,49.483653],[-69.675876,49.483264],[-69.675805,49.483177],[-69.675889,49.483631],[-69.676146,49.484022],[-69.676395,49.484617],[-69.676561,49.484885],[-69.67812,49.486211],[-69.679231,49.4873],[-69.679542,49.487435],[-69.679663,49.487422],[-69.679668,49.487376],[-69.679423,49.487131],[-69.679306,49.48675],[-69.679415,49.486377],[-69.679405,49.486244],[-69.678953,49.486147],[-69.679042,49.485687],[-69.679018,49.485561],[-69.678628,49.485655],[-69.678383,49.485653],[-69.677583,49.485302],[-69.677335,49.485117],[-69.677105,49.484779],[-69.676522,49.484303],[-69.67639,49.484101],[-69.676292,49.483827],[-69.676292,49.483615],[-69.676347,49.483515],[-69.676584,49.483453],[-69.676974,49.483478],[-69.677236,49.483427],[-69.677268,49.483357],[-69.67719,49.4831],[-69.677239,49.482997],[-69.677795,49.482881],[-69.678061,49.482642],[-69.678561,49.482516],[-69.678666,49.4824],[-69.678657,49.482265],[-69.678519,49.482183],[-69.678323,49.482149],[-69.677505,49.482338],[-69.677188,49.482259],[-69.676969,49.482136],[-69.676881,49.482019],[-69.676883,49.481921],[-69.677222,49.481654],[-69.677223,49.481579],[-69.67704,49.481349],[-69.676681,49.481052],[-69.676485,49.480723],[-69.676168,49.480651],[-69.675918,49.480449],[-69.67587,49.480334],[-69.675918,49.480124],[-69.675759,49.479984],[-69.675659,49.47999],[-69.675524,49.480189],[-69.675388,49.480266],[-69.674289,49.480403],[-69.673989,49.480297],[-69.673584,49.479983],[-69.673405,49.479479],[-69.673413,49.479038],[-69.673224,49.478594],[-69.673265,49.478298],[-69.673087,49.478099],[-69.673123,49.478031],[-69.673361,49.477901],[-69.673383,49.477732],[-69.673331,49.477673],[-69.672742,49.477801],[-69.672641,49.477867],[-69.672631,49.477932],[-69.672862,49.478334],[-69.672948,49.479047],[-69.67245,49.479708],[-69.671988,49.48007],[-69.671851,49.480513],[-69.671765,49.480619],[-69.672168,49.480646]],[[-69.670511,49.477338],[-69.670338,49.477139],[-69.670241,49.476932],[-69.670247,49.476891],[-69.670489,49.476848],[-69.670527,49.476787],[-69.670507,49.476704],[-69.670389,49.476632],[-69.669896,49.476576],[-69.669517,49.476325],[-69.66953,49.476438],[-69.669706,49.476782],[-69.669952,49.47712],[-69.670253,49.477702],[-69.6705,49.478391],[-69.67076,49.478504],[-69.670869,49.478778],[-69.671052,49.478807],[-69.671304,49.478746],[-69.671359,49.478614],[-69.6712,49.478301],[-69.670934,49.478101],[-69.670591,49.477688],[-69.670511,49.477338]],[[-69.664883,49.476634],[-69.665209,49.476668],[-69.665261,49.476582],[-69.665,49.476328],[-69.664783,49.476365],[-69.664665,49.4763],[-69.664624,49.47618],[-69.664676,49.475942],[-69.664654,49.475803],[-69.664532,49.475625],[-69.664393,49.475544],[-69.664155,49.47558],[-69.663482,49.475872],[-69.662994,49.475986],[-69.662764,49.476138],[-69.66303,49.476355],[-69.663092,49.476667],[-69.663448,49.476835],[-69.664013,49.476947],[-69.6643,49.476953],[-69.664492,49.476903],[-69.664883,49.476634]],[[-69.69261,49.481538],[-69.692348,49.481459],[-69.692517,49.481733],[-69.693008,49.481909],[-69.693431,49.482178],[-69.693659,49.482467],[-69.693967,49.482573],[-69.694866,49.483111],[-69.695221,49.483233],[-69.695748,49.483575],[-69.696256,49.484295],[-69.69642,49.484603],[-69.696931,49.485195],[-69.697277,49.485741],[-69.697485,49.485968],[-69.697898,49.486237],[-69.698431,49.486557],[-69.698809,49.48668],[-69.699372,49.486668],[-69.700397,49.486561],[-69.700818,49.486626],[-69.701035,49.486965],[-69.700968,49.487608],[-69.701315,49.487847],[-69.701702,49.487895],[-69.702172,49.487588],[-69.702563,49.487152],[-69.702674,49.486925],[-69.702694,49.48676],[-69.702816,49.486546],[-69.703062,49.486289],[-69.703393,49.486183],[-69.703783,49.486285],[-69.704344,49.486357],[-69.703969,49.486335],[-69.703637,49.48648],[-69.703052,49.486386],[-69.702927,49.486487],[-69.703117,49.4867],[-69.703184,49.486929],[-69.703261,49.486978],[-69.70373,49.487013],[-69.704334,49.486834],[-69.704678,49.486935],[-69.704772,49.487074],[-69.704777,49.487234],[-69.704586,49.487521],[-69.704976,49.487725],[-69.705074,49.487825],[-69.705068,49.487976],[-69.704926,49.48826],[-69.705033,49.488521],[-69.705108,49.488568],[-69.705186,49.488554],[-69.705197,49.488353],[-69.705309,49.488225],[-69.705305,49.488083],[-69.70545,49.488052],[-69.70564,49.488222],[-69.705708,49.488402],[-69.705667,49.488476],[-69.705457,49.4886],[-69.70539,49.488795],[-69.705413,49.488892],[-69.705903,49.489139],[-69.706475,49.489337],[-69.706524,49.489326],[-69.70656,49.489236],[-69.706381,49.488892],[-69.706397,49.488734],[-69.70657,49.488668],[-69.706919,49.488749],[-69.70701,49.488686],[-69.706834,49.488065],[-69.706851,49.487817],[-69.706568,49.487553],[-69.706533,49.487415],[-69.706677,49.487293],[-69.70711,49.487108],[-69.707821,49.487034],[-69.708102,49.486816],[-69.708083,49.486689],[-69.707928,49.486611],[-69.707667,49.486749],[-69.707291,49.486797],[-69.706817,49.486939],[-69.706657,49.486933],[-69.706526,49.48685],[-69.706311,49.486543],[-69.705503,49.485847],[-69.704932,49.485678],[-69.704882,49.485686],[-69.704879,49.485743],[-69.704323,49.485369],[-69.703897,49.485202],[-69.703442,49.485303],[-69.703173,49.485629],[-69.703082,49.485863],[-69.702399,49.486608],[-69.702116,49.486725],[-69.701795,49.486623],[-69.701357,49.486313],[-69.70131,49.48612],[-69.702236,49.485154],[-69.702361,49.484924],[-69.702374,49.484742],[-69.701839,49.484024],[-69.701743,49.483808],[-69.700625,49.483182],[-69.700359,49.48311],[-69.700045,49.483108],[-69.699454,49.482911],[-69.698899,49.48267],[-69.698689,49.482475],[-69.698433,49.482354],[-69.697709,49.482176],[-69.696991,49.481898],[-69.696221,49.481787],[-69.695612,49.481584],[-69.69499,49.481701],[-69.694432,49.481703],[-69.693889,49.481448],[-69.693575,49.481419],[-69.69261,49.481538]],[[-69.71151,49.482808],[-69.711728,49.483018],[-69.711877,49.483257],[-69.712017,49.483266],[-69.712419,49.483109],[-69.712278,49.482439],[-69.712086,49.482213],[-69.71202,49.482264],[-69.711992,49.482408],[-69.711816,49.482499],[-69.710966,49.482674],[-69.710798,49.482914],[-69.710889,49.482989],[-69.71151,49.482808]],[[-69.709499,49.488909],[-69.709539,49.488993],[-69.70947,49.489123],[-69.709497,49.489182],[-69.709744,49.489202],[-69.70992,49.489317],[-69.709976,49.489483],[-69.709891,49.489625],[-69.709786,49.489668],[-69.709608,49.489636],[-69.709218,49.48946],[-69.708937,49.489269],[-69.708136,49.489113],[-69.707788,49.488935],[-69.70752,49.488863],[-69.707323,49.488888],[-69.707182,49.488984],[-69.707229,49.489329],[-69.707325,49.489454],[-69.707576,49.4896],[-69.707666,49.489805],[-69.708014,49.489727],[-69.708283,49.48975],[-69.708477,49.489821],[-69.708769,49.490047],[-69.708896,49.490089],[-69.70926,49.489981],[-69.709342,49.490074],[-69.709368,49.490317],[-69.709731,49.490281],[-69.709956,49.490335],[-69.710226,49.490607],[-69.710696,49.490616],[-69.710968,49.49054],[-69.711235,49.490396],[-69.711278,49.490197],[-69.710996,49.489897],[-69.710912,49.489328],[-69.710752,49.489211],[-69.71015,49.48901],[-69.709833,49.488587],[-69.709967,49.488443],[-69.709954,49.488378],[-69.709645,49.487991],[-69.709346,49.487839],[-69.709055,49.487784],[-69.708918,49.48782],[-69.708896,49.487957],[-69.709051,49.488261],[-69.708849,49.488458],[-69.708821,49.488574],[-69.708876,49.488638],[-69.709499,49.488909]],[[-69.699707,49.490119],[-69.699706,49.489986],[-69.700042,49.489774],[-69.700455,49.488884],[-69.700827,49.488688],[-69.701286,49.488323],[-69.701324,49.488175],[-69.701217,49.488146],[-69.700886,49.488437],[-69.700932,49.488287],[-69.700475,49.488266],[-69.700388,49.488208],[-69.700348,49.488087],[-69.699328,49.488396],[-69.699427,49.488332],[-69.699439,49.488264],[-69.699053,49.488103],[-69.698712,49.488041],[-69.698447,49.488099],[-69.698351,49.488247],[-69.698472,49.488708],[-69.698865,49.48903],[-69.698948,49.489196],[-69.698631,49.489737],[-69.698698,49.489827],[-69.698685,49.489886],[-69.698487,49.490233],[-69.698248,49.490463],[-69.69819,49.490836],[-69.697972,49.491317],[-69.698,49.491726],[-69.698083,49.491865],[-69.698242,49.491937],[-69.698715,49.491977],[-69.698871,49.492061],[-69.698548,49.492417],[-69.698541,49.492486],[-69.699308,49.492384],[-69.699408,49.492321],[-69.699571,49.491758],[-69.699357,49.491593],[-69.699348,49.491421],[-69.699514,49.490938],[-69.699799,49.490705],[-69.699912,49.490497],[-69.699707,49.490119]],[[-69.701931,49.497047],[-69.701905,49.497295],[-69.701814,49.497371],[-69.701679,49.497322],[-69.701393,49.496979],[-69.701232,49.496919],[-69.701081,49.496976],[-69.700929,49.497191],[-69.700952,49.497303],[-69.701152,49.497417],[-69.701212,49.497775],[-69.701389,49.498016],[-69.701355,49.498093],[-69.700602,49.498081],[-69.700231,49.498027],[-69.699983,49.498059],[-69.699808,49.498138],[-69.699422,49.498487],[-69.699034,49.498713],[-69.698974,49.49884],[-69.698998,49.498917],[-69.699422,49.498821],[-69.699654,49.498834],[-69.699843,49.498905],[-69.70013,49.499231],[-69.700156,49.499398],[-69.699939,49.499551],[-69.699563,49.499618],[-69.699212,49.499761],[-69.698906,49.500024],[-69.698508,49.500168],[-69.698084,49.500514],[-69.697942,49.500913],[-69.697708,49.501153],[-69.697742,49.501327],[-69.697927,49.501376],[-69.698568,49.501236],[-69.698753,49.501255],[-69.698831,49.501313],[-69.69871,49.501597],[-69.698235,49.50225],[-69.697864,49.502408],[-69.697026,49.502444],[-69.696873,49.502476],[-69.69684,49.502553],[-69.697374,49.502863],[-69.69806,49.502926],[-69.69836,49.502723],[-69.698585,49.502359],[-69.698763,49.502185],[-69.699241,49.502043],[-69.700022,49.502039],[-69.700064,49.501975],[-69.699933,49.501799],[-69.700645,49.502296],[-69.701151,49.502235],[-69.70134,49.502287],[-69.701567,49.502704],[-69.701966,49.503067],[-69.702478,49.503673],[-69.702617,49.503732],[-69.702631,49.503662],[-69.702465,49.503317],[-69.701813,49.502664],[-69.701842,49.502222],[-69.701533,49.501674],[-69.701574,49.501468],[-69.701932,49.501276],[-69.70196,49.50115],[-69.701571,49.501255],[-69.701301,49.501156],[-69.701165,49.501195],[-69.70098,49.501421],[-69.70104,49.501798],[-69.700887,49.501874],[-69.700668,49.501789],[-69.700479,49.501543],[-69.700172,49.501324],[-69.700063,49.501133],[-69.700116,49.500996],[-69.700671,49.50043],[-69.701088,49.500611],[-69.701276,49.500775],[-69.701481,49.500644],[-69.701583,49.50048],[-69.701684,49.499842],[-69.701869,49.499277],[-69.702029,49.499132],[-69.702582,49.498927],[-69.702684,49.4986],[-69.702818,49.498357],[-69.703139,49.498024],[-69.703215,49.497812],[-69.703186,49.497671],[-69.703038,49.497562],[-69.702633,49.497447],[-69.702575,49.497181],[-69.702273,49.497079],[-69.702338,49.496885],[-69.702309,49.496798],[-69.702172,49.496782],[-69.702008,49.496904],[-69.701931,49.497047]],[[-69.704516,49.504156],[-69.705216,49.50447],[-69.706021,49.50501],[-69.707355,49.506049],[-69.707957,49.50671],[-69.708476,49.50737],[-69.708645,49.507678],[-69.708755,49.508204],[-69.708859,49.508455],[-69.709045,49.508674],[-69.709569,49.50903],[-69.710205,49.509362],[-69.710708,49.509366],[-69.710776,49.50906],[-69.711392,49.508728],[-69.711696,49.508434],[-69.711705,49.508342],[-69.71145,49.508011],[-69.710986,49.507588],[-69.710078,49.506889],[-69.709401,49.506169],[-69.708307,49.50452],[-69.707713,49.503365],[-69.706892,49.502363],[-69.706239,49.501305],[-69.706084,49.501301],[-69.705941,49.501433],[-69.70602,49.501614],[-69.706059,49.502033],[-69.706017,49.502365],[-69.705909,49.502554],[-69.705561,49.502791],[-69.704983,49.502919],[-69.704651,49.503083],[-69.703815,49.503377],[-69.703808,49.50345],[-69.704516,49.504156]],[[-69.70992,49.503319],[-69.710465,49.503116],[-69.710936,49.502754],[-69.71123,49.502147],[-69.711222,49.501945],[-69.711121,49.501745],[-69.710985,49.50179],[-69.71031,49.502581],[-69.709585,49.5028],[-69.709626,49.502991],[-69.709823,49.503289],[-69.70992,49.503319]],[[-69.695972,49.504687],[-69.696056,49.504268],[-69.695896,49.503971],[-69.695767,49.503863],[-69.695714,49.504056],[-69.695647,49.504118],[-69.69549,49.50392],[-69.695465,49.50379],[-69.695531,49.503587],[-69.695542,49.503287],[-69.695488,49.503024],[-69.695343,49.50291],[-69.694874,49.502782],[-69.694642,49.502564],[-69.694605,49.502428],[-69.694862,49.502297],[-69.694904,49.50224],[-69.69488,49.502186],[-69.694205,49.50203],[-69.694249,49.502197],[-69.69475,49.502957],[-69.694819,49.503166],[-69.694726,49.503337],[-69.694391,49.503495],[-69.694308,49.503566],[-69.694318,49.503635],[-69.694387,49.503684],[-69.694935,49.503785],[-69.695086,49.503998],[-69.695126,49.505044],[-69.695098,49.505084],[-69.694989,49.505012],[-69.694932,49.505069],[-69.694945,49.505485],[-69.694877,49.505811],[-69.694875,49.506175],[-69.694924,49.506296],[-69.695192,49.506587],[-69.695227,49.507222],[-69.695456,49.507444],[-69.696106,49.507226],[-69.696339,49.507054],[-69.696241,49.506823],[-69.696251,49.506739],[-69.696594,49.50656],[-69.696663,49.506466],[-69.696749,49.506085],[-69.696649,49.505851],[-69.69649,49.505687],[-69.696206,49.505578],[-69.696069,49.505421],[-69.696066,49.505276],[-69.696203,49.505106],[-69.695972,49.504687]],[[-69.698691,49.504097],[-69.698987,49.504318],[-69.699379,49.504505],[-69.699726,49.504738],[-69.699897,49.504782],[-69.700023,49.504728],[-69.700032,49.504601],[-69.699886,49.504262],[-69.699987,49.504138],[-69.70016,49.504145],[-69.700419,49.504259],[-69.700864,49.504561],[-69.700887,49.504621],[-69.700827,49.5048],[-69.700858,49.504857],[-69.701317,49.505129],[-69.701551,49.505208],[-69.702118,49.505286],[-69.702726,49.505615],[-69.702919,49.505601],[-69.702606,49.505201],[-69.701646,49.504608],[-69.701217,49.504187],[-69.700845,49.503656],[-69.700807,49.503517],[-69.700847,49.503227],[-69.700662,49.503057],[-69.699814,49.502743],[-69.699121,49.502865],[-69.698255,49.503322],[-69.698254,49.503407],[-69.698486,49.503529],[-69.698524,49.503733],[-69.698691,49.504097]],[[-69.703636,49.505219],[-69.70376,49.505062],[-69.703403,49.504288],[-69.703363,49.503995],[-69.703145,49.503905],[-69.702793,49.50396],[-69.702857,49.504351],[-69.703124,49.504938],[-69.703486,49.505234],[-69.703636,49.505219]],[[-69.706842,49.507604],[-69.70695,49.507431],[-69.706944,49.507354],[-69.706896,49.507272],[-69.706609,49.50708],[-69.706599,49.507041],[-69.706689,49.506994],[-69.706666,49.506922],[-69.706396,49.506755],[-69.706206,49.506696],[-69.70553,49.50664],[-69.705128,49.506348],[-69.70495,49.506114],[-69.704866,49.506073],[-69.704473,49.50658],[-69.704715,49.50672],[-69.704925,49.506922],[-69.705024,49.507221],[-69.705272,49.507396],[-69.7056,49.50747],[-69.706234,49.507519],[-69.706632,49.507629],[-69.706842,49.507604]],[[-69.675393,49.509199],[-69.675345,49.509118],[-69.675154,49.508995],[-69.674917,49.508908],[-69.674516,49.508957],[-69.674267,49.509187],[-69.674203,49.50934],[-69.674119,49.509945],[-69.674157,49.509965],[-69.674389,49.509808],[-69.675108,49.509561],[-69.675356,49.50939],[-69.675393,49.509199]],[[-69.677114,49.507555],[-69.676717,49.507144],[-69.676501,49.506841],[-69.67638,49.506772],[-69.676044,49.506715],[-69.675925,49.506639],[-69.675857,49.506434],[-69.675676,49.506166],[-69.675683,49.505769],[-69.67564,49.505587],[-69.675396,49.505236],[-69.675163,49.505047],[-69.67501,49.504773],[-69.674799,49.504654],[-69.674672,49.50466],[-69.674521,49.5048],[-69.67435,49.505273],[-69.674261,49.505715],[-69.674106,49.505897],[-69.673616,49.506068],[-69.673224,49.506001],[-69.672795,49.506067],[-69.672697,49.506285],[-69.672481,49.506442],[-69.672306,49.506646],[-69.672351,49.506724],[-69.672754,49.506845],[-69.673163,49.507122],[-69.673243,49.507119],[-69.67341,49.506948],[-69.673892,49.506995],[-69.67391,49.507231],[-69.674002,49.507489],[-69.673843,49.507662],[-69.67413,49.507831],[-69.674372,49.508379],[-69.674753,49.508524],[-69.675313,49.50853],[-69.675669,49.508374],[-69.676387,49.508277],[-69.6768,49.508117],[-69.677049,49.50808],[-69.67713,49.507906],[-69.677114,49.507555]],[[-69.665326,49.506757],[-69.665607,49.506348],[-69.665741,49.506028],[-69.666365,49.504918],[-69.666684,49.504899],[-69.666773,49.504765],[-69.666806,49.505028],[-69.667119,49.505535],[-69.667501,49.505282],[-69.667578,49.505078],[-69.66762,49.504587],[-69.667558,49.504503],[-69.667357,49.504393],[-69.667138,49.50436],[-69.667279,49.504275],[-69.667253,49.504166],[-69.66708,49.504148],[-69.666828,49.504275],[-69.666674,49.504238],[-69.666244,49.504276],[-69.66609,49.504614],[-69.66594,49.504786],[-69.665721,49.504854],[-69.66531,49.504754],[-69.665225,49.504771],[-69.664826,49.50519],[-69.664358,49.50551],[-69.664368,49.505588],[-69.664628,49.505764],[-69.664713,49.50577],[-69.665087,49.505287],[-69.665304,49.505177],[-69.665427,49.505204],[-69.66539,49.505695],[-69.665232,49.506242],[-69.665078,49.50629],[-69.664897,49.506266],[-69.664788,49.506204],[-69.664668,49.506001],[-69.664594,49.506031],[-69.664647,49.506339],[-69.664937,49.5069],[-69.664611,49.507788],[-69.664609,49.507916],[-69.664959,49.507433],[-69.665326,49.506757]],[[-69.674491,49.501833],[-69.674318,49.502107],[-69.674054,49.502936],[-69.673639,49.50348],[-69.673662,49.503582],[-69.673788,49.503728],[-69.673969,49.503842],[-69.674088,49.503849],[-69.67423,49.503786],[-69.674384,49.503628],[-69.674441,49.503471],[-69.674378,49.503074],[-69.674385,49.502789],[-69.674605,49.502036],[-69.674491,49.501833]],[[-69.663638,49.499663],[-69.662951,49.499486],[-69.662775,49.499587],[-69.662671,49.499776],[-69.662891,49.500169],[-69.663407,49.50006],[-69.663925,49.500156],[-69.664151,49.500121],[-69.664215,49.500034],[-69.664194,49.499913],[-69.663834,49.49979],[-69.663638,49.499663]],[[-69.685347,49.499434],[-69.685626,49.499285],[-69.68617,49.498865],[-69.686897,49.498475],[-69.686892,49.498411],[-69.686633,49.498133],[-69.68651,49.498145],[-69.686091,49.498397],[-69.685699,49.498811],[-69.685354,49.498841],[-69.685126,49.498935],[-69.684975,49.499062],[-69.684913,49.499243],[-69.685073,49.499404],[-69.685185,49.499452],[-69.685347,49.499434]],[[-69.692216,49.497231],[-69.692305,49.497149],[-69.692742,49.496062],[-69.692799,49.495619],[-69.693121,49.495412],[-69.693228,49.495156],[-69.693232,49.494994],[-69.692967,49.494574],[-69.692637,49.494199],[-69.692564,49.493987],[-69.692532,49.493579],[-69.692289,49.493428],[-69.691953,49.493374],[-69.691371,49.493527],[-69.691118,49.493676],[-69.690983,49.493912],[-69.690906,49.494236],[-69.691196,49.494724],[-69.691492,49.494939],[-69.691624,49.495164],[-69.691545,49.495454],[-69.691524,49.496057],[-69.691376,49.496521],[-69.691614,49.496924],[-69.692133,49.497223],[-69.692216,49.497231]],[[-69.685763,49.495502],[-69.685389,49.49565],[-69.685352,49.495727],[-69.685475,49.495848],[-69.685273,49.496313],[-69.685551,49.496693],[-69.685409,49.496711],[-69.685475,49.496786],[-69.685869,49.49698],[-69.685976,49.497107],[-69.686075,49.497127],[-69.686203,49.496995],[-69.686165,49.496597],[-69.686524,49.49633],[-69.686894,49.495808],[-69.686803,49.495625],[-69.686143,49.495464],[-69.685763,49.495502]],[[-69.679895,49.495429],[-69.680347,49.495112],[-69.680415,49.494938],[-69.680325,49.494779],[-69.679762,49.49437],[-69.67943,49.494303],[-69.679702,49.49454],[-69.679743,49.494618],[-69.679723,49.494693],[-69.679067,49.49482],[-69.678846,49.495027],[-69.678854,49.495078],[-69.678949,49.495122],[-69.679383,49.495032],[-69.679538,49.495045],[-69.679658,49.495122],[-69.679717,49.495243],[-69.679692,49.495329],[-69.679581,49.495408],[-69.679065,49.495355],[-69.679038,49.495401],[-69.679091,49.495513],[-69.679203,49.495575],[-69.679355,49.495611],[-69.679544,49.495584],[-69.679895,49.495429]],[[-69.684372,49.495001],[-69.684458,49.494868],[-69.684536,49.494317],[-69.68436,49.494023],[-69.684388,49.49392],[-69.684535,49.493886],[-69.68489,49.494],[-69.685051,49.493992],[-69.685418,49.493673],[-69.686267,49.493414],[-69.686356,49.493326],[-69.686305,49.493189],[-69.686183,49.493089],[-69.685968,49.493015],[-69.685961,49.492909],[-69.685577,49.492942],[-69.685328,49.493073],[-69.68498,49.493442],[-69.684238,49.493536],[-69.683663,49.493756],[-69.683253,49.494012],[-69.682844,49.494094],[-69.682675,49.494023],[-69.682552,49.4939],[-69.682474,49.493716],[-69.682489,49.493558],[-69.682639,49.493244],[-69.682605,49.493053],[-69.682248,49.492745],[-69.681535,49.491975],[-69.681297,49.491574],[-69.681214,49.491167],[-69.681123,49.491116],[-69.681061,49.491136],[-69.681051,49.491509],[-69.680835,49.491716],[-69.680211,49.491938],[-69.680183,49.492147],[-69.680238,49.492276],[-69.680654,49.492608],[-69.680788,49.492876],[-69.680715,49.492993],[-69.680196,49.493076],[-69.68014,49.493111],[-69.680145,49.493163],[-69.680263,49.493218],[-69.68191,49.493334],[-69.682095,49.493494],[-69.682566,49.494204],[-69.683282,49.494848],[-69.683527,49.494944],[-69.684148,49.495033],[-69.684372,49.495001]],[[-69.687149,49.492876],[-69.687199,49.492742],[-69.687044,49.492233],[-69.687102,49.491446],[-69.686801,49.491001],[-69.68675,49.490834],[-69.686791,49.490716],[-69.687098,49.490402],[-69.687193,49.490103],[-69.687102,49.489911],[-69.686808,49.489609],[-69.686727,49.489544],[-69.686641,49.489543],[-69.68657,49.489638],[-69.686551,49.489803],[-69.686442,49.489883],[-69.685934,49.489948],[-69.685525,49.489943],[-69.68541,49.49002],[-69.685808,49.490438],[-69.686006,49.4909],[-69.686295,49.491363],[-69.686311,49.491846],[-69.686436,49.492188],[-69.687052,49.492857],[-69.687149,49.492876]],[[-69.696117,49.489745],[-69.695818,49.489658],[-69.695438,49.489695],[-69.695229,49.489841],[-69.694291,49.490122],[-69.694143,49.490232],[-69.693965,49.490578],[-69.693843,49.490655],[-69.69382,49.490724],[-69.694088,49.490936],[-69.694444,49.49097],[-69.694391,49.491448],[-69.694587,49.49185],[-69.694243,49.492188],[-69.694528,49.492158],[-69.694757,49.492057],[-69.695374,49.491664],[-69.69589,49.491238],[-69.696672,49.490082],[-69.696892,49.489614],[-69.697683,49.488754],[-69.698001,49.488225],[-69.698015,49.488114],[-69.697689,49.487939],[-69.697486,49.48793],[-69.697155,49.488267],[-69.696928,49.488369],[-69.696876,49.488345],[-69.696849,49.488205],[-69.696648,49.48801],[-69.696464,49.488004],[-69.695978,49.4882],[-69.695954,49.488233],[-69.695995,49.488265],[-69.69629,49.488268],[-69.696364,49.488308],[-69.696018,49.488597],[-69.695394,49.488704],[-69.69527,49.488763],[-69.695406,49.488862],[-69.695608,49.489152],[-69.695993,49.48927],[-69.696275,49.48947],[-69.696328,49.489552],[-69.696278,49.489651],[-69.696117,49.489745]],[[-69.680757,49.483055],[-69.680036,49.483175],[-69.679902,49.483251],[-69.679512,49.483651],[-69.679396,49.483853],[-69.679564,49.483891],[-69.680378,49.483878],[-69.680879,49.484045],[-69.681044,49.484049],[-69.681239,49.483917],[-69.681346,49.48376],[-69.681408,49.483174],[-69.681378,49.483108],[-69.681265,49.483064],[-69.680757,49.483055]],[[-69.667206,49.482898],[-69.667064,49.482829],[-69.666987,49.482677],[-69.667118,49.482233],[-69.667069,49.482126],[-69.666784,49.481859],[-69.666372,49.482231],[-69.666222,49.482285],[-69.665987,49.482243],[-69.665876,49.482035],[-69.665748,49.482083],[-69.665591,49.482283],[-69.665857,49.482542],[-69.665871,49.482675],[-69.665801,49.482996],[-69.665889,49.482998],[-69.666144,49.482841],[-69.666324,49.482861],[-69.666384,49.482969],[-69.666332,49.483291],[-69.666384,49.483406],[-69.666647,49.483469],[-69.666841,49.483329],[-69.667206,49.482898]],[[-69.657458,49.483814],[-69.656877,49.48359],[-69.65654,49.483545],[-69.656186,49.483652],[-69.655548,49.484054],[-69.656058,49.484089],[-69.656684,49.483877],[-69.656965,49.483881],[-69.657037,49.483975],[-69.65692,49.484323],[-69.656953,49.48451],[-69.657561,49.484842],[-69.657857,49.485119],[-69.657902,49.485116],[-69.657995,49.485012],[-69.658019,49.484748],[-69.657788,49.48415],[-69.657786,49.483996],[-69.657865,49.483796],[-69.657838,49.483752],[-69.657458,49.483814]],[[-69.643307,49.501055],[-69.643083,49.501242],[-69.64268,49.501348],[-69.642633,49.501424],[-69.642906,49.501625],[-69.643352,49.501643],[-69.643606,49.501732],[-69.643953,49.502142],[-69.644065,49.502157],[-69.644439,49.502067],[-69.644453,49.50199],[-69.644256,49.501598],[-69.644391,49.501363],[-69.644363,49.50121],[-69.644098,49.50111],[-69.643584,49.50104],[-69.643307,49.501055]],[[-69.695773,49.473685],[-69.695347,49.474016],[-69.695332,49.474069],[-69.69553,49.474304],[-69.695988,49.474578],[-69.696764,49.474747],[-69.696863,49.474727],[-69.697109,49.474462],[-69.697061,49.474223],[-69.696648,49.473873],[-69.696181,49.473685],[-69.695773,49.473685]],[[-69.684426,49.473609],[-69.684491,49.473487],[-69.684046,49.473215],[-69.684037,49.473161],[-69.684198,49.472982],[-69.684006,49.472825],[-69.683995,49.472693],[-69.684516,49.472188],[-69.684723,49.472141],[-69.684977,49.472184],[-69.685135,49.472264],[-69.685279,49.472416],[-69.685261,49.472512],[-69.685112,49.472599],[-69.684769,49.472543],[-69.684761,49.472669],[-69.684901,49.472789],[-69.685721,49.472692],[-69.685881,49.472654],[-69.685889,49.472613],[-69.68558,49.472444],[-69.685489,49.472348],[-69.685395,49.471992],[-69.685203,49.471734],[-69.684826,49.471457],[-69.684334,49.471272],[-69.68433,49.471201],[-69.684448,49.471003],[-69.684422,49.47088],[-69.684368,49.470843],[-69.684067,49.470766],[-69.683461,49.470814],[-69.68316,49.470985],[-69.682098,49.471221],[-69.681927,49.471303],[-69.68174,49.471629],[-69.682024,49.471962],[-69.681941,49.472129],[-69.681811,49.472185],[-69.681561,49.472169],[-69.681317,49.471943],[-69.681186,49.471902],[-69.681094,49.471929],[-69.680974,49.472077],[-69.680951,49.47217],[-69.680994,49.472206],[-69.681283,49.472313],[-69.681721,49.472401],[-69.682011,49.472373],[-69.682176,49.472506],[-69.682177,49.472624],[-69.682538,49.472791],[-69.682629,49.473027],[-69.682659,49.473303],[-69.682735,49.473408],[-69.682838,49.473437],[-69.683002,49.473275],[-69.683324,49.4734],[-69.683078,49.473657],[-69.683236,49.473792],[-69.683816,49.473955],[-69.684027,49.473912],[-69.684426,49.473609]],[[-69.680832,49.470701],[-69.680667,49.470451],[-69.680744,49.470354],[-69.681058,49.470439],[-69.681258,49.470038],[-69.68117,49.469899],[-69.681054,49.469811],[-69.680644,49.469804],[-69.680343,49.469745],[-69.680187,49.46965],[-69.680157,49.469582],[-69.680212,49.469443],[-69.680524,49.469397],[-69.680497,49.469356],[-69.680016,49.469182],[-69.679601,49.469191],[-69.679178,49.469107],[-69.679098,49.46907],[-69.6792,49.469019],[-69.679129,49.468981],[-69.678581,49.468953],[-69.678115,49.468842],[-69.677966,49.468886],[-69.677654,49.469088],[-69.677705,49.469215],[-69.678285,49.469418],[-69.678361,49.469536],[-69.678438,49.469867],[-69.678658,49.469902],[-69.678891,49.469829],[-69.678986,49.469843],[-69.679488,49.470085],[-69.679701,49.470334],[-69.680269,49.470424],[-69.68042,49.470538],[-69.680501,49.470724],[-69.68062,49.470846],[-69.680855,49.471004],[-69.680985,49.471024],[-69.681152,49.470968],[-69.681231,49.470916],[-69.681201,49.470815],[-69.680832,49.470701]],[[-69.702188,49.463753],[-69.702314,49.463649],[-69.702281,49.463519],[-69.702075,49.463344],[-69.70126,49.463325],[-69.700932,49.463249],[-69.699084,49.463053],[-69.698625,49.463147],[-69.698533,49.463249],[-69.698686,49.463435],[-69.698655,49.463635],[-69.698761,49.463678],[-69.69942,49.463573],[-69.699481,49.463524],[-69.699511,49.463359],[-69.699601,49.463305],[-69.699935,49.463337],[-69.70005,49.46348],[-69.700135,49.463722],[-69.700405,49.463967],[-69.700338,49.464101],[-69.700164,49.464161],[-69.699548,49.463972],[-69.699362,49.463999],[-69.698943,49.464344],[-69.698638,49.464707],[-69.698643,49.464772],[-69.698727,49.464795],[-69.698971,49.464575],[-69.699188,49.464587],[-69.699294,49.464692],[-69.699337,49.464826],[-69.699274,49.465137],[-69.699301,49.465194],[-69.699734,49.465343],[-69.70041,49.465257],[-69.700775,49.465103],[-69.701001,49.464895],[-69.701442,49.464785],[-69.701605,49.464639],[-69.701807,49.464293],[-69.701971,49.463782],[-69.702188,49.463753]],[[-69.695275,49.464754],[-69.695431,49.464718],[-69.695575,49.464545],[-69.695685,49.463997],[-69.695691,49.463833],[-69.695642,49.46377],[-69.695078,49.464038],[-69.694635,49.464554],[-69.694578,49.464677],[-69.694579,49.464793],[-69.694755,49.464924],[-69.694922,49.464932],[-69.695144,49.464863],[-69.695275,49.464754]],[[-69.691555,49.462102],[-69.692229,49.4622],[-69.692881,49.462166],[-69.693163,49.462104],[-69.693295,49.462009],[-69.693353,49.461838],[-69.693352,49.461621],[-69.693262,49.461321],[-69.693633,49.461259],[-69.69382,49.461058],[-69.694004,49.460991],[-69.694239,49.461062],[-69.694394,49.461251],[-69.694729,49.461353],[-69.694811,49.461823],[-69.694884,49.461928],[-69.695054,49.461999],[-69.695354,49.462007],[-69.695838,49.461856],[-69.696142,49.461645],[-69.696344,49.461144],[-69.696287,49.461083],[-69.695935,49.46105],[-69.69536,49.460833],[-69.695242,49.460712],[-69.6952,49.460463],[-69.695118,49.460416],[-69.694603,49.460368],[-69.694429,49.460408],[-69.693896,49.460682],[-69.693588,49.46103],[-69.693179,49.461137],[-69.692955,49.461091],[-69.692622,49.46083],[-69.692207,49.460998],[-69.691682,49.460954],[-69.691567,49.460882],[-69.691548,49.460791],[-69.691711,49.460535],[-69.691583,49.460488],[-69.69137,49.460494],[-69.690845,49.460778],[-69.690664,49.460943],[-69.690685,49.461044],[-69.691,49.461272],[-69.691128,49.46144],[-69.690366,49.461907],[-69.69006,49.462383],[-69.690037,49.462526],[-69.690157,49.462563],[-69.690812,49.46226],[-69.691555,49.462102]],[[-69.700223,49.458905],[-69.700512,49.458813],[-69.700535,49.458739],[-69.700403,49.458673],[-69.700259,49.45869],[-69.700066,49.45876],[-69.699731,49.458979],[-69.699562,49.459018],[-69.698596,49.458925],[-69.698261,49.458944],[-69.697847,49.458856],[-69.69762,49.458888],[-69.697541,49.458963],[-69.69764,49.45908],[-69.697784,49.459142],[-69.69861,49.459138],[-69.699698,49.459276],[-69.699816,49.459255],[-69.700223,49.458905]],[[-69.707109,49.454305],[-69.70724,49.454308],[-69.707565,49.454442],[-69.707661,49.454409],[-69.707426,49.454237],[-69.707103,49.454111],[-69.706902,49.454098],[-69.706665,49.45423],[-69.706596,49.454406],[-69.706134,49.45468],[-69.706121,49.454791],[-69.706204,49.454923],[-69.706461,49.455139],[-69.706414,49.455422],[-69.706255,49.455747],[-69.706458,49.455977],[-69.706499,49.456317],[-69.706744,49.456562],[-69.707404,49.456699],[-69.707669,49.45665],[-69.707783,49.456572],[-69.707909,49.456378],[-69.707297,49.455962],[-69.70728,49.455826],[-69.707372,49.455375],[-69.706936,49.454884],[-69.706894,49.454772],[-69.706917,49.454518],[-69.707109,49.454305]],[[-69.6566,49.473128],[-69.656889,49.473062],[-69.656959,49.472952],[-69.657258,49.473081],[-69.657396,49.473034],[-69.657237,49.472667],[-69.657029,49.472505],[-69.656404,49.472185],[-69.655931,49.472001],[-69.654485,49.471606],[-69.654082,49.471584],[-69.653437,49.471455],[-69.652736,49.471431],[-69.652242,49.471225],[-69.651745,49.470815],[-69.651603,49.470819],[-69.65132,49.470935],[-69.651259,49.471164],[-69.651598,49.471471],[-69.651791,49.471539],[-69.652339,49.471391],[-69.652695,49.471588],[-69.652713,49.471738],[-69.652675,49.471796],[-69.651974,49.471933],[-69.651882,49.471994],[-69.651934,49.472102],[-69.652384,49.472092],[-69.65252,49.472131],[-69.65258,49.47225],[-69.65253,49.472388],[-69.652566,49.472461],[-69.652701,49.472505],[-69.653258,49.472525],[-69.653607,49.472615],[-69.6539,49.472911],[-69.65453,49.473231],[-69.655121,49.473213],[-69.655263,49.473155],[-69.6566,49.473128]]]},"properties":{"FIRE_YEAR":2023,"FIRE_TYPE_CODE":"BR","FIRE_FINAL_SIZE":3215.0}},{"type":"Feature","geometry":{"type":"Polygon","coordinates":[[[-69.654478,49.476884],[-69.655797,49.477105],[-69.655866,49.477309],[-69.65585,49.477567],[-69.655767,49.477807],[-69.655816,49.477864],[-69.655763,49.477976],[-69.655816,49.478098],[-69.655563,49.478249],[-69.654932,49.478508],[-69.65471,49.478657],[-69.654483,49.478541],[-69.654313,49.478396],[-69.654219,49.478221],[-69.654345,49.477732],[-69.654355,49.477123],[-69.654478,49.476884]]]},"properties":{"FIRE_YEAR":2023,"FIRE_TYPE_CODE":"BR","FIRE_FINAL_SIZE":1.7}},{"type":"Feature","geometry":{"type":"Polygon","coordinates":[[[-69.661871,49.488762],[-69.661954,49.488647],[-69.661597,49.488457],[-69.661386,49.488244],[-69.661373,49.488065],[-69.661529,49.488],[-69.66203,49.488137],[-69.66236,49.488853],[-69.662299,49.488949],[-69.662048,49.488934],[-69.661972,49.489102],[-69.661874,49.489173],[-69.661599,49.489233],[-69.661413,49.489115],[-69.661544,49.488941],[-69.661871,49.488762]]]},"properties":{"FIRE_YEAR":2023,"FIRE_TYPE_CODE":"BR","FIRE_FINAL_SIZE":0.5}},{"type":"Feature","geometry":{"type":"Polygon","coordinates":[[[-69.684361,49.435065],[-69.684272,49.434922],[-69.684352,49.434795],[-69.684272,49.434579],[-69.684109,49.434479],[-69.684234,49.434408],[-69.684565,49.434401],[-69.684729,49.434492],[-69.684864,49.434664],[-69.684933,49.434664],[-69.685101,49.43454],[-69.685174,49.434279],[-69.685287,49.4341],[-69.685957,49.433602],[-69.685964,49.433206],[-69.68613,49.433126],[-69.686378,49.433128],[-69.686598,49.433174],[-69.687021,49.433474],[-69.687242,49.433476],[-69.687657,49.433344],[-69.68816,49.432934],[-69.688397,49.432827],[-69.6887,49.432794],[-69.689207,49.432986],[-69.689401,49.43296],[-69.689904,49.433386],[-69.690372,49.433462],[-69.690754,49.433707],[-69.691179,49.433836],[-69.691384,49.433972],[-69.691478,49.434099],[-69.691646,49.434792],[-69.691244,49.434934],[-69.690763,49.43484],[-69.690554,49.434965],[-69.690399,49.43517],[-69.690217,49.435295],[-69.68957,49.435219],[-69.689376,49.435298],[-69.689035,49.435907],[-69.68866,49.436102],[-69.688547,49.436236],[-69.688543,49.43647],[-69.688318,49.436721],[-69.688343,49.436892],[-69.688411,49.437],[-69.688574,49.437091],[-69.689014,49.437202],[-69.689176,49.437383],[-69.689172,49.437644],[-69.688945,49.438029],[-69.688547,49.437933],[-69.688288,49.437755],[-69.68752,49.437461],[-69.686758,49.437348],[-69.686518,49.437252],[-69.685345,49.436575],[-69.684537,49.436025],[-69.684183,49.435635],[-69.684271,49.435475],[-69.684361,49.435065]]]},"properties":{"FIRE_YEAR":1916,"FIRE_TYPE_CODE":"BR","FIRE_FINAL_SIZE":16.8}},{"type":"Feature","geometry":{"type":"MultiPolygon","coordinates":[[[[-69.713,49.508337],[-69.712424,49.50798],[-69.712191,49.507916],[-69.711956,49.507896],[-69.711525,49.508091],[-69.710995,49.507593],[-69.710078,49.506889],[-69.709732,49.506546],[-69.709401,49.506169],[-69.708773,49.505271],[-69.708307,49.50452],[-69.707721,49.503371],[-69.706892,49.502363],[-69.706488,49.501762],[-69.706236,49.501293],[-69.706084,49.501301],[-69.705975,49.501165],[-69.705571,49.500533],[-69.705493,49.500281],[-69.705496,49.500065],[-69.706313,49.49909],[-69.706353,49.499145],[-69.706534,49.499065],[-69.707134,49.4987],[-69.708121,49.497378],[-69.708616,49.496879],[-69.709359,49.496384],[-69.709653,49.496338],[-69.710219,49.496599],[-69.710526,49.496853],[-69.710705,49.497039],[-69.711026,49.497589],[-69.711143,49.49924],[-69.711378,49.500051],[-69.711499,49.500259],[-69.711581,49.500331],[-69.711842,49.500423],[-69.712143,49.500437],[-69.713,49.500655],[-69.713,49.508337]]],[[[-69.713,49.495346],[-69.712615,49.495231],[-69.712839,49.495079],[-69.713,49.495056],[-69.713,49.495346]]],[[[-69.713,49.451274],[-69.712852,49.450895],[-69.712521,49.450458],[-69.711936,49.45016],[-69.711357,49.449486],[-69.711208,49.449495],[-69.711166,49.449539],[-69.711211,49.449675],[-69.711409,49.449758],[-69.711469,49.449839],[-69.711508,49.450334],[-69.711442,49.450593],[-69.711544,49.450843],[-69.712056,49.451285],[-69.713,49.45131],[-69.713,49.457795],[-69.712562,49.458119],[-69.712214,49.458306],[-69.711478,49.458561],[-69.711061,49.458783],[-69.710935,49.45889],[-69.710877,49.459061],[-69.711136,49.459278],[-69.711749,49.458923],[-69.712205,49.458863],[-69.713,49.458922],[-69.713,49.463435],[-69.711683,49.465604],[-69.711638,49.465846],[-69.711232,49.466203],[-69.710991,49.466615],[-69.710823,49.46674],[-69.710494,49.466612],[-69.709676,49.466813],[-69.709484,49.466785],[-69.709307,49.466631],[-69.709241,49.466432],[-69.709236,49.465884],[-69.708771,49.465656],[-69.708576,49.465744],[-69.708478,49.465852],[-69.708433,49.466076],[-69.708294,49.466147],[-69.708128,49.466137],[-69.707965,49.466028],[-69.707729,49.466107],[-69.707464,49.466267],[-69.707225,49.466553],[-69.707178,49.466904],[-69.707563,49.467833],[-69.707533,49.467985],[-69.707171,49.468172],[-69.706798,49.468223],[-69.70535,49.468159],[-69.704815,49.46794],[-69.703865,49.467016],[-69.703508,49.466879],[-69.703287,49.466931],[-69.703279,49.467381],[-69.703798,49.46769],[-69.704002,49.467916],[-69.704026,49.468096],[-69.703928,49.468221],[-69.70365,49.468336],[-69.703483,49.468443],[-69.70344,49.468524],[-69.703437,49.468703],[-69.703518,49.468812],[-69.704109,49.468951],[-69.70408,49.469059],[-69.703579,49.469325],[-69.703562,49.469505],[-69.703739,49.46965],[-69.704167,49.469662],[-69.70508,49.469479],[-69.705453,49.469464],[-69.705988,49.469665],[-69.706137,49.469864],[-69.70616,49.470107],[-69.706089,49.470223],[-69.705908,49.470366],[-69.705741,49.470437],[-69.705077,49.470522],[-69.704689,49.470654],[-69.704019,49.471126],[-69.703653,49.471592],[-69.703747,49.471745],[-69.704103,49.4719],[-69.704545,49.471885],[-69.705901,49.471652],[-69.706134,49.471708],[-69.706202,49.471798],[-69.706199,49.471951],[-69.7061,49.472112],[-69.705863,49.472272],[-69.70586,49.472434],[-69.705746,49.472658],[-69.70513,49.473229],[-69.704989,49.473444],[-69.704985,49.473642],[-69.705093,49.473796],[-69.705325,49.473932],[-69.705765,49.47407],[-69.706646,49.474229],[-69.706501,49.474641],[-69.706289,49.474946],[-69.70577,49.4755],[-69.705431,49.475938],[-69.705203,49.476377],[-69.704651,49.476391],[-69.704238,49.476361],[-69.70388,49.47626],[-69.703075,49.475697],[-69.702814,49.475614],[-69.701435,49.475605],[-69.701228,49.475558],[-69.700858,49.475394],[-69.700463,49.47513],[-69.70011,49.474768],[-69.699851,49.474587],[-69.699616,49.474549],[-69.699036,49.474635],[-69.698774,49.474597],[-69.697705,49.47414],[-69.697168,49.474092],[-69.696974,49.474135],[-69.696633,49.473863],[-69.696153,49.473671],[-69.695781,49.473677],[-69.695319,49.474052],[-69.695549,49.474323],[-69.696,49.474587],[-69.696729,49.474745],[-69.696724,49.475087],[-69.69711,49.475089],[-69.697425,49.475226],[-69.697519,49.47538],[-69.697608,49.475884],[-69.697785,49.47602],[-69.698143,49.476077],[-69.698516,49.476025],[-69.69878,49.475937],[-69.699267,49.475653],[-69.699503,49.475582],[-69.699779,49.475566],[-69.700109,49.475641],[-69.7003,49.475786],[-69.700406,49.476074],[-69.70061,49.476238],[-69.700981,49.476321],[-69.701381,49.476342],[-69.701737,49.476497],[-69.702171,49.476986],[-69.70262,49.477357],[-69.702564,49.477456],[-69.702593,49.477634],[-69.702378,49.47775],[-69.701759,49.477702],[-69.700828,49.477814],[-69.700416,49.4778],[-69.699625,49.477436],[-69.699306,49.477496],[-69.699062,49.477618],[-69.698767,49.477593],[-69.698262,49.477219],[-69.697842,49.47729],[-69.697737,49.477243],[-69.697628,49.477374],[-69.697553,49.477383],[-69.697331,49.477185],[-69.697327,49.476988],[-69.696943,49.47686],[-69.696734,49.476993],[-69.696706,49.477323],[-69.696609,49.477329],[-69.69655,49.477226],[-69.696427,49.477198],[-69.696412,49.477234],[-69.696365,49.477602],[-69.696614,49.478106],[-69.696679,49.478466],[-69.696522,49.47879],[-69.696145,49.47921],[-69.696437,49.479122],[-69.697278,49.478658],[-69.69782,49.478506],[-69.698919,49.478402],[-69.699938,49.478499],[-69.700615,49.478486],[-69.700988,49.478434],[-69.70128,49.478337],[-69.701629,49.478106],[-69.701807,49.478054],[-69.702108,49.478059],[-69.70302,49.478259],[-69.703361,49.478264],[-69.704135,49.47842],[-69.705793,49.478404],[-69.706477,49.478458],[-69.709346,49.479227],[-69.709997,49.479474],[-69.710169,49.479663],[-69.710206,49.480346],[-69.710077,49.480401],[-69.709802,49.480389],[-69.709611,49.480301],[-69.709257,49.48002],[-69.709091,49.480046],[-69.708674,49.480232],[-69.708158,49.480552],[-69.707639,49.481061],[-69.707299,49.481643],[-69.707282,49.481832],[-69.707337,49.481868],[-69.707914,49.481971],[-69.708138,49.481838],[-69.708423,49.481378],[-69.709029,49.481358],[-69.709622,49.481273],[-69.710582,49.48128],[-69.711023,49.48135],[-69.711304,49.481499],[-69.711579,49.481546],[-69.711914,49.481372],[-69.713,49.481426],[-69.713,49.485382],[-69.712368,49.48517],[-69.711568,49.484801],[-69.711279,49.484728],[-69.709902,49.484556],[-69.708956,49.484577],[-69.708565,49.484439],[-69.707356,49.484935],[-69.70713,49.48523],[-69.707183,49.485392],[-69.70758,49.485584],[-69.70834,49.485509],[-69.708835,49.485664],[-69.709395,49.486028],[-69.709557,49.486254],[-69.710403,49.48604],[-69.710909,49.486197],[-69.71143,49.486518],[-69.711746,49.486628],[-69.713,49.486941],[-69.713,49.492173],[-69.71233,49.492333],[-69.711406,49.492327],[-69.710717,49.492223],[-69.71048,49.492375],[-69.710503,49.492636],[-69.710416,49.492905],[-69.710289,49.493066],[-69.710182,49.492867],[-69.709491,49.49208],[-69.708407,49.491641],[-69.707997,49.491395],[-69.707927,49.491449],[-69.707675,49.490836],[-69.707467,49.490025],[-69.707055,49.489887],[-69.706809,49.489733],[-69.706476,49.489838],[-69.706269,49.489837],[-69.706008,49.489754],[-69.70568,49.489545],[-69.705463,49.48931],[-69.705275,49.489021],[-69.705156,49.488705],[-69.704575,49.488746],[-69.704297,49.488843],[-69.704196,49.489166],[-69.704217,49.489553],[-69.70409,49.489741],[-69.70388,49.489883],[-69.703368,49.489997],[-69.703075,49.490148],[-69.703056,49.490507],[-69.703334,49.490374],[-69.703568,49.490412],[-69.7038,49.490584],[-69.704042,49.490982],[-69.70444,49.491146],[-69.704702,49.49113],[-69.705565,49.490686],[-69.705787,49.490643],[-69.706007,49.490689],[-69.706266,49.490862],[-69.706388,49.491025],[-69.706397,49.491295],[-69.706283,49.491528],[-69.705879,49.491786],[-69.705766,49.491929],[-69.705762,49.492162],[-69.705871,49.492289],[-69.706431,49.492608],[-69.706456,49.492779],[-69.706352,49.493264],[-69.706932,49.493249],[-69.707349,49.493072],[-69.707735,49.493093],[-69.707522,49.493442],[-69.707371,49.493937],[-69.706483,49.495369],[-69.706184,49.496814],[-69.705881,49.496758],[-69.705467,49.496755],[-69.704872,49.496841],[-69.70404,49.497042],[-69.703637,49.49721],[-69.703611,49.497111],[-69.703754,49.496834],[-69.703575,49.496805],[-69.703288,49.496606],[-69.703059,49.49628],[-69.70276,49.495973],[-69.702541,49.495836],[-69.702321,49.495817],[-69.702237,49.495897],[-69.702337,49.496518],[-69.702267,49.496599],[-69.702142,49.496607],[-69.702005,49.496561],[-69.701673,49.496594],[-69.701536,49.49654],[-69.701399,49.496449],[-69.701156,49.496114],[-69.700733,49.495833],[-69.700302,49.496],[-69.699723,49.495969],[-69.699487,49.496058],[-69.699347,49.496174],[-69.699344,49.496354],[-69.699545,49.496697],[-69.699542,49.496876],[-69.699731,49.497166],[-69.699729,49.497291],[-69.699603,49.497362],[-69.699466,49.497353],[-69.69922,49.497135],[-69.698924,49.49671],[-69.69876,49.496601],[-69.698594,49.496609],[-69.698468,49.496707],[-69.698354,49.496958],[-69.698088,49.497154],[-69.697978,49.497153],[-69.697842,49.497],[-69.69779,49.496792],[-69.697682,49.496684],[-69.697572,49.496665],[-69.697389,49.496862],[-69.697483,49.497033],[-69.697411,49.497167],[-69.697244,49.497292],[-69.697008,49.497362],[-69.696732,49.497361],[-69.696567,49.497314],[-69.696184,49.497096],[-69.695963,49.497112],[-69.695867,49.497076],[-69.695799,49.497021],[-69.695639,49.49667],[-69.695461,49.49656],[-69.695295,49.496541],[-69.695129,49.496585],[-69.694807,49.496871],[-69.694677,49.497211],[-69.69467,49.497661],[-69.694554,49.498002],[-69.694097,49.498071],[-69.693964,49.497782],[-69.693969,49.497449],[-69.69407,49.497171],[-69.69465,49.496321],[-69.695069,49.495209],[-69.69524,49.494895],[-69.695465,49.494654],[-69.695813,49.494477],[-69.696173,49.494407],[-69.697985,49.494195],[-69.698401,49.494054],[-69.698666,49.493894],[-69.698793,49.493706],[-69.698434,49.493703],[-69.697926,49.493538],[-69.697692,49.493537],[-69.697498,49.49358],[-69.696538,49.494014],[-69.696137,49.494038],[-69.696041,49.493993],[-69.696001,49.493902],[-69.696213,49.493643],[-69.696242,49.493535],[-69.695956,49.493309],[-69.69585,49.493065],[-69.695854,49.492777],[-69.696085,49.492195],[-69.696103,49.491934],[-69.695939,49.491789],[-69.695829,49.491788],[-69.695662,49.491877],[-69.69552,49.492119],[-69.695445,49.492469],[-69.695348,49.492522],[-69.695251,49.492521],[-69.695143,49.492341],[-69.695193,49.491829],[-69.695126,49.491729],[-69.695101,49.491567],[-69.695203,49.491244],[-69.695344,49.491056],[-69.69554,49.490914],[-69.69565,49.490888],[-69.695847,49.490691],[-69.695851,49.49043],[-69.695922,49.490305],[-69.696299,49.490056],[-69.696399,49.489877],[-69.696401,49.489751],[-69.6961,49.489578],[-69.696074,49.489479],[-69.696214,49.489381],[-69.696476,49.489383],[-69.696615,49.48933],[-69.696746,49.488881],[-69.697165,49.488569],[-69.697223,49.488417],[-69.697128,49.488344],[-69.696894,49.48828],[-69.69652,49.488394],[-69.695732,49.489305],[-69.694978,49.489786],[-69.693985,49.490606],[-69.693698,49.490442],[-69.6934,49.490045],[-69.693376,49.489865],[-69.693492,49.489533],[-69.6933,49.489441],[-69.693175,49.489459],[-69.693064,49.48953],[-69.692796,49.489852],[-69.692658,49.489887],[-69.692493,49.489858],[-69.692248,49.489596],[-69.692156,49.489308],[-69.692125,49.488696],[-69.69206,49.488444],[-69.691899,49.488155],[-69.691708,49.488045],[-69.691473,49.488044],[-69.691235,49.488249],[-69.689649,49.487366],[-69.689819,49.48707],[-69.690334,49.486822],[-69.691286,49.486865],[-69.692523,49.487134],[-69.692868,49.487163],[-69.693035,49.487093],[-69.693065,49.486958],[-69.692643,49.486604],[-69.6927,49.486452],[-69.692854,49.486336],[-69.693352,49.486259],[-69.692972,49.48586],[-69.692576,49.485633],[-69.691505,49.485275],[-69.690872,49.485144],[-69.689732,49.484812],[-69.689365,49.484495],[-69.689273,49.484207],[-69.689331,49.484009],[-69.689487,49.483786],[-69.689752,49.48359],[-69.690099,49.483484],[-69.690569,49.483425],[-69.691839,49.483433],[-69.692693,49.483529],[-69.693463,49.483687],[-69.694368,49.484062],[-69.694968,49.484525],[-69.695104,49.48378],[-69.694309,49.483487],[-69.693967,49.483295],[-69.693418,49.483085],[-69.692525,49.482827],[-69.691011,49.482591],[-69.68985,49.482673],[-69.689089,49.482821],[-69.688284,49.483049],[-69.687673,49.483314],[-69.687254,49.483608],[-69.686848,49.483974],[-69.686619,49.484422],[-69.686359,49.484294],[-69.686197,49.484068],[-69.685993,49.483923],[-69.685758,49.483921],[-69.68505,49.48415],[-69.684719,49.484148],[-69.684294,49.483983],[-69.684078,49.483658],[-69.684729,49.483554],[-69.685131,49.483431],[-69.685466,49.483218],[-69.685636,49.482976],[-69.685616,49.482508],[-69.685716,49.482293],[-69.685883,49.482187],[-69.686466,49.482011],[-69.686873,49.481618],[-69.687221,49.481423],[-69.687185,49.481099],[-69.687092,49.480855],[-69.686706,49.480016],[-69.685291,49.47962],[-69.684382,49.479487],[-69.682583,49.478998],[-69.68183,49.478588],[-69.681782,49.478174],[-69.68195,49.47804],[-69.682241,49.477989],[-69.682245,49.477701],[-69.682193,49.477557],[-69.681881,49.477186],[-69.681595,49.477004],[-69.681447,49.476769],[-69.681451,49.476499],[-69.68125,49.476138],[-69.681474,49.475978],[-69.682346,49.475804],[-69.683123,49.475576],[-69.683031,49.475305],[-69.683063,49.474991],[-69.68319,49.474821],[-69.683566,49.474644],[-69.684105,49.474558],[-69.684245,49.474451],[-69.684316,49.474325],[-69.684292,49.474118],[-69.684199,49.47392],[-69.68382,49.473468],[-69.683976,49.473199],[-69.684361,49.47331],[-69.684595,49.473311],[-69.684706,49.473285],[-69.685153,49.472964],[-69.685388,49.472948],[-69.685649,49.473031],[-69.685854,49.473149],[-69.687198,49.474463],[-69.687756,49.474098],[-69.688132,49.473921],[-69.688741,49.473772],[-69.691268,49.4737],[-69.691642,49.473603],[-69.692087,49.4734],[-69.692418,49.473384],[-69.692652,49.473449],[-69.693107,49.473461],[-69.693087,49.473011],[-69.693281,49.472958],[-69.693612,49.47297],[-69.693891,49.472756],[-69.694047,49.472532],[-69.694221,49.47203],[-69.694376,49.471788],[-69.695188,49.471092],[-69.69526,49.470922],[-69.695263,49.470742],[-69.695363,49.470527],[-69.695503,49.470429],[-69.695738,49.470359],[-69.695879,49.470171],[-69.696284,49.469913],[-69.697018,49.46972],[-69.699188,49.469492],[-69.699452,49.469422],[-69.699563,49.469342],[-69.699636,49.469136],[-69.699598,49.46892],[-69.699396,49.468595],[-69.699467,49.46846],[-69.70008,49.468114],[-69.700315,49.468088],[-69.700718,49.467893],[-69.700997,49.467697],[-69.701505,49.467045],[-69.701763,49.466426],[-69.702033,49.465969],[-69.70261,49.465245],[-69.702819,49.465129],[-69.703122,49.465158],[-69.703424,49.465286],[-69.703658,49.465288],[-69.703964,49.465137],[-69.704459,49.464394],[-69.70492,49.46402],[-69.704966,49.463786],[-69.704806,49.463389],[-69.704296,49.463386],[-69.704061,49.463429],[-69.7037,49.46358],[-69.701608,49.464923],[-69.701161,49.46528],[-69.69998,49.466656],[-69.699584,49.467247],[-69.699496,49.467543],[-69.699167,49.467397],[-69.698903,49.467503],[-69.698572,49.46751],[-69.698335,49.467679],[-69.698127,49.46775],[-69.697727,49.467729],[-69.696918,49.46739],[-69.696522,49.467145],[-69.696292,49.466892],[-69.69609,49.466557],[-69.695913,49.466448],[-69.695597,49.466347],[-69.694618,49.466313],[-69.694136,49.466238],[-69.693987,49.466111],[-69.694045,49.465887],[-69.69434,49.465583],[-69.695709,49.464594],[-69.695948,49.46429],[-69.696326,49.463951],[-69.695795,49.463543],[-69.695605,49.463326],[-69.695446,49.462929],[-69.695282,49.462838],[-69.695034,49.462818],[-69.693441,49.463185],[-69.692903,49.463235],[-69.692408,49.463124],[-69.69223,49.462997],[-69.692123,49.462816],[-69.692168,49.462574],[-69.692336,49.462467],[-69.692599,49.462424],[-69.694503,49.462374],[-69.695402,49.462245],[-69.696221,49.461936],[-69.696863,49.461464],[-69.695818,49.461277],[-69.69557,49.461275],[-69.694517,49.461538],[-69.694076,49.461526],[-69.693636,49.461397],[-69.693443,49.461395],[-69.693304,49.461457],[-69.693247,49.461583],[-69.692321,49.461675],[-69.691746,49.461429],[-69.691002,49.461378],[-69.690746,49.460981],[-69.690433,49.460691],[-69.690258,49.460447],[-69.690291,49.460123],[-69.69063,49.45964],[-69.690689,49.459416],[-69.690652,49.459128],[-69.690059,49.459169],[-69.689894,49.459123],[-69.689594,49.458896],[-69.689528,49.458706],[-69.689609,49.457997],[-69.689542,49.457843],[-69.689242,49.457661],[-69.688314,49.458689],[-69.688077,49.458849],[-69.687897,49.458911],[-69.687732,49.458847],[-69.687107,49.458294],[-69.685868,49.457332],[-69.685941,49.457054],[-69.685968,49.456332],[-69.686363,49.455762],[-69.68651,49.455187],[-69.686473,49.454935],[-69.68631,49.454799],[-69.685925,49.454724],[-69.685882,49.454769],[-69.685878,49.45503],[-69.685928,49.455547],[-69.685353,49.455934],[-69.684794,49.456472],[-69.684432,49.456521],[-69.684333,49.456845],[-69.683855,49.457237],[-69.683706,49.457056],[-69.683487,49.456964],[-69.68331,49.45681],[-69.683219,49.456522],[-69.683082,49.456458],[-69.682875,49.456456],[-69.682653,49.456536],[-69.682277,49.456767],[-69.681522,49.457355],[-69.681287,49.457398],[-69.681013,49.45728],[-69.680878,49.457081],[-69.680869,49.456802],[-69.681191,49.456534],[-69.681802,49.456296],[-69.682011,49.456162],[-69.682417,49.455788],[-69.682667,49.455709],[-69.683357,49.455668],[-69.683733,49.455473],[-69.683817,49.455357],[-69.68382,49.455186],[-69.683713,49.454988],[-69.68314,49.454633],[-69.6831,49.454561],[-69.683158,49.454336],[-69.68282,49.453974],[-69.682642,49.453865],[-69.682216,49.453763],[-69.68208,49.453654],[-69.682082,49.453537],[-69.682321,49.453242],[-69.682794,49.453039],[-69.683429,49.45298],[-69.684033,49.453164],[-69.684295,49.453175],[-69.684434,49.453122],[-69.684685,49.452926],[-69.684869,49.45264],[-69.684459,49.452439],[-69.684283,49.452258],[-69.684284,49.45215],[-69.684355,49.452043],[-69.68455,49.451927],[-69.68458,49.451792],[-69.684457,49.451702],[-69.684059,49.451591],[-69.682738,49.451411],[-69.682271,49.451263],[-69.682108,49.451145],[-69.682071,49.450857],[-69.68224,49.450661],[-69.683827,49.450609],[-69.684338,49.450613],[-69.684832,49.450715],[-69.685408,49.450917],[-69.685519,49.450918],[-69.685686,49.450793],[-69.685744,49.450632],[-69.68573,49.449822],[-69.685378,49.448579],[-69.685241,49.447715],[-69.685248,49.447265],[-69.684751,49.447279],[-69.684402,49.447583],[-69.684053,49.447787],[-69.683722,49.447776],[-69.682695,49.447355],[-69.682511,49.447641],[-69.682274,49.447766],[-69.681778,49.447753],[-69.681713,49.447501],[-69.681744,49.44733],[-69.681957,49.446981],[-69.68239,49.446624],[-69.682421,49.446436],[-69.682367,49.446363],[-69.682176,49.446254],[-69.681831,49.446252],[-69.681529,49.446178],[-69.681365,49.446069],[-69.681042,49.445581],[-69.680622,49.445955],[-69.680364,49.445711],[-69.680173,49.44561],[-69.678565,49.445129],[-69.677955,49.444651],[-69.677719,49.444703],[-69.67786,49.445118],[-69.677873,49.445396],[-69.677669,49.445242],[-69.677466,49.445016],[-69.67732,49.444637],[-69.67734,49.444305],[-69.677483,49.444009],[-69.67821,49.444203],[-69.67951,49.44485],[-69.679785,49.444852],[-69.679925,49.444736],[-69.679915,49.444556],[-69.679752,49.444385],[-69.678989,49.443831],[-69.678624,49.44336],[-69.678559,49.443126],[-69.678567,49.442659],[-69.678527,49.442568],[-69.678364,49.442441],[-69.678062,49.442349],[-69.677953,49.442268],[-69.678026,49.442043],[-69.678278,49.441802],[-69.678254,49.441577],[-69.677851,49.440945],[-69.677788,49.440567],[-69.677583,49.440457],[-69.677516,49.44034],[-69.67738,49.44024],[-69.67705,49.440202],[-69.676828,49.44029],[-69.677086,49.440517],[-69.67723,49.440967],[-69.677212,49.441201],[-69.677069,49.441551],[-69.676929,49.44164],[-69.676833,49.441639],[-69.676629,49.441467],[-69.676427,49.441133],[-69.67631,49.440736],[-69.676161,49.440555],[-69.675629,49.440246],[-69.675111,49.439846],[-69.67476,49.439403],[-69.674474,49.43923],[-69.674268,49.439184],[-69.673859,49.438893],[-69.673626,49.438793],[-69.673226,49.438772],[-69.672936,49.438815],[-69.672755,49.438939],[-69.672754,49.439011],[-69.672848,49.43912],[-69.673215,49.439455],[-69.67336,49.439861],[-69.672809,49.439803],[-69.672614,49.439954],[-69.672475,49.43998],[-69.67238,49.439926],[-69.67251,49.439531],[-69.672416,49.439404],[-69.672156,49.439268],[-69.671926,49.43905],[-69.671927,49.438978],[-69.672024,49.438925],[-69.672245,49.438936],[-69.672383,49.438892],[-69.672413,49.438739],[-69.672181,49.438602],[-69.67192,49.438547],[-69.671218,49.438497],[-69.671054,49.438388],[-69.671042,49.43828],[-69.671251,49.438164],[-69.671829,49.438213],[-69.671969,49.438097],[-69.67189,49.437881],[-69.671974,49.437792],[-69.671949,49.437657],[-69.671704,49.437439],[-69.671708,49.43725],[-69.672153,49.436984],[-69.672089,49.436695],[-69.672187,49.436633],[-69.672393,49.436671],[-69.673116,49.437116],[-69.673679,49.437273],[-69.674093,49.437249],[-69.673933,49.436915],[-69.673565,49.436661],[-69.672566,49.436213],[-69.672362,49.436068],[-69.672227,49.435887],[-69.672202,49.435725],[-69.67208,49.435616],[-69.67179,49.435614],[-69.671517,49.435468],[-69.671256,49.435421],[-69.670911,49.435419],[-69.670581,49.435354],[-69.670363,49.435244],[-69.67031,49.435091],[-69.670422,49.435002],[-69.670753,49.434986],[-69.670961,49.434898],[-69.670895,49.434763],[-69.670498,49.434562],[-69.670377,49.434399],[-69.670366,49.434237],[-69.670162,49.434056],[-69.669831,49.434035],[-69.669339,49.433771],[-69.669133,49.433761],[-69.668855,49.433876],[-69.668731,49.433866],[-69.668188,49.433385],[-69.667746,49.433409],[-69.667623,49.433363],[-69.667305,49.433406],[-69.666978,49.433188],[-69.666591,49.433203],[-69.666414,49.433103],[-69.66632,49.432985],[-69.666295,49.432769],[-69.666229,49.432643],[-69.665778,49.43237],[-69.665698,49.432216],[-69.665702,49.432018],[-69.665525,49.431837],[-69.665735,49.431668],[-69.666178,49.431581],[-69.66648,49.431619],[-69.667015,49.43183],[-69.667684,49.432186],[-69.667946,49.432187],[-69.668113,49.432099],[-69.668212,49.431965],[-69.668214,49.431812],[-69.668148,49.431676],[-69.667944,49.431477],[-69.66763,49.431304],[-69.666779,49.431118],[-69.666328,49.430854],[-69.666248,49.430664],[-69.665868,49.430311],[-69.665791,49.430005],[-69.665891,49.429808],[-69.665661,49.429518],[-69.665332,49.429426],[-69.664622,49.428989],[-69.664237,49.428968],[-69.66407,49.429057],[-69.663952,49.42947],[-69.663742,49.429693],[-69.663451,49.429799],[-69.662623,49.429793],[-69.662336,49.429656],[-69.662201,49.429484],[-69.661737,49.429193],[-69.661325,49.429109],[-69.660873,49.428926],[-69.660497,49.429148],[-69.66027,49.42876],[-69.660024,49.428614],[-69.659652,49.428611],[-69.659008,49.428346],[-69.658761,49.428326],[-69.658387,49.428413],[-69.657574,49.428407],[-69.657338,49.428451],[-69.656866,49.428663],[-69.656626,49.429003],[-69.65639,49.429064],[-69.65595,49.429034],[-69.655648,49.428942],[-69.655484,49.428833],[-69.655404,49.428706],[-69.655406,49.42858],[-69.655547,49.428393],[-69.655525,49.428069],[-69.655735,49.427917],[-69.65574,49.42763],[-69.655865,49.427523],[-69.656113,49.427525],[-69.656675,49.427744],[-69.656909,49.427746],[-69.657118,49.42764],[-69.657408,49.427633],[-69.657913,49.427933],[-69.658091,49.427989],[-69.658285,49.427936],[-69.658453,49.427793],[-69.6585,49.42747],[-69.658418,49.42738],[-69.658254,49.427315],[-69.657787,49.427222],[-69.657568,49.427095],[-69.657421,49.42686],[-69.657766,49.426853],[-69.658039,49.427008],[-69.658423,49.427092],[-69.658576,49.42703],[-69.659121,49.426593],[-69.659494,49.42656],[-69.660057,49.426708],[-69.660497,49.426747],[-69.661174,49.426644],[-69.661605,49.426449],[-69.662046,49.426435],[-69.662775,49.42653],[-69.663421,49.426687],[-69.663886,49.426898],[-69.664119,49.426953],[-69.664423,49.426928],[-69.66459,49.42684],[-69.664773,49.426625],[-69.664776,49.426454],[-69.664682,49.42631],[-69.664545,49.426219],[-69.664523,49.42594],[-69.664856,49.425808],[-69.664912,49.425736],[-69.664888,49.425547],[-69.664715,49.425177],[-69.664731,49.425042],[-69.664802,49.424917],[-69.66526,49.42474],[-69.665376,49.424373],[-69.665517,49.424194],[-69.665684,49.424114],[-69.665822,49.424106],[-69.666262,49.424154],[-69.666555,49.423985],[-69.6669,49.423952],[-69.667302,49.423802],[-69.667536,49.423822],[-69.667742,49.423895],[-69.668067,49.424239],[-69.668268,49.424564],[-69.668302,49.425032],[-69.668533,49.425214],[-69.668629,49.425214],[-69.668888,49.425378],[-69.669356,49.425488],[-69.669587,49.425635],[-69.669685,49.425546],[-69.669594,49.425468],[-69.669961,49.425557],[-69.670723,49.426138],[-69.670901,49.426211],[-69.671808,49.426388],[-69.672421,49.426788],[-69.672711,49.42679],[-69.673848,49.427248],[-69.674288,49.427269],[-69.674614,49.427568],[-69.674515,49.427711],[-69.674267,49.42771],[-69.673512,49.427533],[-69.673401,49.427577],[-69.673344,49.427685],[-69.673464,49.427911],[-69.673735,49.428209],[-69.674568,49.428674],[-69.675295,49.428904],[-69.675625,49.428942],[-69.675695,49.428907],[-69.675696,49.428817],[-69.675601,49.428708],[-69.67563,49.428637],[-69.675769,49.428557],[-69.676004,49.428549],[-69.677515,49.428893],[-69.678145,49.429113],[-69.678514,49.429331],[-69.679273,49.430092],[-69.679549,49.430085],[-69.680042,49.430278],[-69.680511,49.430299],[-69.680661,49.430381],[-69.680745,49.430374],[-69.681003,49.430554],[-69.680979,49.430302],[-69.681268,49.430331],[-69.68176,49.43064],[-69.68202,49.430723],[-69.682364,49.430753],[-69.682624,49.430907],[-69.682701,49.431214],[-69.682533,49.431392],[-69.68205,49.431416],[-69.681423,49.430989],[-69.681489,49.431169],[-69.681841,49.431558],[-69.682334,49.43176],[-69.682591,49.432076],[-69.682494,49.432102],[-69.682559,49.432292],[-69.682776,49.432472],[-69.682843,49.432653],[-69.68302,49.432763],[-69.683018,49.432906],[-69.6833,49.433349],[-69.683763,49.43373],[-69.683662,49.433999],[-69.683685,49.434278],[-69.683478,49.434267],[-69.683366,49.434357],[-69.683365,49.434447],[-69.683468,49.434571],[-69.683427,49.434657],[-69.683085,49.434687],[-69.68293,49.434875],[-69.682816,49.435303],[-69.681767,49.435973],[-69.681445,49.436285],[-69.68143,49.436348],[-69.68155,49.436592],[-69.682073,49.43732],[-69.682037,49.437527],[-69.681832,49.437862],[-69.6818,49.43814],[-69.681956,49.438396],[-69.682066,49.438763],[-69.682322,49.439088],[-69.683437,49.439725],[-69.68385,49.440106],[-69.684179,49.440208],[-69.685117,49.440367],[-69.686067,49.440664],[-69.686334,49.440834],[-69.68739,49.441183],[-69.688435,49.441352],[-69.689719,49.441298],[-69.690171,49.441075],[-69.690688,49.441071],[-69.690839,49.440992],[-69.691554,49.440994],[-69.693199,49.441139],[-69.693668,49.441349],[-69.693852,49.441516],[-69.694242,49.441677],[-69.694672,49.441954],[-69.695413,49.442219],[-69.695675,49.44223],[-69.695943,49.442095],[-69.696602,49.442012],[-69.696891,49.441828],[-69.697543,49.441812],[-69.697891,49.441616],[-69.698046,49.44141],[-69.698132,49.441213],[-69.697963,49.440574],[-69.69765,49.440356],[-69.696892,49.440203],[-69.696627,49.440096],[-69.696429,49.439952],[-69.696844,49.439846],[-69.698415,49.439911],[-69.699119,49.43988],[-69.699269,49.439998],[-69.699461,49.440053],[-69.699682,49.440001],[-69.699919,49.43985],[-69.700361,49.439799],[-69.700622,49.4399],[-69.701099,49.440236],[-69.701415,49.440328],[-69.701898,49.440268],[-69.702505,49.440263],[-69.703179,49.440412],[-69.703602,49.440667],[-69.704349,49.441364],[-69.704773,49.441601],[-69.705266,49.441802],[-69.705196,49.441874],[-69.705274,49.442162],[-69.705328,49.442216],[-69.70563,49.442299],[-69.70535,49.44254],[-69.705305,49.4428],[-69.705544,49.443333],[-69.705814,49.443712],[-69.705839,49.44391],[-69.705796,49.444018],[-69.705627,49.444188],[-69.705112,49.444499],[-69.705027,49.444651],[-69.704879,49.445234],[-69.704724,49.445458],[-69.704571,49.445547],[-69.704113,49.445715],[-69.70352,49.445711],[-69.702808,49.445409],[-69.702573,49.445407],[-69.702338,49.445487],[-69.70217,49.445611],[-69.701889,49.44596],[-69.701444,49.446182],[-69.7009,49.446538],[-69.700234,49.446785],[-69.699927,49.447008],[-69.700945,49.447186],[-69.701442,49.447153],[-69.701636,49.447082],[-69.701846,49.446913],[-69.702228,49.446277],[-69.702355,49.446143],[-69.702522,49.446054],[-69.702895,49.445994],[-69.70339,49.446069],[-69.703636,49.446242],[-69.703688,49.446386],[-69.703605,49.446413],[-69.703458,49.446619],[-69.70278,49.447108],[-69.702513,49.447457],[-69.702382,49.447879],[-69.702394,49.447942],[-69.702613,49.448078],[-69.703203,49.44828],[-69.703851,49.448267],[-69.704377,49.448162],[-69.704799,49.447972],[-69.705329,49.448106],[-69.705674,49.448117],[-69.705692,49.447857],[-69.705834,49.447657],[-69.706441,49.447619],[-69.706621,49.447557],[-69.706734,49.447387],[-69.706722,49.447297],[-69.706669,49.447162],[-69.706461,49.446981],[-69.706431,49.446495],[-69.706365,49.446333],[-69.706242,49.446388],[-69.706158,49.446358],[-69.707031,49.44605],[-69.707561,49.445702],[-69.707834,49.445902],[-69.708094,49.445994],[-69.708675,49.445935],[-69.708852,49.446044],[-69.70908,49.446441],[-69.709355,49.446488],[-69.709508,49.446417],[-69.709579,49.446301],[-69.709592,49.445509],[-69.709959,49.445836],[-69.710025,49.446025],[-69.71016,49.446197],[-69.710297,49.446252],[-69.71078,49.446255],[-69.711068,49.446338],[-69.711601,49.446656],[-69.711971,49.446794],[-69.712413,49.446743],[-69.71258,49.446618],[-69.712722,49.446385],[-69.713,49.446182],[-69.713,49.451274]],[[-69.705194,49.487177],[-69.705733,49.487162],[-69.706015,49.48676],[-69.706201,49.486338],[-69.705776,49.486183],[-69.705421,49.485964],[-69.70422,49.48512],[-69.703921,49.484848],[-69.70361,49.484405],[-69.703291,49.484502],[-69.703126,49.484501],[-69.702686,49.484363],[-69.702369,49.484343],[-69.702147,49.484431],[-69.701839,49.484024],[-69.701757,49.483817],[-69.700608,49.483171],[-69.700333,49.483106],[-69.700045,49.483108],[-69.699454,49.482911],[-69.698899,49.48267],[-69.698714,49.482492],[-69.698385,49.482328],[-69.697709,49.482176],[-69.696999,49.481896],[-69.696221,49.481787],[-69.69561,49.48158],[-69.694704,49.481725],[-69.694313,49.481671],[-69.693887,49.481442],[-69.693611,49.481413],[-69.69261,49.481538],[-69.692341,49.481441],[-69.692529,49.481748],[-69.693008,49.481909],[-69.693431,49.482178],[-69.693649,49.482466],[-69.693967,49.482573],[-69.694611,49.482924],[-69.694867,49.483113],[-69.695221,49.483233],[-69.695748,49.483575],[-69.696256,49.484295],[-69.696403,49.48458],[-69.696931,49.485195],[-69.697294,49.485764],[-69.697498,49.485982],[-69.698318,49.486482],[-69.697981,49.486812],[-69.697852,49.487126],[-69.697819,49.487432],[-69.697883,49.48772],[-69.698304,49.488163],[-69.698269,49.488622],[-69.698322,49.488748],[-69.698594,49.489002],[-69.698896,49.489085],[-69.699808,49.489046],[-69.700235,49.489121],[-69.700747,49.489052],[-69.701373,49.488742],[-69.702184,49.488073],[-69.702756,49.4877],[-69.703242,49.487532],[-69.703823,49.487473],[-69.704128,49.487367],[-69.704529,49.487352],[-69.705194,49.487177]],[[-69.692655,49.456552],[-69.692877,49.456068],[-69.692871,49.455711],[-69.692526,49.456051],[-69.692436,49.456252],[-69.692055,49.456551],[-69.692007,49.456669],[-69.691781,49.456883],[-69.691491,49.457388],[-69.69126,49.458028],[-69.690974,49.458448],[-69.690903,49.458468],[-69.690838,49.458778],[-69.690954,49.458983],[-69.691398,49.459069],[-69.691987,49.459058],[-69.692313,49.45883],[-69.692651,49.458482],[-69.692855,49.458203],[-69.692816,49.457945],[-69.692726,49.45775],[-69.692405,49.457421],[-69.692655,49.456552]],[[-69.701567,49.452172],[-69.701625,49.452028],[-69.7021,49.451654],[-69.702423,49.451278],[-69.702593,49.450992],[-69.702888,49.449825],[-69.703213,49.449368],[-69.70318,49.448838],[-69.703046,49.448567],[-69.702869,49.44844],[-69.702704,49.448403],[-69.701972,49.44847],[-69.701587,49.448395],[-69.701266,49.448645],[-69.701193,49.44886],[-69.70119,49.44904],[-69.701447,49.449356],[-69.701486,49.4495],[-69.701467,49.449815],[-69.701339,49.450066],[-69.701264,49.450425],[-69.701301,49.450722],[-69.70127,49.450938],[-69.7011,49.451197],[-69.699752,49.452654],[-69.699681,49.452797],[-69.699678,49.452977],[-69.699481,49.453218],[-69.699402,49.453811],[-69.699635,49.453903],[-69.699939,49.453905],[-69.700174,49.453835],[-69.700412,49.453665],[-69.70082,49.453165],[-69.701451,49.452558],[-69.701564,49.45237],[-69.701567,49.452172]],[[-69.695175,49.448297],[-69.695273,49.448243],[-69.695373,49.44801],[-69.695323,49.447722],[-69.695866,49.447375],[-69.696008,49.44716],[-69.69601,49.447026],[-69.69586,49.446917],[-69.695796,49.446628],[-69.69543,49.446185],[-69.695006,49.445984],[-69.694937,49.446002],[-69.694909,49.44638],[-69.694622,49.446719],[-69.694536,49.446916],[-69.694562,49.446998],[-69.694324,49.447194],[-69.694225,49.447391],[-69.694123,49.447714],[-69.694104,49.448019],[-69.694143,49.448191],[-69.693807,49.448458],[-69.693463,49.44842],[-69.692893,49.448676],[-69.692508,49.448647],[-69.692201,49.448824],[-69.691938,49.448895],[-69.691305,49.448818],[-69.691098,49.448844],[-69.690848,49.448923],[-69.690457,49.44919],[-69.690455,49.449343],[-69.690658,49.449578],[-69.691761,49.449568],[-69.692505,49.449672],[-69.693015,49.449657],[-69.69311,49.449766],[-69.693576,49.449931],[-69.693852,49.449924],[-69.694185,49.449809],[-69.694408,49.449676],[-69.694444,49.449488],[-69.694662,49.449327],[-69.695159,49.448476],[-69.695175,49.448297]],[[-69.69193,49.44594],[-69.691665,49.445756],[-69.691382,49.445389],[-69.691271,49.44503],[-69.690939,49.44486],[-69.690202,49.445353],[-69.690153,49.445426],[-69.690196,49.445572],[-69.690106,49.445772],[-69.689769,49.446154],[-69.689934,49.446534],[-69.69018,49.446736],[-69.690481,49.446797],[-69.690883,49.447114],[-69.69116,49.447131],[-69.691322,49.447068],[-69.691545,49.446628],[-69.691689,49.44655],[-69.691983,49.446226],[-69.69193,49.44594]],[[-69.694889,49.445561],[-69.694914,49.445585],[-69.695289,49.44509],[-69.69557,49.444939],[-69.695593,49.444594],[-69.695815,49.44438],[-69.695882,49.443908],[-69.696175,49.443783],[-69.696208,49.443691],[-69.696179,49.443224],[-69.695762,49.443199],[-69.69541,49.443506],[-69.694924,49.443777],[-69.694662,49.444004],[-69.69454,49.444428],[-69.694624,49.444828],[-69.694669,49.445636],[-69.694802,49.445797],[-69.694889,49.445561]],[[-69.707579,49.448563],[-69.708072,49.448716],[-69.708512,49.44872],[-69.708838,49.448652],[-69.709419,49.448758],[-69.709494,49.448588],[-69.709399,49.448512],[-69.709214,49.44849],[-69.708467,49.448521],[-69.708163,49.448486],[-69.707661,49.448369],[-69.707318,49.44823],[-69.707175,49.448236],[-69.707102,49.448316],[-69.707579,49.448563]],[[-69.679965,49.436572],[-69.680296,49.436574],[-69.680421,49.436512],[-69.679835,49.436094],[-69.679602,49.436021],[-69.679201,49.436045],[-69.678753,49.435673],[-69.677913,49.435586],[-69.67754,49.435646],[-69.677335,49.435537],[-69.677175,49.435176],[-69.67704,49.435022],[-69.676713,49.434786],[-69.676138,49.434539],[-69.675975,49.434394],[-69.675977,49.434304],[-69.676088,49.434215],[-69.676749,49.434301],[-69.678504,49.434898],[-69.679735,49.435482],[-69.680365,49.435729],[-69.681135,49.435879],[-69.681336,49.435367],[-69.681024,49.435086],[-69.680918,49.434834],[-69.680823,49.434734],[-69.680618,49.434625],[-69.67989,49.434467],[-69.679589,49.434285],[-69.678811,49.434657],[-69.678466,49.434664],[-69.678302,49.434555],[-69.678237,49.434329],[-69.678345,49.433656],[-69.678292,49.433538],[-69.678087,49.433402],[-69.67755,49.433398],[-69.676738,49.433267],[-69.676,49.432911],[-69.675742,49.43263],[-69.675719,49.432414],[-69.675858,49.432307],[-69.675861,49.432118],[-69.675917,49.432065],[-69.676179,49.432067],[-69.676319,49.431969],[-69.67632,49.431888],[-69.676089,49.431706],[-69.675127,49.431493],[-69.674554,49.431138],[-69.673933,49.430369],[-69.673787,49.430035],[-69.673738,49.429657],[-69.673604,49.429422],[-69.673278,49.429159],[-69.673099,49.429113],[-69.672672,49.429128],[-69.672331,49.42891],[-69.672015,49.428845],[-69.671791,49.429005],[-69.671648,49.429345],[-69.67155,49.429417],[-69.671357,49.429433],[-69.671206,49.42936],[-69.670917,49.429322],[-69.670754,49.429213],[-69.670714,49.429123],[-69.670744,49.428997],[-69.670885,49.428809],[-69.670863,49.42845],[-69.671003,49.428307],[-69.671033,49.428163],[-69.670966,49.428073],[-69.670732,49.428071],[-69.670433,49.427808],[-69.670268,49.427789],[-69.670154,49.427995],[-69.669583,49.428359],[-69.669398,49.428655],[-69.669394,49.428898],[-69.669516,49.429015],[-69.669969,49.42919],[-69.670766,49.430112],[-69.671202,49.430457],[-69.671103,49.430574],[-69.670526,49.430479],[-69.670414,49.430551],[-69.670413,49.430614],[-69.670577,49.430705],[-69.670867,49.430707],[-69.671057,49.430852],[-69.6714,49.430971],[-69.671723,49.431396],[-69.671487,49.431512],[-69.670706,49.431254],[-69.670568,49.431253],[-69.670456,49.431333],[-69.670482,49.43145],[-69.670712,49.431704],[-69.671148,49.432004],[-69.671477,49.432114],[-69.672083,49.432127],[-69.67248,49.432328],[-69.673047,49.433033],[-69.674085,49.433634],[-69.674138,49.433743],[-69.674069,49.433787],[-69.673862,49.433777],[-69.673737,49.43383],[-69.673736,49.433875],[-69.674871,49.434467],[-69.674939,49.434522],[-69.674937,49.43462],[-69.674812,49.434683],[-69.674661,49.434646],[-69.674265,49.4344],[-69.673797,49.434334],[-69.673633,49.434252],[-69.673362,49.434007],[-69.673005,49.433887],[-69.672927,49.433644],[-69.672736,49.43349],[-69.669767,49.432138],[-69.669627,49.432281],[-69.669624,49.432451],[-69.669717,49.432668],[-69.670014,49.433003],[-69.67045,49.433312],[-69.671148,49.433658],[-69.67149,49.433778],[-69.671859,49.433996],[-69.672049,49.434195],[-69.672226,49.434304],[-69.672446,49.434369],[-69.672955,49.434417],[-69.673518,49.434565],[-69.674559,49.434933],[-69.675397,49.435127],[-69.676411,49.43553],[-69.676878,49.435642],[-69.67745,49.436059],[-69.677832,49.436278],[-69.679311,49.436945],[-69.679558,49.437018],[-69.67982,49.437011],[-69.679917,49.436949],[-69.679947,49.436814],[-69.679881,49.436643],[-69.679965,49.436572]]],[[[-69.713,49.445958],[-69.712763,49.44554],[-69.712767,49.445297],[-69.713,49.444793],[-69.713,49.445958]]],[[[-69.713,49.443427],[-69.712837,49.443499],[-69.712602,49.443525],[-69.712355,49.443469],[-69.711918,49.443205],[-69.711794,49.443196],[-69.711628,49.44323],[-69.711183,49.443479],[-69.710907,49.443486],[-69.710728,49.443431],[-69.710633,49.44335],[-69.710635,49.443242],[-69.711109,49.442885],[-69.711208,49.44276],[-69.71121,49.442625],[-69.710778,49.442029],[-69.710357,49.441621],[-69.709787,49.441941],[-69.709474,49.441687],[-69.708908,49.44171],[-69.708536,49.441663],[-69.708175,49.441822],[-69.707889,49.441604],[-69.707919,49.441452],[-69.70817,49.4413],[-69.708199,49.441175],[-69.708133,49.441003],[-69.708163,49.440869],[-69.708344,49.440762],[-69.709187,49.440651],[-69.709619,49.440384],[-69.709783,49.440439],[-69.710142,49.440433],[-69.710598,49.440355],[-69.711208,49.440161],[-69.711699,49.440524],[-69.711887,49.440849],[-69.71209,49.441066],[-69.713,49.441697],[-69.713,49.443427]]],[[[-69.713,49.438574],[-69.712888,49.438581],[-69.712734,49.43786],[-69.712603,49.437473],[-69.712489,49.436807],[-69.712498,49.436258],[-69.712432,49.436087],[-69.712228,49.435906],[-69.711349,49.435657],[-69.710981,49.435421],[-69.710678,49.435401],[-69.710007,49.435072],[-69.70943,49.43496],[-69.709141,49.434958],[-69.709002,49.435029],[-69.708959,49.435128],[-69.708997,49.435344],[-69.708883,49.435541],[-69.708621,49.435548],[-69.708374,49.435475],[-69.708155,49.435347],[-69.70749,49.43474],[-69.708282,49.433505],[-69.708259,49.43335],[-69.708539,49.43303],[-69.708779,49.433056],[-69.708915,49.433175],[-69.708928,49.433283],[-69.708849,49.433392],[-69.70893,49.433509],[-69.70945,49.433495],[-69.710673,49.433608],[-69.711258,49.433819],[-69.712075,49.434286],[-69.712405,49.434315],[-69.713,49.434192],[-69.713,49.438574]]],[[[-69.713,49.478598],[-69.712523,49.478585],[-69.712569,49.478316],[-69.712711,49.478074],[-69.712713,49.477921],[-69.71258,49.477606],[-69.712681,49.477372],[-69.712656,49.477192],[-69.712426,49.476939],[-69.712428,49.476777],[-69.712556,49.476571],[-69.712322,49.476489],[-69.711922,49.476504],[-69.711465,49.476609],[-69.711245,49.476544],[-69.711191,49.476454],[-69.711319,49.476239],[-69.711556,49.476106],[-69.712041,49.475938],[-69.712418,49.475689],[-69.711868,49.475577],[-69.71128,49.47525],[-69.711073,49.475248],[-69.710116,49.475556],[-69.709881,49.475573],[-69.709716,49.475527],[-69.70958,49.475418],[-69.709486,49.475237],[-69.70949,49.474986],[-69.709677,49.474492],[-69.709305,49.47449],[-69.70846,49.4747],[-69.708114,49.474725],[-69.707977,49.474679],[-69.707855,49.474561],[-69.707844,49.474354],[-69.708179,49.474104],[-69.708568,49.473972],[-69.708872,49.473911],[-69.709438,49.473915],[-69.709702,49.4738],[-69.710875,49.472981],[-69.711987,49.47244],[-69.713,49.471844],[-69.713,49.478598]]]]},"properties":{"FIRE_YEAR":1916,"FIRE_TYPE_CODE":"BR","FIRE_FINAL_SIZE":3061.4}},{"type":"Feature","geometry":{"type":"Polygon","coordinates":[[[-69.679201,49.469296],[-69.679381,49.469354],[-69.679443,49.469543],[-69.679414,49.46965],[-69.67921,49.469722],[-69.678876,49.469607],[-69.678813,49.469451],[-69.679024,49.469309],[-69.679201,49.469296]]]},"properties":{"FIRE_YEAR":2023,"FIRE_TYPE_CODE":"BR","FIRE_FINAL_SIZE":0.2}},{"type":"Feature","geometry":{"type":"Polygon","coordinates":[[[-69.612379,49.412037],[-69.61188,49.411373],[-69.611982,49.411191],[-69.612269,49.410911],[-69.612258,49.410749],[-69.612085,49.410604],[-69.612238,49.410448],[-69.612412,49.410028],[-69.612408,49.409392],[-69.612483,49.409172],[-69.612498,49.408826],[-69.612827,49.408604],[-69.613202,49.408592],[-69.613521,49.408771],[-69.61369,49.40907],[-69.613908,49.409234],[-69.614032,49.409441],[-69.614232,49.410129],[-69.61426,49.411157],[-69.614347,49.411452],[-69.614273,49.411671],[-69.614283,49.412129],[-69.613681,49.4121],[-69.612924,49.412172],[-69.612379,49.412037]]]},"properties":{"FIRE_YEAR":1991,"FIRE_TYPE_CODE":"BR","FIRE_FINAL_SIZE":5.1}},{"type":"Feature","geometry":{"type":"Polygon","coordinates":[[[-69.685378,49.47186],[-69.685312,49.47168],[-69.685177,49.471517],[-69.684917,49.471389],[-69.684882,49.47102],[-69.684967,49.470886],[-69.685176,49.470752],[-69.685453,49.4707],[-69.686363,49.470743],[-69.686626,49.470655],[-69.687234,49.470659],[-69.68805,49.470521],[-69.68845,49.470515],[-69.688753,49.470571],[-69.68893,49.470698],[-69.689051,49.470915],[-69.689018,49.471247],[-69.688777,49.471623],[-69.688243,49.472186],[-69.687761,49.472128],[-69.686779,49.472265],[-69.686269,49.472217],[-69.685378,49.47186]]]},"properties":{"FIRE_YEAR":1916,"FIRE_TYPE_CODE":"BR","FIRE_FINAL_SIZE":4.5}},{"type":"Feature","geometry":{"type":"Polygon","coordinates":[[[-69.680146,49.471176],[-69.679926,49.471174],[-69.679633,49.471316],[-69.678921,49.470987],[-69.677747,49.47025],[-69.677502,49.470051],[-69.677313,49.469789],[-69.677116,49.469212],[-69.676885,49.468985],[-69.677011,49.468896],[-69.677246,49.468862],[-69.677755,49.468937],[-69.67866,49.469313],[-69.678894,49.469314],[-69.679061,49.469243],[-69.679077,49.469091],[-69.678832,49.468891],[-69.678531,49.468754],[-69.678439,49.468475],[-69.678302,49.468411],[-69.678109,49.468409],[-69.677665,49.468532],[-69.67728,49.468448],[-69.677117,49.468312],[-69.67712,49.468142],[-69.677177,49.468052],[-69.677344,49.467963],[-69.677592,49.467938],[-69.678075,49.467977],[-69.678474,49.46807],[-69.679077,49.468281],[-69.680418,49.468947],[-69.680994,49.469131],[-69.680949,49.469374],[-69.681176,49.469807],[-69.681188,49.469915],[-69.681172,49.470077],[-69.681001,49.470381],[-69.680999,49.470534],[-69.68108,49.470643],[-69.681244,49.470716],[-69.681629,49.47079],[-69.682134,49.471136],[-69.681939,49.471242],[-69.681537,49.471329],[-69.680889,49.471307],[-69.680557,49.471367],[-69.680146,49.471176]]]},"properties":{"FIRE_YEAR":1916,"FIRE_TYPE_CODE":"BR","FIRE_FINAL_SIZE":7.4}},{"type":"Feature","geometry":{"type":"Polygon","coordinates":[[[-69.694417,49.429776],[-69.694167,49.429055],[-69.694032,49.428829],[-69.693284,49.428231],[-69.693465,49.428106],[-69.693181,49.427771],[-69.692799,49.427535],[-69.692469,49.427487],[-69.69229,49.427486],[-69.690989,49.427756],[-69.690465,49.427779],[-69.6903,49.427733],[-69.69011,49.427606],[-69.689934,49.427362],[-69.689703,49.427162],[-69.689034,49.426762],[-69.68864,49.426444],[-69.689165,49.426367],[-69.689618,49.426505],[-69.69015,49.426815],[-69.690247,49.426797],[-69.690387,49.426682],[-69.690459,49.426502],[-69.690405,49.426403],[-69.690603,49.42609],[-69.690374,49.425782],[-69.690087,49.424818],[-69.690051,49.424449],[-69.690123,49.42427],[-69.69036,49.424101],[-69.690403,49.423993],[-69.690379,49.423813],[-69.690713,49.423599],[-69.690757,49.423465],[-69.690648,49.423356],[-69.690483,49.423346],[-69.690275,49.423417],[-69.690096,49.423397],[-69.690014,49.423343],[-69.690044,49.423217],[-69.690197,49.42311],[-69.690723,49.423006],[-69.690919,49.42281],[-69.690921,49.422675],[-69.690799,49.422584],[-69.690674,49.42261],[-69.690229,49.42285],[-69.690025,49.422722],[-69.689998,49.422632],[-69.690056,49.422453],[-69.690169,49.422319],[-69.69016,49.421995],[-69.690342,49.421825],[-69.690577,49.421827],[-69.690674,49.421783],[-69.690678,49.421558],[-69.690278,49.420692],[-69.689893,49.420635],[-69.689383,49.42065],[-69.689192,49.420522],[-69.68914,49.420369],[-69.689147,49.41992],[-69.689241,49.419228],[-69.689249,49.418724],[-69.689211,49.418571],[-69.689116,49.418454],[-69.688789,49.418236],[-69.6884,49.417603],[-69.688296,49.417225],[-69.688314,49.416946],[-69.688237,49.416577],[-69.688039,49.416045],[-69.687918,49.415864],[-69.687727,49.415737],[-69.687521,49.415691],[-69.687358,49.415555],[-69.687361,49.415384],[-69.687447,49.415204],[-69.68774,49.414991],[-69.688044,49.414903],[-69.688323,49.414752],[-69.688488,49.414753],[-69.688693,49.414854],[-69.68903,49.415288],[-69.689318,49.415398],[-69.689552,49.415399],[-69.690162,49.415197],[-69.690521,49.415172],[-69.69062,49.415011],[-69.690829,49.414896],[-69.691339,49.414872],[-69.691517,49.414936],[-69.691667,49.415036],[-69.691746,49.415253],[-69.691742,49.415513],[-69.691568,49.416016],[-69.691588,49.416484],[-69.691642,49.416565],[-69.691806,49.416656],[-69.691944,49.416657],[-69.692124,49.416568],[-69.692265,49.416398],[-69.69253,49.41622],[-69.692944,49.416178],[-69.693208,49.416054],[-69.693323,49.415749],[-69.693086,49.415109],[-69.69306,49.414992],[-69.693131,49.414885],[-69.693311,49.414787],[-69.6936,49.414807],[-69.693914,49.415043],[-69.694023,49.415071],[-69.694314,49.415001],[-69.694413,49.414849],[-69.694415,49.414741],[-69.694185,49.41447],[-69.694188,49.414281],[-69.693957,49.414099],[-69.693959,49.413946],[-69.694098,49.413857],[-69.69425,49.413858],[-69.69473,49.414015],[-69.696714,49.414883],[-69.696865,49.414902],[-69.697309,49.414761],[-69.697692,49.414907],[-69.698188,49.414947],[-69.69842,49.415092],[-69.698813,49.415464],[-69.699482,49.415909],[-69.699534,49.416098],[-69.699091,49.416221],[-69.699416,49.416529],[-69.699553,49.416575],[-69.699948,49.416883],[-69.70011,49.417118],[-69.700408,49.417408],[-69.701728,49.418442],[-69.702393,49.419139],[-69.702443,49.41941],[-69.703152,49.419909],[-69.70344,49.419992],[-69.703649,49.419885],[-69.703736,49.419625],[-69.70366,49.419166],[-69.703786,49.419077],[-69.703951,49.419078],[-69.704361,49.419297],[-69.704496,49.41946],[-69.704575,49.419721],[-69.704751,49.41992],[-69.705024,49.420066],[-69.705187,49.420247],[-69.705225,49.420409],[-69.705182,49.420552],[-69.704737,49.420792],[-69.704734,49.420963],[-69.704989,49.421369],[-69.704983,49.421765],[-69.705158,49.422],[-69.705444,49.422209],[-69.705592,49.422489],[-69.70588,49.42339],[-69.70614,49.423545],[-69.706328,49.423852],[-69.706598,49.424168],[-69.706926,49.424386],[-69.707364,49.424587],[-69.708447,49.424927],[-69.708775,49.4251],[-69.708882,49.425299],[-69.708876,49.425712],[-69.70873,49.426215],[-69.708726,49.426458],[-69.708901,49.426738],[-69.709569,49.426293],[-69.709879,49.425899],[-69.710348,49.425902],[-69.710766,49.425626],[-69.711348,49.425406],[-69.71172,49.425408],[-69.712283,49.425547],[-69.712555,49.42581],[-69.712607,49.425981],[-69.712535,49.426187],[-69.712093,49.426256],[-69.711843,49.426353],[-69.711565,49.426522],[-69.711346,49.426818],[-69.710978,49.427013],[-69.710299,49.428069],[-69.710241,49.42824],[-69.710466,49.428556],[-69.710388,49.428746],[-69.710167,49.428903],[-69.709662,49.429117],[-69.708952,49.429553],[-69.708885,49.429426],[-69.70881,49.42894],[-69.708687,49.428859],[-69.708522,49.428848],[-69.708106,49.428998],[-69.707088,49.429702],[-69.70688,49.429763],[-69.706743,49.429717],[-69.706676,49.429627],[-69.706678,49.429465],[-69.70689,49.429143],[-69.707142,49.428911],[-69.706672,49.428161],[-69.70644,49.428025],[-69.706165,49.427978],[-69.705833,49.428021],[-69.705279,49.428215],[-69.705113,49.428213],[-69.704922,49.428086],[-69.704882,49.427987],[-69.704916,49.427601],[-69.704558,49.427607],[-69.704308,49.427677],[-69.704044,49.427828],[-69.703695,49.428114],[-69.703529,49.428131],[-69.703365,49.428067],[-69.70327,49.427958],[-69.703221,49.427562],[-69.703113,49.427444],[-69.702976,49.427363],[-69.702797,49.427352],[-69.702631,49.427378],[-69.702464,49.427485],[-69.702352,49.427619],[-69.70232,49.42788],[-69.702345,49.428015],[-69.702547,49.428331],[-69.702982,49.428675],[-69.70309,49.428829],[-69.702999,49.429341],[-69.7029,49.429538],[-69.702732,49.429645],[-69.702552,49.429698],[-69.702346,49.429678],[-69.701853,49.429459],[-69.701496,49.429385],[-69.70104,49.429435],[-69.699996,49.429212],[-69.699043,49.429332],[-69.698277,49.429785],[-69.698192,49.42991],[-69.698173,49.430234],[-69.698294,49.430415],[-69.698581,49.430551],[-69.69923,49.430538],[-69.699543,49.430747],[-69.699099,49.430933],[-69.698862,49.431084],[-69.698778,49.431209],[-69.698772,49.431542],[-69.698714,49.431694],[-69.698393,49.431998],[-69.698103,49.432014],[-69.697525,49.431902],[-69.697059,49.431764],[-69.696855,49.431556],[-69.696348,49.431399],[-69.695261,49.431248],[-69.694417,49.429776]]]},"properties":{"FIRE_YEAR":1916,"FIRE_TYPE_CODE":"BR","FIRE_FINAL_SIZE":181.4}},{"type":"Feature","geometry":{"type":"Polygon","coordinates":[[[-69.429215,49.446269],[-69.430195,49.446802],[-69.430693,49.447215],[-69.430875,49.447713],[-69.430636,49.447745],[-69.43017,49.447675],[-69.429145,49.447151],[-69.428924,49.446964],[-69.428379,49.446294],[-69.428104,49.446097],[-69.428075,49.445981],[-69.428192,49.445978],[-69.429215,49.446269]]]},"properties":{"FIRE_YEAR":1991,"FIRE_TYPE_CODE":"BR","FIRE_FINAL_SIZE":1.5}},{"type":"Feature","geometry":{"type":"Polygon","coordinates":[[[-69.533421,49.442379],[-69.533345,49.442229],[-69.533326,49.442108],[-69.533385,49.441924],[-69.533591,49.441691],[-69.533869,49.44121],[-69.534232,49.440825],[-69.534326,49.44078],[-69.534788,49.440855],[-69.535211,49.441102],[-69.535473,49.441413],[-69.535506,49.441498],[-69.53543,49.441727],[-69.53528,49.441948],[-69.534907,49.442088],[-69.534811,49.442423],[-69.534722,49.442554],[-69.534623,49.442581],[-69.534526,49.442526],[-69.533766,49.442636],[-69.533421,49.442379]]]},"properties":{"FIRE_YEAR":1991,"FIRE_TYPE_CODE":"BR","FIRE_FINAL_SIZE":2.1}},{"type":"Feature","geometry":{"type":"Polygon","coordinates":[[[-69.55074,49.348373],[-69.551117,49.348484],[-69.551222,49.348609],[-69.550138,49.349204],[-69.548947,49.349451],[-69.549124,49.349163],[-69.549569,49.348779],[-69.549853,49.348625],[-69.550484,49.348398],[-69.55074,49.348373]]]},"properties":{"FIRE_YEAR":1991,"FIRE_TYPE_CODE":"BR","FIRE_FINAL_SIZE":0.9}},{"type":"Feature","geometry":{"type":"Polygon","coordinates":[[[-69.434014,49.485994],[-69.434007,49.485688],[-69.43509,49.485995],[-69.435737,49.486081],[-69.436354,49.486258],[-69.436768,49.486262],[-69.437231,49.485951],[-69.437745,49.485794],[-69.438021,49.485797],[-69.438308,49.485916],[-69.438305,49.486042],[-69.438177,49.486221],[-69.43818,49.486742],[-69.438322,49.487202],[-69.438381,49.4883],[-69.437972,49.489339],[-69.437737,49.489364],[-69.437222,49.488883],[-69.436745,49.488609],[-69.436416,49.488516],[-69.436225,49.488397],[-69.43604,49.488036],[-69.435293,49.487489],[-69.434344,49.486662],[-69.434014,49.485994]]]},"properties":{"FIRE_YEAR":1940,"FIRE_TYPE_CODE":"BR","FIRE_FINAL_SIZE":7.1}},{"type":"Feature","geometry":{"type":"MultiPolygon","coordinates":[[[[-69.433019,49.498718],[-69.432931,49.498996],[-69.432762,49.499129],[-69.432556,49.499082],[-69.432181,49.499178],[-69.431767,49.499183],[-69.431533,49.499118],[-69.431114,49.499339],[-69.430742,49.499335],[-69.430357,49.499251],[-69.430133,49.499374],[-69.430204,49.499942],[-69.430326,49.500042],[-69.430431,49.500304],[-69.430242,49.500715],[-69.429975,49.500947],[-69.430021,49.501379],[-69.430115,49.501497],[-69.430126,49.501605],[-69.430315,49.501786],[-69.430276,49.50203],[-69.430047,49.502193],[-69.428741,49.502272],[-69.428333,49.502146],[-69.428368,49.501795],[-69.428251,49.501497],[-69.428169,49.501425],[-69.428131,49.501298],[-69.42747,49.500573],[-69.427325,49.500248],[-69.427257,49.500202],[-69.427179,49.500001],[-69.427267,49.499771],[-69.426908,49.499749],[-69.426257,49.499851],[-69.425991,49.500001],[-69.425888,49.500288],[-69.425884,49.500486],[-69.425964,49.500631],[-69.426607,49.500889],[-69.426878,49.501134],[-69.426872,49.501395],[-69.426635,49.501491],[-69.425749,49.501591],[-69.425247,49.501856],[-69.425012,49.501845],[-69.424825,49.501573],[-69.424816,49.501349],[-69.424873,49.501241],[-69.425154,49.501028],[-69.425227,49.500885],[-69.425233,49.500606],[-69.425004,49.500307],[-69.424928,49.500001],[-69.425001,49.499822],[-69.424997,49.499399],[-69.424797,49.499064],[-69.42428,49.498727],[-69.42405,49.498482],[-69.423958,49.498274],[-69.423674,49.498002],[-69.423286,49.49745],[-69.422822,49.497185],[-69.422547,49.497155],[-69.422452,49.497091],[-69.422161,49.497124],[-69.421836,49.496852],[-69.421779,49.496267],[-69.421553,49.495905],[-69.42117,49.495721],[-69.42099,49.495756],[-69.420515,49.496003],[-69.420336,49.496001],[-69.420146,49.495847],[-69.420137,49.495604],[-69.42075,49.495358],[-69.420891,49.495242],[-69.42088,49.495116],[-69.42069,49.494961],[-69.420641,49.494655],[-69.42102,49.49438],[-69.421382,49.494258],[-69.421628,49.49435],[-69.421904,49.494352],[-69.421994,49.494047],[-69.421847,49.49383],[-69.421479,49.493593],[-69.420953,49.49304],[-69.420661,49.491886],[-69.420337,49.49155],[-69.420307,49.489751],[-69.420174,49.489534],[-69.419467,49.489051],[-69.419192,49.488994],[-69.418621,49.488593],[-69.418391,49.488385],[-69.418151,49.488023],[-69.417771,49.487713],[-69.41782,49.487381],[-69.417708,49.486804],[-69.417326,49.485983],[-69.417265,49.485604],[-69.417144,49.485486],[-69.416999,49.485152],[-69.416576,49.484941],[-69.415087,49.484892],[-69.414779,49.485059],[-69.414521,49.484895],[-69.414282,49.484434],[-69.413529,49.483528],[-69.413148,49.483282],[-69.413052,49.483281],[-69.412968,49.483343],[-69.412921,49.483558],[-69.412725,49.483682],[-69.412547,49.483618],[-69.412267,49.483831],[-69.411991,49.48381],[-69.411841,49.483719],[-69.411667,49.484725],[-69.411248,49.484936],[-69.411393,49.485271],[-69.411636,49.485516],[-69.41168,49.486038],[-69.412099,49.486401],[-69.412395,49.486764],[-69.412485,49.48707],[-69.412439,49.487286],[-69.412121,49.487283],[-69.411833,49.487199],[-69.410952,49.48711],[-69.410433,49.486835],[-69.4101,49.486292],[-69.410088,49.485609],[-69.410186,49.48552],[-69.410182,49.485097],[-69.410354,49.484793],[-69.410178,49.484666],[-69.409938,49.484277],[-69.409328,49.483758],[-69.409095,49.483693],[-69.409092,49.483819],[-69.409186,49.483937],[-69.40923,49.484459],[-69.409337,49.484613],[-69.409334,49.485377],[-69.409479,49.485675],[-69.409574,49.485739],[-69.409533,49.48635],[-69.409225,49.486545],[-69.408608,49.485748],[-69.408329,49.485242],[-69.407688,49.484885],[-69.407401,49.484783],[-69.407236,49.484746],[-69.407137,49.484862],[-69.407005,49.485202],[-69.407204,49.485573],[-69.407247,49.486122],[-69.407065,49.486237],[-69.406401,49.486302],[-69.406415,49.486887],[-69.406273,49.487066],[-69.407312,49.488164],[-69.407559,49.488831],[-69.408215,49.489134],[-69.408826,49.489617],[-69.408639,49.489921],[-69.408635,49.490109],[-69.409074,49.490869],[-69.409122,49.491175],[-69.408523,49.491476],[-69.407437,49.491852],[-69.407063,49.491884],[-69.406701,49.492033],[-69.406368,49.492093],[-69.405996,49.492099],[-69.405434,49.491887],[-69.405296,49.491885],[-69.405157,49.49192],[-69.404877,49.492106],[-69.404406,49.492201],[-69.404228,49.492136],[-69.403524,49.492111],[-69.403236,49.492019],[-69.4028,49.491781],[-69.402544,49.491508],[-69.402389,49.491021],[-69.402062,49.490839],[-69.401499,49.490689],[-69.400748,49.490322],[-69.399489,49.489843],[-69.399148,49.489633],[-69.399017,49.489353],[-69.399102,49.489264],[-69.398922,49.489262],[-69.398635,49.489142],[-69.398167,49.489084],[-69.397468,49.48887],[-69.397279,49.488662],[-69.396844,49.487749],[-69.395994,49.486869],[-69.395938,49.48632],[-69.395761,49.486201],[-69.395198,49.486079],[-69.394577,49.485435],[-69.394531,49.485039],[-69.394602,49.484967],[-69.394384,49.48483],[-69.394155,49.484558],[-69.394137,49.483551],[-69.394,49.48337],[-69.394,49.474933],[-69.394414,49.474894],[-69.394956,49.474755],[-69.395139,49.474568],[-69.39527,49.474087],[-69.395866,49.473746],[-69.396237,49.473617],[-69.396402,49.473449],[-69.396494,49.473428],[-69.396763,49.473559],[-69.397175,49.473587],[-69.397558,49.473791],[-69.397871,49.473893],[-69.398414,49.474393],[-69.398818,49.474551],[-69.39886,49.474784],[-69.399233,49.475403],[-69.399245,49.475558],[-69.39966,49.476167],[-69.399633,49.476255],[-69.400206,49.476368],[-69.400538,49.477008],[-69.401007,49.477197],[-69.401192,49.477368],[-69.401467,49.477402],[-69.40136,49.476958],[-69.400965,49.47698],[-69.400794,49.476855],[-69.400687,49.476705],[-69.400694,49.476402],[-69.400456,49.476133],[-69.400446,49.475866],[-69.400223,49.475602],[-69.40008,49.475338],[-69.400096,49.475292],[-69.400318,49.475264],[-69.400367,49.475156],[-69.400346,49.475053],[-69.400176,49.474659],[-69.400023,49.474642],[-69.399808,49.474185],[-69.399724,49.473794],[-69.399472,49.473342],[-69.399324,49.473178],[-69.39878,49.472772],[-69.398269,49.472251],[-69.397711,49.471904],[-69.397629,49.471876],[-69.397324,49.471927],[-69.397565,49.472309],[-69.397532,49.472342],[-69.397404,49.472364],[-69.397233,49.472295],[-69.396902,49.472274],[-69.396791,49.472318],[-69.396818,49.472466],[-69.396347,49.472413],[-69.396222,49.472438],[-69.395399,49.472904],[-69.394708,49.473168],[-69.394466,49.473181],[-69.394,49.473065],[-69.394,49.463078],[-69.394221,49.463274],[-69.394456,49.463249],[-69.39459,49.46343],[-69.394634,49.462693],[-69.394722,49.462451],[-69.394904,49.462327],[-69.395194,49.46233],[-69.395518,49.46263],[-69.396036,49.462905],[-69.396684,49.462929],[-69.396824,49.46284],[-69.396831,49.462534],[-69.396497,49.462046],[-69.396487,49.461254],[-69.39623,49.461018],[-69.396485,49.460733],[-69.396703,49.46024],[-69.396693,49.45944],[-69.396836,49.459225],[-69.397018,49.459128],[-69.3974,49.459285],[-69.398144,49.459346],[-69.398432,49.459438],[-69.398621,49.45962],[-69.398617,49.4598],[-69.398384,49.460355],[-69.397973,49.460846],[-69.397552,49.461157],[-69.397379,49.461461],[-69.397434,49.4621],[-69.397904,49.46268],[-69.397953,49.462923],[-69.398049,49.462987],[-69.398056,49.463293],[-69.397913,49.46348],[-69.397963,49.46375],[-69.399323,49.464609],[-69.399983,49.464696],[-69.400346,49.464537],[-69.400542,49.464386],[-69.400537,49.464018],[-69.4002,49.463655],[-69.400151,49.463348],[-69.400292,49.463251],[-69.400527,49.463217],[-69.400705,49.463282],[-69.401208,49.463601],[-69.401505,49.463892],[-69.401933,49.464507],[-69.401896,49.464903],[-69.401432,49.465294],[-69.40149,49.465825],[-69.401956,49.466549],[-69.402664,49.467005],[-69.402689,49.467113],[-69.404218,49.467856],[-69.404351,49.468064],[-69.4044,49.468344],[-69.404643,49.468562],[-69.404828,49.468923],[-69.405576,49.468795],[-69.406184,49.468765],[-69.406514,49.468822],[-69.406787,49.468951],[-69.4067,49.46913],[-69.406707,49.469436],[-69.406801,49.469589],[-69.407224,49.4698],[-69.407277,49.469891],[-69.408281,49.470637],[-69.407379,49.470899],[-69.407183,49.471023],[-69.406909,49.471542],[-69.406917,49.471821],[-69.407525,49.472366],[-69.407446,49.472851],[-69.407207,49.473046],[-69.406958,49.473062],[-69.406962,49.473494],[-69.407292,49.474152],[-69.407081,49.474251],[-69.406445,49.474415],[-69.406552,49.474542],[-69.407107,49.474691],[-69.40744,49.474843],[-69.40767,49.475164],[-69.407936,49.47529],[-69.408605,49.475955],[-69.408905,49.47612],[-69.408875,49.476218],[-69.408734,49.476334],[-69.408555,49.476341],[-69.408459,49.476277],[-69.408219,49.475906],[-69.408083,49.475815],[-69.407793,49.475848],[-69.407652,49.475973],[-69.407607,49.476126],[-69.407671,49.47698],[-69.408002,49.477622],[-69.408288,49.477769],[-69.408564,49.477771],[-69.40898,49.477676],[-69.40908,49.47756],[-69.409022,49.477065],[-69.409164,49.476887],[-69.409541,49.476683],[-69.409898,49.477187],[-69.410139,49.477723],[-69.41055,49.478093],[-69.410772,49.47837],[-69.411052,49.478874],[-69.411798,49.4788],[-69.412036,49.478676],[-69.41223,49.478467],[-69.412712,49.478292],[-69.413332,49.478607],[-69.413613,49.47882],[-69.41376,49.479002],[-69.413898,49.47935],[-69.414087,49.479514],[-69.414622,49.479699],[-69.415535,49.479858],[-69.416241,49.480091],[-69.41675,49.480168],[-69.417277,49.480065],[-69.417852,49.479648],[-69.417954,49.479415],[-69.417991,49.479102],[-69.418131,49.478895],[-69.417842,49.47871],[-69.417711,49.478549],[-69.417533,49.478458],[-69.415714,49.477721],[-69.416078,49.477491],[-69.41692,49.477463],[-69.417061,49.477365],[-69.417051,49.477158],[-69.416956,49.477095],[-69.416447,49.477036],[-69.416256,49.476917],[-69.416302,49.476729],[-69.416581,49.476606],[-69.417425,49.476479],[-69.417756,49.476482],[-69.417935,49.476537],[-69.41868,49.476535],[-69.419939,49.476376],[-69.420602,49.476373],[-69.420834,49.476492],[-69.420829,49.476708],[-69.420699,49.476959],[-69.420986,49.477105],[-69.421356,49.477199],[-69.421632,49.477192],[-69.422008,49.47707],[-69.422381,49.477037],[-69.423027,49.476513],[-69.423792,49.477527],[-69.423969,49.477646],[-69.424134,49.477656],[-69.424442,49.478073],[-69.425299,49.478674],[-69.42586,49.478859],[-69.426023,49.478996],[-69.42646,49.479216],[-69.426695,49.479218],[-69.427069,49.479122],[-69.427261,49.479187],[-69.427587,49.479433],[-69.427919,49.4794],[-69.42824,49.479214],[-69.428517,49.479181],[-69.428899,49.479391],[-69.428897,49.479454],[-69.428799,49.479516],[-69.428481,49.479549],[-69.427924,49.479796],[-69.427928,49.480254],[-69.428402,49.480645],[-69.429057,49.480984],[-69.429755,49.481287],[-69.430743,49.481521],[-69.430972,49.481802],[-69.430985,49.482468],[-69.431316,49.483109],[-69.431385,49.48373],[-69.430985,49.483745],[-69.430664,49.483868],[-69.430574,49.484148],[-69.430086,49.484429],[-69.430131,49.484696],[-69.430001,49.485165],[-69.430323,49.485596],[-69.430292,49.485761],[-69.430588,49.486133],[-69.430887,49.486343],[-69.431066,49.486353],[-69.431142,49.486259],[-69.431543,49.486155],[-69.431991,49.48623],[-69.432355,49.486477],[-69.432914,49.487072],[-69.43272,49.48707],[-69.432484,49.487158],[-69.431739,49.487133],[-69.431131,49.487172],[-69.430895,49.487233],[-69.430517,49.487472],[-69.430158,49.488116],[-69.42978,49.488329],[-69.429366,49.488334],[-69.42894,49.488249],[-69.428526,49.488245],[-69.428282,49.488063],[-69.428244,49.48791],[-69.427907,49.48752],[-69.427241,49.487064],[-69.426401,49.486948],[-69.426357,49.487065],[-69.426449,49.487282],[-69.426784,49.48777],[-69.426791,49.48804],[-69.426705,49.488192],[-69.426143,49.488655],[-69.426025,49.488977],[-69.426379,49.489205],[-69.426572,49.489234],[-69.426803,49.489416],[-69.426854,49.489596],[-69.427317,49.48987],[-69.427462,49.490178],[-69.427933,49.490757],[-69.428024,49.491028],[-69.428361,49.491391],[-69.428409,49.492336],[-69.428184,49.492522],[-69.427757,49.492491],[-69.427378,49.492128],[-69.427047,49.491487],[-69.426529,49.491221],[-69.425879,49.491278],[-69.425376,49.491525],[-69.424905,49.49162],[-69.42468,49.491806],[-69.424685,49.492175],[-69.424817,49.492473],[-69.424843,49.493786],[-69.424797,49.494029],[-69.424613,49.494243],[-69.424378,49.494213],[-69.42414,49.494373],[-69.423825,49.494892],[-69.423733,49.495314],[-69.423742,49.496168],[-69.423656,49.496293],[-69.423834,49.496385],[-69.424522,49.49649],[-69.424955,49.49626],[-69.425425,49.495581],[-69.425692,49.495395],[-69.42626,49.495301],[-69.426729,49.495305],[-69.427426,49.494997],[-69.427885,49.49484],[-69.428162,49.494806],[-69.428491,49.494899],[-69.428871,49.495199],[-69.428872,49.495811],[-69.429061,49.495992],[-69.429434,49.495987],[-69.430561,49.495593],[-69.430933,49.495614],[-69.431165,49.495742],[-69.431313,49.495923],[-69.432056,49.496038],[-69.432754,49.496314],[-69.432999,49.496497],[-69.432899,49.496612],[-69.432909,49.496801],[-69.433095,49.497163],[-69.433161,49.498566],[-69.433019,49.498718]],[[-69.427255,49.486232],[-69.427073,49.486035],[-69.42694,49.485748],[-69.426807,49.485627],[-69.426529,49.485666],[-69.426092,49.485444],[-69.425574,49.485653],[-69.425404,49.485851],[-69.425607,49.486161],[-69.425966,49.486402],[-69.426273,49.486516],[-69.426803,49.486546],[-69.426935,49.486507],[-69.427051,49.486408],[-69.427209,49.486395],[-69.427255,49.486232]],[[-69.425428,49.483732],[-69.425435,49.483545],[-69.425356,49.483363],[-69.425177,49.48324],[-69.425114,49.483005],[-69.425206,49.482935],[-69.42576,49.482802],[-69.426028,49.48253],[-69.425747,49.482336],[-69.425252,49.482117],[-69.424943,49.482103],[-69.424373,49.481858],[-69.424075,49.481544],[-69.423951,49.481514],[-69.423791,49.481629],[-69.42329,49.482168],[-69.423151,49.482406],[-69.423144,49.482521],[-69.424056,49.483304],[-69.425065,49.483828],[-69.42522,49.484131],[-69.425328,49.484003],[-69.425428,49.483732]],[[-69.406438,49.477693],[-69.40624,49.477547],[-69.406384,49.478054],[-69.406509,49.478311],[-69.406582,49.478369],[-69.406599,49.477949],[-69.406438,49.477693]],[[-69.404985,49.475302],[-69.404886,49.475613],[-69.404982,49.475872],[-69.405166,49.476266],[-69.405545,49.476726],[-69.405551,49.476645],[-69.405446,49.476502],[-69.405495,49.476066],[-69.40523,49.475829],[-69.405189,49.475548],[-69.405304,49.475446],[-69.405246,49.474529],[-69.405295,49.474344],[-69.405233,49.474232],[-69.404959,49.474185],[-69.40479,49.474276],[-69.404776,49.474356],[-69.404836,49.474531],[-69.404776,49.474622],[-69.404845,49.474745],[-69.404985,49.475302]]],[[[-69.394948,49.4898],[-69.39481,49.489798],[-69.394333,49.489533],[-69.394,49.489471],[-69.394,49.487291],[-69.394371,49.487852],[-69.39494,49.488307],[-69.395073,49.488551],[-69.395132,49.489613],[-69.394948,49.4898]]]]},"properties":{"FIRE_YEAR":1940,"FIRE_TYPE_CODE":"BR","FIRE_FINAL_SIZE":716.6}},{"type":"Feature","geometry":{"type":"Polygon","coordinates":[[[-69.505697,49.458723],[-69.505946,49.458928],[-69.506014,49.459126],[-69.506034,49.459543],[-69.505615,49.45968],[-69.505319,49.45967],[-69.505159,49.459611],[-69.505284,49.459166],[-69.505265,49.458894],[-69.505432,49.458721],[-69.505697,49.458723]]]},"properties":{"FIRE_YEAR":1991,"FIRE_TYPE_CODE":"BR","FIRE_FINAL_SIZE":0.5}},{"type":"Feature","geometry":{"type":"Polygon","coordinates":[[[-69.509412,49.457466],[-69.510181,49.457131],[-69.510661,49.456836],[-69.510702,49.456837],[-69.51072,49.457063],[-69.510824,49.457397],[-69.510994,49.457584],[-69.510786,49.457747],[-69.510209,49.457769],[-69.509918,49.45783],[-69.509593,49.458016],[-69.508833,49.458261],[-69.508441,49.458499],[-69.508222,49.458531],[-69.508711,49.458197],[-69.509412,49.457466]]]},"properties":{"FIRE_YEAR":1991,"FIRE_TYPE_CODE":"BR","FIRE_FINAL_SIZE":1.0}},{"type":"Feature","geometry":{"type":"Polygon","coordinates":[[[-69.561983,49.483293],[-69.56233,49.483616],[-69.563057,49.484126],[-69.563644,49.484682],[-69.56374,49.484819],[-69.563739,49.484933],[-69.563302,49.484907],[-69.56304,49.484799],[-69.562794,49.484618],[-69.562304,49.484406],[-69.561542,49.483949],[-69.561479,49.483599],[-69.561561,49.483399],[-69.561755,49.483254],[-69.561983,49.483293]]]},"properties":{"FIRE_YEAR":1991,"FIRE_TYPE_CODE":"BR","FIRE_FINAL_SIZE":1.2}},{"type":"Feature","geometry":{"type":"Polygon","coordinates":[[[-69.547507,49.350803],[-69.547437,49.35092],[-69.547458,49.35122],[-69.547581,49.351376],[-69.547969,49.351679],[-69.548147,49.352038],[-69.548479,49.352358],[-69.5486,49.352591],[-69.549425,49.353163],[-69.549606,49.353356],[-69.549817,49.353737],[-69.550187,49.354192],[-69.550263,49.354402],[-69.55026,49.35474],[-69.550203,49.354864],[-69.549999,49.355012],[-69.5493,49.355247],[-69.549266,49.355082],[-69.54877,49.354488],[-69.548128,49.353965],[-69.547398,49.353754],[-69.547114,49.353531],[-69.546247,49.353157],[-69.545913,49.352912],[-69.5457,49.352611],[-69.545768,49.352504],[-69.545746,49.352358],[-69.545615,49.352292],[-69.545643,49.352152],[-69.545884,49.352057],[-69.54677,49.351483],[-69.547158,49.351001],[-69.547507,49.350803]]]},"properties":{"FIRE_YEAR":1991,"FIRE_TYPE_CODE":"BR","FIRE_FINAL_SIZE":6.6}},{"type":"Feature","geometry":{"type":"Polygon","coordinates":[[[-69.674535,49.480852],[-69.674369,49.481019],[-69.674322,49.480944],[-69.674323,49.480846],[-69.674388,49.480758],[-69.674587,49.480728],[-69.674825,49.480775],[-69.67513,49.481012],[-69.675218,49.481219],[-69.675049,49.48133],[-69.674852,49.481283],[-69.674665,49.48086],[-69.674535,49.480852]]]},"properties":{"FIRE_YEAR":2023,"FIRE_TYPE_CODE":"BR","FIRE_FINAL_SIZE":0.2}},{"type":"Feature","geometry":{"type":"MultiPolygon","coordinates":[[[[-69.65623,49.51],[-69.602495,49.51],[-69.602504,49.509491],[-69.60241,49.509373],[-69.60208,49.509308],[-69.601402,49.509347],[-69.601208,49.5094],[-69.600428,49.509763],[-69.600387,49.51],[-69.589906,49.51],[-69.590016,49.509076],[-69.590201,49.508702],[-69.590237,49.508444],[-69.590362,49.508236],[-69.590735,49.506751],[-69.59115,49.505904],[-69.591049,49.504552],[-69.59191,49.503662],[-69.592053,49.503367],[-69.59203,49.503142],[-69.591636,49.502806],[-69.591456,49.502849],[-69.591128,49.503368],[-69.591018,49.50374],[-69.590682,49.504336],[-69.590616,49.504823],[-69.590525,49.505012],[-69.590003,49.505294],[-69.589677,49.505402],[-69.58945,49.50527],[-69.58923,49.505215],[-69.588651,49.505174],[-69.588441,49.505325],[-69.588413,49.505823],[-69.588328,49.505847],[-69.588198,49.505773],[-69.588003,49.50587],[-69.587847,49.506085],[-69.587838,49.506259],[-69.587636,49.506308],[-69.587445,49.506483],[-69.587051,49.506394],[-69.586878,49.506185],[-69.586044,49.505433],[-69.585493,49.50345],[-69.585291,49.503196],[-69.585193,49.503267],[-69.585044,49.503713],[-69.58474,49.503875],[-69.584628,49.504142],[-69.58447,49.504294],[-69.583634,49.504385],[-69.583538,49.504355],[-69.583586,49.504262],[-69.583519,49.504198],[-69.583434,49.504288],[-69.58343,49.504494],[-69.583684,49.504757],[-69.583735,49.50518],[-69.583919,49.505667],[-69.584526,49.506205],[-69.585045,49.506755],[-69.585331,49.506962],[-69.585858,49.507602],[-69.586015,49.508002],[-69.586164,49.50861],[-69.586191,49.508977],[-69.586459,49.51],[-69.556221,49.51],[-69.557151,49.509661],[-69.557302,49.509137],[-69.557512,49.508845],[-69.557446,49.508674],[-69.557195,49.508348],[-69.557252,49.507989],[-69.557132,49.507736],[-69.556691,49.507697],[-69.556401,49.50773],[-69.555941,49.507915],[-69.555562,49.508236],[-69.555448,49.508442],[-69.555409,49.509268],[-69.555274,49.51],[-69.511048,49.51],[-69.510841,49.509916],[-69.510742,49.509725],[-69.51092,49.509455],[-69.511032,49.508905],[-69.511149,49.508765],[-69.511047,49.508631],[-69.510858,49.508742],[-69.510626,49.508766],[-69.510593,49.508735],[-69.510562,49.508585],[-69.510707,49.508383],[-69.510738,49.508212],[-69.51074,49.508113],[-69.510635,49.507869],[-69.510556,49.508269],[-69.51041,49.508456],[-69.510304,49.508514],[-69.51024,49.50873],[-69.509939,49.508826],[-69.509956,49.509104],[-69.509792,49.509265],[-69.509735,49.509497],[-69.509277,49.51],[-69.453605,49.51],[-69.453582,49.509721],[-69.453918,49.509277],[-69.45392,49.509205],[-69.453747,49.509055],[-69.453435,49.508643],[-69.451827,49.50763],[-69.451187,49.50751],[-69.450475,49.507272],[-69.450319,49.507171],[-69.450199,49.506914],[-69.449545,49.506238],[-69.449491,49.50604],[-69.449511,49.50591],[-69.44979,49.505364],[-69.44971,49.505246],[-69.449554,49.505407],[-69.449443,49.50545],[-69.449313,49.505719],[-69.449217,49.506312],[-69.449419,49.506583],[-69.45005,49.507083],[-69.450615,49.507819],[-69.450903,49.50867],[-69.450998,49.5093],[-69.450959,49.509427],[-69.450807,49.509464],[-69.450652,49.509616],[-69.450423,49.51],[-69.430807,49.51],[-69.430898,49.509912],[-69.430905,49.509741],[-69.430985,49.509655],[-69.431766,49.509344],[-69.432105,49.509006],[-69.432129,49.508565],[-69.432396,49.508316],[-69.432418,49.508036],[-69.432602,49.507733],[-69.432642,49.507496],[-69.432777,49.507339],[-69.432825,49.507016],[-69.432771,49.506635],[-69.433105,49.5062],[-69.43312,49.505668],[-69.433341,49.50551],[-69.433359,49.505303],[-69.432787,49.504963],[-69.432486,49.50463],[-69.432511,49.504536],[-69.432775,49.504219],[-69.432791,49.504129],[-69.432754,49.503913],[-69.432553,49.50372],[-69.432602,49.503479],[-69.43485,49.504706],[-69.43544,49.504891],[-69.434046,49.504121],[-69.433491,49.503759],[-69.433315,49.503558],[-69.433069,49.503412],[-69.432334,49.503065],[-69.432127,49.502918],[-69.431316,49.502583],[-69.431134,49.502225],[-69.430878,49.501882],[-69.431314,49.501562],[-69.431252,49.501282],[-69.431103,49.501119],[-69.431048,49.501128],[-69.431166,49.501362],[-69.431157,49.501566],[-69.431043,49.501603],[-69.43068,49.501529],[-69.430513,49.501572],[-69.43033,49.501741],[-69.430276,49.50203],[-69.429962,49.502223],[-69.429657,49.502203],[-69.428741,49.502272],[-69.428237,49.5021],[-69.426895,49.501989],[-69.426612,49.501914],[-69.425741,49.501996],[-69.425546,49.502066],[-69.425437,49.502167],[-69.425127,49.502251],[-69.425573,49.502526],[-69.425804,49.502815],[-69.425728,49.503191],[-69.425789,49.50357],[-69.425845,49.503598],[-69.425827,49.503673],[-69.425982,49.503867],[-69.426408,49.503923],[-69.426639,49.504044],[-69.427224,49.504099],[-69.427407,49.504179],[-69.427687,49.504419],[-69.427956,49.504811],[-69.428045,49.505128],[-69.428054,49.505437],[-69.427909,49.505748],[-69.427883,49.506242],[-69.427799,49.506349],[-69.427732,49.506591],[-69.427341,49.507082],[-69.427427,49.507298],[-69.427114,49.507581],[-69.426901,49.507654],[-69.426503,49.508189],[-69.426314,49.508592],[-69.426227,49.509028],[-69.426066,49.509154],[-69.425748,49.509216],[-69.424834,49.509627],[-69.424342,49.509716],[-69.423938,49.509901],[-69.423853,49.51],[-69.394,49.51],[-69.394,49.474933],[-69.394414,49.474894],[-69.394956,49.474755],[-69.395139,49.474568],[-69.39527,49.474087],[-69.395866,49.473746],[-69.396237,49.473617],[-69.396402,49.473449],[-69.396494,49.473428],[-69.396763,49.473559],[-69.397175,49.473587],[-69.397558,49.473791],[-69.397871,49.473893],[-69.398414,49.474393],[-69.398818,49.474551],[-69.39886,49.474784],[-69.399233,49.475403],[-69.399245,49.475558],[-69.39966,49.476167],[-69.399633,49.476255],[-69.400206,49.476368],[-69.400538,49.477008],[-69.401007,49.477197],[-69.401192,49.477368],[-69.401467,49.477402],[-69.40136,49.476958],[-69.400965,49.47698],[-69.400794,49.476855],[-69.400687,49.476705],[-69.400694,49.476402],[-69.400456,49.476133],[-69.400446,49.475866],[-69.400223,49.475602],[-69.40008,49.475338],[-69.400096,49.475292],[-69.400318,49.475264],[-69.400367,49.475156],[-69.400346,49.475053],[-69.400176,49.474659],[-69.400023,49.474642],[-69.399808,49.474185],[-69.399724,49.473794],[-69.399472,49.473342],[-69.399324,49.473178],[-69.39878,49.472772],[-69.398269,49.472251],[-69.397711,49.471904],[-69.397629,49.471876],[-69.397324,49.471927],[-69.397565,49.472309],[-69.397532,49.472342],[-69.397404,49.472364],[-69.397233,49.472295],[-69.396902,49.472274],[-69.396791,49.472318],[-69.396818,49.472466],[-69.396347,49.472413],[-69.396222,49.472438],[-69.395399,49.472904],[-69.394708,49.473168],[-69.394466,49.473181],[-69.394,49.473065],[-69.394,49.409847],[-69.394917,49.410207],[-69.395359,49.410265],[-69.39571,49.410493],[-69.396216,49.410669],[-69.396657,49.410646],[-69.398152,49.410258],[-69.399037,49.410246],[-69.399874,49.409958],[-69.400506,49.410011],[-69.400776,49.410128],[-69.401051,49.410139],[-69.40119,49.410096],[-69.401758,49.409738],[-69.40244,49.409658],[-69.404036,49.409256],[-69.404496,49.409543],[-69.404771,49.40959],[-69.405385,49.409227],[-69.405678,49.408906],[-69.405991,49.408706],[-69.406277,49.408786],[-69.406992,49.408847],[-69.407781,49.408728],[-69.408385,49.408709],[-69.408715,49.408845],[-69.40899,49.408857],[-69.409402,49.408722],[-69.410112,49.408634],[-69.410354,49.408558],[-69.410927,49.408524],[-69.411246,49.408437],[-69.411762,49.408133],[-69.412307,49.407958],[-69.412662,49.40786],[-69.414034,49.407636],[-69.414603,49.407398],[-69.41506,49.40734],[-69.415367,49.407195],[-69.416427,49.407236],[-69.417858,49.407019],[-69.418264,49.407028],[-69.419055,49.406784],[-69.419475,49.406562],[-69.42043,49.406302],[-69.420523,49.406058],[-69.421843,49.406046],[-69.42147,49.406401],[-69.421199,49.406409],[-69.422764,49.406555],[-69.423348,49.406719],[-69.423717,49.406922],[-69.424334,49.407382],[-69.424804,49.407546],[-69.424975,49.407685],[-69.425349,49.407792],[-69.425544,49.407899],[-69.425916,49.408283],[-69.426162,49.408856],[-69.426282,49.409028],[-69.426662,49.40931],[-69.427046,49.409385],[-69.427354,49.409302],[-69.42753,49.409318],[-69.42791,49.409573],[-69.429002,49.409431],[-69.428969,49.409164],[-69.429747,49.409498],[-69.430549,49.409495],[-69.430856,49.409568],[-69.431612,49.409571],[-69.432097,49.409721],[-69.432986,49.409715],[-69.433134,49.409693],[-69.433374,49.409564],[-69.433826,49.409467],[-69.434575,49.409079],[-69.435045,49.408973],[-69.435372,49.408698],[-69.435935,49.408417],[-69.436365,49.408393],[-69.436651,49.408319],[-69.437472,49.408315],[-69.438396,49.408716],[-69.438878,49.409169],[-69.438966,49.40934],[-69.43896,49.40969],[-69.438895,49.409897],[-69.438365,49.410461],[-69.438327,49.410622],[-69.438165,49.410828],[-69.438077,49.41107],[-69.438114,49.411259],[-69.438207,49.411413],[-69.438621,49.41172],[-69.438657,49.411811],[-69.438881,49.412966],[-69.438882,49.413267],[-69.438657,49.41358],[-69.4384,49.41368],[-69.438141,49.413663],[-69.437569,49.413511],[-69.437416,49.413573],[-69.437453,49.414418],[-69.437505,49.414572],[-69.437797,49.414995],[-69.437807,49.41524],[-69.438218,49.415396],[-69.438596,49.415742],[-69.439319,49.416021],[-69.439451,49.41612],[-69.439616,49.416363],[-69.439904,49.416437],[-69.440152,49.41644],[-69.440913,49.416294],[-69.441184,49.415929],[-69.441801,49.415412],[-69.441946,49.41508],[-69.441658,49.414709],[-69.441645,49.414515],[-69.441901,49.413947],[-69.441836,49.413757],[-69.441461,49.413294],[-69.441468,49.412991],[-69.441581,49.412802],[-69.441644,49.412443],[-69.441484,49.41218],[-69.441313,49.412013],[-69.441275,49.411657],[-69.441154,49.411539],[-69.440522,49.411255],[-69.440174,49.41102],[-69.440173,49.410965],[-69.44037,49.410812],[-69.440401,49.41066],[-69.440191,49.410271],[-69.440165,49.410082],[-69.43975,49.409755],[-69.439534,49.409392],[-69.439516,49.409116],[-69.439631,49.408941],[-69.439873,49.408788],[-69.440964,49.408795],[-69.441197,49.408886],[-69.441636,49.408962],[-69.441968,49.408938],[-69.442538,49.408692],[-69.442625,49.408477],[-69.442613,49.408414],[-69.442424,49.408232],[-69.442301,49.408168],[-69.441676,49.408052],[-69.441537,49.407819],[-69.441115,49.407555],[-69.440691,49.407539],[-69.440496,49.40741],[-69.440506,49.407336],[-69.440662,49.407241],[-69.442587,49.40714],[-69.442903,49.407061],[-69.444417,49.407046],[-69.444908,49.406966],[-69.445569,49.406951],[-69.445874,49.406807],[-69.446236,49.406718],[-69.446571,49.406699],[-69.446704,49.406621],[-69.446707,49.405967],[-69.446562,49.405766],[-69.446952,49.405909],[-69.447311,49.405903],[-69.447189,49.405803],[-69.446612,49.405051],[-69.44634,49.404878],[-69.445971,49.404749],[-69.445669,49.40471],[-69.445536,49.404475],[-69.445432,49.404405],[-69.445213,49.404083],[-69.445172,49.403606],[-69.444814,49.403266],[-69.444561,49.402788],[-69.444528,49.401718],[-69.4444,49.401401],[-69.444282,49.396674],[-69.444035,49.396438],[-69.443259,49.395943],[-69.442675,49.395798],[-69.442328,49.395602],[-69.442054,49.395561],[-69.441612,49.395287],[-69.441588,49.39519],[-69.441807,49.394968],[-69.441765,49.39429],[-69.441206,49.393931],[-69.440854,49.393879],[-69.44038,49.393711],[-69.43959,49.393201],[-69.439305,49.392813],[-69.439078,49.39263],[-69.438809,49.392121],[-69.438771,49.39168],[-69.438403,49.391403],[-69.438127,49.39087],[-69.437636,49.390446],[-69.437442,49.390128],[-69.437043,49.389838],[-69.436892,49.389607],[-69.436166,49.389042],[-69.435788,49.388486],[-69.435641,49.388016],[-69.435618,49.386225],[-69.435747,49.385989],[-69.436528,49.38537],[-69.437145,49.38471],[-69.437178,49.384417],[-69.437285,49.384233],[-69.437266,49.383434],[-69.437013,49.383018],[-69.43605,49.381947],[-69.435993,49.381661],[-69.435778,49.381308],[-69.435718,49.379707],[-69.435607,49.379492],[-69.435581,49.379143],[-69.435477,49.378992],[-69.435435,49.378779],[-69.434976,49.378289],[-69.434935,49.378076],[-69.434841,49.377955],[-69.434617,49.377398],[-69.434348,49.377183],[-69.434052,49.376782],[-69.433572,49.376456],[-69.432959,49.375816],[-69.432818,49.375548],[-69.432785,49.375184],[-69.432576,49.374955],[-69.432437,49.3747],[-69.432395,49.374367],[-69.432152,49.373904],[-69.431946,49.37369],[-69.431804,49.373438],[-69.431771,49.373135],[-69.431625,49.372767],[-69.431389,49.372322],[-69.431173,49.37215],[-69.431034,49.371918],[-69.430968,49.369708],[-69.430681,49.369395],[-69.430198,49.369086],[-69.43068,49.36898],[-69.430862,49.368837],[-69.430685,49.368773],[-69.430298,49.368816],[-69.429501,49.368753],[-69.429368,49.368784],[-69.428129,49.368622],[-69.427761,49.368419],[-69.42691,49.368165],[-69.426581,49.367991],[-69.425015,49.367551],[-69.424363,49.367546],[-69.423806,49.367642],[-69.422917,49.367924],[-69.422479,49.368153],[-69.421748,49.368363],[-69.421259,49.368624],[-69.421264,49.369027],[-69.421479,49.369239],[-69.421792,49.36942],[-69.422533,49.369655],[-69.423717,49.369878],[-69.424042,49.370059],[-69.424991,49.370298],[-69.42605,49.370812],[-69.427031,49.371417],[-69.428056,49.371853],[-69.42844,49.372081],[-69.428953,49.372277],[-69.429046,49.372403],[-69.429061,49.372508],[-69.429091,49.374729],[-69.428976,49.374889],[-69.428719,49.375089],[-69.42855,49.375343],[-69.428033,49.375694],[-69.427906,49.375764],[-69.427411,49.375882],[-69.427134,49.376106],[-69.426931,49.376175],[-69.426537,49.376218],[-69.425506,49.376892],[-69.424586,49.37712],[-69.424247,49.377322],[-69.422937,49.377351],[-69.421986,49.37713],[-69.421425,49.377093],[-69.420565,49.376758],[-69.419534,49.376432],[-69.418437,49.376338],[-69.417678,49.376174],[-69.417251,49.375988],[-69.416973,49.375807],[-69.416272,49.374895],[-69.415334,49.374297],[-69.414966,49.374143],[-69.414424,49.374056],[-69.414044,49.374055],[-69.413578,49.374231],[-69.413476,49.374353],[-69.413481,49.374826],[-69.413368,49.375172],[-69.413408,49.377013],[-69.41353,49.377368],[-69.413556,49.378055],[-69.413659,49.378236],[-69.413693,49.378452],[-69.413799,49.378603],[-69.41384,49.379163],[-69.413987,49.379457],[-69.414809,49.380075],[-69.415045,49.380317],[-69.415115,49.380491],[-69.415538,49.38078],[-69.415717,49.381102],[-69.416052,49.381432],[-69.416093,49.381645],[-69.416328,49.3821],[-69.416358,49.383351],[-69.416486,49.383618],[-69.416511,49.384956],[-69.4164,49.385232],[-69.416385,49.385499],[-69.416162,49.385731],[-69.416179,49.386817],[-69.416211,49.386895],[-69.41648,49.387109],[-69.416806,49.387544],[-69.417051,49.388131],[-69.417081,49.388628],[-69.417204,49.389002],[-69.417251,49.391098],[-69.4175,49.391507],[-69.417527,49.392909],[-69.417321,49.393271],[-69.417272,49.393457],[-69.416714,49.393941],[-69.416549,49.394204],[-69.415713,49.395018],[-69.415601,49.395181],[-69.415445,49.39558],[-69.415461,49.395647],[-69.415666,49.395823],[-69.416044,49.396024],[-69.416656,49.39613],[-69.416999,49.396347],[-69.41704,49.397124],[-69.416925,49.397282],[-69.416551,49.397438],[-69.415877,49.397948],[-69.4157,49.398181],[-69.415695,49.398255],[-69.415861,49.398323],[-69.417368,49.398322],[-69.418409,49.399065],[-69.418856,49.399193],[-69.419324,49.399175],[-69.419805,49.398765],[-69.419997,49.398696],[-69.420252,49.398684],[-69.420502,49.398694],[-69.420721,49.398773],[-69.42107,49.398789],[-69.421835,49.398939],[-69.42241,49.399075],[-69.422637,49.399181],[-69.422696,49.399268],[-69.422683,49.399362],[-69.422454,49.399585],[-69.421772,49.399848],[-69.421026,49.400211],[-69.420878,49.400438],[-69.42087,49.401084],[-69.420649,49.401389],[-69.420383,49.40154],[-69.419598,49.40154],[-69.419099,49.401323],[-69.418982,49.401169],[-69.418416,49.400822],[-69.418035,49.400714],[-69.417408,49.400736],[-69.416668,49.401292],[-69.4166,49.401395],[-69.416607,49.401606],[-69.41691,49.401974],[-69.417821,49.402609],[-69.418253,49.40298],[-69.418321,49.403134],[-69.418289,49.403277],[-69.417725,49.403604],[-69.417472,49.403712],[-69.417304,49.403728],[-69.416384,49.403728],[-69.416141,49.403646],[-69.415334,49.403531],[-69.41467,49.403319],[-69.413499,49.402584],[-69.412721,49.40219],[-69.412384,49.402102],[-69.411797,49.401791],[-69.411392,49.401278],[-69.411181,49.400924],[-69.410994,49.400755],[-69.410751,49.400689],[-69.410721,49.400489],[-69.410847,49.400322],[-69.4107,49.400129],[-69.410997,49.399784],[-69.411026,49.399112],[-69.411126,49.398922],[-69.411172,49.398689],[-69.411026,49.398445],[-69.410837,49.39829],[-69.410333,49.398016],[-69.409938,49.398013],[-69.409787,49.397786],[-69.409431,49.397683],[-69.409422,49.396865],[-69.409177,49.396701],[-69.408457,49.396564],[-69.4074,49.39619],[-69.40736,49.395975],[-69.407256,49.395825],[-69.407225,49.39556],[-69.406871,49.395182],[-69.406836,49.39354],[-69.406929,49.393276],[-69.407138,49.393116],[-69.407515,49.392983],[-69.408792,49.392979],[-69.409561,49.393206],[-69.409976,49.393052],[-69.410161,49.392848],[-69.410259,49.392622],[-69.410239,49.391337],[-69.410376,49.391036],[-69.410711,49.390645],[-69.410926,49.390472],[-69.411018,49.390267],[-69.411936,49.389634],[-69.41226,49.389256],[-69.412307,49.389013],[-69.412514,49.388823],[-69.412509,49.387865],[-69.412376,49.387644],[-69.411876,49.387332],[-69.410676,49.387093],[-69.410715,49.387009],[-69.411381,49.386858],[-69.411464,49.386721],[-69.411819,49.386472],[-69.41191,49.386349],[-69.41187,49.385175],[-69.411783,49.385029],[-69.411678,49.385078],[-69.411602,49.385041],[-69.411553,49.385135],[-69.411648,49.385455],[-69.4116,49.386273],[-69.41122,49.386669],[-69.411135,49.38672],[-69.410537,49.386807],[-69.410438,49.386959],[-69.409523,49.386634],[-69.408639,49.386655],[-69.40807,49.387037],[-69.407813,49.387433],[-69.407581,49.387619],[-69.40721,49.388562],[-69.406778,49.388884],[-69.406727,49.389047],[-69.40657,49.389251],[-69.406013,49.389607],[-69.405683,49.389699],[-69.405241,49.389924],[-69.404605,49.390025],[-69.404317,49.3902],[-69.403966,49.390605],[-69.40394,49.390858],[-69.403839,49.391121],[-69.403873,49.393006],[-69.403765,49.393274],[-69.403759,49.393536],[-69.403543,49.393563],[-69.403431,49.393634],[-69.403339,49.393854],[-69.403145,49.393902],[-69.403024,49.393878],[-69.402675,49.393546],[-69.402516,49.393497],[-69.402416,49.393344],[-69.402389,49.392962],[-69.402157,49.392623],[-69.402127,49.392224],[-69.40186,49.391523],[-69.401756,49.391373],[-69.401734,49.390975],[-69.401526,49.39079],[-69.401372,49.390505],[-69.401355,49.39019],[-69.40124,49.389964],[-69.401221,49.389501],[-69.401104,49.389303],[-69.401081,49.388974],[-69.400842,49.388731],[-69.400824,49.388187],[-69.400705,49.387945],[-69.400689,49.387561],[-69.400576,49.387382],[-69.40054,49.387101],[-69.400361,49.386892],[-69.399906,49.386708],[-69.399296,49.386698],[-69.398858,49.386628],[-69.39867,49.386527],[-69.398489,49.386331],[-69.398301,49.38624],[-69.397564,49.386503],[-69.397165,49.387059],[-69.397084,49.387312],[-69.396911,49.3875],[-69.396878,49.387624],[-69.396939,49.390675],[-69.397175,49.39092],[-69.397216,49.391234],[-69.39757,49.391771],[-69.397211,49.391452],[-69.396497,49.391147],[-69.39627,49.391001],[-69.395912,49.390596],[-69.395481,49.389575],[-69.395506,49.389372],[-69.395669,49.388974],[-69.395605,49.388766],[-69.395262,49.3887],[-69.395011,49.388824],[-69.394723,49.389387],[-69.394747,49.38954],[-69.39488,49.389766],[-69.395219,49.390003],[-69.395528,49.390072],[-69.395625,49.39026],[-69.395552,49.390609],[-69.395297,49.390796],[-69.395431,49.390977],[-69.397776,49.392007],[-69.397831,49.392079],[-69.398036,49.392155],[-69.398543,49.392566],[-69.398688,49.392816],[-69.398726,49.393069],[-69.399305,49.39366],[-69.399483,49.394312],[-69.399694,49.394486],[-69.39938,49.394899],[-69.399583,49.395163],[-69.3995,49.395284],[-69.399068,49.39531],[-69.398851,49.395586],[-69.398582,49.395705],[-69.397726,49.395717],[-69.397169,49.395812],[-69.396841,49.395958],[-69.396022,49.39594],[-69.39549,49.395682],[-69.395327,49.395507],[-69.395189,49.395235],[-69.39517,49.395028],[-69.395025,49.394579],[-69.3948,49.394257],[-69.394771,49.393522],[-69.394429,49.393187],[-69.394779,49.392945],[-69.395276,49.392963],[-69.395332,49.392927],[-69.395379,49.392667],[-69.394926,49.392593],[-69.394782,49.392284],[-69.39448,49.392237],[-69.394,49.392072],[-69.394,49.388103],[-69.394133,49.388042],[-69.394187,49.387848],[-69.394572,49.387524],[-69.394655,49.387339],[-69.394784,49.387276],[-69.394883,49.387279],[-69.39496,49.38742],[-69.395163,49.387566],[-69.39585,49.387609],[-69.396125,49.387683],[-69.396499,49.38757],[-69.396682,49.387331],[-69.396795,49.387294],[-69.396866,49.387205],[-69.396887,49.386881],[-69.396565,49.386464],[-69.396163,49.386069],[-69.39614,49.385759],[-69.396049,49.385555],[-69.396111,49.385219],[-69.396073,49.385066],[-69.395855,49.384983],[-69.395142,49.384892],[-69.39465,49.384639],[-69.394402,49.384654],[-69.39415,49.38482],[-69.394,49.384832],[-69.394,49.363979],[-69.394054,49.363968],[-69.394,49.36388],[-69.394,49.344102],[-69.394503,49.344363],[-69.395055,49.344538],[-69.39515,49.344717],[-69.395108,49.344897],[-69.394974,49.345107],[-69.39443,49.345381],[-69.394111,49.345443],[-69.394073,49.345832],[-69.394222,49.346429],[-69.394743,49.347351],[-69.394883,49.347529],[-69.395441,49.347973],[-69.395768,49.3483],[-69.395994,49.348178],[-69.396174,49.347997],[-69.396216,49.347818],[-69.396483,49.347427],[-69.396613,49.347067],[-69.397144,49.346106],[-69.397456,49.345685],[-69.397495,49.345296],[-69.397884,49.344097],[-69.398288,49.343705],[-69.398514,49.343553],[-69.398648,49.343373],[-69.39869,49.343193],[-69.399137,49.342651],[-69.399179,49.342442],[-69.399129,49.342263],[-69.399172,49.342083],[-69.399812,49.342078],[-69.400176,49.341955],[-69.400263,49.341745],[-69.400214,49.341566],[-69.400074,49.341388],[-69.398775,49.340502],[-69.398767,49.340083],[-69.398718,49.339904],[-69.398167,49.339789],[-69.397931,49.339402],[-69.397511,49.338987],[-69.397462,49.338808],[-69.397549,49.338598],[-69.398712,49.337183],[-69.398788,49.336406],[-69.398921,49.336195],[-69.399146,49.335984],[-69.399234,49.335804],[-69.399414,49.335653],[-69.399028,49.33461],[-69.399016,49.333982],[-69.399103,49.333742],[-69.399324,49.333322],[-69.399637,49.33296],[-69.399629,49.332542],[-69.399247,49.331708],[-69.39914,49.330901],[-69.399041,49.330544],[-69.399125,49.330154],[-69.399117,49.329736],[-69.398973,49.329378],[-69.398969,49.329169],[-69.399137,49.32839],[-69.399133,49.328151],[-69.398489,49.328007],[-69.397894,49.327982],[-69.397663,49.327864],[-69.397336,49.327478],[-69.397015,49.327421],[-69.396835,49.327602],[-69.396747,49.327812],[-69.396896,49.328379],[-69.396854,49.328588],[-69.396633,49.329009],[-69.396453,49.32916],[-69.396307,49.329174],[-69.395579,49.328939],[-69.394661,49.329029],[-69.39454,49.329086],[-69.394484,49.329056],[-69.394344,49.328878],[-69.394294,49.328669],[-69.394326,49.327981],[-69.39494,49.326571],[-69.39498,49.326301],[-69.394967,49.325614],[-69.394918,49.325435],[-69.39491,49.325016],[-69.395037,49.324477],[-69.395212,49.324057],[-69.395346,49.323877],[-69.395432,49.323528],[-69.395421,49.323056],[-69.395315,49.322696],[-69.395297,49.322211],[-69.395306,49.322104],[-69.395473,49.321762],[-69.395566,49.321709],[-69.395906,49.321776],[-69.3963,49.321947],[-69.396537,49.322173],[-69.396621,49.322345],[-69.396635,49.322829],[-69.396706,49.323131],[-69.397192,49.323927],[-69.397394,49.32413],[-69.397648,49.324191],[-69.398384,49.324171],[-69.39848,49.324126],[-69.398706,49.32388],[-69.398737,49.323461],[-69.398657,49.322906],[-69.398387,49.32231],[-69.398244,49.322122],[-69.39823,49.321852],[-69.398865,49.321758],[-69.399319,49.321635],[-69.399658,49.32136],[-69.400233,49.321003],[-69.400714,49.320769],[-69.401559,49.320507],[-69.401961,49.320314],[-69.402161,49.320127],[-69.402196,49.320013],[-69.402185,49.319472],[-69.402125,49.319202],[-69.402113,49.318681],[-69.402159,49.318411],[-69.402085,49.318073],[-69.401936,49.317818],[-69.401905,49.316975],[-69.40178,49.316879],[-69.401034,49.316632],[-69.400859,49.316533],[-69.40054,49.316241],[-69.400268,49.315898],[-69.399974,49.315384],[-69.399882,49.314885],[-69.399682,49.314612],[-69.399482,49.313918],[-69.399385,49.313769],[-69.399352,49.313507],[-69.399112,49.313175],[-69.399012,49.312916],[-69.398758,49.312605],[-69.398734,49.311942],[-69.39694,49.311636],[-69.396709,49.311488],[-69.396747,49.311099],[-69.396927,49.310948],[-69.397745,49.310643],[-69.398559,49.310217],[-69.398739,49.310066],[-69.398781,49.309857],[-69.39896,49.309646],[-69.399135,49.309226],[-69.399399,49.309],[-69.399911,49.309],[-69.400046,49.309069],[-69.400141,49.309248],[-69.40024,49.309606],[-69.400248,49.310024],[-69.400075,49.310564],[-69.400079,49.310773],[-69.40022,49.310951],[-69.400451,49.311069],[-69.401366,49.311121],[-69.401686,49.311119],[-69.402507,49.310992],[-69.40282,49.310631],[-69.40295,49.310271],[-69.403535,49.309788],[-69.403868,49.309],[-69.458103,49.309],[-69.458948,49.309496],[-69.45927,49.309582],[-69.459732,49.309818],[-69.459873,49.309996],[-69.459877,49.310205],[-69.45979,49.310385],[-69.459519,49.310537],[-69.458655,49.310784],[-69.458383,49.310936],[-69.458388,49.311145],[-69.458532,49.311502],[-69.459325,49.312243],[-69.459556,49.31236],[-69.460197,49.312385],[-69.46047,49.312323],[-69.460911,49.311571],[-69.461458,49.311447],[-69.461733,49.311474],[-69.462118,49.311744],[-69.462459,49.311199],[-69.462638,49.311048],[-69.463679,49.310501],[-69.464586,49.310134],[-69.465264,49.309739],[-69.465854,49.309555],[-69.466174,49.309522],[-69.466583,49.309399],[-69.467636,49.309479],[-69.468055,49.309834],[-69.468749,49.310246],[-69.469068,49.310184],[-69.469294,49.310062],[-69.469428,49.309882],[-69.469514,49.309642],[-69.46955,49.309193],[-69.469684,49.309012],[-69.470816,49.309],[-69.47138,49.309207],[-69.471701,49.309264],[-69.472622,49.309554],[-69.472948,49.30988],[-69.473689,49.310322],[-69.474434,49.310943],[-69.476422,49.312002],[-69.476608,49.31215],[-69.476795,49.312357],[-69.477128,49.312952],[-69.477227,49.31331],[-69.477236,49.313759],[-69.477107,49.314149],[-69.4774,49.315043],[-69.477633,49.31525],[-69.477953,49.315247],[-69.478226,49.315155],[-69.479502,49.314964],[-69.479498,49.314755],[-69.479403,49.314576],[-69.479075,49.314221],[-69.478798,49.314103],[-69.478248,49.314049],[-69.478062,49.313871],[-69.478057,49.313662],[-69.478145,49.313482],[-69.478371,49.31336],[-69.479016,49.313563],[-69.479524,49.313828],[-69.480035,49.314182],[-69.480497,49.314417],[-69.480962,49.314802],[-69.481149,49.315009],[-69.481671,49.315872],[-69.481857,49.316049],[-69.482321,49.316344],[-69.482012,49.316885],[-69.482071,49.317512],[-69.481942,49.317902],[-69.481359,49.318446],[-69.480054,49.319504],[-69.479782,49.319566],[-69.479506,49.319509],[-69.479032,49.318735],[-69.478801,49.318588],[-69.478705,49.318409],[-69.478747,49.3182],[-69.478967,49.317779],[-69.479009,49.3176],[-69.478913,49.317421],[-69.477417,49.318032],[-69.477421,49.318242],[-69.47752,49.318599],[-69.477806,49.319135],[-69.478224,49.31943],[-69.479837,49.320044],[-69.479795,49.320224],[-69.479845,49.320402],[-69.480076,49.32055],[-69.482089,49.320562],[-69.482411,49.320649],[-69.482323,49.320829],[-69.482097,49.32095],[-69.481919,49.321161],[-69.482195,49.321249],[-69.482515,49.321246],[-69.482746,49.321363],[-69.482852,49.32202],[-69.482865,49.322678],[-69.483156,49.323422],[-69.483393,49.323839],[-69.48372,49.324165],[-69.484196,49.325057],[-69.484474,49.325204],[-69.484794,49.325231],[-69.485122,49.325587],[-69.485363,49.326153],[-69.485639,49.32624],[-69.485912,49.326178],[-69.48595,49.325789],[-69.486175,49.325638],[-69.486451,49.325695],[-69.486769,49.325602],[-69.487173,49.32524],[-69.487399,49.325118],[-69.487672,49.325056],[-69.487947,49.325083],[-69.488184,49.32547],[-69.488208,49.326576],[-69.488352,49.326933],[-69.488817,49.327258],[-69.489927,49.327846],[-69.490527,49.32808],[-69.490802,49.328107],[-69.491034,49.328255],[-69.490862,49.328794],[-69.490917,49.329242],[-69.491104,49.32942],[-69.491656,49.329564],[-69.491975,49.329502],[-69.492017,49.329322],[-69.491949,49.328276],[-69.492078,49.327916],[-69.492305,49.327795],[-69.492624,49.327732],[-69.492895,49.32761],[-69.492937,49.32743],[-69.492496,49.326029],[-69.492305,49.325672],[-69.492251,49.325254],[-69.492338,49.325074],[-69.492928,49.324829],[-69.493014,49.324589],[-69.492824,49.324232],[-69.492495,49.323816],[-69.491986,49.323552],[-69.491891,49.323373],[-69.492737,49.322319],[-69.492825,49.322139],[-69.492816,49.321721],[-69.492767,49.321542],[-69.492626,49.321364],[-69.492349,49.321246],[-69.492027,49.32119],[-69.491796,49.321072],[-69.491096,49.320391],[-69.490399,49.319889],[-69.489937,49.319654],[-69.489241,49.319212],[-69.489146,49.319033],[-69.489418,49.318941],[-69.489739,49.318938],[-69.490014,49.318996],[-69.490245,49.319113],[-69.490617,49.319409],[-69.490894,49.319526],[-69.491853,49.319427],[-69.492079,49.319306],[-69.492212,49.319095],[-69.492207,49.318886],[-69.492295,49.318706],[-69.49242,49.318137],[-69.49237,49.317958],[-69.492275,49.317779],[-69.491671,49.317306],[-69.49153,49.317128],[-69.49148,49.316949],[-69.491293,49.316772],[-69.490869,49.316177],[-69.490864,49.315938],[-69.490996,49.315698],[-69.491272,49.315755],[-69.491973,49.316467],[-69.492491,49.317179],[-69.49291,49.317504],[-69.49365,49.317916],[-69.494069,49.318241],[-69.494582,49.318745],[-69.495045,49.31901],[-69.495736,49.319213],[-69.496197,49.319555],[-69.496291,49.319447],[-69.496313,49.319639],[-69.496433,49.319779],[-69.497911,49.320767],[-69.498409,49.32125],[-69.498871,49.321533],[-69.499491,49.322116],[-69.500707,49.322648],[-69.501432,49.32281],[-69.50228,49.32289],[-69.502877,49.323006],[-69.503937,49.323015],[-69.50421,49.322976],[-69.504978,49.322687],[-69.505569,49.322072],[-69.50564,49.321774],[-69.505639,49.321236],[-69.505745,49.321093],[-69.506413,49.32068],[-69.507628,49.32018],[-69.507964,49.319968],[-69.507953,49.31967],[-69.507738,49.319272],[-69.507729,49.318785],[-69.507826,49.318644],[-69.510284,49.318602],[-69.510945,49.318632],[-69.511412,49.31867],[-69.511939,49.318847],[-69.513062,49.319573],[-69.51341,49.320051],[-69.513487,49.320316],[-69.513503,49.321805],[-69.512928,49.322589],[-69.512283,49.323082],[-69.512229,49.323261],[-69.512258,49.323616],[-69.512574,49.32387],[-69.513139,49.324216],[-69.513468,49.324322],[-69.51434,49.324444],[-69.515052,49.324662],[-69.516184,49.325893],[-69.516471,49.326305],[-69.516729,49.326542],[-69.516929,49.326598],[-69.51803,49.32659],[-69.51821,49.32654],[-69.519053,49.325858],[-69.519317,49.325408],[-69.519309,49.324744],[-69.519229,49.324245],[-69.519034,49.323913],[-69.518154,49.323075],[-69.518028,49.322894],[-69.517998,49.322722],[-69.518069,49.322493],[-69.518273,49.322308],[-69.518766,49.321986],[-69.519065,49.321876],[-69.519227,49.321752],[-69.519218,49.320424],[-69.519266,49.320297],[-69.519361,49.320223],[-69.519595,49.32017],[-69.52009,49.320169],[-69.521917,49.320474],[-69.522321,49.320445],[-69.522469,49.320376],[-69.522589,49.320224],[-69.522884,49.320373],[-69.522953,49.320364],[-69.523121,49.320213],[-69.523151,49.320087],[-69.52296,49.320032],[-69.522726,49.320064],[-69.522796,49.319837],[-69.522916,49.319738],[-69.523476,49.319501],[-69.524175,49.319478],[-69.524427,49.319585],[-69.524633,49.319473],[-69.524955,49.319408],[-69.526296,49.319383],[-69.526773,49.319078],[-69.527062,49.319053],[-69.527415,49.319094],[-69.527858,49.319236],[-69.528143,49.319408],[-69.529618,49.319962],[-69.530493,49.320118],[-69.531021,49.320308],[-69.531065,49.320476],[-69.531003,49.320637],[-69.530052,49.320968],[-69.529737,49.321215],[-69.529599,49.321445],[-69.5296,49.32184],[-69.52966,49.321947],[-69.530196,49.322219],[-69.531034,49.322418],[-69.532249,49.322808],[-69.5332,49.322818],[-69.533898,49.322942],[-69.534239,49.323115],[-69.534363,49.323236],[-69.53432,49.323917],[-69.534236,49.324066],[-69.534177,49.32437],[-69.534202,49.325377],[-69.534328,49.325642],[-69.534505,49.325835],[-69.534591,49.32604],[-69.534743,49.326189],[-69.534994,49.326595],[-69.535326,49.327315],[-69.535338,49.328062],[-69.535244,49.328229],[-69.535031,49.328333],[-69.533156,49.328359],[-69.532853,49.328417],[-69.532791,49.328486],[-69.532881,49.328649],[-69.533083,49.329382],[-69.533175,49.32953],[-69.533321,49.330443],[-69.533377,49.33057],[-69.533865,49.330984],[-69.534558,49.331686],[-69.534766,49.332017],[-69.534784,49.332301],[-69.534669,49.332623],[-69.534361,49.332881],[-69.534143,49.332922],[-69.530672,49.332916],[-69.530003,49.332747],[-69.529403,49.332752],[-69.528483,49.333235],[-69.52756,49.333438],[-69.527119,49.333614],[-69.526793,49.33369],[-69.526529,49.333894],[-69.526219,49.334018],[-69.525813,49.334298],[-69.525395,49.334846],[-69.524505,49.335799],[-69.524166,49.336372],[-69.523584,49.336886],[-69.523551,49.337013],[-69.523677,49.337225],[-69.524388,49.337763],[-69.526085,49.338799],[-69.526662,49.338872],[-69.528038,49.339255],[-69.528701,49.339819],[-69.528821,49.340506],[-69.529077,49.340834],[-69.529333,49.341056],[-69.529453,49.341253],[-69.529706,49.341417],[-69.530217,49.341611],[-69.531221,49.341622],[-69.532211,49.341543],[-69.534192,49.341521],[-69.534717,49.341418],[-69.535458,49.341365],[-69.536064,49.341117],[-69.536718,49.341108],[-69.537565,49.341255],[-69.53829,49.341497],[-69.539425,49.341956],[-69.539974,49.342324],[-69.540724,49.342605],[-69.543638,49.342587],[-69.544348,49.342663],[-69.545383,49.342998],[-69.546431,49.343063],[-69.548493,49.343019],[-69.548851,49.343151],[-69.549021,49.343362],[-69.54903,49.343757],[-69.54893,49.344028],[-69.549009,49.344712],[-69.549076,49.345016],[-69.549428,49.345746],[-69.549511,49.346057],[-69.55019,49.346087],[-69.550768,49.346009],[-69.552888,49.34599],[-69.553409,49.346028],[-69.553724,49.346142],[-69.553628,49.346255],[-69.553164,49.346576],[-69.552966,49.346834],[-69.552756,49.347018],[-69.5526,49.347273],[-69.552468,49.347644],[-69.551919,49.348192],[-69.551701,49.348262],[-69.55145,49.348421],[-69.551157,49.348246],[-69.550812,49.348157],[-69.550483,49.348133],[-69.550068,49.348281],[-69.549682,49.348611],[-69.549232,49.348834],[-69.548879,49.349187],[-69.548759,49.349476],[-69.54799,49.349675],[-69.547764,49.349843],[-69.5477,49.349947],[-69.547593,49.350397],[-69.546885,49.351079],[-69.546723,49.351326],[-69.545929,49.351896],[-69.545671,49.351964],[-69.545429,49.352145],[-69.545385,49.352263],[-69.545387,49.352608],[-69.545756,49.352943],[-69.545922,49.353278],[-69.546085,49.353409],[-69.546306,49.353486],[-69.546614,49.353753],[-69.547093,49.353741],[-69.547224,49.353812],[-69.547635,49.3543],[-69.547799,49.354361],[-69.547915,49.35434],[-69.54795,49.354233],[-69.54805,49.35418],[-69.548149,49.354197],[-69.548434,49.354399],[-69.548757,49.354741],[-69.549041,49.355333],[-69.548619,49.355473],[-69.548511,49.355563],[-69.548474,49.355713],[-69.548488,49.355892],[-69.548755,49.356487],[-69.548655,49.356828],[-69.548651,49.357012],[-69.548811,49.357255],[-69.548709,49.357465],[-69.548767,49.357868],[-69.547696,49.359276],[-69.546612,49.360312],[-69.546357,49.360437],[-69.54626,49.360579],[-69.54602,49.361455],[-69.546008,49.361665],[-69.545826,49.362122],[-69.545893,49.362707],[-69.545753,49.363116],[-69.545659,49.363681],[-69.545707,49.364215],[-69.545622,49.364338],[-69.544745,49.364662],[-69.544389,49.364913],[-69.54423,49.365119],[-69.543599,49.365653],[-69.543322,49.365999],[-69.543166,49.366429],[-69.542869,49.36669],[-69.542614,49.367056],[-69.542568,49.367308],[-69.541737,49.368227],[-69.540638,49.369603],[-69.539361,49.371354],[-69.539342,49.371535],[-69.538706,49.372172],[-69.538283,49.372758],[-69.538224,49.372909],[-69.538373,49.372993],[-69.538466,49.373164],[-69.538429,49.37337],[-69.538452,49.373568],[-69.538744,49.374173],[-69.538866,49.374289],[-69.538917,49.374447],[-69.538879,49.374633],[-69.53879,49.374906],[-69.538588,49.375062],[-69.538434,49.37529],[-69.538143,49.375319],[-69.537947,49.375471],[-69.53741,49.375466],[-69.537326,49.375519],[-69.537306,49.375673],[-69.537211,49.375752],[-69.537167,49.375905],[-69.537194,49.375968],[-69.537248,49.376013],[-69.537543,49.376021],[-69.537607,49.376122],[-69.53735,49.376428],[-69.536921,49.377234],[-69.537666,49.376475],[-69.537795,49.376198],[-69.537797,49.376001],[-69.53786,49.37584],[-69.537989,49.375736],[-69.538371,49.375609],[-69.538623,49.375413],[-69.538879,49.375002],[-69.539066,49.374581],[-69.539092,49.373933],[-69.538612,49.373174],[-69.53865,49.373157],[-69.538636,49.373049],[-69.538491,49.372848],[-69.538579,49.37258],[-69.539489,49.371617],[-69.539535,49.37137],[-69.539728,49.371182],[-69.53979,49.370989],[-69.539941,49.37085],[-69.540015,49.370686],[-69.540332,49.3705],[-69.54046,49.370253],[-69.540611,49.370136],[-69.540891,49.369767],[-69.540921,49.369465],[-69.541606,49.368837],[-69.542421,49.367664],[-69.543051,49.367249],[-69.543447,49.366695],[-69.543356,49.366424],[-69.543547,49.365994],[-69.54485,49.364792],[-69.545223,49.364677],[-69.545678,49.364616],[-69.545864,49.364413],[-69.54588,49.363998],[-69.546074,49.363598],[-69.546133,49.363086],[-69.546063,49.36287],[-69.546094,49.362509],[-69.546042,49.36224],[-69.546175,49.36199],[-69.546456,49.361087],[-69.546479,49.36078],[-69.54644,49.360672],[-69.546488,49.360502],[-69.546795,49.36043],[-69.547316,49.359922],[-69.547818,49.359592],[-69.547965,49.359205],[-69.548614,49.35852],[-69.548668,49.358268],[-69.548856,49.358148],[-69.548985,49.357885],[-69.54895,49.357571],[-69.549038,49.357755],[-69.549148,49.357845],[-69.550014,49.358261],[-69.550736,49.358848],[-69.551383,49.359192],[-69.552197,49.359311],[-69.553434,49.359308],[-69.556045,49.359544],[-69.556117,49.359653],[-69.55614,49.360499],[-69.556262,49.360676],[-69.556397,49.360775],[-69.556831,49.361041],[-69.557126,49.361123],[-69.558734,49.361244],[-69.559112,49.361469],[-69.5595,49.361845],[-69.559704,49.362248],[-69.559712,49.362715],[-69.559646,49.362875],[-69.559508,49.363002],[-69.558321,49.363462],[-69.558101,49.36357],[-69.55803,49.363652],[-69.558046,49.363787],[-69.558418,49.364386],[-69.55846,49.364974],[-69.558735,49.3651],[-69.559189,49.365114],[-69.559382,49.365043],[-69.559615,49.36481],[-69.559766,49.364725],[-69.560751,49.364703],[-69.560936,49.36475],[-69.561461,49.365097],[-69.561572,49.365277],[-69.561611,49.365521],[-69.561758,49.365704],[-69.561756,49.366199],[-69.561516,49.366294],[-69.561112,49.366349],[-69.560811,49.3665],[-69.560907,49.366729],[-69.560867,49.366881],[-69.560704,49.366989],[-69.560022,49.367194],[-69.559948,49.367287],[-69.559962,49.367452],[-69.560104,49.367627],[-69.560672,49.367966],[-69.560875,49.36815],[-69.561189,49.368514],[-69.561258,49.368893],[-69.561778,49.369115],[-69.562123,49.369491],[-69.562106,49.370056],[-69.562005,49.370382],[-69.56202,49.371094],[-69.562072,49.371204],[-69.562464,49.371379],[-69.564244,49.371674],[-69.56457,49.371778],[-69.564826,49.371919],[-69.56503,49.372095],[-69.565202,49.372438],[-69.565227,49.373189],[-69.565176,49.373429],[-69.564953,49.37367],[-69.564654,49.373806],[-69.563274,49.374114],[-69.562723,49.37437],[-69.562367,49.374651],[-69.562293,49.374766],[-69.562308,49.374928],[-69.562426,49.37503],[-69.563367,49.37547],[-69.563824,49.375654],[-69.564265,49.375769],[-69.564819,49.37584],[-69.564872,49.375909],[-69.564881,49.376111],[-69.564755,49.376308],[-69.564214,49.376619],[-69.563769,49.376964],[-69.562912,49.37728],[-69.562084,49.377511],[-69.560317,49.377846],[-69.559608,49.37804],[-69.558751,49.378644],[-69.558126,49.378837],[-69.557923,49.378943],[-69.557548,49.379322],[-69.557512,49.379452],[-69.557534,49.379741],[-69.557831,49.379932],[-69.558578,49.379986],[-69.559622,49.37994],[-69.559887,49.379825],[-69.560843,49.379078],[-69.561486,49.378317],[-69.561676,49.378154],[-69.56222,49.377949],[-69.562628,49.377935],[-69.562861,49.378018],[-69.563106,49.378372],[-69.563415,49.379534],[-69.563267,49.379718],[-69.562659,49.380155],[-69.56225,49.380597],[-69.560581,49.38198],[-69.560214,49.382395],[-69.559958,49.382851],[-69.559344,49.383664],[-69.558715,49.384328],[-69.558461,49.384698],[-69.5584,49.384988],[-69.558081,49.385222],[-69.557845,49.385495],[-69.557718,49.385815],[-69.557584,49.385986],[-69.5569,49.386277],[-69.556243,49.386303],[-69.556018,49.386442],[-69.555932,49.386704],[-69.555787,49.386883],[-69.555759,49.386998],[-69.555862,49.388793],[-69.555706,49.389048],[-69.555497,49.389231],[-69.555352,49.389505],[-69.555362,49.389954],[-69.555478,49.390424],[-69.555996,49.390804],[-69.556277,49.390912],[-69.556743,49.390959],[-69.559966,49.390932],[-69.560237,49.391007],[-69.560656,49.391218],[-69.562675,49.391683],[-69.562553,49.391146],[-69.562624,49.391133],[-69.562688,49.390966],[-69.562704,49.390698],[-69.562791,49.390396],[-69.563056,49.390103],[-69.563453,49.389484],[-69.563612,49.389377],[-69.56427,49.389335],[-69.56432,49.389083],[-69.564791,49.388038],[-69.564942,49.387427],[-69.565365,49.386705],[-69.565685,49.386272],[-69.565959,49.386233],[-69.566291,49.386337],[-69.566792,49.38662],[-69.566851,49.386798],[-69.566862,49.387301],[-69.566812,49.387481],[-69.5666,49.387841],[-69.566384,49.388023],[-69.566064,49.388457],[-69.565848,49.388602],[-69.565622,49.388905],[-69.565626,49.389051],[-69.565531,49.389179],[-69.565493,49.389345],[-69.565262,49.389637],[-69.565256,49.390012],[-69.565495,49.390395],[-69.565714,49.390557],[-69.565869,49.390607],[-69.56626,49.390592],[-69.566602,49.390377],[-69.566804,49.390129],[-69.567313,49.389921],[-69.567564,49.389671],[-69.567726,49.389312],[-69.568078,49.388828],[-69.568554,49.388493],[-69.568514,49.385024],[-69.568666,49.384449],[-69.56888,49.384195],[-69.569196,49.383582],[-69.569412,49.383437],[-69.569742,49.383433],[-69.57002,49.383574],[-69.57025,49.384003],[-69.570252,49.384106],[-69.570483,49.38414],[-69.570759,49.38452],[-69.571051,49.385449],[-69.571162,49.385486],[-69.57149,49.385358],[-69.572226,49.384924],[-69.572679,49.384737],[-69.572807,49.384577],[-69.572807,49.384113],[-69.572884,49.383914],[-69.573428,49.383663],[-69.574886,49.38363],[-69.576148,49.383705],[-69.576864,49.383796],[-69.577173,49.383996],[-69.577213,49.384076],[-69.577214,49.384505],[-69.577043,49.38483],[-69.57697,49.385097],[-69.576988,49.38526],[-69.577097,49.385426],[-69.57764,49.385768],[-69.578404,49.386066],[-69.579096,49.386237],[-69.579795,49.386342],[-69.580537,49.386634],[-69.580935,49.38702],[-69.581031,49.387304],[-69.581057,49.389036],[-69.580922,49.389278],[-69.580702,49.389484],[-69.579621,49.390316],[-69.57951,49.390477],[-69.579503,49.390712],[-69.579625,49.390847],[-69.580333,49.390959],[-69.580949,49.391187],[-69.581478,49.391489],[-69.579863,49.391615],[-69.579282,49.391774],[-69.578717,49.391828],[-69.576685,49.392562],[-69.576294,49.392952],[-69.576281,49.393456],[-69.575866,49.394336],[-69.575794,49.394614],[-69.575795,49.395232],[-69.575709,49.395494],[-69.5753,49.395742],[-69.575158,49.395959],[-69.57461,49.396385],[-69.574401,49.396642],[-69.574042,49.396935],[-69.573628,49.397107],[-69.573109,49.397139],[-69.572911,49.397275],[-69.572604,49.397748],[-69.572556,49.397944],[-69.572409,49.398124],[-69.572407,49.398334],[-69.572692,49.398739],[-69.573058,49.399114],[-69.573876,49.399445],[-69.574197,49.399749],[-69.574373,49.400372],[-69.574417,49.400743],[-69.574594,49.400861],[-69.574771,49.400904],[-69.575193,49.400895],[-69.575356,49.400812],[-69.57543,49.400469],[-69.575707,49.400104],[-69.575701,49.39911],[-69.575958,49.398698],[-69.576086,49.398574],[-69.576857,49.398302],[-69.577974,49.397996],[-69.578337,49.397824],[-69.578953,49.39765],[-69.579116,49.397543],[-69.579188,49.397355],[-69.579179,49.396918],[-69.579088,49.396724],[-69.578907,49.396536],[-69.578886,49.395681],[-69.579196,49.395066],[-69.579321,49.394941],[-69.579476,49.3949],[-69.581338,49.394886],[-69.581816,49.395155],[-69.581873,49.395256],[-69.581887,49.395744],[-69.581996,49.395918],[-69.582027,49.396174],[-69.582173,49.396453],[-69.582524,49.396818],[-69.583696,49.397555],[-69.584221,49.397572],[-69.584682,49.397645],[-69.584824,49.397673],[-69.585025,49.397811],[-69.585139,49.398026],[-69.585146,49.398209],[-69.584814,49.398589],[-69.584811,49.399021],[-69.584843,49.399121],[-69.585166,49.399479],[-69.589481,49.399454],[-69.590405,49.399295],[-69.591579,49.399278],[-69.591901,49.399339],[-69.592064,49.399508],[-69.592073,49.399707],[-69.591974,49.399799],[-69.5909,49.400066],[-69.590293,49.400315],[-69.589833,49.400608],[-69.589161,49.400776],[-69.58875,49.401013],[-69.588284,49.401106],[-69.587781,49.401292],[-69.586694,49.402033],[-69.586673,49.40261],[-69.586578,49.402761],[-69.586555,49.403031],[-69.586335,49.403229],[-69.586052,49.403634],[-69.585865,49.403743],[-69.585487,49.403788],[-69.584834,49.404109],[-69.584224,49.404242],[-69.583875,49.404478],[-69.583713,49.404729],[-69.583309,49.405106],[-69.583315,49.405921],[-69.58346,49.406117],[-69.583602,49.406216],[-69.584087,49.406329],[-69.584766,49.40634],[-69.586088,49.406697],[-69.586743,49.406687],[-69.587104,49.40655],[-69.587765,49.406435],[-69.588218,49.406215],[-69.589145,49.405954],[-69.589493,49.40575],[-69.59015,49.405735],[-69.5903,49.405811],[-69.590324,49.406147],[-69.590202,49.406486],[-69.589886,49.406748],[-69.589844,49.406891],[-69.589668,49.407048],[-69.589582,49.407242],[-69.588653,49.407874],[-69.588556,49.40808],[-69.588316,49.408311],[-69.587819,49.408515],[-69.586913,49.409043],[-69.586663,49.409444],[-69.585951,49.409923],[-69.585531,49.409986],[-69.584883,49.410305],[-69.583653,49.410674],[-69.581872,49.410701],[-69.58169,49.410655],[-69.581393,49.41022],[-69.581346,49.408785],[-69.581006,49.408318],[-69.580872,49.407933],[-69.580824,49.406557],[-69.580565,49.405906],[-69.580341,49.40569],[-69.58012,49.405618],[-69.579354,49.405828],[-69.579037,49.405855],[-69.578542,49.406022],[-69.577933,49.406344],[-69.576619,49.407225],[-69.576228,49.407637],[-69.575758,49.407972],[-69.575497,49.408367],[-69.57451,49.409124],[-69.574427,49.409318],[-69.573932,49.409748],[-69.573612,49.410105],[-69.572792,49.410698],[-69.572731,49.410808],[-69.572706,49.411017],[-69.572164,49.411557],[-69.571822,49.412085],[-69.57158,49.412279],[-69.57136,49.412593],[-69.571312,49.412828],[-69.571013,49.413139],[-69.571002,49.413783],[-69.570901,49.413946],[-69.570879,49.414253],[-69.570628,49.414781],[-69.568554,49.414833],[-69.567204,49.414945],[-69.563954,49.415429],[-69.563085,49.415674],[-69.562507,49.415899],[-69.562324,49.416018],[-69.562041,49.416316],[-69.561948,49.416596],[-69.561969,49.417545],[-69.562074,49.417887],[-69.562099,49.418655],[-69.562227,49.419173],[-69.562436,49.41948],[-69.563117,49.420024],[-69.564003,49.420288],[-69.56522,49.420555],[-69.565999,49.42098],[-69.566158,49.421155],[-69.566297,49.421521],[-69.566419,49.421659],[-69.566845,49.422665],[-69.568134,49.424491],[-69.568344,49.424666],[-69.568649,49.424819],[-69.569257,49.424865],[-69.569673,49.42472],[-69.569815,49.424601],[-69.569853,49.42445],[-69.569838,49.423847],[-69.569924,49.423736],[-69.570675,49.42366],[-69.570827,49.423743],[-69.571078,49.424038],[-69.571124,49.424244],[-69.571296,49.424572],[-69.571383,49.424944],[-69.571523,49.425191],[-69.571592,49.425926],[-69.571623,49.427104],[-69.571784,49.427708],[-69.571807,49.429015],[-69.571579,49.42938],[-69.571467,49.429818],[-69.571347,49.429973],[-69.571256,49.430236],[-69.571196,49.430837],[-69.571062,49.431199],[-69.571124,49.433866],[-69.571398,49.434264],[-69.571877,49.434512],[-69.57227,49.434623],[-69.573678,49.434764],[-69.573963,49.434626],[-69.574285,49.434228],[-69.574748,49.433801],[-69.574912,49.433721],[-69.575202,49.433717],[-69.576227,49.434084],[-69.576486,49.434325],[-69.576694,49.434634],[-69.576918,49.43477],[-69.57732,49.434911],[-69.577973,49.435046],[-69.579556,49.435246],[-69.579864,49.435328],[-69.581118,49.435405],[-69.583393,49.435951],[-69.583556,49.435928],[-69.583632,49.435855],[-69.583747,49.435557],[-69.583753,49.435149],[-69.58387,49.435068],[-69.585223,49.435055],[-69.585829,49.435143],[-69.587458,49.435199],[-69.589373,49.435439],[-69.589653,49.435408],[-69.590072,49.43512],[-69.590116,49.434988],[-69.590096,49.434235],[-69.589954,49.43396],[-69.589648,49.433747],[-69.589025,49.43351],[-69.588742,49.433327],[-69.588648,49.433203],[-69.588555,49.432598],[-69.588524,49.431749],[-69.588438,49.431567],[-69.588298,49.4309],[-69.588112,49.43054],[-69.58809,49.430216],[-69.588022,49.430019],[-69.587737,49.429498],[-69.587643,49.429411],[-69.586296,49.429043],[-69.585617,49.428594],[-69.583865,49.427233],[-69.582892,49.426809],[-69.582308,49.426824],[-69.581692,49.427246],[-69.581417,49.427517],[-69.581238,49.427602],[-69.580617,49.427681],[-69.580039,49.427839],[-69.578981,49.427853],[-69.578779,49.427811],[-69.578758,49.427609],[-69.57894,49.427212],[-69.579348,49.426641],[-69.57947,49.426342],[-69.579617,49.426173],[-69.579752,49.425876],[-69.579743,49.424718],[-69.579809,49.424268],[-69.580165,49.423698],[-69.580749,49.42324],[-69.581058,49.422889],[-69.581539,49.422489],[-69.581648,49.422328],[-69.581926,49.422145],[-69.583931,49.421273],[-69.584326,49.420864],[-69.584623,49.420647],[-69.585467,49.419861],[-69.58562,49.419648],[-69.585685,49.419406],[-69.585673,49.418949],[-69.585332,49.418521],[-69.585298,49.418401],[-69.585482,49.418234],[-69.585529,49.418124],[-69.585519,49.417897],[-69.585404,49.417565],[-69.585395,49.417112],[-69.585456,49.416905],[-69.585816,49.416582],[-69.586086,49.416439],[-69.58638,49.416061],[-69.586567,49.415921],[-69.586944,49.41575],[-69.58744,49.415623],[-69.587657,49.415478],[-69.587788,49.415278],[-69.587833,49.414941],[-69.588048,49.414441],[-69.588266,49.414366],[-69.588493,49.414148],[-69.588744,49.414081],[-69.589238,49.41383],[-69.589593,49.413249],[-69.589637,49.413039],[-69.589833,49.412598],[-69.590045,49.412356],[-69.59156,49.411297],[-69.591989,49.411066],[-69.59256,49.410867],[-69.593106,49.410328],[-69.593383,49.409743],[-69.59339,49.408462],[-69.593155,49.407846],[-69.593171,49.407501],[-69.593405,49.407368],[-69.594286,49.407353],[-69.595476,49.407536],[-69.596292,49.40753],[-69.596432,49.407474],[-69.596449,49.407309],[-69.596392,49.407032],[-69.596069,49.40666],[-69.595254,49.406116],[-69.594919,49.405822],[-69.594677,49.405273],[-69.594737,49.404969],[-69.594897,49.404783],[-69.595067,49.404677],[-69.595513,49.404555],[-69.596257,49.404555],[-69.59712,49.405029],[-69.598178,49.405796],[-69.599082,49.405975],[-69.599914,49.405848],[-69.600079,49.405754],[-69.600095,49.404946],[-69.601007,49.40432],[-69.601591,49.404091],[-69.601985,49.403852],[-69.602788,49.403575],[-69.60302,49.403415],[-69.60329,49.403087],[-69.603832,49.402847],[-69.60399,49.402691],[-69.604519,49.402499],[-69.604833,49.402488],[-69.604983,49.402534],[-69.605083,49.402692],[-69.60511,49.403399],[-69.605064,49.403505],[-69.604882,49.403674],[-69.604765,49.40417],[-69.604395,49.404565],[-69.6043,49.404876],[-69.603993,49.405216],[-69.603522,49.405376],[-69.603465,49.405633],[-69.603088,49.405835],[-69.602755,49.406126],[-69.602631,49.406322],[-69.60255,49.406604],[-69.602361,49.406861],[-69.602356,49.407242],[-69.60228,49.407473],[-69.602284,49.407951],[-69.602216,49.408152],[-69.602208,49.40843],[-69.602136,49.408597],[-69.602141,49.409046],[-69.601981,49.409371],[-69.601997,49.409811],[-69.60213,49.410002],[-69.602333,49.410178],[-69.602546,49.410602],[-69.602714,49.410755],[-69.602912,49.411062],[-69.603204,49.411267],[-69.603334,49.411439],[-69.603554,49.411603],[-69.603571,49.41185],[-69.603281,49.412152],[-69.603082,49.412289],[-69.602062,49.412698],[-69.601309,49.413139],[-69.60105,49.413472],[-69.600734,49.413768],[-69.600541,49.414059],[-69.60057,49.414502],[-69.600935,49.415075],[-69.601271,49.415319],[-69.601572,49.415393],[-69.602499,49.415392],[-69.603107,49.415441],[-69.603668,49.415544],[-69.604228,49.415537],[-69.604599,49.415435],[-69.60431,49.41603],[-69.603796,49.416802],[-69.602982,49.417611],[-69.602618,49.418156],[-69.601951,49.418987],[-69.601818,49.419436],[-69.601797,49.419841],[-69.601821,49.420039],[-69.601947,49.420321],[-69.602008,49.421023],[-69.601907,49.421559],[-69.601757,49.421802],[-69.60143,49.422119],[-69.600974,49.422321],[-69.600492,49.422339],[-69.600226,49.422289],[-69.59999,49.422155],[-69.599739,49.421894],[-69.599213,49.420953],[-69.59889,49.420519],[-69.598498,49.420112],[-69.597759,49.419818],[-69.596419,49.419862],[-69.596261,49.419904],[-69.595843,49.420153],[-69.595822,49.420315],[-69.595636,49.420548],[-69.595506,49.420889],[-69.595501,49.421167],[-69.595637,49.421914],[-69.595615,49.422525],[-69.595484,49.422834],[-69.595016,49.423279],[-69.594521,49.423549],[-69.594096,49.423671],[-69.592924,49.423654],[-69.592645,49.423555],[-69.592013,49.42346],[-69.590896,49.423451],[-69.590355,49.423627],[-69.589756,49.423964],[-69.589487,49.424366],[-69.589397,49.424734],[-69.589417,49.42513],[-69.589575,49.425545],[-69.589896,49.426087],[-69.590385,49.42646],[-69.5912,49.426935],[-69.592508,49.427798],[-69.592889,49.42817],[-69.593186,49.42859],[-69.593384,49.428972],[-69.593438,49.429892],[-69.594036,49.430899],[-69.59445,49.431842],[-69.59484,49.432367],[-69.595193,49.432684],[-69.595725,49.432967],[-69.596288,49.433097],[-69.596674,49.433091],[-69.598599,49.432711],[-69.599266,49.432714],[-69.59954,49.432807],[-69.599771,49.432978],[-69.600198,49.43418],[-69.600503,49.434839],[-69.600801,49.435277],[-69.600797,49.435372],[-69.60093,49.435518],[-69.600929,49.435672],[-69.600436,49.436274],[-69.599205,49.437203],[-69.598853,49.437623],[-69.598681,49.437936],[-69.59855,49.438349],[-69.598625,49.438745],[-69.598787,49.438926],[-69.599194,49.439307],[-69.599782,49.439572],[-69.600249,49.439657],[-69.60236,49.439684],[-69.603244,49.439976],[-69.603652,49.440182],[-69.604122,49.440589],[-69.604264,49.440863],[-69.604274,49.441146],[-69.604152,49.441362],[-69.603882,49.441627],[-69.603417,49.442242],[-69.602896,49.442762],[-69.602684,49.44303],[-69.602613,49.443225],[-69.602341,49.443538],[-69.601757,49.444059],[-69.601,49.444608],[-69.60062,49.44501],[-69.600366,49.44535],[-69.599764,49.446729],[-69.599621,49.446855],[-69.59919,49.447435],[-69.598805,49.447748],[-69.598265,49.448593],[-69.597845,49.448963],[-69.597208,49.44983],[-69.597009,49.450171],[-69.597183,49.450373],[-69.597223,49.450517],[-69.597192,49.451467],[-69.597279,49.451841],[-69.597289,49.452157],[-69.597229,49.452447],[-69.597061,49.45265],[-69.59671,49.452911],[-69.59528,49.454271],[-69.594178,49.454851],[-69.593824,49.455171],[-69.593605,49.45527],[-69.593109,49.455789],[-69.59264,49.455973],[-69.591774,49.45655],[-69.590695,49.457459],[-69.58989,49.458247],[-69.589308,49.458633],[-69.587051,49.459926],[-69.586744,49.46],[-69.58609,49.4603],[-69.585311,49.460828],[-69.584254,49.461077],[-69.583699,49.461315],[-69.58263,49.461622],[-69.582184,49.46187],[-69.58133,49.462538],[-69.580824,49.46301],[-69.580483,49.463529],[-69.58048,49.463727],[-69.580533,49.463835],[-69.580872,49.464162],[-69.58167,49.464555],[-69.582167,49.464954],[-69.582639,49.465033],[-69.58304,49.465162],[-69.583182,49.465277],[-69.583666,49.465491],[-69.584847,49.466252],[-69.585144,49.466335],[-69.585723,49.466606],[-69.587991,49.467951],[-69.588507,49.468314],[-69.589039,49.468578],[-69.590021,49.469279],[-69.590321,49.469397],[-69.59077,49.469824],[-69.591168,49.469949],[-69.591988,49.470337],[-69.592326,49.470376],[-69.592741,49.470667],[-69.59324,49.470837],[-69.594625,49.471653],[-69.596221,49.472762],[-69.596518,49.472837],[-69.596917,49.473199],[-69.597513,49.473381],[-69.597649,49.473535],[-69.597587,49.473715],[-69.597472,49.473797],[-69.597519,49.47394],[-69.597724,49.474],[-69.598091,49.473879],[-69.598256,49.473908],[-69.59897,49.474237],[-69.599757,49.475089],[-69.60008,49.475248],[-69.600349,49.475645],[-69.600851,49.476143],[-69.601573,49.476653],[-69.602051,49.476944],[-69.602704,49.477135],[-69.603416,49.477483],[-69.604579,49.478199],[-69.604825,49.478422],[-69.606011,49.478932],[-69.606301,49.479135],[-69.60675,49.479561],[-69.60729,49.479876],[-69.608032,49.480426],[-69.60898,49.480885],[-69.609425,49.481255],[-69.609999,49.481538],[-69.610299,49.481599],[-69.611494,49.482311],[-69.611651,49.482531],[-69.612291,49.483039],[-69.612865,49.483431],[-69.613625,49.484038],[-69.614092,49.484295],[-69.614769,49.484783],[-69.615123,49.485156],[-69.615546,49.485465],[-69.61617,49.486036],[-69.617232,49.486523],[-69.617669,49.486781],[-69.617862,49.487137],[-69.618244,49.487365],[-69.619209,49.48782],[-69.619958,49.488268],[-69.620696,49.488907],[-69.621564,49.489941],[-69.621682,49.490413],[-69.621923,49.490846],[-69.622421,49.491569],[-69.622929,49.492029],[-69.622949,49.492149],[-69.623187,49.492397],[-69.623335,49.492652],[-69.623321,49.49291],[-69.623505,49.493157],[-69.623449,49.493492],[-69.623758,49.49398],[-69.62407,49.494288],[-69.624727,49.494635],[-69.625649,49.494983],[-69.627136,49.495795],[-69.627979,49.496137],[-69.628612,49.496607],[-69.628772,49.496637],[-69.629146,49.496854],[-69.630149,49.497303],[-69.63046,49.497521],[-69.630621,49.497755],[-69.630758,49.497819],[-69.631341,49.497905],[-69.632494,49.498313],[-69.633145,49.498727],[-69.633679,49.498947],[-69.634633,49.499181],[-69.635585,49.49957],[-69.636162,49.499865],[-69.636615,49.500003],[-69.637395,49.500395],[-69.637813,49.500493],[-69.638394,49.500714],[-69.638643,49.50089],[-69.639,49.500936],[-69.639412,49.501071],[-69.639829,49.501317],[-69.640136,49.501576],[-69.641011,49.502077],[-69.642095,49.502463],[-69.642599,49.502583],[-69.644294,49.503231],[-69.645414,49.503755],[-69.646073,49.503969],[-69.646867,49.504377],[-69.647535,49.504823],[-69.648343,49.505259],[-69.647847,49.505272],[-69.647705,49.505361],[-69.647699,49.506215],[-69.64793,49.50661],[-69.647968,49.506762],[-69.648355,49.507301],[-69.648518,49.507676],[-69.648681,49.50772],[-69.649043,49.507716],[-69.649337,49.507635],[-69.6496,49.50762],[-69.650255,49.507652],[-69.650995,49.507792],[-69.651299,49.507783],[-69.651376,49.507697],[-69.651365,49.507117],[-69.651504,49.507031],[-69.651842,49.507033],[-69.652968,49.507268],[-69.653764,49.507604],[-69.654211,49.507908],[-69.654383,49.508101],[-69.654796,49.508389],[-69.654953,49.50869],[-69.655131,49.508779],[-69.655143,49.508915],[-69.654934,49.509014],[-69.655111,49.509092],[-69.655438,49.509386],[-69.656031,49.509573],[-69.656308,49.509836],[-69.65623,49.51]],[[-69.414052,49.348467],[-69.4143,49.348657],[-69.414805,49.348847],[-69.415117,49.34906],[-69.41565,49.349263],[-69.415964,49.349269],[-69.416898,49.349454],[-69.41686,49.34935],[-69.417161,49.349412],[-69.41745,49.349397],[-69.417574,49.349371],[-69.417798,49.349229],[-69.417816,49.34904],[-69.417641,49.348859],[-69.417135,49.348674],[-69.416778,49.34868],[-69.416487,49.348811],[-69.416232,49.348837],[-69.415637,49.348776],[-69.415196,49.348629],[-69.414901,49.348675],[-69.414267,49.348443],[-69.41391,49.348239],[-69.413191,49.347957],[-69.412944,49.347745],[-69.412779,49.347752],[-69.412667,49.347823],[-69.413361,49.348131],[-69.413633,49.348336],[-69.414052,49.348467]],[[-69.430727,49.34851],[-69.431231,49.348652],[-69.431295,49.348851],[-69.431516,49.348826],[-69.431518,49.348736],[-69.431339,49.348598],[-69.431482,49.348475],[-69.431542,49.348338],[-69.431802,49.34829],[-69.432023,49.348336],[-69.432326,49.348276],[-69.432344,49.348096],[-69.431983,49.347598],[-69.431606,49.347217],[-69.430651,49.346822],[-69.430077,49.346858],[-69.429703,49.346741],[-69.429335,49.346713],[-69.428858,49.346566],[-69.428622,49.346443],[-69.428309,49.346398],[-69.428036,49.346304],[-69.427804,49.346121],[-69.427208,49.345793],[-69.427004,49.345565],[-69.426396,49.345177],[-69.425934,49.344728],[-69.425122,49.344108],[-69.424789,49.34372],[-69.424694,49.343504],[-69.424621,49.343097],[-69.424162,49.342994],[-69.423665,49.342773],[-69.423447,49.342842],[-69.422741,49.342854],[-69.422699,49.34289],[-69.422553,49.343257],[-69.422475,49.343661],[-69.422365,49.343696],[-69.422308,49.343785],[-69.422345,49.343966],[-69.422586,49.344292],[-69.422981,49.344484],[-69.423776,49.344517],[-69.424303,49.344702],[-69.425596,49.345533],[-69.426101,49.345925],[-69.427242,49.34661],[-69.427777,49.346824],[-69.428289,49.347204],[-69.429262,49.347765],[-69.430395,49.348501],[-69.430727,49.34851]],[[-69.458945,49.344436],[-69.459205,49.344359],[-69.459298,49.344453],[-69.459397,49.344443],[-69.460535,49.344145],[-69.461595,49.344007],[-69.462496,49.343685],[-69.462619,49.34356],[-69.462896,49.342895],[-69.462588,49.340701],[-69.462706,49.339967],[-69.461498,49.339013],[-69.461314,49.33902],[-69.460526,49.339246],[-69.460374,49.339343],[-69.460145,49.33905],[-69.460083,49.338754],[-69.459919,49.338708],[-69.459345,49.339179],[-69.459268,49.339592],[-69.459307,49.33968],[-69.459277,49.340171],[-69.458554,49.340161],[-69.458193,49.340308],[-69.45762,49.340309],[-69.457162,49.340529],[-69.456725,49.340573],[-69.456699,49.340987],[-69.456743,49.341125],[-69.456944,49.341371],[-69.457103,49.342396],[-69.457535,49.342916],[-69.457836,49.34336],[-69.457931,49.343591],[-69.458697,49.344443],[-69.458945,49.344436]],[[-69.41866,49.341315],[-69.418689,49.341228],[-69.418777,49.341198],[-69.419654,49.341171],[-69.419785,49.340848],[-69.419817,49.340615],[-69.419394,49.340118],[-69.419081,49.339655],[-69.418591,49.339425],[-69.418205,49.339431],[-69.418062,49.339672],[-69.418145,49.33997],[-69.418065,49.340059],[-69.417235,49.339736],[-69.416925,49.339757],[-69.416701,49.339642],[-69.41648,49.339648],[-69.416629,49.339785],[-69.417367,49.340229],[-69.417514,49.340827],[-69.417712,49.341216],[-69.418438,49.341366],[-69.41866,49.341315]],[[-69.444246,49.339227],[-69.445375,49.33881],[-69.446622,49.338865],[-69.447669,49.338624],[-69.449113,49.33853],[-69.449225,49.338499],[-69.449228,49.338448],[-69.448836,49.337763],[-69.447865,49.336967],[-69.446939,49.33569],[-69.445943,49.334482],[-69.443922,49.333868],[-69.443483,49.333825],[-69.443006,49.33359],[-69.442156,49.333672],[-69.44184,49.333588],[-69.441576,49.333434],[-69.440741,49.33267],[-69.44009,49.33226],[-69.440085,49.332466],[-69.440182,49.332773],[-69.440198,49.332998],[-69.440305,49.333088],[-69.440309,49.333304],[-69.440175,49.33342],[-69.440223,49.333503],[-69.440188,49.333598],[-69.440065,49.333612],[-69.439651,49.333479],[-69.439221,49.333601],[-69.438998,49.333769],[-69.438982,49.333859],[-69.439069,49.33431],[-69.439609,49.33543],[-69.440029,49.335996],[-69.440074,49.33618],[-69.440747,49.336897],[-69.441569,49.337678],[-69.442301,49.338215],[-69.442873,49.338517],[-69.443172,49.338664],[-69.443783,49.338842],[-69.444246,49.339227]],[[-69.414299,49.338702],[-69.41429,49.337883],[-69.414267,49.337658],[-69.414122,49.337415],[-69.414154,49.337172],[-69.413913,49.337134],[-69.413211,49.336866],[-69.412923,49.336836],[-69.412396,49.337002],[-69.413443,49.337566],[-69.413599,49.337835],[-69.413375,49.33818],[-69.41337,49.338387],[-69.413612,49.338659],[-69.413952,49.338833],[-69.414243,49.338764],[-69.414299,49.338702]],[[-69.420453,49.338606],[-69.420623,49.338418],[-69.42089,49.338245],[-69.421249,49.338296],[-69.421572,49.33841],[-69.421848,49.338359],[-69.422113,49.33819],[-69.422122,49.338063],[-69.422306,49.337919],[-69.42289,49.337901],[-69.422292,49.33696],[-69.421543,49.336557],[-69.421148,49.33648],[-69.420487,49.33616],[-69.420048,49.335857],[-69.419864,49.335639],[-69.419944,49.335445],[-69.419857,49.335031],[-69.419302,49.334621],[-69.418144,49.334089],[-69.417652,49.333913],[-69.417267,49.333883],[-69.416862,49.334027],[-69.416375,49.333784],[-69.416682,49.334219],[-69.417801,49.335275],[-69.418013,49.335634],[-69.418202,49.335843],[-69.418448,49.336037],[-69.418686,49.336324],[-69.419133,49.336557],[-69.41932,49.336723],[-69.419523,49.337096],[-69.419891,49.33747],[-69.420051,49.337946],[-69.420035,49.338105],[-69.419866,49.338385],[-69.419847,49.338601],[-69.420148,49.338703],[-69.420453,49.338606]],[[-69.413505,49.333523],[-69.413435,49.333412],[-69.413411,49.333224],[-69.413527,49.332869],[-69.414102,49.332924],[-69.414381,49.333091],[-69.414099,49.332783],[-69.413713,49.332742],[-69.413324,49.33238],[-69.413133,49.332315],[-69.412788,49.33233],[-69.412497,49.332453],[-69.412342,49.332613],[-69.412133,49.332701],[-69.412048,49.332808],[-69.412176,49.333277],[-69.412524,49.333712],[-69.412875,49.333904],[-69.413087,49.33414],[-69.413256,49.334537],[-69.413271,49.334697],[-69.413264,49.335023],[-69.413108,49.335291],[-69.413563,49.33588],[-69.413506,49.335501],[-69.413532,49.335326],[-69.413628,49.335175],[-69.413872,49.334966],[-69.413876,49.334795],[-69.41375,49.334281],[-69.413536,49.333826],[-69.413505,49.333523]],[[-69.513195,49.333149],[-69.512667,49.333235],[-69.512333,49.333439],[-69.51208,49.3337],[-69.511527,49.333846],[-69.511537,49.334017],[-69.51174,49.334189],[-69.511864,49.334209],[-69.512049,49.334124],[-69.512291,49.334167],[-69.512397,49.334082],[-69.512641,49.334038],[-69.513418,49.334049],[-69.513385,49.334518],[-69.513544,49.334834],[-69.513747,49.335007],[-69.513829,49.335026],[-69.513925,49.335026],[-69.514189,49.334903],[-69.514788,49.334521],[-69.514831,49.33445],[-69.51482,49.333709],[-69.515011,49.33303],[-69.515061,49.332599],[-69.514759,49.332525],[-69.514138,49.332475],[-69.513843,49.332265],[-69.513542,49.332172],[-69.512923,49.332122],[-69.51277,49.332238],[-69.512783,49.332274],[-69.512849,49.332391],[-69.513195,49.332674],[-69.513248,49.33292],[-69.513195,49.333149]],[[-69.520995,49.340698],[-69.521189,49.340646],[-69.521398,49.340548],[-69.521762,49.340237],[-69.521754,49.339931],[-69.521661,49.339768],[-69.521511,49.339722],[-69.521207,49.339755],[-69.52037,49.340333],[-69.52038,49.340486],[-69.52057,49.34064],[-69.520995,49.340698]],[[-69.50845,49.345204],[-69.508586,49.345322],[-69.509224,49.345732],[-69.509692,49.345736],[-69.510054,49.345524],[-69.510324,49.345121],[-69.510369,49.344915],[-69.510234,49.344788],[-69.509276,49.344546],[-69.508885,49.344785],[-69.508811,49.344941],[-69.508592,49.345008],[-69.508451,49.34515],[-69.50845,49.345204]],[[-69.52317,49.345545],[-69.523097,49.345752],[-69.523269,49.346131],[-69.523654,49.346125],[-69.52371,49.346089],[-69.523755,49.345954],[-69.523828,49.345914],[-69.524483,49.345956],[-69.52464,49.346403],[-69.524735,49.346467],[-69.52494,49.34646],[-69.525076,49.346507],[-69.525147,49.346563],[-69.525198,49.346714],[-69.525281,49.346705],[-69.525408,49.346531],[-69.525519,49.3465],[-69.525493,49.34641],[-69.525155,49.346093],[-69.524706,49.345819],[-69.524271,49.345786],[-69.524132,49.345652],[-69.523845,49.345533],[-69.52317,49.345545]],[[-69.469926,49.347169],[-69.468908,49.347169],[-69.468822,49.347348],[-69.46883,49.347525],[-69.468748,49.347563],[-69.468705,49.347671],[-69.468973,49.348006],[-69.46955,49.348047],[-69.469898,49.347853],[-69.470124,49.347567],[-69.470184,49.347334],[-69.469926,49.347169]],[[-69.447491,49.347183],[-69.447454,49.346985],[-69.44702,49.346684],[-69.446697,49.346594],[-69.446405,49.346436],[-69.44557,49.346257],[-69.444804,49.346284],[-69.443553,49.345969],[-69.443619,49.346069],[-69.445335,49.346948],[-69.446865,49.347474],[-69.44728,49.347379],[-69.447491,49.347183]],[[-69.436611,49.34747],[-69.436562,49.347191],[-69.436045,49.346898],[-69.435704,49.346778],[-69.43547,49.346758],[-69.434919,49.346789],[-69.434668,49.346904],[-69.435389,49.347114],[-69.435733,49.347336],[-69.436252,49.347507],[-69.436611,49.34747]],[[-69.505169,49.3455],[-69.505295,49.345357],[-69.505299,49.345186],[-69.504827,49.34538],[-69.504644,49.345585],[-69.504683,49.345666],[-69.505169,49.3455]],[[-69.409897,49.350486],[-69.409771,49.350556],[-69.409684,49.350744],[-69.409683,49.350798],[-69.409941,49.350951],[-69.410063,49.351115],[-69.410009,49.351356],[-69.40986,49.351366],[-69.409316,49.351236],[-69.409301,49.35128],[-69.409696,49.351491],[-69.410114,49.351632],[-69.410295,49.351766],[-69.411317,49.352253],[-69.411617,49.352381],[-69.412217,49.352496],[-69.412477,49.352677],[-69.412915,49.352785],[-69.413379,49.352973],[-69.413903,49.352969],[-69.414276,49.352883],[-69.414556,49.35267],[-69.414608,49.352556],[-69.414752,49.352519],[-69.414361,49.352182],[-69.412653,49.351386],[-69.412073,49.351037],[-69.411719,49.350945],[-69.410628,49.350385],[-69.410342,49.350274],[-69.410259,49.350291],[-69.410039,49.350475],[-69.409897,49.350486]],[[-69.520712,49.353618],[-69.520977,49.353413],[-69.521352,49.352709],[-69.521824,49.352359],[-69.521895,49.352279],[-69.521882,49.352234],[-69.52103,49.352683],[-69.5207,49.352799],[-69.520505,49.352951],[-69.520377,49.353138],[-69.520315,49.353498],[-69.520328,49.353534],[-69.520712,49.353618]],[[-69.526818,49.353885],[-69.526818,49.353921],[-69.527007,49.354164],[-69.527146,49.354533],[-69.527022,49.35475],[-69.527079,49.355015],[-69.527087,49.355449],[-69.52698,49.356135],[-69.52696,49.357187],[-69.527154,49.357283],[-69.527202,49.357486],[-69.527309,49.357639],[-69.527842,49.357815],[-69.528259,49.357611],[-69.528373,49.357405],[-69.528311,49.35714],[-69.528488,49.35696],[-69.528701,49.356834],[-69.529324,49.356694],[-69.529386,49.356308],[-69.528816,49.355866],[-69.528241,49.355066],[-69.527998,49.354869],[-69.527796,49.354595],[-69.527491,49.354495],[-69.527253,49.354269],[-69.52717,49.354115],[-69.527135,49.353861],[-69.526818,49.353885]],[[-69.545836,49.357074],[-69.546444,49.356953],[-69.546487,49.356891],[-69.546409,49.356806],[-69.546301,49.356512],[-69.546068,49.356474],[-69.546012,49.356527],[-69.545836,49.357074]],[[-69.443768,49.357444],[-69.443489,49.357308],[-69.442981,49.357232],[-69.442669,49.357248],[-69.442037,49.356926],[-69.441634,49.356869],[-69.441271,49.356703],[-69.440806,49.356591],[-69.440284,49.35659],[-69.439712,49.356513],[-69.4395,49.356424],[-69.439616,49.35623],[-69.43884,49.356079],[-69.438028,49.355849],[-69.437353,49.355604],[-69.437045,49.355433],[-69.436715,49.35543],[-69.436617,49.355492],[-69.436969,49.355757],[-69.437234,49.356235],[-69.437519,49.356426],[-69.437779,49.356509],[-69.438067,49.356539],[-69.438426,49.356507],[-69.438872,49.356616],[-69.439281,49.356808],[-69.439132,49.356945],[-69.439145,49.35699],[-69.439664,49.357192],[-69.440849,49.357525],[-69.44238,49.358228],[-69.442714,49.358465],[-69.443165,49.358924],[-69.443683,49.35918],[-69.443962,49.35926],[-69.444484,49.35955],[-69.445332,49.360124],[-69.445363,49.360209],[-69.445277,49.36058],[-69.445286,49.360823],[-69.445544,49.36096],[-69.446132,49.361147],[-69.4468,49.361485],[-69.446998,49.361864],[-69.447271,49.361983],[-69.447656,49.361995],[-69.448614,49.361869],[-69.44902,49.361954],[-69.449352,49.361894],[-69.44945,49.361823],[-69.449593,49.36151],[-69.449882,49.361327],[-69.450383,49.361319],[-69.450605,49.361249],[-69.450884,49.361063],[-69.450874,49.360883],[-69.450714,49.360814],[-69.450444,49.360411],[-69.450226,49.360301],[-69.449644,49.360192],[-69.448875,49.359722],[-69.448546,49.359665],[-69.448378,49.359803],[-69.44805,49.359501],[-69.447935,49.359246],[-69.447788,49.359074],[-69.447166,49.358846],[-69.446711,49.358534],[-69.445949,49.358113],[-69.444493,49.357716],[-69.444255,49.357522],[-69.444036,49.357448],[-69.443768,49.357444]],[[-69.530755,49.358421],[-69.530268,49.358366],[-69.530157,49.358401],[-69.530102,49.358436],[-69.530102,49.358687],[-69.529911,49.359001],[-69.529923,49.3591],[-69.530402,49.359248],[-69.530856,49.359297],[-69.531407,49.359287],[-69.531653,49.359357],[-69.531971,49.359297],[-69.532276,49.359174],[-69.532447,49.358948],[-69.532571,49.358897],[-69.532642,49.358772],[-69.532535,49.358591],[-69.531972,49.358431],[-69.531715,49.358306],[-69.531495,49.358286],[-69.530755,49.358421]],[[-69.534151,49.360003],[-69.533445,49.359921],[-69.533279,49.359991],[-69.533263,49.360099],[-69.533398,49.360244],[-69.533878,49.360312],[-69.534042,49.360384],[-69.535031,49.360519],[-69.535733,49.360507],[-69.535925,49.360553],[-69.53605,49.360509],[-69.53569,49.359922],[-69.535375,49.359829],[-69.534151,49.360003]],[[-69.408769,49.362255],[-69.4087,49.362282],[-69.408584,49.362563],[-69.408428,49.362738],[-69.408564,49.362802],[-69.408839,49.362831],[-69.409115,49.362789],[-69.409133,49.362609],[-69.40904,49.362456],[-69.408769,49.362255]],[[-69.404307,49.363526],[-69.404346,49.363643],[-69.404852,49.364009],[-69.40506,49.364333],[-69.405809,49.364928],[-69.406271,49.365613],[-69.406645,49.365988],[-69.406873,49.366362],[-69.406937,49.366519],[-69.406924,49.366677],[-69.406502,49.367009],[-69.406274,49.367348],[-69.406365,49.367592],[-69.407565,49.368125],[-69.407871,49.368002],[-69.408104,49.367801],[-69.408593,49.367703],[-69.408638,49.367542],[-69.408548,49.367263],[-69.408593,49.367101],[-69.40854,49.367028],[-69.40825,49.366927],[-69.408162,49.366656],[-69.40796,49.366447],[-69.407859,49.366192],[-69.407863,49.365844],[-69.407813,49.365654],[-69.407364,49.365098],[-69.407166,49.364727],[-69.407056,49.364397],[-69.406816,49.364035],[-69.406585,49.363871],[-69.406254,49.36396],[-69.404859,49.363477],[-69.404633,49.363505],[-69.404364,49.363464],[-69.404307,49.363526]],[[-69.435006,49.366987],[-69.434798,49.367057],[-69.434406,49.367979],[-69.434233,49.368157],[-69.433818,49.368442],[-69.433654,49.368787],[-69.433404,49.369095],[-69.433398,49.369365],[-69.433764,49.36962],[-69.434026,49.369631],[-69.434454,49.369563],[-69.43493,49.369217],[-69.435129,49.368913],[-69.4354,49.36835],[-69.435601,49.368108],[-69.436143,49.36725],[-69.436192,49.366881],[-69.436114,49.366692],[-69.435791,49.36695],[-69.435006,49.366987]],[[-69.47053,49.369683],[-69.470741,49.369899],[-69.470794,49.370216],[-69.470913,49.37046],[-69.471008,49.370542],[-69.471309,49.370634],[-69.471548,49.37054],[-69.472037,49.370455],[-69.4723,49.370441],[-69.472466,49.37049],[-69.472575,49.370682],[-69.472577,49.371257],[-69.472659,49.371294],[-69.473344,49.371453],[-69.473895,49.3713],[-69.474434,49.371346],[-69.474909,49.371278],[-69.475108,49.371351],[-69.475586,49.371349],[-69.475988,49.371458],[-69.477103,49.371433],[-69.477275,49.371497],[-69.47761,49.371758],[-69.478363,49.372464],[-69.478493,49.372658],[-69.478405,49.373737],[-69.478436,49.37393],[-69.478274,49.374104],[-69.47822,49.374372],[-69.478099,49.374588],[-69.478035,49.375001],[-69.477679,49.376203],[-69.477646,49.376511],[-69.477206,49.377791],[-69.477282,49.378106],[-69.47762,49.378185],[-69.477685,49.378342],[-69.477661,49.378424],[-69.47745,49.37862],[-69.477363,49.378835],[-69.4774,49.37906],[-69.477454,49.379088],[-69.477773,49.378762],[-69.478168,49.378564],[-69.47849,49.378297],[-69.478962,49.377712],[-69.479914,49.376904],[-69.480286,49.376829],[-69.481123,49.376782],[-69.481984,49.376868],[-69.482214,49.376974],[-69.482245,49.377206],[-69.482585,49.377407],[-69.482971,49.377392],[-69.483471,49.377199],[-69.483682,49.376949],[-69.48354,49.37674],[-69.48361,49.37657],[-69.483874,49.376197],[-69.484108,49.376031],[-69.484448,49.375903],[-69.484532,49.375814],[-69.48457,49.375526],[-69.484795,49.375115],[-69.484799,49.374872],[-69.484595,49.374596],[-69.484758,49.374363],[-69.485209,49.374534],[-69.485408,49.37477],[-69.486186,49.375137],[-69.486363,49.375322],[-69.486572,49.375742],[-69.486776,49.375852],[-69.487736,49.376105],[-69.488467,49.376667],[-69.488783,49.376733],[-69.489824,49.376337],[-69.489761,49.376031],[-69.489666,49.375949],[-69.488166,49.375234],[-69.485786,49.374231],[-69.484936,49.373614],[-69.484581,49.37344],[-69.483856,49.373209],[-69.482689,49.372921],[-69.482391,49.372792],[-69.48159,49.372691],[-69.480124,49.372052],[-69.479209,49.371487],[-69.47887,49.371359],[-69.47842,49.371057],[-69.477711,49.370718],[-69.477203,49.370633],[-69.476707,49.37065],[-69.476038,49.37038],[-69.4755,49.370258],[-69.474737,49.369334],[-69.474186,49.369109],[-69.47369,49.368722],[-69.472231,49.368101],[-69.471617,49.36775],[-69.471055,49.36762],[-69.470694,49.367617],[-69.470247,49.367397],[-69.469538,49.367431],[-69.469327,49.367307],[-69.469244,49.367307],[-69.469201,49.367369],[-69.469224,49.367594],[-69.46944,49.367721],[-69.469944,49.368192],[-69.470152,49.368682],[-69.470469,49.369125],[-69.47053,49.369683]],[[-69.498824,49.372593],[-69.499485,49.372608],[-69.499858,49.372539],[-69.499729,49.37236],[-69.49975,49.37231],[-69.500001,49.372316],[-69.500362,49.372423],[-69.501572,49.37319],[-69.501566,49.373263],[-69.500998,49.373359],[-69.500952,49.373583],[-69.501033,49.373674],[-69.501239,49.373729],[-69.501859,49.373681],[-69.502055,49.37353],[-69.50198,49.373327],[-69.502173,49.373279],[-69.502491,49.373303],[-69.502564,49.37357],[-69.502851,49.373602],[-69.50282,49.373851],[-69.503141,49.374351],[-69.503289,49.375159],[-69.503496,49.375835],[-69.503683,49.376115],[-69.503944,49.376163],[-69.504343,49.376157],[-69.504443,49.375978],[-69.504186,49.375193],[-69.504165,49.374735],[-69.504107,49.37456],[-69.50428,49.374533],[-69.504444,49.374575],[-69.504556,49.374504],[-69.504587,49.374307],[-69.504542,49.37408],[-69.504558,49.373722],[-69.504303,49.373563],[-69.504252,49.373153],[-69.504011,49.372854],[-69.503751,49.372753],[-69.503407,49.37275],[-69.503348,49.372929],[-69.503399,49.373119],[-69.503978,49.373345],[-69.504191,49.373489],[-69.503953,49.373654],[-69.504095,49.374141],[-69.503915,49.374274],[-69.503837,49.374189],[-69.503815,49.373662],[-69.503449,49.373563],[-69.502996,49.373322],[-69.502612,49.373186],[-69.502494,49.372967],[-69.502035,49.372891],[-69.501881,49.372749],[-69.502143,49.372595],[-69.501615,49.372123],[-69.501285,49.372129],[-69.501153,49.37241],[-69.500875,49.372463],[-69.500777,49.372026],[-69.500383,49.372087],[-69.500125,49.371932],[-69.500067,49.371741],[-69.499713,49.371787],[-69.499521,49.371711],[-69.49952,49.371662],[-69.499657,49.371603],[-69.499686,49.37154],[-69.499607,49.371341],[-69.499155,49.371291],[-69.498896,49.371074],[-69.498246,49.370964],[-69.498033,49.370887],[-69.497922,49.370904],[-69.497754,49.371064],[-69.498272,49.37177],[-69.498417,49.372275],[-69.498524,49.372447],[-69.498824,49.372593]],[[-69.509361,49.376632],[-69.509219,49.376802],[-69.509213,49.37702],[-69.509102,49.377262],[-69.509115,49.377424],[-69.509327,49.377533],[-69.509417,49.377629],[-69.509435,49.377748],[-69.509196,49.377952],[-69.50859,49.377992],[-69.508602,49.378037],[-69.508077,49.378123],[-69.507735,49.378003],[-69.507532,49.377857],[-69.507414,49.378234],[-69.507643,49.379144],[-69.507825,49.37902],[-69.508022,49.378797],[-69.508301,49.378654],[-69.509242,49.378429],[-69.509507,49.378284],[-69.509866,49.378183],[-69.510256,49.378007],[-69.510373,49.37763],[-69.510323,49.377414],[-69.510107,49.377217],[-69.510022,49.377055],[-69.510081,49.376815],[-69.510295,49.376732],[-69.510679,49.376814],[-69.510794,49.376581],[-69.510529,49.376555],[-69.510218,49.37645],[-69.509623,49.376545],[-69.509361,49.376632]],[[-69.486844,49.37926],[-69.486409,49.379652],[-69.486606,49.379794],[-69.486973,49.380332],[-69.487078,49.38062],[-69.487413,49.381046],[-69.487851,49.381399],[-69.488102,49.381735],[-69.488183,49.381781],[-69.489018,49.382058],[-69.489349,49.382034],[-69.489559,49.381865],[-69.489308,49.381452],[-69.489415,49.38083],[-69.489323,49.380613],[-69.488761,49.380409],[-69.488579,49.380243],[-69.48844,49.380003],[-69.487964,49.379702],[-69.487025,49.37924],[-69.486844,49.37926]],[[-69.545597,49.379401],[-69.545124,49.379649],[-69.544784,49.380104],[-69.544834,49.380402],[-69.545054,49.380703],[-69.544769,49.380896],[-69.544906,49.380951],[-69.545037,49.380888],[-69.545166,49.380891],[-69.545358,49.381044],[-69.545815,49.380958],[-69.545996,49.380852],[-69.546202,49.380603],[-69.546458,49.380469],[-69.546556,49.380353],[-69.546766,49.379903],[-69.547512,49.379345],[-69.547543,49.379174],[-69.547463,49.379065],[-69.547163,49.378883],[-69.546346,49.37911],[-69.545597,49.379401]],[[-69.502796,49.381162],[-69.502465,49.381168],[-69.50234,49.381221],[-69.502366,49.381329],[-69.502651,49.381716],[-69.502712,49.381925],[-69.503041,49.381991],[-69.503372,49.381949],[-69.503389,49.381805],[-69.503042,49.381519],[-69.502796,49.381162]],[[-69.483425,49.386119],[-69.483806,49.386024],[-69.48403,49.38616],[-69.484454,49.386317],[-69.48485,49.386336],[-69.484834,49.386406],[-69.4846,49.386543],[-69.484556,49.386695],[-69.48458,49.386866],[-69.48474,49.38711],[-69.48511,49.387204],[-69.485492,49.387245],[-69.48581,49.387354],[-69.486423,49.387404],[-69.487292,49.387627],[-69.488212,49.387743],[-69.48992,49.38766],[-69.490667,49.387712],[-69.493412,49.388778],[-69.493905,49.388899],[-69.494348,49.388908],[-69.495403,49.389092],[-69.495541,49.389093],[-69.495881,49.388843],[-69.496901,49.388301],[-69.497308,49.388227],[-69.498238,49.387903],[-69.498309,49.387786],[-69.498296,49.387714],[-69.498049,49.387667],[-69.497563,49.38788],[-69.496845,49.387945],[-69.496532,49.388169],[-69.49619,49.388301],[-69.495655,49.388181],[-69.494991,49.387686],[-69.494116,49.387363],[-69.493745,49.387333],[-69.493452,49.387511],[-69.493206,49.387567],[-69.492752,49.387511],[-69.492479,49.387272],[-69.492307,49.386889],[-69.491229,49.386394],[-69.490715,49.385958],[-69.490161,49.385961],[-69.488956,49.385718],[-69.487035,49.385706],[-69.486714,49.385588],[-69.486251,49.385334],[-69.485881,49.385241],[-69.485474,49.385239],[-69.485263,49.38511],[-69.484769,49.385001],[-69.484349,49.384688],[-69.483418,49.384633],[-69.483113,49.384542],[-69.48142,49.384464],[-69.481419,49.384518],[-69.481487,49.384555],[-69.481815,49.384675],[-69.482211,49.384749],[-69.482236,49.384957],[-69.482883,49.38544],[-69.482952,49.385629],[-69.48309,49.385713],[-69.483166,49.385964],[-69.483328,49.3861],[-69.483425,49.386119]],[[-69.524654,49.387436],[-69.52448,49.387724],[-69.523897,49.388095],[-69.523825,49.388292],[-69.523773,49.388699],[-69.52362,49.388923],[-69.523011,49.389127],[-69.522319,49.389206],[-69.522236,49.389443],[-69.52179,49.389441],[-69.521554,49.389351],[-69.521307,49.389096],[-69.521278,49.388909],[-69.521158,49.388711],[-69.52079,49.388501],[-69.520418,49.388488],[-69.520373,49.388686],[-69.520476,49.389064],[-69.520627,49.389239],[-69.520662,49.38939],[-69.520989,49.389726],[-69.521048,49.390058],[-69.521241,49.390461],[-69.521147,49.390617],[-69.521142,49.390868],[-69.521242,49.391054],[-69.520861,49.391163],[-69.520763,49.391317],[-69.52092,49.391685],[-69.521304,49.391877],[-69.521429,49.392122],[-69.521415,49.392189],[-69.521115,49.392269],[-69.521009,49.392678],[-69.520698,49.392937],[-69.520514,49.392972],[-69.520233,49.392409],[-69.5205,49.392048],[-69.520605,49.391747],[-69.520357,49.391563],[-69.519723,49.391567],[-69.519571,49.39162],[-69.519259,49.39204],[-69.519227,49.392282],[-69.519274,49.392672],[-69.519214,49.392911],[-69.519277,49.393209],[-69.519445,49.393466],[-69.519475,49.393669],[-69.519632,49.393849],[-69.51966,49.394018],[-69.519356,49.394118],[-69.519284,49.394314],[-69.5192,49.394404],[-69.519,49.394541],[-69.518809,49.394581],[-69.518704,49.394905],[-69.518432,49.394935],[-69.518056,49.394849],[-69.517517,49.394426],[-69.516903,49.394222],[-69.516476,49.393921],[-69.516278,49.393712],[-69.516214,49.393469],[-69.51663,49.393321],[-69.516621,49.393051],[-69.516036,49.392687],[-69.515858,49.392631],[-69.514801,49.392442],[-69.514193,49.392436],[-69.513577,49.392369],[-69.512211,49.392438],[-69.511737,49.392547],[-69.510839,49.392271],[-69.510524,49.392064],[-69.510231,49.392232],[-69.509965,49.392473],[-69.50996,49.392707],[-69.510055,49.392806],[-69.510723,49.393237],[-69.510786,49.39346],[-69.510962,49.393597],[-69.511071,49.393669],[-69.51139,49.39374],[-69.511549,49.393853],[-69.511843,49.394157],[-69.511991,49.394487],[-69.512301,49.394822],[-69.51263,49.394906],[-69.512975,49.394918],[-69.513024,49.394999],[-69.513035,49.395235],[-69.512809,49.395618],[-69.512749,49.396069],[-69.512492,49.396316],[-69.51239,49.396594],[-69.512482,49.39682],[-69.512643,49.39697],[-69.512622,49.397397],[-69.512741,49.39764],[-69.512903,49.397804],[-69.513442,49.398046],[-69.513898,49.398414],[-69.514008,49.399018],[-69.514354,49.399233],[-69.514441,49.399453],[-69.514677,49.399614],[-69.514601,49.39974],[-69.51425,49.400027],[-69.513939,49.400438],[-69.513927,49.400628],[-69.513752,49.400814],[-69.513751,49.400868],[-69.513947,49.40105],[-69.514026,49.401464],[-69.513959,49.4015],[-69.513545,49.402067],[-69.512849,49.40256],[-69.512204,49.403112],[-69.512131,49.403324],[-69.512032,49.403435],[-69.511959,49.40365],[-69.511955,49.403865],[-69.512065,49.404559],[-69.512393,49.405344],[-69.512672,49.40566],[-69.512809,49.405923],[-69.51339,49.406513],[-69.514581,49.406832],[-69.514838,49.406924],[-69.515091,49.407091],[-69.515207,49.407283],[-69.51544,49.407503],[-69.515678,49.407881],[-69.51615,49.408335],[-69.516167,49.408488],[-69.515771,49.408736],[-69.515334,49.409218],[-69.5152,49.409711],[-69.515209,49.409927],[-69.515357,49.410126],[-69.515727,49.410228],[-69.516787,49.410032],[-69.517562,49.410118],[-69.518198,49.410034],[-69.518684,49.409831],[-69.518843,49.409871],[-69.519696,49.410919],[-69.519978,49.411027],[-69.519855,49.411244],[-69.519901,49.411483],[-69.519859,49.411609],[-69.519526,49.411861],[-69.519411,49.412076],[-69.51942,49.412328],[-69.519573,49.412554],[-69.519592,49.412671],[-69.519686,49.412807],[-69.519918,49.412944],[-69.520177,49.413063],[-69.52087,49.413249],[-69.521348,49.413528],[-69.521469,49.413778],[-69.521481,49.414021],[-69.521428,49.414296],[-69.521168,49.4148],[-69.519366,49.416437],[-69.519112,49.416732],[-69.518509,49.417733],[-69.518185,49.417892],[-69.517889,49.417935],[-69.517642,49.417897],[-69.517033,49.417538],[-69.516785,49.417305],[-69.515853,49.417037],[-69.515317,49.416969],[-69.514324,49.416979],[-69.513661,49.417072],[-69.513465,49.417223],[-69.513095,49.418077],[-69.512496,49.418789],[-69.512101,49.4194],[-69.511829,49.419727],[-69.511673,49.420018],[-69.511164,49.420576],[-69.511078,49.420764],[-69.511206,49.420777],[-69.511197,49.420839],[-69.510851,49.421059],[-69.510794,49.421148],[-69.510779,49.421211],[-69.510981,49.421405],[-69.510896,49.421554],[-69.510835,49.421841],[-69.511136,49.422299],[-69.511072,49.422418],[-69.511025,49.422706],[-69.511333,49.423131],[-69.51221,49.424042],[-69.512178,49.424242],[-69.511703,49.424645],[-69.511542,49.425075],[-69.511606,49.425363],[-69.51249,49.425857],[-69.512634,49.425993],[-69.512714,49.42621],[-69.512729,49.426419],[-69.512465,49.427196],[-69.512544,49.427386],[-69.51283,49.427532],[-69.513465,49.427502],[-69.513704,49.427261],[-69.513847,49.42701],[-69.51364,49.426879],[-69.513602,49.426768],[-69.513934,49.426586],[-69.514605,49.426361],[-69.515284,49.426332],[-69.516091,49.426481],[-69.516313,49.426447],[-69.516679,49.426251],[-69.516868,49.426222],[-69.517191,49.426357],[-69.517351,49.426654],[-69.517226,49.426845],[-69.516951,49.427115],[-69.516283,49.427251],[-69.515882,49.42727],[-69.515201,49.427552],[-69.515018,49.427767],[-69.515107,49.428115],[-69.515102,49.428361],[-69.515164,49.428411],[-69.51499,49.428554],[-69.514651,49.428704],[-69.513951,49.428902],[-69.51289,49.429089],[-69.512495,49.429112],[-69.512272,49.429227],[-69.51195,49.429485],[-69.511905,49.429664],[-69.511888,49.429844],[-69.512111,49.430422],[-69.512451,49.430658],[-69.512908,49.430762],[-69.513271,49.43098],[-69.514299,49.431264],[-69.514371,49.43139],[-69.514305,49.431672],[-69.514384,49.431898],[-69.514656,49.432044],[-69.515165,49.432102],[-69.516654,49.431694],[-69.517336,49.431797],[-69.51786,49.431784],[-69.518212,49.431652],[-69.518871,49.431648],[-69.518979,49.431685],[-69.519123,49.432004],[-69.519086,49.432549],[-69.519298,49.432974],[-69.519477,49.433194],[-69.519519,49.433423],[-69.519302,49.434571],[-69.519095,49.434869],[-69.519007,49.435111],[-69.519238,49.43513],[-69.519248,49.435292],[-69.519044,49.435537],[-69.518155,49.435947],[-69.51754,49.436006],[-69.517465,49.435934],[-69.517618,49.435612],[-69.517606,49.435549],[-69.517403,49.435359],[-69.517087,49.435302],[-69.516742,49.435308],[-69.516326,49.435403],[-69.51627,49.435457],[-69.516402,49.435764],[-69.516679,49.436086],[-69.516624,49.436386],[-69.516759,49.436531],[-69.516983,49.436657],[-69.517001,49.436839],[-69.51699,49.436896],[-69.516861,49.436964],[-69.516566,49.437284],[-69.515994,49.437532],[-69.515992,49.437649],[-69.516249,49.437892],[-69.51635,49.438077],[-69.516387,49.438339],[-69.516329,49.438561],[-69.516162,49.438744],[-69.515885,49.438825],[-69.515562,49.43883],[-69.515095,49.438351],[-69.514562,49.438122],[-69.514489,49.438008],[-69.514611,49.437754],[-69.514657,49.437511],[-69.514591,49.437376],[-69.513948,49.437137],[-69.513617,49.437125],[-69.51334,49.437176],[-69.513267,49.437416],[-69.512666,49.437764],[-69.5125,49.437942],[-69.512125,49.437966],[-69.51201,49.438199],[-69.511933,49.438576],[-69.512052,49.438838],[-69.512377,49.439129],[-69.512482,49.439017],[-69.512689,49.439003],[-69.512701,49.439049],[-69.512582,49.439211],[-69.512655,49.439517],[-69.512627,49.439693],[-69.512459,49.439832],[-69.511699,49.439852],[-69.511523,49.439948],[-69.511455,49.44006],[-69.511494,49.440179],[-69.511964,49.440615],[-69.512084,49.440804],[-69.512111,49.441335],[-69.51198,49.441717],[-69.511836,49.441877],[-69.511451,49.442111],[-69.511291,49.442654],[-69.511171,49.442868],[-69.511158,49.443095],[-69.510912,49.443437],[-69.510892,49.44362],[-69.510938,49.443799],[-69.511026,49.443902],[-69.511003,49.444247],[-69.510751,49.444673],[-69.510752,49.444934],[-69.510701,49.444959],[-69.5107,49.445049],[-69.511015,49.445157],[-69.511149,49.445332],[-69.511534,49.445496],[-69.511547,49.446118],[-69.511683,49.446236],[-69.511793,49.44621],[-69.512031,49.445901],[-69.512284,49.445827],[-69.512315,49.445604],[-69.512723,49.445716],[-69.512786,49.445754],[-69.5128,49.44585],[-69.51262,49.446185],[-69.512064,49.446455],[-69.511987,49.446697],[-69.51178,49.446857],[-69.511722,49.447024],[-69.511561,49.4472],[-69.511455,49.447277],[-69.511123,49.447319],[-69.510524,49.447602],[-69.510132,49.447904],[-69.510167,49.448237],[-69.51028,49.448421],[-69.510306,49.448616],[-69.510126,49.448857],[-69.510124,49.448974],[-69.510362,49.449504],[-69.510187,49.449955],[-69.510372,49.450608],[-69.510074,49.450772],[-69.509974,49.450933],[-69.509838,49.451543],[-69.509857,49.451673],[-69.509675,49.452081],[-69.50971,49.452424],[-69.510022,49.452669],[-69.510419,49.452843],[-69.510627,49.452837],[-69.511022,49.453046],[-69.511243,49.453012],[-69.512139,49.453047],[-69.51227,49.452425],[-69.512567,49.45234],[-69.513004,49.451912],[-69.513404,49.451853],[-69.513423,49.451601],[-69.513399,49.451421],[-69.513248,49.451122],[-69.513229,49.450965],[-69.513302,49.450764],[-69.512834,49.450207],[-69.51239,49.449488],[-69.512261,49.449458],[-69.512074,49.449308],[-69.51244,49.449039],[-69.512428,49.448958],[-69.511894,49.448054],[-69.511718,49.447858],[-69.511648,49.447583],[-69.511706,49.44747],[-69.512002,49.447488],[-69.512282,49.447284],[-69.513156,49.446329],[-69.513328,49.446007],[-69.51324,49.445583],[-69.512995,49.445429],[-69.512718,49.445443],[-69.512667,49.445309],[-69.512315,49.445262],[-69.512201,49.445161],[-69.511866,49.445292],[-69.511508,49.445204],[-69.511388,49.445118],[-69.511265,49.445119],[-69.510978,49.444989],[-69.510915,49.444947],[-69.510872,49.444787],[-69.510875,49.444668],[-69.511142,49.444536],[-69.511263,49.444243],[-69.511314,49.443788],[-69.511225,49.443696],[-69.511251,49.443222],[-69.511557,49.442565],[-69.511768,49.442345],[-69.511855,49.442174],[-69.512223,49.441934],[-69.512442,49.441011],[-69.512435,49.440864],[-69.512237,49.440628],[-69.512016,49.440523],[-69.511765,49.440262],[-69.511759,49.440155],[-69.512706,49.43992],[-69.512915,49.439782],[-69.513054,49.43946],[-69.513248,49.439262],[-69.513249,49.439195],[-69.51337,49.439137],[-69.513723,49.438747],[-69.514176,49.438386],[-69.514476,49.43831],[-69.514722,49.438347],[-69.515024,49.438496],[-69.51508,49.43872],[-69.514773,49.438627],[-69.514758,49.438672],[-69.515194,49.438928],[-69.51551,49.439002],[-69.515869,49.438987],[-69.516215,49.438882],[-69.516471,49.438525],[-69.516415,49.437681],[-69.516738,49.437286],[-69.516874,49.437286],[-69.517015,49.437522],[-69.517092,49.436935],[-69.51723,49.436627],[-69.51771,49.436566],[-69.517861,49.436338],[-69.518127,49.436183],[-69.518524,49.43606],[-69.518698,49.436116],[-69.518808,49.436099],[-69.519241,49.435824],[-69.519397,49.435636],[-69.519457,49.435394],[-69.519496,49.434781],[-69.519642,49.434397],[-69.519714,49.433969],[-69.519852,49.433554],[-69.519856,49.433338],[-69.519326,49.432507],[-69.519353,49.4323],[-69.519283,49.431652],[-69.519304,49.431301],[-69.518856,49.430734],[-69.518823,49.430515],[-69.518468,49.430128],[-69.518286,49.429818],[-69.517657,49.429552],[-69.517203,49.429503],[-69.515558,49.429747],[-69.515267,49.4297],[-69.515029,49.429462],[-69.515034,49.429238],[-69.515614,49.428986],[-69.515882,49.428664],[-69.515957,49.428479],[-69.51615,49.428352],[-69.516607,49.428242],[-69.517102,49.428324],[-69.517462,49.428273],[-69.517907,49.428052],[-69.517844,49.427888],[-69.518032,49.427746],[-69.518354,49.427971],[-69.518478,49.428183],[-69.518316,49.42828],[-69.518255,49.428389],[-69.517914,49.428403],[-69.517816,49.428474],[-69.517823,49.428842],[-69.517986,49.428961],[-69.51873,49.428949],[-69.519162,49.428746],[-69.519484,49.428506],[-69.519446,49.428299],[-69.519235,49.428159],[-69.519368,49.428091],[-69.519372,49.427867],[-69.519265,49.427695],[-69.519038,49.427475],[-69.519491,49.427436],[-69.519496,49.427202],[-69.519319,49.427057],[-69.518745,49.426895],[-69.518444,49.426707],[-69.51837,49.426275],[-69.518031,49.425985],[-69.517838,49.425974],[-69.51723,49.426097],[-69.516693,49.426069],[-69.516277,49.425439],[-69.516052,49.425254],[-69.515656,49.424693],[-69.515555,49.424469],[-69.515481,49.423903],[-69.515503,49.423481],[-69.515378,49.422832],[-69.51547,49.422766],[-69.515878,49.422666],[-69.516006,49.422488],[-69.516194,49.422048],[-69.516013,49.421676],[-69.516236,49.421288],[-69.516448,49.421061],[-69.515953,49.420536],[-69.515871,49.420283],[-69.515727,49.420051],[-69.515798,49.420004],[-69.516152,49.419971],[-69.517212,49.419359],[-69.517325,49.419226],[-69.517684,49.418492],[-69.51783,49.418292],[-69.518049,49.418171],[-69.518437,49.418084],[-69.518869,49.417836],[-69.51966,49.416638],[-69.519977,49.416289],[-69.520278,49.416139],[-69.520657,49.416073],[-69.52073,49.416096],[-69.520788,49.416323],[-69.520888,49.416117],[-69.52071,49.415914],[-69.520713,49.415825],[-69.520795,49.415698],[-69.521445,49.41516],[-69.521587,49.414963],[-69.521863,49.414255],[-69.521858,49.413796],[-69.52178,49.413544],[-69.521686,49.413444],[-69.521346,49.413208],[-69.520687,49.412969],[-69.520189,49.4127],[-69.519917,49.412495],[-69.519802,49.412336],[-69.519786,49.412104],[-69.519914,49.411851],[-69.520134,49.41169],[-69.520474,49.411755],[-69.52064,49.411961],[-69.521077,49.412153],[-69.521423,49.412111],[-69.521687,49.412006],[-69.521883,49.411845],[-69.521956,49.411639],[-69.52193,49.411576],[-69.521726,49.411421],[-69.521412,49.411291],[-69.521167,49.411102],[-69.520893,49.411046],[-69.520837,49.411081],[-69.520845,49.411245],[-69.52075,49.411292],[-69.520508,49.410961],[-69.520262,49.410741],[-69.519688,49.409974],[-69.519346,49.409758],[-69.51909,49.409529],[-69.519079,49.409294],[-69.519292,49.409063],[-69.519171,49.4089],[-69.518474,49.408633],[-69.517717,49.408475],[-69.516694,49.408037],[-69.516921,49.407908],[-69.51736,49.407832],[-69.517666,49.407664],[-69.517935,49.407325],[-69.51842,49.406546],[-69.518672,49.406297],[-69.518703,49.406126],[-69.518515,49.405864],[-69.518284,49.405709],[-69.518175,49.405645],[-69.517854,49.405634],[-69.517616,49.405525],[-69.517492,49.40537],[-69.517076,49.40507],[-69.517299,49.404654],[-69.517622,49.404248],[-69.517888,49.403998],[-69.518128,49.403855],[-69.518341,49.403542],[-69.518266,49.402746],[-69.518281,49.402393],[-69.518502,49.401682],[-69.518482,49.401294],[-69.518545,49.400918],[-69.518222,49.400511],[-69.517712,49.400309],[-69.517404,49.400117],[-69.516952,49.400064],[-69.51654,49.39993],[-69.517438,49.399785],[-69.517815,49.399509],[-69.518054,49.398879],[-69.518316,49.398578],[-69.518414,49.398283],[-69.518811,49.398089],[-69.519449,49.397953],[-69.519524,49.398112],[-69.519606,49.398148],[-69.521456,49.398625],[-69.523025,49.399454],[-69.523627,49.399666],[-69.524133,49.399832],[-69.524736,49.399874],[-69.524861,49.399946],[-69.525418,49.400002],[-69.52728,49.400643],[-69.528165,49.401007],[-69.528907,49.401812],[-69.528978,49.402178],[-69.528846,49.402597],[-69.529013,49.403237],[-69.529215,49.403445],[-69.530712,49.403727],[-69.531196,49.403724],[-69.531797,49.403841],[-69.532259,49.403958],[-69.532783,49.404212],[-69.533824,49.404177],[-69.534351,49.404351],[-69.534797,49.404375],[-69.535104,49.404619],[-69.535583,49.404624],[-69.535734,49.404804],[-69.5365,49.405],[-69.536756,49.405262],[-69.536796,49.405487],[-69.537037,49.405804],[-69.537312,49.405878],[-69.537954,49.405547],[-69.538275,49.405574],[-69.538602,49.405727],[-69.539017,49.406072],[-69.539099,49.406082],[-69.539374,49.405954],[-69.539452,49.405959],[-69.539719,49.40614],[-69.539893,49.406358],[-69.54049,49.406831],[-69.540563,49.406754],[-69.54086,49.406915],[-69.541164,49.40689],[-69.541225,49.406619],[-69.541174,49.406197],[-69.541452,49.406365],[-69.541623,49.406669],[-69.54193,49.406779],[-69.542045,49.406951],[-69.542205,49.406979],[-69.542372,49.407116],[-69.542601,49.407201],[-69.542794,49.407425],[-69.54342,49.407498],[-69.543438,49.407574],[-69.54373,49.407836],[-69.543748,49.407964],[-69.543815,49.408045],[-69.544015,49.407903],[-69.544343,49.407953],[-69.544573,49.40806],[-69.54489,49.408054],[-69.545286,49.408219],[-69.546893,49.40867],[-69.547503,49.40902],[-69.547734,49.409105],[-69.547858,49.40923],[-69.548366,49.409324],[-69.548937,49.409005],[-69.548994,49.408924],[-69.548919,49.408782],[-69.548988,49.408528],[-69.548941,49.408343],[-69.548986,49.408156],[-69.549315,49.407992],[-69.549472,49.407687],[-69.549504,49.407503],[-69.549832,49.407591],[-69.550267,49.407936],[-69.550513,49.408037],[-69.550774,49.408058],[-69.551095,49.40788],[-69.550945,49.407771],[-69.550217,49.407666],[-69.549753,49.407402],[-69.549437,49.40731],[-69.54922,49.406707],[-69.549171,49.406156],[-69.548913,49.405965],[-69.548243,49.405672],[-69.547772,49.405576],[-69.547422,49.405395],[-69.546336,49.405331],[-69.545967,49.405086],[-69.545452,49.405101],[-69.545177,49.404981],[-69.544996,49.404692],[-69.544738,49.404493],[-69.544701,49.404285],[-69.544647,49.40423],[-69.544443,49.404121],[-69.544036,49.404225],[-69.543827,49.403882],[-69.543678,49.403795],[-69.543657,49.403413],[-69.543418,49.403255],[-69.543307,49.402277],[-69.543145,49.402105],[-69.542165,49.401485],[-69.541534,49.401198],[-69.540433,49.400571],[-69.539913,49.400369],[-69.539269,49.40022],[-69.53707,49.399887],[-69.536558,49.4],[-69.536126,49.400184],[-69.535273,49.400187],[-69.534954,49.400236],[-69.534496,49.400175],[-69.534279,49.400011],[-69.533948,49.3996],[-69.53358,49.399399],[-69.53311,49.399222],[-69.53287,49.399069],[-69.532691,49.39905],[-69.532609,49.399049],[-69.531662,49.399454],[-69.530947,49.399467],[-69.530622,49.399593],[-69.530397,49.399611],[-69.530107,49.399442],[-69.529585,49.399393],[-69.528935,49.399477],[-69.527842,49.399702],[-69.527432,49.399867],[-69.527144,49.399846],[-69.527001,49.399813],[-69.526701,49.399566],[-69.525691,49.399494],[-69.525585,49.399346],[-69.525565,49.399215],[-69.525383,49.399091],[-69.525275,49.398944],[-69.525138,49.398519],[-69.524949,49.398302],[-69.524757,49.398312],[-69.524441,49.398216],[-69.523584,49.398362],[-69.523239,49.398502],[-69.522674,49.398524],[-69.520835,49.397997],[-69.520451,49.397949],[-69.520015,49.397693],[-69.519672,49.397898],[-69.519764,49.39771],[-69.519936,49.397513],[-69.519896,49.397405],[-69.519829,49.397364],[-69.519812,49.396778],[-69.5199,49.396541],[-69.52004,49.395706],[-69.520034,49.395319],[-69.519725,49.395016],[-69.519945,49.394986],[-69.519796,49.394684],[-69.520076,49.394618],[-69.520187,49.394389],[-69.520468,49.394298],[-69.520522,49.39409],[-69.520736,49.394061],[-69.520871,49.394131],[-69.520913,49.394104],[-69.521479,49.393478],[-69.522032,49.39325],[-69.522465,49.392921],[-69.522382,49.392565],[-69.522432,49.392498],[-69.52245,49.392291],[-69.522212,49.391946],[-69.522258,49.391669],[-69.522677,49.391286],[-69.522832,49.390546],[-69.523109,49.390319],[-69.523299,49.390054],[-69.523708,49.390009],[-69.523855,49.389836],[-69.524193,49.38986],[-69.524182,49.389734],[-69.523945,49.389611],[-69.523916,49.389512],[-69.524267,49.388825],[-69.524505,49.38873],[-69.524511,49.388437],[-69.524575,49.388197],[-69.524677,49.387952],[-69.524783,49.387905],[-69.524735,49.387549],[-69.524903,49.387402],[-69.524863,49.38733],[-69.524654,49.387436]],[[-69.527721,49.389108],[-69.527915,49.389046],[-69.528236,49.388842],[-69.528239,49.388662],[-69.527926,49.388462],[-69.527748,49.388442],[-69.527374,49.388538],[-69.527218,49.388781],[-69.527008,49.388931],[-69.527061,49.389039],[-69.527238,49.38914],[-69.527721,49.389108]],[[-69.545108,49.392553],[-69.545277,49.392356],[-69.545635,49.391763],[-69.546226,49.391708],[-69.546603,49.391486],[-69.546768,49.391299],[-69.546994,49.391219],[-69.54739,49.390656],[-69.547366,49.390476],[-69.547218,49.390277],[-69.546837,49.390058],[-69.546257,49.390007],[-69.545959,49.389853],[-69.545629,49.389823],[-69.545432,49.390047],[-69.545057,49.390889],[-69.545053,49.391131],[-69.545194,49.391681],[-69.545406,49.391838],[-69.545312,49.392042],[-69.545002,49.392345],[-69.544873,49.392578],[-69.544955,49.392623],[-69.545108,49.392553]],[[-69.550033,49.391505],[-69.550021,49.391388],[-69.549967,49.391334],[-69.549209,49.391019],[-69.549055,49.390742],[-69.548973,49.390723],[-69.548709,49.390865],[-69.548706,49.390991],[-69.548896,49.391163],[-69.549141,49.391282],[-69.550033,49.391505]],[[-69.550155,49.391578],[-69.550209,49.391669],[-69.550903,49.392106],[-69.551177,49.39218],[-69.551137,49.39209],[-69.550616,49.391816],[-69.550608,49.391681],[-69.550184,49.391489],[-69.550155,49.391578]],[[-69.566538,49.39217],[-69.56663,49.392405],[-69.567186,49.392841],[-69.567463,49.39278],[-69.568062,49.392425],[-69.568435,49.392365],[-69.568709,49.39244],[-69.570429,49.392579],[-69.570689,49.392653],[-69.571763,49.39268],[-69.572437,49.392766],[-69.573347,49.392729],[-69.573365,49.392495],[-69.57331,49.392467],[-69.571726,49.392455],[-69.569902,49.392017],[-69.569518,49.39196],[-69.568141,49.391922],[-69.56725,49.391672],[-69.566713,49.391659],[-69.566559,49.391802],[-69.566538,49.39217]],[[-69.546159,49.398056],[-69.545319,49.398031],[-69.544904,49.398099],[-69.544875,49.398162],[-69.545055,49.39865],[-69.544945,49.398828],[-69.544907,49.399205],[-69.544779,49.39936],[-69.544385,49.399291],[-69.544396,49.399408],[-69.544845,49.3997],[-69.546839,49.399896],[-69.547474,49.399785],[-69.548316,49.399773],[-69.548789,49.399552],[-69.548944,49.399347],[-69.548994,49.398942],[-69.547907,49.398106],[-69.547402,49.397904],[-69.546975,49.397901],[-69.546159,49.398056]],[[-69.558112,49.398361],[-69.557542,49.398653],[-69.557582,49.398707],[-69.557869,49.398817],[-69.558131,49.398828],[-69.558597,49.398958],[-69.560013,49.399123],[-69.560345,49.399044],[-69.560375,49.399087],[-69.560445,49.399073],[-69.560844,49.398766],[-69.560755,49.398652],[-69.560581,49.398702],[-69.560537,49.398634],[-69.560589,49.398552],[-69.560561,49.398525],[-69.560755,49.39849],[-69.560718,49.398265],[-69.560391,49.398073],[-69.560117,49.39799],[-69.559703,49.398014],[-69.559377,49.39818],[-69.558833,49.398341],[-69.558112,49.398361]],[[-69.562378,49.398647],[-69.562471,49.398828],[-69.562456,49.398891],[-69.562687,49.399063],[-69.563684,49.399512],[-69.563886,49.399757],[-69.563992,49.399991],[-69.564407,49.399914],[-69.56389,49.398848],[-69.56366,49.398604],[-69.563359,49.398502],[-69.562698,49.398488],[-69.562369,49.398422],[-69.562159,49.398564],[-69.562172,49.398618],[-69.562378,49.398647]],[[-69.541927,49.412993],[-69.542041,49.412823],[-69.541793,49.412655],[-69.541922,49.412562],[-69.541951,49.412472],[-69.541871,49.412327],[-69.541599,49.412163],[-69.541514,49.412262],[-69.541526,49.412387],[-69.541762,49.41301],[-69.541927,49.412993]],[[-69.553958,49.41303],[-69.553791,49.413163],[-69.553656,49.413741],[-69.553484,49.414051],[-69.553586,49.414391],[-69.553605,49.414663],[-69.553592,49.415611],[-69.553424,49.415741],[-69.553349,49.415963],[-69.553195,49.41618],[-69.553313,49.416513],[-69.55384,49.417048],[-69.5541,49.417131],[-69.554404,49.417125],[-69.55485,49.416868],[-69.554993,49.416581],[-69.554985,49.416368],[-69.555092,49.415917],[-69.555576,49.414931],[-69.555613,49.414533],[-69.555713,49.414285],[-69.555805,49.413791],[-69.55574,49.413557],[-69.555659,49.413493],[-69.555405,49.413485],[-69.5553,49.413394],[-69.555211,49.413232],[-69.555255,49.412995],[-69.555152,49.412617],[-69.555028,49.412625],[-69.554709,49.41287],[-69.554418,49.412888],[-69.554203,49.41251],[-69.554123,49.412491],[-69.554109,49.412392],[-69.554038,49.412509],[-69.554017,49.412886],[-69.553958,49.41303]],[[-69.542724,49.41593],[-69.542642,49.41601],[-69.542716,49.416354],[-69.542679,49.416875],[-69.542749,49.417268],[-69.542728,49.417621],[-69.542542,49.417761],[-69.542097,49.417716],[-69.541917,49.417759],[-69.541889,49.417813],[-69.542036,49.41803],[-69.542362,49.418267],[-69.542513,49.418331],[-69.542928,49.418365],[-69.54323,49.418444],[-69.543621,49.418727],[-69.543827,49.418773],[-69.543682,49.418439],[-69.543521,49.418334],[-69.543456,49.418025],[-69.54346,49.41779],[-69.543255,49.417502],[-69.543172,49.417337],[-69.543181,49.417257],[-69.542992,49.416985],[-69.542844,49.416356],[-69.542905,49.416002],[-69.542724,49.41593]],[[-69.552989,49.419758],[-69.552667,49.419979],[-69.552316,49.420327],[-69.551918,49.420926],[-69.551786,49.421366],[-69.551687,49.421987],[-69.551535,49.422209],[-69.551623,49.422427],[-69.551595,49.422645],[-69.551359,49.422792],[-69.551401,49.422838],[-69.551224,49.422849],[-69.551222,49.422925],[-69.551327,49.423055],[-69.551547,49.423636],[-69.551607,49.423571],[-69.551825,49.423641],[-69.552167,49.423662],[-69.552207,49.423726],[-69.552341,49.423671],[-69.552501,49.423494],[-69.552625,49.423284],[-69.552685,49.423054],[-69.552804,49.422888],[-69.552909,49.422371],[-69.553248,49.422198],[-69.553247,49.421914],[-69.553116,49.421406],[-69.553197,49.421279],[-69.553258,49.421036],[-69.553456,49.420805],[-69.553495,49.420509],[-69.553691,49.420238],[-69.553774,49.419993],[-69.553716,49.419588],[-69.553561,49.419428],[-69.553559,49.419331],[-69.553338,49.419295],[-69.553344,49.419331],[-69.55324,49.419396],[-69.552989,49.419758]],[[-69.546402,49.423201],[-69.546022,49.423024],[-69.545931,49.422612],[-69.545831,49.422412],[-69.546088,49.422335],[-69.546339,49.422184],[-69.546159,49.421941],[-69.546129,49.421607],[-69.545528,49.421264],[-69.545455,49.421167],[-69.545399,49.42089],[-69.545099,49.420708],[-69.54484,49.420589],[-69.544638,49.420688],[-69.544502,49.420642],[-69.544445,49.420489],[-69.544486,49.420361],[-69.544363,49.420288],[-69.54429,49.420495],[-69.544265,49.420859],[-69.544181,49.421057],[-69.54386,49.421336],[-69.543814,49.421588],[-69.543906,49.42173],[-69.543925,49.421939],[-69.543745,49.422055],[-69.543531,49.421972],[-69.543279,49.422132],[-69.543262,49.422321],[-69.54337,49.422546],[-69.543377,49.42271],[-69.543275,49.422702],[-69.542739,49.422409],[-69.542412,49.421978],[-69.542295,49.421737],[-69.542078,49.421564],[-69.542008,49.421582],[-69.542112,49.421924],[-69.542398,49.422419],[-69.542531,49.423012],[-69.542283,49.423059],[-69.542044,49.423477],[-69.54182,49.42346],[-69.541737,49.423663],[-69.541637,49.423744],[-69.54132,49.42368],[-69.541096,49.423831],[-69.541077,49.424074],[-69.541387,49.424094],[-69.541381,49.424687],[-69.541048,49.424901],[-69.540923,49.425291],[-69.540787,49.42551],[-69.540357,49.425979],[-69.540184,49.426045],[-69.539655,49.426618],[-69.539041,49.426728],[-69.538577,49.427037],[-69.538162,49.427215],[-69.538048,49.427439],[-69.538182,49.427638],[-69.53856,49.427757],[-69.538965,49.428058],[-69.539231,49.428348],[-69.539559,49.428832],[-69.539627,49.429029],[-69.539618,49.429628],[-69.539701,49.430088],[-69.539685,49.43028],[-69.539456,49.430726],[-69.538665,49.431805],[-69.538536,49.432092],[-69.538456,49.432658],[-69.538561,49.432947],[-69.538871,49.433282],[-69.538953,49.433328],[-69.539228,49.433339],[-69.539391,49.433239],[-69.539458,49.433346],[-69.539446,49.433494],[-69.539642,49.434097],[-69.539703,49.434467],[-69.539909,49.435035],[-69.539818,49.435628],[-69.540119,49.436097],[-69.539983,49.436376],[-69.540056,49.436623],[-69.540041,49.43681],[-69.539794,49.436945],[-69.539645,49.436879],[-69.539676,49.436553],[-69.53946,49.436308],[-69.538764,49.436999],[-69.538489,49.437135],[-69.537994,49.43724],[-69.53715,49.437906],[-69.534798,49.439201],[-69.533807,49.440035],[-69.533497,49.440143],[-69.5328,49.440524],[-69.532659,49.440734],[-69.532337,49.441041],[-69.531914,49.441322],[-69.531456,49.441529],[-69.530572,49.442295],[-69.530416,49.442527],[-69.530151,49.443465],[-69.529989,49.443873],[-69.530214,49.444396],[-69.530617,49.444914],[-69.530951,49.44549],[-69.5311,49.445627],[-69.531686,49.445946],[-69.531976,49.445958],[-69.532239,49.445897],[-69.532149,49.445575],[-69.532316,49.444941],[-69.532447,49.444705],[-69.532956,49.444491],[-69.533076,49.44438],[-69.533611,49.444137],[-69.534366,49.443626],[-69.534713,49.443526],[-69.53552,49.443137],[-69.535987,49.44274],[-69.53673,49.442481],[-69.53773,49.442256],[-69.538092,49.441934],[-69.538359,49.441813],[-69.538497,49.441822],[-69.538714,49.441433],[-69.539142,49.441269],[-69.539234,49.441026],[-69.539736,49.440484],[-69.539904,49.440422],[-69.540133,49.440035],[-69.54023,49.439996],[-69.541122,49.440162],[-69.541335,49.439772],[-69.541613,49.439835],[-69.541741,49.440044],[-69.541727,49.440257],[-69.541965,49.440458],[-69.541857,49.440689],[-69.542369,49.441305],[-69.542732,49.441503],[-69.54319,49.442407],[-69.543368,49.442978],[-69.54333,49.443633],[-69.543588,49.443831],[-69.543495,49.444354],[-69.543615,49.444607],[-69.54371,49.444661],[-69.544012,49.444567],[-69.544636,49.444525],[-69.545091,49.444556],[-69.545349,49.444495],[-69.545627,49.444649],[-69.545912,49.444887],[-69.546228,49.444943],[-69.54634,49.444899],[-69.546409,49.444611],[-69.546574,49.444441],[-69.546956,49.444619],[-69.547372,49.445024],[-69.548079,49.445552],[-69.548386,49.445576],[-69.548586,49.445646],[-69.548723,49.445755],[-69.550199,49.446459],[-69.551159,49.446719],[-69.55145,49.446659],[-69.55153,49.446075],[-69.551452,49.445849],[-69.551233,49.445749],[-69.550554,49.445873],[-69.550357,49.445737],[-69.550025,49.445312],[-69.55002,49.445051],[-69.550229,49.444868],[-69.550275,49.444635],[-69.550114,49.444435],[-69.54957,49.444008],[-69.549513,49.443793],[-69.549603,49.443645],[-69.549296,49.443224],[-69.549228,49.443169],[-69.548481,49.443271],[-69.548223,49.443053],[-69.547902,49.442538],[-69.547836,49.44242],[-69.547826,49.442214],[-69.547718,49.442022],[-69.547625,49.441398],[-69.547708,49.441178],[-69.547645,49.440927],[-69.547617,49.440189],[-69.54758,49.439954],[-69.547529,49.439901],[-69.547579,49.439888],[-69.547581,49.439815],[-69.547507,49.439744],[-69.546973,49.439599],[-69.546762,49.439382],[-69.54658,49.439348],[-69.546332,49.439373],[-69.546206,49.439448],[-69.546078,49.439657],[-69.545835,49.4398],[-69.54585,49.439885],[-69.545794,49.439922],[-69.545638,49.439754],[-69.545623,49.439642],[-69.545558,49.439582],[-69.545271,49.43944],[-69.544751,49.439387],[-69.544369,49.439459],[-69.544219,49.439539],[-69.544164,49.43969],[-69.54365,49.439842],[-69.543394,49.439845],[-69.542913,49.439693],[-69.542582,49.439695],[-69.542359,49.439792],[-69.542065,49.439809],[-69.542016,49.439585],[-69.541823,49.439207],[-69.541986,49.439027],[-69.541871,49.438815],[-69.541882,49.438666],[-69.541494,49.438527],[-69.541465,49.43847],[-69.5416,49.438313],[-69.541793,49.437873],[-69.54215,49.437272],[-69.542594,49.436811],[-69.542639,49.436491],[-69.542881,49.436238],[-69.543083,49.435781],[-69.542916,49.43586],[-69.542793,49.436005],[-69.542595,49.436042],[-69.542308,49.435945],[-69.54195,49.435897],[-69.541605,49.43593],[-69.541409,49.436082],[-69.5414,49.43644],[-69.541258,49.436651],[-69.54052,49.436952],[-69.540414,49.436156],[-69.540428,49.435716],[-69.54053,49.435166],[-69.540422,49.435039],[-69.540316,49.435034],[-69.540182,49.434845],[-69.540187,49.434429],[-69.540264,49.434165],[-69.540687,49.433468],[-69.540818,49.432762],[-69.540898,49.43257],[-69.540832,49.43242],[-69.540865,49.432207],[-69.541066,49.431735],[-69.541056,49.431556],[-69.540923,49.431346],[-69.540916,49.43097],[-69.540674,49.430714],[-69.540652,49.430347],[-69.540517,49.430175],[-69.540191,49.430101],[-69.539976,49.429933],[-69.540303,49.429157],[-69.540215,49.428946],[-69.540279,49.42873],[-69.540694,49.428873],[-69.540766,49.428613],[-69.540883,49.428407],[-69.54085,49.427955],[-69.5409,49.427739],[-69.54117,49.42772],[-69.541376,49.42788],[-69.541616,49.427871],[-69.542321,49.428185],[-69.543522,49.428429],[-69.543915,49.428705],[-69.544368,49.429254],[-69.544694,49.429508],[-69.545012,49.429466],[-69.545236,49.429338],[-69.545674,49.429295],[-69.545895,49.429428],[-69.546219,49.429399],[-69.546898,49.429608],[-69.546909,49.429164],[-69.5472,49.428981],[-69.547271,49.428882],[-69.547201,49.428663],[-69.547178,49.428021],[-69.547356,49.428047],[-69.547411,49.428011],[-69.547311,49.427817],[-69.547361,49.427763],[-69.547916,49.427593],[-69.547582,49.426137],[-69.547567,49.425683],[-69.547459,49.425548],[-69.547246,49.4256],[-69.547176,49.425576],[-69.547122,49.425185],[-69.546632,49.424892],[-69.546659,49.424593],[-69.546871,49.424616],[-69.546919,49.424312],[-69.547029,49.424276],[-69.547058,49.424195],[-69.546402,49.423201]],[[-69.559908,49.429679],[-69.559919,49.42975],[-69.559673,49.429832],[-69.559336,49.42952],[-69.55899,49.429554],[-69.558555,49.429891],[-69.558292,49.430034],[-69.558172,49.430223],[-69.55799,49.430352],[-69.557148,49.430717],[-69.556828,49.430903],[-69.556696,49.431172],[-69.555914,49.431813],[-69.555862,49.432262],[-69.555738,49.432342],[-69.555681,49.432458],[-69.555746,49.432657],[-69.555929,49.432792],[-69.55589,49.433062],[-69.55612,49.43319],[-69.556174,49.433343],[-69.556498,49.43354],[-69.556485,49.433652],[-69.556576,49.433936],[-69.556542,49.434291],[-69.556722,49.434256],[-69.557056,49.433964],[-69.557197,49.4339],[-69.557409,49.433641],[-69.557675,49.433464],[-69.557711,49.433203],[-69.55783,49.433249],[-69.557958,49.433088],[-69.558172,49.432531],[-69.558576,49.43254],[-69.558875,49.432682],[-69.558878,49.432556],[-69.558766,49.432397],[-69.558724,49.432214],[-69.558861,49.43199],[-69.558859,49.431485],[-69.559086,49.431314],[-69.559162,49.431347],[-69.559174,49.431507],[-69.55913,49.431614],[-69.559266,49.431732],[-69.559601,49.431854],[-69.559627,49.432082],[-69.559606,49.432604],[-69.559552,49.43278],[-69.559085,49.433232],[-69.559084,49.433286],[-69.559261,49.43345],[-69.559991,49.433447],[-69.560355,49.43318],[-69.560338,49.433057],[-69.560373,49.432982],[-69.560456,49.432956],[-69.560471,49.432875],[-69.560337,49.432676],[-69.559919,49.432428],[-69.559894,49.432069],[-69.559989,49.431722],[-69.560169,49.431353],[-69.560166,49.43104],[-69.560245,49.430669],[-69.560556,49.430574],[-69.560644,49.430305],[-69.560634,49.430125],[-69.560476,49.429839],[-69.560481,49.429575],[-69.56026,49.429455],[-69.560236,49.429385],[-69.560121,49.429362],[-69.559908,49.429679]],[[-69.561908,49.433462],[-69.562081,49.433796],[-69.562414,49.433646],[-69.562347,49.433556],[-69.562101,49.433428],[-69.561922,49.433408],[-69.561908,49.433462]],[[-69.546323,49.433658],[-69.546286,49.433433],[-69.546085,49.433173],[-69.546093,49.432739],[-69.546029,49.432507],[-69.546045,49.432327],[-69.546124,49.432287],[-69.54609,49.432069],[-69.54601,49.431934],[-69.545906,49.431302],[-69.545875,49.431231],[-69.545432,49.43105],[-69.545303,49.430865],[-69.545281,49.430725],[-69.545145,49.430677],[-69.545132,49.431104],[-69.544343,49.431969],[-69.544184,49.432346],[-69.544101,49.433082],[-69.544249,49.433547],[-69.544249,49.433944],[-69.543977,49.434493],[-69.544072,49.434579],[-69.544124,49.434716],[-69.54419,49.434727],[-69.544579,49.434676],[-69.544793,49.43477],[-69.545132,49.434751],[-69.545428,49.43484],[-69.545685,49.434836],[-69.545843,49.434784],[-69.546223,49.434388],[-69.546441,49.433653],[-69.546323,49.433658]],[[-69.552096,49.436017],[-69.552105,49.436258],[-69.552041,49.436597],[-69.551741,49.437264],[-69.551823,49.437338],[-69.551828,49.437413],[-69.55168,49.437569],[-69.551801,49.437741],[-69.552024,49.437924],[-69.552049,49.438205],[-69.552007,49.438451],[-69.551463,49.438844],[-69.551265,49.439067],[-69.551431,49.439033],[-69.551711,49.438819],[-69.551966,49.438537],[-69.552455,49.438151],[-69.552821,49.437758],[-69.552871,49.437353],[-69.553046,49.437097],[-69.55342,49.436756],[-69.553485,49.436474],[-69.553639,49.436203],[-69.554031,49.435772],[-69.554118,49.435536],[-69.554287,49.435396],[-69.554274,49.43536],[-69.553976,49.43533],[-69.553726,49.435194],[-69.553395,49.435146],[-69.553076,49.435269],[-69.552096,49.436017]],[[-69.599846,49.441362],[-69.59992,49.441093],[-69.599749,49.440944],[-69.599757,49.440731],[-69.599963,49.440387],[-69.600294,49.440215],[-69.600268,49.440169],[-69.599744,49.43999],[-69.599558,49.439786],[-69.599475,49.439768],[-69.599208,49.440053],[-69.599091,49.440421],[-69.599345,49.440855],[-69.599506,49.440912],[-69.599484,49.441073],[-69.599213,49.441267],[-69.599225,49.441357],[-69.599846,49.441362]],[[-69.599125,49.443065],[-69.59914,49.442993],[-69.599089,49.442759],[-69.599035,49.442696],[-69.59876,49.442685],[-69.598689,49.442756],[-69.5987,49.442918],[-69.598959,49.443091],[-69.599125,49.443065]],[[-69.531391,49.421637],[-69.531985,49.421669],[-69.533173,49.421553],[-69.534281,49.421304],[-69.535396,49.421329],[-69.535679,49.421193],[-69.536038,49.421145],[-69.537267,49.421172],[-69.538786,49.421384],[-69.539077,49.421306],[-69.539151,49.421045],[-69.539033,49.420739],[-69.538724,49.420359],[-69.538122,49.420493],[-69.536638,49.420584],[-69.536169,49.420691],[-69.53608,49.420673],[-69.535814,49.420442],[-69.534498,49.4208],[-69.534262,49.420784],[-69.53377,49.420641],[-69.533094,49.420686],[-69.532832,49.420651],[-69.532001,49.420833],[-69.529989,49.421536],[-69.530635,49.421712],[-69.530837,49.421875],[-69.53092,49.421867],[-69.531148,49.421711],[-69.531391,49.421637]],[[-69.522479,49.421373],[-69.522888,49.420945],[-69.522919,49.42073],[-69.522831,49.420306],[-69.522518,49.420106],[-69.521959,49.419929],[-69.521685,49.41973],[-69.521533,49.419729],[-69.521558,49.419855],[-69.521753,49.420008],[-69.521851,49.420172],[-69.521656,49.420503],[-69.521648,49.420874],[-69.521572,49.421222],[-69.52212,49.421415],[-69.522479,49.421373]],[[-69.560477,49.451332],[-69.560351,49.451433],[-69.560131,49.45148],[-69.559982,49.451705],[-69.559819,49.451817],[-69.55982,49.451954],[-69.559961,49.452149],[-69.560217,49.452375],[-69.560909,49.452735],[-69.560999,49.452803],[-69.561021,49.452933],[-69.561251,49.452991],[-69.561352,49.4531],[-69.561918,49.453132],[-69.562306,49.453078],[-69.562425,49.452997],[-69.562501,49.453113],[-69.562651,49.453082],[-69.562656,49.452999],[-69.562499,49.452787],[-69.56256,49.452637],[-69.562513,49.452501],[-69.562417,49.452339],[-69.562249,49.452241],[-69.562187,49.452031],[-69.561984,49.451863],[-69.561964,49.451798],[-69.562024,49.451701],[-69.561889,49.451625],[-69.561784,49.451489],[-69.561554,49.451412],[-69.561309,49.451483],[-69.560945,49.451457],[-69.56084,49.451364],[-69.560477,49.451332]],[[-69.494952,49.453573],[-69.495125,49.45335],[-69.495205,49.453152],[-69.495424,49.452894],[-69.495469,49.452714],[-69.495435,49.452345],[-69.495267,49.452172],[-69.49525,49.451957],[-69.495002,49.451948],[-69.494903,49.451895],[-69.494736,49.45144],[-69.494654,49.451394],[-69.494369,49.45171],[-69.493991,49.451694],[-69.493688,49.451426],[-69.493534,49.451201],[-69.493477,49.450989],[-69.493422,49.45097],[-69.493141,49.451081],[-69.49288,49.451018],[-69.492832,49.4508],[-69.492839,49.450474],[-69.49289,49.450379],[-69.493055,49.450231],[-69.493492,49.450251],[-69.493784,49.450128],[-69.493789,49.449894],[-69.493666,49.449839],[-69.493035,49.449851],[-69.492923,49.449775],[-69.492813,49.449547],[-69.492744,49.44904],[-69.492516,49.448768],[-69.492522,49.448578],[-69.492702,49.44841],[-69.492627,49.448022],[-69.492313,49.447858],[-69.492064,49.447883],[-69.491881,49.448106],[-69.492101,49.448791],[-69.492232,49.448984],[-69.492308,49.449276],[-69.492264,49.449495],[-69.492107,49.449572],[-69.491935,49.449539],[-69.491503,49.44902],[-69.491457,49.449091],[-69.491208,49.449067],[-69.491257,49.448928],[-69.49123,49.448892],[-69.49109,49.448971],[-69.490962,49.449177],[-69.49091,49.449447],[-69.49048,49.449802],[-69.490268,49.45007],[-69.49025,49.450268],[-69.490595,49.450377],[-69.49078,49.450677],[-69.490917,49.450714],[-69.491068,49.450725],[-69.491307,49.450547],[-69.491759,49.450686],[-69.492112,49.450722],[-69.492451,49.450881],[-69.492742,49.451197],[-69.493082,49.451941],[-69.49312,49.452235],[-69.493376,49.453097],[-69.493426,49.453426],[-69.493435,49.45436],[-69.493486,49.454559],[-69.493751,49.455068],[-69.493644,49.45563],[-69.493743,49.456179],[-69.494029,49.456335],[-69.494112,49.456353],[-69.494407,49.456086],[-69.494562,49.455908],[-69.494664,49.455666],[-69.494725,49.45537],[-69.494731,49.454391],[-69.494952,49.453573]],[[-69.513567,49.454732],[-69.513576,49.454956],[-69.513798,49.454904],[-69.514008,49.454771],[-69.513983,49.454627],[-69.513875,49.4545],[-69.513567,49.454732]],[[-69.501854,49.45482],[-69.501698,49.455025],[-69.501555,49.455258],[-69.501456,49.455712],[-69.501294,49.455912],[-69.501281,49.456524],[-69.501622,49.456751],[-69.501882,49.456816],[-69.502517,49.456822],[-69.50299,49.456655],[-69.503235,49.456756],[-69.504228,49.456783],[-69.504508,49.456596],[-69.504706,49.456364],[-69.504727,49.455987],[-69.504512,49.455688],[-69.503291,49.455426],[-69.5031,49.455296],[-69.502641,49.454773],[-69.50213,49.454719],[-69.501854,49.45482]],[[-69.513132,49.455807],[-69.513103,49.455879],[-69.513475,49.455873],[-69.513614,49.455829],[-69.513701,49.455614],[-69.513608,49.455424],[-69.513132,49.455807]],[[-69.510992,49.455861],[-69.510007,49.455475],[-69.509757,49.45558],[-69.509658,49.455669],[-69.509596,49.456063],[-69.50906,49.456599],[-69.508848,49.456876],[-69.508585,49.457532],[-69.508252,49.457699],[-69.507869,49.458079],[-69.507306,49.45831],[-69.506776,49.458378],[-69.506353,49.458725],[-69.506213,49.458718],[-69.50633,49.458563],[-69.506263,49.458464],[-69.505727,49.458405],[-69.505491,49.458448],[-69.505031,49.458696],[-69.504864,49.458986],[-69.504624,49.459176],[-69.504301,49.459301],[-69.503598,49.459803],[-69.502595,49.460133],[-69.501623,49.460219],[-69.501003,49.460019],[-69.500425,49.459969],[-69.500135,49.459994],[-69.500047,49.460218],[-69.500083,49.460505],[-69.499923,49.460936],[-69.499886,49.461358],[-69.500131,49.461984],[-69.499851,49.462401],[-69.499741,49.463066],[-69.499869,49.46326],[-69.499869,49.463349],[-69.4998,49.46348],[-69.499495,49.463657],[-69.49945,49.463828],[-69.499462,49.463891],[-69.499652,49.464054],[-69.499924,49.464118],[-69.500041,49.464286],[-69.500004,49.464336],[-69.499427,49.464268],[-69.498783,49.464703],[-69.498655,49.464918],[-69.498625,49.466342],[-69.49855,49.466987],[-69.498339,49.467963],[-69.498067,49.468698],[-69.498074,49.469067],[-69.498207,49.469275],[-69.498865,49.469497],[-69.499213,49.469356],[-69.499328,49.46919],[-69.499533,49.469048],[-69.499835,49.468964],[-69.50018,49.468984],[-69.50038,49.469132],[-69.500056,49.469309],[-69.499941,49.469506],[-69.500129,49.469759],[-69.500675,49.470088],[-69.500788,49.470267],[-69.50059,49.470484],[-69.499956,49.47081],[-69.499927,49.470873],[-69.499966,49.471017],[-69.500827,49.471402],[-69.501075,49.471449],[-69.501599,49.471436],[-69.501911,49.471638],[-69.501871,49.471864],[-69.501709,49.472129],[-69.501771,49.47232],[-69.501664,49.472747],[-69.501555,49.472958],[-69.501371,49.47316],[-69.501311,49.473393],[-69.501542,49.473693],[-69.50152,49.473884],[-69.501329,49.474118],[-69.501158,49.474197],[-69.500978,49.474164],[-69.500531,49.474421],[-69.500403,49.474636],[-69.500412,49.474852],[-69.50049,49.475077],[-69.500678,49.475333],[-69.500696,49.475816],[-69.500799,49.476195],[-69.500902,49.476366],[-69.500942,49.476619],[-69.501157,49.476996],[-69.501627,49.478043],[-69.501632,49.478651],[-69.50138,49.478826],[-69.501209,49.479067],[-69.501183,49.479701],[-69.501131,49.4798],[-69.501042,49.479823],[-69.500892,49.479748],[-69.500767,49.479782],[-69.500867,49.479963],[-69.50084,49.480005],[-69.50051,49.48023],[-69.500333,49.480449],[-69.499768,49.480727],[-69.498933,49.481718],[-69.498877,49.481956],[-69.498314,49.482333],[-69.498284,49.482432],[-69.498364,49.482585],[-69.499033,49.48264],[-69.498973,49.483166],[-69.499174,49.483447],[-69.499126,49.483584],[-69.498904,49.483866],[-69.498409,49.484402],[-69.498109,49.484886],[-69.497857,49.485117],[-69.497888,49.485518],[-69.497662,49.485834],[-69.497417,49.486363],[-69.49774,49.486788],[-69.498151,49.486927],[-69.498617,49.486939],[-69.498327,49.487081],[-69.498299,49.487126],[-69.498351,49.48727],[-69.498596,49.487452],[-69.499302,49.487594],[-69.499415,49.4879],[-69.499834,49.488038],[-69.500045,49.488197],[-69.50004,49.488391],[-69.499556,49.488635],[-69.498788,49.488531],[-69.498626,49.488301],[-69.498605,49.487686],[-69.498524,49.487604],[-69.49822,49.487584],[-69.497623,49.487785],[-69.49744,49.487937],[-69.497278,49.488225],[-69.49693,49.48858],[-69.496843,49.488768],[-69.49682,49.489235],[-69.497039,49.489983],[-69.497497,49.490545],[-69.498152,49.490928],[-69.498228,49.491112],[-69.498087,49.49199],[-69.497626,49.493019],[-69.497578,49.493312],[-69.497335,49.493354],[-69.497192,49.493321],[-69.497218,49.493402],[-69.497935,49.493998],[-69.498055,49.49416],[-69.498112,49.494395],[-69.497999,49.494591],[-69.497475,49.495014],[-69.497469,49.495311],[-69.49752,49.4955],[-69.497408,49.495612],[-69.496849,49.495908],[-69.496734,49.49615],[-69.496961,49.497011],[-69.497012,49.497393],[-69.497215,49.497611],[-69.497751,49.497714],[-69.497837,49.497908],[-69.497819,49.498461],[-69.497925,49.498651],[-69.497962,49.498867],[-69.498219,49.499017],[-69.498342,49.499213],[-69.498308,49.499416],[-69.497779,49.499738],[-69.497411,49.500298],[-69.497004,49.500504],[-69.49688,49.500661],[-69.496568,49.500905],[-69.496465,49.501183],[-69.496433,49.501408],[-69.496519,49.501796],[-69.496493,49.502199],[-69.496409,49.502677],[-69.496126,49.503617],[-69.496056,49.504162],[-69.495873,49.504504],[-69.495432,49.505122],[-69.495372,49.505337],[-69.49535,49.505732],[-69.495484,49.506569],[-69.495491,49.506966],[-69.495285,49.507584],[-69.49523,49.508897],[-69.495268,49.509095],[-69.495484,49.509304],[-69.49554,49.509286],[-69.49582,49.508868],[-69.496133,49.508809],[-69.496418,49.50888],[-69.496819,49.508883],[-69.496988,49.508723],[-69.497093,49.507883],[-69.497289,49.507562],[-69.497721,49.507282],[-69.497945,49.506525],[-69.498213,49.506198],[-69.498119,49.506102],[-69.498151,49.505778],[-69.498225,49.505695],[-69.498637,49.505698],[-69.498602,49.50541],[-69.498493,49.505119],[-69.498447,49.504491],[-69.498547,49.504362],[-69.498931,49.504199],[-69.499173,49.503814],[-69.499364,49.503232],[-69.49937,49.502392],[-69.49976,49.502001],[-69.5,49.501852],[-69.500066,49.501686],[-69.500629,49.501498],[-69.500471,49.501339],[-69.500407,49.501163],[-69.500641,49.500904],[-69.500666,49.500664],[-69.500859,49.500367],[-69.500933,49.500098],[-69.500853,49.499998],[-69.500688,49.499934],[-69.50031,49.499936],[-69.499455,49.499718],[-69.49924,49.499623],[-69.499083,49.499465],[-69.49903,49.499308],[-69.498867,49.499099],[-69.498805,49.498829],[-69.498519,49.498647],[-69.498203,49.498581],[-69.49811,49.4984],[-69.498163,49.497853],[-69.498344,49.497773],[-69.498471,49.49763],[-69.49848,49.49721],[-69.498663,49.496994],[-69.498473,49.496183],[-69.49823,49.495884],[-69.497999,49.495723],[-69.497827,49.495368],[-69.497929,49.494991],[-69.498156,49.494813],[-69.498298,49.494581],[-69.498329,49.49441],[-69.498254,49.494059],[-69.497952,49.493679],[-69.497925,49.493456],[-69.498224,49.492799],[-69.498288,49.492464],[-69.498401,49.492243],[-69.498553,49.490905],[-69.498634,49.490689],[-69.498854,49.49025],[-69.49915,49.490047],[-69.499448,49.489654],[-69.499552,49.489379],[-69.499996,49.489155],[-69.500633,49.489061],[-69.500717,49.488999],[-69.500754,49.48868],[-69.500844,49.488451],[-69.501065,49.488295],[-69.50148,49.488169],[-69.501676,49.488036],[-69.501777,49.48783],[-69.501706,49.487579],[-69.501855,49.487381],[-69.5019,49.487175],[-69.501839,49.486976],[-69.501958,49.486366],[-69.501885,49.485898],[-69.50168,49.485622],[-69.501659,49.485473],[-69.501485,49.48522],[-69.500755,49.484652],[-69.500716,49.484324],[-69.500829,49.484216],[-69.50065,49.484172],[-69.500555,49.484088],[-69.500195,49.483938],[-69.499643,49.483477],[-69.4996,49.483221],[-69.499899,49.483111],[-69.499644,49.482731],[-69.499594,49.48277],[-69.499571,49.482743],[-69.499531,49.482218],[-69.499584,49.48161],[-69.500056,49.481171],[-69.500083,49.480937],[-69.500159,49.480794],[-69.500708,49.480417],[-69.500987,49.480437],[-69.5014,49.480552],[-69.501774,49.480511],[-69.50204,49.480288],[-69.502059,49.480063],[-69.502039,49.479676],[-69.501834,49.479245],[-69.501808,49.479054],[-69.501831,49.478944],[-69.501931,49.478857],[-69.502033,49.478633],[-69.502047,49.477914],[-69.501877,49.477436],[-69.501629,49.477069],[-69.501573,49.476813],[-69.501329,49.476577],[-69.501155,49.476595],[-69.501043,49.476504],[-69.50103,49.476368],[-69.500859,49.476052],[-69.50076,49.475455],[-69.500929,49.475216],[-69.500864,49.475008],[-69.500646,49.474845],[-69.50061,49.474763],[-69.500751,49.474518],[-69.500904,49.474358],[-69.501165,49.474268],[-69.501319,49.474347],[-69.501485,49.474339],[-69.501584,49.474232],[-69.501747,49.473752],[-69.502043,49.473364],[-69.502174,49.47305],[-69.502204,49.472925],[-69.502171,49.472613],[-69.502296,49.472458],[-69.502385,49.472084],[-69.502615,49.471678],[-69.502577,49.471534],[-69.502475,49.471444],[-69.502475,49.47112],[-69.50198,49.470612],[-69.502044,49.470518],[-69.50245,49.470301],[-69.502479,49.47022],[-69.502188,49.469176],[-69.50256,49.468971],[-69.502648,49.468693],[-69.50253,49.468386],[-69.5023,49.468204],[-69.502026,49.468103],[-69.500943,49.46805],[-69.500489,49.467658],[-69.499884,49.467634],[-69.499807,49.467295],[-69.499818,49.46685],[-69.500328,49.465737],[-69.500472,49.465676],[-69.501041,49.465631],[-69.501443,49.465526],[-69.501773,49.464936],[-69.501762,49.464765],[-69.501474,49.464347],[-69.501454,49.463932],[-69.501618,49.4638],[-69.502003,49.463769],[-69.502087,49.463706],[-69.502174,49.463509],[-69.501945,49.463229],[-69.501616,49.463127],[-69.501266,49.463394],[-69.500943,49.463741],[-69.501033,49.46332],[-69.500964,49.462706],[-69.501319,49.462259],[-69.501428,49.462217],[-69.501555,49.462047],[-69.50166,49.461652],[-69.50165,49.461416],[-69.50184,49.461256],[-69.501971,49.461286],[-69.502304,49.46119],[-69.50295,49.460702],[-69.503529,49.460427],[-69.504222,49.460214],[-69.505147,49.460069],[-69.506191,49.459983],[-69.506387,49.459832],[-69.506648,49.45936],[-69.506805,49.459291],[-69.507528,49.459365],[-69.508062,49.459355],[-69.508694,49.45968],[-69.508855,49.459907],[-69.509562,49.460416],[-69.510307,49.460423],[-69.510585,49.460277],[-69.510765,49.460283],[-69.510786,49.459997],[-69.510954,49.459817],[-69.511321,49.458741],[-69.511007,49.458063],[-69.511175,49.45776],[-69.51125,49.457481],[-69.511189,49.457062],[-69.511246,49.45643],[-69.511341,49.456451],[-69.511514,49.456683],[-69.511791,49.456641],[-69.511663,49.456466],[-69.511646,49.456271],[-69.511069,49.45599],[-69.510992,49.455861]],[[-69.559622,49.457694],[-69.559345,49.457834],[-69.558922,49.457645],[-69.558794,49.457696],[-69.558634,49.457544],[-69.558344,49.457533],[-69.557462,49.457801],[-69.556687,49.45776],[-69.556165,49.457506],[-69.555681,49.4576],[-69.555129,49.457569],[-69.555016,49.45773],[-69.556885,49.458843],[-69.557418,49.459054],[-69.557756,49.459112],[-69.558048,49.459311],[-69.558282,49.45934],[-69.558443,49.4593],[-69.558619,49.459353],[-69.559431,49.45988],[-69.559654,49.459747],[-69.559695,49.459669],[-69.559875,49.459675],[-69.56044,49.459901],[-69.560449,49.460005],[-69.560609,49.460303],[-69.560944,49.460289],[-69.561283,49.460407],[-69.562013,49.460449],[-69.562062,49.460072],[-69.562022,49.460009],[-69.561777,49.459836],[-69.561723,49.459876],[-69.561477,49.459823],[-69.561503,49.459744],[-69.561393,49.459725],[-69.561323,49.45986],[-69.56122,49.459907],[-69.560965,49.459721],[-69.560571,49.459608],[-69.560397,49.459391],[-69.560383,49.459123],[-69.560196,49.458798],[-69.56006,49.458725],[-69.559878,49.45875],[-69.559705,49.458706],[-69.559658,49.458396],[-69.560024,49.457717],[-69.559958,49.457537],[-69.560128,49.457296],[-69.559622,49.457694]],[[-69.569359,49.461597],[-69.569501,49.461789],[-69.569594,49.462264],[-69.56978,49.462409],[-69.569851,49.462563],[-69.57037,49.462819],[-69.570457,49.462581],[-69.570849,49.462319],[-69.571364,49.462071],[-69.571279,49.461459],[-69.571022,49.461196],[-69.570488,49.461175],[-69.569843,49.460791],[-69.569538,49.460834],[-69.569542,49.460978],[-69.569364,49.461282],[-69.569359,49.461597]],[[-69.511631,49.461837],[-69.511665,49.462188],[-69.511956,49.462389],[-69.512004,49.46248],[-69.512001,49.462639],[-69.511806,49.462756],[-69.511815,49.462954],[-69.512084,49.463647],[-69.51199,49.464157],[-69.511709,49.464832],[-69.511731,49.465102],[-69.511933,49.465365],[-69.512274,49.465538],[-69.512604,49.465577],[-69.512813,49.465471],[-69.512942,49.465265],[-69.513032,49.464888],[-69.512951,49.464096],[-69.512872,49.463907],[-69.512584,49.463575],[-69.512516,49.463414],[-69.512565,49.463163],[-69.512739,49.462971],[-69.512612,49.462731],[-69.51272,49.462548],[-69.512446,49.46235],[-69.512422,49.462266],[-69.512255,49.462182],[-69.512178,49.462075],[-69.511892,49.461911],[-69.511631,49.461837]],[[-69.539315,49.464219],[-69.540116,49.464836],[-69.540432,49.46565],[-69.54058,49.465813],[-69.541403,49.466098],[-69.541678,49.466109],[-69.54197,49.466004],[-69.541841,49.465571],[-69.541634,49.465432],[-69.541666,49.465336],[-69.541518,49.465137],[-69.540369,49.464749],[-69.539617,49.464258],[-69.539315,49.464219]],[[-69.557807,49.465397],[-69.557781,49.465307],[-69.557402,49.464962],[-69.557319,49.464943],[-69.557287,49.465204],[-69.557807,49.465397]],[[-69.575891,49.465331],[-69.575692,49.46534],[-69.575388,49.465246],[-69.575247,49.465266],[-69.575081,49.465401],[-69.574897,49.465713],[-69.57432,49.466045],[-69.574093,49.466043],[-69.573434,49.466372],[-69.57304,49.466654],[-69.573005,49.466767],[-69.573087,49.4668],[-69.573427,49.466727],[-69.573476,49.466771],[-69.573424,49.466872],[-69.573472,49.466948],[-69.57373,49.467071],[-69.574258,49.467146],[-69.574664,49.467494],[-69.57482,49.46757],[-69.57519,49.467643],[-69.575743,49.467658],[-69.576166,49.467613],[-69.576425,49.467443],[-69.576388,49.467211],[-69.576506,49.466663],[-69.57687,49.46616],[-69.576407,49.465219],[-69.576247,49.465184],[-69.575891,49.465331]],[[-69.558902,49.467787],[-69.55936,49.467812],[-69.559432,49.467734],[-69.559339,49.467653],[-69.559194,49.467643],[-69.559026,49.46749],[-69.558974,49.467509],[-69.558751,49.467265],[-69.558659,49.467004],[-69.558565,49.466923],[-69.558344,49.466894],[-69.55797,49.466972],[-69.558023,49.467116],[-69.558257,49.467318],[-69.55821,49.467378],[-69.557517,49.467306],[-69.557198,49.466938],[-69.556815,49.466791],[-69.556386,49.46689],[-69.55548,49.46661],[-69.55534,49.466689],[-69.555317,49.466768],[-69.555192,49.466822],[-69.554926,49.466713],[-69.554772,49.466838],[-69.554711,49.467116],[-69.554817,49.467351],[-69.554871,49.467405],[-69.555201,49.467498],[-69.555517,49.467572],[-69.55568,49.467469],[-69.555873,49.467466],[-69.556071,49.46753],[-69.556201,49.46763],[-69.556361,49.467674],[-69.556494,49.467654],[-69.556462,49.467794],[-69.556503,49.467826],[-69.556768,49.467696],[-69.557644,49.467639],[-69.55791,49.46776],[-69.558616,49.467827],[-69.558902,49.467787]],[[-69.503217,49.46582],[-69.503488,49.46568],[-69.504008,49.465602],[-69.504189,49.46551],[-69.504879,49.465529],[-69.50528,49.465469],[-69.505449,49.465282],[-69.505473,49.465098],[-69.505652,49.464843],[-69.50574,49.464583],[-69.505542,49.464362],[-69.505432,49.464122],[-69.505308,49.464094],[-69.50503,49.464181],[-69.504293,49.464611],[-69.503776,49.464791],[-69.503478,49.464978],[-69.503122,49.465073],[-69.502996,49.465153],[-69.502631,49.465447],[-69.50244,49.466039],[-69.502515,49.465935],[-69.503217,49.46582]],[[-69.530074,49.469637],[-69.53009,49.469529],[-69.529754,49.469076],[-69.529666,49.469345],[-69.529785,49.46958],[-69.530074,49.469637]],[[-69.508058,49.47141],[-69.508267,49.471304],[-69.508396,49.471036],[-69.508305,49.470756],[-69.508074,49.470574],[-69.507597,49.470327],[-69.507442,49.470461],[-69.507892,49.471418],[-69.508058,49.47141]],[[-69.554829,49.470309],[-69.554986,49.470032],[-69.55485,49.46995],[-69.554474,49.470135],[-69.554829,49.470309]],[[-69.566526,49.472733],[-69.566549,49.472985],[-69.56689,49.473159],[-69.568161,49.47339],[-69.568496,49.473475],[-69.568534,49.473534],[-69.569145,49.473561],[-69.569926,49.473416],[-69.570126,49.473288],[-69.569569,49.473025],[-69.569417,49.472744],[-69.569312,49.472646],[-69.56899,49.472589],[-69.568342,49.472331],[-69.567946,49.472257],[-69.567632,49.472244],[-69.567142,49.472326],[-69.566941,49.47246],[-69.56695,49.472581],[-69.566639,49.472731],[-69.566526,49.472733]],[[-69.517206,49.474887],[-69.51772,49.475377],[-69.517882,49.475577],[-69.517947,49.475775],[-69.518122,49.475974],[-69.518077,49.476154],[-69.517727,49.47643],[-69.517693,49.476762],[-69.517786,49.476916],[-69.517896,49.476926],[-69.51797,49.476692],[-69.518125,49.476541],[-69.518276,49.476569],[-69.518386,49.476606],[-69.518602,49.476815],[-69.518667,49.477022],[-69.518953,49.47724],[-69.519147,49.477197],[-69.519126,49.476864],[-69.519021,49.476603],[-69.518939,49.47653],[-69.518692,49.476447],[-69.518435,49.476229],[-69.518305,49.475805],[-69.518064,49.475425],[-69.517868,49.474875],[-69.517761,49.474721],[-69.516863,49.474102],[-69.517206,49.474887]],[[-69.584972,49.475102],[-69.585396,49.475312],[-69.585685,49.47535],[-69.585797,49.47527],[-69.585843,49.475064],[-69.584936,49.474595],[-69.584738,49.474363],[-69.584193,49.473972],[-69.584097,49.473935],[-69.58375,49.474049],[-69.583965,49.474338],[-69.584268,49.474438],[-69.584796,49.474848],[-69.584972,49.475102]],[[-69.579986,49.474996],[-69.579685,49.475375],[-69.579233,49.475646],[-69.579154,49.475665],[-69.578953,49.475601],[-69.578679,49.475655],[-69.578522,49.475611],[-69.578422,49.475667],[-69.578442,49.475716],[-69.578619,49.475744],[-69.578794,49.475886],[-69.579189,49.475912],[-69.579412,49.476279],[-69.579703,49.476435],[-69.580179,49.476421],[-69.581077,49.476729],[-69.581601,49.47668],[-69.582194,49.476847],[-69.582384,49.476851],[-69.582426,49.476814],[-69.582263,49.476696],[-69.581543,49.476506],[-69.581591,49.476355],[-69.581177,49.475907],[-69.58111,49.475734],[-69.581158,49.475594],[-69.581096,49.475404],[-69.580568,49.475092],[-69.579986,49.474996]],[[-69.592155,49.476966],[-69.592345,49.477497],[-69.591883,49.47753],[-69.591699,49.477754],[-69.59196,49.478318],[-69.591958,49.478691],[-69.59212,49.478854],[-69.592927,49.47939],[-69.593059,49.479547],[-69.593159,49.479799],[-69.592876,49.479804],[-69.592693,49.48],[-69.592742,49.480334],[-69.592898,49.480515],[-69.592847,49.480631],[-69.592881,49.481],[-69.592851,49.481117],[-69.593142,49.481396],[-69.593311,49.48166],[-69.593676,49.481767],[-69.594496,49.482496],[-69.594516,49.482356],[-69.594695,49.482192],[-69.594714,49.481896],[-69.594336,49.481554],[-69.594254,49.481371],[-69.594483,49.481253],[-69.595005,49.481098],[-69.595272,49.480812],[-69.595139,49.48055],[-69.594625,49.47998],[-69.594502,49.479943],[-69.594414,49.480016],[-69.594226,49.480019],[-69.5938,49.479777],[-69.594178,49.479545],[-69.594372,49.47951],[-69.594444,49.479411],[-69.594556,49.479391],[-69.595094,49.479665],[-69.595902,49.480331],[-69.596014,49.480269],[-69.596045,49.480072],[-69.594558,49.479033],[-69.594466,49.478863],[-69.59425,49.478637],[-69.59362,49.478279],[-69.593519,49.477876],[-69.593318,49.477708],[-69.593265,49.477406],[-69.593131,49.47718],[-69.592889,49.476846],[-69.592638,49.47667],[-69.592362,49.47623],[-69.592205,49.476526],[-69.592155,49.476966]],[[-69.568827,49.482338],[-69.568627,49.482713],[-69.568404,49.482975],[-69.568155,49.483069],[-69.567503,49.483055],[-69.567266,49.483179],[-69.568075,49.483643],[-69.568324,49.484095],[-69.568016,49.484088],[-69.567543,49.48382],[-69.567026,49.48364],[-69.56664,49.483435],[-69.566063,49.48326],[-69.565966,49.483304],[-69.566171,49.483614],[-69.56618,49.483692],[-69.565062,49.483647],[-69.565202,49.483863],[-69.565121,49.483923],[-69.564545,49.483657],[-69.564349,49.483426],[-69.564118,49.483244],[-69.563833,49.483138],[-69.563796,49.483054],[-69.563884,49.482972],[-69.565325,49.482885],[-69.565135,49.482713],[-69.564231,49.482337],[-69.56368,49.482226],[-69.563392,49.482111],[-69.562907,49.481789],[-69.562817,49.481691],[-69.56281,49.481615],[-69.562308,49.481571],[-69.561907,49.481312],[-69.561797,49.481157],[-69.561307,49.480811],[-69.560705,49.480509],[-69.560335,49.480437],[-69.559107,49.479981],[-69.558637,49.479683],[-69.558295,49.479528],[-69.55781,49.479529],[-69.556617,49.479244],[-69.556491,49.479315],[-69.55625,49.479655],[-69.556204,49.479888],[-69.556354,49.480023],[-69.556364,49.480083],[-69.556299,49.480104],[-69.556161,49.480014],[-69.555995,49.480004],[-69.555787,49.480083],[-69.555702,49.480181],[-69.555877,49.480394],[-69.555808,49.480686],[-69.555556,49.480813],[-69.555179,49.480815],[-69.554967,49.481092],[-69.55475,49.481604],[-69.554584,49.481602],[-69.554417,49.481663],[-69.554091,49.481859],[-69.553889,49.481857],[-69.553918,49.482206],[-69.553425,49.482321],[-69.553408,49.482491],[-69.553484,49.482816],[-69.553633,49.482952],[-69.555632,49.483804],[-69.556141,49.483889],[-69.556507,49.483758],[-69.556702,49.483832],[-69.556835,49.484054],[-69.556823,49.484345],[-69.557091,49.484369],[-69.557198,49.484462],[-69.557176,49.484578],[-69.556924,49.484813],[-69.557679,49.485658],[-69.557908,49.485987],[-69.558148,49.486477],[-69.558858,49.486937],[-69.559013,49.487092],[-69.559058,49.48724],[-69.559193,49.487403],[-69.559653,49.487477],[-69.560017,49.487745],[-69.560758,49.488567],[-69.561629,49.489249],[-69.562015,49.489438],[-69.562119,49.489612],[-69.56235,49.489794],[-69.562542,49.489858],[-69.562982,49.489753],[-69.563946,49.489972],[-69.56417,49.490089],[-69.56422,49.490187],[-69.564411,49.490305],[-69.564743,49.490272],[-69.56534,49.490079],[-69.565538,49.489829],[-69.565549,49.489266],[-69.565789,49.489065],[-69.566526,49.488951],[-69.567167,49.488943],[-69.567554,49.489081],[-69.568568,49.489328],[-69.569859,49.489801],[-69.570163,49.489821],[-69.570959,49.48957],[-69.572116,49.489684],[-69.57261,49.489871],[-69.572971,49.490212],[-69.573568,49.490362],[-69.57375,49.490526],[-69.573823,49.490658],[-69.573881,49.491011],[-69.574069,49.491273],[-69.575639,49.491673],[-69.576218,49.491947],[-69.576892,49.492402],[-69.577788,49.492919],[-69.578056,49.49326],[-69.578201,49.493607],[-69.57829,49.494102],[-69.57814,49.494318],[-69.578078,49.494677],[-69.578391,49.495633],[-69.578512,49.495796],[-69.57858,49.495868],[-69.578963,49.496042],[-69.579276,49.496058],[-69.579662,49.4963],[-69.581105,49.496908],[-69.581633,49.497215],[-69.581712,49.49744],[-69.581966,49.497865],[-69.582347,49.498359],[-69.582635,49.499021],[-69.582797,49.499211],[-69.583198,49.499491],[-69.583117,49.499816],[-69.583252,49.499997],[-69.583457,49.500124],[-69.583844,49.500065],[-69.584369,49.500069],[-69.585149,49.499697],[-69.585588,49.499125],[-69.58555,49.498936],[-69.585478,49.498888],[-69.585361,49.498665],[-69.584818,49.498631],[-69.584412,49.498537],[-69.583861,49.497995],[-69.583458,49.497513],[-69.582902,49.496577],[-69.582082,49.495448],[-69.581889,49.495046],[-69.58182,49.494635],[-69.580918,49.494257],[-69.579853,49.493513],[-69.579285,49.493177],[-69.578823,49.492826],[-69.578194,49.492169],[-69.577873,49.492042],[-69.577272,49.491542],[-69.576713,49.49089],[-69.576637,49.49071],[-69.576548,49.490151],[-69.576228,49.489949],[-69.575688,49.489439],[-69.575517,49.489104],[-69.575461,49.488461],[-69.575213,49.488004],[-69.575211,49.487802],[-69.575017,49.487454],[-69.575093,49.487348],[-69.575552,49.487097],[-69.575661,49.487099],[-69.576063,49.487294],[-69.576253,49.48746],[-69.576952,49.487708],[-69.577959,49.487779],[-69.578304,49.48764],[-69.57904,49.487509],[-69.57952,49.487241],[-69.579847,49.487183],[-69.579947,49.487022],[-69.579951,49.486779],[-69.57985,49.486555],[-69.579783,49.486193],[-69.579702,49.486085],[-69.579076,49.485594],[-69.578428,49.48558],[-69.57807,49.485645],[-69.577258,49.4854],[-69.576996,49.485407],[-69.576588,49.485502],[-69.576324,49.485475],[-69.575596,49.485312],[-69.575153,49.485059],[-69.574579,49.485037],[-69.573542,49.48483],[-69.572712,49.484981],[-69.571854,49.485042],[-69.571578,49.485109],[-69.571355,49.485078],[-69.570758,49.484628],[-69.570435,49.484562],[-69.570252,49.484299],[-69.570243,49.48422],[-69.570326,49.48413],[-69.570341,49.484022],[-69.570215,49.48377],[-69.570363,49.483618],[-69.570324,49.483495],[-69.570409,49.483393],[-69.570757,49.483189],[-69.570786,49.483163],[-69.570745,49.483117],[-69.570677,49.483063],[-69.570266,49.483042],[-69.569212,49.482413],[-69.568827,49.482338]],[[-69.575024,49.483844],[-69.575025,49.483763],[-69.574862,49.483618],[-69.574088,49.483526],[-69.573887,49.483394],[-69.573529,49.48332],[-69.573582,49.483428],[-69.574129,49.483711],[-69.574636,49.483886],[-69.575024,49.483844]],[[-69.589131,49.483758],[-69.589429,49.484066],[-69.589621,49.484131],[-69.589677,49.484077],[-69.589599,49.483861],[-69.58938,49.483733],[-69.589131,49.483758]],[[-69.595579,49.490784],[-69.595685,49.491003],[-69.595792,49.490996],[-69.595711,49.490696],[-69.595767,49.490646],[-69.595784,49.490526],[-69.595867,49.490379],[-69.596086,49.490308],[-69.596188,49.49019],[-69.596157,49.490061],[-69.59601,49.489963],[-69.595931,49.489768],[-69.595983,49.489607],[-69.596152,49.489468],[-69.596144,49.488961],[-69.59595,49.488743],[-69.595816,49.488839],[-69.595761,49.48912],[-69.595644,49.489162],[-69.595524,49.489417],[-69.595401,49.489554],[-69.595231,49.490043],[-69.595271,49.490188],[-69.595208,49.490256],[-69.595384,49.490357],[-69.595529,49.490765],[-69.595579,49.490784]],[[-69.589306,49.49143],[-69.58938,49.491206],[-69.589368,49.491089],[-69.58894,49.491094],[-69.589033,49.491284],[-69.589211,49.491452],[-69.589306,49.49143]],[[-69.589345,49.493103],[-69.589524,49.493077],[-69.589666,49.49289],[-69.589331,49.492356],[-69.589262,49.492356],[-69.589119,49.492589],[-69.589155,49.492895],[-69.589345,49.493103]],[[-69.598792,49.493855],[-69.598494,49.494029],[-69.598409,49.494127],[-69.598431,49.494377],[-69.59818,49.494557],[-69.59816,49.494776],[-69.598077,49.494916],[-69.598179,49.495113],[-69.598135,49.495277],[-69.597642,49.495754],[-69.597213,49.495782],[-69.596201,49.495627],[-69.596197,49.495093],[-69.596296,49.49492],[-69.596194,49.494713],[-69.596261,49.494596],[-69.596295,49.494268],[-69.596515,49.494256],[-69.596787,49.493764],[-69.596846,49.49353],[-69.596752,49.493413],[-69.596506,49.493433],[-69.596409,49.493311],[-69.596338,49.493374],[-69.596296,49.493562],[-69.596097,49.493731],[-69.595673,49.494286],[-69.595444,49.494715],[-69.595376,49.49538],[-69.595441,49.495835],[-69.595368,49.496043],[-69.595086,49.496152],[-69.594202,49.496963],[-69.593355,49.497936],[-69.593198,49.498214],[-69.593233,49.498583],[-69.593299,49.498736],[-69.593638,49.498963],[-69.593648,49.499273],[-69.593575,49.499476],[-69.593616,49.49953],[-69.59378,49.499594],[-69.594167,49.49957],[-69.594472,49.499303],[-69.594712,49.499206],[-69.594957,49.498947],[-69.59516,49.498841],[-69.59585,49.498891],[-69.596593,49.498384],[-69.596881,49.498387],[-69.597067,49.49826],[-69.597201,49.498245],[-69.597502,49.497842],[-69.598034,49.498],[-69.598324,49.498029],[-69.598456,49.497645],[-69.598651,49.497474],[-69.598476,49.497248],[-69.598223,49.497089],[-69.59838,49.496652],[-69.598845,49.496825],[-69.598993,49.496995],[-69.59903,49.497135],[-69.599207,49.497281],[-69.599581,49.497248],[-69.599805,49.497052],[-69.599779,49.496795],[-69.599866,49.496728],[-69.599918,49.496405],[-69.600042,49.496172],[-69.600112,49.495681],[-69.600233,49.495544],[-69.600278,49.495374],[-69.600155,49.495301],[-69.599816,49.49542],[-69.599852,49.495271],[-69.599785,49.495118],[-69.599703,49.495158],[-69.599692,49.494946],[-69.599531,49.494755],[-69.599526,49.494188],[-69.59958,49.494066],[-69.599638,49.494101],[-69.600043,49.49387],[-69.6001,49.493781],[-69.59995,49.493645],[-69.599805,49.493632],[-69.599712,49.493482],[-69.599736,49.4934],[-69.599929,49.493321],[-69.599796,49.49305],[-69.599737,49.493103],[-69.59963,49.49304],[-69.599531,49.493068],[-69.599273,49.492938],[-69.599203,49.492982],[-69.598792,49.493855]],[[-69.571768,49.499833],[-69.571435,49.499903],[-69.571308,49.500054],[-69.571238,49.500265],[-69.570967,49.500546],[-69.570894,49.500771],[-69.571235,49.500998],[-69.571947,49.501274],[-69.57243,49.501296],[-69.57304,49.50121],[-69.573285,49.500619],[-69.573076,49.500402],[-69.573017,49.500203],[-69.572358,49.500123],[-69.572206,49.499999],[-69.571768,49.499833]],[[-69.508479,49.501659],[-69.508375,49.501744],[-69.508458,49.501923],[-69.508628,49.502017],[-69.508992,49.502396],[-69.509263,49.502427],[-69.509613,49.502737],[-69.509687,49.502873],[-69.509883,49.503015],[-69.510214,49.503388],[-69.511031,49.504146],[-69.511252,49.504448],[-69.511513,49.504982],[-69.511569,49.505378],[-69.511793,49.505538],[-69.511807,49.505802],[-69.511738,49.505892],[-69.511804,49.506054],[-69.512022,49.506182],[-69.512215,49.506192],[-69.512286,49.506051],[-69.512594,49.505872],[-69.51265,49.505774],[-69.512539,49.505464],[-69.512611,49.505286],[-69.512861,49.505018],[-69.513179,49.50496],[-69.51336,49.504862],[-69.513468,49.504711],[-69.513461,49.504584],[-69.513293,49.504445],[-69.513156,49.504431],[-69.512901,49.504508],[-69.512915,49.504328],[-69.512797,49.504217],[-69.51283,49.503752],[-69.512984,49.503681],[-69.512965,49.503592],[-69.513172,49.503374],[-69.513073,49.503189],[-69.512963,49.503118],[-69.511859,49.502819],[-69.511409,49.502808],[-69.51106,49.502963],[-69.510776,49.502902],[-69.510695,49.502837],[-69.510648,49.502713],[-69.510532,49.502635],[-69.509853,49.502375],[-69.509767,49.502266],[-69.509007,49.501909],[-69.50865,49.501654],[-69.508479,49.501659]],[[-69.573654,49.504356],[-69.573592,49.504646],[-69.573521,49.504747],[-69.57347,49.5051],[-69.57363,49.505756],[-69.574289,49.506503],[-69.574323,49.506674],[-69.574423,49.506806],[-69.574569,49.506908],[-69.574779,49.506999],[-69.57501,49.506998],[-69.5753,49.507206],[-69.575548,49.507225],[-69.575716,49.507176],[-69.575672,49.506857],[-69.575702,49.506803],[-69.576098,49.506672],[-69.576416,49.506669],[-69.576301,49.506214],[-69.576375,49.505922],[-69.576354,49.505047],[-69.576734,49.504423],[-69.576725,49.504225],[-69.576421,49.503828],[-69.576405,49.503663],[-69.576489,49.503513],[-69.575735,49.503264],[-69.575398,49.503245],[-69.574841,49.503103],[-69.574541,49.50297],[-69.574236,49.502741],[-69.574064,49.502783],[-69.57376,49.502978],[-69.573654,49.504356]],[[-69.396049,49.357881],[-69.396033,49.35798],[-69.39635,49.358349],[-69.396247,49.358863],[-69.396297,49.359097],[-69.396497,49.359387],[-69.396699,49.35956],[-69.397203,49.359814],[-69.397167,49.360185],[-69.397268,49.360362],[-69.397168,49.360487],[-69.396328,49.360779],[-69.396392,49.361005],[-69.396993,49.361199],[-69.397299,49.361128],[-69.397415,49.361161],[-69.397529,49.361276],[-69.398468,49.361245],[-69.398752,49.36136],[-69.398767,49.361324],[-69.398597,49.361106],[-69.398785,49.360987],[-69.398948,49.361031],[-69.399305,49.361275],[-69.399728,49.361423],[-69.400608,49.361495],[-69.401022,49.361411],[-69.401184,49.361572],[-69.401274,49.361267],[-69.401126,49.361104],[-69.400118,49.360513],[-69.400068,49.360365],[-69.399899,49.360167],[-69.399793,49.359751],[-69.399575,49.359483],[-69.399409,49.359055],[-69.399249,49.358853],[-69.399211,49.358676],[-69.398982,49.358458],[-69.398655,49.358319],[-69.398517,49.358309],[-69.397554,49.3583],[-69.397052,49.358372],[-69.396925,49.358223],[-69.39693,49.358134],[-69.397089,49.35817],[-69.397172,49.358126],[-69.396934,49.35804],[-69.396628,49.357824],[-69.39633,49.357737],[-69.396247,49.357631],[-69.396049,49.357881]],[[-69.398755,49.366783],[-69.398643,49.366871],[-69.398564,49.367311],[-69.398657,49.367917],[-69.398545,49.368156],[-69.398495,49.368543],[-69.397953,49.36878],[-69.397337,49.369159],[-69.396503,49.369549],[-69.396266,49.36969],[-69.395983,49.370029],[-69.39491,49.370622],[-69.395057,49.370827],[-69.394985,49.370955],[-69.394982,49.371063],[-69.395205,49.371569],[-69.39556,49.371689],[-69.39733,49.371767],[-69.397668,49.371905],[-69.397761,49.372031],[-69.398064,49.373062],[-69.398483,49.373389],[-69.398634,49.373418],[-69.39891,49.373412],[-69.399298,49.37328],[-69.399897,49.37298],[-69.400138,49.372668],[-69.400268,49.372266],[-69.400316,49.372228],[-69.400712,49.372314],[-69.401379,49.372581],[-69.401532,49.372555],[-69.401771,49.3724],[-69.402496,49.372519],[-69.402648,49.372485],[-69.402857,49.372345],[-69.403128,49.37238],[-69.403333,49.372644],[-69.403508,49.372736],[-69.403527,49.37324],[-69.403694,49.373422],[-69.403721,49.373512],[-69.403674,49.3737],[-69.403276,49.374119],[-69.402898,49.374277],[-69.404738,49.37528],[-69.406071,49.376165],[-69.406153,49.376368],[-69.406111,49.376573],[-69.406394,49.376846],[-69.406665,49.377014],[-69.406713,49.37737],[-69.406845,49.377605],[-69.407215,49.377699],[-69.407547,49.377503],[-69.407604,49.377955],[-69.407491,49.378122],[-69.407384,49.378159],[-69.407383,49.378213],[-69.407624,49.378345],[-69.408271,49.379042],[-69.408338,49.379247],[-69.408672,49.379602],[-69.408804,49.37998],[-69.409022,49.380054],[-69.409092,49.380028],[-69.40917,49.379871],[-69.409347,49.3799],[-69.409468,49.380258],[-69.409344,49.380471],[-69.409353,49.380687],[-69.409606,49.381049],[-69.409838,49.381201],[-69.409874,49.381393],[-69.41014,49.381537],[-69.410194,49.381675],[-69.41018,49.38189],[-69.410286,49.382098],[-69.410999,49.383003],[-69.411161,49.383599],[-69.41127,49.38369],[-69.411352,49.383691],[-69.411452,49.38353],[-69.411389,49.38326],[-69.411173,49.383027],[-69.411355,49.382945],[-69.411412,49.382864],[-69.4114,49.382774],[-69.411193,49.382717],[-69.410839,49.382455],[-69.410654,49.381949],[-69.410733,49.381797],[-69.410721,49.381716],[-69.410626,49.381634],[-69.410391,49.381616],[-69.410161,49.381025],[-69.410127,49.380628],[-69.410275,49.380066],[-69.410278,49.379645],[-69.410358,49.379428],[-69.410261,49.379234],[-69.410284,49.379059],[-69.409951,49.378865],[-69.409759,49.378514],[-69.409473,49.378334],[-69.409238,49.377781],[-69.408787,49.377161],[-69.408605,49.376516],[-69.408312,49.375981],[-69.408243,49.375543],[-69.408529,49.375452],[-69.408514,49.375634],[-69.408661,49.375851],[-69.40896,49.375989],[-69.408998,49.376178],[-69.409448,49.376516],[-69.40966,49.376756],[-69.409751,49.376894],[-69.409816,49.377193],[-69.409908,49.377365],[-69.410299,49.377737],[-69.410422,49.377801],[-69.410685,49.377723],[-69.410828,49.37749],[-69.410764,49.377283],[-69.410529,49.376944],[-69.409498,49.374735],[-69.409,49.3742],[-69.408391,49.373639],[-69.407237,49.372375],[-69.406004,49.371447],[-69.40543,49.37127],[-69.405205,49.371321],[-69.405095,49.371397],[-69.405184,49.371707],[-69.405568,49.372082],[-69.406079,49.372372],[-69.406115,49.37242],[-69.406074,49.372454],[-69.405789,49.372452],[-69.405849,49.372504],[-69.405748,49.37255],[-69.405991,49.372777],[-69.405001,49.372588],[-69.404838,49.372497],[-69.404742,49.372496],[-69.404174,49.372549],[-69.404107,49.372596],[-69.404134,49.372706],[-69.40445,49.37289],[-69.404469,49.372961],[-69.404125,49.372984],[-69.4037,49.372873],[-69.40373,49.372493],[-69.403795,49.372343],[-69.403763,49.37213],[-69.403816,49.371992],[-69.40349,49.371818],[-69.403356,49.371646],[-69.403103,49.371248],[-69.403041,49.370942],[-69.402907,49.370752],[-69.402897,49.370626],[-69.402626,49.370407],[-69.402187,49.370349],[-69.401932,49.370023],[-69.401796,49.369941],[-69.401576,49.369948],[-69.401454,49.370002],[-69.40143,49.370097],[-69.401621,49.370257],[-69.401649,49.370353],[-69.401127,49.370612],[-69.401132,49.370717],[-69.401221,49.370782],[-69.401154,49.370969],[-69.400751,49.371136],[-69.400323,49.371159],[-69.400201,49.371284],[-69.400172,49.371484],[-69.399996,49.371614],[-69.398957,49.371496],[-69.398484,49.371519],[-69.397723,49.371656],[-69.397421,49.371644],[-69.397146,49.371614],[-69.396764,49.371458],[-69.396724,49.371385],[-69.39675,49.370846],[-69.39644,49.370555],[-69.396239,49.370284],[-69.396175,49.370058],[-69.396361,49.369866],[-69.396586,49.369711],[-69.397332,49.36944],[-69.397835,49.36903],[-69.398546,49.368741],[-69.398753,49.368737],[-69.3992,49.369035],[-69.399502,49.369092],[-69.399639,49.369102],[-69.399945,49.368988],[-69.399752,49.368649],[-69.39972,49.367943],[-69.399542,49.366682],[-69.399398,49.36633],[-69.399497,49.365594],[-69.399448,49.365341],[-69.399199,49.365366],[-69.399297,49.365635],[-69.39916,49.365914],[-69.399155,49.366121],[-69.399203,49.366454],[-69.399348,49.366703],[-69.398755,49.366783]],[[-69.422563,49.37305],[-69.422608,49.3735],[-69.423041,49.373643],[-69.423357,49.373894],[-69.423903,49.374141],[-69.42426,49.374154],[-69.424336,49.373847],[-69.424576,49.373572],[-69.424504,49.373315],[-69.424573,49.373105],[-69.424534,49.372996],[-69.424372,49.372842],[-69.424043,49.372668],[-69.423747,49.372441],[-69.423404,49.372365],[-69.423305,49.372517],[-69.423204,49.372938],[-69.422563,49.37305]],[[-69.40113,49.377578],[-69.401158,49.377011],[-69.401397,49.376124],[-69.401418,49.375809],[-69.40124,49.375561],[-69.401169,49.375214],[-69.400334,49.374663],[-69.400357,49.374585],[-69.400316,49.374558],[-69.400139,49.374457],[-69.400016,49.374447],[-69.400166,49.374827],[-69.400153,49.375087],[-69.400269,49.375307],[-69.400295,49.375529],[-69.400434,49.375895],[-69.400365,49.376096],[-69.400294,49.376689],[-69.400048,49.376896],[-69.399781,49.376963],[-69.399652,49.37716],[-69.399597,49.3777],[-69.399484,49.377886],[-69.39941,49.378146],[-69.399586,49.378274],[-69.399945,49.37826],[-69.400429,49.378147],[-69.400886,49.377847],[-69.40113,49.377578]],[[-69.408036,49.415243],[-69.407965,49.415313],[-69.407949,49.415411],[-69.407984,49.415718],[-69.408395,49.415953],[-69.408546,49.416187],[-69.408316,49.416269],[-69.408133,49.416448],[-69.408239,49.416628],[-69.408569,49.416694],[-69.408804,49.416634],[-69.409322,49.416392],[-69.409909,49.416554],[-69.410491,49.416398],[-69.409952,49.416277],[-69.409657,49.416111],[-69.409174,49.415983],[-69.40899,49.415839],[-69.408668,49.415419],[-69.40867,49.415223],[-69.408771,49.415033],[-69.40871,49.41469],[-69.408567,49.414284],[-69.408304,49.414345],[-69.408037,49.41454],[-69.40799,49.414836],[-69.408051,49.414993],[-69.408036,49.415243]],[[-69.514427,49.415972],[-69.514481,49.416009],[-69.514673,49.416082],[-69.515127,49.416104],[-69.515836,49.415832],[-69.515936,49.415635],[-69.51594,49.415446],[-69.515874,49.41531],[-69.515614,49.4152],[-69.515187,49.415188],[-69.514882,49.415284],[-69.514406,49.415658],[-69.514427,49.415972]],[[-69.398559,49.41865],[-69.398564,49.418434],[-69.398333,49.418279],[-69.398278,49.418287],[-69.398207,49.418386],[-69.398187,49.418655],[-69.398559,49.41865]],[[-69.450002,49.418652],[-69.45009,49.418921],[-69.450209,49.419794],[-69.450205,49.420117],[-69.450146,49.42029],[-69.450488,49.420529],[-69.450538,49.420644],[-69.450867,49.42071],[-69.451048,49.42048],[-69.451484,49.420257],[-69.451514,49.42014],[-69.451525,49.419628],[-69.451346,49.419167],[-69.451362,49.418835],[-69.451266,49.418196],[-69.450722,49.417858],[-69.450598,49.418015],[-69.450367,49.418144],[-69.450039,49.418175],[-69.449983,49.418229],[-69.450002,49.418652]],[[-69.487842,49.418495],[-69.488149,49.418326],[-69.488533,49.417903],[-69.488639,49.41785],[-69.488807,49.417845],[-69.489065,49.418038],[-69.489147,49.418065],[-69.489148,49.41802],[-69.489041,49.417831],[-69.48874,49.417711],[-69.488424,49.41769],[-69.488227,49.417877],[-69.488356,49.41794],[-69.488346,49.418006],[-69.487822,49.418126],[-69.487842,49.418495]],[[-69.490863,49.419042],[-69.490709,49.419158],[-69.490708,49.419203],[-69.490954,49.419331],[-69.491824,49.41924],[-69.491839,49.419177],[-69.491676,49.419059],[-69.490863,49.419042]],[[-69.435875,49.421094],[-69.435735,49.42121],[-69.435885,49.421301],[-69.436863,49.421292],[-69.436851,49.421247],[-69.436509,49.4211],[-69.435875,49.421094]],[[-69.441696,49.421969],[-69.441503,49.422199],[-69.440928,49.422397],[-69.440312,49.422466],[-69.439267,49.422821],[-69.438469,49.422926],[-69.437595,49.423187],[-69.437006,49.423567],[-69.436104,49.423962],[-69.435543,49.424092],[-69.43471,49.423961],[-69.434144,49.424019],[-69.43388,49.424124],[-69.433527,49.424481],[-69.433492,49.424831],[-69.433543,49.42503],[-69.433717,49.425256],[-69.434031,49.42543],[-69.434457,49.42547],[-69.434706,49.425427],[-69.434735,49.425391],[-69.434648,49.425285],[-69.434698,49.425271],[-69.435044,49.425471],[-69.435184,49.425647],[-69.435689,49.425886],[-69.436633,49.426218],[-69.436908,49.426248],[-69.438121,49.42625],[-69.438846,49.425897],[-69.439247,49.425617],[-69.439699,49.425575],[-69.44009,49.425631],[-69.441617,49.426103],[-69.442429,49.426568],[-69.442992,49.426708],[-69.443323,49.426675],[-69.443629,49.426561],[-69.443869,49.426311],[-69.4439,49.426093],[-69.444048,49.42594],[-69.444767,49.42589],[-69.445296,49.425983],[-69.446831,49.426002],[-69.44843,49.42656],[-69.448831,49.426986],[-69.449119,49.42707],[-69.449237,49.427039],[-69.449524,49.427111],[-69.449631,49.427281],[-69.449635,49.427407],[-69.449851,49.42767],[-69.450409,49.427925],[-69.450478,49.428],[-69.450575,49.428438],[-69.45053,49.428773],[-69.4507,49.428958],[-69.450617,49.429202],[-69.450407,49.429356],[-69.450307,49.429526],[-69.450216,49.42993],[-69.450239,49.430146],[-69.450454,49.430761],[-69.450407,49.43129],[-69.450466,49.431764],[-69.450457,49.432175],[-69.450365,49.432629],[-69.450389,49.432818],[-69.450529,49.43304],[-69.449988,49.433729],[-69.449764,49.433858],[-69.449204,49.434049],[-69.449012,49.434306],[-69.448656,49.434511],[-69.448483,49.434869],[-69.448588,49.43514],[-69.449405,49.435606],[-69.45159,49.43595],[-69.451949,49.435944],[-69.452588,49.435743],[-69.453525,49.435246],[-69.454311,49.43512],[-69.454498,49.434872],[-69.454703,49.434809],[-69.454517,49.434653],[-69.454409,49.434391],[-69.45449,49.433818],[-69.454488,49.433242],[-69.454377,49.433139],[-69.454331,49.433024],[-69.454255,49.432556],[-69.454265,49.432071],[-69.453447,49.430328],[-69.452934,49.429996],[-69.45283,49.429821],[-69.45287,49.429613],[-69.452829,49.429585],[-69.452433,49.429393],[-69.45123,49.429023],[-69.451199,49.428476],[-69.451268,49.428382],[-69.451492,49.428296],[-69.451578,49.428099],[-69.451587,49.427695],[-69.451384,49.427516],[-69.451377,49.427279],[-69.451437,49.426992],[-69.451349,49.426575],[-69.451353,49.425741],[-69.451062,49.425534],[-69.451022,49.425364],[-69.451059,49.425298],[-69.451366,49.42513],[-69.450911,49.425167],[-69.450636,49.425087],[-69.449529,49.424991],[-69.44921,49.42475],[-69.448651,49.42443],[-69.447888,49.424309],[-69.447067,49.423733],[-69.44675,49.423721],[-69.446608,49.42398],[-69.446532,49.42402],[-69.446249,49.424109],[-69.445894,49.424127],[-69.445176,49.423841],[-69.444901,49.423794],[-69.444541,49.423853],[-69.444131,49.423829],[-69.443626,49.423486],[-69.443348,49.423411],[-69.442907,49.423093],[-69.442761,49.422891],[-69.442886,49.422642],[-69.44289,49.422445],[-69.442677,49.422092],[-69.442539,49.422027],[-69.442216,49.421728],[-69.442107,49.421691],[-69.441887,49.42168],[-69.441705,49.421777],[-69.441696,49.421969]],[[-69.460942,49.423249],[-69.461288,49.423331],[-69.461387,49.423251],[-69.461494,49.42304],[-69.461757,49.422903],[-69.462291,49.422845],[-69.462692,49.422698],[-69.462799,49.422708],[-69.462936,49.422781],[-69.463021,49.422897],[-69.463171,49.422957],[-69.463319,49.423133],[-69.464014,49.42335],[-69.465285,49.423855],[-69.466092,49.424354],[-69.466533,49.424487],[-69.466938,49.424784],[-69.467844,49.425191],[-69.46804,49.425459],[-69.46834,49.425633],[-69.468614,49.425698],[-69.469251,49.425748],[-69.469589,49.425878],[-69.470066,49.425951],[-69.470397,49.426083],[-69.471264,49.426305],[-69.471713,49.42649],[-69.472444,49.426479],[-69.472877,49.426195],[-69.4729,49.425905],[-69.473,49.425612],[-69.472962,49.425431],[-69.472823,49.425475],[-69.472711,49.425573],[-69.472657,49.42586],[-69.472185,49.425747],[-69.471637,49.425501],[-69.471081,49.425408],[-69.470698,49.425176],[-69.470424,49.42486],[-69.468653,49.423819],[-69.467889,49.423471],[-69.466944,49.423221],[-69.466673,49.422929],[-69.465881,49.422581],[-69.465481,49.422538],[-69.465153,49.422439],[-69.46474,49.422418],[-69.464241,49.422539],[-69.464012,49.422687],[-69.463713,49.422667],[-69.463391,49.422316],[-69.462764,49.421995],[-69.462106,49.421809],[-69.461172,49.421675],[-69.460922,49.421745],[-69.460461,49.422055],[-69.460264,49.422242],[-69.460375,49.422828],[-69.460545,49.423279],[-69.460942,49.423249]],[[-69.46301,49.425361],[-69.462535,49.425006],[-69.462344,49.424932],[-69.462245,49.425021],[-69.462299,49.425093],[-69.462655,49.425288],[-69.46278,49.42542],[-69.462838,49.425665],[-69.463103,49.425857],[-69.463047,49.426106],[-69.462936,49.426277],[-69.463014,49.426477],[-69.462923,49.426856],[-69.462747,49.427163],[-69.462441,49.427505],[-69.462069,49.428149],[-69.462037,49.428355],[-69.462163,49.428552],[-69.462194,49.428743],[-69.462289,49.428816],[-69.462812,49.428884],[-69.46487,49.428899],[-69.46635,49.429149],[-69.467155,49.429157],[-69.467685,49.429251],[-69.46796,49.429263],[-69.468256,49.42917],[-69.46854,49.429146],[-69.468719,49.429233],[-69.469406,49.429338],[-69.469767,49.429252],[-69.470037,49.429131],[-69.470321,49.429122],[-69.470516,49.429016],[-69.470576,49.428773],[-69.470269,49.428481],[-69.470254,49.428348],[-69.470064,49.428202],[-69.467714,49.427305],[-69.467248,49.427071],[-69.465539,49.426529],[-69.464744,49.426167],[-69.463855,49.425834],[-69.46301,49.425361]],[[-69.482115,49.428129],[-69.481849,49.428361],[-69.481761,49.428585],[-69.481823,49.428745],[-69.481777,49.428871],[-69.481501,49.429185],[-69.481426,49.429472],[-69.481545,49.429689],[-69.481763,49.429843],[-69.481968,49.429917],[-69.482205,49.429785],[-69.482509,49.429077],[-69.482531,49.428926],[-69.482933,49.428595],[-69.482955,49.428348],[-69.483037,49.428209],[-69.48304,49.428101],[-69.482733,49.428131],[-69.482393,49.42806],[-69.482115,49.428129]],[[-69.45894,49.429425],[-69.458399,49.429591],[-69.458259,49.429891],[-69.457836,49.430125],[-69.457527,49.430392],[-69.45696,49.431151],[-69.456997,49.43134],[-69.457182,49.431693],[-69.457513,49.431723],[-69.457736,49.431572],[-69.457778,49.431403],[-69.457934,49.431212],[-69.458256,49.431145],[-69.458652,49.430905],[-69.458879,49.431016],[-69.459236,49.431021],[-69.459525,49.431103],[-69.459696,49.431257],[-69.459683,49.431455],[-69.459944,49.431502],[-69.459866,49.431258],[-69.459765,49.431126],[-69.459814,49.430954],[-69.460516,49.430518],[-69.460604,49.430267],[-69.460405,49.429905],[-69.4599,49.429649],[-69.459257,49.429436],[-69.45894,49.429425]],[[-69.498697,49.431718],[-69.498661,49.432113],[-69.498713,49.432285],[-69.498972,49.432431],[-69.499589,49.432497],[-69.500002,49.432611],[-69.50027,49.432745],[-69.500653,49.433129],[-69.501455,49.433729],[-69.50195,49.433778],[-69.501502,49.433328],[-69.501295,49.432988],[-69.501223,49.432545],[-69.501311,49.432001],[-69.501296,49.431345],[-69.501016,49.430902],[-69.500552,49.430673],[-69.500083,49.430669],[-69.499371,49.431103],[-69.498697,49.431718]],[[-69.460833,49.424028],[-69.460929,49.424185],[-69.460924,49.424263],[-69.461295,49.42432],[-69.461338,49.424231],[-69.461272,49.424104],[-69.460833,49.424028]],[[-69.438488,49.435452],[-69.438615,49.434653],[-69.438597,49.434248],[-69.438449,49.434076],[-69.437348,49.433641],[-69.437099,49.433371],[-69.43643,49.433698],[-69.436291,49.434195],[-69.435791,49.435185],[-69.43564,49.435602],[-69.43546,49.435829],[-69.435424,49.436063],[-69.435305,49.436241],[-69.434982,49.436504],[-69.434564,49.436703],[-69.434253,49.436767],[-69.433844,49.436691],[-69.433473,49.436548],[-69.433196,49.436582],[-69.433041,49.436884],[-69.432913,49.436912],[-69.432686,49.437302],[-69.432406,49.437155],[-69.432358,49.43708],[-69.432351,49.436742],[-69.432413,49.43662],[-69.432647,49.436451],[-69.432733,49.436326],[-69.432631,49.436102],[-69.432714,49.435912],[-69.432735,49.43557],[-69.432609,49.435027],[-69.432834,49.434861],[-69.432867,49.434573],[-69.43281,49.434035],[-69.432816,49.433744],[-69.432873,49.433692],[-69.432856,49.4332],[-69.433104,49.432561],[-69.433106,49.431815],[-69.432779,49.431632],[-69.432518,49.431603],[-69.432073,49.43176],[-69.431484,49.432458],[-69.430914,49.432721],[-69.429638,49.43276],[-69.429172,49.432687],[-69.428853,49.432774],[-69.42867,49.432952],[-69.428498,49.433211],[-69.428415,49.433931],[-69.428158,49.434215],[-69.427085,49.434463],[-69.426455,49.434501],[-69.426041,49.434482],[-69.425695,49.434396],[-69.425072,49.434116],[-69.424889,49.433768],[-69.424877,49.433618],[-69.424777,49.433456],[-69.424551,49.432779],[-69.424311,49.432372],[-69.424231,49.432263],[-69.423838,49.431972],[-69.423575,49.431987],[-69.423213,49.432173],[-69.422403,49.433183],[-69.421869,49.433716],[-69.421728,49.433986],[-69.421472,49.434198],[-69.421416,49.434569],[-69.421174,49.434929],[-69.420594,49.435569],[-69.42007,49.43598],[-69.419831,49.436089],[-69.418875,49.437107],[-69.418597,49.437211],[-69.418306,49.437253],[-69.417803,49.437228],[-69.416791,49.437005],[-69.416426,49.43707],[-69.416129,49.437026],[-69.415737,49.437043],[-69.415127,49.436893],[-69.414465,49.436561],[-69.413492,49.435913],[-69.412945,49.435687],[-69.412428,49.435399],[-69.412113,49.435306],[-69.411013,49.43564],[-69.410665,49.435699],[-69.410352,49.435718],[-69.409615,49.435636],[-69.409202,49.435393],[-69.408666,49.43468],[-69.408531,49.434562],[-69.408055,49.43441],[-69.407924,49.433954],[-69.407351,49.434271],[-69.40696,49.434386],[-69.406374,49.434449],[-69.4057,49.434422],[-69.404903,49.434192],[-69.404675,49.43404],[-69.404581,49.433846],[-69.404635,49.433662],[-69.404435,49.433327],[-69.404169,49.433223],[-69.403727,49.432952],[-69.403123,49.432838],[-69.401992,49.432846],[-69.401867,49.432862],[-69.401838,49.432925],[-69.402555,49.43357],[-69.402686,49.433859],[-69.403236,49.434618],[-69.403366,49.4349],[-69.403681,49.435002],[-69.404259,49.4351],[-69.404584,49.435252],[-69.404804,49.435438],[-69.404989,49.435801],[-69.405089,49.436787],[-69.405019,49.437001],[-69.404745,49.437368],[-69.404828,49.437387],[-69.405605,49.437142],[-69.406487,49.436507],[-69.407043,49.436481],[-69.407453,49.436539],[-69.407689,49.436469],[-69.407836,49.436282],[-69.408336,49.436485],[-69.408566,49.436126],[-69.408634,49.436102],[-69.4088,49.43612],[-69.409008,49.436222],[-69.409117,49.436726],[-69.409212,49.436817],[-69.409567,49.436946],[-69.410035,49.436977],[-69.410924,49.436689],[-69.411134,49.436571],[-69.411667,49.43675],[-69.412054,49.436717],[-69.412397,49.436605],[-69.412721,49.436636],[-69.413197,49.436763],[-69.413614,49.436926],[-69.414773,49.437867],[-69.415167,49.438114],[-69.415702,49.438127],[-69.415822,49.438425],[-69.416218,49.438464],[-69.416238,49.438638],[-69.416052,49.438758],[-69.415712,49.438851],[-69.415452,49.43877],[-69.415144,49.438572],[-69.415088,49.438607],[-69.415008,49.439074],[-69.415106,49.439573],[-69.415096,49.440076],[-69.414957,49.440782],[-69.414963,49.441106],[-69.415213,49.441675],[-69.415633,49.441994],[-69.415866,49.442095],[-69.416661,49.442207],[-69.417456,49.442541],[-69.41814,49.442755],[-69.418806,49.442599],[-69.419016,49.442463],[-69.419263,49.442486],[-69.419576,49.442414],[-69.419841,49.442564],[-69.420117,49.442548],[-69.420184,49.4425],[-69.421114,49.442369],[-69.421614,49.442184],[-69.421699,49.442095],[-69.421687,49.442041],[-69.421375,49.441659],[-69.421331,49.441471],[-69.421361,49.441372],[-69.421456,49.441316],[-69.421763,49.441398],[-69.422,49.441577],[-69.422725,49.4417],[-69.422973,49.441865],[-69.423252,49.441968],[-69.423421,49.442192],[-69.424113,49.442693],[-69.424646,49.442987],[-69.42505,49.443377],[-69.425281,49.443514],[-69.425269,49.443424],[-69.424744,49.442861],[-69.424486,49.442661],[-69.424213,49.442633],[-69.424142,49.442586],[-69.424028,49.442181],[-69.424032,49.442037],[-69.424132,49.441839],[-69.423728,49.441278],[-69.42354,49.440813],[-69.423529,49.440568],[-69.423595,49.440285],[-69.424276,49.439102],[-69.424349,49.439058],[-69.424804,49.438922],[-69.425492,49.438921],[-69.426841,49.43967],[-69.427083,49.439856],[-69.427368,49.440186],[-69.427564,49.44063],[-69.427704,49.441171],[-69.428065,49.44153],[-69.428563,49.442258],[-69.428915,49.442594],[-69.429202,49.442705],[-69.429437,49.442644],[-69.429963,49.441965],[-69.430221,49.441509],[-69.430377,49.441022],[-69.430633,49.440618],[-69.431119,49.440162],[-69.431383,49.440041],[-69.432035,49.439871],[-69.432443,49.439474],[-69.432425,49.439695],[-69.432575,49.439777],[-69.432808,49.439842],[-69.433097,49.439846],[-69.433385,49.439956],[-69.433606,49.439949],[-69.434023,49.439764],[-69.434769,49.439266],[-69.435221,49.439217],[-69.435412,49.43867],[-69.435473,49.437856],[-69.435576,49.437614],[-69.436364,49.437284],[-69.436824,49.437164],[-69.43734,49.43689],[-69.437916,49.436118],[-69.438488,49.435452]],[[-69.492459,49.436991],[-69.492231,49.437048],[-69.492137,49.437147],[-69.491897,49.437225],[-69.491826,49.437324],[-69.492117,49.437355],[-69.492151,49.437587],[-69.492354,49.437805],[-69.492779,49.437889],[-69.493331,49.437202],[-69.493377,49.436977],[-69.493351,49.436923],[-69.493105,49.436804],[-69.492719,49.436828],[-69.492459,49.436991]],[[-69.477575,49.436974],[-69.477366,49.437053],[-69.477092,49.437433],[-69.47666,49.437865],[-69.476323,49.438365],[-69.475939,49.438704],[-69.475101,49.439883],[-69.474628,49.44076],[-69.474609,49.440985],[-69.474919,49.441048],[-69.474959,49.441128],[-69.474751,49.441454],[-69.474817,49.441607],[-69.475247,49.441503],[-69.475381,49.44141],[-69.475859,49.44123],[-69.476056,49.441052],[-69.476171,49.440736],[-69.476538,49.440427],[-69.476892,49.439962],[-69.477208,49.439362],[-69.477232,49.438946],[-69.477433,49.438519],[-69.477564,49.437522],[-69.477575,49.436974]],[[-69.466487,49.441614],[-69.465377,49.441937],[-69.465058,49.442343],[-69.464426,49.442735],[-69.464118,49.44278],[-69.463797,49.443046],[-69.463352,49.443162],[-69.462419,49.44301],[-69.462194,49.44291],[-69.461503,49.442157],[-69.461416,49.441452],[-69.461229,49.441156],[-69.460879,49.440125],[-69.460798,49.440025],[-69.460527,49.439816],[-69.460076,49.439605],[-69.458502,49.43914],[-69.458241,49.438903],[-69.458136,49.43875],[-69.458085,49.438562],[-69.457943,49.438388],[-69.457901,49.438147],[-69.457721,49.437788],[-69.45764,49.437434],[-69.457546,49.437307],[-69.457342,49.437189],[-69.45675,49.437147],[-69.456086,49.437204],[-69.455877,49.437321],[-69.455393,49.437405],[-69.455174,49.43734],[-69.454952,49.437401],[-69.454771,49.43748],[-69.454713,49.437606],[-69.454983,49.437865],[-69.455205,49.438283],[-69.45535,49.438596],[-69.455388,49.438916],[-69.455521,49.439178],[-69.455855,49.439414],[-69.455962,49.439611],[-69.455989,49.439829],[-69.456158,49.440106],[-69.45621,49.440497],[-69.456434,49.440542],[-69.456616,49.440838],[-69.456585,49.44112],[-69.456122,49.441368],[-69.456037,49.441466],[-69.455949,49.441739],[-69.455737,49.441898],[-69.455312,49.441846],[-69.454937,49.441996],[-69.454728,49.442159],[-69.453925,49.442436],[-69.453428,49.442429],[-69.453193,49.442286],[-69.452971,49.442258],[-69.452783,49.442093],[-69.45237,49.442072],[-69.451894,49.442399],[-69.451093,49.442774],[-69.450853,49.442741],[-69.450523,49.442809],[-69.450274,49.442709],[-69.449779,49.44266],[-69.448704,49.442771],[-69.448005,49.44275],[-69.447468,49.442646],[-69.446684,49.442281],[-69.446406,49.442359],[-69.446294,49.442669],[-69.446062,49.442958],[-69.446075,49.443161],[-69.445948,49.44314],[-69.4458,49.443001],[-69.445335,49.442817],[-69.44514,49.442869],[-69.44484,49.443156],[-69.444679,49.44318],[-69.444246,49.44341],[-69.443993,49.443641],[-69.443934,49.443829],[-69.444059,49.444424],[-69.444438,49.444769],[-69.444875,49.444935],[-69.445232,49.444876],[-69.445795,49.445087],[-69.446292,49.445392],[-69.447188,49.446086],[-69.447245,49.446311],[-69.447147,49.446412],[-69.446648,49.447401],[-69.446462,49.447485],[-69.446305,49.447736],[-69.446274,49.448178],[-69.44567,49.448606],[-69.445218,49.448859],[-69.444407,49.449199],[-69.443666,49.449249],[-69.443402,49.449337],[-69.443192,49.44947],[-69.443031,49.449657],[-69.442352,49.450034],[-69.441588,49.450282],[-69.441201,49.450504],[-69.441001,49.450496],[-69.440785,49.450415],[-69.440069,49.449756],[-69.439778,49.449816],[-69.439263,49.450132],[-69.438955,49.450218],[-69.43849,49.450254],[-69.437374,49.450166],[-69.436335,49.449793],[-69.435574,49.44904],[-69.434826,49.44853],[-69.434531,49.448459],[-69.434262,49.448325],[-69.43337,49.447617],[-69.432516,49.44717],[-69.432294,49.447005],[-69.431377,49.446663],[-69.431006,49.446625],[-69.430515,49.446327],[-69.429605,49.445515],[-69.429383,49.445152],[-69.429221,49.44435],[-69.429126,49.444314],[-69.428865,49.444732],[-69.428619,49.44487],[-69.428316,49.444729],[-69.427949,49.444635],[-69.427402,49.444289],[-69.427043,49.444294],[-69.426789,49.444351],[-69.426316,49.444108],[-69.42652,49.444425],[-69.426594,49.444668],[-69.426898,49.444714],[-69.427106,49.44487],[-69.427076,49.444979],[-69.426994,49.44501],[-69.426422,49.444972],[-69.426057,49.445265],[-69.426202,49.445554],[-69.426472,49.445818],[-69.426906,49.446137],[-69.428297,49.446864],[-69.429112,49.44747],[-69.430392,49.448146],[-69.430921,49.44862],[-69.432189,49.449278],[-69.43228,49.44954],[-69.432416,49.449632],[-69.434226,49.450522],[-69.434683,49.450788],[-69.435073,49.45114],[-69.436315,49.4518],[-69.436684,49.452082],[-69.436921,49.452425],[-69.437327,49.452788],[-69.438892,49.453774],[-69.43963,49.454095],[-69.440889,49.454547],[-69.441425,49.454651],[-69.4433,49.454665],[-69.443511,49.454706],[-69.443765,49.454888],[-69.443975,49.454738],[-69.443962,49.454538],[-69.444025,49.454345],[-69.443981,49.454065],[-69.443997,49.453717],[-69.444087,49.453513],[-69.444457,49.453381],[-69.444998,49.453362],[-69.4454,49.453258],[-69.446195,49.452851],[-69.446982,49.452166],[-69.447223,49.45189],[-69.447131,49.45169],[-69.44715,49.45143],[-69.44728,49.451309],[-69.4475,49.451245],[-69.44776,49.451256],[-69.448744,49.45104],[-69.449302,49.450775],[-69.449868,49.450115],[-69.449997,49.449551],[-69.45032,49.44902],[-69.450856,49.449045],[-69.451372,49.448789],[-69.452172,49.448131],[-69.452256,49.44796],[-69.452689,49.447757],[-69.453409,49.447674],[-69.454047,49.44746],[-69.454739,49.44739],[-69.454941,49.447187],[-69.455334,49.447314],[-69.45558,49.446759],[-69.455558,49.446507],[-69.455451,49.44646],[-69.45526,49.446243],[-69.455386,49.44583],[-69.455898,49.445366],[-69.456475,49.445049],[-69.456777,49.444962],[-69.457047,49.444639],[-69.45733,49.444473],[-69.457433,49.444472],[-69.457503,49.444555],[-69.457558,49.444555],[-69.458256,49.444254],[-69.459346,49.444131],[-69.460124,49.443859],[-69.460385,49.443719],[-69.46063,49.443711],[-69.460865,49.44401],[-69.461138,49.444165],[-69.462031,49.444308],[-69.462949,49.444338],[-69.463583,49.444637],[-69.464153,49.444806],[-69.464677,49.445051],[-69.465119,49.445055],[-69.46544,49.444851],[-69.465697,49.444501],[-69.465902,49.444336],[-69.466336,49.44409],[-69.467313,49.443672],[-69.467537,49.443503],[-69.467737,49.442938],[-69.467916,49.442708],[-69.468725,49.442445],[-69.469078,49.442384],[-69.469332,49.442273],[-69.469522,49.442262],[-69.469429,49.442072],[-69.469144,49.441845],[-69.46898,49.441771],[-69.468375,49.441775],[-69.467619,49.44157],[-69.467069,49.441511],[-69.466487,49.441614]],[[-69.472969,49.442256],[-69.472896,49.44272],[-69.47255,49.443452],[-69.471782,49.444287],[-69.471656,49.444644],[-69.471295,49.445155],[-69.471149,49.445567],[-69.471181,49.445984],[-69.471091,49.446184],[-69.470652,49.446413],[-69.469717,49.446742],[-69.469425,49.446907],[-69.46905,49.446996],[-69.468858,49.447579],[-69.468814,49.448257],[-69.468493,49.448583],[-69.468311,49.449049],[-69.468107,49.449398],[-69.466729,49.45113],[-69.466661,49.451603],[-69.466509,49.45193],[-69.465983,49.452463],[-69.465516,49.453071],[-69.464827,49.454315],[-69.464638,49.454758],[-69.464014,49.455611],[-69.463849,49.456212],[-69.463841,49.456569],[-69.463739,49.456868],[-69.463586,49.456902],[-69.463719,49.457137],[-69.463995,49.457149],[-69.464148,49.457069],[-69.464373,49.456873],[-69.464543,49.456413],[-69.464984,49.45606],[-69.465258,49.45546],[-69.465377,49.454796],[-69.466034,49.454011],[-69.466243,49.453603],[-69.466345,49.453287],[-69.467048,49.452347],[-69.467342,49.451689],[-69.467696,49.451133],[-69.468601,49.449978],[-69.46873,49.449772],[-69.46882,49.449355],[-69.468991,49.44908],[-69.469317,49.448743],[-69.469449,49.448495],[-69.469713,49.44827],[-69.469798,49.448062],[-69.470203,49.447685],[-69.470754,49.447272],[-69.47115,49.446907],[-69.471634,49.446741],[-69.471844,49.446617],[-69.472,49.446429],[-69.472443,49.445669],[-69.472531,49.4454],[-69.472439,49.445192],[-69.472327,49.445117],[-69.472407,49.445021],[-69.472538,49.444974],[-69.472911,49.445062],[-69.473561,49.445069],[-69.473783,49.44523],[-69.47395,49.445511],[-69.47442,49.44582],[-69.474532,49.446038],[-69.474886,49.446248],[-69.47516,49.446331],[-69.475463,49.44637],[-69.475808,49.446328],[-69.476727,49.446031],[-69.477089,49.446054],[-69.477879,49.446212],[-69.47835,49.446153],[-69.478629,49.445974],[-69.479034,49.445937],[-69.480006,49.446086],[-69.48,49.445709],[-69.479895,49.445474],[-69.47943,49.445082],[-69.479356,49.444849],[-69.47914,49.444476],[-69.479108,49.444181],[-69.478895,49.443775],[-69.478653,49.443503],[-69.477737,49.442897],[-69.477336,49.44252],[-69.476681,49.442084],[-69.476548,49.441919],[-69.474618,49.44192],[-69.473955,49.441983],[-69.4735,49.441928],[-69.472969,49.442256]],[[-69.498063,49.443147],[-69.497707,49.443094],[-69.496754,49.443167],[-69.49664,49.4433],[-69.496715,49.443688],[-69.496961,49.443807],[-69.497598,49.443686],[-69.498403,49.443158],[-69.498812,49.442987],[-69.498785,49.442941],[-69.498689,49.442941],[-69.498357,49.442992],[-69.498063,49.443147]],[[-69.50268,49.447967],[-69.502387,49.448269],[-69.502349,49.448584],[-69.502211,49.448771],[-69.502037,49.449183],[-69.502044,49.449543],[-69.503034,49.449677],[-69.503478,49.449555],[-69.503871,49.449235],[-69.50404,49.44903],[-69.504779,49.447966],[-69.50467,49.447902],[-69.50445,49.44805],[-69.50436,49.448055],[-69.504035,49.447924],[-69.502937,49.44768],[-69.50284,49.447715],[-69.50268,49.447967]],[[-69.489122,49.456103],[-69.488878,49.456082],[-69.48878,49.45601],[-69.488628,49.456036],[-69.488582,49.45626],[-69.48864,49.456411],[-69.488702,49.457026],[-69.488546,49.457648],[-69.488322,49.458155],[-69.488335,49.458218],[-69.488593,49.458428],[-69.48942,49.459007],[-69.489856,49.459374],[-69.49012,49.459286],[-69.490251,49.458964],[-69.490276,49.458697],[-69.490411,49.458542],[-69.490296,49.45811],[-69.489818,49.457872],[-69.489715,49.457866],[-69.489384,49.457601],[-69.489405,49.457422],[-69.489775,49.457296],[-69.489903,49.45709],[-69.489814,49.456876],[-69.489884,49.456667],[-69.489861,49.45646],[-69.489668,49.45624],[-69.489621,49.456027],[-69.489553,49.455999],[-69.489122,49.456103]],[[-69.438958,49.458573],[-69.438964,49.458415],[-69.439062,49.458198],[-69.440303,49.457614],[-69.440501,49.457608],[-69.440983,49.45773],[-69.441065,49.457903],[-69.441515,49.458177],[-69.44172,49.458242],[-69.442093,49.458218],[-69.442706,49.457945],[-69.442945,49.457749],[-69.443074,49.457526],[-69.443039,49.457238],[-69.442945,49.457093],[-69.442714,49.456956],[-69.442315,49.45689],[-69.441675,49.457206],[-69.44142,49.45717],[-69.440796,49.456975],[-69.440438,49.456935],[-69.439845,49.456939],[-69.439443,49.457007],[-69.439179,49.457113],[-69.438939,49.457353],[-69.438706,49.457859],[-69.438242,49.458135],[-69.437132,49.458527],[-69.43686,49.458579],[-69.436499,49.458608],[-69.436182,49.458524],[-69.435906,49.45853],[-69.435503,49.458697],[-69.43509,49.459012],[-69.434746,49.459183],[-69.434081,49.459377],[-69.433964,49.459655],[-69.433961,49.459789],[-69.434094,49.460033],[-69.434721,49.460372],[-69.435009,49.460482],[-69.435215,49.460502],[-69.436306,49.460467],[-69.437175,49.460211],[-69.438203,49.460152],[-69.438731,49.459968],[-69.439125,49.459621],[-69.439253,49.459442],[-69.439256,49.459281],[-69.438958,49.458573]],[[-69.461245,49.460667],[-69.460288,49.461531],[-69.460173,49.461755],[-69.460082,49.462122],[-69.460058,49.462644],[-69.460205,49.462861],[-69.460775,49.462323],[-69.46113,49.462159],[-69.461513,49.461819],[-69.461829,49.461724],[-69.462152,49.461458],[-69.46221,49.461314],[-69.46223,49.461018],[-69.46211,49.460819],[-69.461924,49.460657],[-69.461875,49.460223],[-69.461245,49.460667]],[[-69.426759,49.462978],[-69.426253,49.463295],[-69.424949,49.463647],[-69.424447,49.463685],[-69.424233,49.463592],[-69.424228,49.463535],[-69.4244,49.463427],[-69.425017,49.463187],[-69.425188,49.463055],[-69.425435,49.462957],[-69.425387,49.462629],[-69.425473,49.462507],[-69.425483,49.462279],[-69.425745,49.462033],[-69.425747,49.461979],[-69.425598,49.461816],[-69.424906,49.461297],[-69.424187,49.46135],[-69.42325,49.461327],[-69.4226,49.461384],[-69.422475,49.461445],[-69.422347,49.461606],[-69.422285,49.461917],[-69.422082,49.462102],[-69.421815,49.461985],[-69.421343,49.461471],[-69.421085,49.461262],[-69.420768,49.461259],[-69.420597,49.461441],[-69.420113,49.461549],[-69.42004,49.461764],[-69.420036,49.461908],[-69.420128,49.462125],[-69.420604,49.462471],[-69.421112,49.462568],[-69.421789,49.462796],[-69.422011,49.463087],[-69.422545,49.463387],[-69.423272,49.464079],[-69.423622,49.4642],[-69.423859,49.464335],[-69.424103,49.464563],[-69.42431,49.464626],[-69.424991,49.464994],[-69.425407,49.465109],[-69.42563,49.46528],[-69.425952,49.465821],[-69.426304,49.466139],[-69.426839,49.466246],[-69.427405,49.466574],[-69.427532,49.466707],[-69.427706,49.467042],[-69.427829,49.466958],[-69.428151,49.467097],[-69.428316,49.467442],[-69.428307,49.467532],[-69.428157,49.467526],[-69.427937,49.467436],[-69.427936,49.467215],[-69.427841,49.467143],[-69.42745,49.467234],[-69.427125,49.4671],[-69.426807,49.467133],[-69.426796,49.4676],[-69.426859,49.467898],[-69.426993,49.468097],[-69.427251,49.468261],[-69.427519,49.468184],[-69.428165,49.468108],[-69.428305,49.468037],[-69.428467,49.467807],[-69.428642,49.467752],[-69.428712,49.467531],[-69.429761,49.467691],[-69.430066,49.467613],[-69.429819,49.467434],[-69.429196,49.466689],[-69.428804,49.466],[-69.428344,49.465452],[-69.428231,49.465105],[-69.427972,49.464751],[-69.427848,49.464292],[-69.427386,49.463371],[-69.427008,49.46298],[-69.426759,49.462978]],[[-69.477194,49.463287],[-69.476738,49.46326],[-69.476486,49.463465],[-69.476521,49.463753],[-69.47685,49.463846],[-69.47714,49.463857],[-69.477405,49.463725],[-69.477509,49.463464],[-69.477883,49.463306],[-69.477846,49.463063],[-69.477778,49.463018],[-69.477194,49.463287]],[[-69.470366,49.463842],[-69.470323,49.463914],[-69.470348,49.46404],[-69.470468,49.464221],[-69.470607,49.464168],[-69.470531,49.46387],[-69.470366,49.463842]],[[-69.459857,49.463908],[-69.459909,49.463802],[-69.459847,49.463477],[-69.459974,49.463335],[-69.459936,49.463182],[-69.459583,49.463566],[-69.459453,49.463834],[-69.459158,49.464033],[-69.458239,49.464498],[-69.458124,49.465244],[-69.457756,49.465779],[-69.45729,49.466288],[-69.457063,49.466681],[-69.456863,49.466904],[-69.456744,49.467317],[-69.456684,49.467898],[-69.456444,49.468456],[-69.456575,49.468745],[-69.457498,49.468178],[-69.457751,49.468057],[-69.45804,49.467994],[-69.458319,49.467835],[-69.458568,49.467615],[-69.459257,49.467241],[-69.460113,49.466556],[-69.460365,49.46574],[-69.460391,49.465267],[-69.460688,49.464781],[-69.460707,49.464556],[-69.460614,49.464366],[-69.460315,49.464166],[-69.459992,49.464032],[-69.459857,49.463908]],[[-69.476679,49.464797],[-69.477044,49.464477],[-69.477031,49.464432],[-69.476702,49.464348],[-69.476394,49.464552],[-69.47632,49.464794],[-69.476554,49.464855],[-69.476679,49.464797]],[[-69.465438,49.467822],[-69.465055,49.467751],[-69.46513,49.467985],[-69.465128,49.468184],[-69.465289,49.468393],[-69.465294,49.4688],[-69.465248,49.46903],[-69.465379,49.46924],[-69.465377,49.469454],[-69.465322,49.469471],[-69.465537,49.469829],[-69.465664,49.470284],[-69.465843,49.470701],[-69.465909,49.471071],[-69.465835,49.471337],[-69.46583,49.471571],[-69.465949,49.471806],[-69.466073,49.471825],[-69.466447,49.471747],[-69.466725,49.471313],[-69.466886,49.471194],[-69.466933,49.4711],[-69.467373,49.471009],[-69.467538,49.4704],[-69.467792,49.470123],[-69.467793,49.47006],[-69.467675,49.469798],[-69.467434,49.469597],[-69.467312,49.469345],[-69.466938,49.469257],[-69.46673,49.46909],[-69.46627,49.468338],[-69.465902,49.467963],[-69.465871,49.467642],[-69.465775,49.467614],[-69.465438,49.467822]],[[-69.479719,49.470561],[-69.480127,49.470379],[-69.480608,49.470236],[-69.480684,49.46994],[-69.480661,49.469715],[-69.480564,49.469724],[-69.480494,49.469786],[-69.480142,49.4702],[-69.479374,49.470522],[-69.479539,49.470578],[-69.479719,49.470561]],[[-69.436426,49.471484],[-69.435952,49.471723],[-69.435797,49.471865],[-69.435737,49.47208],[-69.435746,49.472294],[-69.43562,49.472482],[-69.4352,49.472791],[-69.434646,49.472984],[-69.434212,49.473037],[-69.433544,49.473283],[-69.433263,49.473523],[-69.433218,49.473685],[-69.433745,49.474425],[-69.433812,49.474931],[-69.434012,49.475257],[-69.434146,49.475438],[-69.434553,49.475783],[-69.435341,49.476366],[-69.435589,49.476494],[-69.435634,49.476818],[-69.435742,49.476963],[-69.435917,49.476954],[-69.43597,49.477012],[-69.435927,49.477334],[-69.435938,49.477451],[-69.436019,49.477541],[-69.436794,49.478079],[-69.437089,49.478052],[-69.437724,49.478379],[-69.438233,49.479198],[-69.438414,49.479101],[-69.438118,49.478682],[-69.438057,49.47836],[-69.437733,49.477936],[-69.437333,49.476922],[-69.437234,49.476504],[-69.437341,49.476394],[-69.437485,49.475992],[-69.437823,49.475813],[-69.437897,49.475562],[-69.43794,49.474879],[-69.438058,49.474647],[-69.438352,49.474317],[-69.438396,49.474182],[-69.438384,49.473939],[-69.438876,49.473062],[-69.438869,49.472712],[-69.438754,49.472315],[-69.438527,49.471962],[-69.438281,49.471888],[-69.437873,49.471578],[-69.437419,49.471493],[-69.436426,49.471484]],[[-69.477403,49.473077],[-69.477501,49.473033],[-69.4773,49.472725],[-69.476612,49.472638],[-69.476637,49.472782],[-69.476772,49.472909],[-69.477113,49.473083],[-69.477403,49.473077]],[[-69.476075,49.475214],[-69.475932,49.475391],[-69.475625,49.475624],[-69.475539,49.475812],[-69.475716,49.476542],[-69.476229,49.476465],[-69.476853,49.476291],[-69.477189,49.476078],[-69.477221,49.475845],[-69.476941,49.475421],[-69.476877,49.475149],[-69.476075,49.475214]],[[-69.481744,49.476583],[-69.481796,49.476553],[-69.48177,49.476455],[-69.48152,49.476236],[-69.481602,49.476057],[-69.481824,49.475939],[-69.482425,49.475886],[-69.482851,49.475738],[-69.482879,49.475689],[-69.482772,49.475627],[-69.482578,49.47572],[-69.482424,49.475731],[-69.482094,49.475639],[-69.481326,49.475566],[-69.48063,49.475866],[-69.480494,49.476091],[-69.480886,49.476309],[-69.481079,49.476475],[-69.481744,49.476583]],[[-69.46369,49.476857],[-69.463452,49.476981],[-69.463397,49.477175],[-69.463164,49.477572],[-69.463114,49.477958],[-69.463301,49.478263],[-69.463119,49.478415],[-69.462659,49.478581],[-69.462446,49.478222],[-69.46227,49.478077],[-69.462046,49.47821],[-69.461831,49.478419],[-69.46157,49.478556],[-69.461832,49.478806],[-69.461985,49.479061],[-69.46201,49.47927],[-69.462211,49.479489],[-69.462209,49.479641],[-69.4623,49.479902],[-69.462496,49.480086],[-69.463025,49.48088],[-69.463383,49.480946],[-69.463535,49.480912],[-69.4638,49.480761],[-69.463901,49.480324],[-69.464038,49.480139],[-69.464299,49.480028],[-69.464328,49.479947],[-69.464027,49.479763],[-69.463795,49.479547],[-69.46368,49.479267],[-69.463469,49.479116],[-69.463614,49.478493],[-69.463458,49.478257],[-69.463566,49.478034],[-69.463724,49.477865],[-69.463652,49.477645],[-69.463923,49.477597],[-69.46396,49.477176],[-69.46434,49.476764],[-69.464168,49.476717],[-69.46369,49.476857]],[[-69.469283,49.479281],[-69.469384,49.479066],[-69.469088,49.478695],[-69.469033,49.478704],[-69.468837,49.478855],[-69.469021,49.479279],[-69.469283,49.479281]],[[-69.470851,49.480204],[-69.47095,49.480097],[-69.470898,49.479943],[-69.470583,49.479841],[-69.470619,49.480067],[-69.470851,49.480204]],[[-69.471387,49.480982],[-69.471732,49.480949],[-69.471844,49.480887],[-69.471915,49.480824],[-69.471855,49.48059],[-69.471895,49.48042],[-69.471688,49.480445],[-69.471578,49.480552],[-69.471324,49.480675],[-69.471308,49.480801],[-69.471387,49.480982]],[[-69.449414,49.481027],[-69.449393,49.480721],[-69.448943,49.480015],[-69.44885,49.479708],[-69.448802,49.479295],[-69.44817,49.479154],[-69.447907,49.479224],[-69.447075,49.480016],[-69.446848,49.48032],[-69.446454,49.481029],[-69.446084,49.48152],[-69.445815,49.481744],[-69.445086,49.482013],[-69.444903,49.482218],[-69.444863,49.482391],[-69.444659,49.48262],[-69.444529,49.482898],[-69.444546,49.483218],[-69.444461,49.483509],[-69.444291,49.483705],[-69.44429,49.483768],[-69.444411,49.483895],[-69.444576,49.483941],[-69.444544,49.483807],[-69.444684,49.48369],[-69.445388,49.483382],[-69.445836,49.483028],[-69.446585,49.482917],[-69.447043,49.482786],[-69.447532,49.48253],[-69.447645,49.482352],[-69.447857,49.482218],[-69.447968,49.482201],[-69.448073,49.482276],[-69.448078,49.482536],[-69.447677,49.482846],[-69.447464,49.483113],[-69.447391,49.483329],[-69.447387,49.4835],[-69.447481,49.483644],[-69.447981,49.483779],[-69.448494,49.484004],[-69.44988,49.484403],[-69.449908,49.484359],[-69.449648,49.484142],[-69.449793,49.483953],[-69.44978,49.483899],[-69.449424,49.483696],[-69.449197,49.483505],[-69.449048,49.483342],[-69.448891,49.482875],[-69.448364,49.482554],[-69.448246,49.482265],[-69.448525,49.481927],[-69.448655,49.481525],[-69.44902,49.481347],[-69.449414,49.481027]],[[-69.497655,49.482804],[-69.497807,49.482529],[-69.497982,49.482375],[-69.49797,49.482258],[-69.497752,49.482112],[-69.497587,49.482102],[-69.497293,49.482306],[-69.49711,49.482493],[-69.49705,49.482727],[-69.49709,49.482781],[-69.497323,49.482846],[-69.497655,49.482804]],[[-69.43144,49.483731],[-69.430985,49.483745],[-69.430664,49.483868],[-69.430574,49.484148],[-69.430086,49.484429],[-69.430131,49.484696],[-69.430001,49.485165],[-69.430323,49.485596],[-69.430292,49.485761],[-69.430588,49.486133],[-69.430887,49.486343],[-69.431066,49.486353],[-69.431142,49.486259],[-69.431543,49.486155],[-69.431815,49.486176],[-69.432162,49.486325],[-69.432832,49.486999],[-69.434458,49.488408],[-69.434518,49.488193],[-69.434235,49.487857],[-69.433696,49.487484],[-69.433006,49.486632],[-69.432193,49.486069],[-69.432026,49.484991],[-69.432237,49.484779],[-69.432594,49.484614],[-69.432506,49.484236],[-69.432275,49.484071],[-69.43144,49.483731]],[[-69.458171,49.486663],[-69.458198,49.486888],[-69.457982,49.486985],[-69.457919,49.48738],[-69.458232,49.487581],[-69.458696,49.487726],[-69.458819,49.487901],[-69.458695,49.488072],[-69.458427,49.48815],[-69.458398,49.488203],[-69.458817,49.488639],[-69.459148,49.488722],[-69.459236,49.488806],[-69.459211,49.48893],[-69.459258,49.489126],[-69.458984,49.489225],[-69.458872,49.489313],[-69.458757,49.48951],[-69.459128,49.489595],[-69.459482,49.489578],[-69.459608,49.489743],[-69.46006,49.489799],[-69.46021,49.489991],[-69.460518,49.489963],[-69.460841,49.490195],[-69.461153,49.49028],[-69.461476,49.490554],[-69.461598,49.490735],[-69.461515,49.490965],[-69.461268,49.490882],[-69.461252,49.490963],[-69.461264,49.491062],[-69.461466,49.491288],[-69.461571,49.49134],[-69.461572,49.491523],[-69.46166,49.4917],[-69.461635,49.491765],[-69.461235,49.491799],[-69.461011,49.491914],[-69.46128,49.491947],[-69.461533,49.492071],[-69.462395,49.492161],[-69.462509,49.492242],[-69.46311,49.49238],[-69.46355,49.49275],[-69.46353,49.492925],[-69.464018,49.493095],[-69.464398,49.49368],[-69.464631,49.49388],[-69.46464,49.493969],[-69.465295,49.493696],[-69.465626,49.493433],[-69.46598,49.493253],[-69.465961,49.492848],[-69.465935,49.492794],[-69.465637,49.492725],[-69.465627,49.492523],[-69.466009,49.492534],[-69.466176,49.492481],[-69.466343,49.492411],[-69.466571,49.492183],[-69.466878,49.492137],[-69.467536,49.492161],[-69.467948,49.492058],[-69.46885,49.49202],[-69.468892,49.491975],[-69.46888,49.491903],[-69.468622,49.491685],[-69.46759,49.491344],[-69.466417,49.490827],[-69.465736,49.490445],[-69.465399,49.490029],[-69.464778,49.490028],[-69.464677,49.489988],[-69.464447,49.489689],[-69.464625,49.489446],[-69.464589,49.489194],[-69.464303,49.489003],[-69.463643,49.488871],[-69.463517,49.488978],[-69.463473,49.489103],[-69.463744,49.489415],[-69.463431,49.489417],[-69.463082,49.489279],[-69.462399,49.489155],[-69.461273,49.488688],[-69.460987,49.488632],[-69.460642,49.488484],[-69.45962,49.488359],[-69.459069,49.488041],[-69.459372,49.487825],[-69.459416,49.487736],[-69.459408,49.487457],[-69.459355,49.487331],[-69.458479,49.486549],[-69.458209,49.486093],[-69.458171,49.48589],[-69.457987,49.485746],[-69.457959,49.485466],[-69.457624,49.485022],[-69.457461,49.484868],[-69.457173,49.484784],[-69.457157,49.484865],[-69.457574,49.485206],[-69.457685,49.4854],[-69.457867,49.48558],[-69.457859,49.485662],[-69.457647,49.485885],[-69.458171,49.486663]],[[-69.463905,49.487569],[-69.463654,49.487702],[-69.46384,49.488027],[-69.465124,49.488714],[-69.465688,49.489135],[-69.465796,49.48935],[-69.46572,49.489463],[-69.465543,49.489469],[-69.465247,49.489389],[-69.46545,49.48957],[-69.466727,49.489924],[-69.467154,49.489865],[-69.467452,49.489888],[-69.468583,49.490264],[-69.468845,49.490284],[-69.469179,49.490161],[-69.469211,49.489921],[-69.469312,49.489767],[-69.469299,49.489713],[-69.468864,49.489444],[-69.468702,49.489195],[-69.46858,49.489113],[-69.467979,49.48882],[-69.467331,49.488688],[-69.46557,49.488025],[-69.464733,49.487595],[-69.463905,49.487569]],[[-69.483736,49.49047],[-69.483648,49.490739],[-69.483676,49.491387],[-69.483947,49.491614],[-69.484348,49.49159],[-69.485125,49.491408],[-69.48585,49.491019],[-69.486359,49.490605],[-69.486578,49.490549],[-69.48672,49.49045],[-69.486828,49.490479],[-69.486791,49.490245],[-69.486616,49.490028],[-69.485286,49.48962],[-69.484967,49.489662],[-69.484675,49.489777],[-69.484146,49.490015],[-69.484005,49.490122],[-69.483736,49.49047]],[[-69.447851,49.495347],[-69.447975,49.495348],[-69.448729,49.495579],[-69.448668,49.495237],[-69.448522,49.494948],[-69.448253,49.494595],[-69.44805,49.49444],[-69.447677,49.494428],[-69.447474,49.494903],[-69.447851,49.495347]],[[-69.450312,49.495765],[-69.450199,49.495934],[-69.450367,49.495943],[-69.450695,49.496074],[-69.451202,49.496816],[-69.451459,49.497061],[-69.451678,49.497171],[-69.452356,49.497335],[-69.45396,49.498244],[-69.454321,49.498166],[-69.454475,49.49805],[-69.45448,49.497835],[-69.454247,49.497445],[-69.454058,49.496914],[-69.453964,49.496769],[-69.453828,49.496651],[-69.453323,49.496495],[-69.45311,49.496376],[-69.453121,49.496159],[-69.453057,49.495951],[-69.452855,49.495834],[-69.452622,49.495606],[-69.452385,49.49554],[-69.452254,49.495453],[-69.452214,49.495296],[-69.452025,49.495124],[-69.451494,49.494786],[-69.451233,49.494712],[-69.451053,49.494737],[-69.450413,49.494965],[-69.450146,49.49517],[-69.4503,49.495503],[-69.450312,49.495765]],[[-69.471141,49.497993],[-69.471594,49.498201],[-69.472536,49.498892],[-69.472692,49.499049],[-69.472893,49.499371],[-69.47293,49.499556],[-69.473051,49.499719],[-69.473519,49.499816],[-69.473693,49.500066],[-69.473816,49.500112],[-69.474453,49.500128],[-69.47471,49.500273],[-69.474834,49.500283],[-69.475415,49.500261],[-69.475735,49.500193],[-69.476134,49.500205],[-69.476406,49.500122],[-69.47659,49.500164],[-69.476606,49.500092],[-69.476496,49.499914],[-69.476699,49.499676],[-69.476808,49.499635],[-69.476837,49.499388],[-69.476968,49.499268],[-69.476944,49.499189],[-69.476986,49.499061],[-69.476937,49.498787],[-69.476968,49.498611],[-69.476928,49.498557],[-69.476472,49.498343],[-69.476369,49.498201],[-69.475769,49.497836],[-69.475519,49.497888],[-69.474876,49.498391],[-69.474221,49.498452],[-69.473874,49.498446],[-69.473536,49.498329],[-69.47312,49.498263],[-69.472697,49.498004],[-69.472622,49.49779],[-69.472485,49.497594],[-69.472673,49.497341],[-69.472679,49.497071],[-69.472531,49.496881],[-69.47225,49.496761],[-69.472433,49.496572],[-69.472888,49.496327],[-69.472919,49.496129],[-69.472855,49.495886],[-69.472339,49.495477],[-69.471761,49.495409],[-69.471414,49.495478],[-69.471056,49.495742],[-69.470411,49.495927],[-69.470283,49.496097],[-69.470288,49.496529],[-69.470939,49.497344],[-69.470844,49.497631],[-69.470856,49.497757],[-69.471141,49.497993]],[[-69.462047,49.500358],[-69.461768,49.500499],[-69.461705,49.500858],[-69.46184,49.50098],[-69.461845,49.501036],[-69.461644,49.501145],[-69.460738,49.50195],[-69.460225,49.502221],[-69.459965,49.502289],[-69.459313,49.502329],[-69.457978,49.502592],[-69.457651,49.502566],[-69.456614,49.50261],[-69.456322,49.502541],[-69.455512,49.502146],[-69.45461,49.501424],[-69.453695,49.500904],[-69.453016,49.50042],[-69.452701,49.500336],[-69.452644,49.500381],[-69.452703,49.500885],[-69.45295,49.501239],[-69.452812,49.501259],[-69.452658,49.501037],[-69.452548,49.500992],[-69.452339,49.501097],[-69.452184,49.501314],[-69.45206,49.50123],[-69.45135,49.500216],[-69.451133,49.500043],[-69.450846,49.499906],[-69.450513,49.499975],[-69.450457,49.500001],[-69.450618,49.500314],[-69.45061,49.500623],[-69.450663,49.500705],[-69.450907,49.500923],[-69.451268,49.501094],[-69.451279,49.501154],[-69.451167,49.501181],[-69.451027,49.501122],[-69.450972,49.501254],[-69.450903,49.501291],[-69.449863,49.50055],[-69.449546,49.500002],[-69.449328,49.499883],[-69.449239,49.500152],[-69.449328,49.500513],[-69.449588,49.500878],[-69.449647,49.501109],[-69.449935,49.501224],[-69.450138,49.501374],[-69.450234,49.501596],[-69.450226,49.501789],[-69.45049,49.501915],[-69.450769,49.502225],[-69.451042,49.502354],[-69.451098,49.502318],[-69.451166,49.502065],[-69.451376,49.501869],[-69.452226,49.501791],[-69.452546,49.501817],[-69.45343,49.502096],[-69.454268,49.5027],[-69.454289,49.502848],[-69.453982,49.503028],[-69.454187,49.503447],[-69.454232,49.503641],[-69.454531,49.503833],[-69.454916,49.503966],[-69.454997,49.504035],[-69.455309,49.504059],[-69.455701,49.504218],[-69.456185,49.50455],[-69.456391,49.504808],[-69.456248,49.504919],[-69.45619,49.505044],[-69.456227,49.50525],[-69.456198,49.50535],[-69.456317,49.505514],[-69.456333,49.505656],[-69.456161,49.505794],[-69.455813,49.505913],[-69.455435,49.506134],[-69.455233,49.506385],[-69.454814,49.506749],[-69.454743,49.506874],[-69.454742,49.506928],[-69.454796,49.506956],[-69.455184,49.506923],[-69.455633,49.506804],[-69.456867,49.507001],[-69.458152,49.50695],[-69.458208,49.506924],[-69.458254,49.5068],[-69.458782,49.506549],[-69.459462,49.506395],[-69.460005,49.506193],[-69.460341,49.505945],[-69.460601,49.505589],[-69.460751,49.505517],[-69.460892,49.505374],[-69.461393,49.505136],[-69.461642,49.505156],[-69.46203,49.505079],[-69.462182,49.504841],[-69.462252,49.50481],[-69.462498,49.50485],[-69.462561,49.505452],[-69.462862,49.505581],[-69.463214,49.505287],[-69.463682,49.504707],[-69.464348,49.504551],[-69.466311,49.50375],[-69.46685,49.50343],[-69.46773,49.503286],[-69.468438,49.503068],[-69.469331,49.502662],[-69.469552,49.502413],[-69.469891,49.502271],[-69.469908,49.502146],[-69.469854,49.502073],[-69.469335,49.501799],[-69.468317,49.501601],[-69.467971,49.501634],[-69.467461,49.501813],[-69.466987,49.501832],[-69.466404,49.501933],[-69.465798,49.50198],[-69.464612,49.501944],[-69.464465,49.501849],[-69.464565,49.501459],[-69.464582,49.501289],[-69.464542,49.501234],[-69.46431,49.501106],[-69.464131,49.501069],[-69.463796,49.501094],[-69.463554,49.500947],[-69.462922,49.500963],[-69.4626,49.500874],[-69.462487,49.500488],[-69.462047,49.500358]],[[-69.451712,49.503322],[-69.451383,49.502573],[-69.451232,49.502526],[-69.451023,49.502605],[-69.450965,49.502713],[-69.450917,49.503018],[-69.450931,49.503675],[-69.45105,49.503918],[-69.451266,49.504145],[-69.451348,49.504173],[-69.451712,49.503322]],[[-69.449164,49.499135],[-69.449311,49.499353],[-69.450092,49.499629],[-69.450395,49.499624],[-69.450643,49.499715],[-69.450689,49.499509],[-69.450653,49.499248],[-69.450573,49.499121],[-69.450196,49.49871],[-69.450142,49.498587],[-69.449717,49.498338],[-69.449218,49.497834],[-69.449294,49.497572],[-69.449244,49.497401],[-69.449412,49.497231],[-69.449442,49.497142],[-69.448894,49.496894],[-69.448479,49.496944],[-69.448187,49.497049],[-69.44813,49.497148],[-69.448141,49.497292],[-69.448453,49.497611],[-69.448683,49.497969],[-69.448884,49.498344],[-69.449164,49.499135]],[[-69.457276,49.498272],[-69.457557,49.498564],[-69.457887,49.498612],[-69.458192,49.49857],[-69.458226,49.498273],[-69.457571,49.49789],[-69.457212,49.497904],[-69.45703,49.498037],[-69.45704,49.498217],[-69.457276,49.498272]],[[-69.415171,49.49982],[-69.41512,49.499612],[-69.414969,49.499584],[-69.414692,49.499617],[-69.414483,49.49974],[-69.414386,49.499731],[-69.414189,49.499873],[-69.413978,49.500069],[-69.413863,49.500248],[-69.414176,49.500467],[-69.414971,49.500106],[-69.415171,49.49982]],[[-69.395481,49.490677],[-69.395593,49.490597],[-69.395653,49.490391],[-69.395051,49.490124],[-69.394927,49.490114],[-69.395005,49.49034],[-69.395315,49.490684],[-69.395481,49.490677]],[[-69.418906,49.490709],[-69.419005,49.490602],[-69.418574,49.490095],[-69.418357,49.489922],[-69.418246,49.489975],[-69.418324,49.490164],[-69.418906,49.490709]],[[-69.441643,49.486172],[-69.441856,49.486542],[-69.442022,49.486526],[-69.442037,49.486445],[-69.441984,49.486337],[-69.44189,49.486219],[-69.441727,49.486127],[-69.441643,49.486172]],[[-69.416549,49.487414],[-69.41634,49.487502],[-69.416312,49.487538],[-69.416363,49.4877],[-69.416597,49.487747],[-69.41664,49.487667],[-69.416604,49.487433],[-69.416549,49.487414]],[[-69.426949,49.486504],[-69.427051,49.486408],[-69.427242,49.48639],[-69.427259,49.486228],[-69.427073,49.486035],[-69.426857,49.48564],[-69.426692,49.48562],[-69.426529,49.485666],[-69.426117,49.485435],[-69.42556,49.485655],[-69.425404,49.485851],[-69.42559,49.48615],[-69.425944,49.486396],[-69.426273,49.486516],[-69.426717,49.486554],[-69.426949,49.486504]],[[-69.42522,49.48415],[-69.425334,49.483998],[-69.425422,49.483774],[-69.42544,49.483558],[-69.425362,49.48336],[-69.425177,49.48324],[-69.425114,49.483005],[-69.425206,49.482935],[-69.425718,49.482824],[-69.426029,49.48253],[-69.425757,49.482338],[-69.425237,49.482109],[-69.424943,49.482103],[-69.424373,49.481858],[-69.424077,49.48154],[-69.423967,49.481503],[-69.423799,49.481619],[-69.42329,49.482163],[-69.423132,49.482431],[-69.423144,49.482521],[-69.424038,49.483294],[-69.425065,49.483828],[-69.42522,49.48415]],[[-69.417277,49.480065],[-69.417487,49.479941],[-69.417852,49.479648],[-69.417896,49.479558],[-69.417991,49.479102],[-69.418131,49.478895],[-69.417842,49.47871],[-69.417711,49.478549],[-69.415523,49.47763],[-69.415167,49.477518],[-69.414915,49.477501],[-69.414214,49.477251],[-69.413972,49.477133],[-69.413704,49.476902],[-69.412106,49.476667],[-69.411808,49.476571],[-69.411398,49.476323],[-69.410892,49.476094],[-69.41028,49.475902],[-69.410009,49.47569],[-69.40937,49.475045],[-69.409008,49.474856],[-69.408434,49.474317],[-69.407823,49.474185],[-69.407639,49.474058],[-69.407516,49.474038],[-69.407081,49.474251],[-69.406445,49.474415],[-69.406552,49.474542],[-69.407107,49.474691],[-69.40744,49.474843],[-69.40767,49.475164],[-69.407936,49.47529],[-69.408659,49.476001],[-69.409018,49.476151],[-69.409214,49.476306],[-69.409898,49.477187],[-69.410139,49.477723],[-69.41055,49.478093],[-69.410772,49.47837],[-69.411052,49.478874],[-69.411798,49.4788],[-69.412036,49.478676],[-69.41223,49.478467],[-69.412712,49.478292],[-69.413332,49.478607],[-69.413613,49.47882],[-69.41376,49.479002],[-69.413898,49.47935],[-69.414087,49.479514],[-69.414622,49.479699],[-69.415536,49.479859],[-69.416241,49.480091],[-69.41675,49.480168],[-69.417277,49.480065]],[[-69.406223,49.477533],[-69.406378,49.478047],[-69.40651,49.478318],[-69.406605,49.478391],[-69.406614,49.477969],[-69.406427,49.477679],[-69.406223,49.477533]],[[-69.404985,49.475302],[-69.404904,49.475443],[-69.404886,49.475623],[-69.404964,49.475831],[-69.405161,49.476264],[-69.405551,49.476735],[-69.40554,49.476618],[-69.405446,49.476502],[-69.405497,49.476061],[-69.40523,49.475829],[-69.405189,49.475548],[-69.405304,49.475465],[-69.405246,49.474529],[-69.405301,49.47435],[-69.405248,49.474233],[-69.404987,49.474185],[-69.404778,49.474282],[-69.404836,49.474531],[-69.404771,49.474606],[-69.404845,49.474745],[-69.404985,49.475302]],[[-69.438179,49.463803],[-69.438081,49.463874],[-69.438022,49.464084],[-69.437578,49.464795],[-69.437782,49.465032],[-69.437791,49.465166],[-69.43787,49.465311],[-69.438225,49.465748],[-69.438281,49.465941],[-69.438252,49.466151],[-69.438288,49.466412],[-69.438809,49.466596],[-69.439317,49.4667],[-69.439886,49.466552],[-69.440055,49.466392],[-69.440287,49.466035],[-69.44048,49.465865],[-69.440512,49.465659],[-69.440064,49.465007],[-69.439926,49.464682],[-69.439399,49.464156],[-69.439141,49.463982],[-69.438744,49.463817],[-69.438179,49.463803]],[[-69.424881,49.452358],[-69.424992,49.452306],[-69.425078,49.45218],[-69.425137,49.451818],[-69.425265,49.451673],[-69.42569,49.451427],[-69.42636,49.451217],[-69.42663,49.451215],[-69.426963,49.451137],[-69.427186,49.451013],[-69.427248,49.450827],[-69.427526,49.450621],[-69.427612,49.450486],[-69.427683,49.450352],[-69.427721,49.450053],[-69.428061,49.449596],[-69.428456,49.449712],[-69.429061,49.44978],[-69.429254,49.449782],[-69.429245,49.449611],[-69.428536,49.449227],[-69.428358,49.449162],[-69.427846,49.449132],[-69.427337,49.448839],[-69.427162,49.448599],[-69.427132,49.448423],[-69.426988,49.448162],[-69.427064,49.447766],[-69.426846,49.447665],[-69.426571,49.447617],[-69.426102,49.447586],[-69.425834,49.447898],[-69.425773,49.448108],[-69.425508,49.448298],[-69.425266,49.448321],[-69.42483,49.448193],[-69.424438,49.448011],[-69.424154,49.448139],[-69.423832,49.447961],[-69.423686,49.447734],[-69.423468,49.447597],[-69.422676,49.44723],[-69.422172,49.447288],[-69.421379,49.447236],[-69.420824,49.447321],[-69.42033,49.44728],[-69.420044,49.447371],[-69.419555,49.447417],[-69.419277,49.447495],[-69.418832,49.447689],[-69.418596,49.447741],[-69.418414,49.447856],[-69.418369,49.448044],[-69.4186,49.448199],[-69.419753,49.448141],[-69.420153,49.448203],[-69.420382,49.448372],[-69.420591,49.448605],[-69.421266,49.449178],[-69.421637,49.449658],[-69.421667,49.449829],[-69.421603,49.450269],[-69.421668,49.451061],[-69.421732,49.451286],[-69.421947,49.451531],[-69.422259,49.451794],[-69.422791,49.452042],[-69.423845,49.452394],[-69.424148,49.452451],[-69.424881,49.452358]],[[-69.413703,49.455069],[-69.413885,49.454944],[-69.413852,49.454575],[-69.41356,49.454078],[-69.413294,49.454246],[-69.413249,49.454408],[-69.41331,49.454777],[-69.413376,49.454922],[-69.413527,49.455079],[-69.413703,49.455069]],[[-69.424026,49.456617],[-69.423577,49.456677],[-69.423341,49.456535],[-69.42305,49.456595],[-69.423213,49.456673],[-69.423274,49.456757],[-69.423354,49.457209],[-69.423582,49.457592],[-69.423694,49.458076],[-69.423882,49.458275],[-69.424101,49.458367],[-69.424727,49.458536],[-69.424977,49.45869],[-69.426265,49.459098],[-69.427329,49.459248],[-69.42809,49.459537],[-69.428862,49.459562],[-69.428917,49.459554],[-69.429116,49.459304],[-69.429162,49.459107],[-69.428554,49.458098],[-69.428547,49.457975],[-69.42861,49.457804],[-69.428832,49.457776],[-69.429377,49.458092],[-69.429524,49.458226],[-69.429724,49.458603],[-69.429957,49.459303],[-69.430091,49.459493],[-69.430497,49.459883],[-69.430848,49.459947],[-69.431058,49.460086],[-69.431189,49.460102],[-69.431317,49.460215],[-69.431703,49.460254],[-69.431897,49.46022],[-69.432273,49.460044],[-69.432302,49.459972],[-69.432159,49.459713],[-69.432257,49.459531],[-69.432733,49.459814],[-69.433171,49.459971],[-69.433187,49.459872],[-69.432901,49.459699],[-69.432637,49.459422],[-69.431976,49.458485],[-69.431288,49.457759],[-69.43103,49.457577],[-69.430833,49.4578],[-69.430208,49.457802],[-69.429947,49.457661],[-69.42947,49.456996],[-69.429294,49.456815],[-69.429194,49.456782],[-69.429135,49.456552],[-69.428679,49.455928],[-69.428475,49.4558],[-69.427906,49.455674],[-69.427176,49.455293],[-69.426461,49.455152],[-69.425924,49.455569],[-69.425344,49.455926],[-69.424026,49.456617]],[[-69.444892,49.457012],[-69.445129,49.456921],[-69.445196,49.456988],[-69.445508,49.456983],[-69.445854,49.457133],[-69.446331,49.457475],[-69.446741,49.457613],[-69.447389,49.457529],[-69.44772,49.457631],[-69.447999,49.457517],[-69.448084,49.457428],[-69.447912,49.457084],[-69.447366,49.456799],[-69.447149,49.456628],[-69.446702,49.456435],[-69.446098,49.456079],[-69.445455,49.45587],[-69.444772,49.455554],[-69.445226,49.455946],[-69.444957,49.456563],[-69.444892,49.457012]],[[-69.445324,49.458733],[-69.445672,49.458584],[-69.445578,49.458457],[-69.445306,49.458293],[-69.445168,49.458282],[-69.444849,49.458369],[-69.444776,49.458558],[-69.444985,49.458785],[-69.445324,49.458733]],[[-69.461314,49.448915],[-69.461052,49.449269],[-69.460721,49.449531],[-69.459751,49.449795],[-69.459183,49.449849],[-69.459001,49.449991],[-69.460207,49.450388],[-69.460882,49.450412],[-69.461311,49.450317],[-69.462083,49.449695],[-69.462239,49.449498],[-69.462248,49.449094],[-69.462126,49.448985],[-69.461674,49.448837],[-69.461314,49.448915]],[[-69.404164,49.445501],[-69.403973,49.445646],[-69.403649,49.445728],[-69.403429,49.4457],[-69.403097,49.445742],[-69.403129,49.446777],[-69.403322,49.446779],[-69.40356,49.44661],[-69.403737,49.446383],[-69.404455,49.446043],[-69.404541,49.445936],[-69.404591,49.445695],[-69.404654,49.445609],[-69.404924,49.445436],[-69.404164,49.445501]],[[-69.438735,49.443809],[-69.438958,49.443703],[-69.438921,49.443487],[-69.43868,49.443152],[-69.438436,49.44297],[-69.438011,49.442858],[-69.437584,49.442823],[-69.437175,49.442625],[-69.437871,49.443517],[-69.437898,49.44363],[-69.438249,49.443802],[-69.438735,49.443809]],[[-69.394956,49.433615],[-69.394513,49.434177],[-69.394224,49.434309],[-69.394223,49.434345],[-69.39442,49.434466],[-69.394513,49.434605],[-69.394649,49.434862],[-69.394649,49.435042],[-69.394934,49.435193],[-69.395075,49.435323],[-69.394848,49.435376],[-69.395089,49.435693],[-69.395434,49.435085],[-69.395319,49.434677],[-69.395329,49.434212],[-69.395283,49.433977],[-69.395339,49.433762],[-69.394956,49.433615]],[[-69.439322,49.43064],[-69.439025,49.430997],[-69.438991,49.431321],[-69.439738,49.431201],[-69.440238,49.431017],[-69.440623,49.430409],[-69.4406,49.430238],[-69.440367,49.430173],[-69.440006,49.430269],[-69.439588,49.430454],[-69.439322,49.43064]],[[-69.42157,49.505779],[-69.42148,49.505494],[-69.421552,49.505374],[-69.421539,49.505311],[-69.421403,49.505201],[-69.421179,49.505361],[-69.421091,49.505585],[-69.421239,49.505766],[-69.42157,49.505779]],[[-69.424055,49.506467],[-69.424288,49.506532],[-69.424977,49.506593],[-69.425048,49.50653],[-69.424681,49.506221],[-69.424427,49.506187],[-69.424216,49.506028],[-69.423951,49.506178],[-69.423921,49.506268],[-69.424055,49.506467]],[[-69.408836,49.50654],[-69.408498,49.50663],[-69.408159,49.506552],[-69.407827,49.506567],[-69.407625,49.506677],[-69.406881,49.506909],[-69.406746,49.507094],[-69.406278,49.507272],[-69.405927,49.507477],[-69.405096,49.507692],[-69.404732,49.50792],[-69.404177,49.507989],[-69.403553,49.50831],[-69.402742,49.508569],[-69.402658,49.508613],[-69.402446,49.508936],[-69.402312,49.509029],[-69.402095,49.509084],[-69.402094,49.509156],[-69.402245,49.509194],[-69.402542,49.50912],[-69.402729,49.509144],[-69.404982,49.508505],[-69.405202,49.508502],[-69.406506,49.508207],[-69.408014,49.508088],[-69.408169,49.507955],[-69.408139,49.507769],[-69.408288,49.507587],[-69.408294,49.507444],[-69.408851,49.507116],[-69.409106,49.506786],[-69.40911,49.506642],[-69.409029,49.506551],[-69.408836,49.50654]],[[-69.412575,49.507972],[-69.41213,49.507971],[-69.411843,49.507918],[-69.411054,49.508009],[-69.409985,49.508278],[-69.409887,49.50834],[-69.40994,49.508448],[-69.410364,49.508587],[-69.410633,49.508605],[-69.411189,49.508784],[-69.411767,49.508861],[-69.412467,49.508614],[-69.413503,49.508419],[-69.413796,49.50826],[-69.414164,49.507867],[-69.413393,49.507788],[-69.412575,49.507972]],[[-69.415436,49.509075],[-69.415653,49.509212],[-69.416183,49.508992],[-69.416299,49.508769],[-69.416287,49.508661],[-69.416151,49.508551],[-69.415794,49.508494],[-69.415307,49.508651],[-69.415276,49.508786],[-69.415436,49.509075]],[[-69.50529,49.501867],[-69.504785,49.501993],[-69.504735,49.50195],[-69.504235,49.502217],[-69.504252,49.502247],[-69.504019,49.50247],[-69.504537,49.50287],[-69.505193,49.502959],[-69.505328,49.503123],[-69.505599,49.503085],[-69.505824,49.50298],[-69.5061,49.502651],[-69.505955,49.502324],[-69.505703,49.502168],[-69.505603,49.50202],[-69.50529,49.501867]],[[-69.575864,49.498622],[-69.575698,49.498631],[-69.57563,49.498749],[-69.57486,49.499185],[-69.574841,49.499293],[-69.574656,49.499432],[-69.574692,49.499512],[-69.574902,49.499563],[-69.576012,49.49954],[-69.576149,49.499325],[-69.576348,49.499262],[-69.576402,49.499068],[-69.575976,49.498817],[-69.575864,49.498622]],[[-69.55334,49.494612],[-69.553339,49.494648],[-69.553429,49.494895],[-69.553422,49.495084],[-69.553186,49.495438],[-69.553154,49.495663],[-69.553257,49.495758],[-69.553191,49.495879],[-69.553875,49.496217],[-69.554151,49.496238],[-69.554265,49.496023],[-69.554243,49.495753],[-69.554155,49.495484],[-69.554225,49.49524],[-69.553914,49.494887],[-69.553655,49.494714],[-69.55334,49.494612]],[[-69.507228,49.484487],[-69.508892,49.484088],[-69.509186,49.483892],[-69.509566,49.4835],[-69.509695,49.483276],[-69.509467,49.482824],[-69.509437,49.482656],[-69.509476,49.482426],[-69.50962,49.482215],[-69.509547,49.481811],[-69.509739,49.481775],[-69.509825,49.481596],[-69.50927,49.481762],[-69.509107,49.481881],[-69.50874,49.482036],[-69.508614,49.482152],[-69.508558,49.482554],[-69.508407,49.482816],[-69.508429,49.483461],[-69.508288,49.483666],[-69.508058,49.483836],[-69.507856,49.483915],[-69.507724,49.483881],[-69.507156,49.48347],[-69.506999,49.483251],[-69.506957,49.48283],[-69.506712,49.482693],[-69.506299,49.482609],[-69.505661,49.482792],[-69.505533,49.482989],[-69.505512,49.483628],[-69.505363,49.48386],[-69.505312,49.484051],[-69.505247,49.484098],[-69.50511,49.484091],[-69.505205,49.484164],[-69.505386,49.484178],[-69.505603,49.484284],[-69.505922,49.484211],[-69.506741,49.484386],[-69.506937,49.484498],[-69.507228,49.484487]],[[-69.550513,49.481586],[-69.550754,49.481948],[-69.551218,49.482231],[-69.551799,49.482172],[-69.55234,49.482033],[-69.552288,49.481871],[-69.552153,49.481708],[-69.551922,49.481544],[-69.551606,49.481433],[-69.551083,49.481357],[-69.550766,49.481337],[-69.550513,49.481586]],[[-69.538579,49.484158],[-69.538693,49.484006],[-69.538567,49.483549],[-69.538508,49.48289],[-69.538312,49.482773],[-69.538209,49.482645],[-69.537794,49.482704],[-69.537446,49.482818],[-69.537386,49.483069],[-69.537408,49.483384],[-69.537461,49.483457],[-69.537881,49.483901],[-69.538112,49.484065],[-69.538579,49.484158]],[[-69.522272,49.48004],[-69.522506,49.479923],[-69.523914,49.479903],[-69.5242,49.479668],[-69.524252,49.47955],[-69.524222,49.479388],[-69.523899,49.478997],[-69.523613,49.478784],[-69.523252,49.478597],[-69.522049,49.478361],[-69.521684,49.478358],[-69.521339,49.478258],[-69.520843,49.478232],[-69.520543,49.478294],[-69.520368,49.478498],[-69.52027,49.478506],[-69.519886,49.478201],[-69.519814,49.478345],[-69.519841,49.47839],[-69.520261,49.478684],[-69.520527,49.479241],[-69.521099,49.479895],[-69.521341,49.480248],[-69.521917,49.480415],[-69.522082,49.480416],[-69.522283,49.480331],[-69.522272,49.48004]],[[-69.576837,49.478464],[-69.57711,49.478483],[-69.577177,49.478441],[-69.577115,49.478022],[-69.576718,49.47779],[-69.576594,49.477783],[-69.576518,49.477869],[-69.576513,49.478085],[-69.576725,49.478259],[-69.576837,49.478464]],[[-69.514902,49.476882],[-69.51509,49.47678],[-69.516094,49.476659],[-69.516318,49.47649],[-69.516328,49.476013],[-69.516079,49.47602],[-69.515616,49.476231],[-69.515289,49.476166],[-69.51464,49.476197],[-69.514137,49.476507],[-69.514296,49.476868],[-69.514419,49.47691],[-69.514902,49.476882]],[[-69.508541,49.476153],[-69.508591,49.475896],[-69.508743,49.475715],[-69.50876,49.475506],[-69.508903,49.475329],[-69.508904,49.475275],[-69.508755,49.47513],[-69.508023,49.47516],[-69.507779,49.475643],[-69.507764,49.475679],[-69.508087,49.476119],[-69.508206,49.476366],[-69.508541,49.476153]],[[-69.513239,49.453227],[-69.513661,49.452772],[-69.513651,49.452637],[-69.513292,49.452643],[-69.51271,49.452764],[-69.512736,49.452863],[-69.512938,49.453081],[-69.513101,49.453226],[-69.513239,49.453227]],[[-69.45252,49.414952],[-69.452468,49.414816],[-69.451411,49.414618],[-69.451146,49.414768],[-69.450819,49.415233],[-69.450858,49.415332],[-69.451406,49.415499],[-69.451683,49.415421],[-69.451952,49.415268],[-69.452364,49.415175],[-69.45252,49.414952]],[[-69.520112,49.414285],[-69.519924,49.414023],[-69.519651,49.413886],[-69.519415,49.413965],[-69.519385,49.414072],[-69.519531,49.414352],[-69.51982,49.414436],[-69.520112,49.414285]],[[-69.498854,49.413806],[-69.498747,49.413662],[-69.498636,49.413706],[-69.498607,49.413786],[-69.498739,49.414057],[-69.498834,49.414148],[-69.498854,49.413806]],[[-69.498199,49.413522],[-69.498012,49.413206],[-69.497904,49.413115],[-69.497766,49.413096],[-69.497721,49.413311],[-69.497743,49.413581],[-69.497824,49.413645],[-69.498182,49.413684],[-69.498199,49.413522]],[[-69.49537,49.412985],[-69.495091,49.413153],[-69.495097,49.41354],[-69.495454,49.413633],[-69.495436,49.413147],[-69.49537,49.412985]],[[-69.499633,49.411448],[-69.49948,49.411501],[-69.499337,49.41176],[-69.499374,49.411967],[-69.499549,49.412192],[-69.499545,49.412392],[-69.499683,49.412357],[-69.499729,49.412132],[-69.499714,49.411512],[-69.499633,49.411448]],[[-69.461994,49.411449],[-69.462341,49.411353],[-69.46281,49.41133],[-69.462165,49.411154],[-69.461634,49.410888],[-69.461472,49.410725],[-69.461394,49.410556],[-69.461388,49.410325],[-69.461224,49.410075],[-69.460987,49.410151],[-69.460985,49.410249],[-69.46081,49.410458],[-69.460314,49.410742],[-69.459927,49.410765],[-69.459256,49.410579],[-69.458951,49.410648],[-69.458782,49.410836],[-69.45878,49.410908],[-69.458889,49.410972],[-69.459532,49.411211],[-69.459859,49.411394],[-69.461994,49.411449]],[[-69.486681,49.410625],[-69.48696,49.410474],[-69.486822,49.410446],[-69.486546,49.410489],[-69.486321,49.410685],[-69.486681,49.410625]],[[-69.495925,49.408116],[-69.495833,49.408209],[-69.495646,49.408175],[-69.495844,49.408034],[-69.495761,49.408006],[-69.49543,49.408013],[-69.495098,49.408109],[-69.494692,49.408429],[-69.494687,49.408636],[-69.494833,49.408934],[-69.49519,49.409],[-69.49555,49.408895],[-69.49576,49.408726],[-69.495888,49.408538],[-69.495925,49.408116]],[[-69.498153,49.403594],[-69.497987,49.403619],[-69.497736,49.403743],[-69.497189,49.404215],[-69.497133,49.404854],[-69.497016,49.405061],[-69.496599,49.40527],[-69.495979,49.405445],[-69.495852,49.40557],[-69.495785,49.405872],[-69.495572,49.40628],[-69.495407,49.406466],[-69.495348,49.406681],[-69.495398,49.406897],[-69.495702,49.407126],[-69.495693,49.407295],[-69.495952,49.407459],[-69.496498,49.407725],[-69.497266,49.407201],[-69.497382,49.406932],[-69.4977,49.404928],[-69.498054,49.404375],[-69.498161,49.403864],[-69.498153,49.403594]],[[-69.468257,49.403623],[-69.468891,49.403265],[-69.469032,49.403131],[-69.469146,49.402961],[-69.469067,49.402772],[-69.468653,49.402822],[-69.468218,49.402956],[-69.467131,49.403105],[-69.466574,49.403361],[-69.466736,49.403664],[-69.466574,49.404044],[-69.466586,49.404107],[-69.466926,49.404438],[-69.467044,49.404624],[-69.467332,49.404654],[-69.467554,49.404593],[-69.467652,49.404522],[-69.467985,49.403952],[-69.468257,49.403623]],[[-69.447548,49.396742],[-69.448217,49.396388],[-69.448274,49.396308],[-69.448277,49.396155],[-69.448213,49.395516],[-69.44832,49.395418],[-69.44838,49.395211],[-69.448368,49.395112],[-69.448258,49.394998],[-69.44829,49.394896],[-69.448216,49.394789],[-69.448214,49.394589],[-69.447915,49.3944],[-69.447877,49.394236],[-69.447662,49.393991],[-69.447212,49.393744],[-69.446387,49.39414],[-69.44606,49.394165],[-69.445772,49.394091],[-69.445689,49.394117],[-69.445591,49.394206],[-69.445532,49.394385],[-69.445644,49.394944],[-69.445823,49.395081],[-69.446043,49.395604],[-69.446596,49.396089],[-69.446605,49.396355],[-69.446844,49.396513],[-69.447052,49.396746],[-69.447548,49.396742]],[[-69.50847,49.393252],[-69.508746,49.393488],[-69.508844,49.393408],[-69.508676,49.393152],[-69.508714,49.39302],[-69.508496,49.392914],[-69.50842,49.392559],[-69.508296,49.392558],[-69.50807,49.392953],[-69.507933,49.392956],[-69.507616,49.392831],[-69.507393,49.392961],[-69.507304,49.392964],[-69.507174,49.392857],[-69.507172,49.392296],[-69.506898,49.392213],[-69.506928,49.392762],[-69.507144,49.393006],[-69.507281,49.393061],[-69.507688,49.393067],[-69.507952,49.393211],[-69.50847,49.393252]],[[-69.482175,49.392591],[-69.482048,49.392743],[-69.481973,49.393012],[-69.482042,49.39304],[-69.482165,49.39305],[-69.482263,49.392979],[-69.482266,49.392862],[-69.482175,49.392591]],[[-69.411853,49.409639],[-69.411787,49.40954],[-69.411349,49.409401],[-69.411045,49.409407],[-69.411027,49.409622],[-69.41116,49.409848],[-69.411435,49.409869],[-69.411853,49.409639]],[[-69.467856,49.376413],[-69.467384,49.376552],[-69.467107,49.376658],[-69.466531,49.37699],[-69.46623,49.377082],[-69.466213,49.377261],[-69.466374,49.37747],[-69.466366,49.377524],[-69.465902,49.377645],[-69.465952,49.377861],[-69.466198,49.378226],[-69.466037,49.378429],[-69.466102,49.378582],[-69.466198,49.378637],[-69.46756,49.378703],[-69.46824,49.378587],[-69.468537,49.378703],[-69.469324,49.378408],[-69.469611,49.378398],[-69.469754,49.37847],[-69.469758,49.378788],[-69.469551,49.379142],[-69.469042,49.37958],[-69.469091,49.379886],[-69.469379,49.37996],[-69.470526,49.379882],[-69.471253,49.379905],[-69.471891,49.379713],[-69.471519,49.379683],[-69.47106,49.3798],[-69.470716,49.379761],[-69.470589,49.379669],[-69.470324,49.37932],[-69.470328,49.379042],[-69.470448,49.378864],[-69.470439,49.378675],[-69.470332,49.378485],[-69.470088,49.378274],[-69.469965,49.37809],[-69.469899,49.377843],[-69.469914,49.377474],[-69.470055,49.377269],[-69.47006,49.377035],[-69.469712,49.376754],[-69.469467,49.376382],[-69.468559,49.376356],[-69.467856,49.376413]],[[-69.509731,49.382202],[-69.50994,49.382041],[-69.509873,49.381951],[-69.509459,49.382037],[-69.509444,49.382091],[-69.509498,49.382137],[-69.509731,49.382202]],[[-69.500458,49.380309],[-69.500691,49.380379],[-69.500607,49.380306],[-69.500531,49.380126],[-69.500081,49.37987],[-69.499753,49.379778],[-69.499526,49.379767],[-69.498784,49.380003],[-69.498671,49.380119],[-69.498583,49.380397],[-69.498595,49.38046],[-69.498893,49.38075],[-69.49925,49.380771],[-69.499818,49.380623],[-69.500458,49.380309]],[[-69.505418,49.380204],[-69.506086,49.379877],[-69.505941,49.379561],[-69.505597,49.379522],[-69.505179,49.379779],[-69.505105,49.380058],[-69.505418,49.380204]],[[-69.589088,49.417628],[-69.589311,49.417477],[-69.589342,49.417297],[-69.589233,49.417215],[-69.588433,49.416952],[-69.588112,49.416748],[-69.587794,49.416763],[-69.58753,49.416914],[-69.58747,49.417166],[-69.587724,49.417608],[-69.587916,49.417655],[-69.589088,49.417628]],[[-69.586661,49.416206],[-69.58648,49.416294],[-69.586395,49.416393],[-69.586324,49.416491],[-69.586348,49.416707],[-69.586656,49.416467],[-69.586702,49.416233],[-69.586661,49.416206]],[[-69.592406,49.415559],[-69.592369,49.415325],[-69.592125,49.415125],[-69.591566,49.414805],[-69.59143,49.414625],[-69.591339,49.414399],[-69.591284,49.414363],[-69.591214,49.414416],[-69.591087,49.414604],[-69.591011,49.414963],[-69.591077,49.415153],[-69.591414,49.415569],[-69.591673,49.415724],[-69.592031,49.415745],[-69.592252,49.415683],[-69.592406,49.415559]],[[-69.555124,49.373148],[-69.554804,49.37329],[-69.554287,49.373623],[-69.553816,49.373839],[-69.553494,49.374088],[-69.553862,49.374289],[-69.554261,49.374328],[-69.555911,49.373757],[-69.556205,49.373499],[-69.555935,49.373209],[-69.55558,49.373071],[-69.555124,49.373148]],[[-69.472654,49.33053],[-69.472351,49.330555],[-69.472002,49.330655],[-69.471826,49.33064],[-69.472455,49.331509],[-69.472823,49.331647],[-69.47325,49.33166],[-69.473581,49.3316],[-69.474417,49.331113],[-69.474407,49.330915],[-69.474121,49.330768],[-69.473763,49.330707],[-69.473479,49.330547],[-69.472654,49.33053]],[[-69.438509,49.330914],[-69.438545,49.33051],[-69.437162,49.329562],[-69.437024,49.329579],[-69.436993,49.329749],[-69.43769,49.330583],[-69.438096,49.330919],[-69.438509,49.330914]],[[-69.43912,49.329985],[-69.439348,49.329976],[-69.439655,49.330088],[-69.439997,49.330146],[-69.440992,49.329957],[-69.441084,49.329863],[-69.44146,49.329662],[-69.442089,49.329499],[-69.442272,49.329285],[-69.442317,49.329142],[-69.442182,49.329024],[-69.441184,49.3287],[-69.439998,49.328674],[-69.439756,49.32857],[-69.439283,49.328152],[-69.439266,49.328331],[-69.439421,49.328539],[-69.439315,49.328611],[-69.4393,49.328673],[-69.439299,49.329339],[-69.439476,49.329543],[-69.439378,49.329664],[-69.439124,49.329796],[-69.43912,49.329985]],[[-69.44125,49.325477],[-69.441021,49.325389],[-69.440966,49.325406],[-69.440533,49.32569],[-69.440462,49.325797],[-69.440597,49.325933],[-69.440938,49.326045],[-69.441324,49.326039],[-69.441561,49.325879],[-69.441707,49.325467],[-69.441584,49.32543],[-69.44125,49.325477]],[[-69.443043,49.324763],[-69.443781,49.324697],[-69.444391,49.324808],[-69.445408,49.324826],[-69.445699,49.324739],[-69.445715,49.324631],[-69.445563,49.324264],[-69.445626,49.324127],[-69.44575,49.324048],[-69.446775,49.323842],[-69.447563,49.323785],[-69.448146,49.323585],[-69.448465,49.323586],[-69.44883,49.323698],[-69.449204,49.323584],[-69.449334,49.323333],[-69.449089,49.323178],[-69.448028,49.323225],[-69.447235,49.323106],[-69.446933,49.323006],[-69.446582,49.322981],[-69.445784,49.322708],[-69.445057,49.322611],[-69.444767,49.322653],[-69.444296,49.32282],[-69.444003,49.323006],[-69.44432,49.323066],[-69.444589,49.323236],[-69.444788,49.32326],[-69.445232,49.323426],[-69.445427,49.323618],[-69.445419,49.323671],[-69.445158,49.323832],[-69.444562,49.323874],[-69.444346,49.323964],[-69.444036,49.323996],[-69.443853,49.324144],[-69.44371,49.324175],[-69.443479,49.324162],[-69.442854,49.323976],[-69.442648,49.323956],[-69.442613,49.32419],[-69.442131,49.324338],[-69.441989,49.324534],[-69.441822,49.324596],[-69.44224,49.324995],[-69.442529,49.325016],[-69.443043,49.324763]],[[-69.436925,49.32393],[-69.436988,49.323731],[-69.437116,49.323582],[-69.437415,49.32353],[-69.437953,49.322973],[-69.438071,49.322885],[-69.438311,49.322837],[-69.438272,49.32272],[-69.437816,49.322823],[-69.437376,49.322998],[-69.436847,49.323106],[-69.435973,49.323171],[-69.435376,49.323062],[-69.435111,49.323114],[-69.434784,49.323312],[-69.434271,49.323258],[-69.433719,49.323343],[-69.435136,49.323941],[-69.435807,49.323931],[-69.436069,49.324102],[-69.43648,49.324142],[-69.436925,49.32393]],[[-69.451191,49.322676],[-69.451237,49.322451],[-69.451078,49.322153],[-69.450735,49.322132],[-69.450525,49.322274],[-69.45055,49.322418],[-69.450628,49.322608],[-69.450872,49.32279],[-69.451191,49.322676]],[[-69.422518,49.317754],[-69.421914,49.317757],[-69.421145,49.31766],[-69.420819,49.318071],[-69.420829,49.318278],[-69.420494,49.318463],[-69.420284,49.318672],[-69.419582,49.318644],[-69.419538,49.318787],[-69.419551,49.318841],[-69.420274,49.319082],[-69.421037,49.319041],[-69.421365,49.319075],[-69.421594,49.319151],[-69.421879,49.319331],[-69.422321,49.319214],[-69.422601,49.319196],[-69.422925,49.319268],[-69.423166,49.319219],[-69.423886,49.319358],[-69.423898,49.319235],[-69.424003,49.319054],[-69.423882,49.318315],[-69.423298,49.317955],[-69.422518,49.317754]],[[-69.437922,49.315316],[-69.437663,49.315214],[-69.437607,49.31525],[-69.437864,49.31545],[-69.438314,49.315652],[-69.438575,49.315645],[-69.437922,49.315316]],[[-69.435511,49.312308],[-69.435379,49.312055],[-69.434599,49.311868],[-69.434779,49.312053],[-69.434745,49.312148],[-69.434551,49.312236],[-69.434108,49.312322],[-69.433871,49.312455],[-69.433855,49.312553],[-69.433867,49.312652],[-69.434154,49.312736],[-69.434629,49.312574],[-69.435199,49.312737],[-69.43545,49.312613],[-69.435511,49.312308]],[[-69.421329,49.310468],[-69.420691,49.310705],[-69.420385,49.310742],[-69.420341,49.310369],[-69.420233,49.310287],[-69.419904,49.310248],[-69.419602,49.310461],[-69.419349,49.310532],[-69.418633,49.310487],[-69.418452,49.310594],[-69.41856,49.310703],[-69.41902,49.310708],[-69.419409,49.310801],[-69.419623,49.310921],[-69.419897,49.311192],[-69.420295,49.311204],[-69.420351,49.311178],[-69.420327,49.3111],[-69.420398,49.310846],[-69.421396,49.310576],[-69.421411,49.310504],[-69.421329,49.310468]]],[[[-69.394062,49.38803],[-69.394,49.388096],[-69.394,49.387905],[-69.394062,49.38803]]]]},"properties":{"FIRE_YEAR":1991,"FIRE_TYPE_CODE":"BR","FIRE_FINAL_SIZE":192959.9}},{"type":"Feature","geometry":{"type":"Polygon","coordinates":[[[-69.514499,49.320068],[-69.514244,49.320443],[-69.514195,49.320793],[-69.514309,49.321289],[-69.514179,49.321639],[-69.514052,49.32179],[-69.513746,49.321941],[-69.513521,49.322173],[-69.513064,49.322349],[-69.512599,49.322893],[-69.512143,49.322979],[-69.511628,49.323271],[-69.51139,49.323494],[-69.511091,49.323995],[-69.506715,49.326134],[-69.506354,49.326257],[-69.50575,49.326908],[-69.505705,49.327087],[-69.505729,49.327268],[-69.506123,49.327514],[-69.506301,49.32756],[-69.506576,49.327554],[-69.507252,49.327469],[-69.507456,49.327588],[-69.507644,49.327824],[-69.507695,49.328004],[-69.507692,49.328139],[-69.507481,49.328362],[-69.507108,49.328475],[-69.506833,49.328464],[-69.500243,49.329118],[-69.500222,49.328803],[-69.49989,49.328179],[-69.499751,49.327603],[-69.49947,49.327205],[-69.499133,49.326851],[-69.49863,49.326541],[-69.497581,49.326019],[-69.497311,49.325801],[-69.496852,49.325338],[-69.495501,49.323474],[-69.495217,49.323202],[-69.494722,49.322523],[-69.494035,49.321789],[-69.49375,49.321606],[-69.493529,49.32164],[-69.493274,49.321359],[-69.492985,49.321375],[-69.492995,49.321519],[-69.493211,49.321746],[-69.492621,49.321642],[-69.492428,49.321694],[-69.492452,49.321838],[-69.492815,49.322282],[-69.492866,49.322471],[-69.492766,49.322632],[-69.491918,49.323065],[-69.491876,49.323137],[-69.491884,49.323407],[-69.492017,49.323606],[-69.492206,49.323778],[-69.493008,49.324289],[-69.493399,49.324661],[-69.493036,49.3249],[-69.492528,49.324878],[-69.492347,49.324984],[-69.492275,49.325137],[-69.492271,49.325344],[-69.492399,49.325794],[-69.492993,49.327022],[-69.493038,49.327499],[-69.492968,49.327616],[-69.492702,49.327793],[-69.491906,49.327732],[-69.491352,49.32788],[-69.491115,49.32804],[-69.490944,49.328308],[-69.490579,49.328035],[-69.490251,49.327898],[-69.489817,49.327579],[-69.489022,49.32679],[-69.488768,49.326437],[-69.488665,49.326085],[-69.488673,49.32569],[-69.488552,49.325536],[-69.488349,49.32539],[-69.488161,49.325137],[-69.487999,49.325027],[-69.487614,49.324988],[-69.48742,49.325076],[-69.487265,49.325228],[-69.487094,49.325541],[-69.486856,49.32571],[-69.486595,49.32569],[-69.486255,49.325534],[-69.486034,49.325532],[-69.485951,49.325594],[-69.48582,49.325917],[-69.485053,49.325748],[-69.484696,49.325079],[-69.484173,49.324391],[-69.483215,49.3228],[-69.482861,49.322626],[-69.482828,49.322221],[-69.482976,49.321728],[-69.482969,49.321386],[-69.482622,49.320897],[-69.482593,49.320313],[-69.482471,49.320195],[-69.482335,49.32014],[-69.482156,49.320156],[-69.481519,49.320348],[-69.481216,49.320346],[-69.480737,49.320224],[-69.480211,49.320382],[-69.480032,49.32038],[-69.479869,49.320307],[-69.479722,49.320108],[-69.479727,49.319829],[-69.479272,49.319888],[-69.478915,49.319867],[-69.477916,49.319588],[-69.47788,49.319345],[-69.47772,49.319128],[-69.477543,49.319009],[-69.477089,49.318367],[-69.476765,49.318058],[-69.476796,49.317887],[-69.476935,49.317817],[-69.477375,49.317821],[-69.47778,49.317545],[-69.478084,49.317485],[-69.478358,49.317533],[-69.478462,49.317812],[-69.478675,49.318165],[-69.478934,49.318302],[-69.479209,49.318287],[-69.479446,49.318127],[-69.479645,49.317805],[-69.480069,49.317296],[-69.480235,49.317225],[-69.480662,49.317175],[-69.480942,49.316971],[-69.481069,49.316801],[-69.481278,49.316668],[-69.481735,49.316519],[-69.481904,49.31635],[-69.482126,49.316235],[-69.482499,49.316184],[-69.482476,49.315932],[-69.482384,49.315752],[-69.482182,49.315525],[-69.481424,49.314916],[-69.481251,49.314636],[-69.480896,49.314516],[-69.480488,49.314305],[-69.479021,49.313411],[-69.478637,49.313327],[-69.47843,49.31337],[-69.478249,49.313476],[-69.478079,49.313717],[-69.478076,49.313888],[-69.478236,49.314123],[-69.478697,49.314442],[-69.479328,49.314529],[-69.479546,49.314638],[-69.479706,49.314847],[-69.479704,49.314946],[-69.479606,49.315053],[-69.479439,49.315132],[-69.478601,49.315107],[-69.478228,49.315175],[-69.477504,49.315574],[-69.477219,49.315409],[-69.477071,49.315246],[-69.477006,49.315075],[-69.477009,49.314895],[-69.477126,49.31459],[-69.477324,49.314331],[-69.47744,49.314017],[-69.477307,49.313791],[-69.477052,49.313528],[-69.476947,49.313285],[-69.476954,49.312925],[-69.476608,49.31303],[-69.476273,49.313243],[-69.475871,49.313419],[-69.475623,49.313417],[-69.475323,49.313324],[-69.474997,49.313114],[-69.474768,49.312861],[-69.474303,49.31274],[-69.473992,49.312476],[-69.473734,49.312339],[-69.473335,49.312317],[-69.472851,49.312448],[-69.472562,49.312445],[-69.472249,49.312326],[-69.471529,49.311879],[-69.471064,49.311749],[-69.469826,49.311756],[-69.469367,49.311994],[-69.469365,49.312084],[-69.469446,49.312148],[-69.468919,49.312377],[-69.467952,49.312584],[-69.467564,49.312734],[-69.466765,49.312798],[-69.466447,49.312867],[-69.465586,49.313255],[-69.464881,49.313429],[-69.464433,49.313776],[-69.464122,49.314204],[-69.463715,49.314588],[-69.4631,49.314366],[-69.462883,49.314229],[-69.462736,49.314057],[-69.462404,49.314108],[-69.462243,49.313954],[-69.461927,49.312629],[-69.461911,49.312053],[-69.460954,49.312422],[-69.46061,49.312464],[-69.460578,49.311367],[-69.460707,49.311116],[-69.461013,49.31093],[-69.461437,49.310386],[-69.462471,49.30963],[-69.462558,49.309397],[-69.462603,49.309],[-69.486635,49.309],[-69.486634,49.309045],[-69.486763,49.309119],[-69.486712,49.309279],[-69.487268,49.309662],[-69.487728,49.309862],[-69.487889,49.310017],[-69.487878,49.310081],[-69.48796,49.310126],[-69.489032,49.310403],[-69.489614,49.310626],[-69.48993,49.31062],[-69.490372,49.310535],[-69.490618,49.310541],[-69.490729,49.3106],[-69.490853,49.310565],[-69.490926,49.310488],[-69.491255,49.310416],[-69.491464,49.310265],[-69.491499,49.310185],[-69.49183,49.310007],[-69.492474,49.309967],[-69.492716,49.310161],[-69.492494,49.310337],[-69.492548,49.310409],[-69.492819,49.310582],[-69.493116,49.310668],[-69.493174,49.310727],[-69.492292,49.310812],[-69.492276,49.31091],[-69.492381,49.311154],[-69.492518,49.3112],[-69.492851,49.311077],[-69.493016,49.310932],[-69.493107,49.310949],[-69.493135,49.311313],[-69.493429,49.311657],[-69.49333,49.311873],[-69.493312,49.31207],[-69.493475,49.312189],[-69.493816,49.312278],[-69.49394,49.312421],[-69.493769,49.312578],[-69.49387,49.313011],[-69.493925,49.313038],[-69.494565,49.312875],[-69.49486,49.31286],[-69.494958,49.313173],[-69.494826,49.313361],[-69.494866,49.313415],[-69.495054,49.313377],[-69.49558,49.313484],[-69.495555,49.313367],[-69.495396,49.313274],[-69.495437,49.313192],[-69.495559,49.313178],[-69.49534,49.312991],[-69.495687,49.312945],[-69.495719,49.31273],[-69.495388,49.312612],[-69.495586,49.312504],[-69.496057,49.312355],[-69.496142,49.312221],[-69.496051,49.311986],[-69.49627,49.311997],[-69.49801,49.312363],[-69.49878,49.31237],[-69.499139,49.312319],[-69.499416,49.312222],[-69.500098,49.311824],[-69.50138,49.311682],[-69.501947,49.311507],[-69.502856,49.31147],[-69.503102,49.311553],[-69.503618,49.311845],[-69.504356,49.312085],[-69.505303,49.312174],[-69.505503,49.312509],[-69.505429,49.312769],[-69.50519,49.313046],[-69.505187,49.31318],[-69.505664,49.313409],[-69.505784,49.313572],[-69.505782,49.313662],[-69.505683,49.313823],[-69.505392,49.313929],[-69.503946,49.313997],[-69.503392,49.314172],[-69.503209,49.314404],[-69.503312,49.314756],[-69.503267,49.314935],[-69.503114,49.315024],[-69.502577,49.315037],[-69.502341,49.315134],[-69.502201,49.315286],[-69.502195,49.315601],[-69.502409,49.315881],[-69.502667,49.316027],[-69.503066,49.316058],[-69.50319,49.316014],[-69.503693,49.315641],[-69.504054,49.3155],[-69.504453,49.315449],[-69.504768,49.315524],[-69.505041,49.315661],[-69.505229,49.315852],[-69.505269,49.315942],[-69.505238,49.316112],[-69.504719,49.316594],[-69.504259,49.316886],[-69.504681,49.317124],[-69.504942,49.317144],[-69.505233,49.31703],[-69.505542,49.316736],[-69.505653,49.316683],[-69.50579,49.316711],[-69.505898,49.31682],[-69.506294,49.317632],[-69.506509,49.317868],[-69.506754,49.318023],[-69.507495,49.31811],[-69.508207,49.318296],[-69.508592,49.318291],[-69.508828,49.318194],[-69.509227,49.318161],[-69.510091,49.318312],[-69.510366,49.318315],[-69.51114,49.318141],[-69.512033,49.318185],[-69.512579,49.318379],[-69.513218,49.31878],[-69.51389,49.318875],[-69.514299,49.319032],[-69.514625,49.319268],[-69.514849,49.319738],[-69.514499,49.320068]]]},"properties":{"FIRE_YEAR":1955,"FIRE_TYPE_CODE":"BR","FIRE_FINAL_SIZE":1056.5}}]}