{"type":"FeatureCollection","name":"AQréseau roads","features":[{"type":"Feature","geometry":{"type":"LineString","coordinates":[[-69.667946,49.46484],[-69.667702,49.464623],[-69.667595,49.464512],[-69.667458,49.464413],[-69.66732,49.464275],[-69.667168,49.464157],[-69.667007,49.46405],[-69.666557,49.463642],[-69.666328,49.463512],[-69.666145,49.463432],[-69.665932,49.463314],[-69.66581,49.463215],[-69.665627,49.463104],[-69.66523,49.462913],[-69.664772,49.462593],[-69.664566,49.462433],[-69.664375,49.462315],[-69.664253,49.46225],[-69.66407,49.462105],[-69.663841,49.461861],[-69.663589,49.461472],[-69.663467,49.461254],[-69.663429,49.461155],[-69.663292,49.46093],[-69.663223,49.460838],[-69.663162,49.460651],[-69.663002,49.460415],[-69.662781,49.460133],[-69.662743,49.460072],[-69.662636,49.459862],[-69.66262,49.459755],[-69.662567,49.459629],[-69.662506,49.459538],[-69.662323,49.459366],[-69.662216,49.45924],[-69.662056,49.459034],[-69.661964,49.458878],[-69.661865,49.45879],[-69.661224,49.45837],[-69.661118,49.458279],[-69.660957,49.458168],[-69.660721,49.458042],[-69.660339,49.457871],[-69.660049,49.45776],[-69.659378,49.457539],[-69.659241,49.457481],[-69.659119,49.457447],[-69.658897,49.457401],[-69.658676,49.45731],[-69.658554,49.457272],[-69.658363,49.457241],[-69.658173,49.457222],[-69.65802,49.457195],[-69.657631,49.457157]]},"properties":{"ROAD_NAME":null,"ClsRte":null,"Cls_CheFor":"NC","CarRte":"IMP","CaractRte":null}},{"type":"Feature","geometry":{"type":"LineString","coordinates":[[-69.585976,49.351177],[-69.585792,49.350975],[-69.58567,49.350876],[-69.585617,49.350849],[-69.585548,49.350842],[-69.585419,49.350857],[-69.585365,49.350876],[-69.585327,49.350918],[-69.585266,49.35099],[-69.585167,49.351162],[-69.585098,49.35125],[-69.585052,49.351284],[-69.584778,49.351456],[-69.584724,49.351471],[-69.584656,49.351479],[-69.584526,49.351517],[-69.584472,49.351513]]},"properties":{"ROAD_NAME":null,"ClsRte":null,"Cls_CheFor":"NC","CarRte":"NON","CaractRte":null}},{"type":"Feature","geometry":{"type":"LineString","coordinates":[[-69.672096,49.415077],[-69.672028,49.415058],[-69.671959,49.415012],[-69.671822,49.414959],[-69.671669,49.414913],[-69.671494,49.414841],[-69.671318,49.414757],[-69.671112,49.414619],[-69.670929,49.414566],[-69.670685,49.414475],[-69.670166,49.414337],[-69.669823,49.414234],[-69.669701,49.414215],[-69.669556,49.414215],[-69.669174,49.414158],[-69.66909,49.414158],[-69.668999,49.414146],[-69.668915,49.414127],[-69.668556,49.413982],[-69.668228,49.413811],[-69.668137,49.413738],[-69.668022,49.413673],[-69.667877,49.413609],[-69.667793,49.413582],[-69.667676,49.413526],[-69.667576,49.413474],[-69.667529,49.413446],[-69.66748,49.413418]]},"properties":{"ROAD_NAME":null,"ClsRte":null,"Cls_CheFor":"04","CarRte":"OUI","CaractRte":null}},{"type":"Feature","geometry":{"type":"LineString","coordinates":[[-69.600019,49.381295],[-69.599645,49.381757],[-69.599615,49.381848],[-69.599591,49.381975],[-69.599567,49.382118],[-69.599571,49.382552],[-69.599801,49.383113],[-69.600447,49.383494],[-69.600483,49.384068]]},"properties":{"ROAD_NAME":null,"ClsRte":null,"Cls_CheFor":"NC","CarRte":"NON","CaractRte":null}},{"type":"Feature","geometry":{"type":"LineString","coordinates":[[-69.573204,49.320644],[-69.573311,49.321194],[-69.57354,49.32222],[-69.574036,49.32468],[-69.575089,49.328697]]},"properties":{"ROAD_NAME":null,"ClsRte":null,"Cls_CheFor":"02","CarRte":"OUI","CaractRte":null}},{"type":"Feature","geometry":{"type":"LineString","coordinates":[[-69.681358,49.448235],[-69.681366,49.447815],[-69.681313,49.447517],[-69.68132,49.446922],[-69.681274,49.446545],[-69.681274,49.446453],[-69.681221,49.446274],[-69.681229,49.446186],[-69.681168,49.446102],[-69.680984,49.445923],[-69.680923,49.445896],[-69.680847,49.445839],[-69.680725,49.445732],[-69.680435,49.445503],[-69.680244,49.445312],[-69.6801,49.445126],[-69.679932,49.444981],[-69.679718,49.444817],[-69.679497,49.444672],[-69.679428,49.444614],[-69.679375,49.444534],[-69.679321,49.444481],[-69.679237,49.444428],[-69.679161,49.444325],[-69.678993,49.444199],[-69.678902,49.444107],[-69.678833,49.444073],[-69.678627,49.443882],[-69.678558,49.44379],[-69.67836,49.443413],[-69.678284,49.443295],[-69.678177,49.443069],[-69.678124,49.442917],[-69.677773,49.442436],[-69.67765,49.442329],[-69.677536,49.442246],[-69.677116,49.442009],[-69.676926,49.441883],[-69.676888,49.441837],[-69.676666,49.441673],[-69.676613,49.441601],[-69.676575,49.441566],[-69.67646,49.441502],[-69.676338,49.44141],[-69.676132,49.441246],[-69.675972,49.441093],[-69.675819,49.440994],[-69.675728,49.44091],[-69.675552,49.440777],[-69.675484,49.440758],[-69.675415,49.44072],[-69.675331,49.440659],[-69.675308,49.44062],[-69.675049,49.440395],[-69.674774,49.440113],[-69.674614,49.439968],[-69.67453,49.439903],[-69.674377,49.439815],[-69.674286,49.439705],[-69.674217,49.439644],[-69.673714,49.439304],[-69.673561,49.439251],[-69.673264,49.439186],[-69.673134,49.439148],[-69.673065,49.439121],[-69.673012,49.439075],[-69.672943,49.439049],[-69.67289,49.439037],[-69.672836,49.439037],[-69.672668,49.439018],[-69.672462,49.438984],[-69.672203,49.438889],[-69.671516,49.438786],[-69.671349,49.438778],[-69.671143,49.438747],[-69.670845,49.438656],[-69.670776,49.438644],[-69.670692,49.438645],[-69.670441,49.438625],[-69.670303,49.438587],[-69.67025,49.43858],[-69.670097,49.43858],[-69.669464,49.438503],[-69.669136,49.438438],[-69.66816,49.438232],[-69.668076,49.438233],[-69.667915,49.438202],[-69.66732,49.438145],[-69.667183,49.438107],[-69.667114,49.43808],[-69.666824,49.438042],[-69.666649,49.43803],[-69.666527,49.438023],[-69.665527,49.438007],[-69.665382,49.43803],[-69.664932,49.43819],[-69.664696,49.438324],[-69.664406,49.438465],[-69.6642,49.438526],[-69.664154,49.438553],[-69.663574,49.438793],[-69.663323,49.438828],[-69.663239,49.438843],[-69.663185,49.438862],[-69.662826,49.438877],[-69.662636,49.438866],[-69.661576,49.438858],[-69.661308,49.438839],[-69.66124,49.43882],[-69.661034,49.438801],[-69.660675,49.438782],[-69.660461,49.438751],[-69.660194,49.438667],[-69.660126,49.438633],[-69.659744,49.438568]]},"properties":{"ROAD_NAME":null,"ClsRte":null,"Cls_CheFor":"NC","CarRte":"NON","CaractRte":null}},{"type":"Feature","geometry":{"type":"LineString","coordinates":[[-69.610458,49.421822],[-69.610245,49.422173],[-69.610001,49.422691],[-69.609787,49.423042],[-69.609657,49.423309],[-69.609428,49.423828],[-69.60936,49.423954],[-69.609245,49.424225],[-69.609062,49.424553],[-69.608902,49.424923],[-69.60881,49.425175],[-69.608696,49.425594],[-69.608635,49.425972],[-69.60865,49.426674],[-69.608772,49.42725],[-69.608818,49.427376],[-69.608971,49.427757],[-69.609146,49.428097],[-69.6092,49.428196],[-69.609268,49.428299],[-69.609337,49.428379],[-69.609444,49.428551],[-69.609734,49.42902],[-69.609894,49.429291],[-69.610191,49.429661],[-69.610352,49.42989],[-69.610527,49.430187],[-69.610687,49.430405],[-69.610786,49.430576],[-69.611015,49.430881],[-69.611198,49.43119],[-69.611336,49.431381],[-69.611427,49.431541],[-69.611587,49.431732],[-69.611725,49.431942],[-69.611977,49.432293],[-69.612198,49.432564],[-69.612594,49.433163],[-69.612923,49.433594],[-69.613045,49.43375],[-69.613365,49.434227],[-69.613579,49.43457],[-69.61377,49.434906],[-69.614098,49.435448],[-69.614342,49.435844],[-69.614502,49.436127],[-69.614693,49.436413],[-69.615173,49.437298],[-69.615356,49.437614],[-69.615799,49.438339],[-69.615883,49.438454],[-69.615959,49.438591],[-69.616066,49.43877],[-69.616188,49.438961]]},"properties":{"ROAD_NAME":null,"ClsRte":null,"Cls_CheFor":"02","CarRte":"OUI","CaractRte":null}},{"type":"Feature","geometry":{"type":"LineString","coordinates":[[-69.560584,49.337708],[-69.560645,49.337402],[-69.560684,49.33722],[-69.560713,49.337083],[-69.560745,49.336938],[-69.560829,49.336792],[-69.560998,49.336512],[-69.561135,49.336329],[-69.56116,49.336272]]},"properties":{"ROAD_NAME":null,"ClsRte":null,"Cls_CheFor":"05","CarRte":"OUI","CaractRte":null}},{"type":"Feature","geometry":{"type":"LineString","coordinates":[[-69.632431,49.393917],[-69.632461,49.3937],[-69.632576,49.393494],[-69.632629,49.393242],[-69.632667,49.392849],[-69.632675,49.392513],[-69.63266,49.392327],[-69.632523,49.391766],[-69.632484,49.391567],[-69.632492,49.391121],[-69.632439,49.390949],[-69.632431,49.390751],[-69.632339,49.390408],[-69.632286,49.390308],[-69.632248,49.390182],[-69.632179,49.390038],[-69.632126,49.389885],[-69.632103,49.389767],[-69.632072,49.389732],[-69.63205,49.389641],[-69.631897,49.389442],[-69.631767,49.389225],[-69.631645,49.389118],[-69.631561,49.389008],[-69.631554,49.388954]]},"properties":{"ROAD_NAME":null,"ClsRte":null,"Cls_CheFor":"NC","CarRte":"NON","CaractRte":null}},{"type":"Feature","geometry":{"type":"LineString","coordinates":[[-69.585495,49.427788],[-69.585877,49.427898],[-69.586372,49.428081],[-69.586525,49.428127],[-69.586906,49.428223],[-69.587303,49.428307],[-69.587555,49.428345],[-69.587746,49.428398],[-69.587837,49.428444],[-69.587921,49.428501],[-69.588211,49.428665],[-69.588577,49.428909],[-69.588791,49.429027],[-69.589172,49.429356],[-69.589363,49.429462],[-69.589531,49.429539],[-69.589638,49.4296],[-69.590134,49.429829],[-69.590309,49.429939],[-69.590385,49.430019],[-69.590591,49.430203],[-69.590797,49.430347],[-69.590973,49.430565],[-69.591133,49.430729],[-69.59127,49.430935],[-69.591316,49.431126],[-69.591332,49.431297],[-69.591354,49.431397],[-69.591721,49.431873],[-69.591827,49.432091],[-69.59185,49.432182],[-69.591934,49.432335],[-69.592148,49.432598],[-69.592278,49.432842],[-69.592308,49.43293],[-69.592293,49.433685],[-69.592339,49.433983],[-69.592583,49.434589],[-69.592606,49.434696],[-69.592613,49.434795],[-69.592789,49.435265],[-69.592812,49.435371],[-69.593048,49.435932],[-69.593208,49.436237],[-69.593277,49.436436],[-69.593437,49.436832],[-69.59346,49.436932],[-69.593498,49.437031],[-69.593552,49.437141],[-69.593903,49.437717],[-69.594009,49.437973],[-69.59407,49.438152],[-69.594154,49.438313],[-69.594261,49.438484],[-69.594269,49.438629],[-69.594299,49.438702],[-69.594406,49.438839],[-69.594772,49.439201],[-69.595032,49.439392],[-69.595139,49.439484],[-69.595207,49.43959],[-69.595284,49.439754],[-69.595375,49.440006],[-69.595383,49.440346],[-69.595421,49.440563],[-69.595497,49.440834],[-69.595604,49.441105],[-69.595642,49.44125],[-69.595634,49.441601],[-69.595619,49.441696],[-69.595619,49.441868],[-69.595642,49.442085],[-69.595596,49.444622],[-69.595612,49.445194],[-69.595627,49.44524],[-69.595619,49.445351],[-69.595635,49.445385],[-69.595627,49.445618],[-69.595551,49.446167],[-69.595467,49.446446],[-69.59539,49.446552],[-69.595352,49.446651],[-69.595261,49.447029],[-69.595245,49.4478],[-69.595261,49.447838],[-69.595253,49.448036],[-69.595268,49.448078],[-69.595268,49.448151],[-69.595291,49.448296],[-69.595322,49.448368],[-69.595345,49.448521],[-69.59539,49.449242],[-69.594986,49.449821],[-69.594971,49.450626],[-69.594673,49.4515],[-69.594727,49.451611]]},"properties":{"ROAD_NAME":null,"ClsRte":null,"Cls_CheFor":"NC","CarRte":"NON","CaractRte":null}},{"type":"Feature","geometry":{"type":"LineString","coordinates":[[-69.663994,49.394543],[-69.664116,49.394543],[-69.664246,49.394562],[-69.664299,49.394581],[-69.66449,49.3946],[-69.665108,49.394749],[-69.665176,49.394749],[-69.665482,49.394787],[-69.665848,49.39481],[-69.666191,49.39481],[-69.666321,49.394794],[-69.666405,49.394775],[-69.666542,49.394726],[-69.666633,49.394707],[-69.666733,49.394672],[-69.666947,49.394527],[-69.667442,49.394326],[-69.667557,49.394264],[-69.667595,49.394226],[-69.66761,49.394192],[-69.667648,49.394157],[-69.667862,49.394096],[-69.667931,49.39407],[-69.668068,49.393963],[-69.668198,49.39381],[-69.668282,49.393745],[-69.66832,49.393703],[-69.66835,49.39365],[-69.668495,49.393238],[-69.668663,49.392887],[-69.668747,49.39288],[-69.668816,49.39286],[-69.668869,49.392834],[-69.668983,49.392754],[-69.669388,49.392612],[-69.669563,49.392586],[-69.669815,49.39259],[-69.670059,49.392555],[-69.670128,49.392529],[-69.670296,49.392513],[-69.670639,49.392525],[-69.67083,49.392578],[-69.671028,49.392689],[-69.671341,49.392815],[-69.671433,49.392845],[-69.671501,49.392845],[-69.671913,49.393036],[-69.672089,49.393101],[-69.672218,49.393139],[-69.672257,49.393166],[-69.672356,49.393211],[-69.672668,49.393284],[-69.67289,49.393322],[-69.673096,49.393368],[-69.673302,49.393406],[-69.673355,49.393406],[-69.673546,49.393433],[-69.673851,49.393501],[-69.674469,49.393566],[-69.674632,49.393604],[-69.674728,49.39365],[-69.67481,49.393704],[-69.674959,49.393831],[-69.675191,49.393977],[-69.675422,49.39414],[-69.675763,49.394358],[-69.675899,49.394485],[-69.67594,49.394513],[-69.675995,49.394531],[-69.676144,49.394649],[-69.676349,49.394776],[-69.676417,49.394813],[-69.67654,49.394859],[-69.676746,49.394896],[-69.676896,49.394987],[-69.676937,49.395023],[-69.677018,49.395096],[-69.677073,49.395123],[-69.677469,49.395315],[-69.677661,49.395397],[-69.677798,49.395443],[-69.677948,49.395516],[-69.678139,49.395643],[-69.67818,49.39568],[-69.678206,49.395734],[-69.678219,49.395797],[-69.678215,49.39603],[-69.678199,49.396165],[-69.678169,49.396291],[-69.678069,49.396515],[-69.67804,49.396632],[-69.677993,49.396955],[-69.677991,49.397081],[-69.677961,49.397225],[-69.67796,49.39727],[-69.678,49.397387],[-69.678134,49.397622],[-69.67816,49.397712],[-69.678145,49.397783],[-69.67806,49.3979],[-69.67792,49.398061],[-69.677877,49.398159],[-69.677722,49.39832],[-69.677652,49.398409],[-69.677568,49.398499],[-69.6774,49.398624],[-69.677302,49.398713],[-69.677232,49.398802],[-69.677162,49.398856],[-69.677078,49.398963],[-69.677049,49.399044],[-69.676838,49.399303],[-69.676809,49.399366],[-69.676777,49.399671],[-69.676733,49.399797],[-69.676703,49.399949],[-69.6767,49.400111],[-69.676738,49.400345],[-69.676803,49.40058],[-69.67683,49.400625],[-69.676882,49.400805],[-69.67688,49.400913],[-69.676906,49.401012],[-69.676917,49.401174],[-69.676956,49.401309],[-69.676955,49.401363],[-69.677061,49.401625],[-69.677059,49.401714]]},"properties":{"ROAD_NAME":null,"ClsRte":null,"Cls_CheFor":"NC","CarRte":"NON","CaractRte":null}},{"type":"Feature","geometry":{"type":"LineString","coordinates":[[-69.594444,49.415852],[-69.59346,49.415215],[-69.593056,49.41489],[-69.592903,49.414726],[-69.592834,49.414635],[-69.592499,49.414272],[-69.592415,49.414211],[-69.592217,49.413956],[-69.591972,49.41375],[-69.591782,49.413612],[-69.591606,49.413467]]},"properties":{"ROAD_NAME":null,"ClsRte":null,"Cls_CheFor":"NC","CarRte":"NON","CaractRte":null}},{"type":"Feature","geometry":{"type":"LineString","coordinates":[[-69.652412,49.457272],[-69.65242,49.457047],[-69.652405,49.456955],[-69.652412,49.456856],[-69.652397,49.456715],[-69.652405,49.456291],[-69.652397,49.456173],[-69.652359,49.456001],[-69.652275,49.455841],[-69.652252,49.455715],[-69.652267,49.455444],[-69.652245,49.455311],[-69.652176,49.455067],[-69.652031,49.45475],[-69.652008,49.454605],[-69.652008,49.454452],[-69.65197,49.454338],[-69.651932,49.454266],[-69.651779,49.454048],[-69.651771,49.453983],[-69.651779,49.453465],[-69.651741,49.45314],[-69.651749,49.452976],[-69.651726,49.452637],[-69.65171,49.452553],[-69.651619,49.452347],[-69.651566,49.452148],[-69.651466,49.451565],[-69.651413,49.451447],[-69.65136,49.451374],[-69.651268,49.451157],[-69.651215,49.451065],[-69.651009,49.450859],[-69.650932,49.450748],[-69.650879,49.450623],[-69.650818,49.450569],[-69.650742,49.450523]]},"properties":{"ROAD_NAME":null,"ClsRte":null,"Cls_CheFor":"NC","CarRte":"NON","CaractRte":null}},{"type":"Feature","geometry":{"type":"LineString","coordinates":[[-69.61278,49.37679],[-69.612591,49.376794],[-69.612204,49.376935],[-69.61192,49.377111],[-69.611619,49.37724]]},"properties":{"ROAD_NAME":null,"ClsRte":null,"Cls_CheFor":"04","CarRte":"OUI","CaractRte":null}},{"type":"Feature","geometry":{"type":"LineString","coordinates":[[-69.613708,49.442905],[-69.613678,49.44281],[-69.613617,49.442406],[-69.613579,49.442268],[-69.613548,49.442234],[-69.61351,49.44215],[-69.613434,49.441792],[-69.613358,49.441647],[-69.613235,49.441475],[-69.613167,49.441322],[-69.613159,49.44125],[-69.613113,49.441177],[-69.612968,49.441006],[-69.612808,49.440842],[-69.612724,49.440769],[-69.612625,49.440651],[-69.612617,49.44059],[-69.612648,49.44051],[-69.61277,49.440372],[-69.612923,49.440285],[-69.613175,49.440205],[-69.613411,49.440155],[-69.613548,49.440109],[-69.614143,49.439953],[-69.614548,49.439819],[-69.614883,49.439697],[-69.615547,49.439369],[-69.615852,49.439167],[-69.615936,49.439068],[-69.616089,49.438995],[-69.616188,49.438961]]},"properties":{"ROAD_NAME":null,"ClsRte":null,"Cls_CheFor":"NC","CarRte":"IMP","CaractRte":null}},{"type":"Feature","geometry":{"type":"LineString","coordinates":[[-69.670149,49.478027],[-69.670486,49.47858],[-69.67054,49.478706],[-69.670723,49.479218],[-69.670815,49.479687],[-69.670868,49.480381],[-69.670891,49.480694],[-69.670921,49.481235],[-69.67096,49.481766],[-69.670975,49.482235],[-69.670975,49.482323],[-69.670929,49.482819],[-69.670841,49.483291],[-69.670288,49.484486],[-69.669662,49.48576],[-69.669548,49.485992],[-69.669365,49.486351],[-69.668915,49.487274],[-69.668587,49.487892],[-69.668388,49.488277],[-69.668274,49.488598],[-69.668137,49.489281],[-69.668137,49.48938],[-69.668121,49.489471],[-69.668114,49.489918],[-69.668053,49.49007],[-69.668037,49.490189],[-69.668037,49.490494],[-69.668022,49.490532],[-69.667953,49.491241],[-69.66787,49.491886],[-69.66787,49.492176],[-69.667854,49.492283]]},"properties":{"ROAD_NAME":null,"ClsRte":null,"Cls_CheFor":"04","CarRte":"OUI","CaractRte":null}},{"type":"Feature","geometry":{"type":"LineString","coordinates":[[-69.560584,49.337708],[-69.560791,49.33765],[-69.560951,49.337584],[-69.561099,49.337509],[-69.561254,49.33743],[-69.561412,49.337358],[-69.561583,49.337313],[-69.561706,49.337288],[-69.561912,49.337265],[-69.562254,49.337225],[-69.562525,49.337186],[-69.562762,49.337144],[-69.562999,49.337083],[-69.563153,49.337028],[-69.563369,49.33693],[-69.563574,49.336816],[-69.563902,49.336605],[-69.564046,49.336503],[-69.564115,49.336417],[-69.564226,49.336235],[-69.564278,49.336124],[-69.564303,49.335967],[-69.564351,49.335832],[-69.564405,49.335748],[-69.564479,49.335679],[-69.564582,49.335617],[-69.564754,49.335551],[-69.565018,49.335436],[-69.565236,49.335348],[-69.565462,49.335287],[-69.565666,49.33527],[-69.565793,49.335271],[-69.566002,49.335306],[-69.566154,49.33536],[-69.566292,49.335434],[-69.566395,49.33552],[-69.566482,49.335649],[-69.56653,49.33578],[-69.566566,49.335963],[-69.566565,49.33611],[-69.566511,49.336303],[-69.566487,49.33647],[-69.566499,49.33663],[-69.566539,49.336797],[-69.566591,49.336946],[-69.566665,49.337108],[-69.566725,49.337246],[-69.566768,49.337412],[-69.5668,49.337553],[-69.566852,49.337702],[-69.56692,49.337821],[-69.566999,49.337932],[-69.567116,49.338057],[-69.567272,49.338165],[-69.567464,49.338258],[-69.567692,49.338361],[-69.567889,49.338453],[-69.568118,49.338573],[-69.568286,49.338683],[-69.568483,49.338812],[-69.568616,49.338914],[-69.568741,49.339041],[-69.568914,49.339251],[-69.569039,49.339427],[-69.569143,49.339622],[-69.569212,49.339766],[-69.56929,49.339887],[-69.569382,49.339994],[-69.569486,49.340075],[-69.569704,49.340211],[-69.569877,49.340289],[-69.570055,49.340363]]},"properties":{"ROAD_NAME":null,"ClsRte":null,"Cls_CheFor":"NC","CarRte":"NON","CaractRte":null}},{"type":"Feature","geometry":{"type":"LineString","coordinates":[[-69.578018,49.345493],[-69.577789,49.345177],[-69.577782,49.345131],[-69.577698,49.345013],[-69.577606,49.344822],[-69.577583,49.344715],[-69.577599,49.344482],[-69.577675,49.344231],[-69.577728,49.34417],[-69.577797,49.344105],[-69.577934,49.344017],[-69.578018,49.343983],[-69.578171,49.343883],[-69.578339,49.343803],[-69.578491,49.343742],[-69.578659,49.343708],[-69.578766,49.343674]]},"properties":{"ROAD_NAME":null,"ClsRte":null,"Cls_CheFor":"NC","CarRte":"NON","CaractRte":null}},{"type":"Feature","geometry":{"type":"LineString","coordinates":[[-69.577629,49.328968],[-69.577461,49.329147],[-69.577118,49.329552],[-69.577065,49.329658],[-69.576996,49.329746],[-69.576851,49.329979],[-69.576805,49.330032],[-69.576576,49.330498],[-69.576553,49.330589],[-69.576508,49.330677],[-69.576416,49.331001],[-69.576385,49.331207],[-69.57637,49.331245],[-69.57637,49.331314],[-69.576325,49.331531],[-69.576309,49.331791],[-69.576279,49.331936],[-69.576279,49.332024],[-69.576256,49.332169],[-69.576225,49.332592],[-69.576219,49.332638]]},"properties":{"ROAD_NAME":null,"ClsRte":null,"Cls_CheFor":"02","CarRte":"OUI","CaractRte":null}},{"type":"Feature","geometry":{"type":"LineString","coordinates":[[-69.659264,49.484333],[-69.659195,49.484253],[-69.659126,49.484146],[-69.659088,49.484035],[-69.658958,49.483883],[-69.658836,49.483711],[-69.658783,49.48362],[-69.658646,49.48344],[-69.658073,49.482868],[-69.658005,49.482788],[-69.657883,49.482605],[-69.657654,49.482372],[-69.657494,49.482163],[-69.65741,49.482037],[-69.657372,49.481945],[-69.657318,49.481865],[-69.657227,49.481674],[-69.657089,49.481487],[-69.656891,49.481117],[-69.656899,49.480728],[-69.656929,49.480576],[-69.656982,49.480442],[-69.657028,49.480408],[-69.657158,49.480228],[-69.657257,49.479897],[-69.657272,49.479797],[-69.657333,49.479626],[-69.657532,49.479233],[-69.657684,49.479027],[-69.657768,49.478893],[-69.657829,49.478756],[-69.657883,49.478668],[-69.657951,49.478588],[-69.658066,49.47839],[-69.658195,49.47823],[-69.658264,49.478085],[-69.658241,49.477943]]},"properties":{"ROAD_NAME":null,"ClsRte":null,"Cls_CheFor":"NC","CarRte":"NON","CaractRte":null}},{"type":"Feature","geometry":{"type":"LineString","coordinates":[[-69.690567,49.429217],[-69.691207,49.429413],[-69.691714,49.429667],[-69.692217,49.430122],[-69.693026,49.430693],[-69.693295,49.430918],[-69.693441,49.431024],[-69.693704,49.431137],[-69.694558,49.431266],[-69.695146,49.431312]]},"properties":{"ROAD_NAME":null,"ClsRte":null,"Cls_CheFor":"04","CarRte":"OUI","CaractRte":null}},{"type":"Feature","geometry":{"type":"LineString","coordinates":[[-69.673292,49.468423],[-69.673431,49.468277],[-69.673587,49.468119],[-69.673592,49.467999],[-69.673607,49.467945],[-69.673569,49.467785],[-69.673477,49.46756],[-69.673477,49.467495],[-69.673462,49.467442],[-69.673355,49.467232],[-69.673172,49.466774],[-69.673004,49.466583],[-69.67263,49.465977],[-69.672592,49.465843],[-69.67244,49.465652],[-69.672295,49.465408],[-69.672173,49.46529],[-69.67205,49.465076],[-69.671921,49.464886],[-69.671883,49.464733],[-69.671852,49.464687],[-69.671799,49.464634],[-69.67173,49.464516],[-69.671692,49.46447],[-69.671638,49.464279],[-69.6716,49.464054],[-69.671494,49.463867],[-69.671402,49.463642],[-69.671402,49.463596],[-69.671387,49.463543],[-69.671227,49.463245],[-69.671188,49.463135],[-69.671127,49.462875],[-69.671059,49.462765],[-69.670959,49.462666],[-69.670921,49.462593],[-69.670898,49.462513],[-69.670746,49.462208],[-69.670639,49.462006],[-69.670509,49.4618],[-69.670456,49.461681],[-69.67022,49.46096],[-69.670181,49.460808],[-69.670181,49.460655],[-69.670197,49.460621],[-69.670212,49.460484],[-69.670242,49.46035],[-69.670273,49.460258],[-69.670334,49.459847],[-69.670364,49.459705],[-69.67038,49.459667],[-69.670464,49.459541],[-69.670479,49.459499],[-69.670509,49.459461],[-69.670532,49.459381],[-69.670547,49.459255],[-69.670593,49.459137],[-69.670708,49.458996],[-69.670753,49.458878],[-69.670807,49.458645],[-69.670898,49.458477],[-69.670998,49.458187],[-69.671043,49.458],[-69.671043,49.457821],[-69.671059,49.457722],[-69.671089,49.45763],[-69.671135,49.457542],[-69.671158,49.457462],[-69.671188,49.457211],[-69.671234,49.457092],[-69.671295,49.456978],[-69.671417,49.456806],[-69.671494,49.45668],[-69.671623,49.456303],[-69.671623,49.456215],[-69.671639,49.456161],[-69.671753,49.455944],[-69.671822,49.455711],[-69.671951,49.455406],[-69.672012,49.455337],[-69.672066,49.455227],[-69.672111,49.455086],[-69.672226,49.454933],[-69.672356,49.454647],[-69.67244,49.454414],[-69.672516,49.454098],[-69.672539,49.454044],[-69.6726,49.453972],[-69.672638,49.453903],[-69.672669,49.453804],[-69.672714,49.453731],[-69.672714,49.453667],[-69.672729,49.453613],[-69.672813,49.4534],[-69.672905,49.453114],[-69.673004,49.452896],[-69.673073,49.452782]]},"properties":{"ROAD_NAME":null,"ClsRte":null,"Cls_CheFor":"NC","CarRte":"NON","CaractRte":null}},{"type":"Feature","geometry":{"type":"LineString","coordinates":[[-69.577629,49.328968],[-69.577324,49.329082],[-69.577194,49.329121],[-69.576988,49.329163],[-69.576744,49.329197],[-69.576523,49.329224],[-69.576424,49.329212],[-69.576218,49.329212],[-69.575973,49.329189],[-69.57579,49.329163],[-69.575722,49.329144],[-69.5756,49.329098],[-69.575478,49.329033],[-69.575089,49.328697]]},"properties":{"ROAD_NAME":null,"ClsRte":null,"Cls_CheFor":"03","CarRte":"OUI","CaractRte":null}},{"type":"Feature","geometry":{"type":"LineString","coordinates":[[-69.636536,49.42606],[-69.636398,49.426056],[-69.635834,49.426071],[-69.635475,49.426067],[-69.635017,49.42609],[-69.634865,49.426109],[-69.634506,49.426224],[-69.634186,49.426266],[-69.633804,49.426281],[-69.633621,49.42627],[-69.633553,49.426277],[-69.633263,49.42635],[-69.633041,49.426373],[-69.632874,49.426418],[-69.632629,49.42646],[-69.632172,49.426502],[-69.632057,49.426517],[-69.63195,49.426544],[-69.631867,49.426556],[-69.631271,49.426548],[-69.630875,49.426563],[-69.630753,49.426582],[-69.629662,49.426575],[-69.629112,49.426525],[-69.628632,49.426441],[-69.628204,49.426292],[-69.628037,49.42622],[-69.627861,49.426128],[-69.627701,49.425991],[-69.627632,49.42593],[-69.627525,49.425812],[-69.627426,49.42564],[-69.627228,49.425369],[-69.626907,49.424988],[-69.626541,49.424599],[-69.62635,49.424435],[-69.626236,49.424355],[-69.626022,49.424236],[-69.625786,49.424145],[-69.625526,49.424015],[-69.625389,49.423969],[-69.625267,49.423943],[-69.625145,49.423904],[-69.624939,49.423832],[-69.62468,49.423721],[-69.624641,49.423683],[-69.624542,49.423531],[-69.62426,49.423187],[-69.624222,49.423122],[-69.62384,49.422718],[-69.623711,49.422508],[-69.623543,49.422302],[-69.623413,49.422047],[-69.623375,49.421886],[-69.623421,49.421509],[-69.623482,49.421257],[-69.623528,49.421139],[-69.623589,49.420845],[-69.623589,49.420513],[-69.623619,49.420361],[-69.623825,49.41983],[-69.62394,49.419613],[-69.623993,49.419544],[-69.624092,49.419464],[-69.624695,49.418911],[-69.625114,49.418598],[-69.625336,49.418446],[-69.625572,49.418304],[-69.625671,49.418236],[-69.625755,49.418163],[-69.625839,49.418083],[-69.625938,49.417957],[-69.625969,49.417858],[-69.625969,49.417804],[-69.625931,49.41758],[-69.625893,49.417507],[-69.625649,49.417244],[-69.62558,49.417152],[-69.625504,49.417072],[-69.625275,49.416767],[-69.625099,49.416485],[-69.625061,49.416393],[-69.625008,49.416187],[-69.624954,49.416035],[-69.624916,49.415855],[-69.624908,49.415565],[-69.624886,49.415287],[-69.624824,49.414829],[-69.624832,49.414413],[-69.624786,49.414009],[-69.624702,49.413731],[-69.624573,49.413414],[-69.62455,49.413326],[-69.624504,49.413227],[-69.624413,49.413082],[-69.624268,49.412971],[-69.624115,49.412891],[-69.624046,49.412861],[-69.623924,49.412834],[-69.623795,49.412815],[-69.62336,49.412785],[-69.623055,49.412785],[-69.62252,49.412769],[-69.621826,49.412765],[-69.621376,49.412788],[-69.621155,49.412785],[-69.62104,49.412796],[-69.620422,49.412827],[-69.620285,49.412827],[-69.619812,49.412785],[-69.619736,49.412766],[-69.619339,49.412609],[-69.619156,49.412529],[-69.619019,49.412457],[-69.618889,49.412373],[-69.618721,49.412292],[-69.618324,49.41217],[-69.61824,49.412163],[-69.617539,49.412014],[-69.616348,49.411858],[-69.61615,49.411865],[-69.61589,49.411911],[-69.615639,49.411926],[-69.615326,49.411881]]},"properties":{"ROAD_NAME":null,"ClsRte":null,"Cls_CheFor":"NC","CarRte":"NON","CaractRte":null}},{"type":"Feature","geometry":{"type":"LineString","coordinates":[[-69.647736,49.464478],[-69.647682,49.464458],[-69.647438,49.464348],[-69.647331,49.46431],[-69.647217,49.464283],[-69.646874,49.464146],[-69.646645,49.46402],[-69.646271,49.463837],[-69.646072,49.463726]]},"properties":{"ROAD_NAME":null,"ClsRte":null,"Cls_CheFor":"NC","CarRte":"NON","CaractRte":null}},{"type":"Feature","geometry":{"type":"LineString","coordinates":[[-69.614388,49.371872],[-69.614395,49.371784],[-69.614273,49.371693]]},"properties":{"ROAD_NAME":null,"ClsRte":null,"Cls_CheFor":"03","CarRte":"OUI","CaractRte":null}},{"type":"Feature","geometry":{"type":"LineString","coordinates":[[-69.647896,49.466412],[-69.64846,49.466721],[-69.648926,49.466938],[-69.649475,49.467186],[-69.650116,49.46748],[-69.650787,49.4678],[-69.651459,49.468109],[-69.652496,49.468575],[-69.653221,49.468922],[-69.654739,49.469643],[-69.654999,49.469761],[-69.655456,49.469982],[-69.655823,49.470165],[-69.65612,49.47031],[-69.656959,49.470695],[-69.657585,49.470997],[-69.658356,49.471325],[-69.66008,49.472157],[-69.661179,49.472687],[-69.661629,49.472885],[-69.661957,49.473061],[-69.662697,49.473381],[-69.663338,49.473599],[-69.664558,49.473923],[-69.66507,49.474064],[-69.665649,49.474209],[-69.666199,49.474323],[-69.666763,49.474514],[-69.667198,49.474663],[-69.667625,49.474853],[-69.668045,49.47509],[-69.668358,49.475307],[-69.668716,49.475628],[-69.669067,49.47607],[-69.669296,49.476501],[-69.669457,49.476784],[-69.6698,49.477386],[-69.670149,49.478027]]},"properties":{"ROAD_NAME":null,"ClsRte":null,"Cls_CheFor":"02","CarRte":"OUI","CaractRte":null}},{"type":"Feature","geometry":{"type":"LineString","coordinates":[[-69.595548,49.395352],[-69.595467,49.395367],[-69.595299,49.395386],[-69.594971,49.395454],[-69.594666,49.395504],[-69.594551,49.395512],[-69.59436,49.395538],[-69.594208,49.395573],[-69.59407,49.395618],[-69.593796,49.395687],[-69.593514,49.395775],[-69.593239,49.395836],[-69.592728,49.395992],[-69.592522,49.396046],[-69.592445,49.396053],[-69.592339,49.39608],[-69.591987,49.396221],[-69.591614,49.396389],[-69.591446,49.39645],[-69.591286,49.396503],[-69.590912,49.39661],[-69.590775,49.396645],[-69.590553,49.396687],[-69.590355,49.396759],[-69.590134,49.396793],[-69.589683,49.39679],[-69.589531,49.396805],[-69.589264,49.396873],[-69.589073,49.396946],[-69.588989,49.396961],[-69.58889,49.396961],[-69.588791,49.39698],[-69.588561,49.397068],[-69.588402,49.397163],[-69.58828,49.397263],[-69.588226,49.397324],[-69.588165,49.397362],[-69.587997,49.397449],[-69.587448,49.397697],[-69.58725,49.397739],[-69.587113,49.397785],[-69.587059,49.39782],[-69.586945,49.397934],[-69.58683,49.397972],[-69.586723,49.397995],[-69.586639,49.398033],[-69.586487,49.398087],[-69.586304,49.398121],[-69.585823,49.398151],[-69.585411,49.398266],[-69.585258,49.3983],[-69.585144,49.398315],[-69.585037,49.398315],[-69.584885,49.398361],[-69.584755,49.39843],[-69.584549,49.398644],[-69.584419,49.398762],[-69.584351,49.398842],[-69.584168,49.399002],[-69.584015,49.399117],[-69.583946,49.39925],[-69.58387,49.399342],[-69.583649,49.399483],[-69.58355,49.399536],[-69.583275,49.399658],[-69.583206,49.399658],[-69.583084,49.399685],[-69.58287,49.399757],[-69.582802,49.399792],[-69.582733,49.399807],[-69.582497,49.399834],[-69.582336,49.39986],[-69.581848,49.39999],[-69.581764,49.399998],[-69.581673,49.400017],[-69.581451,49.400078],[-69.581322,49.40012],[-69.581184,49.400185],[-69.580604,49.400387],[-69.580299,49.400543],[-69.580055,49.400768],[-69.579948,49.400848],[-69.579765,49.400963],[-69.579651,49.401024],[-69.579346,49.40115],[-69.578987,49.401272],[-69.578835,49.401341],[-69.578751,49.401367],[-69.578697,49.401394],[-69.578468,49.401573],[-69.578224,49.401695],[-69.578072,49.401787],[-69.577751,49.401955],[-69.5774,49.402115],[-69.577148,49.402203],[-69.577095,49.402229],[-69.576958,49.402264],[-69.576737,49.402351],[-69.576584,49.402393],[-69.576485,49.402447],[-69.576401,49.402519],[-69.576302,49.40258],[-69.575569,49.402916],[-69.575287,49.403023],[-69.57518,49.403084],[-69.575096,49.403118],[-69.575043,49.40313],[-69.574898,49.403137],[-69.57312,49.403114],[-69.572983,49.403103],[-69.572632,49.403091],[-69.572105,49.403149],[-69.571899,49.403149],[-69.571304,49.403187],[-69.571014,49.403187],[-69.570656,49.403122],[-69.570534,49.403076],[-69.570084,49.402828],[-69.569908,49.402744],[-69.56958,49.402626],[-69.569275,49.402481],[-69.568893,49.402313],[-69.568687,49.402241],[-69.56855,49.402203],[-69.568268,49.402138],[-69.567551,49.401943],[-69.567398,49.401924],[-69.567276,49.401924],[-69.566765,49.402039],[-69.566353,49.402088],[-69.56607,49.402103],[-69.565933,49.402145],[-69.565758,49.402164],[-69.565262,49.402187],[-69.564941,49.402184],[-69.564804,49.402157],[-69.564644,49.402084],[-69.56459,49.402046],[-69.5644,49.401875],[-69.564163,49.401703],[-69.563774,49.401436],[-69.56369,49.401402],[-69.563431,49.401318],[-69.563172,49.401245],[-69.562881,49.401196],[-69.562782,49.401169],[-69.562691,49.401131],[-69.562622,49.401112],[-69.562469,49.401085],[-69.561935,49.401016],[-69.561684,49.401016],[-69.56163,49.401024]]},"properties":{"ROAD_NAME":null,"ClsRte":null,"Cls_CheFor":"NC","CarRte":"NON","CaractRte":null}},{"type":"Feature","geometry":{"type":"LineString","coordinates":[[-69.570055,49.340363],[-69.569874,49.340442],[-69.569705,49.340482],[-69.569581,49.340481],[-69.5694,49.340462],[-69.569214,49.340451],[-69.568891,49.340465],[-69.568514,49.340491],[-69.56813,49.340506],[-69.567767,49.340516],[-69.567406,49.3405],[-69.56719,49.340492],[-69.566996,49.340496],[-69.566801,49.340535],[-69.566697,49.340583],[-69.566569,49.340654],[-69.566412,49.340765],[-69.566105,49.34105]]},"properties":{"ROAD_NAME":null,"ClsRte":null,"Cls_CheFor":"NC","CarRte":"IMP","CaractRte":null}},{"type":"Feature","geometry":{"type":"LineString","coordinates":[[-69.56116,49.336272],[-69.561576,49.336255],[-69.56215,49.336138],[-69.56248,49.336046],[-69.562645,49.335833]]},"properties":{"ROAD_NAME":null,"ClsRte":null,"Cls_CheFor":"NC","CarRte":"NON","CaractRte":null}},{"type":"Feature","geometry":{"type":"LineString","coordinates":[[-69.612054,49.389551],[-69.612083,49.389904],[-69.612076,49.390083],[-69.612129,49.39056],[-69.612122,49.390739],[-69.612045,49.391109],[-69.612045,49.391216],[-69.61203,49.391342],[-69.611969,49.391495],[-69.61187,49.391655],[-69.611832,49.391808],[-69.61161,49.392273],[-69.611496,49.39246],[-69.610863,49.393204],[-69.610809,49.393291],[-69.610496,49.393684],[-69.610458,49.393803],[-69.610458,49.393856],[-69.610397,49.394035],[-69.610336,49.394142],[-69.610184,49.394321],[-69.610199,49.39444],[-69.610191,49.394546]]},"properties":{"ROAD_NAME":null,"ClsRte":null,"Cls_CheFor":"02","CarRte":"OUI","CaractRte":null}},{"type":"Feature","geometry":{"type":"LineString","coordinates":[[-69.560875,49.400784],[-69.560822,49.400597],[-69.560783,49.400558],[-69.56073,49.400425],[-69.560722,49.400314],[-69.560669,49.400082],[-69.560669,49.399929],[-69.560631,49.399819],[-69.560524,49.399693],[-69.560486,49.399666],[-69.560448,49.399601],[-69.560326,49.399502],[-69.560257,49.399456],[-69.559807,49.399265],[-69.559128,49.399204],[-69.558784,49.399166],[-69.557945,49.399117],[-69.557892,49.399105],[-69.557587,49.399113],[-69.557503,49.39912],[-69.557396,49.399162],[-69.557182,49.399288],[-69.557045,49.399349],[-69.55674,49.399517],[-69.556603,49.399563],[-69.556396,49.399651],[-69.556099,49.399719],[-69.555893,49.399738],[-69.555344,49.399731],[-69.555176,49.399723],[-69.554932,49.399693],[-69.554779,49.399681],[-69.554558,49.399681],[-69.554321,49.399696],[-69.554092,49.399731],[-69.553955,49.399738],[-69.55365,49.399799],[-69.553223,49.399796],[-69.552864,49.399776],[-69.552475,49.399727],[-69.5522,49.39967],[-69.551956,49.399658],[-69.551804,49.399639],[-69.551475,49.399555],[-69.551323,49.399529],[-69.551117,49.399471],[-69.550972,49.399418],[-69.550774,49.399387],[-69.550476,49.399368],[-69.550324,49.399349],[-69.549797,49.399273],[-69.549584,49.399235],[-69.549515,49.399208],[-69.549461,49.39909],[-69.549332,49.398739],[-69.549339,49.398235],[-69.549393,49.398075],[-69.549507,49.397911],[-69.549721,49.397556],[-69.549835,49.397331],[-69.54985,49.397251],[-69.549828,49.397186],[-69.549789,49.397152],[-69.549729,49.397133],[-69.549652,49.397133],[-69.549469,49.397202],[-69.549194,49.397236],[-69.548134,49.397228],[-69.547897,49.397217],[-69.54747,49.397213],[-69.547249,49.397236],[-69.547012,49.39727],[-69.546837,49.397316],[-69.546738,49.397331],[-69.546227,49.397499],[-69.545876,49.397594],[-69.545723,49.397629],[-69.545586,49.397675],[-69.545364,49.397724],[-69.545128,49.397759],[-69.544815,49.397793],[-69.544678,49.3978],[-69.544319,49.39785],[-69.544037,49.397903],[-69.54393,49.397903],[-69.543877,49.397911],[-69.543694,49.397953],[-69.543541,49.397987],[-69.543236,49.398041],[-69.542992,49.398067],[-69.54277,49.398117],[-69.542175,49.398285],[-69.541924,49.39838],[-69.541824,49.398426]]},"properties":{"ROAD_NAME":null,"ClsRte":null,"Cls_CheFor":"NC","CarRte":"NON","CaractRte":null}},{"type":"Feature","geometry":{"type":"LineString","coordinates":[[-69.566795,49.350098],[-69.566742,49.350124],[-69.566688,49.35014],[-69.56646,49.350292],[-69.566406,49.3503],[-69.566078,49.350296],[-69.565926,49.350277],[-69.56575,49.350243],[-69.565147,49.350101],[-69.564873,49.35001],[-69.564629,49.349953],[-69.564201,49.349804],[-69.564117,49.349789]]},"properties":{"ROAD_NAME":null,"ClsRte":null,"Cls_CheFor":"NC","CarRte":"NON","CaractRte":null}},{"type":"Feature","geometry":{"type":"LineString","coordinates":[[-69.620918,49.374207],[-69.620697,49.374168],[-69.62046,49.374168],[-69.620316,49.374176],[-69.620163,49.374191],[-69.620064,49.37421],[-69.619926,49.374271],[-69.619843,49.374298],[-69.619774,49.374298],[-69.619568,49.374252],[-69.6194,49.374241],[-69.619293,49.374222],[-69.619087,49.374123],[-69.618927,49.374058],[-69.618706,49.373993],[-69.618484,49.373989],[-69.618416,49.373974]]},"properties":{"ROAD_NAME":null,"ClsRte":null,"Cls_CheFor":"NC","CarRte":"NON","CaractRte":null}},{"type":"Feature","geometry":{"type":"LineString","coordinates":[[-69.591263,49.362656],[-69.591369,49.362595],[-69.591423,49.362587],[-69.591591,49.362534],[-69.591721,49.36248],[-69.592163,49.36224],[-69.592194,49.362206],[-69.5923,49.362125],[-69.592461,49.361939],[-69.592499,49.361855],[-69.592644,49.361641],[-69.592796,49.361275],[-69.592827,49.361168],[-69.592857,49.361069],[-69.592857,49.361004],[-69.592873,49.360962],[-69.592873,49.360905],[-69.592888,49.360863],[-69.592903,49.36071],[-69.592911,49.360306],[-69.592865,49.35997],[-69.592857,49.359646],[-69.592842,49.359547],[-69.592857,49.358883],[-69.59285,49.358757],[-69.592834,49.358719],[-69.592835,49.358624]]},"properties":{"ROAD_NAME":null,"ClsRte":null,"Cls_CheFor":"NC","CarRte":"NON","CaractRte":null}},{"type":"Feature","geometry":{"type":"LineString","coordinates":[[-69.604721,49.447102],[-69.604698,49.446922],[-69.604698,49.446823],[-69.604683,49.446713],[-69.604698,49.446102],[-69.604683,49.446014],[-69.604683,49.44593],[-69.604713,49.445751],[-69.604744,49.445652],[-69.604858,49.445377],[-69.604935,49.445087],[-69.605164,49.444721],[-69.605209,49.444542],[-69.605293,49.444317],[-69.605476,49.443985],[-69.605537,49.443806],[-69.605621,49.443665],[-69.605766,49.443352],[-69.605766,49.443214],[-69.605797,49.443115],[-69.605797,49.443047],[-69.605812,49.443001],[-69.605942,49.442814],[-69.606018,49.442364],[-69.606026,49.442085],[-69.60598,49.441563],[-69.605812,49.441013],[-69.605721,49.440662],[-69.605782,49.440338],[-69.60582,49.440266],[-69.606049,49.44009],[-69.606087,49.440025],[-69.606132,49.439846],[-69.606155,49.439632],[-69.606117,49.439423],[-69.605942,49.439091],[-69.605637,49.438583],[-69.605537,49.438366],[-69.605431,49.438179],[-69.605194,49.437916],[-69.605042,49.437778],[-69.604889,49.43766],[-69.6045,49.437271],[-69.604363,49.437119],[-69.604202,49.436916],[-69.603935,49.436611],[-69.603783,49.436413],[-69.603584,49.436111],[-69.603447,49.43594],[-69.603371,49.435822],[-69.603249,49.435688],[-69.603149,49.435623],[-69.603027,49.43557],[-69.602928,49.435539],[-69.602821,49.435524],[-69.602722,49.435493],[-69.602394,49.435329],[-69.602325,49.435284],[-69.602272,49.435238],[-69.602203,49.435158],[-69.602089,49.434952],[-69.60202,49.43486],[-69.601936,49.434715],[-69.601898,49.43457],[-69.601891,49.434364],[-69.601906,49.433338],[-69.60186,49.432941],[-69.601852,49.432789],[-69.601822,49.432728],[-69.601753,49.432644],[-69.601501,49.432453],[-69.601105,49.432056],[-69.601036,49.431976],[-69.600945,49.431831],[-69.600975,49.431622],[-69.60096,49.43156],[-69.600883,49.431397],[-69.600815,49.431309],[-69.600723,49.431217],[-69.600677,49.431191],[-69.600532,49.431034],[-69.600204,49.430645],[-69.600082,49.430519],[-69.599953,49.43034],[-69.599846,49.430149],[-69.599815,49.430058],[-69.599793,49.429871],[-69.5998,49.429691],[-69.599884,49.429314],[-69.59993,49.429195],[-69.600456,49.428383]]},"properties":{"ROAD_NAME":null,"ClsRte":null,"Cls_CheFor":"NC","CarRte":"NON","CaractRte":null}},{"type":"Feature","geometry":{"type":"LineString","coordinates":[[-69.612961,49.403847],[-69.613121,49.40419],[-69.613182,49.4044],[-69.613296,49.40456],[-69.613373,49.404804],[-69.61348,49.405041],[-69.613609,49.405266],[-69.613663,49.405418],[-69.61396,49.40596],[-69.614059,49.406178],[-69.614265,49.406509],[-69.61438,49.406746]]},"properties":{"ROAD_NAME":null,"ClsRte":null,"Cls_CheFor":"02","CarRte":"OUI","CaractRte":null}},{"type":"Feature","geometry":{"type":"LineString","coordinates":[[-69.604157,49.40173],[-69.604187,49.401531],[-69.60424,49.401352],[-69.604271,49.401318],[-69.604294,49.400867],[-69.604279,49.400734],[-69.604286,49.400616],[-69.604248,49.400311],[-69.604248,49.400219],[-69.604233,49.400185],[-69.60424,49.400021],[-69.604187,49.399727],[-69.604164,49.39949],[-69.604172,49.399277],[-69.604187,49.399231],[-69.604187,49.399097],[-69.604172,49.399006],[-69.604179,49.398808],[-69.60421,49.398575],[-69.604256,49.398449],[-69.604324,49.398342],[-69.604324,49.398296],[-69.60434,49.398251],[-69.60437,49.398205],[-69.604401,49.398117],[-69.604439,49.398056],[-69.6045,49.398003],[-69.604568,49.397911],[-69.604736,49.397652],[-69.60479,49.397598],[-69.604904,49.397518],[-69.605003,49.397404],[-69.605057,49.397358],[-69.605141,49.397305],[-69.605293,49.397171],[-69.605324,49.397125],[-69.605369,49.397099],[-69.605392,49.397064],[-69.605759,49.396824],[-69.605827,49.39677],[-69.605881,49.396698],[-69.605995,49.396473],[-69.606171,49.396225],[-69.606285,49.396038],[-69.606575,49.395699],[-69.606606,49.395626],[-69.60672,49.395546],[-69.606827,49.395485],[-69.606888,49.395466],[-69.606926,49.395432],[-69.607025,49.395386],[-69.607346,49.395317],[-69.607483,49.395271],[-69.60762,49.395237],[-69.607948,49.395187],[-69.608215,49.395126],[-69.608269,49.395088],[-69.608337,49.395],[-69.608437,49.39492],[-69.608505,49.394894],[-69.60865,49.394787],[-69.608719,49.394753],[-69.608803,49.394726],[-69.60891,49.394661],[-69.609062,49.394627],[-69.60939,49.39463],[-69.609489,49.394623],[-69.609695,49.394535],[-69.609795,49.394527],[-69.609917,49.394546],[-69.610191,49.394546]]},"properties":{"ROAD_NAME":null,"ClsRte":null,"Cls_CheFor":"04","CarRte":"OUI","CaractRte":null}},{"type":"Feature","geometry":{"type":"LineString","coordinates":[[-69.613518,49.415615],[-69.613365,49.415882],[-69.613205,49.416225],[-69.613083,49.41642],[-69.612923,49.416706],[-69.612564,49.417435],[-69.61248,49.417629],[-69.612465,49.417694],[-69.612251,49.41814],[-69.612122,49.418446],[-69.611877,49.41885],[-69.611778,49.419037],[-69.61158,49.419521],[-69.611305,49.420132],[-69.611244,49.420239],[-69.611176,49.420425],[-69.611145,49.420471],[-69.611076,49.42065],[-69.610946,49.420918],[-69.610687,49.421348],[-69.610558,49.421589],[-69.610458,49.421822]]},"properties":{"ROAD_NAME":null,"ClsRte":null,"Cls_CheFor":"02","CarRte":"OUI","CaractRte":null}},{"type":"Feature","geometry":{"type":"LineString","coordinates":[[-69.676984,49.467737],[-69.676806,49.467904],[-69.676294,49.4683],[-69.676216,49.468349],[-69.676041,49.468414],[-69.675873,49.468452],[-69.67491,49.468393],[-69.674301,49.468365],[-69.673721,49.46838],[-69.673292,49.468423]]},"properties":{"ROAD_NAME":null,"ClsRte":null,"Cls_CheFor":"04","CarRte":"OUI","CaractRte":null}},{"type":"Feature","geometry":{"type":"LineString","coordinates":[[-69.587639,49.362583],[-69.586176,49.363304]]},"properties":{"ROAD_NAME":null,"ClsRte":null,"Cls_CheFor":"02","CarRte":"OUI","CaractRte":null}},{"type":"Feature","geometry":{"type":"LineString","coordinates":[[-69.584565,49.364097],[-69.584084,49.364334],[-69.583717,49.364555],[-69.583649,49.36462],[-69.583496,49.364735]]},"properties":{"ROAD_NAME":null,"ClsRte":null,"Cls_CheFor":"02","CarRte":"OUI","CaractRte":null}},{"type":"Feature","geometry":{"type":"LineString","coordinates":[[-69.566795,49.350098],[-69.566643,49.349636],[-69.566612,49.349602],[-69.566574,49.349457],[-69.566567,49.349251],[-69.566597,49.349052],[-69.566643,49.348953],[-69.566696,49.348854],[-69.566811,49.348747],[-69.566948,49.34866],[-69.5672,49.348526],[-69.56739,49.348446],[-69.567436,49.348419],[-69.56749,49.348404],[-69.567535,49.348377],[-69.567917,49.348225],[-69.568253,49.348156],[-69.568352,49.348148],[-69.568786,49.348152],[-69.568871,49.348145],[-69.569069,49.348091],[-69.569191,49.348049],[-69.569229,49.348022],[-69.569634,49.34787],[-69.569939,49.34774],[-69.569992,49.347702],[-69.570107,49.347649],[-69.570229,49.347614],[-69.570328,49.347599],[-69.570587,49.347591]]},"properties":{"ROAD_NAME":null,"ClsRte":null,"Cls_CheFor":"NC","CarRte":"NON","CaractRte":null}},{"type":"Feature","geometry":{"type":"LineString","coordinates":[[-69.599052,49.411816],[-69.59919,49.411736],[-69.599457,49.41156],[-69.599609,49.411434],[-69.599709,49.411301],[-69.599991,49.410637],[-69.600052,49.410439],[-69.60006,49.41024],[-69.600144,49.410034],[-69.600227,49.409775]]},"properties":{"ROAD_NAME":null,"ClsRte":null,"Cls_CheFor":"NC","CarRte":"NON","CaractRte":null}},{"type":"Feature","geometry":{"type":"LineString","coordinates":[[-69.544107,49.343234],[-69.544001,49.343001],[-69.543909,49.342783],[-69.54386,49.342589],[-69.543843,49.342411],[-69.543888,49.342221],[-69.544016,49.34207],[-69.544197,49.341927],[-69.544367,49.341841],[-69.544596,49.34178],[-69.545035,49.34166],[-69.545365,49.34159],[-69.545553,49.341514],[-69.54579,49.341339],[-69.546073,49.341136],[-69.546424,49.34094],[-69.546662,49.340825],[-69.547014,49.340705],[-69.547314,49.340565],[-69.547505,49.340475],[-69.547649,49.340414],[-69.547792,49.340381],[-69.547932,49.340361],[-69.54818,49.340346],[-69.548399,49.340319],[-69.548683,49.340253],[-69.548895,49.340152],[-69.549043,49.340012],[-69.549125,49.339851],[-69.549234,49.33961],[-69.549402,49.339341],[-69.549579,49.33909],[-69.549673,49.338925],[-69.549722,49.338767],[-69.549752,49.338602],[-69.549801,49.338296],[-69.549872,49.337963],[-69.549911,49.337726],[-69.550003,49.337509],[-69.550141,49.337301],[-69.550246,49.337114],[-69.550349,49.336913],[-69.550482,49.336655],[-69.550611,49.336487],[-69.550819,49.336256],[-69.550875,49.336198]]},"properties":{"ROAD_NAME":null,"ClsRte":null,"Cls_CheFor":"04","CarRte":"OUI","CaractRte":null}},{"type":"Feature","geometry":{"type":"LineString","coordinates":[[-69.653122,49.416206],[-69.653069,49.416027],[-69.65303,49.415947],[-69.652977,49.415875],[-69.65287,49.415783],[-69.652298,49.415474],[-69.651985,49.415283],[-69.651627,49.415119],[-69.651466,49.415001]]},"properties":{"ROAD_NAME":null,"ClsRte":null,"Cls_CheFor":"NC","CarRte":"NON","CaractRte":null}},{"type":"Feature","geometry":{"type":"LineString","coordinates":[[-69.674133,49.339447],[-69.674271,49.339367],[-69.674355,49.339298],[-69.674454,49.33918],[-69.6745,49.339153],[-69.674538,49.339108],[-69.67469,49.339027],[-69.674774,49.338959],[-69.675003,49.338634],[-69.675156,49.338474],[-69.675255,49.338386],[-69.675377,49.338253],[-69.675461,49.338127],[-69.675484,49.338009],[-69.675484,49.337894],[-69.675446,49.337784],[-69.675362,49.337677],[-69.675064,49.337349],[-69.674957,49.337189],[-69.674942,49.337151],[-69.674934,49.336685],[-69.674995,49.336334],[-69.675041,49.336216],[-69.675095,49.336136],[-69.67524,49.336037],[-69.675407,49.335968],[-69.675773,49.335861],[-69.675835,49.335834],[-69.676262,49.335758],[-69.676506,49.335724],[-69.67691,49.33569],[-69.677254,49.33564],[-69.677528,49.335552],[-69.677597,49.335514],[-69.677681,49.3354],[-69.677963,49.335178],[-69.678047,49.335087],[-69.678146,49.334999],[-69.678337,49.334839],[-69.67852,49.334713],[-69.678871,49.334564],[-69.67894,49.334519],[-69.679062,49.334457],[-69.679115,49.334438],[-69.679337,49.334324],[-69.679398,49.334305],[-69.679672,49.33427],[-69.680275,49.334167],[-69.680336,49.334148],[-69.680443,49.334099],[-69.680748,49.333893],[-69.680847,49.333801],[-69.681061,49.333553],[-69.681084,49.333488],[-69.681107,49.333363],[-69.681091,49.333328],[-69.681091,49.333176],[-69.681068,49.33305],[-69.681076,49.332707],[-69.681145,49.332394],[-69.681206,49.332302],[-69.681229,49.332222],[-69.68129,49.332153],[-69.681694,49.331894],[-69.681732,49.33186],[-69.681847,49.331806],[-69.681885,49.331768],[-69.682175,49.331574],[-69.682373,49.331333],[-69.682518,49.331089],[-69.682548,49.330822],[-69.682549,49.330704],[-69.68264,49.330391],[-69.68267,49.330246],[-69.682709,49.330158],[-69.682785,49.330059],[-69.682808,49.329979],[-69.682854,49.329895],[-69.683067,49.329582],[-69.683319,49.329308],[-69.683426,49.329216],[-69.68367,49.328869],[-69.683754,49.328678],[-69.683769,49.328556],[-69.683777,49.328259]]},"properties":{"ROAD_NAME":null,"ClsRte":null,"Cls_CheFor":"03","CarRte":"OUI","CaractRte":null}},{"type":"Feature","geometry":{"type":"LineString","coordinates":[[-69.579399,49.344753],[-69.580803,49.34425]]},"properties":{"ROAD_NAME":null,"ClsRte":null,"Cls_CheFor":"04","CarRte":"OUI","CaractRte":null}},{"type":"Feature","geometry":{"type":"LineString","coordinates":[[-69.617462,49.37355],[-69.617315,49.373765],[-69.617233,49.373878]]},"properties":{"ROAD_NAME":null,"ClsRte":null,"Cls_CheFor":"04","CarRte":"OUI","CaractRte":null}},{"type":"Feature","geometry":{"type":"LineString","coordinates":[[-69.542082,49.422555],[-69.542076,49.422535],[-69.541977,49.422401],[-69.541924,49.422203],[-69.541901,49.421993],[-69.541862,49.421852],[-69.541786,49.421707],[-69.541664,49.421535],[-69.541649,49.42149],[-69.54171,49.421356],[-69.541878,49.421131],[-69.541977,49.420952],[-69.542023,49.420925],[-69.542175,49.420731],[-69.542404,49.420544],[-69.542442,49.420479],[-69.542457,49.420445],[-69.542458,49.420391],[-69.542381,49.420181],[-69.542328,49.420094],[-69.542229,49.419991],[-69.542168,49.419937],[-69.542069,49.419891],[-69.542015,49.419857],[-69.541855,49.419708],[-69.541405,49.419464],[-69.541183,49.419373],[-69.541046,49.4193],[-69.540977,49.419243],[-69.540955,49.419209],[-69.540817,49.419125],[-69.540352,49.418808],[-69.54026,49.418724],[-69.540123,49.418625],[-69.540001,49.418518],[-69.539795,49.418308],[-69.539688,49.418163],[-69.539581,49.417973],[-69.539383,49.417694],[-69.539307,49.417511],[-69.539307,49.417431],[-69.539375,49.417191],[-69.539436,49.417099],[-69.53949,49.417057],[-69.539536,49.416977],[-69.539574,49.416931],[-69.539635,49.416904],[-69.540062,49.416584],[-69.540237,49.416416],[-69.540359,49.416279],[-69.540421,49.416172],[-69.540504,49.415852],[-69.540512,49.415741],[-69.540802,49.415062],[-69.540802,49.41497],[-69.540764,49.414818],[-69.54068,49.414619],[-69.540672,49.414501],[-69.540688,49.414459],[-69.540756,49.414406],[-69.540962,49.414318],[-69.541214,49.414291],[-69.541366,49.414257],[-69.54142,49.414223],[-69.541473,49.414204],[-69.541603,49.414116],[-69.541717,49.413918],[-69.541733,49.413872],[-69.541649,49.413711],[-69.541611,49.413654],[-69.541527,49.413582],[-69.541435,49.413475],[-69.541412,49.413429],[-69.541412,49.413349],[-69.541428,49.413296],[-69.541466,49.41325],[-69.541748,49.413109],[-69.54187,49.413082],[-69.542122,49.413067],[-69.542198,49.413078],[-69.542313,49.413124],[-69.542503,49.413151],[-69.542732,49.413223],[-69.542847,49.413242],[-69.542984,49.413227],[-69.543037,49.413208],[-69.543121,49.4132],[-69.54319,49.413174],[-69.543373,49.413132],[-69.543564,49.413097],[-69.543632,49.413063],[-69.54422,49.412876],[-69.544495,49.412807],[-69.544716,49.412739],[-69.544815,49.41272],[-69.545021,49.412697],[-69.545258,49.412636],[-69.54541,49.412582],[-69.545509,49.412537],[-69.545578,49.412521],[-69.545784,49.412521],[-69.546013,49.41254],[-69.546074,49.412533],[-69.546143,49.412544],[-69.546234,49.412533],[-69.546318,49.412498],[-69.546448,49.412411],[-69.546501,49.412338],[-69.5466,49.412159],[-69.546844,49.411873],[-69.546913,49.411812],[-69.547348,49.41151],[-69.547386,49.411465],[-69.54747,49.411339],[-69.547615,49.411045],[-69.547775,49.410633],[-69.547836,49.410427],[-69.547852,49.410328],[-69.54789,49.410248],[-69.548004,49.410149],[-69.548157,49.410042],[-69.548386,49.409828],[-69.548653,49.40963],[-69.548759,49.409534],[-69.549042,49.409157],[-69.54924,49.408962],[-69.549309,49.408936],[-69.549408,49.408863],[-69.54953,49.408821],[-69.549713,49.408787],[-69.54982,49.408779],[-69.549988,49.408745],[-69.550194,49.408684],[-69.550308,49.408672],[-69.55043,49.408649],[-69.550629,49.408577],[-69.550835,49.408527],[-69.551155,49.408394],[-69.551239,49.408367],[-69.551392,49.40834],[-69.551682,49.408344],[-69.551758,49.408363],[-69.551857,49.408371],[-69.552345,49.4086],[-69.552536,49.40871],[-69.552704,49.408855],[-69.552811,49.408974],[-69.552879,49.409012],[-69.552948,49.409027],[-69.553154,49.409019],[-69.553276,49.408997],[-69.553505,49.408871],[-69.553909,49.408623],[-69.554131,49.408508],[-69.554268,49.408363],[-69.554352,49.40831],[-69.55455,49.40815],[-69.554687,49.408016],[-69.554886,49.407803],[-69.555138,49.407635],[-69.555321,49.407509],[-69.555458,49.407429],[-69.555611,49.40736],[-69.555817,49.407288],[-69.556068,49.407257],[-69.556137,49.40723],[-69.556221,49.407211],[-69.556755,49.407188],[-69.5569,49.407173],[-69.557243,49.407093],[-69.557365,49.407078],[-69.557587,49.407036],[-69.557854,49.406956],[-69.558144,49.406849],[-69.55838,49.406727],[-69.558769,49.406479],[-69.558937,49.406345],[-69.55912,49.406128],[-69.559471,49.405754],[-69.559601,49.405594],[-69.559639,49.405521],[-69.559715,49.405441],[-69.559799,49.405289],[-69.559815,49.405182],[-69.55986,49.405037],[-69.560143,49.404629],[-69.560158,49.404556],[-69.560143,49.404484],[-69.560143,49.404411],[-69.560181,49.404213],[-69.560181,49.404125],[-69.560211,49.403835],[-69.560219,49.403568],[-69.560234,49.403504],[-69.560303,49.403305],[-69.560394,49.402931],[-69.560524,49.402588],[-69.560554,49.402428],[-69.560616,49.402222],[-69.560684,49.402123],[-69.560715,49.402023],[-69.560829,49.401764],[-69.560875,49.40163],[-69.56089,49.401531],[-69.560898,49.401299]]},"properties":{"ROAD_NAME":null,"ClsRte":null,"Cls_CheFor":"NC","CarRte":"NON","CaractRte":null}},{"type":"Feature","geometry":{"type":"LineString","coordinates":[[-69.557727,49.343329],[-69.557701,49.343323],[-69.557472,49.343323],[-69.557289,49.343357],[-69.556976,49.343433],[-69.556694,49.343513],[-69.556557,49.343555],[-69.556351,49.343643],[-69.556221,49.343689],[-69.556152,49.343723],[-69.555977,49.343777],[-69.555778,49.343819],[-69.555588,49.343845],[-69.554359,49.343979],[-69.554115,49.344021],[-69.553192,49.344112],[-69.552956,49.344166],[-69.552704,49.3442],[-69.552612,49.344208],[-69.552292,49.344204],[-69.552223,49.344215],[-69.552101,49.344212],[-69.551758,49.344227],[-69.551285,49.344276],[-69.551178,49.344284],[-69.55098,49.344284],[-69.55072,49.344311],[-69.550293,49.344307],[-69.549912,49.344257],[-69.54969,49.344246],[-69.549385,49.344215],[-69.549194,49.344208],[-69.549088,49.344189],[-69.548607,49.344132],[-69.548302,49.344082],[-69.547173,49.344009],[-69.546654,49.343933],[-69.546082,49.343758],[-69.545532,49.343563],[-69.545273,49.343491],[-69.544838,49.343353],[-69.544586,49.343289],[-69.544479,49.343269],[-69.544426,49.343269],[-69.544107,49.343234]]},"properties":{"ROAD_NAME":null,"ClsRte":null,"Cls_CheFor":"04","CarRte":"OUI","CaractRte":null}},{"type":"Feature","geometry":{"type":"LineString","coordinates":[[-69.592835,49.358624],[-69.592476,49.358566],[-69.592407,49.358547],[-69.592216,49.358475],[-69.592094,49.358418],[-69.591988,49.358353],[-69.591934,49.358337],[-69.591888,49.358307],[-69.591812,49.358273],[-69.591751,49.358261],[-69.591675,49.358234],[-69.591438,49.358196],[-69.591263,49.358177],[-69.590668,49.358128],[-69.590477,49.358128]]},"properties":{"ROAD_NAME":null,"ClsRte":null,"Cls_CheFor":"NC","CarRte":"NON","CaractRte":null}},{"type":"Feature","geometry":{"type":"LineString","coordinates":[[-69.608841,49.422008],[-69.608551,49.422024],[-69.608177,49.422066],[-69.607956,49.4221],[-69.607216,49.422237],[-69.607048,49.422291],[-69.606712,49.422333],[-69.606369,49.422394],[-69.605965,49.422443],[-69.60569,49.422516],[-69.605293,49.422592],[-69.605232,49.422611],[-69.605164,49.422646],[-69.60511,49.422691],[-69.604782,49.42302],[-69.604576,49.423325],[-69.604347,49.42363],[-69.604164,49.423771],[-69.603607,49.424133],[-69.603134,49.424339]]},"properties":{"ROAD_NAME":null,"ClsRte":null,"Cls_CheFor":"04","CarRte":"OUI","CaractRte":null}},{"type":"Feature","geometry":{"type":"LineString","coordinates":[[-69.645088,49.4589],[-69.645203,49.459377],[-69.645241,49.459583],[-69.645401,49.460186],[-69.645409,49.460331],[-69.645439,49.460438],[-69.645508,49.461052],[-69.645584,49.46135],[-69.645653,49.461563],[-69.645698,49.461952],[-69.645805,49.46241],[-69.645813,49.462547],[-69.645889,49.462917],[-69.646019,49.463356],[-69.646072,49.463646],[-69.646072,49.463726]]},"properties":{"ROAD_NAME":null,"ClsRte":null,"Cls_CheFor":"02","CarRte":"OUI","CaractRte":null}},{"type":"Feature","geometry":{"type":"LineString","coordinates":[[-69.577499,49.336468],[-69.577393,49.336468],[-69.577255,49.336483],[-69.577187,49.336483],[-69.577125,49.336502],[-69.577003,49.336571],[-69.576935,49.336636],[-69.576836,49.336688],[-69.57682,49.336697],[-69.576767,49.336742],[-69.576744,49.336781],[-69.576668,49.33691],[-69.576637,49.337021],[-69.576576,49.337143],[-69.576218,49.337421],[-69.576191,49.337438],[-69.576134,49.337475],[-69.575966,49.337544],[-69.575912,49.337551],[-69.575554,49.337677],[-69.575302,49.337719],[-69.57518,49.337753],[-69.575111,49.337761],[-69.575043,49.33778],[-69.574959,49.337788],[-69.574791,49.337833],[-69.574524,49.337864],[-69.574196,49.337917],[-69.574043,49.337906],[-69.573967,49.337845],[-69.573937,49.33778],[-69.573929,49.337727],[-69.573952,49.337654],[-69.573982,49.337608],[-69.574097,49.337502],[-69.574211,49.337341],[-69.574234,49.337269],[-69.574242,49.337181],[-69.574295,49.337009],[-69.574356,49.336884],[-69.574409,49.336803],[-69.574425,49.336758],[-69.574432,49.336544],[-69.574402,49.336433],[-69.574295,49.336193],[-69.574257,49.336136],[-69.574219,49.33601],[-69.574219,49.33593],[-69.574295,49.335686],[-69.574348,49.335552],[-69.574608,49.335152],[-69.574654,49.335045],[-69.574707,49.334881],[-69.574699,49.334736],[-69.574684,49.334682],[-69.574616,49.334583],[-69.574577,49.334484],[-69.57457,49.334358],[-69.574532,49.334213],[-69.574501,49.334171],[-69.574448,49.334034],[-69.574394,49.333954],[-69.574356,49.333862],[-69.574287,49.333782],[-69.574211,49.333664],[-69.574165,49.333626],[-69.574089,49.333519],[-69.573967,49.333408],[-69.573914,49.333374],[-69.573814,49.333328],[-69.573624,49.33321],[-69.573425,49.333065],[-69.573235,49.33292],[-69.573113,49.332783],[-69.572906,49.332458],[-69.57283,49.332367],[-69.572746,49.33223],[-69.572739,49.332188],[-69.572533,49.331905],[-69.572441,49.331715],[-69.57238,49.331474],[-69.572349,49.331436],[-69.572311,49.331211],[-69.572319,49.330997],[-69.572281,49.330788],[-69.572281,49.3307],[-69.572182,49.33041],[-69.572136,49.330338],[-69.572021,49.330032],[-69.571953,49.329815],[-69.571854,49.329418],[-69.571785,49.329266],[-69.571777,49.329186],[-69.571762,49.329147],[-69.57177,49.32885],[-69.571732,49.328545],[-69.571724,49.328247],[-69.571732,49.327881],[-69.571793,49.327484],[-69.571823,49.327377],[-69.571854,49.327118],[-69.571915,49.3269],[-69.57193,49.326794],[-69.57193,49.32663],[-69.572006,49.326199],[-69.572014,49.326092],[-69.571983,49.325966],[-69.571991,49.325886],[-69.571976,49.325813],[-69.571976,49.325687],[-69.571991,49.325596],[-69.571999,49.325344],[-69.572014,49.325237],[-69.571999,49.325165],[-69.572037,49.32486],[-69.572022,49.324825],[-69.572014,49.32468],[-69.571961,49.324574],[-69.571808,49.324463],[-69.571686,49.324352],[-69.571426,49.324173],[-69.571266,49.324028],[-69.571175,49.323917],[-69.571091,49.323685],[-69.571121,49.323513],[-69.571281,49.323147],[-69.571388,49.322788],[-69.571388,49.322704],[-69.571373,49.322662],[-69.571381,49.322479],[-69.571342,49.322166],[-69.571327,49.322128],[-69.57132,49.321808],[-69.571365,49.321663],[-69.571465,49.321438],[-69.571548,49.321339],[-69.571732,49.321198],[-69.571785,49.321144],[-69.571938,49.321045],[-69.572289,49.320869],[-69.572472,49.320789],[-69.572693,49.320709],[-69.572868,49.32066],[-69.572998,49.320641],[-69.573204,49.320644]]},"properties":{"ROAD_NAME":null,"ClsRte":null,"Cls_CheFor":"NC","CarRte":"NON","CaractRte":null}},{"type":"Feature","geometry":{"type":"LineString","coordinates":[[-69.585373,49.313278],[-69.585258,49.313637],[-69.58519,49.31377],[-69.585129,49.313938],[-69.585022,49.314343],[-69.584938,49.314548],[-69.584907,49.314659],[-69.584907,49.314713],[-69.584877,49.314873],[-69.584846,49.314972],[-69.584831,49.315124],[-69.58474,49.315422],[-69.584709,49.315575],[-69.584663,49.315834],[-69.584663,49.315922],[-69.584648,49.316021],[-69.584656,49.316231],[-69.584648,49.316841],[-69.584663,49.316929],[-69.584801,49.318954],[-69.5849,49.320881],[-69.5849,49.321095],[-69.584885,49.32114],[-69.584877,49.321419],[-69.584847,49.321545],[-69.584846,49.321663],[-69.584831,49.321777],[-69.584595,49.322498],[-69.584473,49.32272],[-69.584396,49.322819],[-69.584259,49.323044],[-69.584129,49.323193],[-69.583961,49.323425],[-69.583527,49.323917],[-69.58326,49.32415],[-69.583145,49.324264],[-69.581749,49.325451],[-69.578674,49.328075],[-69.577782,49.328846],[-69.577629,49.328968]]},"properties":{"ROAD_NAME":null,"ClsRte":null,"Cls_CheFor":"02","CarRte":"OUI","CaractRte":null}},{"type":"Feature","geometry":{"type":"LineString","coordinates":[[-69.599854,49.415482],[-69.599838,49.41552],[-69.5998,49.415798],[-69.599701,49.416145],[-69.599541,49.416615],[-69.59951,49.416809],[-69.599503,49.417198],[-69.599472,49.417332],[-69.599403,49.417446],[-69.599304,49.417526],[-69.598938,49.417732],[-69.598549,49.417892],[-69.598473,49.417908],[-69.598358,49.417908],[-69.598152,49.417923],[-69.597931,49.417957],[-69.597504,49.418072],[-69.597237,49.418095],[-69.596741,49.418209],[-69.596382,49.418343],[-69.596283,49.418396],[-69.596145,49.418449],[-69.595993,49.418491],[-69.59584,49.418564],[-69.595551,49.41864],[-69.595452,49.418674],[-69.595161,49.418819],[-69.594704,49.418957],[-69.594421,49.419029],[-69.594215,49.419071],[-69.593002,49.41906],[-69.592522,49.41904],[-69.592483,49.418987],[-69.591987,49.418747]]},"properties":{"ROAD_NAME":null,"ClsRte":null,"Cls_CheFor":"NC","CarRte":"NON","CaractRte":null}},{"type":"Feature","geometry":{"type":"LineString","coordinates":[[-69.591987,49.418747],[-69.592056,49.418739],[-69.592224,49.418678],[-69.592339,49.418632],[-69.59243,49.418579],[-69.592491,49.418537],[-69.592781,49.418224],[-69.592926,49.418007],[-69.59314,49.417732],[-69.593369,49.417355],[-69.593407,49.417248],[-69.593712,49.416683],[-69.593834,49.416531],[-69.594002,49.416355],[-69.594238,49.416203],[-69.594269,49.416168],[-69.594444,49.415852]]},"properties":{"ROAD_NAME":null,"ClsRte":null,"Cls_CheFor":"NC","CarRte":"NON","CaractRte":null}},{"type":"Feature","geometry":{"type":"LineString","coordinates":[[-69.585373,49.421906],[-69.585014,49.421875],[-69.584709,49.421875],[-69.584404,49.421917],[-69.583946,49.422031],[-69.583809,49.422054],[-69.583656,49.422073],[-69.583366,49.422089],[-69.583092,49.422085],[-69.582832,49.422066],[-69.582596,49.422028],[-69.582497,49.422001],[-69.582046,49.421917],[-69.581978,49.421898],[-69.581895,49.42186],[-69.581772,49.421814],[-69.58165,49.421749],[-69.581352,49.421623],[-69.5811,49.421558],[-69.580924,49.421501]]},"properties":{"ROAD_NAME":null,"ClsRte":null,"Cls_CheFor":"NC","CarRte":"NON","CaractRte":null}},{"type":"Feature","geometry":{"type":"LineString","coordinates":[[-69.62735,49.453453],[-69.627441,49.453579],[-69.627579,49.453671],[-69.627991,49.453896],[-69.628357,49.454136],[-69.62851,49.45417],[-69.628975,49.454391],[-69.629234,49.454536],[-69.629524,49.454681],[-69.629875,49.454845],[-69.630043,49.454903],[-69.630386,49.454975],[-69.630508,49.455021],[-69.630783,49.455143],[-69.630974,49.455196],[-69.631027,49.455196],[-69.631248,49.455273],[-69.631607,49.455471],[-69.631714,49.455517],[-69.631973,49.455662],[-69.632027,49.455681],[-69.632393,49.45591],[-69.632507,49.455963],[-69.632698,49.456108],[-69.633171,49.456409],[-69.633392,49.456634],[-69.633469,49.456745],[-69.633537,49.456871],[-69.633614,49.457077],[-69.633728,49.457249],[-69.633804,49.457474],[-69.633858,49.457592],[-69.633911,49.457699],[-69.634018,49.457871],[-69.634056,49.457916],[-69.634232,49.458073],[-69.63456,49.458244],[-69.634743,49.458302],[-69.63504,49.458366],[-69.635246,49.458386],[-69.635345,49.458385],[-69.635536,49.458359],[-69.635773,49.458298],[-69.636162,49.458267],[-69.636314,49.45824],[-69.63652,49.458179],[-69.636673,49.45816],[-69.63694,49.458145],[-69.637253,49.458149],[-69.637589,49.458168],[-69.637794,49.458214],[-69.63813,49.458336],[-69.63826,49.458397],[-69.638313,49.458435],[-69.638367,49.458454],[-69.638451,49.458462],[-69.638748,49.458572],[-69.638886,49.458591],[-69.639206,49.458614],[-69.639496,49.458614],[-69.640007,49.458572],[-69.64016,49.458538],[-69.640259,49.458477],[-69.640297,49.458431],[-69.640327,49.458351],[-69.640327,49.458298],[-69.640312,49.458252],[-69.640259,49.458187],[-69.64019,49.458145],[-69.640045,49.45808],[-69.639984,49.458061],[-69.639465,49.457787],[-69.639099,49.457504],[-69.639008,49.457417],[-69.638695,49.457054],[-69.638657,49.456989],[-69.638618,49.456802],[-69.638596,49.456558],[-69.638565,49.456486],[-69.638512,49.456413],[-69.638298,49.45615],[-69.638123,49.455971],[-69.63781,49.455708],[-69.637482,49.45546],[-69.637306,49.455288],[-69.637184,49.455154],[-69.637116,49.455063],[-69.637077,49.454945],[-69.637039,49.454864],[-69.636803,49.454601],[-69.636765,49.45454],[-69.636696,49.454468],[-69.63662,49.454357],[-69.636566,49.454239],[-69.636497,49.454025],[-69.636452,49.453709],[-69.636345,49.453476],[-69.63633,49.453411],[-69.63636,49.453358],[-69.636398,49.453323],[-69.636459,49.453297]]},"properties":{"ROAD_NAME":null,"ClsRte":null,"Cls_CheFor":"NC","CarRte":"NON","CaractRte":null}},{"type":"Feature","geometry":{"type":"LineString","coordinates":[[-69.585495,49.427788],[-69.58538,49.427994],[-69.58551,49.428291],[-69.585541,49.428345],[-69.585731,49.428547],[-69.58577,49.4286],[-69.585808,49.428699],[-69.585861,49.428799],[-69.586182,49.429234],[-69.586342,49.429504],[-69.586479,49.429665],[-69.586617,49.429867],[-69.586838,49.430279],[-69.587029,49.430695],[-69.587067,49.430805],[-69.587166,49.431217],[-69.58725,49.431435],[-69.587257,49.431515],[-69.587288,49.431599],[-69.587395,49.43177],[-69.587456,49.431957],[-69.587494,49.432022],[-69.587616,49.432327],[-69.587669,49.432518],[-69.587761,49.432671],[-69.587852,49.433067],[-69.58786,49.433166],[-69.588005,49.43367],[-69.588051,49.434101],[-69.588058,49.434319],[-69.588135,49.434681],[-69.58818,49.434795],[-69.588257,49.435139],[-69.588249,49.435516],[-69.588257,49.435822],[-69.58828,49.435947],[-69.588318,49.436058],[-69.588356,49.436291],[-69.588348,49.436642],[-69.588364,49.436749],[-69.588348,49.437405],[-69.588333,49.437511],[-69.588333,49.437611],[-69.588318,49.437775],[-69.588272,49.437942],[-69.588188,49.438061],[-69.588112,49.438133],[-69.588058,49.438202],[-69.588013,49.438286],[-69.587776,49.438633],[-69.587631,49.43882],[-69.587501,49.439091],[-69.587463,49.439217],[-69.587349,49.439449],[-69.587158,49.439777],[-69.587028,49.440102],[-69.58683,49.440533],[-69.586769,49.440632],[-69.586731,49.440746],[-69.586616,49.440971],[-69.586426,49.441292],[-69.586311,49.441525],[-69.586258,49.441715],[-69.586212,49.441803],[-69.586182,49.441895],[-69.586182,49.441929],[-69.586113,49.442062],[-69.585953,49.442547],[-69.585945,49.442699],[-69.585915,49.442944],[-69.585915,49.443115],[-69.585899,49.443214],[-69.585876,49.444248],[-69.585861,49.444401],[-69.585838,49.445568],[-69.585823,49.445812],[-69.585808,49.445919],[-69.58567,49.446457],[-69.58567,49.446648],[-69.585632,49.446987],[-69.585632,49.447124],[-69.585587,49.447456],[-69.585571,49.44751],[-69.58548,49.447689],[-69.585442,49.447796],[-69.584709,49.447781],[-69.584625,49.447788],[-69.584572,49.447807],[-69.584297,49.447857],[-69.583229,49.447994],[-69.582924,49.44799],[-69.582718,49.44801],[-69.582665,49.448036],[-69.582497,49.448086],[-69.582245,49.448105],[-69.582169,49.448101],[-69.581932,49.448135],[-69.581848,49.448154],[-69.58168,49.44817],[-69.581543,49.44817],[-69.581253,49.448193],[-69.581032,49.448227],[-69.58091,49.448265],[-69.58078,49.44828],[-69.580689,49.448288],[-69.580505,49.448288]]},"properties":{"ROAD_NAME":null,"ClsRte":null,"Cls_CheFor":"NC","CarRte":"NON","CaractRte":null}},{"type":"Feature","geometry":{"type":"LineString","coordinates":[[-69.575089,49.328697],[-69.575935,49.331871],[-69.576219,49.332638]]},"properties":{"ROAD_NAME":null,"ClsRte":null,"Cls_CheFor":"02","CarRte":"OUI","CaractRte":null}},{"type":"Feature","geometry":{"type":"LineString","coordinates":[[-69.66748,49.413418],[-69.667999,49.413545],[-69.668302,49.413576],[-69.668711,49.413608],[-69.669197,49.413636],[-69.669695,49.413676],[-69.669827,49.413686],[-69.670085,49.4137],[-69.670501,49.413732],[-69.670734,49.413791],[-69.67096,49.413879],[-69.671165,49.414045],[-69.671419,49.414306],[-69.671606,49.414493],[-69.671767,49.414642],[-69.671891,49.414754],[-69.671984,49.414866],[-69.672096,49.415077]]},"properties":{"ROAD_NAME":null,"ClsRte":null,"Cls_CheFor":"04","CarRte":"OUI","CaractRte":null}},{"type":"Feature","geometry":{"type":"LineString","coordinates":[[-69.676984,49.467737],[-69.677212,49.467609],[-69.677421,49.467552],[-69.677583,49.46753],[-69.67785,49.467543],[-69.678281,49.467608],[-69.678778,49.467689],[-69.679057,49.467702],[-69.679433,49.467675],[-69.679739,49.467652],[-69.680015,49.467653],[-69.680458,49.467679],[-69.680639,49.467681],[-69.681015,49.467648],[-69.681284,49.467623],[-69.681467,49.467551],[-69.681994,49.467213],[-69.682562,49.466857],[-69.682852,49.466699],[-69.683035,49.466621],[-69.683353,49.466555],[-69.683583,49.466452],[-69.683924,49.466199],[-69.684481,49.465803],[-69.684838,49.465423],[-69.685047,49.465139],[-69.685256,49.464726],[-69.685344,49.464466],[-69.685377,49.464194],[-69.685438,49.463846]]},"properties":{"ROAD_NAME":null,"ClsRte":null,"Cls_CheFor":"04","CarRte":"OUI","CaractRte":null}},{"type":"Feature","geometry":{"type":"LineString","coordinates":[[-69.591987,49.418747],[-69.591881,49.418766],[-69.59182,49.418766],[-69.591354,49.418678],[-69.591194,49.418652],[-69.590889,49.418587],[-69.590713,49.418568],[-69.590302,49.418499],[-69.590111,49.418381],[-69.589876,49.418257],[-69.589666,49.418184]]},"properties":{"ROAD_NAME":null,"ClsRte":null,"Cls_CheFor":"NC","CarRte":"NON","CaractRte":null}},{"type":"Feature","geometry":{"type":"LineString","coordinates":[[-69.663283,49.476135],[-69.6632,49.476144],[-69.662979,49.476142],[-69.662675,49.476167],[-69.661984,49.476198],[-69.661266,49.47622],[-69.661018,49.476236],[-69.660962,49.476253],[-69.660698,49.476377],[-69.660656,49.476422],[-69.660599,49.476512],[-69.660557,49.476547],[-69.660432,49.476582],[-69.660362,49.476627],[-69.660095,49.476913],[-69.66001,49.477056],[-69.659926,49.477145],[-69.659828,49.477225],[-69.659674,49.477332],[-69.659173,49.477553],[-69.658632,49.477738],[-69.658241,49.477943]]},"properties":{"ROAD_NAME":null,"ClsRte":null,"Cls_CheFor":"NC","CarRte":"NON","CaractRte":null}},{"type":"Feature","geometry":{"type":"LineString","coordinates":[[-69.62001,49.403543],[-69.619896,49.403748],[-69.619827,49.403774],[-69.619537,49.403816],[-69.619408,49.403854],[-69.619179,49.403904],[-69.619026,49.403931],[-69.618912,49.403938],[-69.618553,49.403954],[-69.617531,49.403946],[-69.61718,49.4039],[-69.616997,49.403889],[-69.616832,49.403889],[-69.616623,49.403904],[-69.616074,49.404014],[-69.615784,49.40406],[-69.614983,49.404099],[-69.614265,49.404083],[-69.6138,49.404053],[-69.613647,49.404034],[-69.613387,49.403968],[-69.612961,49.403847]]},"properties":{"ROAD_NAME":null,"ClsRte":null,"Cls_CheFor":"04","CarRte":"OUI","CaractRte":null}},{"type":"Feature","geometry":{"type":"LineString","coordinates":[[-69.611855,49.388123],[-69.611893,49.388348],[-69.611961,49.388805],[-69.612038,49.389362],[-69.612054,49.389551]]},"properties":{"ROAD_NAME":null,"ClsRte":null,"Cls_CheFor":"02","CarRte":"OUI","CaractRte":null}},{"type":"Feature","geometry":{"type":"LineString","coordinates":[[-69.56163,49.401024],[-69.561493,49.400944],[-69.56144,49.400925],[-69.561356,49.400925],[-69.560997,49.40081],[-69.560875,49.400784]]},"properties":{"ROAD_NAME":null,"ClsRte":null,"Cls_CheFor":"NC","CarRte":"NON","CaractRte":null}},{"type":"Feature","geometry":{"type":"LineString","coordinates":[[-69.670845,49.339317],[-69.670708,49.339287],[-69.670547,49.339268],[-69.670189,49.339268],[-69.670052,49.339275],[-69.669602,49.339329]]},"properties":{"ROAD_NAME":null,"ClsRte":null,"Cls_CheFor":"NC","CarRte":"NON","CaractRte":null}},{"type":"Feature","geometry":{"type":"LineString","coordinates":[[-69.589666,49.418184],[-69.589648,49.418035],[-69.589432,49.417629],[-69.589615,49.417263],[-69.589745,49.41711],[-69.589806,49.417023],[-69.589874,49.416843],[-69.589939,49.416727]]},"properties":{"ROAD_NAME":null,"ClsRte":null,"Cls_CheFor":"NC","CarRte":"NON","CaractRte":null}},{"type":"Feature","geometry":{"type":"LineString","coordinates":[[-69.607968,49.42173],[-69.607422,49.42152],[-69.607269,49.421474],[-69.606926,49.421337],[-69.60672,49.421246],[-69.606583,49.421181],[-69.606369,49.421055],[-69.605942,49.420727],[-69.605873,49.420654],[-69.60585,49.420608],[-69.605866,49.420502],[-69.60585,49.420467],[-69.605499,49.420074],[-69.605339,49.419914],[-69.60527,49.419868],[-69.604721,49.419567],[-69.604576,49.419376],[-69.604523,49.419258],[-69.6045,49.419144],[-69.6045,49.418972],[-69.60453,49.418865],[-69.604645,49.418674],[-69.604759,49.418522],[-69.604843,49.418434],[-69.604897,49.4184],[-69.605263,49.418106],[-69.605385,49.41798],[-69.605515,49.417873],[-69.605797,49.417587],[-69.605896,49.417507],[-69.60598,49.417419],[-69.606132,49.417221],[-69.606232,49.417114],[-69.606453,49.41692],[-69.607239,49.416134],[-69.607552,49.415741],[-69.607651,49.415569],[-69.607818,49.415356]]},"properties":{"ROAD_NAME":null,"ClsRte":null,"Cls_CheFor":"NC","CarRte":"IMP","CaractRte":null}},{"type":"Feature","geometry":{"type":"LineString","coordinates":[[-69.600019,49.381295],[-69.599742,49.381112],[-69.599602,49.381012],[-69.599533,49.380806],[-69.599419,49.380516],[-69.599391,49.380197],[-69.599218,49.379847],[-69.59908,49.379583],[-69.598643,49.37925],[-69.598114,49.379204],[-69.597733,49.379108],[-69.597321,49.379005],[-69.597092,49.37896],[-69.596909,49.378941],[-69.596718,49.378941],[-69.596374,49.378838],[-69.596153,49.378681],[-69.595857,49.378539],[-69.595684,49.378479],[-69.595418,49.378476],[-69.594806,49.378491],[-69.594608,49.378506],[-69.594243,49.378577],[-69.593931,49.37871],[-69.593577,49.378905],[-69.593403,49.379039],[-69.593264,49.379276],[-69.593219,49.379515],[-69.593153,49.379801],[-69.593029,49.379995],[-69.592772,49.380262],[-69.592674,49.380454],[-69.592545,49.380748],[-69.592412,49.381006],[-69.592262,49.381243],[-69.592087,49.381451],[-69.591887,49.381651],[-69.591688,49.381786],[-69.591422,49.381936],[-69.591128,49.382095],[-69.590797,49.382274],[-69.590621,49.382324],[-69.590401,49.382368],[-69.590113,49.382399],[-69.589737,49.38241],[-69.589319,49.382383],[-69.58881,49.382275],[-69.588564,49.382165],[-69.588378,49.382014],[-69.58817,49.381822],[-69.588046,49.381609],[-69.587844,49.381303],[-69.587779,49.381077],[-69.587722,49.380815],[-69.587654,49.380583],[-69.587639,49.380402],[-69.58761,49.380195],[-69.587581,49.379983],[-69.587495,49.37969],[-69.587437,49.379473],[-69.587322,49.379201],[-69.587175,49.3789],[-69.587002,49.378678],[-69.586857,49.378533],[-69.586619,49.378412],[-69.586379,49.378389],[-69.586044,49.378372],[-69.585705,49.378362]]},"properties":{"ROAD_NAME":null,"ClsRte":null,"Cls_CheFor":"NC","CarRte":"NON","CaractRte":null}},{"type":"Feature","geometry":{"type":"LineString","coordinates":[[-69.591263,49.362656],[-69.590874,49.362652],[-69.59063,49.362686],[-69.590378,49.36274],[-69.590057,49.362789],[-69.58976,49.362824],[-69.589607,49.362831],[-69.589188,49.362873],[-69.588844,49.362881],[-69.588585,49.362862],[-69.588394,49.362831],[-69.587967,49.362701],[-69.587639,49.362583]]},"properties":{"ROAD_NAME":null,"ClsRte":null,"Cls_CheFor":"03","CarRte":"OUI","CaractRte":null}},{"type":"Feature","geometry":{"type":"LineString","coordinates":[[-69.631554,49.388954],[-69.63118,49.388725],[-69.631035,49.38858],[-69.630981,49.388546],[-69.630669,49.388283],[-69.630379,49.388073],[-69.630081,49.387882],[-69.629959,49.387772],[-69.629883,49.387684],[-69.629837,49.387611],[-69.629784,49.387485],[-69.629738,49.387249],[-69.629684,49.387104],[-69.629616,49.387016],[-69.629478,49.386898],[-69.629265,49.386501],[-69.629173,49.386219],[-69.629105,49.386112],[-69.629044,49.385948],[-69.628967,49.385716],[-69.628937,49.385582],[-69.628944,49.385365],[-69.62886,49.385139],[-69.628815,49.38475],[-69.628792,49.384663],[-69.628723,49.384537],[-69.628586,49.384354],[-69.628471,49.384155],[-69.628349,49.383904],[-69.628174,49.383621]]},"properties":{"ROAD_NAME":null,"ClsRte":null,"Cls_CheFor":"NC","CarRte":"NON","CaractRte":null}},{"type":"Feature","geometry":{"type":"LineString","coordinates":[[-69.541824,49.398426],[-69.54174,49.398415],[-69.541595,49.398376],[-69.541389,49.398296],[-69.541328,49.398258],[-69.541084,49.398232],[-69.540787,49.398121],[-69.540726,49.39809]]},"properties":{"ROAD_NAME":null,"ClsRte":null,"Cls_CheFor":"NC","CarRte":"NON","CaractRte":null}},{"type":"Feature","geometry":{"type":"LineString","coordinates":[[-69.562587,49.343482],[-69.562341,49.343654],[-69.562173,49.343782],[-69.562059,49.343915],[-69.561953,49.344093],[-69.56186,49.344255],[-69.561792,49.344373],[-69.561757,49.344494],[-69.561755,49.344624],[-69.5618,49.344803],[-69.561833,49.344995],[-69.561858,49.345154],[-69.561902,49.345399],[-69.561956,49.345667],[-69.562008,49.345886],[-69.562034,49.346021],[-69.562074,49.346094],[-69.562154,49.34615],[-69.562288,49.346206],[-69.562514,49.34629],[-69.562751,49.346381],[-69.563011,49.346475],[-69.563321,49.346588],[-69.563579,49.3467],[-69.563865,49.346824],[-69.564209,49.347035]]},"properties":{"ROAD_NAME":null,"ClsRte":null,"Cls_CheFor":"04","CarRte":"OUI","CaractRte":null}},{"type":"Feature","geometry":{"type":"LineString","coordinates":[[-69.580505,49.448288],[-69.580238,49.447807],[-69.580109,49.447617],[-69.579971,49.447384],[-69.579864,49.447258],[-69.579758,49.447094],[-69.579704,49.446976],[-69.579552,49.446777],[-69.579437,49.446651],[-69.579392,49.44656],[-69.579269,49.446426],[-69.579246,49.446369],[-69.579071,49.446091],[-69.579048,49.445972],[-69.578964,49.445786],[-69.578796,49.445217],[-69.578789,49.445126],[-69.578621,49.444576],[-69.578621,49.44453],[-69.57859,49.444443],[-69.578529,49.444145],[-69.578407,49.443909],[-69.578018,49.443287],[-69.57798,49.443203],[-69.577927,49.442997],[-69.57785,49.442799],[-69.577812,49.442608],[-69.57782,49.442215],[-69.577797,49.442017],[-69.577797,49.441864]]},"properties":{"ROAD_NAME":null,"ClsRte":null,"Cls_CheFor":"NC","CarRte":"NON","CaractRte":null}},{"type":"Feature","geometry":{"type":"LineString","coordinates":[[-69.673292,49.468423],[-69.673004,49.468464],[-69.671928,49.468563],[-69.671715,49.468578],[-69.67128,49.468567],[-69.671013,49.46854],[-69.670616,49.46843],[-69.670113,49.468274],[-69.669769,49.468192],[-69.669287,49.468132],[-69.668968,49.468048],[-69.668846,49.46801],[-69.668625,49.467937],[-69.667796,49.467541],[-69.667511,49.467278],[-69.666725,49.466743],[-69.6661,49.466331],[-69.665688,49.466125],[-69.665245,49.465893],[-69.664459,49.465576],[-69.663742,49.465294],[-69.662499,49.464798],[-69.661987,49.464615],[-69.661559,49.464396],[-69.661087,49.464222],[-69.660492,49.464012],[-69.659609,49.463641],[-69.658831,49.463315],[-69.657578,49.462715],[-69.657425,49.462639],[-69.657089,49.462448],[-69.656937,49.462376],[-69.656647,49.462265],[-69.655922,49.461971],[-69.655701,49.461864],[-69.655228,49.461662],[-69.654831,49.461346],[-69.654709,49.461281],[-69.654457,49.461189],[-69.654312,49.461124],[-69.654144,49.461071],[-69.654076,49.46106],[-69.653954,49.46106],[-69.653564,49.461002],[-69.653252,49.460983],[-69.65303,49.460953],[-69.652931,49.460926],[-69.652771,49.460907],[-69.652504,49.460888],[-69.652367,49.460869]]},"properties":{"ROAD_NAME":null,"ClsRte":null,"Cls_CheFor":"04","CarRte":"OUI","CaractRte":null}},{"type":"Feature","geometry":{"type":"LineString","coordinates":[[-69.603851,49.427437],[-69.60392,49.427231],[-69.604126,49.426826],[-69.604179,49.426674],[-69.60421,49.42654],[-69.604218,49.426155],[-69.604141,49.425919],[-69.604073,49.425812],[-69.603966,49.425686],[-69.603439,49.425186],[-69.603386,49.425034],[-69.603317,49.42495],[-69.60318,49.424736],[-69.603157,49.424637],[-69.603134,49.424339]]},"properties":{"ROAD_NAME":null,"ClsRte":null,"Cls_CheFor":"NC","CarRte":"NON","CaractRte":null}},{"type":"Feature","geometry":{"type":"LineString","coordinates":[[-69.544107,49.343234],[-69.543808,49.343201],[-69.543197,49.343197],[-69.543075,49.343212],[-69.542549,49.343307],[-69.542099,49.343403],[-69.541817,49.343472],[-69.541405,49.34354],[-69.541061,49.343609],[-69.540604,49.343678],[-69.540192,49.3438],[-69.53994,49.343861],[-69.539467,49.343964],[-69.539139,49.344025],[-69.539085,49.344044],[-69.538971,49.344059],[-69.538917,49.344078],[-69.538818,49.344093],[-69.538208,49.34425],[-69.537796,49.344383],[-69.536644,49.344814],[-69.536079,49.344971],[-69.535652,49.345119],[-69.535507,49.345154],[-69.53537,49.345207],[-69.535316,49.345215],[-69.535095,49.345276],[-69.534859,49.345322],[-69.534363,49.345379],[-69.534141,49.345375],[-69.534088,49.345386],[-69.533829,49.345383],[-69.533623,49.345371],[-69.533127,49.345306],[-69.532921,49.345268],[-69.532867,49.345249],[-69.532753,49.34523],[-69.532593,49.345184],[-69.532349,49.345139],[-69.53215,49.345089],[-69.53199,49.345043],[-69.531754,49.344959],[-69.531426,49.344879],[-69.531166,49.344795],[-69.530975,49.344719],[-69.530838,49.344639],[-69.530769,49.344585],[-69.530647,49.344513],[-69.530449,49.344364],[-69.530281,49.344273],[-69.530136,49.344166],[-69.529808,49.343983],[-69.529213,49.343617],[-69.529098,49.343563],[-69.529015,49.343536],[-69.52887,49.343433],[-69.528732,49.343353],[-69.528626,49.343308],[-69.528572,49.343269],[-69.528488,49.343235],[-69.528351,49.343143],[-69.528038,49.343014],[-69.527801,49.342941],[-69.527557,49.342884],[-69.527336,49.342846],[-69.527191,49.342808],[-69.526916,49.342762],[-69.526489,49.342659],[-69.526215,49.342613],[-69.525597,49.342537],[-69.525444,49.342525],[-69.525391,49.342514],[-69.525085,49.342495],[-69.524704,49.342484],[-69.52462,49.342472],[-69.524277,49.342453],[-69.523987,49.342449],[-69.523827,49.342438],[-69.523537,49.342438],[-69.522858,49.342476],[-69.52253,49.342484],[-69.522072,49.34248],[-69.521912,49.342468],[-69.521416,49.342464],[-69.520439,49.342365],[-69.519974,49.342289],[-69.519791,49.342281],[-69.519447,49.342285],[-69.519066,49.342266],[-69.518707,49.342224],[-69.518311,49.342152],[-69.517967,49.342049],[-69.517792,49.341984],[-69.517738,49.341972],[-69.517616,49.341927],[-69.517426,49.341835],[-69.517067,49.341709],[-69.516479,49.34156],[-69.51622,49.341503],[-69.516136,49.341492],[-69.51593,49.341438],[-69.515793,49.341419],[-69.515007,49.341404],[-69.514748,49.341381],[-69.514458,49.341381],[-69.51416,49.341351],[-69.513977,49.341312],[-69.513824,49.341293],[-69.512352,49.341309],[-69.511833,49.341347],[-69.51165,49.341392],[-69.511566,49.341427],[-69.511497,49.341461],[-69.511414,49.341526],[-69.510969,49.34168],[-69.510354,49.341758],[-69.509611,49.341765],[-69.509113,49.341711],[-69.508721,49.3416],[-69.508205,49.341186],[-69.507715,49.340469],[-69.50745,49.340009],[-69.507318,49.339492],[-69.507468,49.338843],[-69.507769,49.338271],[-69.508134,49.337886],[-69.508552,49.337497],[-69.509022,49.337062],[-69.509374,49.33656],[-69.509472,49.336037],[-69.509444,49.335561],[-69.50924,49.335108],[-69.508939,49.334583],[-69.508618,49.334082],[-69.508239,49.333577],[-69.50769,49.333073],[-69.507087,49.332706],[-69.506374,49.332227],[-69.505799,49.331552],[-69.50527,49.331043],[-69.504869,49.330379],[-69.504649,49.329671],[-69.50466,49.329164],[-69.504793,49.328495],[-69.505012,49.32787],[-69.505155,49.327411],[-69.505265,49.326962],[-69.505496,49.326464],[-69.505776,49.325961],[-69.506007,49.325365],[-69.506098,49.324646],[-69.506379,49.324201],[-69.506617,49.324015]]},"properties":{"ROAD_NAME":null,"ClsRte":null,"Cls_CheFor":"04","CarRte":"OUI","CaractRte":null}},{"type":"Feature","geometry":{"type":"LineString","coordinates":[[-69.669602,49.339329],[-69.669571,49.339333],[-69.669334,49.339333],[-69.669251,49.339321],[-69.669045,49.339314],[-69.668755,49.339264],[-69.668198,49.339199],[-69.668121,49.339199],[-69.667892,49.339169],[-69.667221,49.339165],[-69.666573,49.339188],[-69.665962,49.339184],[-69.665756,49.339161],[-69.665543,49.3391],[-69.665375,49.339043],[-69.665214,49.338951],[-69.665062,49.338833],[-69.665009,49.338772],[-69.66494,49.338715],[-69.664856,49.338661],[-69.664803,49.338642],[-69.664658,49.33857],[-69.664421,49.338505],[-69.664368,49.33847],[-69.66433,49.338413],[-69.66433,49.33836],[-69.664368,49.338306],[-69.664398,49.338234],[-69.664459,49.338028],[-69.664459,49.337887],[-69.664475,49.337849],[-69.664658,49.337616],[-69.664688,49.337544],[-69.664688,49.337501],[-69.664673,49.337456],[-69.664635,49.337418],[-69.66452,49.337391],[-69.664413,49.337391]]},"properties":{"ROAD_NAME":null,"ClsRte":null,"Cls_CheFor":"NC","CarRte":"NON","CaractRte":null}},{"type":"Feature","geometry":{"type":"LineString","coordinates":[[-69.580505,49.448288],[-69.579971,49.448311],[-69.579826,49.448326],[-69.579674,49.448387],[-69.579567,49.448452],[-69.579399,49.448528],[-69.5793,49.448593],[-69.57917,49.448753],[-69.579132,49.448841],[-69.579155,49.44904],[-69.579208,49.449238],[-69.579231,49.449429],[-69.579224,49.44976],[-69.579155,49.449913],[-69.578972,49.450108],[-69.578873,49.450199],[-69.578636,49.450359],[-69.578575,49.450386],[-69.578384,49.450447],[-69.578178,49.450462],[-69.577942,49.450462],[-69.577789,49.450424],[-69.577309,49.450241],[-69.576683,49.449955],[-69.576424,49.449844],[-69.576149,49.449772],[-69.575966,49.449734],[-69.575653,49.449688],[-69.575295,49.449665],[-69.575172,49.449665],[-69.575119,49.449657],[-69.575058,49.449665],[-69.574852,49.449646],[-69.574577,49.449596],[-69.574318,49.44957],[-69.57399,49.449547],[-69.573837,49.449528],[-69.573616,49.449482],[-69.573494,49.449471],[-69.573242,49.449478],[-69.572487,49.449356],[-69.572319,49.449356],[-69.572212,49.449325],[-69.57196,49.449287],[-69.571732,49.449287],[-69.571236,49.449318],[-69.571083,49.449318],[-69.570984,49.449306],[-69.57074,49.449261],[-69.570282,49.449158],[-69.569923,49.449146],[-69.569832,49.44912],[-69.569649,49.449036],[-69.569611,49.449009],[-69.569557,49.44899],[-69.56942,49.448982],[-69.569366,49.448971],[-69.569229,49.448917],[-69.568871,49.448742],[-69.568718,49.448776],[-69.568428,49.448738],[-69.568184,49.448692],[-69.567703,49.44865],[-69.567551,49.44865],[-69.567146,49.448692],[-69.567078,49.448711],[-69.566956,49.448765],[-69.566818,49.448788],[-69.566429,49.448883],[-69.566147,49.44891],[-69.566025,49.44891],[-69.565887,49.448917],[-69.56546,49.448914],[-69.565254,49.448929],[-69.56514,49.448948],[-69.565048,49.448837],[-69.564903,49.448631],[-69.564835,49.448494],[-69.564835,49.448315],[-69.564911,49.447983],[-69.565041,49.44775],[-69.565102,49.447697],[-69.565185,49.447578],[-69.565277,49.447498],[-69.565338,49.447418],[-69.565475,49.447311],[-69.565643,49.447216],[-69.565689,49.447163],[-69.56572,49.447109],[-69.56575,49.446957],[-69.56575,49.44672],[-69.565727,49.44648],[-69.565704,49.446381],[-69.565598,49.446171],[-69.565559,49.446072],[-69.565529,49.446026],[-69.565445,49.445938],[-69.565422,49.445873],[-69.565422,49.445839],[-69.565384,49.445755],[-69.565346,49.445683],[-69.565224,49.445511],[-69.56517,49.445332],[-69.565132,49.445286],[-69.565117,49.445251],[-69.565048,49.445187],[-69.564979,49.445141],[-69.564911,49.445087],[-69.564835,49.445049],[-69.56472,49.445015],[-69.564339,49.444965],[-69.56427,49.444965],[-69.564087,49.444935],[-69.563843,49.444862],[-69.563736,49.444798],[-69.563408,49.444401],[-69.563385,49.444336],[-69.563278,49.444202],[-69.563141,49.443966],[-69.563019,49.443802],[-69.562996,49.443714],[-69.562981,49.443543],[-69.562942,49.44347],[-69.562782,49.44326],[-69.562706,49.443108],[-69.562668,49.442928],[-69.562614,49.442829],[-69.562561,49.442665],[-69.562485,49.442333],[-69.562431,49.442162],[-69.562347,49.442017],[-69.562202,49.441799],[-69.562218,49.441765],[-69.562218,49.441692],[-69.562195,49.441574],[-69.562058,49.441441],[-69.562019,49.441395],[-69.562004,49.441349],[-69.562019,49.441277],[-69.562019,49.441204],[-69.561989,49.440712],[-69.561966,49.440529],[-69.561966,49.440388],[-69.561912,49.440277],[-69.56189,49.440189],[-69.561882,49.439865],[-69.56189,49.439449],[-69.561905,49.439415],[-69.562241,49.439167],[-69.56234,49.439075],[-69.562508,49.438873],[-69.562637,49.438656],[-69.562691,49.438583],[-69.562805,49.43837],[-69.562813,49.438244],[-69.562752,49.437675],[-69.562729,49.437561],[-69.562592,49.437191],[-69.562569,49.437145],[-69.562515,49.43708],[-69.562462,49.436966],[-69.562462,49.436775],[-69.562492,49.436588],[-69.562523,49.436508],[-69.562531,49.436398],[-69.562614,49.436283],[-69.562698,49.436218],[-69.562721,49.436184],[-69.562744,49.436058],[-69.562706,49.435787],[-69.56263,49.435547],[-69.562561,49.435455],[-69.562462,49.435383],[-69.562439,49.435345],[-69.562393,49.43531],[-69.56234,49.435192],[-69.562263,49.435074],[-69.562157,49.434849],[-69.561996,49.434696],[-69.561981,49.43465],[-69.56189,49.434513],[-69.561752,49.434368],[-69.561615,49.43425],[-69.561546,49.434216],[-69.561371,49.434044],[-69.561333,49.433933],[-69.561333,49.433899],[-69.561295,49.433815],[-69.56115,49.433628],[-69.561119,49.433563],[-69.561119,49.433475],[-69.561134,49.43343],[-69.561165,49.433384],[-69.56118,49.433277],[-69.56118,49.433151]]},"properties":{"ROAD_NAME":null,"ClsRte":null,"Cls_CheFor":"NC","CarRte":"NON","CaractRte":null}},{"type":"Feature","geometry":{"type":"LineString","coordinates":[[-69.560898,49.401299],[-69.560898,49.400955],[-69.560875,49.400784]]},"properties":{"ROAD_NAME":null,"ClsRte":null,"Cls_CheFor":"NC","CarRte":"NON","CaractRte":null}},{"type":"Feature","geometry":{"type":"LineString","coordinates":[[-69.618416,49.384747],[-69.618317,49.384701],[-69.618263,49.384617],[-69.618088,49.384399],[-69.617928,49.384148],[-69.617867,49.384029],[-69.617744,49.38385],[-69.617607,49.38374],[-69.617455,49.383648],[-69.617264,49.383595],[-69.616867,49.38353],[-69.616508,49.383453],[-69.616226,49.383381],[-69.615974,49.38335],[-69.615563,49.38332],[-69.615242,49.38332],[-69.614807,49.383331],[-69.61438,49.383328],[-69.614059,49.383308],[-69.613785,49.383282],[-69.613472,49.383213],[-69.613129,49.383122],[-69.612892,49.383049],[-69.612839,49.383022],[-69.612663,49.382965],[-69.61232,49.382881],[-69.611618,49.382759],[-69.611412,49.382732],[-69.611221,49.382721],[-69.611031,49.38269],[-69.610794,49.382618],[-69.61071,49.38261],[-69.610466,49.382534],[-69.610313,49.3825],[-69.610092,49.382469]]},"properties":{"ROAD_NAME":null,"ClsRte":null,"Cls_CheFor":"NC","CarRte":"NON","CaractRte":null}},{"type":"Feature","geometry":{"type":"LineString","coordinates":[[-69.687164,49.426525],[-69.687057,49.426453],[-69.686768,49.426289],[-69.686562,49.426144],[-69.686234,49.425987],[-69.686127,49.425949],[-69.686043,49.42593],[-69.685822,49.425839],[-69.685661,49.425793],[-69.685593,49.425793],[-69.685318,49.425755],[-69.685036,49.425735],[-69.684692,49.425732],[-69.684639,49.425724],[-69.684555,49.425804],[-69.684486,49.425831],[-69.68428,49.425858],[-69.684166,49.425865],[-69.684028,49.425865],[-69.683891,49.425846],[-69.683662,49.425743],[-69.683334,49.425533],[-69.683197,49.42548],[-69.682854,49.425362],[-69.682648,49.425304],[-69.68251,49.425278],[-69.682205,49.425201],[-69.682014,49.425129],[-69.681839,49.42503],[-69.681679,49.424839],[-69.68158,49.424767],[-69.681526,49.42474],[-69.681351,49.424686],[-69.68103,49.424549],[-69.680992,49.424519],[-69.680855,49.424446],[-69.680595,49.424328],[-69.680389,49.424248],[-69.680351,49.42421],[-69.680244,49.424156],[-69.68013,49.424126],[-69.67984,49.424026],[-69.679581,49.423981],[-69.679321,49.423904],[-69.678741,49.423794],[-69.678187,49.423117],[-69.677717,49.422308],[-69.677602,49.421681],[-69.676983,49.421051],[-69.676761,49.420484],[-69.676221,49.419887],[-69.674812,49.418999],[-69.674744,49.418892],[-69.674721,49.418827],[-69.674667,49.418766],[-69.674568,49.418602],[-69.674423,49.418304],[-69.674416,49.41816],[-69.6744,49.418125],[-69.674416,49.417828],[-69.674377,49.417675],[-69.674355,49.417629],[-69.674194,49.417431],[-69.67408,49.417332],[-69.674019,49.417213],[-69.674019,49.417168]]},"properties":{"ROAD_NAME":null,"ClsRte":null,"Cls_CheFor":"04","CarRte":"OUI","CaractRte":null}},{"type":"Feature","geometry":{"type":"LineString","coordinates":[[-69.619076,49.405844],[-69.618881,49.405773],[-69.618729,49.405727],[-69.618629,49.405708],[-69.618523,49.405708],[-69.61811,49.405731],[-69.617973,49.405746],[-69.617157,49.405914],[-69.616936,49.406002],[-69.616569,49.406078],[-69.616394,49.406151],[-69.616242,49.406231],[-69.616074,49.4063],[-69.615784,49.406395],[-69.615479,49.40654],[-69.614822,49.406704],[-69.61438,49.406746]]},"properties":{"ROAD_NAME":null,"ClsRte":null,"Cls_CheFor":"04","CarRte":"OUI","CaractRte":null}},{"type":"Feature","geometry":{"type":"LineString","coordinates":[[-69.644981,49.438953],[-69.644875,49.438934],[-69.644806,49.438881],[-69.644752,49.438816],[-69.644585,49.438679],[-69.64418,49.438408],[-69.643936,49.438263],[-69.643807,49.438206],[-69.643715,49.438187],[-69.643578,49.438133],[-69.643402,49.437981],[-69.643112,49.437843],[-69.64299,49.437778],[-69.642937,49.43774],[-69.642716,49.437649],[-69.642426,49.437542],[-69.642303,49.437485],[-69.64196,49.437386],[-69.641907,49.437355],[-69.641769,49.437302],[-69.641609,49.437218],[-69.641541,49.437191],[-69.641182,49.437073],[-69.641129,49.437073],[-69.640991,49.437027],[-69.640907,49.436981],[-69.640717,49.436897],[-69.640289,49.436806],[-69.639793,49.436657],[-69.639725,49.436623],[-69.639412,49.436512],[-69.639153,49.436394],[-69.638687,49.436218],[-69.63826,49.436008],[-69.637962,49.435772],[-69.63768,49.435589],[-69.637359,49.435463],[-69.637115,49.435352],[-69.636291,49.43512],[-69.636185,49.435074],[-69.635803,49.434948],[-69.635345,49.434719],[-69.634926,49.43457],[-69.634567,49.434387],[-69.63417,49.43425],[-69.634064,49.434158],[-69.633926,49.433998],[-69.633911,49.43396],[-69.633926,49.433907],[-69.633972,49.433872],[-69.634003,49.433834],[-69.634109,49.433754],[-69.634178,49.433739],[-69.634308,49.433632],[-69.63446,49.433426],[-69.634506,49.433266],[-69.634521,49.433155],[-69.634521,49.433056],[-69.634552,49.432861],[-69.634567,49.43232],[-69.634583,49.432167],[-69.634613,49.432049],[-69.634655,49.431951]]},"properties":{"ROAD_NAME":null,"ClsRte":null,"Cls_CheFor":"NC","CarRte":"IMP","CaractRte":null}},{"type":"Feature","geometry":{"type":"LineString","coordinates":[[-69.591339,49.348648],[-69.591286,49.348736],[-69.591209,49.348808],[-69.591209,49.349159],[-69.591034,49.349506],[-69.591034,49.349571],[-69.590935,49.34985],[-69.590935,49.349892],[-69.590904,49.349991],[-69.590874,49.350044],[-69.59079,49.350124],[-69.590637,49.350216],[-69.590248,49.350391],[-69.590164,49.350437],[-69.589737,49.350586],[-69.589088,49.350689],[-69.588257,49.35078],[-69.588089,49.350788],[-69.587807,49.350784],[-69.587349,49.350826],[-69.58728,49.350845],[-69.587212,49.350853],[-69.586937,49.350941],[-69.586411,49.351082],[-69.586342,49.351089],[-69.585976,49.351177]]},"properties":{"ROAD_NAME":null,"ClsRte":null,"Cls_CheFor":"NC","CarRte":"NON","CaractRte":null}},{"type":"Feature","geometry":{"type":"LineString","coordinates":[[-69.663994,49.394543],[-69.663971,49.394482],[-69.663918,49.394424],[-69.663696,49.394306],[-69.663437,49.394188],[-69.663269,49.394154],[-69.663132,49.394142],[-69.662895,49.394157],[-69.662414,49.394234],[-69.662277,49.39428],[-69.661941,49.394447],[-69.661774,49.394501],[-69.661163,49.39481],[-69.661041,49.394863],[-69.660736,49.394978],[-69.660568,49.39505],[-69.66053,49.395077],[-69.660469,49.395092],[-69.660385,49.395145],[-69.660179,49.395218],[-69.659706,49.395348],[-69.659546,49.395401],[-69.659485,49.395409],[-69.659416,49.395401],[-69.659241,49.395336],[-69.65908,49.395264],[-69.658882,49.395191],[-69.658539,49.395115],[-69.658272,49.395031],[-69.657883,49.394932],[-69.657539,49.394749],[-69.657433,49.394684],[-69.657097,49.394447],[-69.656837,49.394295],[-69.655922,49.393677],[-69.655662,49.39352],[-69.655609,49.393475],[-69.655396,49.393242],[-69.655243,49.393158],[-69.655159,49.393085],[-69.655014,49.392868],[-69.654961,49.392815],[-69.654892,49.392777],[-69.654602,49.392571],[-69.65448,49.392467],[-69.654411,49.392395],[-69.654068,49.391899],[-69.653931,49.391846],[-69.653725,49.391789],[-69.65361,49.391781],[-69.653534,49.391762],[-69.65345,49.391724],[-69.652855,49.391666],[-69.652489,49.391617],[-69.652351,49.39159],[-69.652199,49.391579],[-69.65152,49.391583],[-69.651466,49.391594],[-69.651398,49.391594],[-69.651207,49.391617],[-69.65023,49.391602],[-69.650085,49.391609],[-69.649925,49.391598],[-69.649071,49.391602],[-69.648796,49.391617],[-69.648529,49.391617],[-69.648354,49.391598],[-69.648048,49.391605],[-69.647179,49.391598],[-69.646919,49.391632],[-69.64666,49.391647],[-69.646118,49.391663],[-69.645691,49.391758],[-69.645485,49.391792],[-69.645348,49.391808],[-69.645195,49.391815],[-69.644959,49.391815],[-69.644806,49.39183],[-69.644424,49.391891],[-69.644287,49.391899],[-69.644173,49.391926],[-69.644089,49.39196],[-69.643883,49.39196],[-69.643623,49.391968],[-69.643562,49.391975],[-69.643013,49.391964],[-69.642929,49.391972],[-69.642792,49.391998],[-69.642654,49.391995],[-69.64257,49.392002],[-69.642342,49.392048],[-69.641846,49.392097],[-69.641663,49.392124],[-69.64148,49.392159],[-69.641182,49.392235],[-69.640877,49.392269],[-69.640366,49.392376],[-69.64003,49.392406],[-69.639702,49.39246],[-69.639145,49.392517],[-69.639091,49.392536],[-69.638992,49.39259],[-69.638886,49.392624],[-69.638649,49.392651],[-69.638252,49.392735],[-69.638016,49.392761],[-69.637886,49.392796],[-69.637833,49.392849],[-69.637764,49.392868],[-69.637695,49.392876],[-69.637321,49.392963],[-69.637154,49.392979],[-69.63707,49.393005],[-69.636909,49.393078],[-69.636841,49.393093],[-69.636604,49.393112],[-69.636452,49.393135],[-69.636116,49.393242],[-69.63591,49.393276],[-69.635841,49.393295],[-69.635788,49.393322],[-69.635651,49.393356],[-69.635498,49.393379],[-69.634903,49.39344],[-69.634666,49.393455],[-69.634514,49.393501],[-69.634339,49.39357],[-69.634071,49.39365],[-69.633934,49.393684],[-69.633576,49.393745],[-69.633339,49.393787],[-69.632912,49.393837],[-69.632759,49.393864],[-69.632622,49.39389],[-69.632484,49.393944],[-69.632431,49.393917]]},"properties":{"ROAD_NAME":null,"ClsRte":null,"Cls_CheFor":"NC","CarRte":"NON","CaractRte":null}},{"type":"Feature","geometry":{"type":"LineString","coordinates":[[-69.608818,49.369411],[-69.608582,49.369438],[-69.608414,49.369434],[-69.608337,49.369442],[-69.608086,49.369442],[-69.607933,49.369431],[-69.607521,49.369438],[-69.607193,49.36948],[-69.606857,49.369541],[-69.606598,49.36961],[-69.606468,49.369656],[-69.606262,49.369732],[-69.606194,49.36977],[-69.605835,49.369926],[-69.605637,49.369987],[-69.605347,49.370033],[-69.605057,49.370056],[-69.604866,49.370083],[-69.604301,49.370258],[-69.603866,49.370407],[-69.603828,49.370434],[-69.603729,49.370468],[-69.603691,49.370495],[-69.603561,49.370548],[-69.603218,49.370743],[-69.603157,49.370762],[-69.603073,49.370804],[-69.603004,49.37085],[-69.602547,49.371063]]},"properties":{"ROAD_NAME":null,"ClsRte":null,"Cls_CheFor":"03","CarRte":"OUI","CaractRte":null}},{"type":"Feature","geometry":{"type":"LineString","coordinates":[[-69.533554,49.29951],[-69.533612,49.299667],[-69.533703,49.299904],[-69.533842,49.300238],[-69.533995,49.300589],[-69.534137,49.300806],[-69.534309,49.30106],[-69.534546,49.301312],[-69.534696,49.301408],[-69.535043,49.301519],[-69.535667,49.301721],[-69.536071,49.301935],[-69.536419,49.302157],[-69.536673,49.302399],[-69.536835,49.302597],[-69.537121,49.302867],[-69.537379,49.303073],[-69.537659,49.303332],[-69.537919,49.303567],[-69.538348,49.303839],[-69.538667,49.304015],[-69.539025,49.304176],[-69.53948,49.304303],[-69.539851,49.304356],[-69.540362,49.304447],[-69.540907,49.304553],[-69.541342,49.304642],[-69.541644,49.304681],[-69.541934,49.30474],[-69.542319,49.304823],[-69.542636,49.304858],[-69.543113,49.304876],[-69.543506,49.304874],[-69.54381,49.304937],[-69.544093,49.305097],[-69.544299,49.305257],[-69.544504,49.305489],[-69.544692,49.3057],[-69.544858,49.305874],[-69.545058,49.306068],[-69.545348,49.306274],[-69.545615,49.306472],[-69.545838,49.306678],[-69.546174,49.307035],[-69.54632,49.30719],[-69.546561,49.307375],[-69.546948,49.307664],[-69.547459,49.308056],[-69.547665,49.308246],[-69.547865,49.308415],[-69.548141,49.308585],[-69.54843,49.308858],[-69.548599,49.30915],[-69.548851,49.309402],[-69.549088,49.309619],[-69.549372,49.309831],[-69.549812,49.310145],[-69.550069,49.310379],[-69.550297,49.310613],[-69.550502,49.310752],[-69.550885,49.310938],[-69.551182,49.311115],[-69.551532,49.311333],[-69.551852,49.311539],[-69.552046,49.311716],[-69.552193,49.311976],[-69.552258,49.312207],[-69.552324,49.312396],[-69.552484,49.312555],[-69.552824,49.312752],[-69.553353,49.312975],[-69.553926,49.31314],[-69.554453,49.313276],[-69.554988,49.313472],[-69.555605,49.313658],[-69.556133,49.313861],[-69.556765,49.314155],[-69.557227,49.314313],[-69.558026,49.314645],[-69.558537,49.314858],[-69.559063,49.315076],[-69.559552,49.315318],[-69.559957,49.315551],[-69.560351,49.315772],[-69.560902,49.316044],[-69.561396,49.316256],[-69.562059,49.31656],[-69.562513,49.316731],[-69.562903,49.316902],[-69.563306,49.317166],[-69.563639,49.317412],[-69.563691,49.317582],[-69.563703,49.317736],[-69.563733,49.317959],[-69.5638,49.318145],[-69.563903,49.318362],[-69.56404,49.318681],[-69.564095,49.318855],[-69.564142,49.31915],[-69.564185,49.31949],[-69.564233,49.319686],[-69.564323,49.319877],[-69.564494,49.320234],[-69.564684,49.320628],[-69.564742,49.320823],[-69.564789,49.321116],[-69.564885,49.321389],[-69.564956,49.321653],[-69.565021,49.321925],[-69.565094,49.322208],[-69.565143,49.32237],[-69.565296,49.322778],[-69.565417,49.323149],[-69.565504,49.323499],[-69.565599,49.323848],[-69.565724,49.324164],[-69.565808,49.324511],[-69.565792,49.324747],[-69.565727,49.324921],[-69.565695,49.325374],[-69.56564,49.325802],[-69.565616,49.326013],[-69.565543,49.326319],[-69.56544,49.326678],[-69.565377,49.326966],[-69.565321,49.327141],[-69.565072,49.327398],[-69.564696,49.327709],[-69.56442,49.327971],[-69.564236,49.328132],[-69.564025,49.328355],[-69.563936,49.32853],[-69.563807,49.328744],[-69.563669,49.328939],[-69.563491,49.329111],[-69.563248,49.329341],[-69.563088,49.329511],[-69.562891,49.329745],[-69.562777,49.329948],[-69.562676,49.33018],[-69.562502,49.330445],[-69.562409,49.330583],[-69.562351,49.330752],[-69.562268,49.330951],[-69.562195,49.331122],[-69.562148,49.331312],[-69.562133,49.331471],[-69.562112,49.331662],[-69.56211,49.33192],[-69.562073,49.332198],[-69.562025,49.332432],[-69.561969,49.332603],[-69.561867,49.332775],[-69.561794,49.332934],[-69.561708,49.333175],[-69.561652,49.333352],[-69.56157,49.333538],[-69.561432,49.333737],[-69.561347,49.333896],[-69.561195,49.334258],[-69.561135,49.334488],[-69.561064,49.334712],[-69.561019,49.334953],[-69.561045,49.335098],[-69.5611,49.33526],[-69.561224,49.335475],[-69.561309,49.335732],[-69.561304,49.335883],[-69.561223,49.336126],[-69.56116,49.336272]]},"properties":{"ROAD_NAME":null,"ClsRte":null,"Cls_CheFor":"05","CarRte":"OUI","CaractRte":null}},{"type":"Feature","geometry":{"type":"LineString","coordinates":[[-69.638306,49.387287],[-69.638237,49.387306],[-69.637848,49.387302],[-69.637711,49.387318],[-69.637421,49.387379],[-69.637268,49.387398],[-69.636963,49.387421],[-69.636795,49.387474],[-69.636719,49.387489],[-69.636436,49.387524],[-69.636093,49.387611],[-69.635872,49.387646],[-69.635819,49.387665],[-69.635765,49.387672],[-69.635567,49.387726],[-69.634933,49.387791],[-69.634766,49.387856],[-69.634407,49.387924],[-69.634186,49.387947],[-69.633865,49.388035],[-69.633705,49.388069],[-69.63327,49.388195],[-69.632996,49.388298],[-69.632874,49.388336],[-69.632774,49.388351],[-69.632401,49.388367],[-69.632225,49.388401],[-69.63192,49.388535],[-69.631775,49.388622],[-69.631722,49.388668],[-69.631668,49.388748],[-69.631554,49.388954]]},"properties":{"ROAD_NAME":null,"ClsRte":null,"Cls_CheFor":"NC","CarRte":"NON","CaractRte":null}},{"type":"Feature","geometry":{"type":"LineString","coordinates":[[-69.632431,49.393917],[-69.632355,49.393959],[-69.632195,49.394093],[-69.632134,49.394112],[-69.63208,49.394138],[-69.631958,49.394218],[-69.631859,49.394272],[-69.631439,49.394455],[-69.631355,49.394508],[-69.630554,49.394829],[-69.630402,49.394863],[-69.630112,49.394886],[-69.629852,49.394875],[-69.629547,49.394802],[-69.629395,49.394783],[-69.628899,49.39468],[-69.628761,49.394642],[-69.628548,49.394604],[-69.62812,49.394604],[-69.627899,49.394627],[-69.627594,49.39468]]},"properties":{"ROAD_NAME":null,"ClsRte":null,"Cls_CheFor":"NC","CarRte":"NON","CaractRte":null}},{"type":"Feature","geometry":{"type":"LineString","coordinates":[[-69.589462,49.354187],[-69.589233,49.354],[-69.588799,49.353619],[-69.588646,49.353527],[-69.58857,49.353462],[-69.588509,49.353435],[-69.588432,49.353371],[-69.588257,49.353191],[-69.587769,49.352764],[-69.587738,49.352726],[-69.587494,49.352501],[-69.587471,49.352463],[-69.587334,49.352348],[-69.586937,49.352047],[-69.586883,49.351982],[-69.586792,49.351894],[-69.586357,49.351528],[-69.586144,49.35133],[-69.586098,49.351303],[-69.585976,49.351177]]},"properties":{"ROAD_NAME":null,"ClsRte":null,"Cls_CheFor":"NC","CarRte":"NON","CaractRte":null}},{"type":"Feature","geometry":{"type":"LineString","coordinates":[[-69.617462,49.37355],[-69.617088,49.373413],[-69.616432,49.373093],[-69.616051,49.372948],[-69.615913,49.372864],[-69.61586,49.37281],[-69.615677,49.372494],[-69.615433,49.372295],[-69.615349,49.372238],[-69.61528,49.372211],[-69.615196,49.372166],[-69.615105,49.372131],[-69.614922,49.372086],[-69.614853,49.372047],[-69.614647,49.371963],[-69.614388,49.371872]]},"properties":{"ROAD_NAME":null,"ClsRte":null,"Cls_CheFor":"03","CarRte":"OUI","CaractRte":null}},{"type":"Feature","geometry":{"type":"LineString","coordinates":[[-69.585373,49.421906],[-69.585945,49.421417],[-69.586128,49.4212],[-69.586212,49.421139],[-69.586411,49.420959],[-69.586517,49.420799],[-69.586594,49.420727],[-69.586647,49.420692],[-69.586984,49.420337],[-69.587082,49.4202],[-69.58725,49.420025],[-69.587532,49.419792],[-69.588135,49.41922],[-69.588181,49.419167],[-69.588234,49.419132],[-69.588318,49.419045],[-69.58847,49.418812],[-69.588615,49.418621],[-69.588654,49.418579],[-69.58873,49.418526],[-69.589003,49.418289],[-69.589183,49.418219],[-69.58942,49.418181],[-69.589666,49.418184]]},"properties":{"ROAD_NAME":null,"ClsRte":null,"Cls_CheFor":"NC","CarRte":"NON","CaractRte":null}},{"type":"Feature","geometry":{"type":"LineString","coordinates":[[-69.64151,49.455238],[-69.641777,49.455189],[-69.641998,49.455128],[-69.642105,49.455074],[-69.642319,49.454903],[-69.642365,49.454823],[-69.64238,49.45475],[-69.642242,49.454445],[-69.642113,49.454014],[-69.642059,49.453911],[-69.641846,49.453712],[-69.64164,49.453548],[-69.641174,49.453251],[-69.640999,49.453148],[-69.640793,49.453068],[-69.640449,49.452904],[-69.640381,49.452858],[-69.640228,49.452801],[-69.64003,49.452648],[-69.639778,49.452503],[-69.639587,49.452373],[-69.639534,49.452328],[-69.639397,49.452175],[-69.639267,49.451996],[-69.639214,49.451904],[-69.639145,49.451767],[-69.639038,49.451454],[-69.639,49.45137],[-69.638893,49.45121],[-69.638779,49.450848],[-69.638672,49.450634],[-69.638626,49.450596],[-69.638535,49.450542],[-69.638435,49.450497]]},"properties":{"ROAD_NAME":null,"ClsRte":null,"Cls_CheFor":"NC","CarRte":"IMP","CaractRte":null}},{"type":"Feature","geometry":{"type":"LineString","coordinates":[[-69.615326,49.411881],[-69.615242,49.412014],[-69.615066,49.412613],[-69.614853,49.412926],[-69.614593,49.413365],[-69.614449,49.413654],[-69.614395,49.413788],[-69.61425,49.414227],[-69.614151,49.414433],[-69.614037,49.414646],[-69.613762,49.415112],[-69.613518,49.415615]]},"properties":{"ROAD_NAME":null,"ClsRte":null,"Cls_CheFor":"02","CarRte":"OUI","CaractRte":null}},{"type":"Feature","geometry":{"type":"LineString","coordinates":[[-69.602547,49.371063],[-69.602325,49.371017],[-69.60186,49.370941],[-69.601257,49.370865],[-69.601051,49.370827],[-69.600708,49.370777],[-69.600639,49.370777],[-69.600059,49.370693],[-69.599655,49.370609],[-69.599312,49.370499],[-69.599251,49.370487],[-69.599007,49.370415],[-69.598488,49.370232],[-69.598366,49.370174],[-69.597939,49.37001],[-69.597679,49.369926],[-69.597267,49.36977],[-69.597,49.369652],[-69.59671,49.36956],[-69.596535,49.369488],[-69.596191,49.369385],[-69.596054,49.369358],[-69.595902,49.369301],[-69.595474,49.369209],[-69.595284,49.369144],[-69.595146,49.369106],[-69.595093,49.369099],[-69.594658,49.368969],[-69.59433,49.368832],[-69.594093,49.368702],[-69.593781,49.368504],[-69.593567,49.368347],[-69.593185,49.368057],[-69.593094,49.367966],[-69.593048,49.367939],[-69.592995,49.367878],[-69.592888,49.367794],[-69.592834,49.367741],[-69.592789,49.367714],[-69.592484,49.367325],[-69.592445,49.367252],[-69.592377,49.367188],[-69.592094,49.36681],[-69.591865,49.366482],[-69.59185,49.366436],[-69.591782,49.366348],[-69.59169,49.366158],[-69.591637,49.366077],[-69.591576,49.365826],[-69.591545,49.365753],[-69.591522,49.365543],[-69.59153,49.365391],[-69.591515,49.365356],[-69.591492,49.365131],[-69.591438,49.364933],[-69.591377,49.364403],[-69.591331,49.364193],[-69.591278,49.364086],[-69.59124,49.363953],[-69.591087,49.363678],[-69.591049,49.363636],[-69.591026,49.36359],[-69.591026,49.363472],[-69.591042,49.363358],[-69.591095,49.36322],[-69.591209,49.362999],[-69.59124,49.362915],[-69.591316,49.362808],[-69.591331,49.362701],[-69.591263,49.362656]]},"properties":{"ROAD_NAME":null,"ClsRte":null,"Cls_CheFor":"03","CarRte":"OUI","CaractRte":null}},{"type":"Feature","geometry":{"type":"LineString","coordinates":[[-69.54001,49.329548],[-69.539553,49.328891],[-69.539251,49.328414],[-69.538996,49.328069],[-69.538847,49.327865],[-69.538734,49.327493],[-69.538659,49.32716],[-69.538674,49.326946],[-69.538731,49.326832],[-69.538993,49.32652],[-69.539235,49.326187],[-69.539343,49.32597],[-69.539633,49.325651],[-69.539994,49.325326],[-69.54051,49.324895],[-69.540797,49.324722],[-69.541427,49.324342],[-69.541985,49.324029],[-69.542475,49.323794],[-69.542927,49.323591],[-69.543054,49.323521],[-69.543216,49.323343],[-69.543435,49.322992],[-69.543661,49.322633],[-69.54377,49.322327],[-69.543789,49.321953],[-69.543792,49.32176],[-69.543858,49.32145],[-69.543918,49.321211],[-69.544189,49.320757],[-69.544414,49.320384],[-69.544675,49.320172],[-69.545273,49.320041],[-69.545813,49.319764],[-69.546343,49.319461],[-69.546713,49.319229],[-69.546974,49.31902],[-69.547268,49.318776],[-69.547581,49.318643],[-69.54803,49.318576]]},"properties":{"ROAD_NAME":null,"ClsRte":null,"Cls_CheFor":"04","CarRte":"OUI","CaractRte":null}},{"type":"Feature","geometry":{"type":"LineString","coordinates":[[-69.610039,49.397137],[-69.610016,49.397377],[-69.610069,49.397488],[-69.610107,49.397629],[-69.610138,49.397865],[-69.61013,49.39798],[-69.610168,49.398197],[-69.610306,49.398487],[-69.610451,49.398651],[-69.610489,49.39875],[-69.610512,49.398937],[-69.610649,49.399235],[-69.610756,49.399399],[-69.610863,49.399517],[-69.610901,49.399578],[-69.610985,49.399803],[-69.611038,49.399887],[-69.611153,49.400173],[-69.611183,49.400257],[-69.611191,49.400337],[-69.611229,49.400425],[-69.611328,49.400528],[-69.611351,49.40057],[-69.611458,49.400772],[-69.61158,49.401077],[-69.611633,49.401169],[-69.611694,49.40131],[-69.611801,49.401501],[-69.611847,49.401546],[-69.611885,49.401611],[-69.611977,49.4018],[-69.612137,49.402206],[-69.612205,49.402306],[-69.612419,49.402775],[-69.612526,49.402973],[-69.612633,49.403137],[-69.612747,49.403469],[-69.612961,49.403847]]},"properties":{"ROAD_NAME":null,"ClsRte":null,"Cls_CheFor":"02","CarRte":"OUI","CaractRte":null}},{"type":"Feature","geometry":{"type":"LineString","coordinates":[[-69.616188,49.438961],[-69.616364,49.43927],[-69.61647,49.439404],[-69.616577,49.439594],[-69.616829,49.439991],[-69.616997,49.440208],[-69.61721,49.440434],[-69.617386,49.44059],[-69.617676,49.440826],[-69.618317,49.441261],[-69.618706,49.441479],[-69.619026,49.441601],[-69.619255,49.441708],[-69.619667,49.441875],[-69.620255,49.442085],[-69.620842,49.442333],[-69.621284,49.44249],[-69.621559,49.442616],[-69.621681,49.442661],[-69.621956,49.442799],[-69.622116,49.44289],[-69.622444,49.443092],[-69.622566,49.443184],[-69.622894,49.44339],[-69.623436,49.443775],[-69.623589,49.443863],[-69.623726,49.443966],[-69.623878,49.444065],[-69.624123,49.444263],[-69.624596,49.444599],[-69.624824,49.444782],[-69.624908,49.444862],[-69.625076,49.444973],[-69.62513,49.445026],[-69.62529,49.445137],[-69.625526,49.445263],[-69.625793,49.445446],[-69.626122,49.445702],[-69.626312,49.445862],[-69.626434,49.445919],[-69.626488,49.445953],[-69.626801,49.446182],[-69.627106,49.446381],[-69.627487,49.446674],[-69.627838,49.446899],[-69.628136,49.447117],[-69.62825,49.447189],[-69.628304,49.447235],[-69.628395,49.447292],[-69.628449,49.447308],[-69.628578,49.447399],[-69.628761,49.447556],[-69.62896,49.447674],[-69.629173,49.447838],[-69.629364,49.44801],[-69.629517,49.44809],[-69.629677,49.448193],[-69.630287,49.448662],[-69.63044,49.448765],[-69.630508,49.448845],[-69.630615,49.448917],[-69.630982,49.449219],[-69.63108,49.449272],[-69.631226,49.44939],[-69.631363,49.449463],[-69.6315,49.449554],[-69.631676,49.449707],[-69.631912,49.449879],[-69.632019,49.449982],[-69.632179,49.450069],[-69.632225,49.450108],[-69.632248,49.450142],[-69.634308,49.451733],[-69.634414,49.451843],[-69.634628,49.451988],[-69.635063,49.452332],[-69.635147,49.452377],[-69.635193,49.452415],[-69.635216,49.45245],[-69.635284,49.452503],[-69.635368,49.452549],[-69.635498,49.452679],[-69.635559,49.452705],[-69.635757,49.452858],[-69.636063,49.453033],[-69.636238,49.453178],[-69.636459,49.453297]]},"properties":{"ROAD_NAME":null,"ClsRte":null,"Cls_CheFor":"02","CarRte":"OUI","CaractRte":null}},{"type":"Feature","geometry":{"type":"LineString","coordinates":[[-69.647896,49.466412],[-69.647889,49.466546],[-69.647354,49.466972],[-69.647224,49.467052],[-69.646593,49.467543],[-69.645863,49.467884],[-69.645248,49.468056],[-69.64484,49.468173],[-69.644333,49.46822],[-69.644127,49.468227],[-69.64389,49.468204],[-69.64344,49.468204],[-69.643356,49.468193]]},"properties":{"ROAD_NAME":null,"ClsRte":null,"Cls_CheFor":"NC","CarRte":"NON","CaractRte":null}},{"type":"Feature","geometry":{"type":"LineString","coordinates":[[-69.600456,49.428383],[-69.600182,49.428417],[-69.599998,49.428398],[-69.599892,49.428379],[-69.599716,49.428303],[-69.599602,49.428268],[-69.599449,49.428238],[-69.599152,49.428158],[-69.598724,49.428062],[-69.598228,49.427967],[-69.597931,49.427887],[-69.597725,49.427811],[-69.597504,49.427757],[-69.59726,49.427673],[-69.59697,49.427544],[-69.596726,49.427418],[-69.596504,49.427292],[-69.596298,49.427143],[-69.596123,49.427063],[-69.595962,49.426945],[-69.595863,49.426853],[-69.595581,49.426636],[-69.595459,49.426525],[-69.595428,49.426483],[-69.595352,49.426273],[-69.595261,49.425861],[-69.595253,49.425598],[-69.595299,49.425358],[-69.595329,49.425301],[-69.595558,49.42498],[-69.595726,49.42482],[-69.595894,49.424694],[-69.596169,49.424553],[-69.596489,49.424358],[-69.596771,49.424217],[-69.59713,49.424004],[-69.597412,49.423862],[-69.597504,49.423801],[-69.597672,49.423668],[-69.59777,49.423603]]},"properties":{"ROAD_NAME":null,"ClsRte":null,"Cls_CheFor":"NC","CarRte":"NON","CaractRte":null}},{"type":"Feature","geometry":{"type":"LineString","coordinates":[[-69.590477,49.358128],[-69.590515,49.358215],[-69.590584,49.358433],[-69.590683,49.35902],[-69.590691,49.359314],[-69.590675,49.359459],[-69.590599,49.359772],[-69.590485,49.360104],[-69.59034,49.360428],[-69.590256,49.360569],[-69.590027,49.360886],[-69.589744,49.361206],[-69.589104,49.361774],[-69.588265,49.362263],[-69.587639,49.362583]]},"properties":{"ROAD_NAME":null,"ClsRte":null,"Cls_CheFor":"02","CarRte":"OUI","CaractRte":null}},{"type":"Feature","geometry":{"type":"LineString","coordinates":[[-69.583458,49.364788],[-69.583496,49.364735]]},"properties":{"ROAD_NAME":null,"ClsRte":null,"Cls_CheFor":"02","CarRte":"OUI","CaractRte":null}},{"type":"Feature","geometry":{"type":"LineString","coordinates":[[-69.603561,49.392042],[-69.603477,49.391987],[-69.603256,49.391903],[-69.602966,49.391872],[-69.602694,49.391872],[-69.602638,49.391872],[-69.602468,49.391879],[-69.601513,49.391986],[-69.60139,49.392],[-69.601285,49.392014],[-69.600916,49.392061],[-69.600868,49.392075],[-69.600815,49.392101],[-69.600716,49.392136],[-69.600662,49.392143],[-69.600508,49.392191],[-69.600059,49.392377],[-69.600031,49.392388],[-69.599991,49.39242],[-69.599479,49.392824],[-69.599346,49.392929],[-69.599222,49.393325],[-69.599175,49.393474],[-69.598991,49.393587],[-69.598426,49.393933],[-69.598341,49.393992],[-69.597423,49.394416],[-69.5974,49.394426],[-69.597383,49.39443],[-69.597298,49.394474],[-69.597206,49.394545],[-69.596741,49.394936],[-69.596604,49.395027],[-69.596527,49.395064],[-69.596066,49.395214],[-69.595548,49.395352]]},"properties":{"ROAD_NAME":null,"ClsRte":null,"Cls_CheFor":"04","CarRte":"OUI","CaractRte":null}},{"type":"Feature","geometry":{"type":"LineString","coordinates":[[-69.584472,49.351513],[-69.584816,49.352112],[-69.585045,49.352436],[-69.585167,49.3526],[-69.585625,49.353134],[-69.586151,49.353634],[-69.586616,49.35405],[-69.588173,49.355518],[-69.589348,49.356598],[-69.589455,49.356716],[-69.589729,49.356968],[-69.589859,49.357124],[-69.589943,49.357204],[-69.590141,49.357475],[-69.590355,49.357864],[-69.590477,49.358128]]},"properties":{"ROAD_NAME":null,"ClsRte":null,"Cls_CheFor":"02","CarRte":"OUI","CaractRte":null}},{"type":"Feature","geometry":{"type":"LineString","coordinates":[[-69.642243,49.470245],[-69.642304,49.469994],[-69.642403,49.469749],[-69.64283,49.46907],[-69.642845,49.469017],[-69.642845,49.468918],[-69.642875,49.468826],[-69.643074,49.468441],[-69.643356,49.468193]]},"properties":{"ROAD_NAME":null,"ClsRte":null,"Cls_CheFor":"NC","CarRte":"NON","CaractRte":null}},{"type":"Feature","geometry":{"type":"LineString","coordinates":[[-69.608841,49.422008],[-69.608566,49.421879],[-69.608406,49.421833],[-69.608215,49.421814],[-69.608047,49.421761],[-69.607968,49.42173]]},"properties":{"ROAD_NAME":null,"ClsRte":null,"Cls_CheFor":"04","CarRte":"OUI","CaractRte":null}},{"type":"Feature","geometry":{"type":"LineString","coordinates":[[-69.676984,49.467737],[-69.676994,49.467602],[-69.677032,49.467495],[-69.677002,49.467159],[-69.67688,49.466854],[-69.676857,49.466763],[-69.676788,49.466663],[-69.67672,49.466438],[-69.67659,49.4659],[-69.676582,49.465744],[-69.676552,49.465683],[-69.676544,49.465519],[-69.676491,49.46526],[-69.676445,49.464909],[-69.676399,49.464424],[-69.676399,49.464313],[-69.67643,49.464188],[-69.67643,49.464073],[-69.676392,49.463928],[-69.676399,49.463486],[-69.6763,49.462784],[-69.67627,49.462685],[-69.676277,49.462631],[-69.676262,49.462551],[-69.676262,49.462471],[-69.676201,49.462234],[-69.676201,49.462002],[-69.676155,49.461472],[-69.676102,49.461239],[-69.676109,49.461086],[-69.676018,49.460777],[-69.676002,49.460678],[-69.676003,49.460526],[-69.675934,49.459961],[-69.675926,49.459679],[-69.67585,49.459312],[-69.67585,49.459255]]},"properties":{"ROAD_NAME":null,"ClsRte":null,"Cls_CheFor":"NC","CarRte":"NON","CaractRte":null}},{"type":"Feature","geometry":{"type":"LineString","coordinates":[[-69.610458,49.421822],[-69.610359,49.421833],[-69.610283,49.421829],[-69.610168,49.421848],[-69.610062,49.42189],[-69.609947,49.421917],[-69.609604,49.42197],[-69.609474,49.422005],[-69.609039,49.422001],[-69.608841,49.422008]]},"properties":{"ROAD_NAME":null,"ClsRte":null,"Cls_CheFor":"04","CarRte":"OUI","CaractRte":null}},{"type":"Feature","geometry":{"type":"LineString","coordinates":[[-69.651466,49.415001],[-69.651352,49.414829],[-69.651291,49.414619],[-69.651253,49.414459],[-69.651253,49.414406],[-69.651199,49.414261],[-69.651199,49.414082],[-69.651253,49.413757],[-69.651253,49.413677],[-69.651291,49.413578],[-69.651322,49.413452],[-69.651344,49.413239],[-69.651375,49.413101],[-69.651443,49.412949],[-69.651466,49.412365],[-69.651497,49.412132],[-69.651527,49.412052]]},"properties":{"ROAD_NAME":null,"ClsRte":null,"Cls_CheFor":"NC","CarRte":"IMP","CaractRte":null}},{"type":"Feature","geometry":{"type":"LineString","coordinates":[[-69.627594,49.39468],[-69.627441,49.394707],[-69.627165,49.394776],[-69.627052,49.39481],[-69.626884,49.394882],[-69.626556,49.394978],[-69.626419,49.395031],[-69.626289,49.395092],[-69.625969,49.395187],[-69.625748,49.395294],[-69.625679,49.39534],[-69.625511,49.395493],[-69.625443,49.395573],[-69.625397,49.395672],[-69.625328,49.39576],[-69.625092,49.39592],[-69.624962,49.396061],[-69.624863,49.396225],[-69.624832,49.396305],[-69.624794,49.396347],[-69.624657,49.396446],[-69.624306,49.396668],[-69.624191,49.396713],[-69.624069,49.396721],[-69.623772,49.396656],[-69.623367,49.396591],[-69.62307,49.396561],[-69.622726,49.396484],[-69.622353,49.396431],[-69.622284,49.396465],[-69.621773,49.396481],[-69.621468,49.396477],[-69.621254,49.396492],[-69.620987,49.396553],[-69.620682,49.396607],[-69.620438,49.396641],[-69.620117,49.396664],[-69.619789,49.396717],[-69.619499,49.396774],[-69.619301,49.396793],[-69.619095,49.396828],[-69.618957,49.396862],[-69.61853,49.396938],[-69.61821,49.396984],[-69.617905,49.397015],[-69.617783,49.397041],[-69.617663,49.397054],[-69.617393,49.397083],[-69.617256,49.397118],[-69.616982,49.397163],[-69.616859,49.397171],[-69.616646,49.397205],[-69.616508,49.397213],[-69.616127,49.397209],[-69.616028,49.397228],[-69.615448,49.397259],[-69.614746,49.397278],[-69.613297,49.39727],[-69.61322,49.397285],[-69.612938,49.39732],[-69.612732,49.397335],[-69.612472,49.397335],[-69.612061,49.397358],[-69.611725,49.397354],[-69.611313,49.397335],[-69.611191,49.397342],[-69.611107,49.39735],[-69.611038,49.397369],[-69.610954,49.397377],[-69.610802,49.397358],[-69.610725,49.397339],[-69.61026,49.397163],[-69.610161,49.397144],[-69.610039,49.397137]]},"properties":{"ROAD_NAME":null,"ClsRte":null,"Cls_CheFor":"04","CarRte":"OUI","CaractRte":null}},{"type":"Feature","geometry":{"type":"LineString","coordinates":[[-69.583458,49.364788],[-69.583366,49.36496],[-69.583328,49.365074],[-69.583298,49.365128],[-69.583252,49.365398],[-69.583252,49.365524],[-69.583298,49.365875],[-69.583397,49.366306],[-69.583443,49.366371],[-69.583481,49.36647],[-69.58371,49.366787],[-69.584068,49.367157],[-69.584587,49.367596],[-69.586327,49.368957],[-69.587448,49.369858],[-69.588036,49.370274],[-69.588562,49.370628],[-69.588882,49.370819],[-69.5896,49.371277],[-69.59005,49.371586],[-69.590332,49.371757],[-69.592392,49.372952],[-69.59269,49.373142],[-69.593254,49.37347],[-69.593849,49.373856],[-69.594177,49.374054],[-69.594436,49.374191],[-69.595352,49.37463],[-69.596168,49.374996],[-69.596809,49.375271],[-69.597,49.375362],[-69.597137,49.375427],[-69.597443,49.375553],[-69.597618,49.375618],[-69.59845,49.375931],[-69.598656,49.376003],[-69.599838,49.37632],[-69.601532,49.37682],[-69.601807,49.376884],[-69.602837,49.377171],[-69.604012,49.377556],[-69.604752,49.377876],[-69.605164,49.378044],[-69.605324,49.378124],[-69.605667,49.378273],[-69.605926,49.378399],[-69.606823,49.378976],[-69.607536,49.379436],[-69.607925,49.379799],[-69.608116,49.379936],[-69.608467,49.380318],[-69.609253,49.381168],[-69.609535,49.381546],[-69.609856,49.382053],[-69.610085,49.382435],[-69.610092,49.382469]]},"properties":{"ROAD_NAME":null,"ClsRte":null,"Cls_CheFor":"02","CarRte":"OUI","CaractRte":null}},{"type":"Feature","geometry":{"type":"LineString","coordinates":[[-69.636459,49.453297],[-69.636566,49.453331],[-69.63681,49.453442],[-69.637016,49.453552],[-69.638061,49.453926],[-69.638374,49.454029],[-69.638596,49.454113],[-69.638733,49.454185],[-69.639145,49.45433],[-69.63932,49.454407],[-69.639893,49.454697],[-69.64003,49.454742],[-69.640182,49.454761],[-69.640427,49.454872],[-69.640579,49.454926],[-69.640663,49.454964],[-69.640816,49.455009],[-69.640976,49.455036],[-69.641045,49.455055],[-69.641182,49.455101],[-69.64151,49.455238]]},"properties":{"ROAD_NAME":null,"ClsRte":null,"Cls_CheFor":"02","CarRte":"OUI","CaractRte":null}},{"type":"Feature","geometry":{"type":"LineString","coordinates":[[-69.576219,49.332638],[-69.57637,49.33305],[-69.577095,49.335171],[-69.577499,49.336468]]},"properties":{"ROAD_NAME":null,"ClsRte":null,"Cls_CheFor":"02","CarRte":"OUI","CaractRte":null}},{"type":"Feature","geometry":{"type":"LineString","coordinates":[[-69.585495,49.427788],[-69.585197,49.427391],[-69.585144,49.427307],[-69.585106,49.427219],[-69.585052,49.427048],[-69.584999,49.426949],[-69.584839,49.426552],[-69.584656,49.426189],[-69.584618,49.426063],[-69.584389,49.425667],[-69.584381,49.425362],[-69.584366,49.425316],[-69.584374,49.425243],[-69.584343,49.425137],[-69.584305,49.425064],[-69.584236,49.424881],[-69.584175,49.424641],[-69.584152,49.424503],[-69.584106,49.424397],[-69.584068,49.424217],[-69.584076,49.423927],[-69.584068,49.42363],[-69.584084,49.423523],[-69.584091,49.423317],[-69.584122,49.423183],[-69.58416,49.423092],[-69.584221,49.423004],[-69.584457,49.422733],[-69.584541,49.422653],[-69.584587,49.422627],[-69.58461,49.422592],[-69.584724,49.422512],[-69.585014,49.422264],[-69.585175,49.422092],[-69.585274,49.422012],[-69.585373,49.421906]]},"properties":{"ROAD_NAME":null,"ClsRte":null,"Cls_CheFor":"NC","CarRte":"NON","CaractRte":null}},{"type":"Feature","geometry":{"type":"LineString","coordinates":[[-69.577797,49.441864],[-69.577347,49.441689],[-69.577263,49.441635],[-69.577049,49.441525],[-69.576797,49.441452],[-69.576401,49.441395],[-69.576279,49.441364],[-69.576225,49.441338],[-69.57592,49.441246],[-69.575623,49.441135],[-69.57547,49.441063],[-69.575295,49.440933],[-69.575172,49.440826],[-69.57502,49.440716],[-69.574882,49.440598],[-69.574844,49.440552],[-69.574806,49.440479],[-69.574631,49.440254],[-69.57444,49.440102],[-69.574356,49.440018],[-69.57428,49.439865],[-69.574127,49.439713],[-69.574104,49.439621],[-69.57412,49.438694],[-69.574158,49.438335]]},"properties":{"ROAD_NAME":null,"ClsRte":null,"Cls_CheFor":"NC","CarRte":"NON","CaractRte":null}},{"type":"Feature","geometry":{"type":"LineString","coordinates":[[-69.659744,49.438568],[-69.659683,49.438736],[-69.659714,49.438854],[-69.659706,49.439041],[-69.659729,49.439377],[-69.659752,49.43951],[-69.659821,49.439621],[-69.659943,49.439735],[-69.660095,49.439911],[-69.660271,49.440155],[-69.660309,49.440315],[-69.660332,49.44054],[-69.660355,49.440659],[-69.660385,49.440739],[-69.660461,49.440891],[-69.660545,49.440983],[-69.660706,49.441216],[-69.660721,49.441288],[-69.660774,49.441399],[-69.660797,49.441669],[-69.660789,49.441948],[-69.660896,49.442261],[-69.660904,49.442459],[-69.660942,49.442757],[-69.660934,49.443333],[-69.660896,49.443565],[-69.660896,49.443756],[-69.660828,49.443943],[-69.660805,49.444077],[-69.660736,49.444275],[-69.660728,49.444572],[-69.660599,49.444885],[-69.660583,49.445019],[-69.6604,49.445324],[-69.660355,49.44545],[-69.660316,49.445515],[-69.660217,49.445602],[-69.660103,49.445656],[-69.659996,49.44569],[-69.659645,49.44577],[-69.65937,49.445866],[-69.659317,49.445873],[-69.658791,49.445869],[-69.658684,49.44585],[-69.65831,49.445732],[-69.658188,49.445667],[-69.657929,49.445496],[-69.65786,49.445469],[-69.657776,49.44545],[-69.657585,49.44545],[-69.657501,49.445431],[-69.657364,49.445385],[-69.657242,49.445393],[-69.657158,49.445427],[-69.657059,49.445507],[-69.656959,49.445614],[-69.656845,49.44582],[-69.656738,49.445972],[-69.656631,49.446278],[-69.656631,49.446449],[-69.656586,49.446522],[-69.656548,49.446636],[-69.656448,49.446781],[-69.656433,49.446842]]},"properties":{"ROAD_NAME":null,"ClsRte":null,"Cls_CheFor":"NC","CarRte":"NON","CaractRte":null}},{"type":"Feature","geometry":{"type":"LineString","coordinates":[[-69.64151,49.455238],[-69.641762,49.455341],[-69.64209,49.45546],[-69.642334,49.45557],[-69.642471,49.455616],[-69.64254,49.455624],[-69.642731,49.455688],[-69.643036,49.455826],[-69.643364,49.456001],[-69.643539,49.456127],[-69.643692,49.456181],[-69.643761,49.456238],[-69.643852,49.456337],[-69.64418,49.456562],[-69.644409,49.456753],[-69.644508,49.456879],[-69.644676,49.457142],[-69.644814,49.457493],[-69.644821,49.457684],[-69.644913,49.457916],[-69.644913,49.458126],[-69.644951,49.458279],[-69.644958,49.458366],[-69.645081,49.458664],[-69.645088,49.4589]]},"properties":{"ROAD_NAME":null,"ClsRte":null,"Cls_CheFor":"02","CarRte":"OUI","CaractRte":null}},{"type":"Feature","geometry":{"type":"LineString","coordinates":[[-69.683539,49.494835],[-69.68331,49.494772],[-69.683131,49.494652],[-69.682921,49.494516],[-69.682694,49.494372],[-69.682248,49.493686],[-69.681145,49.491587],[-69.680696,49.490415],[-69.679533,49.487849],[-69.678675,49.486772],[-69.677957,49.486006],[-69.676787,49.485106],[-69.676395,49.484641],[-69.676294,49.484426],[-69.676212,49.484103],[-69.676121,49.483779],[-69.67601,49.483347],[-69.675896,49.482946],[-69.675796,49.482601],[-69.675634,49.48222],[-69.675386,49.481937],[-69.672411,49.479848],[-69.67053,49.478344],[-69.670149,49.478027]]},"properties":{"ROAD_NAME":null,"ClsRte":null,"Cls_CheFor":"02","CarRte":"OUI","CaractRte":null}},{"type":"Feature","geometry":{"type":"LineString","coordinates":[[-69.592835,49.358624],[-69.592789,49.358215],[-69.592773,49.358181],[-69.592766,49.358055],[-69.592751,49.358002],[-69.592743,49.357792],[-69.592712,49.357738],[-69.592689,49.357639],[-69.592445,49.357387],[-69.592339,49.357315],[-69.592186,49.357105],[-69.59211,49.356953],[-69.592094,49.356888]]},"properties":{"ROAD_NAME":null,"ClsRte":null,"Cls_CheFor":"NC","CarRte":"NON","CaractRte":null}},{"type":"Feature","geometry":{"type":"LineString","coordinates":[[-69.619076,49.405844],[-69.618682,49.40624],[-69.618354,49.406547],[-69.618227,49.406784],[-69.618121,49.407063],[-69.617948,49.40728]]},"properties":{"ROAD_NAME":null,"ClsRte":null,"Cls_CheFor":"04","CarRte":"OUI","CaractRte":null}},{"type":"Feature","geometry":{"type":"LineString","coordinates":[[-69.56163,49.401024],[-69.561508,49.401051],[-69.561356,49.401112],[-69.561035,49.40126],[-69.560974,49.401272],[-69.560898,49.401299]]},"properties":{"ROAD_NAME":null,"ClsRte":null,"Cls_CheFor":"NC","CarRte":"NON","CaractRte":null}},{"type":"Feature","geometry":{"type":"LineString","coordinates":[[-69.61278,49.37679],[-69.612637,49.377174],[-69.612527,49.377613]]},"properties":{"ROAD_NAME":null,"ClsRte":null,"Cls_CheFor":"04","CarRte":"OUI","CaractRte":null}},{"type":"Feature","geometry":{"type":"LineString","coordinates":[[-69.634655,49.431951],[-69.634697,49.431854],[-69.634865,49.431595],[-69.634911,49.431541],[-69.635132,49.431343],[-69.635216,49.43129],[-69.635384,49.431202],[-69.635468,49.431187],[-69.635574,49.431141],[-69.635719,49.431034],[-69.635826,49.430973],[-69.636024,49.430828],[-69.636192,49.430679],[-69.636261,49.430595],[-69.63633,49.430489],[-69.636406,49.430294],[-69.636406,49.430195],[-69.636383,49.429932],[-69.636391,49.429771],[-69.636352,49.429581],[-69.636353,49.429203],[-69.636398,49.42905],[-69.63649,49.42881],[-69.636612,49.428551],[-69.636757,49.428352],[-69.636795,49.428326],[-69.636825,49.42828],[-69.63694,49.428173],[-69.637177,49.427906],[-69.637245,49.427799],[-69.637276,49.427727],[-69.637306,49.427601],[-69.637298,49.427448],[-69.637215,49.427303],[-69.63707,49.426971],[-69.636948,49.426827],[-69.636909,49.426716],[-69.636879,49.426674],[-69.636871,49.426617],[-69.636825,49.426563],[-69.636787,49.426483],[-69.63678,49.42643],[-69.636681,49.426205],[-69.636643,49.42614],[-69.636536,49.42606]]},"properties":{"ROAD_NAME":null,"ClsRte":null,"Cls_CheFor":"NC","CarRte":"NON","CaractRte":null}},{"type":"Feature","geometry":{"type":"LineString","coordinates":[[-69.550875,49.336198],[-69.550841,49.335754],[-69.550818,49.335659],[-69.55073,49.33544],[-69.550662,49.335357],[-69.55053,49.335236],[-69.550311,49.335109],[-69.550166,49.335066],[-69.54998,49.335068],[-69.549684,49.335163],[-69.549352,49.335286],[-69.549026,49.335445],[-69.548751,49.335648],[-69.548453,49.335876],[-69.548195,49.336083],[-69.547789,49.336294],[-69.547537,49.336433],[-69.547299,49.336613],[-69.547016,49.336831],[-69.546824,49.336968],[-69.546518,49.337095],[-69.546313,49.337174],[-69.546099,49.337248],[-69.545956,49.33726],[-69.545742,49.337232],[-69.545122,49.337112],[-69.545023,49.337081],[-69.544709,49.336968],[-69.544469,49.336871],[-69.544144,49.336659],[-69.543649,49.336354],[-69.543214,49.336114],[-69.542948,49.335941],[-69.54278,49.335789],[-69.542707,49.335669],[-69.542683,49.335537],[-69.54272,49.335269],[-69.542785,49.335073],[-69.542813,49.334984],[-69.542821,49.334864],[-69.542818,49.334746],[-69.542741,49.33451],[-69.54267,49.334269],[-69.542604,49.334082],[-69.542523,49.333904],[-69.542266,49.333744],[-69.541988,49.333525],[-69.541808,49.333352],[-69.541587,49.333168],[-69.54134,49.333015],[-69.541144,49.332859],[-69.541068,49.332767],[-69.540942,49.33265],[-69.540892,49.332495],[-69.540869,49.332393],[-69.540889,49.332243],[-69.540955,49.332135],[-69.541008,49.331973],[-69.541067,49.331761],[-69.541074,49.331547],[-69.541055,49.331321],[-69.541011,49.331054],[-69.540933,49.330848],[-69.540778,49.330586],[-69.540496,49.330258],[-69.540343,49.330051],[-69.540117,49.329714],[-69.54001,49.329548]]},"properties":{"ROAD_NAME":null,"ClsRte":null,"Cls_CheFor":"04","CarRte":"OUI","CaractRte":null}},{"type":"Feature","geometry":{"type":"LineString","coordinates":[[-69.557727,49.343329],[-69.557822,49.343236],[-69.55783,49.343137],[-69.557809,49.343019],[-69.557757,49.342845],[-69.55771,49.342694],[-69.557681,49.342559],[-69.557689,49.342426],[-69.557776,49.342297],[-69.557921,49.342171],[-69.558051,49.342077],[-69.558155,49.341969],[-69.558266,49.341838],[-69.558405,49.341691],[-69.558583,49.341537],[-69.558749,49.341393],[-69.559006,49.341195],[-69.559145,49.341084],[-69.559255,49.340971],[-69.559331,49.340808],[-69.559399,49.340599],[-69.559426,49.34042],[-69.559452,49.340266],[-69.55947,49.340099],[-69.559506,49.339898],[-69.559565,49.339693],[-69.559635,49.339518],[-69.55978,49.339268],[-69.55991,49.339021],[-69.560089,49.338774],[-69.560245,49.33855],[-69.560344,49.338382],[-69.560418,49.338203],[-69.560491,49.338004],[-69.560563,49.337776],[-69.560584,49.337708]]},"properties":{"ROAD_NAME":null,"ClsRte":null,"Cls_CheFor":"05","CarRte":"OUI","CaractRte":null}},{"type":"Feature","geometry":{"type":"LineString","coordinates":[[-69.541824,49.398426],[-69.541954,49.398718],[-69.542156,49.398972],[-69.542324,49.399208],[-69.542259,49.399477],[-69.542013,49.39962],[-69.541723,49.399747],[-69.541763,49.399917],[-69.5415,49.400026],[-69.541234,49.400087],[-69.541095,49.400283],[-69.541024,49.40043],[-69.540915,49.400564]]},"properties":{"ROAD_NAME":null,"ClsRte":null,"Cls_CheFor":"NC","CarRte":"NON","CaractRte":null}},{"type":"Feature","geometry":{"type":"LineString","coordinates":[[-69.613708,49.37677],[-69.613808,49.376526],[-69.613853,49.376328],[-69.613945,49.376186],[-69.614029,49.376114],[-69.614067,49.37606],[-69.61396,49.375996],[-69.613441,49.375851],[-69.613121,49.37574],[-69.613045,49.375694],[-69.612808,49.375584],[-69.612663,49.375473],[-69.612595,49.375439],[-69.61248,49.375401],[-69.612358,49.375374],[-69.612114,49.375282],[-69.611908,49.375179],[-69.61187,49.375145],[-69.611771,49.37508],[-69.611664,49.375027],[-69.611496,49.374969],[-69.611374,49.374962],[-69.611267,49.374924],[-69.611153,49.374844],[-69.611091,49.374771],[-69.611076,49.374699],[-69.611092,49.374653],[-69.611122,49.374619],[-69.611259,49.374519],[-69.61187,49.374172],[-69.612694,49.37365],[-69.6129,49.373497],[-69.613068,49.373329],[-69.613281,49.373089],[-69.613319,49.373062],[-69.613403,49.373016],[-69.613518,49.372971],[-69.613602,49.372955],[-69.613709,49.372974],[-69.61393,49.372986],[-69.614098,49.372967],[-69.614151,49.372952],[-69.614235,49.372906],[-69.614334,49.372799],[-69.614365,49.372707],[-69.61438,49.372547],[-69.614388,49.371872]]},"properties":{"ROAD_NAME":null,"ClsRte":null,"Cls_CheFor":"04","CarRte":"OUI","CaractRte":null}},{"type":"Feature","geometry":{"type":"LineString","coordinates":[[-69.580803,49.34425],[-69.581329,49.345268],[-69.582832,49.34824]]},"properties":{"ROAD_NAME":null,"ClsRte":null,"Cls_CheFor":"02","CarRte":"OUI","CaractRte":null}},{"type":"Feature","geometry":{"type":"LineString","coordinates":[[-69.601288,49.41452],[-69.601204,49.414486],[-69.601128,49.414432],[-69.600975,49.414375],[-69.600678,49.414158],[-69.600349,49.413815],[-69.600243,49.41367],[-69.600205,49.413559],[-69.600166,49.413486],[-69.600098,49.413406],[-69.599853,49.41317],[-69.5998,49.413136],[-69.599701,49.413036],[-69.599632,49.412926],[-69.599609,49.412827],[-69.599609,49.41272],[-69.599648,49.412441],[-69.599632,49.412388],[-69.599602,49.41235],[-69.599373,49.41217],[-69.599182,49.411968],[-69.599052,49.411816]]},"properties":{"ROAD_NAME":null,"ClsRte":null,"Cls_CheFor":"NC","CarRte":"NON","CaractRte":null}},{"type":"Feature","geometry":{"type":"LineString","coordinates":[[-69.691283,49.436207],[-69.691401,49.436152],[-69.69148,49.436072],[-69.69156,49.435981],[-69.691705,49.43588],[-69.691836,49.435797],[-69.69195,49.435715],[-69.69209,49.435635],[-69.692218,49.435555],[-69.692297,49.435448],[-69.692313,49.435333],[-69.692277,49.435205],[-69.69223,49.435116],[-69.69217,49.435029],[-69.692105,49.434945],[-69.692036,49.434853],[-69.691981,49.434755],[-69.69191,49.434647],[-69.691855,49.434533],[-69.691825,49.434476]]},"properties":{"ROAD_NAME":null,"ClsRte":null,"Cls_CheFor":"05","CarRte":"OUI","CaractRte":null}},{"type":"Feature","geometry":{"type":"LineString","coordinates":[[-69.618609,49.40097],[-69.618689,49.401511],[-69.618773,49.40208],[-69.619028,49.402566],[-69.619584,49.403132],[-69.62001,49.403543]]},"properties":{"ROAD_NAME":null,"ClsRte":null,"Cls_CheFor":"NC","CarRte":"NON","CaractRte":null}},{"type":"Feature","geometry":{"type":"LineString","coordinates":[[-69.614273,49.371693],[-69.614189,49.371719],[-69.613785,49.371761],[-69.613556,49.371777],[-69.612976,49.371792],[-69.612915,49.3718],[-69.61274,49.371853],[-69.612656,49.371868],[-69.612312,49.37191],[-69.612061,49.371925],[-69.612007,49.371944],[-69.611938,49.371952],[-69.611855,49.371952],[-69.611328,49.372002],[-69.611183,49.372002],[-69.611084,49.37199],[-69.610916,49.37199],[-69.610809,49.371998],[-69.61042,49.372086],[-69.610161,49.372128],[-69.610062,49.372135],[-69.609703,49.37215],[-69.608917,49.372147],[-69.608726,49.372154],[-69.607567,49.372143],[-69.607155,49.372143],[-69.607071,49.372131],[-69.606636,49.372009],[-69.606018,49.371918],[-69.605797,49.371853],[-69.605225,49.371738],[-69.605164,49.371719],[-69.60511,49.371693],[-69.604729,49.37162],[-69.604629,49.371582],[-69.604538,49.371536],[-69.604027,49.371387],[-69.603973,49.37138],[-69.603851,49.371334],[-69.603745,49.371315],[-69.603416,49.371231],[-69.603127,49.371185],[-69.602821,49.371109],[-69.602547,49.371063]]},"properties":{"ROAD_NAME":null,"ClsRte":null,"Cls_CheFor":"03","CarRte":"OUI","CaractRte":null}},{"type":"Feature","geometry":{"type":"LineString","coordinates":[[-69.589939,49.416727],[-69.590004,49.416611],[-69.590187,49.416332],[-69.590286,49.416134],[-69.59034,49.416073],[-69.590469,49.415867],[-69.590546,49.415661],[-69.590546,49.415588],[-69.590561,49.415527],[-69.590888,49.414745],[-69.591286,49.414098],[-69.591606,49.413467]]},"properties":{"ROAD_NAME":null,"ClsRte":null,"Cls_CheFor":"NC","CarRte":"NON","CaractRte":null}},{"type":"Feature","geometry":{"type":"LineString","coordinates":[[-69.659264,49.484333],[-69.659645,49.484058],[-69.659821,49.483986],[-69.65992,49.483971],[-69.660019,49.483971],[-69.660164,49.483982],[-69.660309,49.484009],[-69.660507,49.484108],[-69.660591,49.484165],[-69.660896,49.48431],[-69.661003,49.484383],[-69.661232,49.484566],[-69.661491,49.484737],[-69.661606,49.484802],[-69.661644,49.484837],[-69.661781,49.484901],[-69.662231,49.485218],[-69.662353,49.48529],[-69.662514,49.485401],[-69.662804,49.485573],[-69.663269,49.485828],[-69.663368,49.485901],[-69.663857,49.486183],[-69.663956,49.486229],[-69.664047,49.486256],[-69.664169,49.486275],[-69.664543,49.486278],[-69.66481,49.486256],[-69.665085,49.486221],[-69.665207,49.486195],[-69.665344,49.486149],[-69.665474,49.486122],[-69.665748,49.486092],[-69.666206,49.485977],[-69.666412,49.485897],[-69.666695,49.485764],[-69.666885,49.485657],[-69.667068,49.485436],[-69.66713,49.485344],[-69.66716,49.485229],[-69.66716,49.485085],[-69.667099,49.484455],[-69.667076,49.484356],[-69.666992,49.484257],[-69.666817,49.484112]]},"properties":{"ROAD_NAME":null,"ClsRte":null,"Cls_CheFor":"NC","CarRte":"IMP","CaractRte":null}},{"type":"Feature","geometry":{"type":"LineString","coordinates":[[-69.570055,49.340363],[-69.570343,49.340478],[-69.570651,49.340611],[-69.571032,49.340781],[-69.57131,49.340882],[-69.571509,49.340996],[-69.571635,49.34112],[-69.571789,49.341304],[-69.571999,49.341521],[-69.572156,49.341691],[-69.572371,49.341877],[-69.572688,49.342188]]},"properties":{"ROAD_NAME":null,"ClsRte":null,"Cls_CheFor":"NC","CarRte":"NON","CaractRte":null}},{"type":"Feature","geometry":{"type":"LineString","coordinates":[[-69.667854,49.492283],[-69.667435,49.492497],[-69.667244,49.492546],[-69.667145,49.492565],[-69.66684,49.4926],[-69.666725,49.492626],[-69.666618,49.492641],[-69.666176,49.492676],[-69.66597,49.492672],[-69.665787,49.492653],[-69.665436,49.492516],[-69.665169,49.492409],[-69.665077,49.492317],[-69.66497,49.492146],[-69.664884,49.491951],[-69.664822,49.491724],[-69.664627,49.491586],[-69.664503,49.491352],[-69.664386,49.491101],[-69.664279,49.490971],[-69.664176,49.490852],[-69.663958,49.490748],[-69.663406,49.49057],[-69.663299,49.490505],[-69.663277,49.490459],[-69.663246,49.490314],[-69.663254,49.490047],[-69.663315,49.489777],[-69.663384,49.489476],[-69.663385,49.48943],[-69.663346,49.48935],[-69.663048,49.489101],[-69.662766,49.488792],[-69.662638,49.488616],[-69.662446,49.488408],[-69.662269,49.488237],[-69.66199,49.488004],[-69.661827,49.487869],[-69.661705,49.48769],[-69.661545,49.487301],[-69.661491,49.487122],[-69.661438,49.487011],[-69.661415,49.486858],[-69.661324,49.486668],[-69.661293,49.486633],[-69.661148,49.486507],[-69.660667,49.486134],[-69.660469,49.485935],[-69.66021,49.485718],[-69.660042,49.485607],[-69.659828,49.485481],[-69.659592,49.485245],[-69.659538,49.485153],[-69.659462,49.484856],[-69.659386,49.484615],[-69.659264,49.484333]]},"properties":{"ROAD_NAME":null,"ClsRte":null,"Cls_CheFor":"NC","CarRte":"NON","CaractRte":null}},{"type":"Feature","geometry":{"type":"LineString","coordinates":[[-69.691825,49.434476],[-69.691795,49.434419],[-69.691742,49.434305],[-69.691634,49.434048],[-69.691517,49.433928],[-69.691397,49.433827],[-69.691256,49.433684],[-69.6912,49.433604],[-69.691125,49.433502],[-69.691076,49.433401],[-69.691034,49.433301],[-69.691004,49.4332],[-69.690973,49.433086],[-69.690937,49.432952],[-69.690883,49.432752],[-69.690875,49.432609],[-69.690983,49.43249],[-69.691065,49.432419],[-69.69117,49.432381],[-69.691369,49.432312],[-69.691537,49.432233],[-69.691648,49.432138],[-69.691706,49.432043],[-69.691766,49.43193],[-69.691808,49.431802],[-69.691858,49.431651],[-69.691864,49.431486],[-69.69189,49.431349],[-69.691932,49.431196],[-69.691937,49.430999],[-69.691938,49.430817],[-69.691946,49.430654],[-69.691885,49.430482]]},"properties":{"ROAD_NAME":null,"ClsRte":null,"Cls_CheFor":"05","CarRte":"OUI","CaractRte":null}},{"type":"Feature","geometry":{"type":"LineString","coordinates":[[-69.571752,49.347915],[-69.571645,49.347858],[-69.57153,49.347805],[-69.571317,49.347732],[-69.571179,49.347694],[-69.570996,49.347668],[-69.570927,49.347649],[-69.570587,49.347591]]},"properties":{"ROAD_NAME":null,"ClsRte":null,"Cls_CheFor":"NC","CarRte":"NON","CaractRte":null}},{"type":"Feature","geometry":{"type":"LineString","coordinates":[[-69.652367,49.460869],[-69.652199,49.460896],[-69.652092,49.460903],[-69.651581,49.460899],[-69.651337,49.460876],[-69.650642,49.460884],[-69.650558,49.460873],[-69.650299,49.460789],[-69.649834,49.460705],[-69.649582,49.460678],[-69.649422,49.46064],[-69.649284,49.460594],[-69.648949,49.460537],[-69.648087,49.46035],[-69.647896,49.460278],[-69.647713,49.460259],[-69.647507,49.460186],[-69.647331,49.460094],[-69.647278,49.460049],[-69.647209,49.460022],[-69.647171,49.459995],[-69.646812,49.45982],[-69.64624,49.459492],[-69.646141,49.459419],[-69.64595,49.459301],[-69.645569,49.459099],[-69.645256,49.458946],[-69.645088,49.4589]]},"properties":{"ROAD_NAME":null,"ClsRte":null,"Cls_CheFor":"04","CarRte":"OUI","CaractRte":null}},{"type":"Feature","geometry":{"type":"LineString","coordinates":[[-69.582832,49.34824],[-69.582035,49.348408],[-69.581574,49.347514],[-69.581029,49.346488],[-69.580783,49.34607],[-69.580376,49.345848],[-69.579712,49.345163],[-69.579613,49.345009],[-69.579506,49.344902],[-69.579399,49.344753]]},"properties":{"ROAD_NAME":null,"ClsRte":null,"Cls_CheFor":"NC","CarRte":"NON","CaractRte":null}},{"type":"Feature","geometry":{"type":"LineString","coordinates":[[-69.589939,49.416727],[-69.589403,49.41657],[-69.589067,49.416381],[-69.588762,49.416078],[-69.588522,49.415911],[-69.588168,49.416007],[-69.587968,49.416092],[-69.587781,49.416167],[-69.587576,49.416146]]},"properties":{"ROAD_NAME":null,"ClsRte":null,"Cls_CheFor":"NC","CarRte":"NON","CaractRte":null}},{"type":"Feature","geometry":{"type":"LineString","coordinates":[[-69.6064,49.401836],[-69.606201,49.401936],[-69.605965,49.402016],[-69.605873,49.402031],[-69.605812,49.402058],[-69.605759,49.402119],[-69.60569,49.402138],[-69.605606,49.402145],[-69.605553,49.402145],[-69.605278,49.402073],[-69.605179,49.402035],[-69.605087,49.401989],[-69.604935,49.401951],[-69.604851,49.401951],[-69.604636,49.401896],[-69.604507,49.401846],[-69.604385,49.401802],[-69.604301,49.401768],[-69.604157,49.40173]]},"properties":{"ROAD_NAME":null,"ClsRte":null,"Cls_CheFor":"NC","CarRte":"NON","CaractRte":null}},{"type":"Feature","geometry":{"type":"LineString","coordinates":[[-69.618012,49.374222],[-69.618347,49.374062],[-69.61837,49.374016],[-69.618416,49.373974]]},"properties":{"ROAD_NAME":null,"ClsRte":null,"Cls_CheFor":"03","CarRte":"OUI","CaractRte":null}},{"type":"Feature","geometry":{"type":"LineString","coordinates":[[-69.613144,49.377548],[-69.613228,49.377468],[-69.613373,49.377377],[-69.613464,49.377308],[-69.613525,49.377243],[-69.613625,49.377048],[-69.613708,49.37677]]},"properties":{"ROAD_NAME":null,"ClsRte":null,"Cls_CheFor":"04","CarRte":"OUI","CaractRte":null}},{"type":"Feature","geometry":{"type":"LineString","coordinates":[[-69.557727,49.343329],[-69.557884,49.343369],[-69.558029,49.343426],[-69.558113,49.343445],[-69.558624,49.343617],[-69.558922,49.3437],[-69.559181,49.34375],[-69.559265,49.34375],[-69.559639,49.343708],[-69.559959,49.34362],[-69.56015,49.343605],[-69.560509,49.343544],[-69.560646,49.343536],[-69.560745,49.343517],[-69.561569,49.343464],[-69.562164,49.343468],[-69.562286,49.343479],[-69.56234,49.343468],[-69.562587,49.343482]]},"properties":{"ROAD_NAME":null,"ClsRte":null,"Cls_CheFor":"04","CarRte":"OUI","CaractRte":null}},{"type":"Feature","geometry":{"type":"LineString","coordinates":[[-69.646072,49.463726],[-69.646088,49.464169],[-69.646111,49.464321],[-69.646286,49.464726],[-69.646309,49.464844],[-69.646416,49.465023],[-69.646744,49.465439],[-69.646988,49.465729],[-69.64769,49.466301],[-69.647896,49.466412]]},"properties":{"ROAD_NAME":null,"ClsRte":null,"Cls_CheFor":"02","CarRte":"OUI","CaractRte":null}},{"type":"Feature","geometry":{"type":"LineString","coordinates":[[-69.551079,49.33594],[-69.551252,49.335668],[-69.55138,49.335409],[-69.551452,49.335147],[-69.551559,49.334923],[-69.551711,49.334703],[-69.551921,49.334406],[-69.552114,49.334061],[-69.552268,49.333785],[-69.552389,49.333548],[-69.552465,49.333375],[-69.552452,49.333182],[-69.55236,49.332939],[-69.552213,49.332562],[-69.552109,49.332369],[-69.55194,49.332187],[-69.551681,49.33199],[-69.551473,49.33186],[-69.55129,49.331645],[-69.551171,49.331461],[-69.551107,49.331278],[-69.551017,49.33111],[-69.551018,49.330752],[-69.551014,49.330531]]},"properties":{"ROAD_NAME":null,"ClsRte":null,"Cls_CheFor":"04","CarRte":"OUI","CaractRte":null}},{"type":"Feature","geometry":{"type":"LineString","coordinates":[[-69.618416,49.373974],[-69.618309,49.373882],[-69.617928,49.373688],[-69.617462,49.37355]]},"properties":{"ROAD_NAME":null,"ClsRte":null,"Cls_CheFor":"03","CarRte":"OUI","CaractRte":null}},{"type":"Feature","geometry":{"type":"LineString","coordinates":[[-69.644165,49.387455],[-69.643959,49.387409],[-69.643784,49.387356],[-69.643646,49.387299],[-69.643578,49.387279],[-69.643143,49.387207],[-69.642853,49.387142],[-69.642593,49.387119],[-69.64241,49.387119],[-69.642151,49.387108],[-69.641037,49.3871],[-69.640923,49.387119],[-69.640732,49.387169],[-69.640602,49.387188],[-69.640396,49.387203],[-69.64016,49.387283],[-69.640015,49.387291],[-69.639938,49.38731],[-69.639061,49.387321],[-69.638878,49.38731],[-69.638596,49.387306],[-69.638306,49.387287]]},"properties":{"ROAD_NAME":null,"ClsRte":null,"Cls_CheFor":"NC","CarRte":"NON","CaractRte":null}},{"type":"Feature","geometry":{"type":"LineString","coordinates":[[-69.690567,49.429217],[-69.690498,49.429146],[-69.690239,49.428936],[-69.690147,49.428883],[-69.689964,49.428802],[-69.689858,49.428738],[-69.689667,49.428581],[-69.689491,49.42841],[-69.689392,49.428295],[-69.689384,49.428257],[-69.6894,49.428185],[-69.689384,49.428112],[-69.689278,49.427925],[-69.689262,49.427868],[-69.68927,49.427727],[-69.689255,49.427589],[-69.689217,49.427528],[-69.688942,49.427299],[-69.688835,49.427239],[-69.688583,49.427128],[-69.688423,49.427044],[-69.687958,49.426861],[-69.687767,49.426815],[-69.68763,49.426762],[-69.687561,49.426716],[-69.687355,49.426624],[-69.687164,49.426525]]},"properties":{"ROAD_NAME":null,"ClsRte":null,"Cls_CheFor":"04","CarRte":"OUI","CaractRte":null}},{"type":"Feature","geometry":{"type":"LineString","coordinates":[[-69.690567,49.429217],[-69.68986,49.429045],[-69.689036,49.428894],[-69.688563,49.428746],[-69.688224,49.428519],[-69.688138,49.428211],[-69.688023,49.427766],[-69.68777,49.42749],[-69.687422,49.427216],[-69.687215,49.426829],[-69.687164,49.426525]]},"properties":{"ROAD_NAME":null,"ClsRte":null,"Cls_CheFor":"04","CarRte":"OUI","CaractRte":null}},{"type":"Feature","geometry":{"type":"LineString","coordinates":[[-69.562587,49.343482],[-69.562859,49.343498],[-69.563301,49.343548],[-69.563415,49.343548],[-69.563469,49.343559],[-69.563591,49.343559],[-69.563644,49.343571],[-69.563759,49.343571],[-69.563904,49.34359],[-69.564194,49.343647],[-69.564415,49.343674],[-69.564621,49.343731],[-69.564842,49.343769],[-69.565087,49.343822],[-69.56517,49.343853],[-69.565224,49.343861],[-69.565361,49.343899],[-69.566368,49.344276],[-69.566521,49.344357],[-69.566933,49.344521],[-69.567055,49.344566],[-69.567139,49.344585],[-69.567284,49.344643],[-69.567749,49.344879],[-69.568092,49.345097],[-69.568283,49.345207],[-69.56839,49.345299],[-69.568588,49.345505],[-69.568794,49.345806],[-69.568802,49.34584],[-69.568848,49.345894],[-69.568924,49.346031],[-69.568993,49.346111],[-69.569115,49.34623],[-69.569138,49.346268],[-69.569183,49.346294],[-69.569206,49.346329],[-69.569275,49.346367],[-69.569382,49.346493],[-69.569534,49.346611],[-69.569679,49.346748],[-69.569725,49.346775],[-69.569794,49.34684],[-69.569954,49.346947],[-69.570145,49.347145],[-69.570198,49.347183],[-69.570274,49.347282],[-69.570587,49.347591]]},"properties":{"ROAD_NAME":null,"ClsRte":null,"Cls_CheFor":"04","CarRte":"OUI","CaractRte":null}},{"type":"Feature","geometry":{"type":"LineString","coordinates":[[-69.614006,49.377762],[-69.614098,49.377525],[-69.614082,49.377464],[-69.614029,49.377373],[-69.613991,49.377327],[-69.613884,49.37714],[-69.613884,49.377087],[-69.61393,49.376987],[-69.613914,49.376949],[-69.613708,49.37677]]},"properties":{"ROAD_NAME":null,"ClsRte":null,"Cls_CheFor":"04","CarRte":"OUI","CaractRte":null}},{"type":"Feature","geometry":{"type":"LineString","coordinates":[[-69.610191,49.394546],[-69.610168,49.394653],[-69.610138,49.394699],[-69.610136,49.394813]]},"properties":{"ROAD_NAME":null,"ClsRte":null,"Cls_CheFor":"02","CarRte":"OUI","CaractRte":null}},{"type":"Feature","geometry":{"type":"LineString","coordinates":[[-69.61013,49.395157],[-69.610115,49.396023],[-69.610069,49.39621],[-69.610046,49.396454],[-69.610039,49.397137]]},"properties":{"ROAD_NAME":null,"ClsRte":null,"Cls_CheFor":"02","CarRte":"OUI","CaractRte":null}},{"type":"Feature","geometry":{"type":"LineString","coordinates":[[-69.614273,49.371693],[-69.61441,49.371666],[-69.614906,49.371544],[-69.615128,49.371475],[-69.615364,49.371368],[-69.615486,49.371323],[-69.615555,49.371307],[-69.615784,49.371193],[-69.616157,49.370933],[-69.616241,49.370861],[-69.616394,49.370693],[-69.616547,49.37056],[-69.616715,49.370434],[-69.616867,49.370346],[-69.616913,49.370308],[-69.616936,49.370266],[-69.61705,49.370167],[-69.617264,49.370026],[-69.617432,49.369865],[-69.617455,49.369827],[-69.6175,49.369801],[-69.617523,49.369759],[-69.617752,49.36964],[-69.617889,49.369553],[-69.617928,49.369507],[-69.617943,49.369472],[-69.61821,49.369293],[-69.618431,49.369118],[-69.618462,49.36908],[-69.618546,49.369019],[-69.618744,49.368912],[-69.618813,49.368885],[-69.618965,49.368797],[-69.619019,49.368744],[-69.619102,49.36869],[-69.619133,49.368652],[-69.619171,49.368626],[-69.619293,49.368591],[-69.619438,49.368565],[-69.619965,49.368401],[-69.620102,49.368321],[-69.620155,49.368267],[-69.620269,49.368195]]},"properties":{"ROAD_NAME":null,"ClsRte":null,"Cls_CheFor":"NC","CarRte":"NON","CaractRte":null}},{"type":"Feature","geometry":{"type":"LineString","coordinates":[[-69.613708,49.37677],[-69.61278,49.37679]]},"properties":{"ROAD_NAME":null,"ClsRte":null,"Cls_CheFor":"04","CarRte":"OUI","CaractRte":null}},{"type":"Feature","geometry":{"type":"LineString","coordinates":[[-69.643356,49.468193],[-69.643303,49.468174],[-69.643257,49.468147],[-69.643204,49.468094],[-69.643074,49.467758],[-69.64299,49.46767],[-69.642777,49.467506],[-69.642517,49.467331],[-69.642403,49.46727],[-69.642159,49.467186],[-69.642021,49.467106],[-69.641777,49.466942],[-69.641548,49.466759],[-69.641426,49.466679],[-69.641327,49.466641],[-69.641159,49.466595],[-69.640861,49.466392],[-69.640808,49.466366],[-69.640656,49.466301],[-69.640343,49.466202],[-69.64003,49.466038],[-69.639961,49.466019],[-69.6399,49.466019],[-69.639793,49.466034],[-69.639458,49.466122],[-69.639221,49.466141],[-69.639007,49.466137],[-69.638893,49.466118],[-69.638741,49.466072],[-69.638565,49.46598],[-69.638412,49.465874],[-69.638267,49.465691],[-69.638161,49.465572],[-69.637848,49.465302],[-69.637733,49.465229],[-69.637558,49.465145],[-69.637505,49.465111],[-69.637398,49.465019],[-69.637344,49.464993],[-69.637177,49.464935],[-69.63707,49.464909],[-69.636665,49.464851],[-69.636436,49.464806],[-69.636253,49.464748],[-69.636093,49.464687],[-69.635963,49.464668]]},"properties":{"ROAD_NAME":null,"ClsRte":null,"Cls_CheFor":"NC","CarRte":"NON","CaractRte":null}},{"type":"Feature","geometry":{"type":"LineString","coordinates":[[-69.674133,49.339447],[-69.67408,49.339466],[-69.673943,49.339481],[-69.673637,49.339489],[-69.673477,49.33947],[-69.673157,49.339413],[-69.672714,49.339409],[-69.672081,49.33947],[-69.671669,49.339466],[-69.671463,49.339439],[-69.671272,49.33939],[-69.671112,49.339363],[-69.670959,49.339325],[-69.670845,49.339317]]},"properties":{"ROAD_NAME":null,"ClsRte":null,"Cls_CheFor":"04","CarRte":"OUI","CaractRte":null}},{"type":"Feature","geometry":{"type":"LineString","coordinates":[[-69.603561,49.392042],[-69.603542,49.391947],[-69.603461,49.391829],[-69.603283,49.391646],[-69.603106,49.391436],[-69.602957,49.391235],[-69.602851,49.390934],[-69.602786,49.390688],[-69.602747,49.390525],[-69.602723,49.390316],[-69.60274,49.390125],[-69.602717,49.389907],[-69.602679,49.38968],[-69.602642,49.389416],[-69.602618,49.389198],[-69.602579,49.389061],[-69.602527,49.388861],[-69.602502,49.388688],[-69.602508,49.388448],[-69.602412,49.387987],[-69.602376,49.387602],[-69.602378,49.387516],[-69.602371,49.387434],[-69.602373,49.387337],[-69.602386,49.387247],[-69.602403,49.387153],[-69.602402,49.387075],[-69.602395,49.387],[-69.602393,49.386913],[-69.602391,49.386826],[-69.602393,49.386744],[-69.602394,49.386651],[-69.602408,49.386525],[-69.602427,49.38642],[-69.602453,49.38632],[-69.602472,49.386239],[-69.602484,49.386142],[-69.602499,49.386043],[-69.602524,49.385909],[-69.60255,49.385808],[-69.602573,49.385733],[-69.602598,49.38565],[-69.602635,49.385573],[-69.60266,49.385497],[-69.602673,49.385413],[-69.602679,49.385315],[-69.602672,49.385191],[-69.602674,49.38511],[-69.602677,49.385033],[-69.602688,49.384954],[-69.602698,49.384868],[-69.602714,49.38471],[-69.602731,49.384512],[-69.602743,49.384438],[-69.602753,49.384367],[-69.602774,49.384283],[-69.602814,49.384119],[-69.602838,49.38403],[-69.602848,49.38397],[-69.602856,49.383886],[-69.602864,49.383802],[-69.602866,49.383715],[-69.602868,49.383598],[-69.60287,49.383503],[-69.602873,49.383425],[-69.602888,49.383334],[-69.602904,49.383269],[-69.602908,49.383197],[-69.602881,49.383087],[-69.602846,49.383007],[-69.602819,49.38293],[-69.602796,49.382859],[-69.602784,49.382787],[-69.602783,49.382712],[-69.602785,49.38263],[-69.602804,49.38255],[-69.602822,49.382481],[-69.602852,49.382396],[-69.602882,49.382319],[-69.602896,49.382262],[-69.6029,49.382208],[-69.602894,49.382131],[-69.602848,49.382023],[-69.602804,49.381934],[-69.602751,49.381863],[-69.602669,49.381779],[-69.602592,49.381704],[-69.602529,49.381651],[-69.602458,49.381579],[-69.602379,49.3815],[-69.602319,49.381414],[-69.602277,49.381336],[-69.602217,49.381259],[-69.602114,49.381162],[-69.601991,49.381073],[-69.601874,49.381011],[-69.601802,49.380992],[-69.601637,49.380955],[-69.601445,49.380942],[-69.601222,49.380939],[-69.601049,49.380937],[-69.600915,49.380943],[-69.600709,49.380979],[-69.600588,49.381009],[-69.600441,49.381052],[-69.600278,49.381124],[-69.600103,49.381227],[-69.600019,49.381295]]},"properties":{"ROAD_NAME":null,"ClsRte":null,"Cls_CheFor":"NC","CarRte":"NON","CaractRte":null}},{"type":"Feature","geometry":{"type":"LineString","coordinates":[[-69.638306,49.387287],[-69.638344,49.387253],[-69.638359,49.387207],[-69.638359,49.387161],[-69.638306,49.387054],[-69.638283,49.386955],[-69.638199,49.386757],[-69.638123,49.386612],[-69.638001,49.386486],[-69.637901,49.386402],[-69.637459,49.385849],[-69.637314,49.385643],[-69.63726,49.385551],[-69.636848,49.384792],[-69.636765,49.384705],[-69.636551,49.384415],[-69.636383,49.384216],[-69.63633,49.384171],[-69.636139,49.384033],[-69.635872,49.383869],[-69.635597,49.38377],[-69.635513,49.383724],[-69.635422,49.383686],[-69.635063,49.383602],[-69.634705,49.383472],[-69.634445,49.383366],[-69.634346,49.383347],[-69.634254,49.383347],[-69.63417,49.383328],[-69.634033,49.383282],[-69.633896,49.383225],[-69.633552,49.383114],[-69.633499,49.383087],[-69.633392,49.383068],[-69.633293,49.38306],[-69.633102,49.383022],[-69.633034,49.382996],[-69.63298,49.382957],[-69.632828,49.382904]]},"properties":{"ROAD_NAME":null,"ClsRte":null,"Cls_CheFor":"NC","CarRte":"NON","CaractRte":null}},{"type":"Feature","geometry":{"type":"LineString","coordinates":[[-69.690828,49.436611],[-69.690881,49.436522],[-69.690967,49.436427],[-69.691061,49.436341],[-69.691174,49.436271],[-69.691283,49.436207]]},"properties":{"ROAD_NAME":null,"ClsRte":null,"Cls_CheFor":"NC","CarRte":"NON","CaractRte":null}},{"type":"Feature","geometry":{"type":"LineString","coordinates":[[-69.594444,49.415852],[-69.594627,49.41544],[-69.594742,49.415245],[-69.595123,49.414745],[-69.595177,49.414619],[-69.595322,49.414413],[-69.59552,49.414188],[-69.595688,49.41394],[-69.595955,49.413654],[-69.596024,49.413609],[-69.596107,49.413528],[-69.596169,49.413494],[-69.596321,49.413376],[-69.596573,49.413227],[-69.596794,49.413067],[-69.597031,49.412853],[-69.59726,49.412628],[-69.597366,49.412548],[-69.597755,49.412373],[-69.597855,49.412319],[-69.597977,49.412239],[-69.598259,49.412106],[-69.598671,49.411964],[-69.598747,49.411957],[-69.598854,49.411923],[-69.598953,49.411877],[-69.599052,49.411816]]},"properties":{"ROAD_NAME":null,"ClsRte":null,"Cls_CheFor":"NC","CarRte":"NON","CaractRte":null}},{"type":"Feature","geometry":{"type":"LineString","coordinates":[[-69.614273,49.371693],[-69.614204,49.371613],[-69.614166,49.371529],[-69.614166,49.371277],[-69.614105,49.371078],[-69.614105,49.370972],[-69.614166,49.370773],[-69.614182,49.370659],[-69.614151,49.370541],[-69.613968,49.37019],[-69.613831,49.369972],[-69.613754,49.369862],[-69.613586,49.369701],[-69.61348,49.369556],[-69.613403,49.369339],[-69.613312,49.369148],[-69.613258,49.369095],[-69.613068,49.36895],[-69.612823,49.368794],[-69.612099,49.368401],[-69.612061,49.368366],[-69.612045,49.368328],[-69.611992,49.368275],[-69.611954,49.368202],[-69.611641,49.367931],[-69.611465,49.367794],[-69.611328,49.367695],[-69.611153,49.36755],[-69.610702,49.367107],[-69.610474,49.366825],[-69.61026,49.366402],[-69.610161,49.366024]]},"properties":{"ROAD_NAME":null,"ClsRte":null,"Cls_CheFor":"NC","CarRte":"NON","CaractRte":null}},{"type":"Feature","geometry":{"type":"LineString","coordinates":[[-69.612054,49.389551],[-69.611581,49.390108],[-69.611428,49.390292],[-69.611166,49.390542],[-69.611081,49.39133],[-69.611012,49.391969],[-69.61097,49.392032],[-69.610693,49.392442],[-69.610476,49.392621],[-69.610263,49.392797],[-69.609988,49.393028],[-69.609846,49.393147],[-69.609636,49.393324],[-69.609149,49.393572],[-69.608793,49.393654],[-69.608602,49.393671],[-69.608507,49.39368],[-69.608209,49.393667],[-69.607923,49.393655],[-69.607473,49.393642],[-69.607184,49.393635],[-69.606545,49.393681],[-69.606103,49.393712],[-69.605612,49.393707],[-69.605247,49.393643],[-69.604858,49.393522],[-69.604675,49.3934],[-69.604409,49.393145],[-69.604157,49.392828],[-69.603963,49.392583],[-69.603906,49.392512],[-69.603569,49.392085],[-69.603561,49.392042]]},"properties":{"ROAD_NAME":null,"ClsRte":null,"Cls_CheFor":"04","CarRte":"OUI","CaractRte":null}},{"type":"Feature","geometry":{"type":"LineString","coordinates":[[-69.582832,49.34824],[-69.583649,49.349846],[-69.584366,49.351315],[-69.584472,49.351513]]},"properties":{"ROAD_NAME":null,"ClsRte":null,"Cls_CheFor":"02","CarRte":"OUI","CaractRte":null}},{"type":"Feature","geometry":{"type":"LineString","coordinates":[[-69.660484,49.413589],[-69.660469,49.413628],[-69.660378,49.413727],[-69.65979,49.414082],[-69.65944,49.414249],[-69.658996,49.414631],[-69.658798,49.41473],[-69.658562,49.414818],[-69.658508,49.414845],[-69.658218,49.415039],[-69.657951,49.415199],[-69.657898,49.415245],[-69.657883,49.415291],[-69.6577,49.415386],[-69.657326,49.415539],[-69.657227,49.415554],[-69.656967,49.415562],[-69.656784,49.415596],[-69.655991,49.415592],[-69.655823,49.415573],[-69.655312,49.415459],[-69.65522,49.415466],[-69.65493,49.415512],[-69.654869,49.415527],[-69.6548,49.415566],[-69.654716,49.415592],[-69.654663,49.4156],[-69.654541,49.415642],[-69.654472,49.41568],[-69.654327,49.415733],[-69.65419,49.415775],[-69.653999,49.415817],[-69.653885,49.415855],[-69.653717,49.415951],[-69.653458,49.416077],[-69.653122,49.416206]]},"properties":{"ROAD_NAME":null,"ClsRte":null,"Cls_CheFor":"04","CarRte":"OUI","CaractRte":null}},{"type":"Feature","geometry":{"type":"LineString","coordinates":[[-69.600456,49.428383],[-69.60051,49.42833],[-69.60054,49.428276],[-69.600632,49.427879],[-69.600739,49.427196],[-69.600746,49.42701],[-69.600761,49.426918],[-69.600815,49.426739],[-69.601028,49.426254],[-69.601189,49.426033],[-69.601387,49.425846],[-69.601578,49.425682],[-69.601707,49.425594],[-69.601929,49.4254],[-69.602043,49.425274],[-69.602089,49.425186],[-69.602104,49.425121],[-69.602104,49.425003],[-69.602119,49.424969],[-69.602203,49.424896],[-69.602425,49.424774],[-69.602478,49.424721],[-69.602554,49.424622],[-69.602608,49.424587],[-69.603134,49.424339]]},"properties":{"ROAD_NAME":null,"ClsRte":null,"Cls_CheFor":"NC","CarRte":"NON","CaractRte":null}},{"type":"Feature","geometry":{"type":"LineString","coordinates":[[-69.54001,49.329548],[-69.539684,49.32946],[-69.539419,49.3294],[-69.539119,49.329373],[-69.538723,49.329353],[-69.538241,49.329343],[-69.537846,49.329334],[-69.537424,49.329328],[-69.536858,49.329298],[-69.536468,49.329252],[-69.536025,49.329166],[-69.535464,49.32902],[-69.534906,49.328869],[-69.534429,49.328723],[-69.534047,49.328582],[-69.533835,49.328527],[-69.533606,49.32851],[-69.533379,49.328508],[-69.533118,49.328471],[-69.532826,49.328404],[-69.532582,49.328327],[-69.53234,49.3282],[-69.532148,49.328055],[-69.531967,49.327899],[-69.531823,49.327745],[-69.531735,49.327612],[-69.531684,49.327483],[-69.531705,49.327265],[-69.531775,49.327064],[-69.531818,49.326965],[-69.531915,49.326855],[-69.532099,49.326732],[-69.532382,49.326516],[-69.532673,49.326283],[-69.532848,49.326137],[-69.533063,49.325981],[-69.53324,49.325869],[-69.533457,49.325753],[-69.533677,49.325631],[-69.533812,49.325515],[-69.533876,49.325427],[-69.533891,49.325313],[-69.533902,49.325217],[-69.533853,49.325126],[-69.533714,49.324987],[-69.533574,49.324848],[-69.533477,49.324717],[-69.533369,49.324562],[-69.533251,49.324425],[-69.533051,49.324256],[-69.532876,49.324074],[-69.532768,49.323945],[-69.532647,49.323805],[-69.532505,49.32371],[-69.532317,49.323606],[-69.532052,49.323525],[-69.53178,49.323463],[-69.531511,49.323415],[-69.531324,49.323383],[-69.531158,49.323334],[-69.531054,49.323264],[-69.530967,49.323148],[-69.530937,49.323015],[-69.530938,49.322858],[-69.530954,49.322764],[-69.531041,49.322523],[-69.531184,49.322303],[-69.531374,49.322138],[-69.531736,49.321962],[-69.532082,49.321863],[-69.532688,49.321769],[-69.533028,49.321689],[-69.533198,49.321661],[-69.533466,49.321655],[-69.533875,49.321643],[-69.534142,49.321628],[-69.534578,49.321591],[-69.534811,49.321545],[-69.535035,49.321435],[-69.535191,49.321308],[-69.535295,49.321164],[-69.535394,49.320938],[-69.535435,49.320746],[-69.535451,49.320571],[-69.535514,49.320311],[-69.535537,49.320077],[-69.535532,49.319874],[-69.535525,49.319732],[-69.535572,49.319381],[-69.535703,49.319016],[-69.535817,49.318784],[-69.535943,49.318584],[-69.53613,49.318401],[-69.536433,49.318155],[-69.536636,49.317956],[-69.536805,49.317763],[-69.536874,49.31765],[-69.536909,49.317454],[-69.536975,49.317172],[-69.536998,49.316977],[-69.537052,49.316755],[-69.536975,49.316571],[-69.536885,49.316385],[-69.536745,49.316184],[-69.536585,49.315883],[-69.536494,49.315677],[-69.536456,49.3155],[-69.536371,49.31527],[-69.536297,49.315053],[-69.536232,49.314849],[-69.53613,49.314569],[-69.536045,49.314387],[-69.535903,49.314165],[-69.535803,49.314012],[-69.535672,49.313881],[-69.535464,49.313732],[-69.535236,49.313599],[-69.534941,49.313423],[-69.534772,49.313317],[-69.5347,49.313238],[-69.534619,49.313124],[-69.534509,49.312973],[-69.534452,49.312845],[-69.534472,49.312749],[-69.534581,49.312548]]},"properties":{"ROAD_NAME":null,"ClsRte":null,"Cls_CheFor":"04","CarRte":"OUI","CaractRte":null}},{"type":"Feature","geometry":{"type":"LineString","coordinates":[[-69.61483,49.36739],[-69.614677,49.367325],[-69.614502,49.367199],[-69.614433,49.367107],[-69.614326,49.366863],[-69.614319,49.366817],[-69.614265,49.366737],[-69.61422,49.366684],[-69.614151,49.366638],[-69.614014,49.366592],[-69.613731,49.366543],[-69.613533,49.366516],[-69.613457,49.366516],[-69.613342,49.366505],[-69.613152,49.366505],[-69.612862,49.366539],[-69.612625,49.366627],[-69.612457,49.36668],[-69.612404,49.366688],[-69.612267,49.366688],[-69.612129,49.366669],[-69.611992,49.366619],[-69.611748,49.366512],[-69.611664,49.366467],[-69.611542,49.366421],[-69.611473,49.366383],[-69.611076,49.366226],[-69.611023,49.366219],[-69.61071,49.366116],[-69.610527,49.366089],[-69.61042,49.366062],[-69.610161,49.366024]]},"properties":{"ROAD_NAME":null,"ClsRte":null,"Cls_CheFor":"NC","CarRte":"NON","CaractRte":null}},{"type":"Feature","geometry":{"type":"LineString","coordinates":[[-69.702423,49.417278],[-69.702148,49.417179],[-69.701996,49.417103],[-69.70192,49.417042],[-69.701851,49.416958],[-69.701729,49.416851],[-69.701591,49.416759],[-69.701317,49.416615],[-69.701111,49.416477],[-69.700813,49.416332],[-69.700363,49.416096],[-69.699966,49.415932],[-69.699455,49.415638],[-69.699402,49.415604],[-69.69928,49.415485],[-69.699188,49.41536],[-69.699081,49.415268],[-69.698998,49.415222],[-69.698891,49.415131],[-69.698837,49.415058],[-69.698669,49.414913],[-69.698181,49.414551],[-69.698074,49.414459],[-69.697884,49.414326],[-69.697815,49.414288],[-69.697746,49.414261],[-69.697693,49.414223],[-69.697555,49.414169],[-69.69725,49.414013],[-69.697182,49.413994],[-69.69709,49.413986],[-69.69696,49.413948],[-69.696663,49.413902],[-69.69651,49.413864],[-69.696205,49.413811],[-69.695931,49.41378],[-69.695824,49.41378],[-69.69545,49.413723],[-69.695206,49.413666],[-69.695038,49.413605],[-69.694687,49.413403],[-69.694634,49.413383],[-69.694138,49.413147],[-69.69397,49.413094],[-69.693901,49.41309],[-69.693657,49.412983],[-69.693367,49.412945],[-69.69297,49.412834],[-69.692879,49.412796],[-69.69268,49.412743],[-69.692406,49.412685],[-69.692215,49.412632],[-69.691887,49.412521],[-69.691734,49.412483],[-69.691643,49.412445],[-69.691132,49.412281],[-69.690903,49.412197],[-69.690681,49.412098],[-69.690491,49.412044],[-69.690247,49.411941],[-69.689972,49.411797],[-69.689613,49.41164],[-69.689369,49.411461],[-69.689194,49.41135],[-69.689056,49.411285],[-69.688347,49.410877],[-69.688232,49.410805],[-69.688141,49.410732],[-69.687935,49.410603],[-69.687798,49.410484],[-69.687676,49.410351],[-69.687584,49.410233],[-69.687492,49.410107],[-69.687408,49.409962],[-69.687393,49.409916],[-69.687286,49.409782],[-69.687103,49.409473],[-69.687058,49.409428],[-69.686867,49.409321],[-69.686676,49.409184],[-69.686516,49.409058],[-69.686089,49.408756],[-69.68602,49.408764],[-69.685944,49.408745],[-69.685738,49.408684],[-69.685547,49.408608],[-69.68541,49.408562],[-69.685226,49.408527],[-69.685158,49.408516],[-69.684799,49.408505],[-69.684662,49.408493],[-69.684418,49.408447],[-69.684296,49.408394],[-69.684158,49.408363],[-69.683617,49.408333],[-69.682999,49.408329],[-69.682533,49.408344],[-69.68206,49.408386],[-69.681961,49.408405],[-69.681808,49.40844],[-69.681549,49.408546],[-69.681465,49.408569],[-69.681282,49.408649],[-69.681091,49.408756],[-69.680977,49.408848],[-69.68074,49.409168],[-69.680649,49.409527],[-69.680603,49.409897],[-69.680595,49.410137],[-69.68055,49.410507],[-69.68055,49.410633],[-69.680519,49.410748],[-69.680435,49.410946],[-69.680405,49.411091],[-69.680359,49.411179],[-69.680359,49.411304],[-69.680344,49.411377],[-69.680214,49.4118],[-69.680183,49.411953],[-69.680183,49.412086],[-69.680153,49.412193],[-69.680107,49.412293],[-69.680061,49.412571],[-69.680069,49.412861],[-69.6801,49.412968],[-69.680176,49.413239],[-69.680199,49.413425],[-69.680199,49.413536],[-69.680092,49.413956],[-69.680046,49.414387],[-69.68,49.414685],[-69.67997,49.414783],[-69.679871,49.414856],[-69.679802,49.414925],[-69.679733,49.41507],[-69.679634,49.415176],[-69.679451,49.41531],[-69.679131,49.415489],[-69.679008,49.415539],[-69.678589,49.415745],[-69.678032,49.415966],[-69.677795,49.416088],[-69.677689,49.416161],[-69.67762,49.416206],[-69.677475,49.416267],[-69.677048,49.41639],[-69.676758,49.416515],[-69.676689,49.416531],[-69.676567,49.416538],[-69.676231,49.416672],[-69.676064,49.416687],[-69.675789,49.41674],[-69.675468,49.416828],[-69.675316,49.416882],[-69.674972,49.41703],[-69.67482,49.417084],[-69.674622,49.41713],[-69.674263,49.41716],[-69.674019,49.417168]]},"properties":{"ROAD_NAME":null,"ClsRte":null,"Cls_CheFor":"04","CarRte":"OUI","CaractRte":null}},{"type":"Feature","geometry":{"type":"LineString","coordinates":[[-69.658241,49.477943],[-69.658234,49.477798],[-69.658203,49.477699],[-69.658134,49.477562],[-69.658112,49.477367],[-69.658073,49.477222],[-69.658104,49.477104],[-69.658188,49.476917],[-69.658447,49.47665],[-69.658463,49.47636],[-69.658493,49.476219],[-69.658623,49.475868],[-69.658638,49.475803],[-69.658638,49.475716],[-69.6586,49.475678],[-69.658516,49.475624],[-69.658447,49.475597],[-69.658379,49.475578],[-69.65831,49.475571],[-69.658089,49.475567],[-69.657883,49.475582],[-69.657768,49.475601],[-69.657509,49.475616],[-69.657288,49.475643],[-69.657066,49.475693],[-69.656731,49.475746],[-69.656555,49.475788],[-69.656319,49.475887],[-69.656097,49.476048],[-69.656052,49.476074],[-69.655983,49.4761],[-69.655829,49.476207],[-69.655676,49.476296],[-69.655537,49.476349],[-69.655371,49.476366],[-69.655288,49.476383],[-69.65501,49.476525],[-69.654648,49.476666],[-69.654481,49.476764],[-69.65423,49.476888],[-69.653814,49.477047],[-69.653384,49.477169],[-69.653147,49.477285],[-69.652953,49.477337],[-69.652897,49.477364],[-69.652786,49.477444]]},"properties":{"ROAD_NAME":null,"ClsRte":null,"Cls_CheFor":"NC","CarRte":"NON","CaractRte":null}},{"type":"Feature","geometry":{"type":"LineString","coordinates":[[-69.55957,49.518971],[-69.559555,49.518933],[-69.559364,49.518642],[-69.559303,49.518501],[-69.559303,49.518375],[-69.559334,49.518185],[-69.559441,49.51778],[-69.559441,49.517666],[-69.559418,49.517303],[-69.559457,49.517139],[-69.5595,49.517044],[-69.55954,49.516937],[-69.559601,49.516739],[-69.559601,49.51664],[-69.559494,49.516254],[-69.559494,49.516216],[-69.559509,49.516182],[-69.559608,49.516102],[-69.559692,49.516048],[-69.559776,49.516014],[-69.559884,49.515954],[-69.559912,49.5159],[-69.559999,49.515782],[-69.560158,49.515648],[-69.560286,49.515534],[-69.56043,49.515366],[-69.56055,49.515203],[-69.560766,49.514978],[-69.561027,49.514748],[-69.561409,49.514481],[-69.561592,49.514336],[-69.561661,49.514294],[-69.562134,49.514046],[-69.562243,49.513963],[-69.562319,49.513887],[-69.562361,49.513733],[-69.562411,49.513597],[-69.562406,49.513428],[-69.562384,49.513317],[-69.562297,49.513155],[-69.562166,49.513055],[-69.56207,49.513003],[-69.562002,49.512935],[-69.561965,49.512837],[-69.561941,49.512657],[-69.561928,49.51255],[-69.561922,49.512394],[-69.56187,49.512218],[-69.561737,49.51191],[-69.561668,49.511791],[-69.561389,49.511409],[-69.561184,49.511127],[-69.561127,49.511013],[-69.561052,49.51091],[-69.560982,49.510742],[-69.560928,49.510635],[-69.560814,49.510311],[-69.560677,49.510166],[-69.560576,49.510041],[-69.560417,49.509903],[-69.560309,49.509789],[-69.560147,49.509663],[-69.559961,49.509567],[-69.559865,49.509503],[-69.559752,49.509408],[-69.559616,49.509285],[-69.559558,49.509217],[-69.55952,49.509149],[-69.55947,49.508984],[-69.559418,49.508755],[-69.559417,49.508643],[-69.559477,49.508511],[-69.559542,49.508448],[-69.559698,49.508356],[-69.55978,49.508313],[-69.559842,49.508255],[-69.559869,49.508206],[-69.559904,49.508135],[-69.559963,49.508083],[-69.560038,49.508055],[-69.560125,49.508035],[-69.560249,49.507994],[-69.560362,49.507913],[-69.560466,49.507823],[-69.560501,49.507761],[-69.560517,49.507683],[-69.56054,49.507591],[-69.560549,49.507442],[-69.56061,49.50737],[-69.560669,49.507289],[-69.560756,49.507239],[-69.560888,49.507169],[-69.560934,49.507136],[-69.560979,49.507082],[-69.560983,49.507012],[-69.560965,49.506919],[-69.560902,49.506828],[-69.5608,49.506736],[-69.560733,49.506678],[-69.560629,49.506632],[-69.560556,49.506592],[-69.560522,49.506566],[-69.56051,49.506523],[-69.560506,49.506465],[-69.560498,49.506334],[-69.560482,49.506276],[-69.560434,49.506199],[-69.560397,49.506124],[-69.56037,49.506019],[-69.560307,49.505929],[-69.560285,49.505858],[-69.560278,49.505758],[-69.560276,49.505661],[-69.560274,49.505565],[-69.560246,49.505458],[-69.560225,49.505318],[-69.560218,49.505174],[-69.560209,49.505091],[-69.560205,49.505041],[-69.560222,49.505006],[-69.560254,49.504989],[-69.560325,49.50496],[-69.560544,49.504885],[-69.560585,49.504867],[-69.560781,49.504796],[-69.560966,49.504753],[-69.561088,49.504711],[-69.561373,49.504638],[-69.561612,49.5046],[-69.561784,49.504586],[-69.561899,49.50456],[-69.562,49.504522],[-69.562184,49.504462],[-69.562314,49.504423],[-69.562426,49.504363],[-69.562484,49.504295],[-69.562524,49.50423],[-69.562591,49.504176],[-69.562705,49.504091],[-69.562778,49.50401],[-69.562867,49.503902],[-69.562951,49.503781],[-69.563086,49.503656],[-69.563151,49.50357],[-69.563216,49.503473],[-69.563296,49.503363],[-69.563317,49.503294],[-69.563334,49.503199],[-69.563404,49.503107],[-69.563431,49.502999],[-69.563431,49.502887],[-69.563451,49.50281],[-69.563433,49.502687],[-69.5634,49.502583],[-69.563391,49.502483],[-69.563373,49.502372],[-69.563311,49.502244],[-69.56331,49.502147],[-69.563334,49.502039],[-69.56329,49.501871],[-69.563266,49.50175],[-69.563208,49.501465],[-69.563149,49.501233],[-69.563088,49.501061],[-69.563041,49.50082],[-69.562994,49.500649],[-69.562938,49.500482],[-69.56288,49.500345],[-69.562839,49.500251],[-69.562785,49.500126],[-69.562734,49.499905],[-69.562712,49.499825],[-69.562707,49.499737],[-69.562702,49.499647],[-69.562659,49.49957],[-69.56256,49.499486],[-69.562495,49.499424],[-69.562454,49.499351],[-69.562356,49.499211],[-69.562285,49.499071],[-69.562204,49.498981],[-69.562114,49.498898],[-69.56204,49.49885],[-69.561989,49.498792],[-69.561945,49.498714],[-69.561841,49.498573],[-69.56179,49.498507],[-69.56169,49.498394],[-69.561587,49.498301],[-69.561487,49.498211],[-69.561402,49.498139],[-69.561361,49.498054],[-69.561301,49.497947],[-69.561281,49.497805],[-69.561249,49.497715],[-69.561237,49.49762],[-69.561258,49.497503],[-69.561281,49.49739],[-69.561325,49.497254],[-69.561349,49.497154],[-69.561423,49.497006],[-69.561475,49.496914],[-69.561521,49.496783],[-69.561541,49.496682],[-69.561603,49.496612],[-69.561664,49.496549],[-69.56166,49.496455],[-69.561622,49.496364],[-69.561642,49.496222],[-69.561661,49.496111],[-69.561741,49.495999],[-69.561845,49.495893],[-69.561957,49.495809],[-69.56209,49.495697],[-69.562245,49.495589],[-69.562416,49.495501],[-69.562581,49.495431],[-69.562844,49.495304],[-69.562996,49.495219],[-69.563165,49.495163],[-69.563341,49.495083],[-69.563452,49.495029],[-69.563591,49.494964],[-69.563814,49.494845],[-69.563942,49.494781],[-69.564075,49.494714],[-69.564154,49.494654],[-69.564264,49.494607],[-69.564343,49.494567],[-69.564379,49.494521],[-69.564381,49.494456],[-69.564312,49.494348],[-69.564266,49.494244],[-69.564195,49.494154],[-69.563994,49.49398],[-69.563798,49.49385],[-69.563631,49.493704],[-69.563519,49.493629],[-69.56332,49.493433],[-69.563176,49.493312],[-69.562987,49.493093],[-69.562867,49.492993],[-69.562726,49.492879],[-69.562546,49.492724],[-69.562462,49.492645],[-69.562369,49.49255],[-69.562319,49.49243],[-69.562272,49.492293],[-69.562204,49.492119],[-69.562179,49.492003],[-69.562198,49.491948],[-69.562289,49.491871],[-69.562445,49.491718],[-69.562504,49.491645],[-69.562531,49.491574],[-69.562528,49.491472],[-69.562548,49.491366],[-69.562593,49.491285],[-69.562649,49.491241],[-69.562727,49.491168],[-69.562775,49.491096],[-69.562824,49.491036],[-69.562875,49.490996],[-69.562951,49.490943],[-69.562984,49.490897],[-69.562999,49.490851],[-69.563016,49.490755],[-69.56305,49.490692],[-69.56309,49.4906],[-69.56309,49.49053],[-69.563083,49.49045],[-69.563048,49.490355],[-69.563031,49.490301],[-69.563056,49.490177],[-69.563064,49.490153]]},"properties":{"ROAD_NAME":null,"ClsRte":null,"Cls_CheFor":"NC","CarRte":"NON","CaractRte":null}},{"type":"Feature","geometry":{"type":"LineString","coordinates":[[-69.674019,49.417168],[-69.673889,49.41716],[-69.673836,49.417133],[-69.673698,49.417095],[-69.67363,49.417069],[-69.673538,49.417004],[-69.673386,49.416859],[-69.673264,49.416668],[-69.673035,49.416344],[-69.672928,49.416145],[-69.672783,49.415947],[-69.672478,49.415432],[-69.672363,49.415321],[-69.672302,49.415241],[-69.672234,49.415177],[-69.672096,49.415077]]},"properties":{"ROAD_NAME":null,"ClsRte":null,"Cls_CheFor":"04","CarRte":"OUI","CaractRte":null}},{"type":"Feature","geometry":{"type":"LineString","coordinates":[[-69.550875,49.336198],[-69.550929,49.336141],[-69.551079,49.33594]]},"properties":{"ROAD_NAME":null,"ClsRte":null,"Cls_CheFor":"04","CarRte":"OUI","CaractRte":null}},{"type":"Feature","geometry":{"type":"LineString","coordinates":[[-69.613518,49.415615],[-69.612853,49.415483],[-69.61264,49.41549],[-69.612378,49.415495]]},"properties":{"ROAD_NAME":null,"ClsRte":null,"Cls_CheFor":"04","CarRte":"OUI","CaractRte":null}},{"type":"Feature","geometry":{"type":"LineString","coordinates":[[-69.643005,49.323441],[-69.642672,49.324159],[-69.642525,49.324928],[-69.641899,49.325363],[-69.640289,49.326405],[-69.636154,49.326553],[-69.633614,49.327255],[-69.630455,49.32893],[-69.628334,49.330372],[-69.625519,49.329926],[-69.623745,49.329373],[-69.623261,49.328991],[-69.622131,49.329273],[-69.620507,49.329695],[-69.619301,49.3297],[-69.618347,49.329395],[-69.618052,49.328389],[-69.618454,49.32777],[-69.617348,49.327374]]},"properties":{"ROAD_NAME":null,"ClsRte":null,"Cls_CheFor":"NC","CarRte":"NON","CaractRte":null}},{"type":"Feature","geometry":{"type":"LineString","coordinates":[[-69.577499,49.336468],[-69.578331,49.3391],[-69.578445,49.339436],[-69.578712,49.340118],[-69.578842,49.340401],[-69.579247,49.341133],[-69.580276,49.343208],[-69.580803,49.34425]]},"properties":{"ROAD_NAME":null,"ClsRte":null,"Cls_CheFor":"02","CarRte":"OUI","CaractRte":null}},{"type":"Feature","geometry":{"type":"LineString","coordinates":[[-69.66748,49.413418],[-69.667351,49.413399],[-69.667229,49.413361],[-69.667122,49.413307],[-69.666817,49.413204],[-69.666588,49.413105],[-69.666412,49.413067],[-69.666077,49.413048],[-69.664505,49.413036],[-69.664345,49.413044],[-69.664079,49.413041],[-69.663429,49.413055],[-69.662949,49.413044],[-69.662781,49.413059],[-69.662178,49.413181],[-69.662117,49.413181],[-69.66198,49.413197],[-69.661667,49.413258],[-69.661484,49.413303],[-69.661209,49.413345],[-69.661056,49.41338],[-69.660866,49.413433],[-69.660667,49.413548],[-69.660584,49.413574],[-69.660484,49.413589]]},"properties":{"ROAD_NAME":null,"ClsRte":null,"Cls_CheFor":"04","CarRte":"OUI","CaractRte":null}},{"type":"Feature","geometry":{"type":"LineString","coordinates":[[-69.691825,49.434476],[-69.691634,49.434668],[-69.691664,49.434971],[-69.69158,49.435183],[-69.691297,49.435335],[-69.691013,49.435465]]},"properties":{"ROAD_NAME":null,"ClsRte":null,"Cls_CheFor":"NC","CarRte":"NON","CaractRte":null}},{"type":"Feature","geometry":{"type":"LineString","coordinates":[[-69.610092,49.382469],[-69.610268,49.382713],[-69.610443,49.383064],[-69.610664,49.383598],[-69.610802,49.383968],[-69.611038,49.384525],[-69.611115,49.384796],[-69.611138,49.385002],[-69.611228,49.38532],[-69.611302,49.385678],[-69.611366,49.385967],[-69.611435,49.386246],[-69.611496,49.386517],[-69.611664,49.387264],[-69.611763,49.387726],[-69.611786,49.387859],[-69.611855,49.388123]]},"properties":{"ROAD_NAME":null,"ClsRte":null,"Cls_CheFor":"02","CarRte":"OUI","CaractRte":null}},{"type":"Feature","geometry":{"type":"LineString","coordinates":[[-69.619667,49.392658],[-69.619568,49.392624],[-69.619423,49.392513],[-69.619247,49.392361],[-69.619202,49.392315],[-69.619179,49.392269],[-69.619148,49.392189],[-69.619156,49.391991],[-69.619171,49.39188],[-69.619171,49.391773],[-69.619217,49.391521],[-69.6194,49.391136],[-69.619515,49.390995],[-69.620003,49.390629],[-69.62027,49.390396],[-69.62059,49.390202],[-69.620758,49.390121],[-69.620796,49.390095],[-69.620842,49.390053],[-69.620888,49.389935],[-69.620872,49.389854],[-69.620819,49.389709],[-69.620712,49.38953],[-69.620644,49.389458],[-69.620605,49.3894],[-69.620552,49.389294],[-69.620514,49.389069],[-69.620422,49.388943],[-69.620148,49.388641],[-69.619987,49.388508],[-69.61969,49.388359],[-69.619522,49.388306],[-69.619209,49.388168],[-69.61892,49.388077],[-69.618362,49.387928],[-69.618073,49.387836],[-69.617645,49.387753],[-69.61689,49.387646],[-69.616615,49.3876],[-69.616096,49.387531],[-69.61554,49.387539],[-69.615417,49.387527],[-69.615334,49.387535],[-69.615158,49.387569],[-69.614853,49.38765],[-69.614723,49.387676],[-69.614449,49.387711],[-69.614296,49.387745],[-69.614159,49.387798],[-69.614059,49.387825],[-69.613403,49.387917],[-69.613037,49.387985],[-69.612663,49.388073],[-69.612472,49.388107],[-69.611855,49.388123]]},"properties":{"ROAD_NAME":null,"ClsRte":null,"Cls_CheFor":"NC","CarRte":"NON","CaractRte":null}},{"type":"Feature","geometry":{"type":"LineString","coordinates":[[-69.657631,49.457157],[-69.657135,49.457115],[-69.656822,49.457108],[-69.656639,49.457085],[-69.656242,49.457012],[-69.656021,49.456982],[-69.655784,49.456989],[-69.655731,49.457008],[-69.655678,49.457008],[-69.655373,49.456978],[-69.655319,49.456985],[-69.653938,49.456985],[-69.653717,49.456993],[-69.653511,49.456974],[-69.653442,49.456974],[-69.653328,49.456982],[-69.653274,49.457001],[-69.653221,49.457008],[-69.653107,49.45705],[-69.652779,49.45713],[-69.652412,49.457272]]},"properties":{"ROAD_NAME":null,"ClsRte":null,"Cls_CheFor":"NC","CarRte":"NON","CaractRte":null}},{"type":"Feature","geometry":{"type":"LineString","coordinates":[[-69.659744,49.438568],[-69.659729,49.438484],[-69.659691,49.438431],[-69.659348,49.43816],[-69.659203,49.438069],[-69.65876,49.437885],[-69.658669,49.437859],[-69.658531,49.437801],[-69.658272,49.437683],[-69.65789,49.437492],[-69.657616,49.437382],[-69.657379,49.437271],[-69.657326,49.437256],[-69.657272,49.437225],[-69.656906,49.436981],[-69.656807,49.436901],[-69.656586,49.436764],[-69.656548,49.436726],[-69.656364,49.436409],[-69.656265,49.43631],[-69.656197,49.436264],[-69.656021,49.436176],[-69.655472,49.436028],[-69.65535,49.435982],[-69.655167,49.43589],[-69.655037,49.43578],[-69.654884,49.435688],[-69.654793,49.435608],[-69.65464,49.435444],[-69.654587,49.43541],[-69.654488,49.435371],[-69.654381,49.435318],[-69.654106,49.435146],[-69.654068,49.435089],[-69.653984,49.435036],[-69.653809,49.434864],[-69.653534,49.434681],[-69.653183,49.434483],[-69.653007,49.434364],[-69.652634,49.434216],[-69.652565,49.43417],[-69.652458,49.434071],[-69.652168,49.433846],[-69.652061,49.433788],[-69.651764,49.433636],[-69.65165,49.433563],[-69.651611,49.433525],[-69.651436,49.433414],[-69.651192,49.433289],[-69.65094,49.433178],[-69.650695,49.433006],[-69.650589,49.432961],[-69.650452,49.432869],[-69.650177,49.432659],[-69.650108,49.432625],[-69.650085,49.432587],[-69.649826,49.432415],[-69.649582,49.432205],[-69.649483,49.432152],[-69.649094,49.431843],[-69.648979,49.431789],[-69.648911,49.43177],[-69.648766,49.431705],[-69.648697,49.431633],[-69.648666,49.431572],[-69.648354,49.431236],[-69.648277,49.43111],[-69.648155,49.430973],[-69.647964,49.430847],[-69.647842,49.430775],[-69.647774,49.430756],[-69.64772,49.430729],[-69.647675,49.430691],[-69.64743,49.430553],[-69.64724,49.430374],[-69.647133,49.430237],[-69.647095,49.430203],[-69.646912,49.430092],[-69.646385,49.429729],[-69.64621,49.429573],[-69.646141,49.429539],[-69.646027,49.429455],[-69.64576,49.429291],[-69.645485,49.429146],[-69.64518,49.428963],[-69.644989,49.428871],[-69.644516,49.428536],[-69.644325,49.428383],[-69.644218,49.428284],[-69.643997,49.428146],[-69.643837,49.42799],[-69.643616,49.427864],[-69.643509,49.427792],[-69.643333,49.4277],[-69.643112,49.427673],[-69.642975,49.427643],[-69.642479,49.427479],[-69.642258,49.427422],[-69.642098,49.427357],[-69.64193,49.427322],[-69.641396,49.427154],[-69.641159,49.427116],[-69.640915,49.42709],[-69.640778,49.427059],[-69.640739,49.427032],[-69.64064,49.426987],[-69.640106,49.426815],[-69.6399,49.426758],[-69.639763,49.426704],[-69.639641,49.426621],[-69.639206,49.426437],[-69.639107,49.426411],[-69.638985,49.426346],[-69.638794,49.42622],[-69.638535,49.426071],[-69.638397,49.426025],[-69.638275,49.426006],[-69.638023,49.426006],[-69.637733,49.426014],[-69.63736,49.426037],[-69.636536,49.42606]]},"properties":{"ROAD_NAME":null,"ClsRte":null,"Cls_CheFor":"NC","CarRte":"NON","CaractRte":null}},{"type":"Feature","geometry":{"type":"LineString","coordinates":[[-69.67453,49.344604],[-69.674561,49.344341],[-69.674591,49.344215],[-69.674721,49.343868],[-69.675018,49.343292],[-69.675179,49.343079],[-69.675217,49.342999],[-69.675301,49.342865],[-69.675415,49.342648],[-69.675446,49.342541],[-69.675446,49.342442],[-69.675423,49.342297],[-69.675384,49.342163],[-69.675354,49.34211],[-69.675247,49.341957],[-69.67498,49.341675],[-69.674843,49.341511],[-69.674721,49.341366],[-69.674698,49.341293],[-69.674645,49.341213],[-69.674629,49.341167],[-69.674599,49.341133],[-69.674355,49.3405],[-69.674309,49.340446],[-69.674233,49.340229],[-69.674149,49.340069],[-69.674088,49.339851],[-69.674088,49.339771],[-69.674072,49.339699],[-69.67408,49.339565],[-69.674133,49.339447]]},"properties":{"ROAD_NAME":null,"ClsRte":null,"Cls_CheFor":"NC","CarRte":"NON","CaractRte":null}},{"type":"Feature","geometry":{"type":"LineString","coordinates":[[-69.61438,49.406746],[-69.614517,49.40699],[-69.614662,49.407288],[-69.614731,49.407478],[-69.615036,49.408073],[-69.61525,49.408588],[-69.615288,49.408703],[-69.615341,49.408814],[-69.615448,49.408966],[-69.615547,49.409298],[-69.615601,49.409569],[-69.615639,49.409904],[-69.615623,49.410728],[-69.615593,49.410881],[-69.615517,49.411125],[-69.615471,49.411358],[-69.61544,49.411583],[-69.615326,49.411881]]},"properties":{"ROAD_NAME":null,"ClsRte":null,"Cls_CheFor":"02","CarRte":"OUI","CaractRte":null}},{"type":"Feature","geometry":{"type":"LineString","coordinates":[[-69.619076,49.405844],[-69.619453,49.405983],[-69.620018,49.406231],[-69.620071,49.406243],[-69.620331,49.406376],[-69.620544,49.406513],[-69.620697,49.406651],[-69.620766,49.406704],[-69.620834,49.406742],[-69.621025,49.406914],[-69.621155,49.407051],[-69.621346,49.407196],[-69.621605,49.407322],[-69.62188,49.40744],[-69.622101,49.407516],[-69.622208,49.407543],[-69.622841,49.40762],[-69.623367,49.40765],[-69.623833,49.407707],[-69.623985,49.407719],[-69.624992,49.407719],[-69.62513,49.407707],[-69.625267,49.407711],[-69.625336,49.4077],[-69.625679,49.407703],[-69.625885,49.407723],[-69.627274,49.407913],[-69.627441,49.407951],[-69.627525,49.407978],[-69.627838,49.40818],[-69.627998,49.408272],[-69.628357,49.408398],[-69.628464,49.408443],[-69.628586,49.408482],[-69.628891,49.408611],[-69.628998,49.408672],[-69.629204,49.408817],[-69.629425,49.408909],[-69.629501,49.408955],[-69.629845,49.409119],[-69.629929,49.409149],[-69.630104,49.409195],[-69.630394,49.409359],[-69.630539,49.409404],[-69.631226,49.409859],[-69.631294,49.409985],[-69.631348,49.410023],[-69.631455,49.410076],[-69.631538,49.410103],[-69.631607,49.41016],[-69.631699,49.41032],[-69.631981,49.410503],[-69.632103,49.410648],[-69.632202,49.410728],[-69.63234,49.41082],[-69.632652,49.411083],[-69.632797,49.411194],[-69.632851,49.411247],[-69.632904,49.4114],[-69.632904,49.411579],[-69.632973,49.411678],[-69.633026,49.411709],[-69.633148,49.411755],[-69.633652,49.411919],[-69.633957,49.411976],[-69.634079,49.41201],[-69.634186,49.412067],[-69.634256,49.412094],[-69.634659,49.412231],[-69.635315,49.412533],[-69.635475,49.412571],[-69.635544,49.412598],[-69.635666,49.412708],[-69.635788,49.412781],[-69.635841,49.412788],[-69.636063,49.412891],[-69.636421,49.41309],[-69.636482,49.413136],[-69.636704,49.413326],[-69.636841,49.413464],[-69.636963,49.413536],[-69.637161,49.413734],[-69.637245,49.41378],[-69.637436,49.413925],[-69.637474,49.413971],[-69.637535,49.414017],[-69.637665,49.414177],[-69.637886,49.414352],[-69.63829,49.414913],[-69.638397,49.415028],[-69.638466,49.415131],[-69.638557,49.415298],[-69.638611,49.415371],[-69.639069,49.415863],[-69.639236,49.415981],[-69.639366,49.416126],[-69.639679,49.416332],[-69.639938,49.416534],[-69.640129,49.416725],[-69.64032,49.416885],[-69.640526,49.417023],[-69.640686,49.417206],[-69.640892,49.417412],[-69.641014,49.417511],[-69.641228,49.417667],[-69.641586,49.41787],[-69.641708,49.417923],[-69.64183,49.417961],[-69.641952,49.418007],[-69.642258,49.41806],[-69.642654,49.418072],[-69.642944,49.41811],[-69.643234,49.418186],[-69.643539,49.418243],[-69.643837,49.418335],[-69.644043,49.418362],[-69.644127,49.418381],[-69.644279,49.418453],[-69.644417,49.418484],[-69.644905,49.418667],[-69.645027,49.41872],[-69.645401,49.418938],[-69.645538,49.419067],[-69.645615,49.419174],[-69.645653,49.419247],[-69.645821,49.419456],[-69.646019,49.419609],[-69.646088,49.419636],[-69.64653,49.419693],[-69.646683,49.419758],[-69.646759,49.419777],[-69.647324,49.419834],[-69.647522,49.419865],[-69.647972,49.419964],[-69.648209,49.420002],[-69.648521,49.420025],[-69.648964,49.420025],[-69.649101,49.420017],[-69.649239,49.420002],[-69.64946,49.419834],[-69.649559,49.419781],[-69.649712,49.419682],[-69.64991,49.419521],[-69.650078,49.41935],[-69.650124,49.419262],[-69.650375,49.418983],[-69.650475,49.418877],[-69.650528,49.418804],[-69.650597,49.418682],[-69.650696,49.418591],[-69.650726,49.418537],[-69.650742,49.418484],[-69.650826,49.418331],[-69.651009,49.418137],[-69.651123,49.418037],[-69.651192,49.417992],[-69.651291,49.417896],[-69.65136,49.417805],[-69.651474,49.417698],[-69.651527,49.417625],[-69.651711,49.417458],[-69.651863,49.417358],[-69.652069,49.417271],[-69.652184,49.41721],[-69.652268,49.41711],[-69.652313,49.417019],[-69.652588,49.416752],[-69.652672,49.416656],[-69.652733,49.416573],[-69.652771,49.416485],[-69.652817,49.416431],[-69.652969,49.416287],[-69.653122,49.416206]]},"properties":{"ROAD_NAME":null,"ClsRte":null,"Cls_CheFor":"04","CarRte":"OUI","CaractRte":null}},{"type":"Feature","geometry":{"type":"LineString","coordinates":[[-69.570587,49.347591],[-69.57079,49.347782],[-69.570874,49.347854],[-69.570966,49.347961],[-69.571004,49.347988],[-69.571103,49.348118],[-69.571286,49.348324],[-69.571332,49.348362],[-69.57137,49.348415],[-69.571423,49.348461],[-69.571545,49.348541],[-69.57182,49.348789],[-69.57198,49.348923],[-69.572133,49.349033],[-69.572194,49.349098],[-69.572237,49.349124],[-69.572265,49.34915],[-69.572331,49.349216],[-69.572359,49.349238],[-69.57242,49.349292],[-69.572515,49.349378],[-69.572588,49.349451],[-69.572618,49.349478],[-69.572637,49.349499],[-69.572699,49.349568],[-69.57278,49.349659],[-69.572861,49.34974],[-69.572942,49.349822],[-69.572979,49.349862],[-69.573044,49.349929],[-69.573085,49.349968],[-69.57319,49.350071],[-69.573212,49.3501],[-69.573296,49.350171],[-69.573417,49.350277],[-69.573472,49.350324],[-69.573545,49.350385],[-69.573605,49.350436],[-69.573618,49.350448],[-69.573708,49.350525],[-69.573875,49.35063],[-69.573971,49.350711],[-69.573985,49.350721],[-69.574073,49.350807],[-69.574173,49.350898],[-69.574188,49.350911],[-69.57433,49.351011],[-69.574351,49.351025],[-69.574468,49.351104],[-69.574599,49.351195],[-69.574609,49.351202],[-69.574704,49.351275],[-69.574799,49.351348],[-69.574935,49.351439],[-69.575006,49.351486],[-69.575016,49.351493],[-69.575125,49.351566],[-69.575289,49.351657],[-69.575425,49.351739],[-69.575477,49.35177],[-69.575531,49.351803],[-69.57579,49.351932],[-69.575845,49.351954],[-69.575857,49.35196],[-69.576064,49.352059],[-69.576543,49.352315],[-69.576723,49.352418],[-69.576842,49.352515],[-69.576963,49.352642],[-69.577119,49.352792],[-69.577234,49.352887],[-69.577424,49.353023],[-69.577681,49.353178],[-69.57786,49.353297],[-69.578105,49.353424],[-69.578349,49.353534],[-69.578595,49.353635],[-69.578842,49.353772],[-69.578978,49.353872],[-69.579059,49.353936],[-69.579275,49.354117],[-69.57943,49.354284],[-69.579597,49.354454],[-69.579687,49.35456],[-69.579708,49.354586],[-69.579775,49.354692],[-69.579788,49.354715],[-69.579855,49.354797],[-69.579936,49.354898],[-69.579975,49.354947],[-69.580087,49.355088],[-69.58026,49.355307],[-69.580286,49.355339],[-69.580306,49.355359],[-69.58036,49.355412],[-69.580434,49.355484],[-69.580502,49.355566],[-69.580552,49.355611],[-69.580583,49.355638],[-69.580691,49.355747],[-69.580788,49.355834],[-69.580813,49.355856],[-69.580882,49.355923],[-69.580905,49.355965],[-69.58094,49.356032],[-69.580968,49.356087],[-69.581,49.35615],[-69.581037,49.356242],[-69.581053,49.356281],[-69.581076,49.356377],[-69.581085,49.356411],[-69.581089,49.35642],[-69.581141,49.356535],[-69.581182,49.356629],[-69.581197,49.356664],[-69.581203,49.356672],[-69.581283,49.356768],[-69.58129,49.356777],[-69.581357,49.356858],[-69.581438,49.35694],[-69.581534,49.35704],[-69.581615,49.357112],[-69.58171,49.357185],[-69.581805,49.357258],[-69.5819,49.35733],[-69.581962,49.357382],[-69.582009,49.357421],[-69.58212,49.357535],[-69.582218,49.357661],[-69.582305,49.357774],[-69.582358,49.357864],[-69.582379,49.3579],[-69.582412,49.357955],[-69.582492,49.358095],[-69.5825,49.358112],[-69.582538,49.358194],[-69.582571,49.358307],[-69.5826,49.358371],[-69.582634,49.358445],[-69.582638,49.358461],[-69.582665,49.358567],[-69.582671,49.358806],[-69.582663,49.358869],[-69.582629,49.359022],[-69.582588,49.359166],[-69.582539,49.359278],[-69.582496,49.359358],[-69.582453,49.359457],[-69.582424,49.359556],[-69.582394,49.359654],[-69.582353,49.359812],[-69.582333,49.35996],[-69.582317,49.360076],[-69.582315,49.360202],[-69.582312,49.360362],[-69.582324,49.360463],[-69.582322,49.360558],[-69.582334,49.360657],[-69.582346,49.360747],[-69.582352,49.360793],[-69.582358,49.360837],[-69.58237,49.360967],[-69.582381,49.361098],[-69.582405,49.361214],[-69.582402,49.361367],[-69.5824,49.361493],[-69.582391,49.361579],[-69.582354,49.361722],[-69.582298,49.361842],[-69.582268,49.361952],[-69.582253,49.362008],[-69.582231,49.362117],[-69.582212,49.362229],[-69.582192,49.362369],[-69.58219,49.362476],[-69.582188,49.362584],[-69.582186,49.362683],[-69.582184,49.3628],[-69.582195,49.362908],[-69.582192,49.363016],[-69.582191,49.363124],[-69.582189,49.363257],[-69.58219,49.363398],[-69.582196,49.363441],[-69.582205,49.363515],[-69.582224,49.363628],[-69.582236,49.363709],[-69.582262,49.363799],[-69.582288,49.363889],[-69.58234,49.363984],[-69.582406,49.364115],[-69.582478,49.364227],[-69.582569,49.364323],[-69.582651,49.364418],[-69.582719,49.364465],[-69.582929,49.364568],[-69.582974,49.364586],[-69.583032,49.364612],[-69.583074,49.364628],[-69.583112,49.364639],[-69.583496,49.364735]]},"properties":{"ROAD_NAME":null,"ClsRte":null,"Cls_CheFor":"04","CarRte":"OUI","CaractRte":null}},{"type":"Feature","geometry":{"type":"LineString","coordinates":[[-69.629242,49.400925],[-69.628952,49.400524],[-69.628777,49.400372],[-69.628731,49.400318],[-69.628677,49.400166],[-69.628685,49.400002],[-69.628716,49.39983],[-69.628799,49.399635],[-69.628983,49.399296],[-69.629166,49.399025],[-69.629463,49.398724],[-69.629517,49.398651],[-69.629547,49.39856],[-69.629608,49.398266],[-69.629616,49.397923],[-69.629593,49.397724],[-69.629364,49.397202],[-69.629356,49.397148],[-69.62925,49.396931],[-69.629211,49.396797],[-69.629166,49.396725],[-69.629089,49.396633],[-69.628883,49.396462],[-69.628693,49.396263],[-69.628571,49.396118],[-69.628357,49.395916],[-69.628303,49.395855],[-69.628288,49.395817],[-69.628044,49.395447],[-69.627983,49.395313],[-69.62793,49.395142],[-69.627892,49.395069],[-69.627594,49.39468]]},"properties":{"ROAD_NAME":null,"ClsRte":null,"Cls_CheFor":"NC","CarRte":"NON","CaractRte":null}},{"type":"Feature","geometry":{"type":"LineString","coordinates":[[-69.652367,49.460869],[-69.652451,49.460842],[-69.652534,49.460789],[-69.652588,49.460743],[-69.652702,49.460583],[-69.652733,49.460503],[-69.652733,49.460449],[-69.652718,49.460392],[-69.652588,49.46006],[-69.652527,49.459854],[-69.652443,49.459736],[-69.65242,49.459656],[-69.652405,49.459393],[-69.652382,49.459278],[-69.652359,49.459042],[-69.652344,49.458988],[-69.652367,49.458729],[-69.652405,49.457909],[-69.652466,49.457741],[-69.652412,49.457272]]},"properties":{"ROAD_NAME":null,"ClsRte":null,"Cls_CheFor":"NC","CarRte":"NON","CaractRte":null}},{"type":"Feature","geometry":{"type":"LineString","coordinates":[[-69.610161,49.366024],[-69.610107,49.365906],[-69.60997,49.365795],[-69.609863,49.365749],[-69.60952,49.365684]]},"properties":{"ROAD_NAME":null,"ClsRte":null,"Cls_CheFor":"NC","CarRte":"NON","CaractRte":null}},{"type":"Feature","geometry":{"type":"LineString","coordinates":[[-69.579399,49.344753],[-69.57933,49.344658],[-69.579315,49.34462],[-69.579071,49.344276],[-69.578979,49.344124],[-69.578888,49.343933],[-69.578857,49.343899],[-69.57885,49.343853],[-69.578766,49.343674]]},"properties":{"ROAD_NAME":null,"ClsRte":null,"Cls_CheFor":"04","CarRte":"OUI","CaractRte":null}},{"type":"Feature","geometry":{"type":"LineString","coordinates":[[-69.596086,49.40879],[-69.596146,49.408752],[-69.596405,49.40855],[-69.59655,49.408405],[-69.596657,49.408337],[-69.597259,49.408024],[-69.597801,49.407715],[-69.598053,49.407547],[-69.598289,49.407276],[-69.598534,49.406921],[-69.598663,49.406616],[-69.598831,49.406391],[-69.598877,49.406277],[-69.599091,49.405979],[-69.599274,49.405693],[-69.599328,49.405531],[-69.599327,49.405495],[-69.599419,49.405289],[-69.599503,49.405056],[-69.599503,49.404949],[-69.599564,49.404804],[-69.599731,49.404636],[-69.599936,49.404511],[-69.599983,49.404476],[-69.600037,49.404404],[-69.600166,49.404316],[-69.60022,49.404289],[-69.600342,49.404263],[-69.600525,49.40424],[-69.600708,49.404186],[-69.601082,49.40406],[-69.601166,49.404026],[-69.601402,49.403892],[-69.601563,49.403832],[-69.602081,49.403656],[-69.602455,49.403496],[-69.602699,49.403435],[-69.602829,49.403393],[-69.60305,49.403294],[-69.603271,49.403179],[-69.603508,49.403091],[-69.603607,49.403038],[-69.603745,49.402912],[-69.603828,49.402805],[-69.603897,49.402752],[-69.603912,49.402698],[-69.604073,49.402477],[-69.604126,49.402386],[-69.604141,49.402325],[-69.604157,49.40173]]},"properties":{"ROAD_NAME":null,"ClsRte":null,"Cls_CheFor":"04","CarRte":"OUI","CaractRte":null}},{"type":"Feature","geometry":{"type":"LineString","coordinates":[[-69.591606,49.413467],[-69.591621,49.413395],[-69.591721,49.413277],[-69.591972,49.413036],[-69.592194,49.412842],[-69.592209,49.412788],[-69.592476,49.412403],[-69.592758,49.412098],[-69.592842,49.412037],[-69.592957,49.41193],[-69.592987,49.411884],[-69.593056,49.411716],[-69.593101,49.411652],[-69.593155,49.411598],[-69.593239,49.411472],[-69.593521,49.411251],[-69.593758,49.411083],[-69.593872,49.410992],[-69.593956,49.410912],[-69.594109,49.410671],[-69.594238,49.410591],[-69.594277,49.410556],[-69.594376,49.410484],[-69.59449,49.410378],[-69.594528,49.410305],[-69.594673,49.410137],[-69.594841,49.409966],[-69.595077,49.409779],[-69.595177,49.409672],[-69.595192,49.409637],[-69.595329,49.409512],[-69.59568,49.409225],[-69.595764,49.409145],[-69.595917,49.408951],[-69.596086,49.40879]]},"properties":{"ROAD_NAME":null,"ClsRte":null,"Cls_CheFor":"NC","CarRte":"NON","CaractRte":null}},{"type":"Feature","geometry":{"type":"LineString","coordinates":[[-69.660484,49.413589],[-69.660515,49.413475],[-69.660522,49.412945],[-69.660515,49.41264],[-69.66053,49.41254],[-69.660591,49.412342],[-69.660622,49.412163],[-69.660622,49.41209],[-69.660652,49.412003],[-69.660835,49.411606],[-69.660912,49.411499],[-69.661346,49.410999],[-69.661468,49.410828],[-69.661919,49.410481],[-69.662125,49.410393],[-69.662239,49.410385],[-69.662476,49.410343],[-69.662628,49.41029],[-69.662682,49.410263],[-69.662819,49.410164],[-69.662918,49.410065],[-69.663017,49.409996],[-69.663109,49.40995],[-69.663406,49.409855],[-69.66365,49.409767],[-69.664001,49.409508],[-69.664185,49.409321],[-69.664299,49.409176],[-69.664467,49.408989],[-69.664536,49.408882],[-69.664665,49.408512],[-69.664673,49.408054],[-69.664688,49.40794],[-69.664719,49.407814],[-69.664764,49.407696],[-69.664795,49.407524],[-69.664795,49.407425],[-69.664825,49.407238],[-69.664887,49.407051],[-69.664833,49.406609],[-69.664848,49.406548],[-69.664978,49.406216],[-69.665024,49.406116],[-69.665138,49.405937],[-69.665184,49.405785],[-69.665321,49.405552],[-69.665382,49.405479],[-69.665451,49.405418],[-69.665489,49.405338],[-69.66552,49.405247],[-69.665565,49.405003],[-69.665573,49.404644],[-69.665558,49.404511],[-69.665573,49.404472],[-69.665993,49.404278],[-69.666397,49.404148],[-69.666519,49.404102],[-69.66674,49.404007],[-69.666939,49.4039],[-69.667114,49.403767],[-69.667191,49.403694],[-69.667244,49.403622],[-69.667305,49.403397],[-69.667305,49.403172],[-69.667267,49.402905],[-69.667191,49.402695],[-69.66716,49.40266],[-69.667099,49.402535],[-69.667099,49.402489],[-69.66703,49.402264],[-69.667023,49.402157],[-69.66703,49.401661],[-69.667053,49.401192],[-69.667023,49.401058],[-69.667,49.401005],[-69.666771,49.400723],[-69.666298,49.400253],[-69.665901,49.39988],[-69.665603,49.399555],[-69.665604,49.399464],[-69.665565,49.39933],[-69.665421,49.398968],[-69.665405,49.398907],[-69.665512,49.398457],[-69.665543,49.39819],[-69.665535,49.398098],[-69.665466,49.397953],[-69.665451,49.397873],[-69.665474,49.39764],[-69.665527,49.397434],[-69.665543,49.397297],[-69.665466,49.397152],[-69.665443,49.396965],[-69.665375,49.396729],[-69.665352,49.396568],[-69.665298,49.39645],[-69.665108,49.396313],[-69.665108,49.396152],[-69.665069,49.396034],[-69.664978,49.395836],[-69.664833,49.395637],[-69.664627,49.39542],[-69.664223,49.395065],[-69.664116,49.394905],[-69.664047,49.394733],[-69.663994,49.394543]]},"properties":{"ROAD_NAME":null,"ClsRte":null,"Cls_CheFor":"NC","CarRte":"NON","CaractRte":null}},{"type":"Feature","geometry":{"type":"LineString","coordinates":[[-69.691885,49.430482],[-69.69179,49.430322],[-69.69167,49.430178],[-69.691552,49.430049],[-69.691427,49.429918],[-69.69128,49.429799],[-69.691103,49.429696],[-69.690946,49.429608],[-69.690851,49.429522],[-69.690836,49.429507],[-69.69074,49.429413],[-69.690634,49.42931],[-69.690567,49.429217]]},"properties":{"ROAD_NAME":null,"ClsRte":null,"Cls_CheFor":"04","CarRte":"OUI","CaractRte":null}},{"type":"Feature","geometry":{"type":"LineString","coordinates":[[-69.586176,49.363304],[-69.584565,49.364097]]},"properties":{"ROAD_NAME":null,"ClsRte":null,"Cls_CheFor":"02","CarRte":"OUI","CaractRte":"Pont"}},{"type":"Feature","geometry":{"type":"LineString","coordinates":[[-69.610136,49.394813],[-69.61013,49.395157]]},"properties":{"ROAD_NAME":null,"ClsRte":null,"Cls_CheFor":"02","CarRte":"OUI","CaractRte":"Pont"}}]}