{"type":"FeatureCollection","name":"Freshwater Atlas lakes and rivers (BC)","features":[{"type":"Feature","geometry":{"type":"Polygon","coordinates":[[[-136.786882,59.883256],[-136.786561,59.883279],[-136.786291,59.883256],[-136.786005,59.883215],[-136.785719,59.883219],[-136.785358,59.883196],[-136.785034,59.883146],[-136.784727,59.883079],[-136.784349,59.883012],[-136.784077,59.882971],[-136.78379,59.882921],[-136.783465,59.882871],[-136.783212,59.882822],[-136.78294,59.882735],[-136.782685,59.882631],[-136.782428,59.882535],[-136.781971,59.882335],[-136.781916,59.882282],[-136.781914,59.882246],[-136.782105,59.882145],[-136.782373,59.882149],[-136.782679,59.882209],[-136.782934,59.882278],[-136.783257,59.882336],[-136.7836,59.882376],[-136.783871,59.882453],[-136.78411,59.882567],[-136.784363,59.882635],[-136.784725,59.882666],[-136.785009,59.882671],[-136.785299,59.88272],[-136.785552,59.882789],[-136.785857,59.882795],[-136.786143,59.882836],[-136.786347,59.88294],[-136.786655,59.883017],[-136.78689,59.883104],[-136.786949,59.883183],[-136.786915,59.883229],[-136.786882,59.883256]]]},"properties":{"WATERBODY_TYPE":"Lake","OFFICIAL_NAME_LABEL":null,"PERMANENCY":"Permanent"}},{"type":"Feature","geometry":{"type":"Polygon","coordinates":[[[-136.840094,59.985719],[-136.839921,59.985708],[-136.839578,59.985658],[-136.839379,59.985617],[-136.838925,59.985524],[-136.838635,59.985439],[-136.838339,59.985316],[-136.838066,59.985212],[-136.837934,59.985124],[-136.837934,59.985098],[-136.838273,59.985084],[-136.83856,59.98508],[-136.838612,59.985043],[-136.838608,59.984972],[-136.838622,59.984882],[-136.838664,59.98471],[-136.838732,59.984647],[-136.838786,59.984628],[-136.838856,59.984618],[-136.839202,59.984667],[-136.839491,59.984744],[-136.839854,59.984792],[-136.84016,59.984851],[-136.840452,59.984946],[-136.840622,59.98506],[-136.840701,59.985202],[-136.840834,59.985363],[-136.840879,59.985551],[-136.840693,59.985706],[-136.840604,59.985744],[-136.840551,59.985752],[-136.840263,59.985729],[-136.840094,59.985719]]]},"properties":{"WATERBODY_TYPE":"Lake","OFFICIAL_NAME_LABEL":null,"PERMANENCY":"Permanent"}},{"type":"Feature","geometry":{"type":"Polygon","coordinates":[[[-136.808116,59.969146],[-136.807794,59.969159],[-136.807738,59.96915],[-136.807717,59.969096],[-136.807716,59.96907],[-136.807677,59.968989],[-136.807439,59.968894],[-136.807181,59.968771],[-136.806998,59.96872],[-136.806871,59.968669],[-136.806683,59.968518],[-136.806728,59.968347],[-136.806756,59.968211],[-136.806782,59.968049],[-136.806936,59.967922],[-136.807108,59.967784],[-136.807355,59.967673],[-136.807514,59.967626],[-136.807856,59.967649],[-136.807965,59.967702],[-136.808073,59.967744],[-136.808278,59.967867],[-136.808448,59.968009],[-136.808437,59.968162],[-136.808375,59.968315],[-136.808346,59.968459],[-136.808336,59.968622],[-136.808383,59.9688],[-136.808426,59.968952],[-136.808431,59.969033],[-136.808291,59.969089],[-136.808116,59.969146]]]},"properties":{"WATERBODY_TYPE":"Lake","OFFICIAL_NAME_LABEL":null,"PERMANENCY":"Permanent"}},{"type":"Feature","geometry":{"type":"Polygon","coordinates":[[[-136.839457,59.978286],[-136.83921,59.978397],[-136.839041,59.978534],[-136.838813,59.978664],[-136.83855,59.978775],[-136.838284,59.978833],[-136.837982,59.978828],[-136.837567,59.978816],[-136.83733,59.978746],[-136.83709,59.978634],[-136.836886,59.978493],[-136.836735,59.978325],[-136.836745,59.978234],[-136.836989,59.978095],[-136.837327,59.978029],[-136.837613,59.978016],[-136.837899,59.978011],[-136.838185,59.978017],[-136.838546,59.978011],[-136.838884,59.977989],[-136.839188,59.977984],[-136.83944,59.978017],[-136.839714,59.978086],[-136.839842,59.978147],[-136.839862,59.978191],[-136.839756,59.978228],[-136.839457,59.978286]]]},"properties":{"WATERBODY_TYPE":"Lake","OFFICIAL_NAME_LABEL":null,"PERMANENCY":"Permanent"}},{"type":"Feature","geometry":{"type":"Polygon","coordinates":[[[-136.813256,59.944205],[-136.812933,59.944209],[-136.812843,59.944174],[-136.812798,59.944031],[-136.812773,59.943887],[-136.812762,59.943718],[-136.812754,59.943574],[-136.812712,59.94343],[-136.812723,59.943296],[-136.81273,59.943115],[-136.81272,59.942955],[-136.812641,59.942785],[-136.812674,59.94274],[-136.812781,59.94273],[-136.813052,59.942779],[-136.813255,59.942875],[-136.813562,59.942935],[-136.813852,59.943002],[-136.814002,59.943144],[-136.814046,59.943305],[-136.81411,59.943466],[-136.814227,59.943634],[-136.81427,59.943786],[-136.814299,59.943966],[-136.814195,59.944038],[-136.813893,59.944097],[-136.813557,59.944155],[-136.813256,59.944205]]]},"properties":{"WATERBODY_TYPE":"Lake","OFFICIAL_NAME_LABEL":null,"PERMANENCY":"Permanent"}},{"type":"Feature","geometry":{"type":"Polygon","coordinates":[[[-136.836406,59.980475],[-136.836753,59.980596],[-136.836885,59.980729],[-136.836804,59.980893],[-136.836685,59.981019],[-136.836462,59.981185],[-136.836044,59.981414],[-136.83587,59.981479],[-136.835726,59.981464],[-136.835471,59.981387],[-136.835126,59.98132],[-136.834887,59.981242],[-136.834635,59.981183],[-136.834345,59.981169],[-136.834255,59.981152],[-136.834035,59.981065],[-136.833958,59.980941],[-136.83404,59.980804],[-136.834211,59.980686],[-136.834513,59.980619],[-136.834656,59.980625],[-136.83486,59.980722],[-136.835099,59.980826],[-136.835368,59.98084],[-136.835685,59.980764],[-136.835737,59.980727],[-136.835801,59.980565],[-136.835934,59.980393],[-136.83604,59.980354],[-136.83613,59.980353],[-136.836406,59.980475]]]},"properties":{"WATERBODY_TYPE":"Lake","OFFICIAL_NAME_LABEL":null,"PERMANENCY":"Permanent"}},{"type":"Feature","geometry":{"type":"Polygon","coordinates":[[[-136.563748,59.992312],[-136.563605,59.99235],[-136.563427,59.99236],[-136.563245,59.992318],[-136.562842,59.992152],[-136.562582,59.991967],[-136.562398,59.991843],[-136.561993,59.991641],[-136.561845,59.991526],[-136.561715,59.991402],[-136.561688,59.991259],[-136.561758,59.991204],[-136.561955,59.991184],[-136.562165,59.991091],[-136.562273,59.991063],[-136.5626,59.991177],[-136.562688,59.99113],[-136.56272,59.99104],[-136.562772,59.991003],[-136.563212,59.990836],[-136.563259,59.990737],[-136.563094,59.990604],[-136.562941,59.990453],[-136.562897,59.990292],[-136.562912,59.990203],[-136.563,59.990184],[-136.563092,59.990191],[-136.563145,59.990227],[-136.56319,59.990396],[-136.563322,59.990522],[-136.563559,59.990634],[-136.563867,59.990686],[-136.564107,59.990799],[-136.564143,59.990835],[-136.564114,59.990987],[-136.563904,59.99108],[-136.56364,59.9912],[-136.563412,59.991311],[-136.563184,59.99142],[-136.562745,59.991597],[-136.562698,59.991759],[-136.562885,59.991892],[-136.563289,59.992111],[-136.563559,59.992125],[-136.563708,59.992241],[-136.563763,59.992249],[-136.563764,59.992285],[-136.563748,59.992312]]]},"properties":{"WATERBODY_TYPE":"Lake","OFFICIAL_NAME_LABEL":null,"PERMANENCY":"Permanent"}},{"type":"Feature","geometry":{"type":"Polygon","coordinates":[[[-136.887317,59.928714],[-136.887192,59.928715],[-136.88697,59.928611],[-136.88659,59.928527],[-136.88642,59.928385],[-136.886409,59.928197],[-136.886259,59.928056],[-136.88604,59.927969],[-136.885767,59.927884],[-136.885705,59.92774],[-136.885569,59.927599],[-136.885402,59.927456],[-136.885127,59.927335],[-136.885064,59.927201],[-136.885037,59.927049],[-136.885117,59.926877],[-136.885128,59.926733],[-136.885109,59.926716],[-136.885031,59.9266],[-136.884844,59.926459],[-136.884656,59.926327],[-136.884419,59.926231],[-136.884182,59.926145],[-136.88391,59.926086],[-136.883671,59.925999],[-136.883524,59.925875],[-136.883336,59.925771],[-136.883169,59.925629],[-136.883018,59.925497],[-136.882885,59.925356],[-136.882682,59.925259],[-136.882515,59.925136],[-136.882431,59.924958],[-136.882353,59.924797],[-136.882199,59.924646],[-136.881978,59.924505],[-136.881845,59.924381],[-136.88173,59.924268],[-136.881669,59.924107],[-136.881572,59.923956],[-136.881474,59.923822],[-136.881497,59.923615],[-136.881472,59.923471],[-136.881358,59.923339],[-136.881171,59.923215],[-136.881002,59.923101],[-136.880978,59.92294],[-136.880914,59.922806],[-136.880747,59.922664],[-136.880542,59.92255],[-136.880496,59.922362],[-136.880599,59.922298],[-136.880592,59.922145],[-136.880511,59.921984],[-136.880525,59.92194],[-136.880732,59.921811],[-136.880766,59.921721],[-136.880815,59.921684],[-136.880885,59.921638],[-136.881242,59.921633],[-136.881585,59.921664],[-136.88175,59.921769],[-136.882007,59.921865],[-136.882298,59.92196],[-136.882518,59.922056],[-136.882756,59.922133],[-136.883025,59.922165],[-136.883197,59.922323],[-136.883398,59.922429],[-136.883506,59.922446],[-136.883563,59.922472],[-136.883732,59.922604],[-136.883987,59.922727],[-136.884104,59.922877],[-136.884218,59.92301],[-136.884351,59.923152],[-136.884433,59.923295],[-136.884353,59.923503],[-136.884376,59.923547],[-136.884612,59.923634],[-136.884901,59.923674],[-136.884993,59.923718],[-136.885138,59.923788],[-136.885411,59.923873],[-136.88567,59.923977],[-136.885908,59.924081],[-136.886112,59.924222],[-136.886263,59.924354],[-136.88661,59.924458],[-136.886776,59.924572],[-136.886962,59.924713],[-136.887131,59.924846],[-136.887302,59.924995],[-136.887556,59.925091],[-136.887622,59.92526],[-136.887826,59.925384],[-136.888098,59.925487],[-136.888215,59.925612],[-136.888312,59.925763],[-136.888371,59.925888],[-136.888433,59.926031],[-136.888532,59.926173],[-136.888594,59.926343],[-136.888638,59.926476],[-136.888663,59.92662],[-136.888801,59.926842],[-136.888928,59.926858],[-136.889,59.926885],[-136.888986,59.926948],[-136.888887,59.927102],[-136.888772,59.927238],[-136.888689,59.927384],[-136.888538,59.927529],[-136.888419,59.927656],[-136.888146,59.927885],[-136.888028,59.928022],[-136.887891,59.928148],[-136.887739,59.928285],[-136.887658,59.928422],[-136.887558,59.928567],[-136.887403,59.928658],[-136.887317,59.928714]]]},"properties":{"WATERBODY_TYPE":"Lake","OFFICIAL_NAME_LABEL":null,"PERMANENCY":"Permanent"}},{"type":"Feature","geometry":{"type":"Polygon","coordinates":[[[-136.739067,59.893606],[-136.738933,59.893751],[-136.738795,59.893869],[-136.738606,59.894016],[-136.738415,59.894117],[-136.738167,59.894201],[-136.737885,59.894258],[-136.737565,59.894289],[-136.737279,59.894294],[-136.737011,59.894261],[-136.736702,59.894202],[-136.736413,59.894116],[-136.736176,59.894039],[-136.735939,59.89396],[-136.735632,59.893893],[-136.735345,59.893844],[-136.73498,59.89375],[-136.734727,59.89368],[-136.73451,59.893603],[-136.734235,59.893499],[-136.734015,59.893375],[-136.733646,59.893156],[-136.73346,59.893033],[-136.733313,59.892926],[-136.733107,59.892785],[-136.732922,59.892671],[-136.73263,59.89254],[-136.732374,59.892426],[-136.732152,59.892313],[-136.731914,59.892181],[-136.731658,59.892068],[-136.729497,59.891072],[-136.729444,59.891055],[-136.729223,59.890968],[-136.728967,59.890856],[-136.728713,59.89076],[-136.728476,59.890655],[-136.72822,59.890542],[-136.728017,59.890418],[-136.727795,59.890287],[-136.727445,59.890121],[-136.727318,59.890041],[-136.727166,59.889891],[-136.727158,59.889748],[-136.727186,59.889585],[-136.727195,59.889414],[-136.727298,59.889305],[-136.727562,59.889239],[-136.727828,59.889235],[-136.728207,59.889266],[-136.728547,59.889307],[-136.728889,59.889366],[-136.729216,59.889433],[-136.729505,59.889491],[-136.72981,59.889551],[-136.7301,59.889619],[-136.730283,59.889671],[-136.730628,59.889773],[-136.730883,59.889879],[-136.731139,59.889991],[-136.73158,59.8902],[-136.731852,59.890306],[-136.732307,59.89047],[-136.732581,59.890592],[-136.733021,59.890766],[-136.733275,59.890861],[-136.733566,59.890965],[-136.733803,59.891044],[-136.734076,59.891129],[-136.734365,59.891197],[-136.734602,59.891293],[-136.734858,59.891388],[-136.735094,59.891475],[-136.735481,59.891659],[-136.735717,59.891754],[-136.736025,59.891804],[-136.736297,59.891891],[-136.736553,59.892003],[-136.73679,59.892099],[-136.737249,59.892318],[-136.737449,59.892414],[-136.737669,59.892538],[-136.737889,59.892633],[-136.738145,59.892728],[-136.738454,59.892814],[-136.738759,59.892864],[-136.739015,59.892932],[-136.739268,59.893],[-136.739524,59.893096],[-136.739529,59.893196],[-136.73953,59.893248],[-136.739395,59.893368],[-136.739222,59.893486],[-136.739119,59.893569],[-136.739067,59.893606]]]},"properties":{"WATERBODY_TYPE":"Lake","OFFICIAL_NAME_LABEL":null,"PERMANENCY":"Permanent"}},{"type":"Feature","geometry":{"type":"Polygon","coordinates":[[[-136.613168,59.97345],[-136.613139,59.973558],[-136.613415,59.973708],[-136.613546,59.973841],[-136.61375,59.973991],[-136.61377,59.974035],[-136.613653,59.974163],[-136.613215,59.974393],[-136.612886,59.97462],[-136.612693,59.974713],[-136.61241,59.97477],[-136.612319,59.974771],[-136.612092,59.974864],[-136.611936,59.975001],[-136.611866,59.975029],[-136.611599,59.975078],[-136.611335,59.975152],[-136.611052,59.975254],[-136.610786,59.975311],[-136.610499,59.975315],[-136.610213,59.9753],[-136.609908,59.975295],[-136.609602,59.97529],[-136.609228,59.975277],[-136.608903,59.975271],[-136.608582,59.975257],[-136.60822,59.975234],[-136.607896,59.975194],[-136.607606,59.975126],[-136.607314,59.975022],[-136.607046,59.975042],[-136.607028,59.975033],[-136.606991,59.975016],[-136.606991,59.974971],[-136.607036,59.97481],[-136.606974,59.974639],[-136.606877,59.974479],[-136.606887,59.974317],[-136.606988,59.974172],[-136.607178,59.974054],[-136.607405,59.973943],[-136.60756,59.973797],[-136.607715,59.973652],[-136.607925,59.973559],[-136.608115,59.97344],[-136.608401,59.973383],[-136.60872,59.973343],[-136.609006,59.97333],[-136.609294,59.973354],[-136.609636,59.973386],[-136.609891,59.973437],[-136.610176,59.973441],[-136.610353,59.973404],[-136.610641,59.97341],[-136.610908,59.973379],[-136.611194,59.973322],[-136.611512,59.9733],[-136.611761,59.973243],[-136.612082,59.973168],[-136.61249,59.973108],[-136.612762,59.973168],[-136.612931,59.973309],[-136.613058,59.97337],[-136.613168,59.97345]]]},"properties":{"WATERBODY_TYPE":"Lake","OFFICIAL_NAME_LABEL":null,"PERMANENCY":"Permanent"}},{"type":"Feature","geometry":{"type":"MultiPolygon","coordinates":[[[[-136.666431,59.991452],[-136.666733,59.991456],[-136.666988,59.991534],[-136.667316,59.99162],[-136.667661,59.991714],[-136.667865,59.991811],[-136.668234,59.992021],[-136.668542,59.99209],[-136.668795,59.99215],[-136.669082,59.992172],[-136.669351,59.99216],[-136.669638,59.992174],[-136.669963,59.992197],[-136.670286,59.992229],[-136.670557,59.992235],[-136.670716,59.992188],[-136.670958,59.992058],[-136.671204,59.99193],[-136.671237,59.991885],[-136.671219,59.991849],[-136.671163,59.991841],[-136.671093,59.991851],[-136.67095,59.991888],[-136.670704,59.991963],[-136.670401,59.991976],[-136.670074,59.991917],[-136.669801,59.991813],[-136.66949,59.991718],[-136.669035,59.991553],[-136.668767,59.991593],[-136.66839,59.991606],[-136.668068,59.991583],[-136.667795,59.991497],[-136.667592,59.991383],[-136.667443,59.991268],[-136.667293,59.991144],[-136.667254,59.991081],[-136.667177,59.990975],[-136.667222,59.990795],[-136.667254,59.990758],[-136.667432,59.990703],[-136.667594,59.9907],[-136.667899,59.990724],[-136.66804,59.990694],[-136.668358,59.9906],[-136.668411,59.990592],[-136.668466,59.9906],[-136.668505,59.990634],[-136.668546,59.990751],[-136.668554,59.990922],[-136.66861,59.990956],[-136.668665,59.990965],[-136.668737,59.990973],[-136.668806,59.990955],[-136.668858,59.990918],[-136.668908,59.990818],[-136.66892,59.99072],[-136.668983,59.990547],[-136.669155,59.990384],[-136.669434,59.990272],[-136.669701,59.990197],[-136.669965,59.990086],[-136.670211,59.989985],[-136.670368,59.989902],[-136.67049,59.989837],[-136.670937,59.989814],[-136.671181,59.989694],[-136.671389,59.989566],[-136.671653,59.989455],[-136.672091,59.98927],[-136.67234,59.989194],[-136.672657,59.989119],[-136.672923,59.98906],[-136.673227,59.989058],[-136.673625,59.989098],[-136.673933,59.989164],[-136.674202,59.989197],[-136.674224,59.989233],[-136.674011,59.989254],[-136.673706,59.989276],[-136.673348,59.989307],[-136.672994,59.989365],[-136.672674,59.989424],[-136.672426,59.989481],[-136.672218,59.989609],[-136.671989,59.98971],[-136.671798,59.989821],[-136.671641,59.989948],[-136.671435,59.990094],[-136.671282,59.990267],[-136.671252,59.990412],[-136.671245,59.990573],[-136.671252,59.990735],[-136.671329,59.990868],[-136.671428,59.991012],[-136.671629,59.991116],[-136.671938,59.991165],[-136.672223,59.991171],[-136.67253,59.991185],[-136.672815,59.991146],[-136.673043,59.99108],[-136.673307,59.990987],[-136.673536,59.990912],[-136.673782,59.990792],[-136.673956,59.990683],[-136.674076,59.990556],[-136.674194,59.990411],[-136.674384,59.990255],[-136.674553,59.990092],[-136.674689,59.989955],[-136.674792,59.989828],[-136.67491,59.98971],[-136.67503,59.989582],[-136.675186,59.989464],[-136.675381,59.989434],[-136.675567,59.989489],[-136.675671,59.989521],[-136.675679,59.989664],[-136.67556,59.9898],[-136.675313,59.989892],[-136.675315,59.989929],[-136.675425,59.989963],[-136.675464,59.990026],[-136.675329,59.990163],[-136.675154,59.99029],[-136.674843,59.9905],[-136.674548,59.990703],[-136.674411,59.990829],[-136.674239,59.990975],[-136.673995,59.991086],[-136.673749,59.991188],[-136.673521,59.991272],[-136.673289,59.991355],[-136.672905,59.991549],[-136.672676,59.991624],[-136.672533,59.991625],[-136.672246,59.991584],[-136.672156,59.991594],[-136.672103,59.991623],[-136.672144,59.991738],[-136.672189,59.99189],[-136.671999,59.992064],[-136.671792,59.992228],[-136.671568,59.992365],[-136.671301,59.992459],[-136.671055,59.992516],[-136.670734,59.992564],[-136.670415,59.992604],[-136.670091,59.992591],[-136.669819,59.992531],[-136.66958,59.992426],[-136.669307,59.992368],[-136.669054,59.992325],[-136.668765,59.992293],[-136.668449,59.992377],[-136.668183,59.99248],[-136.668112,59.992481],[-136.667877,59.992403],[-136.667846,59.99217],[-136.667749,59.992019],[-136.667562,59.991895],[-136.667253,59.991818],[-136.667002,59.991768],[-136.666742,59.991635],[-136.666487,59.991559],[-136.666413,59.991487],[-136.666431,59.991452]],[[-136.669297,59.991091],[-136.669246,59.99112],[-136.6692,59.991264],[-136.669296,59.991388],[-136.66935,59.991415],[-136.669636,59.991402],[-136.669993,59.991388],[-136.670047,59.991406],[-136.670237,59.991574],[-136.670507,59.991616],[-136.670597,59.991606],[-136.670808,59.991522],[-136.671071,59.991437],[-136.671319,59.991381],[-136.671338,59.991345],[-136.6713,59.991318],[-136.671007,59.991232],[-136.67072,59.991218],[-136.670362,59.991204],[-136.670017,59.991137],[-136.66998,59.99111],[-136.669711,59.991077],[-136.669368,59.991073],[-136.669297,59.991091]]]]},"properties":{"WATERBODY_TYPE":"Lake","OFFICIAL_NAME_LABEL":null,"PERMANENCY":"Permanent"}},{"type":"Feature","geometry":{"type":"Polygon","coordinates":[[[-136.566547,59.993132],[-136.566636,59.993139],[-136.566878,59.99329],[-136.567151,59.993403],[-136.567337,59.993518],[-136.567571,59.993587],[-136.567776,59.993719],[-136.567998,59.993879],[-136.568359,59.993937],[-136.568378,59.993973],[-136.568275,59.994037],[-136.568277,59.994072],[-136.568461,59.994178],[-136.568697,59.994239],[-136.568987,59.994307],[-136.569258,59.994376],[-136.569512,59.994425],[-136.569819,59.994485],[-136.570145,59.994544],[-136.570522,59.994549],[-136.570682,59.994557],[-136.570955,59.994642],[-136.571194,59.994747],[-136.571485,59.994816],[-136.571653,59.994948],[-136.571726,59.994984],[-136.572086,59.995015],[-136.572408,59.995021],[-136.572698,59.995079],[-136.573003,59.995085],[-136.573307,59.995082],[-136.573414,59.995026],[-136.573701,59.995022],[-136.573735,59.994995],[-136.573689,59.99479],[-136.573706,59.994772],[-136.573812,59.994752],[-136.57388,59.994662],[-136.574166,59.994649],[-136.574434,59.994655],[-136.57459,59.99451],[-136.574602,59.99441],[-136.574657,59.994391],[-136.574961,59.994388],[-136.575012,59.99436],[-136.575031,59.994333],[-136.575009,59.994297],[-136.574898,59.994228],[-136.574914,59.9942],[-136.575357,59.994078],[-136.575476,59.993897],[-136.57558,59.993815],[-136.575994,59.993891],[-136.576233,59.993978],[-136.57625,59.994004],[-136.576224,59.994149],[-136.576122,59.994293],[-136.575895,59.994448],[-136.575904,59.994611],[-136.575891,59.994754],[-136.575809,59.994917],[-136.57571,59.995071],[-136.575644,59.995206],[-136.575633,59.99536],[-136.575607,59.995512],[-136.57554,59.995656],[-136.575405,59.995801],[-136.575392,59.995945],[-136.575367,59.99617],[-136.575316,59.996199],[-136.575048,59.996237],[-136.57478,59.996258],[-136.574424,59.996281],[-136.574116,59.996257],[-136.573795,59.996261],[-136.573385,59.996311],[-136.573129,59.996243],[-136.572604,59.996123],[-136.572334,59.996063],[-136.572096,59.995985],[-136.571804,59.995908],[-136.571517,59.995867],[-136.571192,59.995843],[-136.570938,59.995774],[-136.570631,59.995706],[-136.570378,59.995646],[-136.570104,59.995578],[-136.569884,59.995455],[-136.56968,59.995331],[-136.569444,59.995244],[-136.569222,59.995139],[-136.569073,59.994997],[-136.568942,59.994864],[-136.568739,59.99475],[-136.568485,59.99468],[-136.568211,59.994604],[-136.567956,59.994481],[-136.567768,59.99433],[-136.567749,59.994286],[-136.567827,59.994078],[-136.567731,59.993927],[-136.567638,59.993847],[-136.567566,59.99382],[-136.567368,59.993805],[-136.56738,59.993723],[-136.567197,59.993601],[-136.567124,59.993592],[-136.566936,59.993433],[-136.566631,59.993392],[-136.566539,59.993357],[-136.566482,59.993313],[-136.566528,59.993141],[-136.566547,59.993132]]]},"properties":{"WATERBODY_TYPE":"Lake","OFFICIAL_NAME_LABEL":null,"PERMANENCY":"Permanent"}},{"type":"Feature","geometry":{"type":"Polygon","coordinates":[[[-136.862498,59.95462],[-136.862261,59.954552],[-136.86201,59.954501],[-136.861916,59.954458],[-136.86182,59.954315],[-136.861829,59.954172],[-136.861873,59.954018],[-136.861919,59.953874],[-136.862036,59.953729],[-136.862374,59.95366],[-136.862659,59.95362],[-136.862963,59.953643],[-136.863186,59.953774],[-136.863395,59.953978],[-136.863621,59.954173],[-136.863841,59.954287],[-136.863829,59.954368],[-136.863726,59.954468],[-136.863731,59.954549],[-136.863695,59.954576],[-136.863502,59.954596],[-136.863321,59.954563],[-136.862963,59.954586],[-136.862805,59.954643],[-136.86259,59.954627],[-136.862498,59.95462]]]},"properties":{"WATERBODY_TYPE":"Lake","OFFICIAL_NAME_LABEL":null,"PERMANENCY":"Permanent"}},{"type":"Feature","geometry":{"type":"Polygon","coordinates":[[[-136.814838,59.923075],[-136.815279,59.923249],[-136.815299,59.923295],[-136.815283,59.923339],[-136.814965,59.923389],[-136.814698,59.923429],[-136.814414,59.923477],[-136.813972,59.923572],[-136.813939,59.923601],[-136.813939,59.923645],[-136.814196,59.923741],[-136.81445,59.923809],[-136.814548,59.923951],[-136.814551,59.923995],[-136.814516,59.924033],[-136.814411,59.924052],[-136.814266,59.924054],[-136.814176,59.92402],[-136.813916,59.923835],[-136.813824,59.923809],[-136.813504,59.923857],[-136.813257,59.923906],[-136.812952,59.92392],[-136.812649,59.923923],[-136.812361,59.9239],[-136.812308,59.923883],[-136.812269,59.92382],[-136.812348,59.923666],[-136.812611,59.923555],[-136.813055,59.923469],[-136.813393,59.923473],[-136.813681,59.923478],[-136.81375,59.92346],[-136.81385,59.923315],[-136.813859,59.923171],[-136.813907,59.923017],[-136.813904,59.922971],[-136.813847,59.922929],[-136.813845,59.922892],[-136.813949,59.922836],[-136.81411,59.922835],[-136.814456,59.922937],[-136.814838,59.923075]]]},"properties":{"WATERBODY_TYPE":"Lake","OFFICIAL_NAME_LABEL":null,"PERMANENCY":"Permanent"}},{"type":"Feature","geometry":{"type":"Polygon","coordinates":[[[-136.633029,59.99794],[-136.632719,59.997881],[-136.632663,59.997845],[-136.632642,59.997765],[-136.632678,59.997738],[-136.632802,59.99771],[-136.633013,59.997644],[-136.633166,59.99748],[-136.633425,59.997288],[-136.633478,59.997278],[-136.633533,59.997287],[-136.633571,59.997314],[-136.633541,59.997458],[-136.633403,59.997576],[-136.633245,59.997631],[-136.633212,59.99766],[-136.633212,59.997685],[-136.633394,59.997728],[-136.633506,59.997799],[-136.63363,59.997807],[-136.6338,59.997626],[-136.634081,59.997469],[-136.634115,59.997469],[-136.634205,59.997458],[-136.634315,59.997493],[-136.63435,59.997502],[-136.63452,59.99767],[-136.634593,59.997678],[-136.634646,59.99765],[-136.634729,59.997496],[-136.634755,59.997352],[-136.634642,59.997228],[-136.63451,59.997086],[-136.634324,59.996972],[-136.634317,59.996828],[-136.634404,59.996755],[-136.63444,59.996746],[-136.63451,59.996763],[-136.634681,59.996914],[-136.63477,59.996922],[-136.635072,59.996855],[-136.635181,59.996862],[-136.635384,59.996976],[-136.635404,59.997022],[-136.635385,59.997049],[-136.635324,59.997211],[-136.635259,59.997374],[-136.635249,59.997509],[-136.635383,59.997687],[-136.635419,59.997704],[-136.63549,59.997676],[-136.635552,59.997523],[-136.635604,59.997486],[-136.635677,59.997476],[-136.635733,59.997512],[-136.635811,59.997654],[-136.635747,59.997817],[-136.635482,59.997882],[-136.635178,59.997905],[-136.634871,59.997845],[-136.634544,59.997787],[-136.63449,59.997787],[-136.634189,59.997835],[-136.63392,59.997848],[-136.633598,59.997888],[-136.633331,59.997918],[-136.633029,59.99794]]]},"properties":{"WATERBODY_TYPE":"Lake","OFFICIAL_NAME_LABEL":null,"PERMANENCY":"Permanent"}},{"type":"Feature","geometry":{"type":"Polygon","coordinates":[[[-136.766267,59.883391],[-136.766571,59.883414],[-136.766894,59.883437],[-136.767166,59.883478],[-136.767454,59.883528],[-136.767708,59.883605],[-136.767927,59.8837],[-136.768023,59.883826],[-136.767998,59.884005],[-136.767861,59.884133],[-136.767723,59.884251],[-136.767551,59.884371],[-136.767287,59.884437],[-136.766986,59.884477],[-136.766666,59.884481],[-136.766322,59.884459],[-136.766082,59.884291],[-136.765864,59.884204],[-136.765575,59.884146],[-136.765271,59.88414],[-136.765025,59.884216],[-136.764761,59.884327],[-136.764619,59.884328],[-136.764547,59.884294],[-136.764509,59.884267],[-136.764506,59.884223],[-136.764557,59.884177],[-136.764822,59.884093],[-136.765086,59.884054],[-136.765372,59.884049],[-136.765694,59.884054],[-136.765999,59.884068],[-136.76627,59.884118],[-136.766558,59.884177],[-136.766975,59.884261],[-136.767223,59.884222],[-136.767522,59.884119],[-136.767548,59.883948],[-136.767396,59.883807],[-136.767211,59.883692],[-136.766958,59.883623],[-136.76667,59.883592],[-136.766528,59.883612],[-136.766443,59.883676],[-136.766373,59.883686],[-136.766085,59.88368],[-136.765653,59.883632],[-136.765599,59.883606],[-136.76558,59.883571],[-136.765626,59.883417],[-136.765676,59.88339],[-136.765873,59.883378],[-136.766267,59.883391]]]},"properties":{"WATERBODY_TYPE":"Lake","OFFICIAL_NAME_LABEL":null,"PERMANENCY":"Permanent"}},{"type":"Feature","geometry":{"type":"Polygon","coordinates":[[[-136.878106,59.908574],[-136.878345,59.908705],[-136.878462,59.908856],[-136.878506,59.909017],[-136.878603,59.909141],[-136.878684,59.909283],[-136.878745,59.909417],[-136.878842,59.90957],[-136.879063,59.909674],[-136.87912,59.909718],[-136.8792,59.909869],[-136.87926,59.910003],[-136.879251,59.910165],[-136.879226,59.910319],[-136.879214,59.910463],[-136.879188,59.910606],[-136.879052,59.91076],[-136.878953,59.910888],[-136.87889,59.911032],[-136.878826,59.911195],[-136.878783,59.91134],[-136.87879,59.911501],[-136.8788,59.911662],[-136.87879,59.911816],[-136.878781,59.911987],[-136.878774,59.912166],[-136.87874,59.912212],[-136.878513,59.912277],[-136.878458,59.912269],[-136.878173,59.912256],[-136.877898,59.912179],[-136.877787,59.912091],[-136.877784,59.912028],[-136.877883,59.911873],[-136.877908,59.91172],[-136.877937,59.911576],[-136.87789,59.911397],[-136.877704,59.911256],[-136.877595,59.91123],[-136.877481,59.911098],[-136.877401,59.910945],[-136.877179,59.910841],[-136.876994,59.910728],[-136.876932,59.910567],[-136.876887,59.910414],[-136.876841,59.910245],[-136.876797,59.910084],[-136.87677,59.909921],[-136.876748,59.909823],[-136.876597,59.909691],[-136.876647,59.909664],[-136.876676,59.90952],[-136.876579,59.909367],[-136.876479,59.909216],[-136.876488,59.909073],[-136.876392,59.908922],[-136.876337,59.908895],[-136.876318,59.908859],[-136.876309,59.908707],[-136.876317,59.908536],[-136.876325,59.908356],[-136.876242,59.908187],[-136.87631,59.908123],[-136.876466,59.908032],[-136.876713,59.907947],[-136.877031,59.907879],[-136.877355,59.907929],[-136.877468,59.908026],[-136.877621,59.908212],[-136.877737,59.908336],[-136.877885,59.908469],[-136.878106,59.908574]]]},"properties":{"WATERBODY_TYPE":"Lake","OFFICIAL_NAME_LABEL":null,"PERMANENCY":"Permanent"}},{"type":"Feature","geometry":{"type":"Polygon","coordinates":[[[-136.639532,59.974311],[-136.639647,59.974471],[-136.639712,59.97464],[-136.6397,59.974794],[-136.639796,59.974937],[-136.639841,59.975089],[-136.639813,59.97525],[-136.639713,59.975441],[-136.639668,59.975602],[-136.63964,59.975756],[-136.63963,59.975899],[-136.639441,59.976063],[-136.639358,59.976217],[-136.639201,59.976327],[-136.639061,59.976382],[-136.638832,59.976466],[-136.638727,59.976485],[-136.638637,59.976478],[-136.638364,59.976391],[-136.6382,59.976357],[-136.638129,59.976358],[-136.637989,59.976414],[-136.637918,59.976415],[-136.637839,59.976271],[-136.637529,59.976159],[-136.637218,59.976046],[-136.636777,59.975845],[-136.636556,59.975704],[-136.636315,59.975555],[-136.636183,59.975412],[-136.636051,59.975278],[-136.63606,59.975126],[-136.636105,59.974901],[-136.63612,59.974838],[-136.636218,59.974693],[-136.636212,59.974541],[-136.636244,59.974478],[-136.636436,59.974375],[-136.636714,59.974175],[-136.636962,59.974109],[-136.637298,59.974042],[-136.637404,59.974005],[-136.637594,59.97385],[-136.637697,59.973786],[-136.637769,59.973767],[-136.638039,59.97379],[-136.638294,59.973913],[-136.638498,59.974037],[-136.638734,59.974105],[-136.639039,59.974128],[-136.639329,59.974187],[-136.639532,59.974311]]]},"properties":{"WATERBODY_TYPE":"Lake","OFFICIAL_NAME_LABEL":null,"PERMANENCY":"Permanent"}},{"type":"Feature","geometry":{"type":"Polygon","coordinates":[[[-136.55317,59.919602],[-136.553173,59.9197],[-136.553211,59.919727],[-136.553515,59.91975],[-136.553859,59.9198],[-136.553894,59.919827],[-136.553902,59.919988],[-136.553802,59.920115],[-136.553599,59.920405],[-136.5535,59.92054],[-136.553417,59.920676],[-136.553223,59.920741],[-136.552894,59.92061],[-136.552626,59.920623],[-136.552416,59.920741],[-136.552228,59.920869],[-136.552035,59.920989],[-136.551883,59.921134],[-136.551729,59.921289],[-136.551574,59.921443],[-136.551366,59.921571],[-136.551173,59.921664],[-136.550943,59.921738],[-136.55066,59.921768],[-136.550373,59.921816],[-136.550001,59.921883],[-136.54966,59.921861],[-136.549444,59.921792],[-136.549371,59.921802],[-136.549285,59.921838],[-136.549212,59.921821],[-136.548846,59.921673],[-136.548683,59.921567],[-136.548711,59.921405],[-136.549022,59.921213],[-136.549056,59.921167],[-136.549032,59.921015],[-136.549024,59.920835],[-136.549015,59.920674],[-136.549024,59.920449],[-136.548968,59.920414],[-136.548697,59.920355],[-136.548444,59.920285],[-136.548223,59.920199],[-136.548039,59.920093],[-136.547891,59.919978],[-136.547904,59.919825],[-136.547936,59.919761],[-136.548006,59.919734],[-136.548201,59.919723],[-136.548612,59.919692],[-136.548916,59.919696],[-136.549096,59.919703],[-136.549115,59.919739],[-136.549106,59.919918],[-136.549149,59.92008],[-136.549423,59.920203],[-136.549697,59.920307],[-136.549969,59.920394],[-136.550025,59.920429],[-136.550042,59.920455],[-136.549998,59.920627],[-136.549954,59.920842],[-136.549727,59.920935],[-136.549691,59.920972],[-136.549745,59.920989],[-136.550067,59.920995],[-136.550332,59.920892],[-136.550579,59.920818],[-136.550669,59.920834],[-136.550796,59.920895],[-136.550867,59.920895],[-136.551024,59.920767],[-136.551195,59.92063],[-136.551154,59.920488],[-136.551162,59.920298],[-136.551047,59.920102],[-136.550983,59.919932],[-136.550982,59.919905],[-136.551126,59.919895],[-136.551138,59.91976],[-136.551148,59.919616],[-136.551107,59.919491],[-136.551161,59.919464],[-136.551247,59.919454],[-136.551495,59.919388],[-136.551766,59.919421],[-136.55207,59.919417],[-136.55241,59.919412],[-136.552713,59.9194],[-136.553015,59.919388],[-136.553178,59.919395],[-136.553197,59.919412],[-136.55317,59.919602]]]},"properties":{"WATERBODY_TYPE":"Lake","OFFICIAL_NAME_LABEL":null,"PERMANENCY":"Permanent"}},{"type":"Feature","geometry":{"type":"Polygon","coordinates":[[[-136.792951,59.940522],[-136.792748,59.94039],[-136.792667,59.940229],[-136.792623,59.940086],[-136.79258,59.939934],[-136.792571,59.939781],[-136.792552,59.939746],[-136.792347,59.939613],[-136.792337,59.939434],[-136.79233,59.93929],[-136.792339,59.939146],[-136.792368,59.939002],[-136.792467,59.938821],[-136.792494,59.938686],[-136.792504,59.938524],[-136.792496,59.938354],[-136.792486,59.938219],[-136.792498,59.938067],[-136.792382,59.937924],[-136.792215,59.9378],[-136.792116,59.937658],[-136.792052,59.937453],[-136.79206,59.937273],[-136.792035,59.93713],[-136.792027,59.936959],[-136.791998,59.936806],[-136.791991,59.936645],[-136.791998,59.936466],[-136.792008,59.936304],[-136.792035,59.936141],[-136.792064,59.935997],[-136.792182,59.935879],[-136.792335,59.935742],[-136.792441,59.935687],[-136.792512,59.935687],[-136.792621,59.935711],[-136.792789,59.935862],[-136.792851,59.935987],[-136.792929,59.93613],[-136.792991,59.936272],[-136.793017,59.936452],[-136.793009,59.936623],[-136.79302,59.936793],[-136.793028,59.936963],[-136.793073,59.937107],[-136.793152,59.937276],[-136.793303,59.937409],[-136.793416,59.937533],[-136.793532,59.937675],[-136.793665,59.937826],[-136.793761,59.937924],[-136.793822,59.938067],[-136.793883,59.938201],[-136.793943,59.938334],[-136.794056,59.938458],[-136.794172,59.938601],[-136.794165,59.938789],[-136.794139,59.938951],[-136.794073,59.939096],[-136.794047,59.939249],[-136.794058,59.939437],[-136.794135,59.939571],[-136.794233,59.939705],[-136.794312,59.939874],[-136.794372,59.940008],[-136.794417,59.940152],[-136.794408,59.940321],[-136.794309,59.940449],[-136.794116,59.940515],[-136.793793,59.940509],[-136.793506,59.940532],[-136.793205,59.940553],[-136.793167,59.940545],[-136.792951,59.940522]]]},"properties":{"WATERBODY_TYPE":"Lake","OFFICIAL_NAME_LABEL":null,"PERMANENCY":"Permanent"}},{"type":"Feature","geometry":{"type":"Polygon","coordinates":[[[-136.720961,59.882581],[-136.721268,59.882648],[-136.721288,59.882693],[-136.721063,59.882822],[-136.721068,59.882903],[-136.721143,59.882955],[-136.721182,59.883018],[-136.721436,59.883122],[-136.721758,59.883153],[-136.72194,59.883178],[-136.722111,59.883356],[-136.72231,59.883451],[-136.722584,59.883529],[-136.72287,59.883571],[-136.723124,59.883648],[-136.72345,59.883689],[-136.723702,59.883747],[-136.723776,59.883791],[-136.723817,59.88389],[-136.724089,59.883977],[-136.724343,59.884036],[-136.724415,59.884062],[-136.724453,59.884098],[-136.724475,59.884177],[-136.724339,59.884314],[-136.724203,59.884451],[-136.723976,59.884562],[-136.723676,59.884629],[-136.723566,59.884593],[-136.723397,59.884408],[-136.723142,59.884321],[-136.722906,59.884253],[-136.722686,59.884175],[-136.722397,59.884062],[-136.722074,59.884048],[-136.721769,59.884034],[-136.721499,59.883992],[-136.72121,59.883924],[-136.720936,59.883829],[-136.7207,59.883733],[-136.720643,59.883689],[-136.720622,59.883609],[-136.720657,59.883572],[-136.720708,59.883554],[-136.721028,59.883522],[-136.72133,59.883509],[-136.721526,59.88349],[-136.721559,59.883434],[-136.721487,59.883408],[-136.721182,59.883377],[-136.720912,59.883326],[-136.720642,59.883303],[-136.720338,59.883297],[-136.719996,59.883293],[-136.719943,59.883294],[-136.719926,59.883321],[-136.719964,59.883347],[-136.720218,59.883425],[-136.720239,59.883478],[-136.720205,59.883507],[-136.719919,59.883509],[-136.719629,59.883443],[-136.719358,59.883383],[-136.719059,59.88344],[-136.719004,59.883433],[-136.71895,59.883415],[-136.71893,59.883388],[-136.718945,59.883351],[-136.719151,59.883188],[-136.71951,59.883173],[-136.719776,59.883171],[-136.720114,59.883148],[-136.720184,59.883121],[-136.720219,59.883057],[-136.720197,59.883021],[-136.719961,59.882953],[-136.719676,59.882938],[-136.719336,59.882943],[-136.719048,59.88291],[-136.718938,59.882876],[-136.718897,59.882733],[-136.718626,59.882673],[-136.718359,59.882695],[-136.718056,59.882743],[-136.717789,59.882748],[-136.717502,59.882742],[-136.717379,59.882753],[-136.717345,59.88278],[-136.717381,59.882816],[-136.717709,59.882893],[-136.717726,59.882918],[-136.717675,59.882964],[-136.717372,59.882987],[-136.717087,59.882981],[-136.716764,59.882985],[-136.716443,59.882981],[-136.716119,59.88294],[-136.715865,59.88288],[-136.715576,59.882776],[-136.715288,59.882789],[-136.7151,59.882917],[-136.71503,59.882945],[-136.714725,59.882958],[-136.714489,59.882889],[-136.714128,59.882795],[-136.71411,59.882759],[-136.714195,59.882713],[-136.714266,59.882695],[-136.714535,59.882709],[-136.714663,59.882735],[-136.714946,59.88273],[-136.715035,59.882712],[-136.715277,59.882565],[-136.71535,59.882555],[-136.715619,59.882578],[-136.715874,59.882665],[-136.716162,59.882715],[-136.716251,59.882705],[-136.716478,59.882612],[-136.716757,59.88251],[-136.717039,59.882424],[-136.717306,59.882386],[-136.717572,59.882382],[-136.717879,59.882423],[-136.71817,59.882483],[-136.718492,59.882495],[-136.718813,59.882518],[-136.719084,59.882569],[-136.719355,59.882601],[-136.719424,59.882591],[-136.719512,59.882545],[-136.719527,59.88251],[-136.719509,59.882474],[-136.719167,59.882424],[-136.719146,59.882389],[-136.719286,59.882306],[-136.719223,59.882145],[-136.718933,59.882058],[-136.718808,59.882051],[-136.718721,59.882107],[-136.71878,59.882195],[-136.718782,59.882232],[-136.718745,59.88225],[-136.718658,59.88226],[-136.71839,59.882246],[-136.718244,59.882194],[-136.71822,59.882095],[-136.718287,59.882023],[-136.718356,59.881986],[-136.718623,59.881937],[-136.718945,59.881924],[-136.719248,59.881947],[-136.719502,59.882024],[-136.71974,59.882111],[-136.719978,59.882216],[-136.720145,59.882349],[-136.720313,59.882481],[-136.720568,59.882568],[-136.720854,59.882582],[-136.720961,59.882581]]]},"properties":{"WATERBODY_TYPE":"Lake","OFFICIAL_NAME_LABEL":null,"PERMANENCY":"Permanent"}},{"type":"Feature","geometry":{"type":"Polygon","coordinates":[[[-136.814589,59.971229],[-136.814312,59.971098],[-136.814182,59.970974],[-136.814049,59.970833],[-136.813932,59.970682],[-136.813851,59.970522],[-136.813735,59.970361],[-136.813622,59.970237],[-136.813469,59.970077],[-136.813336,59.969953],[-136.813149,59.969812],[-136.813034,59.96968],[-136.813028,59.969527],[-136.813197,59.969389],[-136.813372,59.969271],[-136.813508,59.969134],[-136.813625,59.968989],[-136.813759,59.968842],[-136.813895,59.968716],[-136.81401,59.968489],[-136.814115,59.968444],[-136.814236,59.968397],[-136.814418,59.968412],[-136.814636,59.968489],[-136.814908,59.968566],[-136.815166,59.968662],[-136.81537,59.968803],[-136.815504,59.968953],[-136.815569,59.969141],[-136.815631,59.969329],[-136.815694,59.969499],[-136.815739,59.969668],[-136.815767,59.969831],[-136.815757,59.969992],[-136.815765,59.970136],[-136.815755,59.970271],[-136.815712,59.97046],[-136.815667,59.970613],[-136.815451,59.97093],[-136.815352,59.971084],[-136.81518,59.971204],[-136.81486,59.971254],[-136.814589,59.971229]]]},"properties":{"WATERBODY_TYPE":"Lake","OFFICIAL_NAME_LABEL":null,"PERMANENCY":"Permanent"}},{"type":"Feature","geometry":{"type":"Polygon","coordinates":[[[-136.680338,59.985742],[-136.680488,59.985866],[-136.68049,59.985903],[-136.680455,59.98592],[-136.680118,59.985978],[-136.679743,59.986001],[-136.679367,59.986024],[-136.679045,59.98602],[-136.678774,59.985978],[-136.678429,59.985929],[-136.678157,59.985833],[-136.677881,59.985702],[-136.677607,59.985607],[-136.67737,59.985538],[-136.67703,59.985533],[-136.676902,59.98549],[-136.676811,59.985464],[-136.676591,59.98535],[-136.676551,59.985288],[-136.676581,59.985144],[-136.676717,59.985007],[-136.676978,59.984869],[-136.677242,59.984776],[-136.677435,59.984684],[-136.677698,59.984564],[-136.678069,59.984487],[-136.678356,59.984456],[-136.67846,59.984429],[-136.678655,59.984326],[-136.678471,59.984248],[-136.67845,59.984222],[-136.678485,59.984185],[-136.678788,59.984173],[-136.679059,59.984197],[-136.67927,59.984094],[-136.679354,59.983995],[-136.679406,59.983976],[-136.67948,59.984002],[-136.679703,59.984161],[-136.679942,59.984284],[-136.679818,59.984339],[-136.679786,59.984376],[-136.679789,59.98442],[-136.679991,59.984553],[-136.680248,59.984648],[-136.68023,59.984684],[-136.680054,59.984749],[-136.680039,59.984785],[-136.680059,59.984831],[-136.680226,59.984953],[-136.680358,59.985095],[-136.6804,59.985177],[-136.680408,59.985346],[-136.680434,59.985517],[-136.680355,59.985698],[-136.680338,59.985742]]]},"properties":{"WATERBODY_TYPE":"Lake","OFFICIAL_NAME_LABEL":null,"PERMANENCY":"Permanent"}},{"type":"Feature","geometry":{"type":"Polygon","coordinates":[[[-136.756678,59.882199],[-136.756434,59.882283],[-136.756171,59.882359],[-136.755831,59.882363],[-136.755793,59.882336],[-136.755828,59.8823],[-136.756144,59.882215],[-136.756353,59.882122],[-136.756505,59.881959],[-136.756662,59.881849],[-136.756928,59.881827],[-136.757252,59.88185],[-136.75752,59.881882],[-136.757829,59.881967],[-136.758285,59.882132],[-136.758522,59.882236],[-136.758796,59.882332],[-136.758886,59.882349],[-136.759081,59.882346],[-136.75927,59.882182],[-136.75937,59.882028],[-136.759413,59.881857],[-136.759335,59.881714],[-136.759078,59.881618],[-136.758756,59.881587],[-136.758397,59.881574],[-136.758287,59.881513],[-136.758284,59.881467],[-136.758336,59.881404],[-136.758387,59.881386],[-136.758673,59.881382],[-136.758998,59.881413],[-136.759285,59.881481],[-136.75956,59.881567],[-136.759744,59.881672],[-136.759804,59.881833],[-136.759758,59.881978],[-136.759768,59.882121],[-136.759713,59.882141],[-136.759579,59.882286],[-136.759424,59.882404],[-136.759179,59.882461],[-136.758891,59.882474],[-136.758624,59.882478],[-136.758317,59.882429],[-136.758099,59.882342],[-136.757929,59.882191],[-136.757744,59.882077],[-136.75742,59.88201],[-136.757153,59.882004],[-136.756871,59.882088],[-136.756714,59.882171],[-136.756678,59.882199]]]},"properties":{"WATERBODY_TYPE":"Lake","OFFICIAL_NAME_LABEL":null,"PERMANENCY":"Permanent"}},{"type":"Feature","geometry":{"type":"Polygon","coordinates":[[[-136.632129,59.997502],[-136.631826,59.99756],[-136.631737,59.997552],[-136.631552,59.997446],[-136.631454,59.997304],[-136.631272,59.997261],[-136.631041,59.997282],[-136.630986,59.997255],[-136.63089,59.997113],[-136.630814,59.997052],[-136.63088,59.996898],[-136.630997,59.996771],[-136.63128,59.996696],[-136.631566,59.996656],[-136.631927,59.996696],[-136.632217,59.996755],[-136.632381,59.996861],[-136.632461,59.997013],[-136.63249,59.997193],[-136.6325,59.997399],[-136.632447,59.997426],[-136.632129,59.997502]]]},"properties":{"WATERBODY_TYPE":"Lake","OFFICIAL_NAME_LABEL":null,"PERMANENCY":"Permanent"}},{"type":"Feature","geometry":{"type":"Polygon","coordinates":[[[-136.686987,59.981153],[-136.687018,59.981041],[-136.687301,59.980938],[-136.687506,59.980766],[-136.687557,59.980747],[-136.687629,59.980754],[-136.687669,59.980773],[-136.687746,59.980905],[-136.688019,59.980992],[-136.688293,59.981106],[-136.688549,59.981192],[-136.688915,59.98135],[-136.688955,59.981394],[-136.68894,59.981457],[-136.688711,59.981558],[-136.688639,59.981568],[-136.688418,59.981445],[-136.6884,59.981418],[-136.688327,59.981428],[-136.688101,59.981548],[-136.688031,59.981558],[-136.687905,59.981551],[-136.687868,59.981534],[-136.68788,59.981452],[-136.688041,59.981397],[-136.68809,59.981333],[-136.688072,59.981306],[-136.688016,59.981289],[-136.687945,59.98129],[-136.687856,59.981309],[-136.687703,59.981464],[-136.687675,59.981626],[-136.687624,59.981689],[-136.687555,59.981707],[-136.687249,59.981694],[-136.687158,59.981677],[-136.686975,59.981581],[-136.68699,59.981545],[-136.686971,59.981509],[-136.686857,59.981421],[-136.686959,59.981266],[-136.686987,59.981153]]]},"properties":{"WATERBODY_TYPE":"Lake","OFFICIAL_NAME_LABEL":null,"PERMANENCY":"Permanent"}},{"type":"Feature","geometry":{"type":"Polygon","coordinates":[[[-136.910038,59.981559],[-136.909888,59.981435],[-136.909862,59.981293],[-136.909888,59.98113],[-136.909917,59.980968],[-136.909904,59.98077],[-136.909838,59.980584],[-136.909743,59.98045],[-136.90966,59.980262],[-136.909599,59.980128],[-136.909498,59.97995],[-136.909381,59.979782],[-136.909265,59.979604],[-136.909148,59.979434],[-136.909065,59.979292],[-136.908912,59.979132],[-136.908798,59.978981],[-136.908735,59.978812],[-136.908585,59.978697],[-136.908347,59.978601],[-136.908177,59.978487],[-136.908115,59.978345],[-136.90807,59.978184],[-136.908061,59.978013],[-136.908069,59.977842],[-136.908112,59.977663],[-136.908139,59.977482],[-136.908165,59.977346],[-136.908226,59.977167],[-136.90827,59.976968],[-136.908279,59.976824],[-136.908305,59.976644],[-136.908346,59.976446],[-136.908376,59.976311],[-136.908418,59.976122],[-136.908498,59.975959],[-136.908615,59.975795],[-136.908714,59.975669],[-136.908801,59.975595],[-136.908888,59.975568],[-136.909192,59.97558],[-136.909322,59.975615],[-136.909472,59.975756],[-136.909482,59.975909],[-136.909436,59.976072],[-136.909342,59.976297],[-136.909314,59.976423],[-136.909268,59.976586],[-136.909224,59.976721],[-136.909179,59.976874],[-136.90908,59.977046],[-136.909037,59.977208],[-136.909028,59.977388],[-136.90904,59.977577],[-136.909048,59.977738],[-136.909095,59.977935],[-136.909107,59.978105],[-136.909134,59.978258],[-136.909178,59.978437],[-136.909171,59.97859],[-136.909232,59.978724],[-136.909311,59.978866],[-136.909393,59.979044],[-136.909475,59.979205],[-136.909556,59.979383],[-136.909619,59.979527],[-136.909699,59.979696],[-136.909744,59.979857],[-136.909791,59.980035],[-136.909874,59.980223],[-136.910006,59.980356],[-136.910141,59.980507],[-136.91024,59.980668],[-136.91032,59.980837],[-136.910364,59.980971],[-136.910481,59.981112],[-136.910526,59.981274],[-136.910552,59.981425],[-136.910536,59.981471],[-136.910501,59.981508],[-136.910238,59.981583],[-136.910095,59.981576],[-136.910038,59.981559]]]},"properties":{"WATERBODY_TYPE":"Lake","OFFICIAL_NAME_LABEL":null,"PERMANENCY":"Permanent"}},{"type":"Feature","geometry":{"type":"Polygon","coordinates":[[[-136.668332,59.988311],[-136.668194,59.988394],[-136.668123,59.988394],[-136.667814,59.988336],[-136.667653,59.988328],[-136.667353,59.988431],[-136.667072,59.988542],[-136.666843,59.988645],[-136.666543,59.988702],[-136.666296,59.988794],[-136.666122,59.988922],[-136.665949,59.989059],[-136.665688,59.98917],[-136.665347,59.989174],[-136.66508,59.989206],[-136.665026,59.989224],[-136.664955,59.989251],[-136.664874,59.989414],[-136.664806,59.989486],[-136.664507,59.989589],[-136.664316,59.9897],[-136.664104,59.989774],[-136.663819,59.989795],[-136.663548,59.989746],[-136.663276,59.989669],[-136.662838,59.989566],[-136.662802,59.98953],[-136.662866,59.989368],[-136.662914,59.989295],[-136.663333,59.989065],[-136.663507,59.988955],[-136.663753,59.988835],[-136.663961,59.988707],[-136.664307,59.988478],[-136.664572,59.988394],[-136.664855,59.988337],[-136.665159,59.988306],[-136.665502,59.988364],[-136.665862,59.988351],[-136.66613,59.98833],[-136.666394,59.988254],[-136.666585,59.988153],[-136.666909,59.988122],[-136.667175,59.988092],[-136.667477,59.988071],[-136.667801,59.988083],[-136.668108,59.988108],[-136.668249,59.988096],[-136.668376,59.98813],[-136.668396,59.988149],[-136.668332,59.988311]]]},"properties":{"WATERBODY_TYPE":"Lake","OFFICIAL_NAME_LABEL":null,"PERMANENCY":"Permanent"}},{"type":"Feature","geometry":{"type":"Polygon","coordinates":[[[-136.834372,59.9502],[-136.834095,59.950087],[-136.833638,59.949878],[-136.833434,59.949755],[-136.833425,59.949603],[-136.83349,59.949476],[-136.833662,59.949356],[-136.833817,59.94922],[-136.834044,59.949136],[-136.834345,59.949069],[-136.834663,59.949019],[-136.83493,59.94897],[-136.835195,59.948913],[-136.83546,59.948811],[-136.835494,59.948809],[-136.835781,59.948832],[-136.836091,59.948892],[-136.836381,59.948959],[-136.836583,59.949082],[-136.836663,59.949215],[-136.836797,59.949366],[-136.83684,59.949519],[-136.836437,59.949992],[-136.836404,59.950019],[-136.83614,59.950103],[-136.835873,59.950153],[-136.83559,59.950201],[-136.835284,59.950214],[-136.835017,59.950218],[-136.834641,59.950214],[-136.834372,59.9502]]]},"properties":{"WATERBODY_TYPE":"Lake","OFFICIAL_NAME_LABEL":null,"PERMANENCY":"Permanent"}},{"type":"Feature","geometry":{"type":"Polygon","coordinates":[[[-136.701626,59.977584],[-136.701555,59.977567],[-136.701355,59.977561],[-136.7013,59.977534],[-136.701279,59.977463],[-136.701417,59.977362],[-136.701448,59.977228],[-136.701583,59.977109],[-136.701884,59.977016],[-136.702326,59.976893],[-136.702468,59.976891],[-136.702696,59.976781],[-136.702729,59.976708],[-136.702529,59.976639],[-136.702612,59.976512],[-136.702736,59.976502],[-136.702789,59.976519],[-136.702848,59.976617],[-136.70292,59.976624],[-136.702991,59.976606],[-136.703025,59.976579],[-136.703024,59.976533],[-136.702854,59.976365],[-136.702704,59.976241],[-136.702338,59.97612],[-136.702348,59.975958],[-136.70242,59.975939],[-136.702548,59.975983],[-136.70262,59.975991],[-136.702849,59.975889],[-136.703149,59.975831],[-136.703397,59.975793],[-136.7037,59.975761],[-136.703971,59.975785],[-136.704047,59.975847],[-136.704019,59.976],[-136.70406,59.976143],[-136.704209,59.976258],[-136.704321,59.97631],[-136.704447,59.976308],[-136.70471,59.976216],[-136.704959,59.976159],[-136.705244,59.976137],[-136.705567,59.976169],[-136.70591,59.976227],[-136.706116,59.976359],[-136.706158,59.976485],[-136.706124,59.976529],[-136.70586,59.976623],[-136.705575,59.976663],[-136.705306,59.97663],[-136.705195,59.976569],[-136.705121,59.976569],[-136.704841,59.97669],[-136.704574,59.976738],[-136.704327,59.97676],[-136.70402,59.976745],[-136.703969,59.976764],[-136.703813,59.976901],[-136.703785,59.977053],[-136.703735,59.977109],[-136.70345,59.977174],[-136.703003,59.977171],[-136.702739,59.977238],[-136.702528,59.977348],[-136.702217,59.977577],[-136.701902,59.977715],[-136.70181,59.97769],[-136.701626,59.977584]]]},"properties":{"WATERBODY_TYPE":"Lake","OFFICIAL_NAME_LABEL":null,"PERMANENCY":"Permanent"}},{"type":"Feature","geometry":{"type":"Polygon","coordinates":[[[-136.816117,59.947444],[-136.815854,59.947536],[-136.815521,59.947667],[-136.815184,59.947717],[-136.815093,59.947719],[-136.81482,59.947632],[-136.814528,59.947511],[-136.814324,59.94737],[-136.814082,59.947239],[-136.813862,59.947125],[-136.813405,59.946915],[-136.813341,59.946781],[-136.813261,59.946629],[-136.81331,59.946504],[-136.813372,59.946331],[-136.813441,59.946294],[-136.813689,59.946237],[-136.814009,59.946225],[-136.814018,59.946054],[-136.814172,59.94589],[-136.814241,59.94587],[-136.814529,59.945903],[-136.814681,59.946035],[-136.81469,59.946188],[-136.81462,59.946243],[-136.814605,59.946324],[-136.814846,59.946447],[-136.815169,59.946478],[-136.815475,59.946491],[-136.815764,59.946524],[-136.816036,59.946601],[-136.816167,59.946733],[-136.816374,59.946874],[-136.816543,59.947015],[-136.816711,59.947166],[-136.816612,59.947293],[-136.816469,59.947331],[-136.816117,59.947444]]]},"properties":{"WATERBODY_TYPE":"Lake","OFFICIAL_NAME_LABEL":null,"PERMANENCY":"Permanent"}},{"type":"Feature","geometry":{"type":"Polygon","coordinates":[[[-136.50691,59.962573],[-136.506615,59.961965],[-136.507054,59.961404],[-136.507319,59.961338],[-136.50704,59.960722],[-136.507015,59.960569],[-136.506996,59.960507],[-136.507441,59.960088],[-136.507754,59.959878],[-136.508129,59.959461],[-136.508249,59.959351],[-136.50843,59.959183],[-136.508542,59.959079],[-136.508611,59.959015],[-136.508833,59.958977],[-136.509053,59.958938],[-136.509427,59.95888],[-136.509608,59.958869],[-136.50966,59.958877],[-136.509826,59.959001],[-136.510081,59.959061],[-136.510365,59.958985],[-136.510632,59.958956],[-136.510916,59.95889],[-136.511161,59.958825],[-136.511215,59.958796],[-136.511263,59.958679],[-136.511382,59.958517],[-136.511451,59.95848],[-136.511771,59.958421],[-136.512019,59.958356],[-136.511997,59.958293],[-136.511797,59.958215],[-136.511795,59.958179],[-136.511885,59.958151],[-136.512153,59.958131],[-136.512438,59.95811],[-136.512704,59.95808],[-136.513025,59.958048],[-136.513331,59.958045],[-136.513653,59.958068],[-136.513943,59.95811],[-136.514194,59.958161],[-136.514321,59.958204],[-136.514365,59.958347],[-136.514407,59.9585],[-136.514627,59.958622],[-136.514903,59.958736],[-136.515087,59.958842],[-136.515325,59.958974],[-136.515564,59.959159],[-136.515551,59.959232],[-136.515287,59.959333],[-136.515059,59.959417],[-136.514977,59.959579],[-136.51511,59.95973],[-136.515329,59.959846],[-136.515461,59.959997],[-136.515475,59.960082],[-136.515486,59.960166],[-136.515546,59.960283],[-136.515695,59.960407],[-136.5159,59.960566],[-136.515889,59.960727],[-136.515858,59.960871],[-136.515829,59.961025],[-136.515783,59.96116],[-136.5157,59.961331],[-136.515582,59.961459],[-136.515554,59.96162],[-136.51556,59.96181],[-136.515567,59.961935],[-136.515699,59.962077],[-136.515773,59.962103],[-136.516043,59.962163],[-136.516314,59.962214],[-136.516501,59.962374],[-136.516591,59.962408],[-136.516759,59.962523],[-136.516871,59.962647],[-136.516967,59.962772],[-136.517115,59.962913],[-136.51732,59.963046],[-136.517577,59.96317],[-136.517707,59.963321],[-136.517767,59.963463],[-136.517846,59.963616],[-136.518031,59.963729],[-136.518163,59.963853],[-136.518258,59.963996],[-136.518265,59.96414],[-136.518326,59.964311],[-136.518369,59.964453],[-136.518341,59.964588],[-136.518437,59.964739],[-136.518604,59.964873],[-136.518782,59.96488],[-136.519003,59.964967],[-136.519187,59.9651],[-136.519352,59.965205],[-136.519468,59.965366],[-136.519529,59.965508],[-136.519661,59.965678],[-136.519793,59.96582],[-136.519872,59.965971],[-136.52004,59.966114],[-136.520134,59.966248],[-136.520285,59.966388],[-136.520309,59.966532],[-136.520388,59.966685],[-136.520553,59.966799],[-136.52056,59.966943],[-136.52057,59.967113],[-136.520666,59.967264],[-136.520654,59.9674],[-136.520856,59.967532],[-136.521112,59.967628],[-136.521296,59.967751],[-136.5215,59.967857],[-136.521733,59.967927],[-136.521974,59.968049],[-136.52214,59.968173],[-136.52229,59.968305],[-136.522405,59.968493],[-136.522589,59.96858],[-136.522571,59.968617],[-136.522609,59.968643],[-136.522863,59.968721],[-136.522996,59.968872],[-136.522999,59.968918],[-136.52311,59.968988],[-136.523434,59.969047],[-136.523706,59.969133],[-136.523762,59.969169],[-136.523877,59.969311],[-136.524008,59.969453],[-136.524176,59.969586],[-136.524341,59.969701],[-136.524561,59.969797],[-136.524761,59.969849],[-136.524851,59.969866],[-136.524961,59.969928],[-136.525004,59.970089],[-136.525012,59.970214],[-136.525037,59.970366],[-136.525149,59.970517],[-136.525282,59.970643],[-136.525537,59.970747],[-136.525757,59.970843],[-136.525997,59.971011],[-136.526273,59.971188],[-136.526279,59.971331],[-136.526288,59.971493],[-136.526403,59.971635],[-136.526638,59.971741],[-136.526843,59.971873],[-136.526993,59.972006],[-136.527137,59.972067],[-136.527269,59.972209],[-136.527455,59.97235],[-136.527477,59.972386],[-136.527465,59.972521],[-136.527543,59.972664],[-136.527965,59.972874],[-136.528113,59.97299],[-136.528246,59.973141],[-136.528413,59.973265],[-136.528562,59.973388],[-136.52871,59.973521],[-136.528861,59.973663],[-136.529028,59.973787],[-136.529125,59.973948],[-136.529132,59.974118],[-136.529229,59.974252],[-136.52936,59.974412],[-136.529385,59.974546],[-136.529534,59.974662],[-136.529648,59.974821],[-136.529745,59.974964],[-136.529823,59.975108],[-136.529758,59.97527],[-136.529672,59.975351],[-136.529679,59.975495],[-136.529872,59.975763],[-136.529985,59.975914],[-136.530118,59.976065],[-136.530248,59.976198],[-136.53038,59.976339],[-136.530457,59.976429],[-136.530629,59.976643],[-136.530744,59.976812],[-136.530805,59.976955],[-136.530812,59.977126],[-136.530821,59.977305],[-136.530862,59.977447],[-136.530961,59.9776],[-136.531074,59.977732],[-136.531188,59.977893],[-136.531266,59.978036],[-136.531328,59.978188],[-136.531404,59.97834],[-136.531537,59.978491],[-136.531704,59.978597],[-136.531836,59.978739],[-136.531861,59.978892],[-136.531851,59.979035],[-136.531823,59.979196],[-136.531776,59.979342],[-136.531728,59.979486],[-136.53177,59.979638],[-136.531937,59.979789],[-136.532067,59.979842],[-136.532335,59.979847],[-136.532368,59.979793],[-136.532421,59.979765],[-136.532778,59.979725],[-136.532981,59.979822],[-136.533268,59.97989],[-136.533592,59.979931],[-136.533882,59.979991],[-136.534136,59.980041],[-136.534476,59.980055],[-136.534624,59.980098],[-136.534999,59.980112],[-136.535107,59.980138],[-136.535327,59.980208],[-136.535617,59.980276],[-136.535889,59.98038],[-136.53618,59.980475],[-136.536455,59.980554],[-136.536747,59.980676],[-136.536985,59.980826],[-136.536988,59.980897],[-136.537027,59.980933],[-136.537264,59.981029],[-136.53745,59.98117],[-136.53744,59.981314],[-136.537407,59.981368],[-136.537336,59.981441],[-136.537169,59.981423],[-136.53703,59.981408],[-136.536886,59.981347],[-136.536793,59.981313],[-136.536626,59.981207],[-136.536477,59.981038],[-136.536379,59.980895],[-136.536176,59.980736],[-136.535905,59.980685],[-136.535616,59.98067],[-136.535331,59.980665],[-136.534898,59.980643],[-136.534646,59.980584],[-136.53437,59.980478],[-136.534083,59.980437],[-136.53367,59.980433],[-136.533385,59.980473],[-136.533101,59.980529],[-136.532854,59.980595],[-136.532569,59.980662],[-136.532288,59.980763],[-136.532252,59.980764],[-136.532162,59.980774],[-136.531874,59.980705],[-136.531608,59.980762],[-136.531326,59.980873],[-136.531078,59.980965],[-136.530777,59.981032],[-136.53051,59.981062],[-136.530225,59.981083],[-136.529954,59.981078],[-136.529679,59.98091],[-136.529401,59.98076],[-136.529128,59.980621],[-136.528926,59.980515],[-136.528649,59.980347],[-136.528444,59.980215],[-136.528226,59.980109],[-136.527953,59.980024],[-136.527678,59.979891],[-136.527675,59.979847],[-136.527691,59.979748],[-136.527684,59.979604],[-136.527516,59.979471],[-136.527291,59.979268],[-136.527159,59.979125],[-136.526938,59.978993],[-136.526734,59.978843],[-136.526657,59.978709],[-136.526364,59.978595],[-136.52625,59.978436],[-136.526062,59.978276],[-136.525772,59.978171],[-136.525496,59.978058],[-136.525223,59.977926],[-136.524935,59.977893],[-136.524645,59.977852],[-136.524374,59.977784],[-136.524135,59.977697],[-136.523826,59.977566],[-136.523751,59.977494],[-136.52353,59.977389],[-136.523273,59.977221],[-136.522996,59.977081],[-136.522775,59.976949],[-136.522771,59.976805],[-136.522835,59.976661],[-136.522864,59.976526],[-136.522875,59.976391],[-136.52285,59.976238],[-136.522865,59.976176],[-136.522967,59.976039],[-136.522944,59.975897],[-136.522598,59.975793],[-136.522327,59.97575],[-136.522057,59.975727],[-136.521803,59.97563],[-136.521687,59.975498],[-136.521486,59.975374],[-136.521215,59.975324],[-136.520924,59.975273],[-136.520508,59.97516],[-136.520286,59.975019],[-136.520155,59.974887],[-136.519968,59.974736],[-136.519785,59.974612],[-136.51951,59.974535],[-136.519224,59.974502],[-136.518935,59.974442],[-136.518645,59.974374],[-136.518393,59.974341],[-136.518104,59.974309],[-136.517832,59.974267],[-136.517612,59.974152],[-136.517497,59.974009],[-136.51735,59.973877],[-136.517306,59.973733],[-136.517121,59.973592],[-136.516847,59.973451],[-136.516608,59.97332],[-136.516422,59.973178],[-136.516237,59.973064],[-136.516016,59.972913],[-136.516028,59.972779],[-136.515984,59.972635],[-136.515851,59.972484],[-136.515542,59.972353],[-136.515359,59.972256],[-136.515191,59.972141],[-136.514989,59.972008],[-136.51484,59.971885],[-136.514816,59.971742],[-136.514719,59.9716],[-136.514498,59.971476],[-136.51442,59.971333],[-136.514395,59.971154],[-136.514371,59.971056],[-136.514333,59.97102],[-136.514078,59.970915],[-136.513822,59.970784],[-136.513671,59.970641],[-136.513539,59.970499],[-136.513391,59.970366],[-136.513207,59.970234],[-136.513145,59.970081],[-136.513156,59.969946],[-136.513024,59.969822],[-136.512752,59.969691],[-136.512497,59.969613],[-136.512292,59.969472],[-136.512252,59.969337],[-136.512191,59.969194],[-136.512095,59.96906],[-136.511963,59.968918],[-136.511742,59.968787],[-136.511451,59.968717],[-136.511179,59.968586],[-136.511135,59.968444],[-136.511112,59.9683],[-136.511052,59.968166],[-136.510992,59.968022],[-136.510949,59.967888],[-136.510907,59.967736],[-136.510934,59.967538],[-136.510979,59.967403],[-136.510885,59.96726],[-136.510805,59.967126],[-136.510711,59.966984],[-136.510544,59.96686],[-136.510489,59.966851],[-136.510358,59.966709],[-136.51012,59.966586],[-136.509827,59.966447],[-136.509538,59.966387],[-136.509266,59.966309],[-136.509205,59.966166],[-136.50922,59.966121],[-136.509234,59.966031],[-136.50919,59.965887],[-136.509042,59.965746],[-136.508621,59.965544],[-136.508419,59.965403],[-136.50825,59.965261],[-136.508137,59.965128],[-136.508039,59.964984],[-136.50789,59.96486],[-136.507723,59.964709],[-136.507495,59.964434],[-136.507148,59.963863],[-136.507044,59.963191],[-136.507019,59.963039],[-136.50691,59.962573]]]},"properties":{"WATERBODY_TYPE":"Lake","OFFICIAL_NAME_LABEL":"Blanchard Lake","PERMANENCY":"Permanent"}},{"type":"Feature","geometry":{"type":"Polygon","coordinates":[[[-136.566908,59.938578],[-136.566857,59.938624],[-136.566664,59.938715],[-136.56649,59.938824],[-136.566264,59.938954],[-136.566303,59.939034],[-136.56624,59.939188],[-136.566137,59.939323],[-136.566037,59.939477],[-136.565917,59.939603],[-136.565746,59.93974],[-136.5655,59.93986],[-136.565217,59.939918],[-136.564895,59.939912],[-136.56461,59.939934],[-136.564255,59.940001],[-136.563933,59.939996],[-136.563877,59.939978],[-136.563746,59.939846],[-136.563613,59.939712],[-136.563553,59.939578],[-136.563438,59.939408],[-136.56327,59.939267],[-136.563285,59.939205],[-136.563302,59.939186],[-136.563532,59.939112],[-136.56391,59.939133],[-136.564105,59.939149],[-136.564373,59.939111],[-136.564761,59.939007],[-136.564868,59.938978],[-136.565059,59.938869],[-136.56525,59.938732],[-136.565404,59.938604],[-136.565615,59.938512],[-136.565863,59.938428],[-136.566091,59.938344],[-136.566251,59.938307],[-136.566537,59.938322],[-136.566805,59.9383],[-136.56709,59.938287],[-136.567146,59.938323],[-136.56708,59.938431],[-136.566908,59.938578]]]},"properties":{"WATERBODY_TYPE":"Lake","OFFICIAL_NAME_LABEL":null,"PERMANENCY":"Permanent"}},{"type":"Feature","geometry":{"type":"Polygon","coordinates":[[[-136.567683,59.990235],[-136.567474,59.990409],[-136.567172,59.990449],[-136.566831,59.990435],[-136.566577,59.990384],[-136.566341,59.990297],[-136.565937,59.990077],[-136.565665,59.990026],[-136.565392,59.989958],[-136.565101,59.989889],[-136.564864,59.989775],[-136.564715,59.989652],[-136.564582,59.989528],[-136.564487,59.989385],[-136.564425,59.989214],[-136.564435,59.989043],[-136.564521,59.988981],[-136.564824,59.988922],[-136.564915,59.988921],[-136.56508,59.989036],[-136.5653,59.98915],[-136.565555,59.98921],[-136.565842,59.989251],[-136.566111,59.98924],[-136.566399,59.989236],[-136.566723,59.989277],[-136.566814,59.989303],[-136.566977,59.989347],[-136.567434,59.989521],[-136.567747,59.989696],[-136.567911,59.989775],[-136.568184,59.989835],[-136.568315,59.989995],[-136.568247,59.990059],[-136.568037,59.990133],[-136.567683,59.990235]]]},"properties":{"WATERBODY_TYPE":"Lake","OFFICIAL_NAME_LABEL":null,"PERMANENCY":"Permanent"}},{"type":"Feature","geometry":{"type":"Polygon","coordinates":[[[-136.609147,59.899424],[-136.608941,59.899542],[-136.608749,59.89967],[-136.608827,59.899787],[-136.608811,59.899822],[-136.608636,59.899923],[-136.60855,59.900005],[-136.608464,59.900069],[-136.608258,59.900215],[-136.608102,59.900352],[-136.607912,59.90047],[-136.607701,59.900554],[-136.607576,59.900547],[-136.607276,59.900623],[-136.607097,59.900624],[-136.606795,59.900664],[-136.606527,59.900658],[-136.606109,59.900537],[-136.605822,59.900487],[-136.605568,59.900409],[-136.605255,59.900225],[-136.605254,59.900198],[-136.605479,59.900043],[-136.605547,59.899996],[-136.605652,59.899923],[-136.605738,59.899886],[-136.605811,59.899876],[-136.606133,59.899891],[-136.606186,59.899881],[-136.606238,59.899845],[-136.606268,59.899764],[-136.606322,59.899745],[-136.606645,59.899758],[-136.60693,59.899764],[-136.6072,59.89977],[-136.60727,59.899743],[-136.607333,59.899607],[-136.607399,59.899454],[-136.607469,59.899425],[-136.607539,59.899415],[-136.607879,59.899429],[-136.608183,59.899435],[-136.608504,59.899387],[-136.608804,59.899337],[-136.609108,59.899315],[-136.609161,59.899324],[-136.609181,59.899351],[-136.609147,59.899424]]]},"properties":{"WATERBODY_TYPE":"Lake","OFFICIAL_NAME_LABEL":null,"PERMANENCY":"Permanent"}},{"type":"Feature","geometry":{"type":"Polygon","coordinates":[[[-136.770522,59.885435],[-136.77047,59.885454],[-136.770113,59.885476],[-136.769846,59.885498],[-136.769617,59.885573],[-136.769391,59.885666],[-136.769219,59.885812],[-136.76912,59.885966],[-136.769111,59.886119],[-136.769209,59.88628],[-136.769326,59.886458],[-136.769423,59.886617],[-136.769537,59.886751],[-136.769703,59.886875],[-136.769906,59.88697],[-136.769962,59.886987],[-136.770299,59.886983],[-136.770583,59.886916],[-136.770718,59.886798],[-136.770781,59.886626],[-136.770936,59.886507],[-136.77107,59.886362],[-136.771188,59.886217],[-136.77134,59.886053],[-136.771461,59.885935],[-136.771665,59.885761],[-136.771765,59.885651],[-136.771872,59.88565],[-136.772035,59.885657],[-136.772143,59.885701],[-136.772223,59.885861],[-136.772216,59.886023],[-136.772115,59.886168],[-136.772031,59.886241],[-136.77186,59.886388],[-136.771685,59.886506],[-136.771533,59.88667],[-136.771419,59.886842],[-136.771284,59.886979],[-136.771146,59.887097],[-136.770939,59.887208],[-136.770657,59.887292],[-136.770335,59.887324],[-136.77005,59.887319],[-136.769725,59.887288],[-136.769401,59.88722],[-136.769165,59.887124],[-136.768725,59.886932],[-136.768593,59.886808],[-136.768512,59.886638],[-136.768559,59.886476],[-136.768602,59.886332],[-136.768612,59.886188],[-136.768659,59.886045],[-136.768705,59.885899],[-136.768786,59.885755],[-136.768922,59.885619],[-136.769113,59.885518],[-136.769376,59.885424],[-136.769623,59.885358],[-136.769925,59.8853],[-136.770262,59.885268],[-136.770424,59.885275],[-136.770495,59.885293],[-136.77057,59.885345],[-136.770556,59.885389],[-136.770522,59.885435]]]},"properties":{"WATERBODY_TYPE":"Lake","OFFICIAL_NAME_LABEL":null,"PERMANENCY":"Permanent"}},{"type":"Feature","geometry":{"type":"Polygon","coordinates":[[[-136.753712,59.912002],[-136.753425,59.911979],[-136.753368,59.911962],[-136.75335,59.911927],[-136.753501,59.911763],[-136.753549,59.911628],[-136.753576,59.911465],[-136.753567,59.911286],[-136.753505,59.911135],[-136.753333,59.910948],[-136.753331,59.910913],[-136.753524,59.910802],[-136.75377,59.910745],[-136.754407,59.910619],[-136.754726,59.910544],[-136.755402,59.910498],[-136.755706,59.910494],[-136.756081,59.910498],[-136.75637,59.910512],[-136.756676,59.910554],[-136.756929,59.910639],[-136.756987,59.910693],[-136.75699,59.910738],[-136.756936,59.910783],[-136.756672,59.91085],[-136.756357,59.910935],[-136.756019,59.911002],[-136.75568,59.911042],[-136.755415,59.911099],[-136.755189,59.911175],[-136.754981,59.911303],[-136.754791,59.911431],[-136.754655,59.911586],[-136.754448,59.911723],[-136.754314,59.91187],[-136.754048,59.911971],[-136.753855,59.911992],[-136.753712,59.912002]]]},"properties":{"WATERBODY_TYPE":"Lake","OFFICIAL_NAME_LABEL":null,"PERMANENCY":"Permanent"}},{"type":"Feature","geometry":{"type":"Polygon","coordinates":[[[-136.85669,59.888209],[-136.856978,59.888242],[-136.857032,59.888286],[-136.856989,59.88843],[-136.856781,59.888577],[-136.856593,59.888724],[-136.856403,59.888852],[-136.856194,59.888944],[-136.856164,59.889017],[-136.856172,59.889169],[-136.856159,59.889259],[-136.856005,59.889387],[-136.855777,59.889463],[-136.855457,59.889513],[-136.85517,59.889488],[-136.854863,59.889421],[-136.854606,59.889326],[-136.85442,59.889185],[-136.85432,59.889007],[-136.854312,59.888863],[-136.854343,59.888728],[-136.854494,59.888564],[-136.854629,59.888446],[-136.854802,59.888336],[-136.855063,59.888224],[-136.855385,59.888192],[-136.855704,59.888179],[-136.856026,59.888165],[-136.856259,59.888171],[-136.85669,59.888209]]]},"properties":{"WATERBODY_TYPE":"Lake","OFFICIAL_NAME_LABEL":null,"PERMANENCY":"Permanent"}},{"type":"Feature","geometry":{"type":"Polygon","coordinates":[[[-136.620415,59.942816],[-136.620401,59.942862],[-136.620347,59.94288],[-136.620011,59.942947],[-136.619727,59.942996],[-136.619426,59.943044],[-136.619161,59.943101],[-136.618933,59.943212],[-136.618632,59.943305],[-136.618331,59.943372],[-136.618029,59.943439],[-136.617711,59.943487],[-136.617409,59.943546],[-136.617075,59.943648],[-136.616894,59.94366],[-136.616804,59.943642],[-136.616787,59.943624],[-136.616887,59.943489],[-136.617134,59.943396],[-136.617232,59.943207],[-136.61726,59.943044],[-136.617168,59.942992],[-136.617106,59.942839],[-136.617116,59.942695],[-136.617219,59.942569],[-136.617251,59.942487],[-136.617285,59.94246],[-136.617356,59.942459],[-136.617569,59.942439],[-136.617837,59.942445],[-136.618197,59.94243],[-136.618536,59.942436],[-136.618826,59.942505],[-136.619116,59.942571],[-136.619386,59.942641],[-136.619729,59.9427],[-136.620018,59.942732],[-136.620378,59.942772],[-136.620415,59.942816]]]},"properties":{"WATERBODY_TYPE":"Lake","OFFICIAL_NAME_LABEL":null,"PERMANENCY":"Permanent"}},{"type":"Feature","geometry":{"type":"Polygon","coordinates":[[[-136.641423,59.950973],[-136.641151,59.950895],[-136.641056,59.950798],[-136.641037,59.950762],[-136.641054,59.950735],[-136.641125,59.950715],[-136.641286,59.950705],[-136.641339,59.950722],[-136.641599,59.950907],[-136.641909,59.95102],[-136.641913,59.951074],[-136.641716,59.951085],[-136.641423,59.950973]]]},"properties":{"WATERBODY_TYPE":"Lake","OFFICIAL_NAME_LABEL":null,"PERMANENCY":"Permanent"}},{"type":"Feature","geometry":{"type":"Polygon","coordinates":[[[-136.811833,59.939455],[-136.811817,59.939482],[-136.811689,59.939484],[-136.811638,59.939485],[-136.811392,59.939578],[-136.811267,59.939598],[-136.811032,59.939519],[-136.811008,59.93943],[-136.811039,59.939358],[-136.811146,59.93933],[-136.811452,59.939388],[-136.811775,59.939401],[-136.811813,59.939428],[-136.811833,59.939455]]]},"properties":{"WATERBODY_TYPE":"Lake","OFFICIAL_NAME_LABEL":null,"PERMANENCY":"Permanent"}},{"type":"Feature","geometry":{"type":"Polygon","coordinates":[[[-136.626847,59.999902],[-136.626717,59.999823],[-136.626752,59.999759],[-136.626821,59.999724],[-136.627088,59.999692],[-136.627214,59.999701],[-136.627366,59.999842],[-136.627406,59.999923],[-136.627138,59.99997],[-136.626847,59.999902]]]},"properties":{"WATERBODY_TYPE":"Lake","OFFICIAL_NAME_LABEL":null,"PERMANENCY":"Permanent"}},{"type":"Feature","geometry":{"type":"Polygon","coordinates":[[[-136.812517,59.951023],[-136.812182,59.95109],[-136.811983,59.951092],[-136.811837,59.951023],[-136.811764,59.950989],[-136.811798,59.950943],[-136.812045,59.950876],[-136.812311,59.950865],[-136.812568,59.950959],[-136.81257,59.950996],[-136.812517,59.951023]]]},"properties":{"WATERBODY_TYPE":"Lake","OFFICIAL_NAME_LABEL":null,"PERMANENCY":"Permanent"}},{"type":"Feature","geometry":{"type":"Polygon","coordinates":[[[-136.831692,59.953542],[-136.831677,59.953642],[-136.8315,59.95368],[-136.83118,59.953666],[-136.831103,59.953605],[-136.83108,59.953497],[-136.831095,59.953461],[-136.831219,59.953432],[-136.831562,59.953464],[-136.831653,59.953507],[-136.831692,59.953542]]]},"properties":{"WATERBODY_TYPE":"Lake","OFFICIAL_NAME_LABEL":null,"PERMANENCY":"Permanent"}},{"type":"Feature","geometry":{"type":"Polygon","coordinates":[[[-136.745816,59.991862],[-136.745737,59.992061],[-136.745632,59.992081],[-136.745553,59.991983],[-136.745388,59.991878],[-136.745433,59.991742],[-136.745503,59.99167],[-136.745644,59.991658],[-136.745737,59.991692],[-136.745775,59.991747],[-136.745816,59.991862]]]},"properties":{"WATERBODY_TYPE":"Lake","OFFICIAL_NAME_LABEL":null,"PERMANENCY":"Permanent"}},{"type":"Feature","geometry":{"type":"Polygon","coordinates":[[[-136.642621,59.912572],[-136.642572,59.912662],[-136.642344,59.912719],[-136.642254,59.912701],[-136.642216,59.912676],[-136.642086,59.912588],[-136.64215,59.912442],[-136.642434,59.912421],[-136.642544,59.912438],[-136.642621,59.912572]]]},"properties":{"WATERBODY_TYPE":"Lake","OFFICIAL_NAME_LABEL":null,"PERMANENCY":"Permanent"}},{"type":"Feature","geometry":{"type":"Polygon","coordinates":[[[-136.748158,59.890431],[-136.748145,59.890504],[-136.74785,59.89066],[-136.74758,59.890636],[-136.747543,59.890611],[-136.747559,59.890538],[-136.747555,59.890511],[-136.747731,59.890418],[-136.748014,59.890388],[-136.748122,59.890396],[-136.748142,59.890414],[-136.748158,59.890431]]]},"properties":{"WATERBODY_TYPE":"Lake","OFFICIAL_NAME_LABEL":null,"PERMANENCY":"Permanent"}},{"type":"Feature","geometry":{"type":"Polygon","coordinates":[[[-136.748026,59.917853],[-136.74782,59.917973],[-136.747679,59.918047],[-136.747608,59.918048],[-136.747571,59.918021],[-136.747568,59.917931],[-136.747601,59.917904],[-136.747761,59.917866],[-136.747772,59.917757],[-136.747801,59.917605],[-136.747888,59.917577],[-136.74796,59.917585],[-136.748059,59.917755],[-136.748062,59.917799],[-136.748026,59.917853]]]},"properties":{"WATERBODY_TYPE":"Lake","OFFICIAL_NAME_LABEL":null,"PERMANENCY":"Permanent"}},{"type":"Feature","geometry":{"type":"Polygon","coordinates":[[[-136.849597,59.984647],[-136.849632,59.984674],[-136.849658,59.984826],[-136.849592,59.984907],[-136.849179,59.984905],[-136.849141,59.984878],[-136.849154,59.984744],[-136.849203,59.984707],[-136.849399,59.98466],[-136.849597,59.984647]]]},"properties":{"WATERBODY_TYPE":"Lake","OFFICIAL_NAME_LABEL":null,"PERMANENCY":"Permanent"}},{"type":"Feature","geometry":{"type":"Polygon","coordinates":[[[-136.559298,59.9888],[-136.559291,59.988656],[-136.559323,59.988592],[-136.559393,59.988583],[-136.559448,59.98859],[-136.559546,59.988733],[-136.559606,59.988868],[-136.559609,59.988939],[-136.559433,59.989031],[-136.559306,59.989015],[-136.559288,59.988988],[-136.559298,59.9888]]]},"properties":{"WATERBODY_TYPE":"Lake","OFFICIAL_NAME_LABEL":null,"PERMANENCY":"Permanent"}},{"type":"Feature","geometry":{"type":"Polygon","coordinates":[[[-136.677855,59.986259],[-136.677828,59.986098],[-136.677861,59.986007],[-136.677986,59.985979],[-136.678075,59.986006],[-136.678175,59.986184],[-136.678125,59.986283],[-136.678164,59.986317],[-136.678147,59.986363],[-136.678025,59.98641],[-136.67797,59.986383],[-136.677855,59.986259]]]},"properties":{"WATERBODY_TYPE":"Lake","OFFICIAL_NAME_LABEL":null,"PERMANENCY":"Permanent"}},{"type":"Feature","geometry":{"type":"Polygon","coordinates":[[[-136.838115,59.941508],[-136.837956,59.941527],[-136.837707,59.941584],[-136.837584,59.941596],[-136.83751,59.941579],[-136.837454,59.941516],[-136.837452,59.94148],[-136.837662,59.941415],[-136.837769,59.941387],[-136.838128,59.941391],[-136.838165,59.941416],[-136.838151,59.94148],[-136.838115,59.941508]]]},"properties":{"WATERBODY_TYPE":"Lake","OFFICIAL_NAME_LABEL":null,"PERMANENCY":"Permanent"}},{"type":"Feature","geometry":{"type":"Polygon","coordinates":[[[-136.701031,59.977476],[-136.700959,59.977494],[-136.700759,59.97747],[-136.700646,59.977345],[-136.700624,59.977282],[-136.700442,59.977195],[-136.700442,59.977177],[-136.700458,59.977168],[-136.700494,59.977158],[-136.700946,59.977242],[-136.701047,59.977449],[-136.701031,59.977476]]]},"properties":{"WATERBODY_TYPE":"Lake","OFFICIAL_NAME_LABEL":null,"PERMANENCY":"Permanent"}},{"type":"Feature","geometry":{"type":"Polygon","coordinates":[[[-136.566723,59.991375],[-136.566552,59.991372],[-136.566176,59.991349],[-136.56614,59.991332],[-136.566138,59.991296],[-136.56642,59.99123],[-136.566723,59.99119],[-136.566929,59.991332],[-136.566895,59.991376],[-136.566723,59.991375]]]},"properties":{"WATERBODY_TYPE":"Lake","OFFICIAL_NAME_LABEL":null,"PERMANENCY":"Permanent"}},{"type":"Feature","geometry":{"type":"Polygon","coordinates":[[[-136.690887,59.935331],[-136.690723,59.93527],[-136.690704,59.935234],[-136.690739,59.935198],[-136.690701,59.935171],[-136.690629,59.935164],[-136.690609,59.935137],[-136.690624,59.935056],[-136.690676,59.935019],[-136.690729,59.935009],[-136.691021,59.935113],[-136.691059,59.935167],[-136.691049,59.935311],[-136.691015,59.935329],[-136.690887,59.935331]]]},"properties":{"WATERBODY_TYPE":"Lake","OFFICIAL_NAME_LABEL":null,"PERMANENCY":"Permanent"}},{"type":"Feature","geometry":{"type":"Polygon","coordinates":[[[-136.817706,59.927411],[-136.81771,59.927482],[-136.817675,59.927519],[-136.817537,59.927566],[-136.817379,59.92764],[-136.817326,59.92765],[-136.817288,59.927623],[-136.817246,59.927516],[-136.817153,59.927436],[-136.817205,59.927399],[-136.817472,59.927378],[-136.81767,59.927394],[-136.817706,59.927411]]]},"properties":{"WATERBODY_TYPE":"Lake","OFFICIAL_NAME_LABEL":null,"PERMANENCY":"Permanent"}},{"type":"Feature","geometry":{"type":"Polygon","coordinates":[[[-136.815074,59.931651],[-136.814862,59.931681],[-136.814575,59.931658],[-136.814602,59.931495],[-136.814673,59.931477],[-136.814975,59.931481],[-136.815105,59.931515],[-136.815139,59.931541],[-136.815126,59.931587],[-136.815074,59.931651]]]},"properties":{"WATERBODY_TYPE":"Lake","OFFICIAL_NAME_LABEL":null,"PERMANENCY":"Permanent"}},{"type":"Feature","geometry":{"type":"Polygon","coordinates":[[[-136.745815,59.915251],[-136.745654,59.915208],[-136.745635,59.9152],[-136.745381,59.915123],[-136.745359,59.915087],[-136.745589,59.915039],[-136.745602,59.914922],[-136.745656,59.91492],[-136.745805,59.915036],[-136.745937,59.91516],[-136.745956,59.915195],[-136.74594,59.915222],[-136.745868,59.915241],[-136.745815,59.915251]]]},"properties":{"WATERBODY_TYPE":"Lake","OFFICIAL_NAME_LABEL":null,"PERMANENCY":"Permanent"}},{"type":"Feature","geometry":{"type":"Polygon","coordinates":[[[-136.861675,59.99292],[-136.861767,59.992964],[-136.861769,59.993],[-136.861736,59.993027],[-136.861451,59.993094],[-136.861343,59.993095],[-136.861148,59.993107],[-136.86104,59.993082],[-136.861039,59.993055],[-136.861387,59.992916],[-136.861461,59.992914],[-136.861675,59.99292]]]},"properties":{"WATERBODY_TYPE":"Lake","OFFICIAL_NAME_LABEL":null,"PERMANENCY":"Permanent"}},{"type":"Feature","geometry":{"type":"Polygon","coordinates":[[[-136.684695,59.980451],[-136.684621,59.980434],[-136.684527,59.980327],[-136.684525,59.98031],[-136.684571,59.980138],[-136.684603,59.980102],[-136.684656,59.980074],[-136.684711,59.980074],[-136.68482,59.980126],[-136.684811,59.980297],[-136.684799,59.980404],[-136.68473,59.980441],[-136.684695,59.980451]]]},"properties":{"WATERBODY_TYPE":"Lake","OFFICIAL_NAME_LABEL":null,"PERMANENCY":"Permanent"}},{"type":"Feature","geometry":{"type":"Polygon","coordinates":[[[-136.695437,59.988684],[-136.695354,59.988811],[-136.695052,59.988878],[-136.694998,59.988851],[-136.694994,59.988761],[-136.695095,59.988616],[-136.695163,59.988598],[-136.695328,59.988613],[-136.695437,59.988684]]]},"properties":{"WATERBODY_TYPE":"Lake","OFFICIAL_NAME_LABEL":null,"PERMANENCY":"Permanent"}},{"type":"Feature","geometry":{"type":"Polygon","coordinates":[[[-136.639266,59.950433],[-136.639211,59.95038],[-136.639244,59.950353],[-136.639512,59.950313],[-136.639565,59.950331],[-136.639788,59.950517],[-136.639651,59.9506],[-136.639266,59.950433]]]},"properties":{"WATERBODY_TYPE":"Lake","OFFICIAL_NAME_LABEL":null,"PERMANENCY":"Permanent"}},{"type":"Feature","geometry":{"type":"Polygon","coordinates":[[[-136.797613,59.96345],[-136.797668,59.963477],[-136.797658,59.963638],[-136.797804,59.963708],[-136.797825,59.963735],[-136.797791,59.963762],[-136.797737,59.963764],[-136.797409,59.963668],[-136.797311,59.963536],[-136.7974,59.963499],[-136.797415,59.963462],[-136.797487,59.963443],[-136.797559,59.963452],[-136.797613,59.96345]]]},"properties":{"WATERBODY_TYPE":"Lake","OFFICIAL_NAME_LABEL":null,"PERMANENCY":"Permanent"}},{"type":"Feature","geometry":{"type":"Polygon","coordinates":[[[-136.706843,59.975505],[-136.707026,59.97562],[-136.707011,59.975656],[-136.707011,59.975683],[-136.706959,59.97572],[-136.70669,59.975704],[-136.706557,59.975563],[-136.706557,59.975536],[-136.706592,59.975499],[-136.706771,59.975498],[-136.706843,59.975505]]]},"properties":{"WATERBODY_TYPE":"Lake","OFFICIAL_NAME_LABEL":null,"PERMANENCY":"Permanent"}},{"type":"Feature","geometry":{"type":"Polygon","coordinates":[[[-136.681189,59.985526],[-136.681021,59.985393],[-136.681048,59.985249],[-136.681064,59.985177],[-136.681078,59.985158],[-136.681133,59.98514],[-136.681167,59.98514],[-136.681206,59.985157],[-136.681225,59.985165],[-136.681286,59.985326],[-136.681277,59.985497],[-136.68124,59.985524],[-136.681189,59.985526]]]},"properties":{"WATERBODY_TYPE":"Lake","OFFICIAL_NAME_LABEL":null,"PERMANENCY":"Permanent"}},{"type":"Feature","geometry":{"type":"Polygon","coordinates":[[[-136.685566,59.98282],[-136.685446,59.982902],[-136.685398,59.982993],[-136.685345,59.98302],[-136.685221,59.98303],[-136.685164,59.983013],[-136.685067,59.982854],[-136.68512,59.982825],[-136.685548,59.982794],[-136.685566,59.98282]]]},"properties":{"WATERBODY_TYPE":"Lake","OFFICIAL_NAME_LABEL":null,"PERMANENCY":"Permanent"}},{"type":"Feature","geometry":{"type":"Polygon","coordinates":[[[-136.646271,59.950876],[-136.646038,59.950879],[-136.646004,59.950879],[-136.645912,59.950826],[-136.645907,59.950763],[-136.646083,59.950698],[-136.646335,59.950714],[-136.646411,59.950812],[-136.646271,59.950876]]]},"properties":{"WATERBODY_TYPE":"Lake","OFFICIAL_NAME_LABEL":null,"PERMANENCY":"Permanent"}},{"type":"Feature","geometry":{"type":"Polygon","coordinates":[[[-136.681942,59.981672],[-136.681887,59.981663],[-136.681777,59.981602],[-136.681754,59.981495],[-136.681787,59.981467],[-136.682053,59.98141],[-136.682147,59.981454],[-136.682131,59.981481],[-136.682076,59.981499],[-136.682062,59.981562],[-136.682031,59.981653],[-136.681942,59.981672]]]},"properties":{"WATERBODY_TYPE":"Lake","OFFICIAL_NAME_LABEL":null,"PERMANENCY":"Permanent"}},{"type":"Feature","geometry":{"type":"Polygon","coordinates":[[[-136.745556,59.915416],[-136.745558,59.915479],[-136.7454,59.91549],[-136.745275,59.915483],[-136.74516,59.915368],[-136.745139,59.915296],[-136.745172,59.915259],[-136.745226,59.915259],[-136.745445,59.915328],[-136.745556,59.915416]]]},"properties":{"WATERBODY_TYPE":"Lake","OFFICIAL_NAME_LABEL":null,"PERMANENCY":"Permanent"}},{"type":"Feature","geometry":{"type":"Polygon","coordinates":[[[-136.812567,59.941762],[-136.812493,59.9417],[-136.812488,59.941637],[-136.812772,59.94157],[-136.812863,59.941614],[-136.812954,59.941659],[-136.812941,59.941713],[-136.812567,59.941762]]]},"properties":{"WATERBODY_TYPE":"Lake","OFFICIAL_NAME_LABEL":null,"PERMANENCY":"Permanent"}},{"type":"Feature","geometry":{"type":"Polygon","coordinates":[[[-136.680747,59.984929],[-136.68049,59.98486],[-136.680471,59.984825],[-136.680501,59.984708],[-136.680554,59.984698],[-136.680609,59.984707],[-136.680812,59.984821],[-136.680905,59.9849],[-136.680889,59.984927],[-136.680747,59.984929]]]},"properties":{"WATERBODY_TYPE":"Lake","OFFICIAL_NAME_LABEL":null,"PERMANENCY":"Permanent"}},{"type":"Feature","geometry":{"type":"Polygon","coordinates":[[[-136.75997,59.929191],[-136.759897,59.929174],[-136.759713,59.929069],[-136.75971,59.929023],[-136.759726,59.928996],[-136.759779,59.928987],[-136.760016,59.929037],[-136.76018,59.929143],[-136.760165,59.92918],[-136.760129,59.929188],[-136.75997,59.929191]]]},"properties":{"WATERBODY_TYPE":"Lake","OFFICIAL_NAME_LABEL":null,"PERMANENCY":"Permanent"}},{"type":"Feature","geometry":{"type":"Polygon","coordinates":[[[-136.64693,59.950446],[-136.646823,59.950456],[-136.646679,59.95044],[-136.646588,59.950396],[-136.64657,59.950369],[-136.646583,59.950298],[-136.646635,59.950279],[-136.646941,59.950311],[-136.647002,59.950409],[-136.64693,59.950446]]]},"properties":{"WATERBODY_TYPE":"Lake","OFFICIAL_NAME_LABEL":null,"PERMANENCY":"Permanent"}},{"type":"Feature","geometry":{"type":"Polygon","coordinates":[[[-136.643738,59.951393],[-136.6437,59.951412],[-136.643544,59.951457],[-136.643434,59.951441],[-136.643339,59.951299],[-136.643372,59.951272],[-136.643425,59.951262],[-136.643716,59.951312],[-136.643752,59.951347],[-136.643738,59.951393]]]},"properties":{"WATERBODY_TYPE":"Lake","OFFICIAL_NAME_LABEL":null,"PERMANENCY":"Permanent"}},{"type":"Feature","geometry":{"type":"Polygon","coordinates":[[[-136.691642,59.973995],[-136.691564,59.973897],[-136.691579,59.97386],[-136.69165,59.973841],[-136.691775,59.973813],[-136.691938,59.973839],[-136.691942,59.973937],[-136.691908,59.973964],[-136.691642,59.973995]]]},"properties":{"WATERBODY_TYPE":"Lake","OFFICIAL_NAME_LABEL":null,"PERMANENCY":"Permanent"}},{"type":"Feature","geometry":{"type":"Polygon","coordinates":[[[-136.811825,59.940308],[-136.811718,59.940301],[-136.811856,59.9402],[-136.811924,59.940182],[-136.812072,59.940224],[-136.81211,59.94025],[-136.812093,59.940314],[-136.812024,59.940333],[-136.811825,59.940308]]]},"properties":{"WATERBODY_TYPE":"Lake","OFFICIAL_NAME_LABEL":null,"PERMANENCY":"Permanent"}},{"type":"Feature","geometry":{"type":"Polygon","coordinates":[[[-136.638864,59.998846],[-136.638618,59.998949],[-136.638316,59.999014],[-136.637905,59.999011],[-136.63785,59.999003],[-136.637794,59.99894],[-136.637735,59.998842],[-136.637732,59.998771],[-136.63773,59.998762],[-136.637828,59.998571],[-136.637873,59.998392],[-136.637759,59.998241],[-136.637749,59.998052],[-136.637784,59.998016],[-136.638028,59.997923],[-136.63824,59.997821],[-136.638347,59.997811],[-136.638507,59.997791],[-136.638596,59.997799],[-136.638654,59.997825],[-136.638693,59.997906],[-136.638662,59.997996],[-136.638631,59.998086],[-136.638443,59.998287],[-136.638463,59.998349],[-136.638509,59.998527],[-136.638728,59.998614],[-136.638854,59.998623],[-136.638884,59.998523],[-136.638936,59.998504],[-136.639063,59.99852],[-136.639084,59.998547],[-136.63907,59.998682],[-136.639002,59.998747],[-136.638864,59.998846]]]},"properties":{"WATERBODY_TYPE":"Lake","OFFICIAL_NAME_LABEL":null,"PERMANENCY":"Permanent"}},{"type":"Feature","geometry":{"type":"Polygon","coordinates":[[[-136.798769,59.962968],[-136.798492,59.962855],[-136.798206,59.962841],[-136.798097,59.962815],[-136.798097,59.962797],[-136.798094,59.962771],[-136.798484,59.962711],[-136.798521,59.962684],[-136.798499,59.962649],[-136.798243,59.962526],[-136.798235,59.962382],[-136.798245,59.96222],[-136.798277,59.962184],[-136.798349,59.962166],[-136.798493,59.962181],[-136.798673,59.962187],[-136.798744,59.962204],[-136.798913,59.96232],[-136.799075,59.962344],[-136.799146,59.962342],[-136.799336,59.962206],[-136.799603,59.962184],[-136.799766,59.962191],[-136.799838,59.962217],[-136.799874,59.962234],[-136.799883,59.962386],[-136.799927,59.962539],[-136.799718,59.962658],[-136.799509,59.962778],[-136.799445,59.962913],[-136.799272,59.963006],[-136.7992,59.962997],[-136.798982,59.962921],[-136.798961,59.962875],[-136.798922,59.962858],[-136.798871,59.962859],[-136.798838,59.962931],[-136.798769,59.962968]]]},"properties":{"WATERBODY_TYPE":"Lake","OFFICIAL_NAME_LABEL":null,"PERMANENCY":"Permanent"}},{"type":"Feature","geometry":{"type":"Polygon","coordinates":[[[-136.641167,59.996088],[-136.641156,59.996223],[-136.641039,59.996395],[-136.640922,59.996566],[-136.640892,59.996711],[-136.640918,59.996864],[-136.640924,59.997025],[-136.640894,59.997097],[-136.64084,59.997116],[-136.640698,59.997126],[-136.640389,59.997022],[-136.640186,59.996908],[-136.640193,59.99672],[-136.640311,59.996583],[-136.640415,59.996456],[-136.64055,59.996293],[-136.640633,59.996166],[-136.640642,59.995995],[-136.640548,59.995907],[-136.64031,59.995828],[-136.640272,59.995803],[-136.640211,59.995642],[-136.640349,59.995496],[-136.640628,59.995385],[-136.640663,59.995348],[-136.640658,59.995267],[-136.640712,59.99524],[-136.640801,59.99523],[-136.640837,59.995239],[-136.640933,59.99539],[-136.640851,59.995526],[-136.640808,59.995714],[-136.64081,59.995796],[-136.64085,59.99584],[-136.641142,59.995944],[-136.641167,59.996088]]]},"properties":{"WATERBODY_TYPE":"Lake","OFFICIAL_NAME_LABEL":null,"PERMANENCY":"Permanent"}},{"type":"Feature","geometry":{"type":"Polygon","coordinates":[[[-136.668232,59.930752],[-136.668208,59.930608],[-136.668235,59.930437],[-136.668229,59.930302],[-136.668184,59.930151],[-136.668106,59.930007],[-136.668046,59.929873],[-136.668038,59.929721],[-136.66811,59.929711],[-136.668161,59.929711],[-136.668237,59.929745],[-136.668366,59.929869],[-136.668518,59.929984],[-136.668683,59.9301],[-136.668796,59.930224],[-136.668895,59.930375],[-136.66892,59.930527],[-136.668998,59.930669],[-136.669026,59.93084],[-136.669103,59.930983],[-136.669236,59.931107],[-136.669413,59.931114],[-136.669527,59.931202],[-136.669547,59.931246],[-136.669387,59.931267],[-136.669278,59.931232],[-136.668955,59.931219],[-136.668884,59.931219],[-136.668491,59.931242],[-136.6684,59.931216],[-136.668355,59.931064],[-136.668312,59.930903],[-136.668274,59.93085],[-136.668232,59.930752]]]},"properties":{"WATERBODY_TYPE":"Lake","OFFICIAL_NAME_LABEL":null,"PERMANENCY":"Permanent"}},{"type":"Feature","geometry":{"type":"Polygon","coordinates":[[[-136.796107,59.948894],[-136.7957,59.948953],[-136.795608,59.948946],[-136.795591,59.948928],[-136.795638,59.948811],[-136.795672,59.948765],[-136.795681,59.948621],[-136.795759,59.948441],[-136.796161,59.948228],[-136.79623,59.948191],[-136.796679,59.948194],[-136.797018,59.948198],[-136.797131,59.948251],[-136.797274,59.948258],[-136.797344,59.948231],[-136.797374,59.948159],[-136.797336,59.948104],[-136.79737,59.948086],[-136.79746,59.948076],[-136.797571,59.94812],[-136.79759,59.948156],[-136.797562,59.948308],[-136.797495,59.948408],[-136.797464,59.948472],[-136.79729,59.948573],[-136.797006,59.94864],[-136.796708,59.948733],[-136.796535,59.948861],[-136.796144,59.948894],[-136.796107,59.948894]]]},"properties":{"WATERBODY_TYPE":"Lake","OFFICIAL_NAME_LABEL":null,"PERMANENCY":"Permanent"}},{"type":"Feature","geometry":{"type":"Polygon","coordinates":[[[-136.561259,59.988192],[-136.561373,59.988326],[-136.561308,59.988461],[-136.561041,59.988509],[-136.560916,59.988511],[-136.560899,59.988538],[-136.560772,59.988548],[-136.560504,59.988542],[-136.560145,59.988565],[-136.55984,59.988515],[-136.55962,59.988418],[-136.559453,59.988294],[-136.559285,59.98818],[-136.559246,59.988099],[-136.559298,59.988064],[-136.559529,59.987998],[-136.559814,59.987958],[-136.5601,59.987945],[-136.56044,59.987951],[-136.560746,59.987982],[-136.560966,59.988079],[-136.561259,59.988192]]]},"properties":{"WATERBODY_TYPE":"Lake","OFFICIAL_NAME_LABEL":null,"PERMANENCY":"Permanent"}},{"type":"Feature","geometry":{"type":"Polygon","coordinates":[[[-136.553126,59.985612],[-136.553148,59.985765],[-136.553188,59.985809],[-136.55346,59.985886],[-136.553821,59.985927],[-136.553877,59.98599],[-136.554081,59.986112],[-136.5541,59.986175],[-136.554048,59.986194],[-136.553924,59.986222],[-136.553563,59.986164],[-136.553278,59.986204],[-136.552991,59.986233],[-136.552906,59.986298],[-136.55262,59.986336],[-136.552476,59.98632],[-136.552543,59.986175],[-136.552249,59.986081],[-136.552214,59.986054],[-136.552208,59.985964],[-136.552132,59.98583],[-136.552018,59.985697],[-136.552105,59.985669],[-136.552408,59.985657],[-136.552759,59.985481],[-136.552849,59.985471],[-136.552956,59.985489],[-136.552995,59.985524],[-136.553126,59.985612]]]},"properties":{"WATERBODY_TYPE":"Lake","OFFICIAL_NAME_LABEL":null,"PERMANENCY":"Permanent"}},{"type":"Feature","geometry":{"type":"Polygon","coordinates":[[[-136.573613,59.898757],[-136.573585,59.898918],[-136.573554,59.899062],[-136.57349,59.899207],[-136.57339,59.899342],[-136.573219,59.899498],[-136.573166,59.899525],[-136.572901,59.899565],[-136.572576,59.899559],[-136.572291,59.899526],[-136.572235,59.899509],[-136.572212,59.899365],[-136.571952,59.899172],[-136.571965,59.89909],[-136.572071,59.89908],[-136.572682,59.899109],[-136.572987,59.899115],[-136.573145,59.899085],[-136.573197,59.899022],[-136.573171,59.898878],[-136.573197,59.89868],[-136.573283,59.898616],[-136.573336,59.898608],[-136.573463,59.89865],[-136.573613,59.898757]]]},"properties":{"WATERBODY_TYPE":"Lake","OFFICIAL_NAME_LABEL":null,"PERMANENCY":"Permanent"}},{"type":"Feature","geometry":{"type":"Polygon","coordinates":[[[-136.817262,59.92288],[-136.817396,59.923031],[-136.817439,59.923184],[-136.817369,59.923194],[-136.817132,59.923098],[-136.816894,59.923021],[-136.816498,59.92299],[-136.816172,59.922932],[-136.815937,59.922872],[-136.815647,59.922805],[-136.815379,59.922781],[-136.815092,59.922776],[-136.814914,59.922788],[-136.814841,59.922771],[-136.814803,59.922744],[-136.8148,59.922699],[-136.814853,59.922672],[-136.815155,59.922614],[-136.81535,59.922603],[-136.815762,59.922605],[-136.816066,59.922583],[-136.816329,59.922526],[-136.816472,59.922514],[-136.816545,59.922531],[-136.81675,59.922681],[-136.81707,59.92265],[-136.8172,59.922729],[-136.817202,59.922746],[-136.817262,59.92288]]]},"properties":{"WATERBODY_TYPE":"Lake","OFFICIAL_NAME_LABEL":null,"PERMANENCY":"Permanent"}},{"type":"Feature","geometry":{"type":"Polygon","coordinates":[[[-136.553587,59.934684],[-136.553789,59.934781],[-136.553776,59.934854],[-136.553677,59.935016],[-136.553593,59.935143],[-136.553527,59.935297],[-136.553501,59.935476],[-136.553434,59.93562],[-136.553334,59.93573],[-136.553189,59.935731],[-136.553118,59.935714],[-136.552881,59.935608],[-136.552553,59.935532],[-136.552499,59.935487],[-136.552494,59.935425],[-136.55253,59.935398],[-136.552832,59.935331],[-136.553059,59.935238],[-136.553122,59.935086],[-136.552957,59.934943],[-136.552859,59.934774],[-136.552856,59.934703],[-136.552944,59.934656],[-136.553211,59.934661],[-136.553587,59.934684]]]},"properties":{"WATERBODY_TYPE":"Lake","OFFICIAL_NAME_LABEL":null,"PERMANENCY":"Permanent"}},{"type":"Feature","geometry":{"type":"Polygon","coordinates":[[[-136.756929,59.896062],[-136.756701,59.896138],[-136.756363,59.896161],[-136.756291,59.896152],[-136.755904,59.895933],[-136.755734,59.895782],[-136.75555,59.895676],[-136.755559,59.895524],[-136.755787,59.895423],[-136.75591,59.895403],[-136.755982,59.89541],[-136.756237,59.895497],[-136.756491,59.895574],[-136.756749,59.895679],[-136.756969,59.895802],[-136.757065,59.895926],[-136.756997,59.89599],[-136.756929,59.896062]]]},"properties":{"WATERBODY_TYPE":"Lake","OFFICIAL_NAME_LABEL":null,"PERMANENCY":"Permanent"}},{"type":"Feature","geometry":{"type":"Polygon","coordinates":[[[-136.759088,59.883478],[-136.758824,59.883544],[-136.758557,59.883565],[-136.758287,59.883561],[-136.757965,59.883529],[-136.757712,59.883478],[-136.757422,59.88341],[-136.757185,59.883314],[-136.757148,59.88327],[-136.757161,59.883171],[-136.75717,59.883045],[-136.757222,59.883008],[-136.757274,59.88299],[-136.757436,59.882988],[-136.757507,59.882995],[-136.757581,59.883039],[-136.757642,59.883183],[-136.757738,59.883307],[-136.757994,59.883403],[-136.758283,59.883461],[-136.758552,59.883458],[-136.758833,59.883391],[-136.758987,59.883263],[-136.759,59.883192],[-136.758676,59.883124],[-136.758454,59.88301],[-136.758359,59.882886],[-136.758376,59.88284],[-136.758446,59.882813],[-136.758749,59.882809],[-136.75884,59.882853],[-136.75897,59.882914],[-136.759119,59.883055],[-136.759269,59.883188],[-136.759296,59.88335],[-136.759088,59.883478]]]},"properties":{"WATERBODY_TYPE":"Lake","OFFICIAL_NAME_LABEL":null,"PERMANENCY":"Permanent"}},{"type":"Feature","geometry":{"type":"Polygon","coordinates":[[[-136.633282,59.996536],[-136.633213,59.996599],[-136.633053,59.996619],[-136.632944,59.996585],[-136.632843,59.996361],[-136.632807,59.996344],[-136.632698,59.996337],[-136.632396,59.996402],[-136.63218,59.996388],[-136.631936,59.996499],[-136.631591,59.996458],[-136.631537,59.996432],[-136.631498,59.996351],[-136.631757,59.996177],[-136.631644,59.996053],[-136.631696,59.996035],[-136.632019,59.996022],[-136.632325,59.996036],[-136.632564,59.99614],[-136.632633,59.996149],[-136.632832,59.996119],[-136.633158,59.996241],[-136.633292,59.996392],[-136.633278,59.996482],[-136.633282,59.996536]]]},"properties":{"WATERBODY_TYPE":"Lake","OFFICIAL_NAME_LABEL":null,"PERMANENCY":"Permanent"}},{"type":"Feature","geometry":{"type":"Polygon","coordinates":[[[-136.750207,59.890925],[-136.750135,59.890944],[-136.74994,59.890947],[-136.749682,59.890824],[-136.749709,59.89068],[-136.74993,59.890453],[-136.749964,59.890407],[-136.750227,59.890314],[-136.750547,59.89031],[-136.750855,59.89036],[-136.750945,59.890403],[-136.75097,59.890528],[-136.750886,59.890602],[-136.750642,59.890713],[-136.750589,59.89074],[-136.750207,59.890925]]]},"properties":{"WATERBODY_TYPE":"Lake","OFFICIAL_NAME_LABEL":null,"PERMANENCY":"Permanent"}},{"type":"Feature","geometry":{"type":"Polygon","coordinates":[[[-136.666444,59.991729],[-136.666452,59.991873],[-136.666367,59.992009],[-136.666194,59.992145],[-136.666109,59.992192],[-136.665985,59.992248],[-136.665893,59.992195],[-136.665901,59.99197],[-136.665891,59.991808],[-136.665834,59.991747],[-136.665763,59.991721],[-136.665456,59.991707],[-136.665067,59.991801],[-136.664819,59.991885],[-136.664782,59.991868],[-136.664793,59.991714],[-136.664965,59.991587],[-136.665337,59.991492],[-136.665698,59.991533],[-136.665985,59.991547],[-136.66624,59.99158],[-136.666444,59.991729]]]},"properties":{"WATERBODY_TYPE":"Lake","OFFICIAL_NAME_LABEL":null,"PERMANENCY":"Permanent"}},{"type":"Feature","geometry":{"type":"Polygon","coordinates":[[[-136.557051,59.989491],[-136.556946,59.989536],[-136.556879,59.989609],[-136.556827,59.989627],[-136.556523,59.989659],[-136.556275,59.989724],[-136.555933,59.989674],[-136.555696,59.989605],[-136.555639,59.989535],[-136.555651,59.989381],[-136.555715,59.989237],[-136.555767,59.989219],[-136.555838,59.989217],[-136.556363,59.989293],[-136.556668,59.989297],[-136.556938,59.98934],[-136.557031,59.989374],[-136.55707,59.989455],[-136.557051,59.989491]]]},"properties":{"WATERBODY_TYPE":"Lake","OFFICIAL_NAME_LABEL":null,"PERMANENCY":"Permanent"}},{"type":"Feature","geometry":{"type":"Polygon","coordinates":[[[-136.877674,59.931636],[-136.877576,59.931475],[-136.877444,59.931343],[-136.877402,59.931218],[-136.877357,59.931075],[-136.877276,59.930941],[-136.877091,59.930836],[-136.877013,59.930694],[-136.876934,59.930551],[-136.876942,59.93038],[-136.877047,59.93036],[-136.87712,59.930369],[-136.877322,59.930483],[-136.877404,59.930625],[-136.877484,59.930776],[-136.877562,59.93091],[-136.877642,59.931044],[-136.877719,59.931168],[-136.877799,59.93132],[-136.877861,59.931463],[-136.87796,59.931605],[-136.878096,59.931819],[-136.878063,59.931846],[-136.87801,59.931856],[-136.877674,59.931636]]]},"properties":{"WATERBODY_TYPE":"Lake","OFFICIAL_NAME_LABEL":null,"PERMANENCY":"Permanent"}},{"type":"Feature","geometry":{"type":"Polygon","coordinates":[[[-136.74077,59.890286],[-136.740468,59.890327],[-136.740127,59.890304],[-136.739858,59.890263],[-136.739621,59.890185],[-136.739273,59.890037],[-136.739254,59.890001],[-136.73927,59.889947],[-136.739337,59.889901],[-136.739623,59.88987],[-136.739982,59.889901],[-136.740252,59.889926],[-136.740542,59.889994],[-136.74074,59.890081],[-136.740804,59.890223],[-136.740806,59.890259],[-136.74077,59.890286]]]},"properties":{"WATERBODY_TYPE":"Lake","OFFICIAL_NAME_LABEL":null,"PERMANENCY":"Permanent"}},{"type":"Feature","geometry":{"type":"Polygon","coordinates":[[[-136.885462,59.966024],[-136.885574,59.966139],[-136.885656,59.966282],[-136.885627,59.966444],[-136.885512,59.966598],[-136.88544,59.966616],[-136.885082,59.966595],[-136.884876,59.966464],[-136.884817,59.96632],[-136.884808,59.966176],[-136.884906,59.966014],[-136.884959,59.965985],[-136.885114,59.965894],[-136.885149,59.965903],[-136.885259,59.96591],[-136.885371,59.96598],[-136.885462,59.966024]]]},"properties":{"WATERBODY_TYPE":"Lake","OFFICIAL_NAME_LABEL":null,"PERMANENCY":"Permanent"}},{"type":"Feature","geometry":{"type":"Polygon","coordinates":[[[-136.569296,59.992516],[-136.569225,59.992544],[-136.568922,59.992555],[-136.568673,59.992631],[-136.568618,59.992578],[-136.568297,59.992635],[-136.568226,59.992637],[-136.568135,59.992611],[-136.567973,59.992567],[-136.5679,59.992533],[-136.567838,59.992362],[-136.567869,59.992318],[-136.567904,59.992299],[-136.567978,59.992298],[-136.568088,59.992359],[-136.568142,59.992359],[-136.568208,59.992268],[-136.568492,59.992219],[-136.568765,59.992262],[-136.56898,59.992276],[-136.569034,59.992295],[-136.569311,59.99248],[-136.569296,59.992516]]]},"properties":{"WATERBODY_TYPE":"Lake","OFFICIAL_NAME_LABEL":null,"PERMANENCY":"Permanent"}},{"type":"Feature","geometry":{"type":"Polygon","coordinates":[[[-136.880357,59.903162],[-136.880229,59.903118],[-136.880157,59.903065],[-136.880047,59.90305],[-136.879787,59.902892],[-136.87978,59.902729],[-136.880005,59.90261],[-136.88027,59.902526],[-136.880446,59.902531],[-136.880503,59.902548],[-136.880584,59.902709],[-136.880628,59.90287],[-136.880671,59.903004],[-136.880607,59.903158],[-136.880554,59.903168],[-136.880357,59.903162]]]},"properties":{"WATERBODY_TYPE":"Lake","OFFICIAL_NAME_LABEL":null,"PERMANENCY":"Permanent"}},{"type":"Feature","geometry":{"type":"Polygon","coordinates":[[[-136.824986,59.92996],[-136.824934,59.929996],[-136.824688,59.93009],[-136.824444,59.930182],[-136.82414,59.930178],[-136.823972,59.930073],[-136.823935,59.930028],[-136.823836,59.929886],[-136.823942,59.929822],[-136.824026,59.929775],[-136.82431,59.929708],[-136.824668,59.929685],[-136.824756,59.929684],[-136.824812,59.929719],[-136.824984,59.929923],[-136.824986,59.92996]]]},"properties":{"WATERBODY_TYPE":"Lake","OFFICIAL_NAME_LABEL":null,"PERMANENCY":"Permanent"}},{"type":"Feature","geometry":{"type":"Polygon","coordinates":[[[-136.68402,59.980558],[-136.684228,59.98078],[-136.684212,59.980853],[-136.683949,59.980954],[-136.683805,59.980965],[-136.683587,59.980887],[-136.683511,59.980807],[-136.683458,59.98079],[-136.683415,59.980656],[-136.68335,59.980468],[-136.683598,59.980384],[-136.683752,59.980229],[-136.683803,59.98021],[-136.683911,59.980228],[-136.684028,59.980406],[-136.68402,59.980558]]]},"properties":{"WATERBODY_TYPE":"Lake","OFFICIAL_NAME_LABEL":null,"PERMANENCY":"Permanent"}},{"type":"Feature","geometry":{"type":"Polygon","coordinates":[[[-136.638872,59.995048],[-136.638717,59.995166],[-136.638576,59.995203],[-136.638433,59.99517],[-136.638395,59.995143],[-136.63837,59.994999],[-136.638201,59.994858],[-136.638074,59.994841],[-136.638037,59.994797],[-136.638052,59.994762],[-136.638087,59.994725],[-136.638385,59.994605],[-136.638528,59.994612],[-136.638694,59.994663],[-136.638764,59.994653],[-136.638818,59.994635],[-136.638797,59.994599],[-136.638706,59.994538],[-136.638721,59.994501],[-136.638826,59.994472],[-136.638914,59.994427],[-136.638951,59.994427],[-136.638986,59.994435],[-136.639027,59.994534],[-136.639071,59.994668],[-136.639038,59.994767],[-136.638953,59.994813],[-136.638879,59.994814],[-136.638733,59.994743],[-136.638698,59.994736],[-136.638679,59.994745],[-136.638664,59.99478],[-136.638646,59.994817],[-136.638758,59.99487],[-136.638854,59.994994],[-136.638872,59.995048]]]},"properties":{"WATERBODY_TYPE":"Lake","OFFICIAL_NAME_LABEL":null,"PERMANENCY":"Permanent"}},{"type":"Feature","geometry":{"type":"Polygon","coordinates":[[[-136.553051,59.936971],[-136.553194,59.93698],[-136.553397,59.937075],[-136.553492,59.937201],[-136.553587,59.937343],[-136.553554,59.937424],[-136.553501,59.937434],[-136.553376,59.937409],[-136.553264,59.937329],[-136.553157,59.93732],[-136.553052,59.937367],[-136.553077,59.93752],[-136.553027,59.937592],[-136.552972,59.937611],[-136.552849,59.937602],[-136.552811,59.937577],[-136.552767,59.937406],[-136.55274,59.937236],[-136.552662,59.937084],[-136.552728,59.936932],[-136.552798,59.936922],[-136.552871,59.936939],[-136.553051,59.936971]]]},"properties":{"WATERBODY_TYPE":"Lake","OFFICIAL_NAME_LABEL":null,"PERMANENCY":"Permanent"}},{"type":"Feature","geometry":{"type":"Polygon","coordinates":[[[-136.547803,59.931897],[-136.547628,59.931971],[-136.547308,59.932047],[-136.547027,59.932121],[-136.546702,59.932116],[-136.546666,59.932098],[-136.546589,59.931938],[-136.546653,59.931812],[-136.547026,59.931726],[-136.547331,59.931732],[-136.547455,59.931703],[-136.54776,59.931753],[-136.547817,59.931824],[-136.547803,59.931897]]]},"properties":{"WATERBODY_TYPE":"Lake","OFFICIAL_NAME_LABEL":null,"PERMANENCY":"Permanent"}},{"type":"Feature","geometry":{"type":"Polygon","coordinates":[[[-136.709941,59.896259],[-136.709755,59.896118],[-136.709607,59.896003],[-136.709535,59.895994],[-136.709287,59.896007],[-136.70903,59.895911],[-136.708935,59.895786],[-136.708802,59.895635],[-136.708818,59.895581],[-136.709099,59.895543],[-136.709407,59.895574],[-136.709607,59.895671],[-136.709723,59.895822],[-136.709784,59.895964],[-136.709916,59.896088],[-136.71003,59.896222],[-136.709997,59.896276],[-136.709941,59.896259]]]},"properties":{"WATERBODY_TYPE":"Lake","OFFICIAL_NAME_LABEL":null,"PERMANENCY":"Permanent"}},{"type":"Feature","geometry":{"type":"Polygon","coordinates":[[[-136.67456,59.986669],[-136.674446,59.986535],[-136.674408,59.98651],[-136.674301,59.986493],[-136.6743,59.986466],[-136.67437,59.986439],[-136.674511,59.986427],[-136.674582,59.986427],[-136.674838,59.986513],[-136.675059,59.986609],[-136.675149,59.986627],[-136.675456,59.986639],[-136.675726,59.986682],[-136.675726,59.986699],[-136.675554,59.9868],[-136.675537,59.986846],[-136.675382,59.986964],[-136.675274,59.986993],[-136.675204,59.986975],[-136.675053,59.986843],[-136.674924,59.986799],[-136.674852,59.986792],[-136.674674,59.98682],[-136.674619,59.986795],[-136.67462,59.986776],[-136.67456,59.986669]]]},"properties":{"WATERBODY_TYPE":"Lake","OFFICIAL_NAME_LABEL":null,"PERMANENCY":"Permanent"}},{"type":"Feature","geometry":{"type":"Polygon","coordinates":[[[-136.674337,59.986879],[-136.674303,59.986906],[-136.674179,59.986934],[-136.67418,59.986944],[-136.674197,59.986961],[-136.674252,59.98697],[-136.674596,59.98701],[-136.674885,59.987061],[-136.674833,59.987124],[-136.67471,59.987162],[-136.674441,59.987129],[-136.674439,59.987092],[-136.674401,59.987067],[-136.674346,59.987058],[-136.674006,59.987071],[-136.673734,59.987012],[-136.673412,59.98699],[-136.673164,59.987055],[-136.672892,59.987022],[-136.6728,59.98697],[-136.672798,59.986934],[-136.672853,59.986916],[-136.673137,59.986867],[-136.673351,59.986873],[-136.673652,59.986824],[-136.673994,59.986802],[-136.674282,59.986826],[-136.674319,59.986852],[-136.674337,59.986879]]]},"properties":{"WATERBODY_TYPE":"Lake","OFFICIAL_NAME_LABEL":null,"PERMANENCY":"Permanent"}},{"type":"Feature","geometry":{"type":"Polygon","coordinates":[[[-136.877885,59.902424],[-136.877713,59.902544],[-136.877294,59.902721],[-136.877046,59.902805],[-136.876905,59.902789],[-136.876772,59.902665],[-136.876752,59.90262],[-136.876728,59.902504],[-136.876757,59.902404],[-136.876809,59.902386],[-136.87688,59.902385],[-136.877135,59.902444],[-136.87754,59.90233],[-136.877863,59.902343],[-136.877885,59.902424]]]},"properties":{"WATERBODY_TYPE":"Lake","OFFICIAL_NAME_LABEL":null,"PERMANENCY":"Permanent"}},{"type":"Feature","geometry":{"type":"Polygon","coordinates":[[[-136.796536,59.947227],[-136.796463,59.947192],[-136.796473,59.947048],[-136.796482,59.946904],[-136.79653,59.946796],[-136.796547,59.946769],[-136.796851,59.946746],[-136.797104,59.946814],[-136.797125,59.946887],[-136.79704,59.946932],[-136.797022,59.946968],[-136.797118,59.947021],[-136.797407,59.94708],[-136.797426,59.947116],[-136.797411,59.947152],[-136.797339,59.94717],[-136.797055,59.947193],[-136.796788,59.947214],[-136.796536,59.947227]]]},"properties":{"WATERBODY_TYPE":"Lake","OFFICIAL_NAME_LABEL":null,"PERMANENCY":"Permanent"}},{"type":"Feature","geometry":{"type":"Polygon","coordinates":[[[-136.764274,59.889605],[-136.7641,59.889733],[-136.763838,59.889819],[-136.763535,59.889822],[-136.763497,59.889787],[-136.763487,59.889625],[-136.763449,59.889572],[-136.763374,59.889501],[-136.763371,59.889456],[-136.763407,59.88942],[-136.76369,59.889372],[-136.763976,59.889386],[-136.764213,59.889463],[-136.764232,59.889525],[-136.764274,59.889605]]]},"properties":{"WATERBODY_TYPE":"Lake","OFFICIAL_NAME_LABEL":null,"PERMANENCY":"Permanent"}},{"type":"Feature","geometry":{"type":"Polygon","coordinates":[[[-136.569865,59.993955],[-136.569845,59.99391],[-136.569985,59.9938],[-136.569966,59.993765],[-136.569784,59.993749],[-136.569675,59.993696],[-136.569638,59.993652],[-136.569652,59.993581],[-136.569741,59.99357],[-136.56998,59.993675],[-136.570252,59.993753],[-136.570416,59.993832],[-136.570634,59.99391],[-136.570655,59.993918],[-136.570653,59.993927],[-136.570635,59.993946],[-136.570423,59.994002],[-136.570407,59.99403],[-136.570446,59.994065],[-136.570642,59.994089],[-136.570735,59.994124],[-136.570706,59.99425],[-136.57051,59.994297],[-136.570456,59.99428],[-136.570416,59.99419],[-136.570011,59.994007],[-136.569865,59.993955]]]},"properties":{"WATERBODY_TYPE":"Lake","OFFICIAL_NAME_LABEL":null,"PERMANENCY":"Permanent"}},{"type":"Feature","geometry":{"type":"Polygon","coordinates":[[[-136.813904,59.94134],[-136.813649,59.941244],[-136.813276,59.941304],[-136.813004,59.941263],[-136.812967,59.941244],[-136.812726,59.941077],[-136.812733,59.940898],[-136.812769,59.940888],[-136.812805,59.940878],[-136.812878,59.940895],[-136.813173,59.94108],[-136.813319,59.941087],[-136.813656,59.941038],[-136.813727,59.941055],[-136.814061,59.941257],[-136.814047,59.941328],[-136.813904,59.94134]]]},"properties":{"WATERBODY_TYPE":"Lake","OFFICIAL_NAME_LABEL":null,"PERMANENCY":"Permanent"}},{"type":"Feature","geometry":{"type":"Polygon","coordinates":[[[-136.630816,59.998183],[-136.631119,59.99817],[-136.631408,59.998202],[-136.631861,59.998287],[-136.631878,59.998287],[-136.632098,59.998355],[-136.632192,59.998426],[-136.632157,59.99848],[-136.632053,59.998536],[-136.631712,59.99854],[-136.631385,59.998463],[-136.630966,59.998279],[-136.63082,59.998255],[-136.630781,59.99822],[-136.630764,59.998201],[-136.630801,59.998188],[-136.630816,59.998183]]]},"properties":{"WATERBODY_TYPE":"Lake","OFFICIAL_NAME_LABEL":null,"PERMANENCY":"Permanent"}},{"type":"Feature","geometry":{"type":"Polygon","coordinates":[[[-136.750929,59.893466],[-136.750858,59.893468],[-136.750804,59.89344],[-136.750766,59.893415],[-136.750812,59.893261],[-136.750774,59.893234],[-136.750648,59.893245],[-136.750527,59.893301],[-136.750401,59.893294],[-136.750256,59.893241],[-136.750253,59.893197],[-136.750481,59.893121],[-136.750693,59.893047],[-136.750758,59.892956],[-136.751083,59.892988],[-136.751138,59.893015],[-136.751213,59.893094],[-136.751376,59.893146],[-136.751398,59.893181],[-136.751167,59.893265],[-136.751051,59.893419],[-136.750929,59.893466]]]},"properties":{"WATERBODY_TYPE":"Lake","OFFICIAL_NAME_LABEL":null,"PERMANENCY":"Permanent"}},{"type":"Feature","geometry":{"type":"Polygon","coordinates":[[[-136.677589,59.98699],[-136.67747,59.987145],[-136.677418,59.987163],[-136.676986,59.987168],[-136.676695,59.987082],[-136.676622,59.987047],[-136.67649,59.986906],[-136.676464,59.986726],[-136.676601,59.986625],[-136.676657,59.986634],[-136.676692,59.986642],[-136.67677,59.986758],[-136.676774,59.986857],[-136.676813,59.986893],[-136.676885,59.986918],[-136.677151,59.986887],[-136.677299,59.986948],[-136.677589,59.98699]]]},"properties":{"WATERBODY_TYPE":"Lake","OFFICIAL_NAME_LABEL":null,"PERMANENCY":"Permanent"}},{"type":"Feature","geometry":{"type":"Polygon","coordinates":[[[-136.685617,59.98132],[-136.685531,59.981384],[-136.685475,59.981365],[-136.685436,59.981286],[-136.68538,59.98125],[-136.68534,59.981162],[-136.685302,59.981135],[-136.685247,59.981126],[-136.685034,59.981175],[-136.684697,59.981206],[-136.684587,59.981153],[-136.684566,59.981118],[-136.684689,59.981062],[-136.68479,59.980917],[-136.684835,59.980763],[-136.684755,59.980612],[-136.684755,59.980585],[-136.68479,59.980575],[-136.684863,59.980584],[-136.684925,59.980753],[-136.685039,59.980904],[-136.685277,59.980982],[-136.68548,59.981079],[-136.685518,59.981132],[-136.685645,59.981185],[-136.685629,59.981239],[-136.685617,59.98132]]]},"properties":{"WATERBODY_TYPE":"Lake","OFFICIAL_NAME_LABEL":null,"PERMANENCY":"Permanent"}},{"type":"Feature","geometry":{"type":"Polygon","coordinates":[[[-136.779272,59.895027],[-136.779518,59.894933],[-136.779765,59.89484],[-136.779881,59.894712],[-136.779982,59.894568],[-136.780088,59.894557],[-136.780159,59.894557],[-136.780286,59.894591],[-136.780341,59.894625],[-136.780314,59.894788],[-136.780124,59.894916],[-136.779863,59.895027],[-136.77981,59.895056],[-136.779456,59.895132],[-136.779297,59.895134],[-136.77926,59.895107],[-136.779272,59.895027]]]},"properties":{"WATERBODY_TYPE":"Lake","OFFICIAL_NAME_LABEL":null,"PERMANENCY":"Permanent"}},{"type":"Feature","geometry":{"type":"Polygon","coordinates":[[[-136.534401,59.927302],[-136.534498,59.927463],[-136.534379,59.927607],[-136.534245,59.927735],[-136.534088,59.927872],[-136.534033,59.927864],[-136.53398,59.927828],[-136.533926,59.927828],[-136.533699,59.927939],[-136.533627,59.927958],[-136.533554,59.927941],[-136.533537,59.927923],[-136.533552,59.927878],[-136.533742,59.927741],[-136.533913,59.927586],[-136.534052,59.927468],[-136.534172,59.927332],[-136.534277,59.927285],[-136.534311,59.927285],[-136.534401,59.927302]]]},"properties":{"WATERBODY_TYPE":"Lake","OFFICIAL_NAME_LABEL":null,"PERMANENCY":"Permanent"}},{"type":"Feature","geometry":{"type":"Polygon","coordinates":[[[-136.66212,59.99165],[-136.662099,59.991623],[-136.66215,59.991533],[-136.662392,59.991359],[-136.662509,59.991231],[-136.662632,59.991194],[-136.662706,59.991193],[-136.662778,59.99122],[-136.662909,59.991352],[-136.662884,59.991504],[-136.66255,59.991698],[-136.662265,59.991692],[-136.66212,59.99165]]]},"properties":{"WATERBODY_TYPE":"Lake","OFFICIAL_NAME_LABEL":null,"PERMANENCY":"Permanent"}},{"type":"Feature","geometry":{"type":"Polygon","coordinates":[[[-136.630297,59.999293],[-136.629992,59.999289],[-136.629669,59.999283],[-136.629346,59.999269],[-136.629196,59.999145],[-136.629246,59.999073],[-136.629568,59.999033],[-136.629911,59.999083],[-136.630164,59.999125],[-136.630306,59.999095],[-136.630394,59.999095],[-136.630523,59.999165],[-136.630595,59.999174],[-136.63058,59.999209],[-136.630297,59.999293]]]},"properties":{"WATERBODY_TYPE":"Lake","OFFICIAL_NAME_LABEL":null,"PERMANENCY":"Permanent"}},{"type":"Feature","geometry":{"type":"Polygon","coordinates":[[[-136.628341,60.0],[-136.627949,60.0],[-136.627819,59.999926],[-136.627721,59.999783],[-136.627683,59.999712],[-136.627716,59.999685],[-136.627822,59.999665],[-136.628075,59.999681],[-136.628327,59.999741],[-136.628617,59.999799],[-136.62868,59.999933],[-136.628733,59.999969],[-136.628717,60.0],[-136.628341,60.0]]]},"properties":{"WATERBODY_TYPE":"Lake","OFFICIAL_NAME_LABEL":null,"PERMANENCY":"Permanent"}},{"type":"Feature","geometry":{"type":"Polygon","coordinates":[[[-136.568652,59.990647],[-136.568345,59.990587],[-136.568091,59.990536],[-136.567872,59.990422],[-136.56787,59.990386],[-136.567886,59.990359],[-136.568185,59.990265],[-136.568403,59.9903],[-136.56862,59.990332],[-136.568806,59.990492],[-136.568974,59.990624],[-136.568974,59.990651],[-136.568652,59.990647]]]},"properties":{"WATERBODY_TYPE":"Lake","OFFICIAL_NAME_LABEL":null,"PERMANENCY":"Permanent"}},{"type":"Feature","geometry":{"type":"Polygon","coordinates":[[[-136.82022,59.94878],[-136.820299,59.948922],[-136.820288,59.949074],[-136.820262,59.949218],[-136.820193,59.949255],[-136.820049,59.949267],[-136.819938,59.949223],[-136.819882,59.949188],[-136.819823,59.949044],[-136.819742,59.948902],[-136.819734,59.948741],[-136.819893,59.948694],[-136.819964,59.948693],[-136.820164,59.948762],[-136.82022,59.94878]]]},"properties":{"WATERBODY_TYPE":"Lake","OFFICIAL_NAME_LABEL":null,"PERMANENCY":"Permanent"}},{"type":"Feature","geometry":{"type":"Polygon","coordinates":[[[-136.765067,59.883002],[-136.765042,59.883182],[-136.764834,59.883312],[-136.764523,59.883539],[-136.764417,59.883578],[-136.764327,59.883561],[-136.76431,59.883534],[-136.764337,59.883371],[-136.764452,59.883209],[-136.764608,59.883099],[-136.764798,59.882961],[-136.76492,59.882941],[-136.765049,59.882994],[-136.765067,59.883002]]]},"properties":{"WATERBODY_TYPE":"Lake","OFFICIAL_NAME_LABEL":null,"PERMANENCY":"Permanent"}},{"type":"Feature","geometry":{"type":"Polygon","coordinates":[[[-136.622807,59.923981],[-136.622844,59.924007],[-136.622846,59.924042],[-136.622709,59.924171],[-136.62263,59.924379],[-136.622578,59.924397],[-136.622237,59.924374],[-136.622033,59.924269],[-136.622172,59.924132],[-136.622292,59.924023],[-136.622359,59.923968],[-136.622483,59.92394],[-136.62268,59.923946],[-136.622736,59.923964],[-136.622807,59.923981]]]},"properties":{"WATERBODY_TYPE":"Lake","OFFICIAL_NAME_LABEL":null,"PERMANENCY":"Permanent"}},{"type":"Feature","geometry":{"type":"Polygon","coordinates":[[[-136.663365,59.991131],[-136.663292,59.991096],[-136.663273,59.99106],[-136.663289,59.991033],[-136.663636,59.990812],[-136.663882,59.990711],[-136.664094,59.990637],[-136.664219,59.990636],[-136.664258,59.99067],[-136.664176,59.990824],[-136.663986,59.990962],[-136.663809,59.991071],[-136.663509,59.991147],[-136.663365,59.991131]]]},"properties":{"WATERBODY_TYPE":"Lake","OFFICIAL_NAME_LABEL":null,"PERMANENCY":"Permanent"}},{"type":"Feature","geometry":{"type":"Polygon","coordinates":[[[-136.635533,59.999301],[-136.635516,59.999319],[-136.635252,59.999412],[-136.634949,59.999424],[-136.634694,59.999348],[-136.634671,59.999285],[-136.634649,59.999204],[-136.634666,59.999177],[-136.63472,59.999158],[-136.635058,59.999127],[-136.635397,59.999105],[-136.635596,59.999121],[-136.635633,59.999147],[-136.635636,59.999192],[-136.635583,59.999246],[-136.635533,59.999301]]]},"properties":{"WATERBODY_TYPE":"Lake","OFFICIAL_NAME_LABEL":null,"PERMANENCY":"Permanent"}},{"type":"Feature","geometry":{"type":"Polygon","coordinates":[[[-136.572859,59.99392],[-136.572536,59.993906],[-136.572229,59.993891],[-136.571942,59.993876],[-136.571656,59.993861],[-136.571543,59.993809],[-136.571576,59.993711],[-136.57161,59.993682],[-136.571876,59.993652],[-136.572205,59.993729],[-136.572476,59.993772],[-136.572837,59.993812],[-136.573196,59.993861],[-136.573217,59.993889],[-136.5732,59.993916],[-136.573146,59.993934],[-136.573039,59.993926],[-136.57302,59.993927],[-136.572859,59.99392]]]},"properties":{"WATERBODY_TYPE":"Lake","OFFICIAL_NAME_LABEL":null,"PERMANENCY":"Permanent"}},{"type":"Feature","geometry":{"type":"Polygon","coordinates":[[[-136.581911,59.996542],[-136.581826,59.996587],[-136.581715,59.99657],[-136.581586,59.996473],[-136.581531,59.996465],[-136.581446,59.996511],[-136.581247,59.996495],[-136.5811,59.996435],[-136.581082,59.996408],[-136.581134,59.996371],[-136.581398,59.996295],[-136.581453,59.996304],[-136.581611,59.996248],[-136.581772,59.996211],[-136.582094,59.996216],[-136.58213,59.996251],[-136.581996,59.996405],[-136.581947,59.996488],[-136.581911,59.996542]]]},"properties":{"WATERBODY_TYPE":"Lake","OFFICIAL_NAME_LABEL":null,"PERMANENCY":"Permanent"}},{"type":"Feature","geometry":{"type":"Polygon","coordinates":[[[-136.580516,59.957096],[-136.580249,59.957188],[-136.580124,59.957162],[-136.579777,59.957033],[-136.579434,59.956974],[-136.579361,59.956939],[-136.579397,59.956902],[-136.579591,59.956865],[-136.579644,59.956836],[-136.579692,59.95672],[-136.579833,59.956708],[-136.580038,59.956868],[-136.580153,59.957037],[-136.580208,59.957046],[-136.580404,59.957016],[-136.580531,59.957033],[-136.580549,59.95706],[-136.580516,59.957096]]]},"properties":{"WATERBODY_TYPE":"Lake","OFFICIAL_NAME_LABEL":null,"PERMANENCY":"Permanent"}},{"type":"Feature","geometry":{"type":"Polygon","coordinates":[[[-136.663195,59.928399],[-136.663175,59.928372],[-136.663131,59.92823],[-136.663129,59.928167],[-136.663196,59.928067],[-136.66308,59.927898],[-136.663095,59.927862],[-136.663165,59.927825],[-136.663201,59.927824],[-136.663433,59.927794],[-136.663669,59.927899],[-136.663745,59.92796],[-136.663716,59.928114],[-136.663376,59.928119],[-136.663314,59.928281],[-136.663265,59.928408],[-136.663231,59.928408],[-136.663195,59.928399]]]},"properties":{"WATERBODY_TYPE":"Lake","OFFICIAL_NAME_LABEL":null,"PERMANENCY":"Permanent"}},{"type":"Feature","geometry":{"type":"Polygon","coordinates":[[[-136.816518,59.947869],[-136.816232,59.947899],[-136.816124,59.947875],[-136.816102,59.947821],[-136.816136,59.947757],[-136.816185,59.947721],[-136.816433,59.947637],[-136.81672,59.947633],[-136.816754,59.947632],[-136.816841,59.947586],[-136.816912,59.947585],[-136.816969,59.947602],[-136.817139,59.947788],[-136.817087,59.947807],[-136.816713,59.94784],[-136.816518,59.947869]]]},"properties":{"WATERBODY_TYPE":"Lake","OFFICIAL_NAME_LABEL":null,"PERMANENCY":"Permanent"}},{"type":"Feature","geometry":{"type":"Polygon","coordinates":[[[-136.676112,59.987934],[-136.676104,59.987763],[-136.676173,59.987726],[-136.676299,59.987725],[-136.676425,59.987732],[-136.676512,59.987678],[-136.676564,59.987668],[-136.676674,59.987675],[-136.676932,59.987861],[-136.676899,59.987915],[-136.676653,59.988017],[-136.676526,59.987982],[-136.676204,59.987978],[-136.676112,59.987934]]]},"properties":{"WATERBODY_TYPE":"Lake","OFFICIAL_NAME_LABEL":null,"PERMANENCY":"Permanent"}},{"type":"Feature","geometry":{"type":"Polygon","coordinates":[[[-136.801081,59.961706],[-136.801029,59.961743],[-136.800768,59.961854],[-136.800522,59.961946],[-136.800467,59.961939],[-136.80043,59.961921],[-136.800444,59.961858],[-136.800426,59.961831],[-136.800279,59.961753],[-136.800313,59.961726],[-136.800383,59.961716],[-136.800744,59.961756],[-136.800778,59.961719],[-136.800355,59.961528],[-136.800209,59.961458],[-136.800208,59.961431],[-136.80026,59.961412],[-136.800551,59.961462],[-136.800678,59.96154],[-136.800788,59.961558],[-136.800968,59.961582],[-136.801043,59.961634],[-136.801081,59.961706]]]},"properties":{"WATERBODY_TYPE":"Lake","OFFICIAL_NAME_LABEL":null,"PERMANENCY":"Permanent"}},{"type":"Feature","geometry":{"type":"Polygon","coordinates":[[[-136.816878,59.940078],[-136.816789,59.940096],[-136.81645,59.940092],[-136.816289,59.940076],[-136.816123,59.940006],[-136.815833,59.93994],[-136.815795,59.939912],[-136.815814,59.939902],[-136.815847,59.939875],[-136.816094,59.939827],[-136.816526,59.939848],[-136.816598,59.939857],[-136.816692,59.939945],[-136.816909,59.939969],[-136.816963,59.940014],[-136.816878,59.940078]]]},"properties":{"WATERBODY_TYPE":"Lake","OFFICIAL_NAME_LABEL":null,"PERMANENCY":"Permanent"}},{"type":"Feature","geometry":{"type":"Polygon","coordinates":[[[-136.545308,59.985209],[-136.545212,59.985058],[-136.54517,59.984915],[-136.545185,59.984852],[-136.545308,59.984806],[-136.545594,59.984821],[-136.545723,59.984873],[-136.545784,59.985016],[-136.545678,59.985053],[-136.545597,59.985225],[-136.54549,59.985252],[-136.5454,59.985245],[-136.545308,59.985209]]]},"properties":{"WATERBODY_TYPE":"Lake","OFFICIAL_NAME_LABEL":null,"PERMANENCY":"Permanent"}},{"type":"Feature","geometry":{"type":"Polygon","coordinates":[[[-136.751669,59.891588],[-136.751435,59.891511],[-136.751394,59.891412],[-136.751567,59.891328],[-136.751614,59.89123],[-136.75165,59.89122],[-136.751686,59.89121],[-136.751865,59.891217],[-136.751956,59.891234],[-136.752121,59.891348],[-136.752111,59.891448],[-136.751902,59.891568],[-136.751831,59.891586],[-136.751669,59.891588]]]},"properties":{"WATERBODY_TYPE":"Lake","OFFICIAL_NAME_LABEL":null,"PERMANENCY":"Permanent"}},{"type":"Feature","geometry":{"type":"Polygon","coordinates":[[[-136.640414,59.950805],[-136.640377,59.950823],[-136.640039,59.950855],[-136.639861,59.950857],[-136.63984,59.95083],[-136.639805,59.950803],[-136.639804,59.950768],[-136.639797,59.95067],[-136.639866,59.950614],[-136.640171,59.950638],[-136.640224,59.95061],[-136.640182,59.950503],[-136.640218,59.950476],[-136.640287,59.950456],[-136.640433,59.950463],[-136.640505,59.95049],[-136.640525,59.950517],[-136.640462,59.950715],[-136.640414,59.950805]]]},"properties":{"WATERBODY_TYPE":"Lake","OFFICIAL_NAME_LABEL":null,"PERMANENCY":"Permanent"}},{"type":"Feature","geometry":{"type":"Polygon","coordinates":[[[-136.82388,59.890922],[-136.823898,59.890887],[-136.824068,59.890759],[-136.824244,59.890712],[-136.824315,59.890692],[-136.824422,59.890709],[-136.824586,59.890742],[-136.824664,59.890885],[-136.824649,59.890921],[-136.824368,59.891005],[-136.823939,59.891029],[-136.823905,59.891004],[-136.82388,59.890922]]]},"properties":{"WATERBODY_TYPE":"Lake","OFFICIAL_NAME_LABEL":null,"PERMANENCY":"Permanent"}},{"type":"Feature","geometry":{"type":"Polygon","coordinates":[[[-136.640669,59.998016],[-136.640655,59.998106],[-136.640336,59.998164],[-136.640212,59.998157],[-136.639955,59.99806],[-136.639571,59.997939],[-136.639588,59.997895],[-136.639603,59.997858],[-136.639676,59.997848],[-136.639965,59.997899],[-136.640217,59.997932],[-136.640272,59.99794],[-136.640576,59.997955],[-136.64065,59.99798],[-136.640669,59.998016]]]},"properties":{"WATERBODY_TYPE":"Lake","OFFICIAL_NAME_LABEL":null,"PERMANENCY":"Permanent"}},{"type":"Feature","geometry":{"type":"Polygon","coordinates":[[[-136.569685,59.990509],[-136.569652,59.990536],[-136.569562,59.990546],[-136.569292,59.990532],[-136.569238,59.990505],[-136.56914,59.990362],[-136.569103,59.990345],[-136.569006,59.990166],[-136.56904,59.990139],[-136.569184,59.990129],[-136.5694,59.990197],[-136.569585,59.990302],[-136.569681,59.990428],[-136.569683,59.990446],[-136.569685,59.990509]]]},"properties":{"WATERBODY_TYPE":"Lake","OFFICIAL_NAME_LABEL":null,"PERMANENCY":"Permanent"}},{"type":"Feature","geometry":{"type":"Polygon","coordinates":[[[-136.811625,59.940922],[-136.811762,59.9411],[-136.811924,59.941142],[-136.811915,59.941285],[-136.81179,59.941305],[-136.811688,59.941396],[-136.811474,59.941409],[-136.811382,59.941365],[-136.81138,59.94133],[-136.811485,59.941283],[-136.811501,59.941255],[-136.81146,59.941157],[-136.811398,59.941015],[-136.811375,59.940925],[-136.811408,59.940898],[-136.811445,59.940898],[-136.811625,59.940922]]]},"properties":{"WATERBODY_TYPE":"Lake","OFFICIAL_NAME_LABEL":null,"PERMANENCY":"Permanent"}},{"type":"Feature","geometry":{"type":"Polygon","coordinates":[[[-136.802242,59.961644],[-136.802335,59.961697],[-136.802324,59.961832],[-136.802298,59.961976],[-136.802225,59.961986],[-136.801803,59.961804],[-136.801802,59.961777],[-136.801747,59.961751],[-136.801384,59.961674],[-136.801402,59.961656],[-136.801419,59.961639],[-136.801777,59.961633],[-136.801991,59.961639],[-136.802208,59.961646],[-136.802242,59.961644]]]},"properties":{"WATERBODY_TYPE":"Lake","OFFICIAL_NAME_LABEL":null,"PERMANENCY":"Permanent"}},{"type":"Feature","geometry":{"type":"Polygon","coordinates":[[[-136.56815,59.991416],[-136.56788,59.991356],[-136.56786,59.991329],[-136.568143,59.991254],[-136.568427,59.991178],[-136.568498,59.991178],[-136.568754,59.991265],[-136.568974,59.991379],[-136.56894,59.991406],[-136.568867,59.991416],[-136.568438,59.991422],[-136.568241,59.991415],[-136.56815,59.991416]]]},"properties":{"WATERBODY_TYPE":"Lake","OFFICIAL_NAME_LABEL":null,"PERMANENCY":"Permanent"}},{"type":"Feature","geometry":{"type":"Polygon","coordinates":[[[-136.579025,59.956234],[-136.57917,59.956331],[-136.579165,59.956554],[-136.579077,59.956601],[-136.578969,59.956603],[-136.57886,59.956577],[-136.578691,59.956408],[-136.578558,59.956257],[-136.578593,59.956221],[-136.578664,59.956193],[-136.57877,59.9562],[-136.579025,59.956234]]]},"properties":{"WATERBODY_TYPE":"Lake","OFFICIAL_NAME_LABEL":null,"PERMANENCY":"Permanent"}},{"type":"Feature","geometry":{"type":"Polygon","coordinates":[[[-136.688757,59.977866],[-136.688723,59.977939],[-136.688689,59.977957],[-136.688385,59.977987],[-136.688099,59.978],[-136.688046,59.977983],[-136.688025,59.977956],[-136.688109,59.977812],[-136.688353,59.97772],[-136.688712,59.977697],[-136.688765,59.977714],[-136.688753,59.977795],[-136.688757,59.977866]]]},"properties":{"WATERBODY_TYPE":"Lake","OFFICIAL_NAME_LABEL":null,"PERMANENCY":"Permanent"}},{"type":"Feature","geometry":{"type":"Polygon","coordinates":[[[-136.689455,59.947968],[-136.689553,59.948129],[-136.689542,59.94829],[-136.689514,59.948443],[-136.689429,59.948489],[-136.689338,59.94849],[-136.689285,59.948473],[-136.689192,59.948438],[-136.689154,59.948367],[-136.689218,59.948223],[-136.689197,59.948196],[-136.689348,59.947996],[-136.689312,59.947961],[-136.689347,59.947942],[-136.689417,59.947941],[-136.689455,59.947968]]]},"properties":{"WATERBODY_TYPE":"Lake","OFFICIAL_NAME_LABEL":null,"PERMANENCY":"Permanent"}},{"type":"Feature","geometry":{"type":"Polygon","coordinates":[[[-136.76649,59.889927],[-136.766437,59.889954],[-136.766223,59.889992],[-136.766137,59.89003],[-136.766066,59.890031],[-136.765958,59.890005],[-136.765937,59.889978],[-136.766039,59.889887],[-136.766019,59.889843],[-136.765946,59.88978],[-136.765979,59.889753],[-136.76628,59.889686],[-136.766423,59.889693],[-136.766476,59.88971],[-136.766538,59.889863],[-136.76649,59.889927]]]},"properties":{"WATERBODY_TYPE":"Lake","OFFICIAL_NAME_LABEL":null,"PERMANENCY":"Permanent"}},{"type":"Feature","geometry":{"type":"Polygon","coordinates":[[[-136.653195,59.952163],[-136.653126,59.952228],[-136.652805,59.952276],[-136.652789,59.95233],[-136.652519,59.952306],[-136.652318,59.952202],[-136.652351,59.952173],[-136.652743,59.952079],[-136.653011,59.952085],[-136.653155,59.952101],[-136.653172,59.952119],[-136.653195,59.952163]]]},"properties":{"WATERBODY_TYPE":"Lake","OFFICIAL_NAME_LABEL":null,"PERMANENCY":"Permanent"}},{"type":"Feature","geometry":{"type":"Polygon","coordinates":[[[-136.558585,59.987766],[-136.55853,59.987757],[-136.55824,59.987645],[-136.55806,59.987646],[-136.557893,59.987514],[-136.557889,59.987416],[-136.557921,59.987378],[-136.55801,59.987387],[-136.558376,59.987535],[-136.558686,59.987639],[-136.558691,59.98772],[-136.558638,59.987756],[-136.558585,59.987766]]]},"properties":{"WATERBODY_TYPE":"Lake","OFFICIAL_NAME_LABEL":null,"PERMANENCY":"Permanent"}},{"type":"Feature","geometry":{"type":"Polygon","coordinates":[[[-136.642526,59.950087],[-136.642472,59.950088],[-136.642473,59.95007],[-136.64247,59.950026],[-136.642303,59.949902],[-136.642278,59.949794],[-136.642294,59.949767],[-136.642595,59.949691],[-136.642722,59.949681],[-136.642848,59.949732],[-136.642871,59.949805],[-136.642611,59.94997],[-136.642613,59.950033],[-136.64258,59.95006],[-136.642526,59.950087]]]},"properties":{"WATERBODY_TYPE":"Lake","OFFICIAL_NAME_LABEL":null,"PERMANENCY":"Permanent"}},{"type":"Feature","geometry":{"type":"Polygon","coordinates":[[[-136.676163,59.985759],[-136.676127,59.985788],[-136.676057,59.985798],[-136.676004,59.985825],[-136.675885,59.985961],[-136.675771,59.986132],[-136.675718,59.986188],[-136.675647,59.986188],[-136.675514,59.98602],[-136.675579,59.985884],[-136.675768,59.985765],[-136.67607,59.985698],[-136.676144,59.985742],[-136.676163,59.985759]]]},"properties":{"WATERBODY_TYPE":"Lake","OFFICIAL_NAME_LABEL":null,"PERMANENCY":"Permanent"}},{"type":"Feature","geometry":{"type":"Polygon","coordinates":[[[-136.758199,59.893037],[-136.757859,59.893042],[-136.75771,59.892926],[-136.757726,59.892891],[-136.757831,59.892827],[-136.758115,59.892805],[-136.758441,59.892864],[-136.758477,59.892908],[-136.758463,59.892952],[-136.758376,59.89298],[-136.758199,59.893037]]]},"properties":{"WATERBODY_TYPE":"Lake","OFFICIAL_NAME_LABEL":null,"PERMANENCY":"Permanent"}},{"type":"Feature","geometry":{"type":"Polygon","coordinates":[[[-136.79838,59.96406],[-136.798141,59.963929],[-136.797995,59.963903],[-136.79796,59.963895],[-136.797957,59.963878],[-136.797992,59.963859],[-136.798221,59.963784],[-136.798523,59.963725],[-136.798651,59.963786],[-136.798635,59.963814],[-136.798459,59.963861],[-136.798423,59.963889],[-136.798426,59.963916],[-136.798517,59.963977],[-136.798539,59.964013],[-136.798504,59.964049],[-136.79838,59.96406]]]},"properties":{"WATERBODY_TYPE":"Lake","OFFICIAL_NAME_LABEL":null,"PERMANENCY":"Permanent"}},{"type":"Feature","geometry":{"type":"Polygon","coordinates":[[[-136.633617,59.999325],[-136.633604,59.999423],[-136.633568,59.999452],[-136.633498,59.999461],[-136.633404,59.999399],[-136.633113,59.99933],[-136.633073,59.999215],[-136.633163,59.999205],[-136.633379,59.999229],[-136.63354,59.999262],[-136.633597,59.999306],[-136.633617,59.999325]]]},"properties":{"WATERBODY_TYPE":"Lake","OFFICIAL_NAME_LABEL":null,"PERMANENCY":"Permanent"}},{"type":"Feature","geometry":{"type":"Polygon","coordinates":[[[-136.804911,59.945172],[-136.804913,59.945208],[-136.804737,59.945273],[-136.804414,59.945242],[-136.804341,59.945208],[-136.804389,59.945117],[-136.804441,59.945098],[-136.804729,59.945085],[-136.804892,59.945136],[-136.804911,59.945172]]]},"properties":{"WATERBODY_TYPE":"Lake","OFFICIAL_NAME_LABEL":null,"PERMANENCY":"Permanent"}},{"type":"Feature","geometry":{"type":"Polygon","coordinates":[[[-136.875519,59.931146],[-136.875397,59.931211],[-136.875365,59.931292],[-136.875374,59.931463],[-136.875343,59.931534],[-136.875271,59.931544],[-136.875127,59.931528],[-136.875015,59.931458],[-136.874943,59.93145],[-136.874891,59.931468],[-136.87479,59.931561],[-136.874505,59.931574],[-136.874358,59.931521],[-136.874036,59.931517],[-136.873963,59.9315],[-136.873907,59.931465],[-136.873915,59.931312],[-136.873967,59.931258],[-136.874032,59.931166],[-136.874451,59.930946],[-136.874714,59.93087],[-136.875035,59.930847],[-136.875305,59.930889],[-136.875381,59.930923],[-136.875511,59.931047],[-136.875519,59.931146]]]},"properties":{"WATERBODY_TYPE":"Lake","OFFICIAL_NAME_LABEL":null,"PERMANENCY":"Permanent"}},{"type":"Feature","geometry":{"type":"Polygon","coordinates":[[[-136.683165,59.981028],[-136.683202,59.981054],[-136.683381,59.981069],[-136.683455,59.981095],[-136.683569,59.981247],[-136.683542,59.981391],[-136.683441,59.981553],[-136.683391,59.981626],[-136.683339,59.981663],[-136.683142,59.981683],[-136.682888,59.981588],[-136.682787,59.981364],[-136.682797,59.98122],[-136.68276,59.981203],[-136.682707,59.981186],[-136.682366,59.98119],[-136.682275,59.981146],[-136.682253,59.981111],[-136.682284,59.980975],[-136.682227,59.980914],[-136.682082,59.980888],[-136.681993,59.980908],[-136.681868,59.98091],[-136.681815,59.980893],[-136.681878,59.980747],[-136.681979,59.980648],[-136.682123,59.980636],[-136.682196,59.980653],[-136.682348,59.980813],[-136.682401,59.98083],[-136.682472,59.98083],[-136.682686,59.980764],[-136.682991,59.980769],[-136.683157,59.980884],[-136.683165,59.981028]]]},"properties":{"WATERBODY_TYPE":"Lake","OFFICIAL_NAME_LABEL":null,"PERMANENCY":"Permanent"}},{"type":"Feature","geometry":{"type":"Polygon","coordinates":[[[-136.797569,59.903473],[-136.797598,59.903652],[-136.797607,59.903849],[-136.7974,59.904004],[-136.797139,59.904089],[-136.796798,59.904094],[-136.796634,59.904007],[-136.79654,59.903963],[-136.796391,59.90382],[-136.796297,59.903732],[-136.796434,59.903632],[-136.796556,59.903585],[-136.796657,59.903448],[-136.79674,59.903367],[-136.796795,59.903349],[-136.796938,59.903356],[-136.796992,59.903381],[-136.797143,59.903514],[-136.797387,59.90343],[-136.797513,59.903437],[-136.797569,59.903473]]]},"properties":{"WATERBODY_TYPE":"Lake","OFFICIAL_NAME_LABEL":null,"PERMANENCY":"Permanent"}},{"type":"Feature","geometry":{"type":"Polygon","coordinates":[[[-136.861216,59.992397],[-136.860897,59.992456],[-136.86052,59.99247],[-136.860447,59.992453],[-136.860353,59.992373],[-136.860353,59.992328],[-136.860524,59.992209],[-136.860735,59.992125],[-136.861153,59.991913],[-136.861422,59.9919],[-136.861728,59.991932],[-136.861781,59.991949],[-136.861896,59.992081],[-136.861944,59.992261],[-136.861893,59.992306],[-136.861626,59.992355],[-136.861286,59.992387],[-136.861216,59.992397]]]},"properties":{"WATERBODY_TYPE":"Lake","OFFICIAL_NAME_LABEL":null,"PERMANENCY":"Permanent"}},{"type":"Feature","geometry":{"type":"Polygon","coordinates":[[[-136.54696,59.966079],[-136.546972,59.965926],[-136.546984,59.965773],[-136.546978,59.965684],[-136.547099,59.965557],[-136.547128,59.965403],[-136.547322,59.965366],[-136.547537,59.965327],[-136.547837,59.965269],[-136.547929,59.965349],[-136.547864,59.96544],[-136.547864,59.965484],[-136.54794,59.965547],[-136.547961,59.965601],[-136.547998,59.965627],[-136.548141,59.965652],[-136.548252,59.965696],[-136.548254,59.965732],[-136.547986,59.965797],[-136.547864,59.965844],[-136.547615,59.965856],[-136.547406,59.966003],[-136.547336,59.966011],[-136.54721,59.966004],[-136.547156,59.966032],[-136.547123,59.966104],[-136.547053,59.966114],[-136.54698,59.966105],[-136.54696,59.966079]]]},"properties":{"WATERBODY_TYPE":"Lake","OFFICIAL_NAME_LABEL":null,"PERMANENCY":"Permanent"}},{"type":"Feature","geometry":{"type":"Polygon","coordinates":[[[-136.814175,59.93874],[-136.814031,59.938725],[-136.813993,59.938698],[-136.814001,59.938527],[-136.814038,59.938527],[-136.814154,59.938373],[-136.814563,59.938349],[-136.814952,59.938253],[-136.815025,59.938252],[-136.815063,59.938279],[-136.815082,59.938314],[-136.815067,59.93835],[-136.81493,59.938478],[-136.814703,59.938606],[-136.814494,59.9387],[-136.814175,59.93874]]]},"properties":{"WATERBODY_TYPE":"Lake","OFFICIAL_NAME_LABEL":null,"PERMANENCY":"Permanent"}},{"type":"Feature","geometry":{"type":"Polygon","coordinates":[[[-136.742323,59.889233],[-136.742309,59.889279],[-136.7421,59.889397],[-136.741802,59.889483],[-136.741446,59.889522],[-136.74107,59.88951],[-136.740726,59.889461],[-136.740474,59.889401],[-136.740202,59.889342],[-136.73986,59.889283],[-136.739572,59.889233],[-136.739301,59.889175],[-136.73896,59.889152],[-136.738512,59.889131],[-136.738349,59.889124],[-136.738045,59.889101],[-136.737775,59.889078],[-136.737489,59.889037],[-136.737182,59.888987],[-136.736894,59.888937],[-136.736587,59.888887],[-136.736262,59.888855],[-136.735925,59.88886],[-136.735655,59.888863],[-136.735317,59.888859],[-136.734956,59.888836],[-136.734669,59.888786],[-136.734325,59.888719],[-136.734071,59.888641],[-136.733817,59.888564],[-136.733476,59.888514],[-136.733238,59.88841],[-136.733217,59.888375],[-136.733239,59.888285],[-136.733261,59.888194],[-136.733311,59.888113],[-136.733391,59.88794],[-136.733419,59.887761],[-136.733412,59.887617],[-136.73333,59.887466],[-136.733236,59.887332],[-136.73312,59.887181],[-136.733022,59.887039],[-136.733106,59.886893],[-136.733434,59.886683],[-136.733729,59.886553],[-136.734047,59.886486],[-136.734333,59.886482],[-136.73464,59.886506],[-136.734926,59.886546],[-136.735233,59.886614],[-136.735579,59.886673],[-136.735885,59.886741],[-136.736139,59.886818],[-136.736427,59.886895],[-136.736719,59.88698],[-136.736974,59.887059],[-136.737226,59.8871],[-136.737479,59.887151],[-136.737733,59.887228],[-136.737985,59.887288],[-136.738297,59.887392],[-136.738606,59.887504],[-136.738877,59.8876],[-136.739098,59.887704],[-136.739353,59.887818],[-136.739813,59.888036],[-136.74027,59.888236],[-136.740489,59.88835],[-136.740766,59.88849],[-136.740985,59.888604],[-136.741222,59.888682],[-136.741514,59.888768],[-136.741934,59.888968],[-136.742155,59.889074],[-136.742191,59.889109],[-136.742323,59.889233]]]},"properties":{"WATERBODY_TYPE":"Lake","OFFICIAL_NAME_LABEL":null,"PERMANENCY":"Permanent"}},{"type":"Feature","geometry":{"type":"Polygon","coordinates":[[[-136.635215,59.913634],[-136.635419,59.913765],[-136.635534,59.913926],[-136.635541,59.914079],[-136.635534,59.914268],[-136.635324,59.914405],[-136.635134,59.914515],[-136.635027,59.914552],[-136.634923,59.914553],[-136.634669,59.914503],[-136.634433,59.914433],[-136.63427,59.914401],[-136.634089,59.914366],[-136.633994,59.914241],[-136.633938,59.914207],[-136.633592,59.914094],[-136.633556,59.914059],[-136.633638,59.913922],[-136.633829,59.913795],[-136.634111,59.91371],[-136.634288,59.913673],[-136.634673,59.913479],[-136.634726,59.913469],[-136.634995,59.91351],[-136.635215,59.913634]]]},"properties":{"WATERBODY_TYPE":"Lake","OFFICIAL_NAME_LABEL":null,"PERMANENCY":"Permanent"}},{"type":"Feature","geometry":{"type":"Polygon","coordinates":[[[-136.571556,59.990997],[-136.571843,59.991013],[-136.572078,59.99109],[-136.572386,59.991141],[-136.572494,59.99114],[-136.572731,59.991208],[-136.572895,59.991315],[-136.573046,59.991447],[-136.573159,59.991571],[-136.573273,59.991687],[-136.573293,59.991732],[-136.573277,59.991759],[-136.573031,59.99186],[-136.572617,59.991829],[-136.572528,59.991849],[-136.572492,59.991876],[-136.572497,59.991966],[-136.572664,59.99209],[-136.572922,59.992212],[-136.572928,59.992373],[-136.573062,59.992524],[-136.573205,59.99255],[-136.573242,59.992577],[-136.573227,59.992612],[-136.573159,59.992658],[-136.573032,59.992669],[-136.572775,59.992555],[-136.572571,59.992405],[-136.572476,59.992262],[-136.572361,59.99212],[-136.572195,59.992006],[-136.572027,59.991872],[-136.571894,59.991748],[-136.571852,59.991596],[-136.571793,59.991472],[-136.571607,59.991329],[-136.571492,59.991205],[-136.571433,59.991063],[-136.571502,59.991017],[-136.571556,59.990997]]]},"properties":{"WATERBODY_TYPE":"Lake","OFFICIAL_NAME_LABEL":null,"PERMANENCY":"Permanent"}},{"type":"Feature","geometry":{"type":"Polygon","coordinates":[[[-136.843192,59.982313],[-136.843215,59.982401],[-136.843205,59.982536],[-136.843212,59.982689],[-136.843367,59.982867],[-136.843429,59.983028],[-136.843403,59.983198],[-136.843359,59.983396],[-136.84335,59.983559],[-136.843342,59.983711],[-136.843349,59.983864],[-136.843341,59.984016],[-136.843261,59.98418],[-136.84316,59.984315],[-136.843062,59.984496],[-136.842982,59.984641],[-136.842864,59.984778],[-136.842705,59.984825],[-136.842579,59.984818],[-136.842357,59.984712],[-136.84219,59.984598],[-136.841986,59.984476],[-136.841801,59.984371],[-136.841579,59.984248],[-136.841376,59.984134],[-136.841153,59.983985],[-136.84109,59.983832],[-136.841133,59.983651],[-136.841162,59.983507],[-136.841188,59.983364],[-136.841234,59.98322],[-136.841299,59.983066],[-136.841432,59.982894],[-136.84162,59.982747],[-136.841684,59.982612],[-136.841748,59.982431],[-136.841756,59.982287],[-136.841694,59.982117],[-136.841728,59.98208],[-136.841815,59.98207],[-136.842157,59.982093],[-136.842443,59.98208],[-136.842729,59.982031],[-136.842896,59.981998],[-136.843065,59.981964],[-136.843119,59.981962],[-136.843155,59.981981],[-136.843199,59.982115],[-136.843192,59.982313]]]},"properties":{"WATERBODY_TYPE":"Lake","OFFICIAL_NAME_LABEL":null,"PERMANENCY":"Permanent"}},{"type":"Feature","geometry":{"type":"Polygon","coordinates":[[[-136.767625,59.891106],[-136.767422,59.891009],[-136.76727,59.890868],[-136.767086,59.890736],[-136.766917,59.890593],[-136.766873,59.890433],[-136.767007,59.89026],[-136.767073,59.890133],[-136.767173,59.890007],[-136.767243,59.88998],[-136.767455,59.889967],[-136.76771,59.890054],[-136.767933,59.890195],[-136.767995,59.890346],[-136.768143,59.890461],[-136.768223,59.890595],[-136.768266,59.890774],[-136.768293,59.890917],[-136.768283,59.891061],[-136.768212,59.891079],[-136.768052,59.891091],[-136.767625,59.891106]]]},"properties":{"WATERBODY_TYPE":"Lake","OFFICIAL_NAME_LABEL":null,"PERMANENCY":"Permanent"}},{"type":"Feature","geometry":{"type":"Polygon","coordinates":[[[-136.70774,59.976958],[-136.707742,59.976993],[-136.707708,59.97702],[-136.707405,59.97707],[-136.707352,59.977062],[-136.707296,59.976999],[-136.707294,59.976963],[-136.707361,59.976891],[-136.707445,59.976818],[-136.707572,59.976807],[-136.70761,59.976834],[-136.70774,59.976958]]]},"properties":{"WATERBODY_TYPE":"Lake","OFFICIAL_NAME_LABEL":null,"PERMANENCY":"Permanent"}},{"type":"Feature","geometry":{"type":"Polygon","coordinates":[[[-136.569164,59.910592],[-136.568823,59.910542],[-136.568534,59.910484],[-136.568179,59.910505],[-136.567893,59.910562],[-136.567806,59.910572],[-136.567752,59.910565],[-136.567733,59.910555],[-136.567731,59.910538],[-136.567765,59.910493],[-136.56803,59.910409],[-136.568152,59.910336],[-136.56815,59.910317],[-136.568113,59.9103],[-136.567826,59.910249],[-136.567647,59.910252],[-136.567573,59.910225],[-136.567518,59.910191],[-136.56753,59.910037],[-136.567292,59.909933],[-136.567237,59.909924],[-136.567219,59.909889],[-136.567447,59.909805],[-136.567769,59.909792],[-136.56793,59.90978],[-136.568159,59.909752],[-136.568232,59.909769],[-136.568434,59.909883],[-136.568582,59.909998],[-136.568714,59.910149],[-136.568883,59.910273],[-136.569086,59.910396],[-136.569287,59.91051],[-136.569305,59.910537],[-136.569288,59.910564],[-136.569164,59.910592]]]},"properties":{"WATERBODY_TYPE":"Lake","OFFICIAL_NAME_LABEL":null,"PERMANENCY":"Permanent"}},{"type":"Feature","geometry":{"type":"Polygon","coordinates":[[[-136.817182,59.943002],[-136.816893,59.942969],[-136.816731,59.942926],[-136.816564,59.942821],[-136.816586,59.942606],[-136.816604,59.942569],[-136.816656,59.94255],[-136.816924,59.942556],[-136.817193,59.94257],[-136.817554,59.94261],[-136.817826,59.942668],[-136.817993,59.942774],[-136.817728,59.942876],[-136.817483,59.942979],[-136.817182,59.943002]]]},"properties":{"WATERBODY_TYPE":"Lake","OFFICIAL_NAME_LABEL":null,"PERMANENCY":"Permanent"}},{"type":"Feature","geometry":{"type":"Polygon","coordinates":[[[-136.852769,59.884546],[-136.853054,59.884552],[-136.853307,59.884575],[-136.853611,59.884625],[-136.853866,59.884684],[-136.853975,59.884736],[-136.853996,59.88479],[-136.854,59.884835],[-136.853896,59.88489],[-136.853611,59.884921],[-136.853324,59.884925],[-136.853036,59.884894],[-136.852744,59.884763],[-136.852644,59.884585],[-136.852769,59.884546]]]},"properties":{"WATERBODY_TYPE":"Lake","OFFICIAL_NAME_LABEL":null,"PERMANENCY":"Permanent"}},{"type":"Feature","geometry":{"type":"Polygon","coordinates":[[[-136.743502,59.889191],[-136.743465,59.889218],[-136.743185,59.889312],[-136.742899,59.889316],[-136.74281,59.889289],[-136.742642,59.889175],[-136.742642,59.889148],[-136.742676,59.889129],[-136.742728,59.889111],[-136.742854,59.889101],[-136.742889,59.889082],[-136.742898,59.888912],[-136.743015,59.888783],[-136.743122,59.888756],[-136.743354,59.888752],[-136.743445,59.888796],[-136.743501,59.888859],[-136.743475,59.889003],[-136.743514,59.889109],[-136.743502,59.889191]]]},"properties":{"WATERBODY_TYPE":"Lake","OFFICIAL_NAME_LABEL":null,"PERMANENCY":"Permanent"}},{"type":"Feature","geometry":{"type":"Polygon","coordinates":[[[-136.816149,59.93133],[-136.8163,59.931463],[-136.816322,59.931544],[-136.816287,59.931579],[-136.816236,59.931598],[-136.815935,59.931648],[-136.815719,59.931624],[-136.815644,59.931571],[-136.815669,59.9314],[-136.815721,59.931336],[-136.815771,59.931309],[-136.815844,59.931299],[-136.815952,59.931306],[-136.816149,59.93133]]]},"properties":{"WATERBODY_TYPE":"Lake","OFFICIAL_NAME_LABEL":null,"PERMANENCY":"Permanent"}},{"type":"Feature","geometry":{"type":"Polygon","coordinates":[[[-136.679342,59.953343],[-136.679343,59.953378],[-136.679276,59.953432],[-136.679011,59.953516],[-136.67873,59.953602],[-136.678426,59.95365],[-136.678284,59.953652],[-136.678064,59.953556],[-136.677825,59.953424],[-136.677472,59.953205],[-136.677363,59.953179],[-136.677232,59.953064],[-136.677162,59.953055],[-136.677003,59.953121],[-136.676948,59.953112],[-136.676895,59.953076],[-136.676858,59.953051],[-136.676854,59.952978],[-136.676887,59.952951],[-136.676867,59.952924],[-136.676992,59.952906],[-136.677026,59.952877],[-136.677055,59.952706],[-136.67732,59.952668],[-136.67781,59.952787],[-136.677882,59.952794],[-136.678105,59.952954],[-136.678304,59.952997],[-136.67838,59.953076],[-136.678542,59.953119],[-136.678654,59.953197],[-136.678924,59.95324],[-136.679197,59.953281],[-136.679305,59.953324],[-136.679342,59.953343]]]},"properties":{"WATERBODY_TYPE":"Lake","OFFICIAL_NAME_LABEL":null,"PERMANENCY":"Permanent"}},{"type":"Feature","geometry":{"type":"Polygon","coordinates":[[[-136.833643,59.895817],[-136.833371,59.895776],[-136.833296,59.895686],[-136.833292,59.895651],[-136.83354,59.895575],[-136.833807,59.895573],[-136.833863,59.89559],[-136.833923,59.895741],[-136.833874,59.895805],[-136.83384,59.895823],[-136.833643,59.895817]]]},"properties":{"WATERBODY_TYPE":"Lake","OFFICIAL_NAME_LABEL":null,"PERMANENCY":"Permanent"}},{"type":"Feature","geometry":{"type":"Polygon","coordinates":[[[-136.645972,59.95061],[-136.645667,59.950605],[-136.645542,59.95058],[-136.645484,59.950527],[-136.645481,59.950463],[-136.645516,59.950446],[-136.645696,59.950452],[-136.646059,59.950556],[-136.646078,59.950591],[-136.645972,59.95061]]]},"properties":{"WATERBODY_TYPE":"Lake","OFFICIAL_NAME_LABEL":null,"PERMANENCY":"Permanent"}},{"type":"Feature","geometry":{"type":"Polygon","coordinates":[[[-136.749373,59.892787],[-136.749214,59.892824],[-136.749109,59.892825],[-136.749053,59.892808],[-136.748972,59.892622],[-136.749059,59.892593],[-136.749406,59.892706],[-136.749407,59.892758],[-136.749373,59.892787]]]},"properties":{"WATERBODY_TYPE":"Lake","OFFICIAL_NAME_LABEL":null,"PERMANENCY":"Permanent"}},{"type":"Feature","geometry":{"type":"Polygon","coordinates":[[[-136.686007,59.899117],[-136.685998,59.899288],[-136.685953,59.899451],[-136.685903,59.899505],[-136.685848,59.899515],[-136.68551,59.899538],[-136.685246,59.899586],[-136.684925,59.899607],[-136.68464,59.89962],[-136.684334,59.899579],[-136.684131,59.899483],[-136.683987,59.899441],[-136.683966,59.899414],[-136.684046,59.899241],[-136.68408,59.89917],[-136.684097,59.899152],[-136.684345,59.899112],[-136.684646,59.89909],[-136.684756,59.899107],[-136.685075,59.899093],[-136.685344,59.899063],[-136.685732,59.898986],[-136.685998,59.898911],[-136.686124,59.898919],[-136.686007,59.899117]]]},"properties":{"WATERBODY_TYPE":"Lake","OFFICIAL_NAME_LABEL":null,"PERMANENCY":"Permanent"}},{"type":"Feature","geometry":{"type":"Polygon","coordinates":[[[-136.550505,59.964115],[-136.55046,59.964296],[-136.550433,59.964467],[-136.550478,59.964664],[-136.550462,59.964718],[-136.550197,59.96481],[-136.549899,59.964904],[-136.549578,59.964953],[-136.549414,59.964919],[-136.549388,59.964758],[-136.549332,59.964677],[-136.549432,59.964541],[-136.549608,59.964423],[-136.54969,59.964286],[-136.549791,59.964143],[-136.549905,59.963916],[-136.550204,59.963759],[-136.55025,59.963624],[-136.550284,59.963606],[-136.550591,59.963647],[-136.55067,59.963781],[-136.550551,59.963936],[-136.550505,59.964115]]]},"properties":{"WATERBODY_TYPE":"Lake","OFFICIAL_NAME_LABEL":null,"PERMANENCY":"Permanent"}},{"type":"Feature","geometry":{"type":"Polygon","coordinates":[[[-136.685299,59.983865],[-136.685376,59.984017],[-136.685368,59.984197],[-136.68534,59.984376],[-136.68527,59.984405],[-136.684968,59.984426],[-136.684699,59.984412],[-136.684264,59.984355],[-136.684173,59.984292],[-136.684182,59.98414],[-136.684211,59.983996],[-136.684209,59.983933],[-136.684242,59.983906],[-136.684455,59.983876],[-136.684558,59.98375],[-136.684628,59.983721],[-136.684932,59.983717],[-136.685077,59.983734],[-136.685113,59.983751],[-136.685299,59.983865]]]},"properties":{"WATERBODY_TYPE":"Lake","OFFICIAL_NAME_LABEL":null,"PERMANENCY":"Permanent"}},{"type":"Feature","geometry":{"type":"Polygon","coordinates":[[[-136.526744,59.93779],[-136.52687,59.937816],[-136.526928,59.937897],[-136.526738,59.938034],[-136.526688,59.938186],[-136.526747,59.938249],[-136.526856,59.938275],[-136.526857,59.93831],[-136.526821,59.938339],[-136.526665,59.938411],[-136.52663,59.938421],[-136.526613,59.938421],[-136.526593,59.938421],[-136.526574,59.938413],[-136.526462,59.938262],[-136.526325,59.938057],[-136.525998,59.937917],[-136.525691,59.937849],[-136.525579,59.937796],[-136.525419,59.937789],[-136.525294,59.937807],[-136.525222,59.937782],[-136.525319,59.937557],[-136.525371,59.937537],[-136.52568,59.937597],[-136.525824,59.937658],[-136.526236,59.937681],[-136.526363,59.937715],[-136.526744,59.93779]]]},"properties":{"WATERBODY_TYPE":"Lake","OFFICIAL_NAME_LABEL":null,"PERMANENCY":"Permanent"}},{"type":"Feature","geometry":{"type":"Polygon","coordinates":[[[-136.864942,59.889404],[-136.864844,59.889245],[-136.864859,59.889208],[-136.865054,59.889161],[-136.86516,59.889141],[-136.865249,59.889149],[-136.865705,59.889295],[-136.865831,59.889347],[-136.865963,59.889463],[-136.866044,59.889605],[-136.866027,59.889649],[-136.865941,59.889705],[-136.865854,59.889733],[-136.865568,59.889738],[-136.865226,59.889706],[-136.865075,59.889555],[-136.864942,59.889404]]]},"properties":{"WATERBODY_TYPE":"Lake","OFFICIAL_NAME_LABEL":null,"PERMANENCY":"Permanent"}},{"type":"Feature","geometry":{"type":"Polygon","coordinates":[[[-136.647703,59.908628],[-136.64781,59.908662],[-136.647866,59.908707],[-136.647875,59.90886],[-136.6479,59.909038],[-136.647748,59.909185],[-136.647694,59.909204],[-136.647514,59.909178],[-136.64746,59.909152],[-136.647434,59.908973],[-136.647305,59.908939],[-136.64711,59.908923],[-136.646963,59.908862],[-136.646942,59.908835],[-136.64694,59.908772],[-136.647239,59.908688],[-136.647309,59.90866],[-136.647326,59.908633],[-136.647397,59.908614],[-136.647594,59.908621],[-136.647703,59.908628]]]},"properties":{"WATERBODY_TYPE":"Lake","OFFICIAL_NAME_LABEL":null,"PERMANENCY":"Permanent"}},{"type":"Feature","geometry":{"type":"Polygon","coordinates":[[[-136.60439,59.976414],[-136.604161,59.976496],[-136.603823,59.976546],[-136.603593,59.976611],[-136.603346,59.976687],[-136.603115,59.976725],[-136.60299,59.976727],[-136.602879,59.976683],[-136.602893,59.976574],[-136.603283,59.97648],[-136.603548,59.976396],[-136.603794,59.976321],[-136.60417,59.9763],[-136.604295,59.976298],[-136.604349,59.976315],[-136.604406,59.976386],[-136.60439,59.976414]]]},"properties":{"WATERBODY_TYPE":"Lake","OFFICIAL_NAME_LABEL":null,"PERMANENCY":"Permanent"}},{"type":"Feature","geometry":{"type":"Polygon","coordinates":[[[-136.521422,59.90562],[-136.521229,59.905739],[-136.520946,59.905787],[-136.520522,59.905927],[-136.52026,59.906011],[-136.520054,59.906228],[-136.519822,59.906213],[-136.519658,59.906126],[-136.51947,59.905984],[-136.519166,59.905934],[-136.519091,59.905907],[-136.518944,59.905793],[-136.518902,59.90564],[-136.518896,59.905496],[-136.518995,59.905351],[-136.519276,59.905213],[-136.519579,59.905202],[-136.519883,59.90518],[-136.520149,59.90515],[-136.520453,59.905173],[-136.520707,59.905233],[-136.520995,59.905284],[-136.521318,59.90528],[-136.521389,59.905306],[-136.521408,59.905341],[-136.521485,59.905458],[-136.521438,59.905583],[-136.521422,59.90562]]]},"properties":{"WATERBODY_TYPE":"Lake","OFFICIAL_NAME_LABEL":null,"PERMANENCY":"Permanent"}},{"type":"Feature","geometry":{"type":"Polygon","coordinates":[[[-136.603823,59.974327],[-136.603769,59.974301],[-136.603727,59.974203],[-136.603367,59.974145],[-136.603096,59.974093],[-136.602911,59.973988],[-136.602726,59.973874],[-136.602629,59.97374],[-136.602461,59.973581],[-136.602275,59.973465],[-136.602144,59.973306],[-136.602143,59.973279],[-136.602315,59.973151],[-136.602433,59.972988],[-136.602461,59.972853],[-136.602416,59.972629],[-136.602448,59.972592],[-136.602766,59.9725],[-136.60296,59.972389],[-136.603041,59.972245],[-136.603108,59.9721],[-136.603352,59.972034],[-136.603656,59.971986],[-136.603939,59.971929],[-136.604225,59.971889],[-136.604494,59.971903],[-136.604713,59.97199],[-136.604775,59.972142],[-136.604836,59.972285],[-136.604984,59.972419],[-136.605152,59.972533],[-136.605354,59.972665],[-136.605448,59.972753],[-136.605558,59.972789],[-136.605629,59.972787],[-136.605815,59.972928],[-136.606001,59.973044],[-136.606183,59.973087],[-136.6062,59.973114],[-136.60619,59.973275],[-136.60529,59.973914],[-136.605065,59.974088],[-136.604961,59.974143],[-136.604891,59.974153],[-136.604603,59.974148],[-136.604317,59.974186],[-136.603893,59.974317],[-136.603859,59.974318],[-136.603823,59.974327]]]},"properties":{"WATERBODY_TYPE":"Lake","OFFICIAL_NAME_LABEL":null,"PERMANENCY":"Permanent"}},{"type":"Feature","geometry":{"type":"Polygon","coordinates":[[[-136.558723,59.98956],[-136.558952,59.989459],[-136.559057,59.989431],[-136.559252,59.989375],[-136.559552,59.989273],[-136.559799,59.98918],[-136.560066,59.989123],[-136.560313,59.989075],[-136.560598,59.989009],[-136.560769,59.988808],[-136.560818,59.988773],[-136.561102,59.988697],[-136.561404,59.98863],[-136.561475,59.98863],[-136.561678,59.988726],[-136.561731,59.988744],[-136.561846,59.988885],[-136.56198,59.989038],[-136.5622,59.98916],[-136.562402,59.989293],[-136.562606,59.989417],[-136.562794,59.98962],[-136.562834,59.98971],[-136.562861,59.989871],[-136.562812,59.990006],[-136.562747,59.990141],[-136.562649,59.990331],[-136.562403,59.990415],[-136.562207,59.990462],[-136.561944,59.990564],[-136.561681,59.990666],[-136.561433,59.990777],[-136.561402,59.990866],[-136.56135,59.990886],[-136.561132,59.990852],[-136.561043,59.990845],[-136.560787,59.990784],[-136.560535,59.990724],[-136.56028,59.99062],[-136.560094,59.990479],[-136.559838,59.990392],[-136.559618,59.990277],[-136.55956,59.990224],[-136.559559,59.99017],[-136.559592,59.990143],[-136.559646,59.990116],[-136.559663,59.990097],[-136.559661,59.990079],[-136.559643,59.99007],[-136.559317,59.989993],[-136.559048,59.989961],[-136.558896,59.98982],[-136.558782,59.989667],[-136.558723,59.98956]]]},"properties":{"WATERBODY_TYPE":"Lake","OFFICIAL_NAME_LABEL":null,"PERMANENCY":"Permanent"}},{"type":"Feature","geometry":{"type":"Polygon","coordinates":[[[-136.810122,59.939586],[-136.809935,59.939462],[-136.809771,59.93943],[-136.809745,59.939277],[-136.809834,59.93924],[-136.809887,59.939249],[-136.810234,59.939378],[-136.810334,59.939556],[-136.810281,59.939583],[-136.810211,59.939593],[-136.810122,59.939586]]]},"properties":{"WATERBODY_TYPE":"Lake","OFFICIAL_NAME_LABEL":null,"PERMANENCY":"Permanent"}},{"type":"Feature","geometry":{"type":"Polygon","coordinates":[[[-136.64335,59.949727],[-136.643243,59.949755],[-136.643224,59.949737],[-136.643057,59.949614],[-136.642839,59.949536],[-136.642767,59.949527],[-136.642747,59.9495],[-136.642765,59.949465],[-136.643012,59.949416],[-136.643101,59.949425],[-136.643325,59.949574],[-136.643326,59.949601],[-136.64335,59.949727]]]},"properties":{"WATERBODY_TYPE":"Lake","OFFICIAL_NAME_LABEL":null,"PERMANENCY":"Permanent"}},{"type":"Feature","geometry":{"type":"Polygon","coordinates":[[[-136.839022,59.945581],[-136.838609,59.945551],[-136.838408,59.945473],[-136.838166,59.94535],[-136.838035,59.945218],[-136.837938,59.945085],[-136.837964,59.944923],[-136.838138,59.944795],[-136.838252,59.944631],[-136.838226,59.944478],[-136.838237,59.944326],[-136.838236,59.944299],[-136.838407,59.944198],[-136.838552,59.944214],[-136.838644,59.944266],[-136.838887,59.944443],[-136.838951,59.944604],[-136.838942,59.944775],[-136.83893,59.944919],[-136.83892,59.945052],[-136.83893,59.945215],[-136.838991,59.945349],[-136.839105,59.945481],[-136.839128,59.945544],[-136.839092,59.945571],[-136.839022,59.945581]]]},"properties":{"WATERBODY_TYPE":"Lake","OFFICIAL_NAME_LABEL":null,"PERMANENCY":"Permanent"}},{"type":"Feature","geometry":{"type":"Polygon","coordinates":[[[-136.849011,59.986722],[-136.848833,59.986711],[-136.848652,59.986699],[-136.848415,59.986631],[-136.848377,59.986604],[-136.848353,59.98647],[-136.848254,59.98631],[-136.848191,59.986158],[-136.848219,59.986006],[-136.848447,59.985885],[-136.848517,59.985875],[-136.848753,59.985917],[-136.848824,59.985916],[-136.849144,59.985857],[-136.849286,59.985855],[-136.849379,59.98589],[-136.849415,59.985926],[-136.849408,59.986087],[-136.849411,59.986149],[-136.849398,59.986258],[-136.849368,59.98633],[-136.849335,59.986403],[-136.849152,59.986648],[-136.849098,59.986675],[-136.849011,59.986722]]]},"properties":{"WATERBODY_TYPE":"Lake","OFFICIAL_NAME_LABEL":null,"PERMANENCY":"Permanent"}},{"type":"Feature","geometry":{"type":"Polygon","coordinates":[[[-136.572744,59.994155],[-136.572432,59.994383],[-136.572454,59.994445],[-136.572401,59.9945],[-136.57228,59.994599],[-136.572228,59.994618],[-136.571886,59.994595],[-136.571689,59.994562],[-136.571667,59.994527],[-136.571613,59.99451],[-136.571435,59.994492],[-136.571396,59.994458],[-136.571366,59.994225],[-136.57125,59.99401],[-136.571319,59.993991],[-136.571608,59.994024],[-136.571879,59.994048],[-136.572168,59.994081],[-136.572276,59.994079],[-136.57247,59.994041],[-136.572758,59.994082],[-136.572744,59.994155]]]},"properties":{"WATERBODY_TYPE":"Lake","OFFICIAL_NAME_LABEL":null,"PERMANENCY":"Permanent"}},{"type":"Feature","geometry":{"type":"Polygon","coordinates":[[[-136.540178,59.954627],[-136.540184,59.954761],[-136.539743,59.954919],[-136.539554,59.955048],[-136.539345,59.955193],[-136.539273,59.955213],[-136.539221,59.955204],[-136.539182,59.955169],[-136.539194,59.955016],[-136.539156,59.954981],[-136.538992,59.954919],[-136.538973,59.954884],[-136.53902,59.954738],[-136.539054,59.954711],[-136.53937,59.954582],[-136.539675,59.954587],[-136.539924,59.954549],[-136.540067,59.954556],[-136.540178,59.954627]]]},"properties":{"WATERBODY_TYPE":"Lake","OFFICIAL_NAME_LABEL":null,"PERMANENCY":"Permanent"}},{"type":"Feature","geometry":{"type":"Polygon","coordinates":[[[-136.655739,59.927478],[-136.655706,59.927488],[-136.655539,59.927382],[-136.655521,59.927374],[-136.655564,59.927201],[-136.655612,59.927039],[-136.655694,59.926904],[-136.655904,59.926811],[-136.656151,59.926763],[-136.656225,59.926763],[-136.656242,59.92679],[-136.656215,59.926934],[-136.656189,59.927132],[-136.656104,59.927267],[-136.656026,59.927429],[-136.655938,59.927476],[-136.655885,59.927485],[-136.655739,59.927478]]]},"properties":{"WATERBODY_TYPE":"Lake","OFFICIAL_NAME_LABEL":null,"PERMANENCY":"Permanent"}},{"type":"Feature","geometry":{"type":"Polygon","coordinates":[[[-136.666933,59.991131],[-136.666938,59.991238],[-136.666886,59.991257],[-136.666597,59.991242],[-136.666197,59.991104],[-136.666178,59.991069],[-136.666195,59.991042],[-136.666367,59.99094],[-136.666522,59.990804],[-136.666612,59.990794],[-136.666665,59.990802],[-136.666757,59.990836],[-136.666817,59.990989],[-136.666876,59.991069],[-136.666933,59.991131]]]},"properties":{"WATERBODY_TYPE":"Lake","OFFICIAL_NAME_LABEL":null,"PERMANENCY":"Permanent"}},{"type":"Feature","geometry":{"type":"Polygon","coordinates":[[[-136.681889,59.984133],[-136.681845,59.983972],[-136.681712,59.983848],[-136.681633,59.983724],[-136.681633,59.983697],[-136.681684,59.983678],[-136.682023,59.98361],[-136.682094,59.98361],[-136.68213,59.983627],[-136.682211,59.983788],[-136.682202,59.983932],[-136.68219,59.984103],[-136.682175,59.984138],[-136.682103,59.984157],[-136.681889,59.984133]]]},"properties":{"WATERBODY_TYPE":"Lake","OFFICIAL_NAME_LABEL":null,"PERMANENCY":"Permanent"}},{"type":"Feature","geometry":{"type":"Polygon","coordinates":[[[-136.816471,59.930652],[-136.816709,59.930775],[-136.816697,59.930856],[-136.816559,59.930993],[-136.816351,59.931094],[-136.816066,59.931134],[-136.815957,59.931108],[-136.815969,59.930983],[-136.816161,59.930863],[-136.816264,59.930826],[-136.816292,59.930672],[-136.816325,59.930645],[-136.816416,59.930644],[-136.816471,59.930652]]]},"properties":{"WATERBODY_TYPE":"Lake","OFFICIAL_NAME_LABEL":null,"PERMANENCY":"Permanent"}},{"type":"Feature","geometry":{"type":"Polygon","coordinates":[[[-136.830614,59.886617],[-136.830805,59.88647],[-136.830921,59.886344],[-136.830985,59.886198],[-136.830994,59.886055],[-136.83097,59.885912],[-136.830891,59.88578],[-136.830949,59.88575],[-136.831063,59.885692],[-136.831106,59.885784],[-136.831186,59.885935],[-136.831213,59.886097],[-136.831185,59.886277],[-136.831102,59.886403],[-136.83095,59.88654],[-136.830833,59.886668],[-136.830678,59.886805],[-136.830659,59.886842],[-136.83051,59.886764],[-136.830416,59.886715],[-136.830614,59.886617]]]},"properties":{"WATERBODY_TYPE":"River","OFFICIAL_NAME_LABEL":null,"PERMANENCY":"Permanent"}},{"type":"Feature","geometry":{"type":"Polygon","coordinates":[[[-136.786674,59.981195],[-136.786674,59.981176],[-136.786297,59.98119],[-136.786125,59.981213],[-136.785967,59.981153],[-136.785843,59.981107],[-136.785844,59.981106],[-136.785807,59.981079],[-136.785486,59.981083],[-136.785181,59.981106],[-136.784877,59.981111],[-136.784572,59.981105],[-136.78427,59.981146],[-136.784008,59.981229],[-136.783969,59.981155],[-136.783927,59.981078],[-136.784247,59.981083],[-136.784553,59.981069],[-136.784836,59.981039],[-136.785141,59.981017],[-136.785499,59.981012],[-136.785859,59.981025],[-136.786218,59.981048],[-136.786542,59.981088],[-136.786784,59.981165],[-136.786719,59.981183],[-136.786674,59.981195]]]},"properties":{"WATERBODY_TYPE":"River","OFFICIAL_NAME_LABEL":null,"PERMANENCY":"Permanent"}},{"type":"Feature","geometry":{"type":"Polygon","coordinates":[[[-136.846147,59.877318],[-136.846214,59.877193],[-136.846221,59.877031],[-136.84623,59.876887],[-136.846318,59.876823],[-136.846454,59.876713],[-136.846855,59.876519],[-136.847003,59.876453],[-136.84704,59.87655],[-136.847066,59.876621],[-136.846828,59.876682],[-136.846619,59.876774],[-136.846567,59.876837],[-136.84652,59.876928],[-136.846491,59.877081],[-136.846393,59.877236],[-136.846395,59.877269],[-136.846287,59.877291],[-136.846147,59.877318]]]},"properties":{"WATERBODY_TYPE":"River","OFFICIAL_NAME_LABEL":null,"PERMANENCY":"Permanent"}},{"type":"Feature","geometry":{"type":"Polygon","coordinates":[[[-136.842169,59.967855],[-136.84204,59.967952],[-136.842035,59.967948],[-136.84173,59.967925],[-136.841441,59.967867],[-136.84115,59.967817],[-136.840937,59.967814],[-136.841555,59.967695],[-136.841829,59.967643],[-136.841857,59.967663],[-136.842166,59.967695],[-136.842255,59.967722],[-136.842339,59.967727],[-136.842169,59.967855]]]},"properties":{"WATERBODY_TYPE":"River","OFFICIAL_NAME_LABEL":null,"PERMANENCY":"Permanent"}},{"type":"Feature","geometry":{"type":"Polygon","coordinates":[[[-136.659479,59.993483],[-136.659458,59.993352],[-136.659679,59.993386],[-136.659767,59.99334],[-136.659794,59.993206],[-136.660024,59.993196],[-136.660357,59.993181],[-136.660334,59.993216],[-136.660197,59.993362],[-136.660025,59.993508],[-136.659687,59.993557],[-136.659511,59.993683],[-136.659479,59.993483]]]},"properties":{"WATERBODY_TYPE":"River","OFFICIAL_NAME_LABEL":null,"PERMANENCY":"Permanent"}},{"type":"Feature","geometry":{"type":"Polygon","coordinates":[[[-136.878461,59.992296],[-136.878609,59.992447],[-136.878309,59.992523],[-136.878286,59.992547],[-136.878014,59.992435],[-136.877578,59.992255],[-136.877665,59.992254],[-136.877987,59.992231],[-136.878254,59.992165],[-136.878296,59.992126],[-136.878461,59.992296]]]},"properties":{"WATERBODY_TYPE":"River","OFFICIAL_NAME_LABEL":null,"PERMANENCY":"Permanent"}},{"type":"Feature","geometry":{"type":"Polygon","coordinates":[[[-136.683784,59.984239],[-136.68372,59.984172],[-136.68377,59.984146],[-136.683786,59.984118],[-136.683831,59.983893],[-136.683839,59.98374],[-136.683826,59.983721],[-136.683896,59.983675],[-136.684035,59.983584],[-136.684032,59.98363],[-136.684022,59.983792],[-136.684014,59.983989],[-136.684023,59.984141],[-136.683893,59.984353],[-136.683784,59.984239]]]},"properties":{"WATERBODY_TYPE":"River","OFFICIAL_NAME_LABEL":null,"PERMANENCY":"Permanent"}},{"type":"Feature","geometry":{"type":"Polygon","coordinates":[[[-136.834178,59.883559],[-136.83417,59.88353],[-136.83418,59.883531],[-136.834303,59.883494],[-136.834512,59.883401],[-136.834894,59.883172],[-136.835064,59.883044],[-136.835147,59.882898],[-136.835122,59.882875],[-136.835237,59.88287],[-136.835436,59.882862],[-136.835294,59.882977],[-136.835088,59.883115],[-136.834864,59.88327],[-136.834657,59.8834],[-136.834428,59.883519],[-136.834204,59.883631],[-136.834197,59.883633],[-136.834178,59.883559]]]},"properties":{"WATERBODY_TYPE":"River","OFFICIAL_NAME_LABEL":null,"PERMANENCY":"Permanent"}},{"type":"Feature","geometry":{"type":"Polygon","coordinates":[[[-136.676371,59.989512],[-136.676081,59.989471],[-136.675778,59.989483],[-136.675671,59.989521],[-136.675567,59.989489],[-136.675381,59.989434],[-136.675629,59.989368],[-136.675662,59.989323],[-136.675655,59.989179],[-136.675987,59.989365],[-136.676389,59.989502],[-136.676371,59.989512]]]},"properties":{"WATERBODY_TYPE":"River","OFFICIAL_NAME_LABEL":null,"PERMANENCY":"Permanent"}},{"type":"Feature","geometry":{"type":"Polygon","coordinates":[[[-136.79682,59.986277],[-136.796708,59.986274],[-136.796607,59.986235],[-136.796822,59.986202],[-136.797029,59.986092],[-136.797329,59.986016],[-136.79765,59.985967],[-136.797896,59.985892],[-136.798017,59.985841],[-136.798038,59.985932],[-136.79805,59.985987],[-136.798027,59.98598],[-136.797918,59.985971],[-136.797793,59.985974],[-136.797526,59.986023],[-136.797249,59.986161],[-136.796892,59.986219],[-136.797038,59.986283],[-136.79682,59.986277]]]},"properties":{"WATERBODY_TYPE":"River","OFFICIAL_NAME_LABEL":null,"PERMANENCY":"Permanent"}},{"type":"Feature","geometry":{"type":"Polygon","coordinates":[[[-136.682403,59.985086],[-136.682214,59.985071],[-136.682342,59.984936],[-136.682513,59.984789],[-136.682668,59.984644],[-136.682787,59.984507],[-136.68285,59.984647],[-136.682886,59.984726],[-136.68285,59.984732],[-136.682552,59.98487],[-136.682506,59.985014],[-136.682546,59.985097],[-136.682403,59.985086]]]},"properties":{"WATERBODY_TYPE":"River","OFFICIAL_NAME_LABEL":null,"PERMANENCY":"Permanent"}},{"type":"Feature","geometry":{"type":"Polygon","coordinates":[[[-136.627194,59.999115],[-136.626951,59.999057],[-136.62673,59.998979],[-136.62658,59.998836],[-136.626396,59.998731],[-136.626287,59.998705],[-136.626288,59.99868],[-136.62629,59.998631],[-136.626375,59.99866],[-136.626595,59.998774],[-136.626814,59.99886],[-136.626982,59.998966],[-136.627128,59.998991],[-136.627417,59.998987],[-136.627267,59.999073],[-136.627194,59.999115]]]},"properties":{"WATERBODY_TYPE":"River","OFFICIAL_NAME_LABEL":null,"PERMANENCY":"Permanent"}},{"type":"Feature","geometry":{"type":"Polygon","coordinates":[[[-136.785115,59.981417],[-136.784955,59.981364],[-136.78514,59.98135],[-136.785351,59.981293],[-136.785599,59.981209],[-136.785843,59.981107],[-136.785967,59.981153],[-136.786125,59.981213],[-136.785995,59.98123],[-136.785728,59.98126],[-136.785479,59.981336],[-136.785236,59.98143],[-136.785237,59.981458],[-136.785115,59.981417]]]},"properties":{"WATERBODY_TYPE":"River","OFFICIAL_NAME_LABEL":null,"PERMANENCY":"Permanent"}},{"type":"Feature","geometry":{"type":"Polygon","coordinates":[[[-136.626445,59.998011],[-136.626162,59.997962],[-136.625838,59.997966],[-136.62552,59.998042],[-136.625469,59.998069],[-136.625406,59.998007],[-136.625334,59.997936],[-136.625514,59.997952],[-136.6258,59.997895],[-136.626124,59.997908],[-136.626412,59.997959],[-136.626525,59.997958],[-136.626483,59.997985],[-136.626445,59.998011]]]},"properties":{"WATERBODY_TYPE":"River","OFFICIAL_NAME_LABEL":null,"PERMANENCY":"Permanent"}},{"type":"Feature","geometry":{"type":"Polygon","coordinates":[[[-136.808628,59.908916],[-136.808532,59.908765],[-136.808469,59.908614],[-136.808374,59.908472],[-136.808222,59.908329],[-136.808112,59.908249],[-136.808035,59.908188],[-136.807832,59.908066],[-136.807574,59.907943],[-136.807284,59.907875],[-136.806996,59.907825],[-136.806706,59.907758],[-136.806433,59.907644],[-136.806249,59.907539],[-136.806187,59.907396],[-136.806194,59.907234],[-136.806186,59.907064],[-136.806176,59.906902],[-136.806189,59.906758],[-136.80618,59.906624],[-136.806171,59.906472],[-136.805966,59.906294],[-136.805928,59.906241],[-136.805869,59.906162],[-136.805787,59.905992],[-136.805745,59.905848],[-136.805789,59.905686],[-136.805868,59.905505],[-136.805931,59.905334],[-136.805994,59.905189],[-136.806094,59.905045],[-136.806232,59.904925],[-136.806404,59.904807],[-136.806611,59.904696],[-136.806856,59.904593],[-136.806891,59.904558],[-136.807026,59.904421],[-136.807108,59.904284],[-136.80728,59.904148],[-136.807468,59.904001],[-136.807514,59.90383],[-136.807487,59.903669],[-136.807442,59.903517],[-136.80745,59.903346],[-136.807496,59.903175],[-136.807595,59.903021],[-136.80771,59.902857],[-136.807828,59.902739],[-136.807946,59.902602],[-136.808064,59.902457],[-136.80811,59.902313],[-136.808173,59.902142],[-136.808266,59.901925],[-136.808352,59.901843],[-136.808542,59.901732],[-136.808772,59.901667],[-136.809127,59.901598],[-136.809405,59.901487],[-136.809632,59.901358],[-136.809765,59.901204],[-136.809811,59.90106],[-136.809876,59.900923],[-136.809919,59.900752],[-136.809969,59.900663],[-136.81,59.90059],[-136.810227,59.900479],[-136.81047,59.900368],[-136.8107,59.900275],[-136.811116,59.900053],[-136.811257,59.899998],[-136.81136,59.899961],[-136.811641,59.899875],[-136.81205,59.89979],[-136.812244,59.899751],[-136.81245,59.899613],[-136.812656,59.899448],[-136.812792,59.899321],[-136.81291,59.899176],[-136.813042,59.898993],[-136.813178,59.89884],[-136.81333,59.898703],[-136.813485,59.898583],[-136.813727,59.898437],[-136.8139,59.898327],[-136.814198,59.898197],[-136.814528,59.898075],[-136.814735,59.89792],[-136.814734,59.897866],[-136.814696,59.89784],[-136.814285,59.897819],[-136.81394,59.897769],[-136.813669,59.89771],[-136.813432,59.897642],[-136.813142,59.897546],[-136.812886,59.897461],[-136.812812,59.897417],[-136.812684,59.897347],[-136.812661,59.897257],[-136.812732,59.89722],[-136.813031,59.897135],[-136.813297,59.897086],[-136.813687,59.897027],[-136.814058,59.896977],[-136.814387,59.896842],[-136.814636,59.89688],[-136.814799,59.896904],[-136.814788,59.896913],[-136.814788,59.89694],[-136.814882,59.896984],[-136.81507,59.897008],[-136.815261,59.897032],[-136.81558,59.89702],[-136.815863,59.896953],[-136.81611,59.896886],[-136.816357,59.89682],[-136.81662,59.896745],[-136.816867,59.896678],[-136.817152,59.896648],[-136.817434,59.896608],[-136.817721,59.896585],[-136.817987,59.896582],[-136.818325,59.896541],[-136.818609,59.896493],[-136.818892,59.89647],[-136.819037,59.896468],[-136.819216,59.896466],[-136.819537,59.896471],[-136.819855,59.89643],[-136.820121,59.896354],[-136.820191,59.896344],[-136.82028,59.896334],[-136.820525,59.896232],[-136.820595,59.896178],[-136.820697,59.896095],[-136.820741,59.895951],[-136.820879,59.895832],[-136.821051,59.895714],[-136.82126,59.895621],[-136.821508,59.895563],[-136.821825,59.895496],[-136.822182,59.895464],[-136.822466,59.895424],[-136.82273,59.895376],[-136.822996,59.895309],[-136.823241,59.895207],[-136.823326,59.895161],[-136.823467,59.895087],[-136.823656,59.89495],[-136.823772,59.894795],[-136.823736,59.894762],[-136.823836,59.894515],[-136.823944,59.894248],[-136.824009,59.894244],[-136.824242,59.894222],[-136.824614,59.8942],[-136.824898,59.89416],[-136.825021,59.894123],[-136.825197,59.894076],[-136.825407,59.893946],[-136.825611,59.893818],[-136.825841,59.893752],[-136.826162,59.893711],[-136.82648,59.893688],[-136.826783,59.893658],[-136.827119,59.8936],[-136.827401,59.893523],[-136.827629,59.893422],[-136.827764,59.893302],[-136.827793,59.893159],[-136.827784,59.892998],[-136.827742,59.892854],[-136.827698,59.892711],[-136.827671,59.89255],[-136.827663,59.892407],[-136.827674,59.892271],[-136.827756,59.892136],[-136.827944,59.891989],[-136.828377,59.891767],[-136.828567,59.891612],[-136.82865,59.891512],[-136.828765,59.891348],[-136.82883,59.891213],[-136.828913,59.891069],[-136.828975,59.890915],[-136.829019,59.890753],[-136.82903,59.890599],[-136.829037,59.890438],[-136.82903,59.890294],[-136.829057,59.890132],[-136.829064,59.890019],[-136.829299,59.889963],[-136.829512,59.889912],[-136.82953,59.889928],[-136.829548,59.889937],[-136.829565,59.889937],[-136.8296,59.889927],[-136.829635,59.889908],[-136.829669,59.889863],[-136.82982,59.889699],[-136.829972,59.889554],[-136.830054,59.889427],[-136.830101,59.889283],[-136.830129,59.889129],[-136.830138,59.888959],[-136.830128,59.888798],[-136.830136,59.888644],[-136.830147,59.88851],[-136.830154,59.88833],[-136.830255,59.888185],[-136.830317,59.888031],[-136.830381,59.887869],[-136.830371,59.887707],[-136.830346,59.887564],[-136.830195,59.887432],[-136.829973,59.887366],[-136.829856,59.887288],[-136.829699,59.887183],[-136.829699,59.887178],[-136.829727,59.88706],[-136.829761,59.886997],[-136.829846,59.886933],[-136.829924,59.886725],[-136.829932,59.886573],[-136.829943,59.886419],[-136.829989,59.886267],[-136.830069,59.886121],[-136.83017,59.885985],[-136.830234,59.885841],[-136.830261,59.885706],[-136.83025,59.885535],[-136.830281,59.885399],[-136.830344,59.885256],[-136.830425,59.88511],[-136.830613,59.884965],[-136.830875,59.884862],[-136.831084,59.884751],[-136.831271,59.884596],[-136.831602,59.884411],[-136.831931,59.884219],[-136.83212,59.884081],[-136.832309,59.883962],[-136.832555,59.883887],[-136.832802,59.88382],[-136.833051,59.883772],[-136.833316,59.883715],[-136.83356,59.883631],[-136.833806,59.883537],[-136.833942,59.883427],[-136.834006,59.883283],[-136.834015,59.883121],[-136.834046,59.883075],[-136.834097,59.882985],[-136.834322,59.882883],[-136.83464,59.882797],[-136.83492,59.882703],[-136.835184,59.882619],[-136.835448,59.882552],[-136.835712,59.882487],[-136.835976,59.882401],[-136.836259,59.882326],[-136.836543,59.882286],[-136.836826,59.882238],[-136.837392,59.882158],[-136.837603,59.882101],[-136.837693,59.882072],[-136.837957,59.882033],[-136.838223,59.882003],[-136.838543,59.881953],[-136.838808,59.881896],[-136.839089,59.88181],[-136.839241,59.881674],[-136.839413,59.881554],[-136.839589,59.881471],[-136.839797,59.881342],[-136.840195,59.881113],[-136.84061,59.8809],[-136.841464,59.880484],[-136.84169,59.88039],[-136.841917,59.880306],[-136.842146,59.880232],[-136.842391,59.880157],[-136.842638,59.88009],[-136.842885,59.880006],[-136.843114,59.87993],[-136.843518,59.879808],[-136.843956,59.879685],[-136.844203,59.879601],[-136.844448,59.879526],[-136.844638,59.879415],[-136.845019,59.879204],[-136.845157,59.879084],[-136.845292,59.878948],[-136.845408,59.878794],[-136.845508,59.878667],[-136.845696,59.87852],[-136.845833,59.878402],[-136.845951,59.878284],[-136.845977,59.878112],[-136.845988,59.877959],[-136.846015,59.877815],[-136.846033,59.877501],[-136.846132,59.877347],[-136.846147,59.877318],[-136.846287,59.877291],[-136.846395,59.877269],[-136.846395,59.87728],[-136.846433,59.877307],[-136.846662,59.877232],[-136.84708,59.877046],[-136.847233,59.876918],[-136.847243,59.876756],[-136.847241,59.87672],[-136.847184,59.876649],[-136.847146,59.876623],[-136.847091,59.876615],[-136.847066,59.876621],[-136.84704,59.87655],[-136.847003,59.876453],[-136.847289,59.876324],[-136.847482,59.876215],[-136.847617,59.876078],[-136.847715,59.875941],[-136.847815,59.875814],[-136.848013,59.875505],[-136.84804,59.875344],[-136.848031,59.875192],[-136.848003,59.874994],[-136.848031,59.874869],[-136.848129,59.874724],[-136.848195,59.874578],[-136.848221,59.874434],[-136.848176,59.874265],[-136.848095,59.874095],[-136.848032,59.873925],[-136.848003,59.873747],[-136.847888,59.873577],[-136.847737,59.873426],[-136.847604,59.873275],[-136.84747,59.873143],[-136.847339,59.87301],[-136.847222,59.872849],[-136.847179,59.872715],[-136.847208,59.872572],[-136.847234,59.872401],[-136.847313,59.872247],[-136.847377,59.872084],[-136.847422,59.871949],[-136.847449,59.871787],[-136.847459,59.871624],[-136.847469,59.871491],[-136.847496,59.871345],[-136.847577,59.871183],[-136.847693,59.871056],[-136.847885,59.870937],[-136.848146,59.870851],[-136.848393,59.87074],[-136.848528,59.870603],[-136.848625,59.870459],[-136.848879,59.870186],[-136.848978,59.870032],[-136.849059,59.869868],[-136.849118,59.869697],[-136.849145,59.869535],[-136.849192,59.869391],[-136.849238,59.869265],[-136.849338,59.869119],[-136.849474,59.868993],[-136.849682,59.868863],[-136.849835,59.868753],[-136.849989,59.868634],[-136.850126,59.868507],[-136.850278,59.86837],[-136.850293,59.868333],[-136.850377,59.868233],[-136.850406,59.86809],[-136.850357,59.867893],[-136.850237,59.867625],[-136.850174,59.867446],[-136.850167,59.867302],[-136.850175,59.867168],[-136.850257,59.867014],[-136.850409,59.866878],[-136.850792,59.866682],[-136.851224,59.866452],[-136.851257,59.866398],[-136.851266,59.866227],[-136.851186,59.866076],[-136.851123,59.865896],[-136.851096,59.865735],[-136.851106,59.865574],[-136.851098,59.865421],[-136.851088,59.865278],[-136.851096,59.865107],[-136.851087,59.864928],[-136.851096,59.864757],[-136.85114,59.864595],[-136.851183,59.864424],[-136.851228,59.864251],[-136.851291,59.86408],[-136.851388,59.863935],[-136.851543,59.863816],[-136.851715,59.863697],[-136.851869,59.863578],[-136.85193,59.863415],[-136.851976,59.863244],[-136.852038,59.863091],[-136.852102,59.862947],[-136.852184,59.862793],[-136.852248,59.862656],[-136.85222,59.862504],[-136.852139,59.862344],[-136.852116,59.862209],[-136.852089,59.862067],[-136.852044,59.861896],[-136.852072,59.861743],[-136.852222,59.861588],[-136.852312,59.86156],[-136.852717,59.861491],[-136.853022,59.861478],[-136.853322,59.861429],[-136.853621,59.861353],[-136.853866,59.861278],[-136.854074,59.861176],[-136.854194,59.861048],[-136.854338,59.860741],[-136.854382,59.860578],[-136.854407,59.860426],[-136.854471,59.860264],[-136.854569,59.8601],[-136.854721,59.859963],[-136.854911,59.859853],[-136.855029,59.859717],[-136.85504,59.859581],[-136.855013,59.85942],[-136.854953,59.859287],[-136.854837,59.859153],[-136.854741,59.85901],[-136.854532,59.858798],[-136.854341,59.858576],[-136.854208,59.858443],[-136.854077,59.858311],[-136.853925,59.858169],[-136.853739,59.858028],[-136.853608,59.857887],[-136.853581,59.857751],[-136.853645,59.857607],[-136.853726,59.857445],[-136.853751,59.857291],[-136.853746,59.85721],[-136.853743,59.85712],[-136.853723,59.856797],[-136.853734,59.856663],[-136.853796,59.856509],[-136.853952,59.856373],[-136.85423,59.85627],[-136.854459,59.856195],[-136.854757,59.856109],[-136.855003,59.856017],[-136.855401,59.855786],[-136.855708,59.855531],[-136.855879,59.855384],[-136.855865,59.855169],[-136.855785,59.85499],[-136.855652,59.85484],[-136.855481,59.854681],[-136.855455,59.854528],[-136.855464,59.854357],[-136.855527,59.854185],[-136.855634,59.853879],[-136.855696,59.853725],[-136.855741,59.85359],[-136.855799,59.853365],[-136.855814,59.853301],[-136.855841,59.853121],[-136.855884,59.85295],[-136.855949,59.852815],[-136.855922,59.852653],[-136.85577,59.852485],[-136.855603,59.852379],[-136.855343,59.852167],[-136.855134,59.851982],[-136.854984,59.851831],[-136.854941,59.851697],[-136.854948,59.851535],[-136.85512,59.851416],[-136.855347,59.851332],[-136.855613,59.851257],[-136.855702,59.851245],[-136.855877,59.851217],[-136.85618,59.851194],[-136.856502,59.851181],[-136.856821,59.851176],[-136.857124,59.851146],[-136.857443,59.851096],[-136.857759,59.851019],[-136.858059,59.850944],[-136.858377,59.850885],[-136.858712,59.850844],[-136.859018,59.85084],[-136.859357,59.850854],[-136.859639,59.850822],[-136.85983,59.850721],[-136.859912,59.850568],[-136.859903,59.850432],[-136.859948,59.850278],[-136.860122,59.85015],[-136.860311,59.850041],[-136.860502,59.849957],[-136.860555,59.849929],[-136.86082,59.849871],[-136.861156,59.849821],[-136.861467,59.849638],[-136.861883,59.849417],[-136.862125,59.849296],[-136.862353,59.849195],[-136.862579,59.849101],[-136.862806,59.849017],[-136.863051,59.848933],[-136.86328,59.84884],[-136.86347,59.848739],[-136.863659,59.848619],[-136.863886,59.848508],[-136.864039,59.84838],[-136.86419,59.848233],[-136.864327,59.848106],[-136.864597,59.847833],[-136.864785,59.847686],[-136.865009,59.847558],[-136.865444,59.847327],[-136.86565,59.847189],[-136.865857,59.847061],[-136.866065,59.846959],[-136.866293,59.846857],[-136.866536,59.846746],[-136.86676,59.846635],[-136.867195,59.846405],[-136.867559,59.846192],[-136.86771,59.846073],[-136.86783,59.845946],[-136.867875,59.845792],[-136.867868,59.845648],[-136.867822,59.84547],[-136.867759,59.845318],[-136.867715,59.845175],[-136.867708,59.845032],[-136.867767,59.844859],[-136.867902,59.844697],[-136.868125,59.844559],[-136.868388,59.844446],[-136.868613,59.844318],[-136.868767,59.844198],[-136.86892,59.844045],[-136.869037,59.843916],[-136.86917,59.843763],[-136.869511,59.843471],[-136.869702,59.843368],[-136.869946,59.843284],[-136.870175,59.843209],[-136.870456,59.843152],[-136.870757,59.843085],[-136.871158,59.842925],[-136.871404,59.842833],[-136.871611,59.842749],[-136.87184,59.842673],[-136.8724,59.842468],[-136.872682,59.842393],[-136.872926,59.842307],[-136.873068,59.842287],[-136.873173,59.842269],[-136.873459,59.842264],[-136.873514,59.842273],[-136.873678,59.84236],[-136.873749,59.842358],[-136.873803,59.84234],[-136.873942,59.842276],[-136.874076,59.842129],[-136.874195,59.841994],[-136.874294,59.841866],[-136.874447,59.841729],[-136.874634,59.841582],[-136.874772,59.841482],[-136.874907,59.841327],[-136.875022,59.841182],[-136.87514,59.841045],[-136.875257,59.840919],[-136.875393,59.84079],[-136.875636,59.840679],[-136.875955,59.840621],[-136.876274,59.84059],[-136.876505,59.840577],[-136.876879,59.840554],[-136.87718,59.840514],[-136.877727,59.840407],[-136.877904,59.840377],[-136.878028,59.840349],[-136.878291,59.840255],[-136.878534,59.840162],[-136.878742,59.840043],[-136.878931,59.839923],[-136.879084,59.839768],[-136.8792,59.839595],[-136.879296,59.839442],[-136.879343,59.839279],[-136.879349,59.83909],[-136.879358,59.83892],[-136.879347,59.838749],[-136.879354,59.83856],[-136.879346,59.838416],[-136.879356,59.838247],[-136.879311,59.838076],[-136.879247,59.837915],[-136.879168,59.837764],[-136.878899,59.837445],[-136.87882,59.837311],[-136.878811,59.837159],[-136.878823,59.837032],[-136.878811,59.836808],[-136.878784,59.836646],[-136.878718,59.836468],[-136.878639,59.836298],[-136.878595,59.836173],[-136.878531,59.835985],[-136.878541,59.835824],[-136.878532,59.835672],[-136.878522,59.835528],[-136.878534,59.835384],[-136.878522,59.835205],[-136.878444,59.835062],[-136.878277,59.83493],[-136.878038,59.834816],[-136.877797,59.834685],[-136.877575,59.834544],[-136.877392,59.834448],[-136.877224,59.834333],[-136.877075,59.83421],[-136.876905,59.83406],[-136.876704,59.833927],[-136.876553,59.833813],[-136.87638,59.833711],[-136.877152,59.833245],[-136.877883,59.832803],[-136.877925,59.832815],[-136.878085,59.832803],[-136.878136,59.832785],[-136.878171,59.832748],[-136.878168,59.832704],[-136.878069,59.832551],[-136.87792,59.83241],[-136.877821,59.832232],[-136.877792,59.832053],[-136.877784,59.831882],[-136.877826,59.831684],[-136.877887,59.831503],[-136.878019,59.831341],[-136.878098,59.83116],[-136.878089,59.83098],[-136.87799,59.830811],[-136.87793,59.830677],[-136.877866,59.830489],[-136.877856,59.830328],[-136.877862,59.83013],[-136.877853,59.829951],[-136.877861,59.829797],[-136.877853,59.829627],[-136.87786,59.829438],[-136.877886,59.829267],[-136.877999,59.829095],[-136.878135,59.828941],[-136.878284,59.828759],[-136.878382,59.828595],[-136.878461,59.828415],[-136.87847,59.828244],[-136.878494,59.828064],[-136.878504,59.827876],[-136.878547,59.827703],[-136.878665,59.827568],[-136.878852,59.827438],[-136.879077,59.827292],[-136.879283,59.827155],[-136.879451,59.82699],[-136.879639,59.826817],[-136.879773,59.826654],[-136.87987,59.826481],[-136.879877,59.826293],[-136.879828,59.8262],[-136.880046,59.826091],[-136.880198,59.826015],[-136.880415,59.826034],[-136.880468,59.826024],[-136.880583,59.82586],[-136.880556,59.825699],[-136.880512,59.825556],[-136.880523,59.825422],[-136.880657,59.825258],[-136.880863,59.825138],[-136.881109,59.825071],[-136.881374,59.824996],[-136.881526,59.824859],[-136.881626,59.824732],[-136.881761,59.824613],[-136.881877,59.824459],[-136.882028,59.824295],[-136.882166,59.824175],[-136.882356,59.824066],[-136.882563,59.823938],[-136.882715,59.823827],[-136.88287,59.823708],[-136.88304,59.82358],[-136.883178,59.823461],[-136.883402,59.823332],[-136.883666,59.823274],[-136.883985,59.823243],[-136.884303,59.823157],[-136.884455,59.823039],[-136.88441,59.822868],[-136.884223,59.822719],[-136.884055,59.822578],[-136.883907,59.822462],[-136.883736,59.822304],[-136.883675,59.82216],[-136.883648,59.822018],[-136.883655,59.821837],[-136.883701,59.821685],[-136.883835,59.821538],[-136.883935,59.821411],[-136.883964,59.821267],[-136.883901,59.821133],[-136.883735,59.820984],[-136.883529,59.820816],[-136.883271,59.820685],[-136.882995,59.820571],[-136.882688,59.820495],[-136.882401,59.820463],[-136.882116,59.82045],[-136.881809,59.8204],[-136.881502,59.820306],[-136.881261,59.820175],[-136.881039,59.820034],[-136.880835,59.819884],[-136.880667,59.819742],[-136.880497,59.819592],[-136.880276,59.819461],[-136.88002,59.819339],[-136.879745,59.819235],[-136.879474,59.819149],[-136.879167,59.819081],[-136.878864,59.819077],[-136.878596,59.819063],[-136.878288,59.818986],[-136.878031,59.818882],[-136.87781,59.818751],[-136.87766,59.818618],[-136.877528,59.818494],[-136.877377,59.818362],[-136.877176,59.818248],[-136.876939,59.81817],[-136.876633,59.81813],[-136.876332,59.818143],[-136.876049,59.818209],[-136.87575,59.818241],[-136.875446,59.818237],[-136.875104,59.818178],[-136.874795,59.818111],[-136.874471,59.818034],[-136.874144,59.817913],[-136.873868,59.817801],[-136.873579,59.817732],[-136.873256,59.817665],[-136.872946,59.817571],[-136.872689,59.81744],[-136.872485,59.817291],[-136.872369,59.81714],[-136.872272,59.816997],[-136.872228,59.816837],[-136.872202,59.816701],[-136.872175,59.816559],[-136.872168,59.816415],[-136.87209,59.816273],[-136.871975,59.81613],[-136.871842,59.815998],[-136.871729,59.815864],[-136.871577,59.815723],[-136.871426,59.815563],[-136.87122,59.815414],[-136.870963,59.815291],[-136.87078,59.815186],[-136.870632,59.815072],[-136.870462,59.81494],[-136.870294,59.81478],[-136.870089,59.814639],[-136.869921,59.814525],[-136.869598,59.814475],[-136.869297,59.814498],[-136.86894,59.814287],[-136.868337,59.81393],[-136.868332,59.81382],[-136.868217,59.813696],[-136.868068,59.813572],[-136.867918,59.813421],[-136.867748,59.813272],[-136.867598,59.813138],[-136.867466,59.813014],[-136.867331,59.812846],[-136.867164,59.812695],[-136.866994,59.812562],[-136.866843,59.812403],[-136.866799,59.812233],[-136.866789,59.81209],[-136.866817,59.811937],[-136.866881,59.811792],[-136.866978,59.811647],[-136.867059,59.811484],[-136.867104,59.811349],[-136.867134,59.811205],[-136.867143,59.811061],[-136.86715,59.81089],[-136.867143,59.810747],[-136.867011,59.810606],[-136.866841,59.810473],[-136.866674,59.810341],[-136.866542,59.810198],[-136.866478,59.810029],[-136.866397,59.809859],[-136.866335,59.80969],[-136.866274,59.809546],[-136.866175,59.809395],[-136.86613,59.809243],[-136.866124,59.809082],[-136.866115,59.808946],[-136.86616,59.808794],[-136.86608,59.808633],[-136.865948,59.808509],[-136.865797,59.808368],[-136.865647,59.808236],[-136.865516,59.80812],[-136.865348,59.808006],[-136.865181,59.807874],[-136.864977,59.807742],[-136.864775,59.807601],[-136.86459,59.807487],[-136.864371,59.807408],[-136.864102,59.807368],[-136.864031,59.807368],[-136.864007,59.807413],[-136.862313,59.807264],[-136.860279,59.807084],[-136.860228,59.806947],[-136.860148,59.806786],[-136.860032,59.806635],[-136.859969,59.806474],[-136.859961,59.806322],[-136.859976,59.80598],[-136.859968,59.805827],[-136.859923,59.805658],[-136.859843,59.805516],[-136.859693,59.805365],[-136.859597,59.805231],[-136.859481,59.805098],[-136.859218,59.804815],[-136.859137,59.804671],[-136.859094,59.804537],[-136.85898,59.804396],[-136.858757,59.804247],[-136.858503,59.804141],[-136.858266,59.804064],[-136.857887,59.80398],[-136.857474,59.803913],[-136.85722,59.803855],[-136.856927,59.803732],[-136.856763,59.803673],[-136.856579,59.803559],[-136.856447,59.803416],[-136.856349,59.803265],[-136.856272,59.80315],[-136.856209,59.802989],[-136.856128,59.802828],[-136.856012,59.802669],[-136.855862,59.802535],[-136.855679,59.802412],[-136.855275,59.80222],[-136.855177,59.80205],[-136.855241,59.801915],[-136.855269,59.80178],[-136.855286,59.801753],[-136.85526,59.801619],[-136.855146,59.801476],[-136.854818,59.801374],[-136.85458,59.801287],[-136.854379,59.801173],[-136.854284,59.801049],[-136.854202,59.800897],[-136.854103,59.800719],[-136.853981,59.800432],[-136.853939,59.800299],[-136.853894,59.800146],[-136.853904,59.800002],[-136.853895,59.79985],[-136.853905,59.799706],[-136.853951,59.799554],[-136.853978,59.799391],[-136.854003,59.799229],[-136.854048,59.799075],[-136.854076,59.798914],[-136.854082,59.798743],[-136.854078,59.798644],[-136.854083,59.79855],[-136.854085,59.798456],[-136.854094,59.798285],[-136.854155,59.798095],[-136.854182,59.797933],[-136.854101,59.797782],[-136.854022,59.79763],[-136.854014,59.797477],[-136.853898,59.797326],[-136.853882,59.797306],[-136.854193,59.797091],[-136.854439,59.79692],[-136.854447,59.796923],[-136.854731,59.79691],[-136.854992,59.796799],[-136.855126,59.796654],[-136.855172,59.796509],[-136.855324,59.796345],[-136.855393,59.796354],[-136.855447,59.796335],[-136.85548,59.796281],[-136.855491,59.796163],[-136.855517,59.796019],[-136.855528,59.795858],[-136.855572,59.795696],[-136.855571,59.79566],[-136.85558,59.795533],[-136.855503,59.795399],[-136.85528,59.795268],[-136.855131,59.795144],[-136.854892,59.794978],[-136.854759,59.794871],[-136.854557,59.79473],[-136.85439,59.794616],[-136.854241,59.794492],[-136.854106,59.794341],[-136.853974,59.7942],[-136.853861,59.794066],[-136.853745,59.793934],[-136.853647,59.793783],[-136.853587,59.793649],[-136.853541,59.793488],[-136.853392,59.793364],[-136.853361,59.793365],[-136.853159,59.793179],[-136.852789,59.793131],[-136.852031,59.793031],[-136.851976,59.79289],[-136.851914,59.792737],[-136.851787,59.792676],[-136.851588,59.792644],[-136.851281,59.79255],[-136.851101,59.792515],[-136.851026,59.792481],[-136.850789,59.79235],[-136.850366,59.792139],[-136.850269,59.792007],[-136.850178,59.791936],[-136.850102,59.791874],[-136.850005,59.791732],[-136.849997,59.79158],[-136.849971,59.791444],[-136.84998,59.791292],[-136.85001,59.791148],[-136.850072,59.790994],[-136.850064,59.790842],[-136.849931,59.790682],[-136.849707,59.79055],[-136.849487,59.790446],[-136.849323,59.790331],[-136.848867,59.79015],[-136.848575,59.790036],[-136.848371,59.789905],[-136.848113,59.78972],[-136.847946,59.789614],[-136.84776,59.789465],[-136.847609,59.789322],[-136.847457,59.789171],[-136.847272,59.78903],[-136.84714,59.788879],[-136.847079,59.788737],[-136.846964,59.788586],[-136.84687,59.788542],[-136.846816,59.788535],[-136.846492,59.788439],[-136.846432,59.788369],[-136.84639,59.788217],[-136.846182,59.78803],[-136.846088,59.787934],[-136.845921,59.787774],[-136.845642,59.787607],[-136.845386,59.787485],[-136.845218,59.787344],[-136.845194,59.7872],[-136.845203,59.787048],[-136.845157,59.786868],[-136.845009,59.786746],[-136.844821,59.786603],[-136.844619,59.786481],[-136.844395,59.786277],[-136.844279,59.786145],[-136.844145,59.785985],[-136.844067,59.78586],[-136.843935,59.785709],[-136.843566,59.7855],[-136.843381,59.785357],[-136.843213,59.785243],[-136.842864,59.785033],[-136.842443,59.784842],[-136.842259,59.784726],[-136.842146,59.784594],[-136.842045,59.784424],[-136.841914,59.784282],[-136.841783,59.784168],[-136.841579,59.784027],[-136.84134,59.783886],[-136.8411,59.783755],[-136.840881,59.78366],[-136.840646,59.783591],[-136.8405,59.78353],[-136.840411,59.783496],[-136.840191,59.78339],[-136.839806,59.78319],[-136.839549,59.783086],[-136.839259,59.783009],[-136.838917,59.782942],[-136.838631,59.7829],[-136.838377,59.782832],[-136.838089,59.782774],[-136.837818,59.782714],[-136.837746,59.78268],[-136.837579,59.782591],[-136.837358,59.782452],[-136.837071,59.782402],[-136.836748,59.782352],[-136.836527,59.782238],[-136.836484,59.782096],[-136.83653,59.781951],[-136.836538,59.78179],[-136.83655,59.781681],[-136.836548,59.781619],[-136.836555,59.781456],[-136.836547,59.781304],[-136.83649,59.781251],[-136.836378,59.781153],[-136.836179,59.781076],[-136.835738,59.780857],[-136.835592,59.780751],[-136.835458,59.780592],[-136.835431,59.780439],[-136.835458,59.780296],[-136.835478,59.779989],[-136.835541,59.779836],[-136.83562,59.779655],[-136.835596,59.779529],[-136.835445,59.779388],[-136.835453,59.779226],[-136.835571,59.779091],[-136.835634,59.778937],[-136.835608,59.778802],[-136.835423,59.778679],[-136.835168,59.778584],[-136.83493,59.77847],[-136.834782,59.778356],[-136.83456,59.778206],[-136.834365,59.777921],[-136.834304,59.777769],[-136.834366,59.777615],[-136.83443,59.777471],[-136.834439,59.777319],[-136.834449,59.777175],[-136.834441,59.777021],[-136.834342,59.776843],[-136.834192,59.776684],[-136.833968,59.77648],[-136.83391,59.776419],[-136.833867,59.776258],[-136.834,59.776103],[-136.833995,59.776023],[-136.833915,59.775879],[-136.833855,59.775737],[-136.833827,59.775567],[-136.833838,59.775423],[-136.833883,59.77527],[-136.834047,59.774998],[-136.834109,59.774862],[-136.833993,59.774701],[-136.833773,59.774579],[-136.833606,59.774438],[-136.833597,59.774304],[-136.833606,59.77415],[-136.833634,59.773988],[-136.833699,59.773852],[-136.833886,59.773724],[-136.834168,59.773667],[-136.834433,59.773617],[-136.834524,59.773617],[-136.834726,59.773767],[-136.834843,59.773927],[-136.834992,59.774078],[-136.835126,59.774219],[-136.835322,59.774253],[-136.835603,59.774194],[-136.835831,59.774093],[-136.83588,59.774029],[-136.835985,59.773992],[-136.836294,59.773771],[-136.836353,59.773565],[-136.836309,59.773394],[-136.836355,59.773241],[-136.836417,59.773105],[-136.836356,59.772962],[-136.83637,59.77289],[-136.836468,59.772727],[-136.836479,59.772592],[-136.836364,59.772441],[-136.836231,59.772282],[-136.83622,59.772111],[-136.836158,59.77195],[-136.836028,59.771817],[-136.835876,59.771693],[-136.835693,59.771588],[-136.835562,59.771464],[-136.835447,59.77134],[-136.835245,59.771218],[-136.835061,59.771085],[-136.834912,59.770953],[-136.834725,59.770839],[-136.834451,59.770689],[-136.834232,59.770585],[-136.834028,59.770471],[-136.833645,59.770261],[-136.833425,59.770174],[-136.833151,59.77007],[-136.832915,59.769993],[-136.832819,59.769859],[-136.832741,59.769708],[-136.832679,59.769556],[-136.832527,59.769405],[-136.832376,59.769264],[-136.832193,59.769158],[-136.831907,59.769108],[-136.831635,59.769059],[-136.831332,59.769009],[-136.831042,59.768932],[-136.83097,59.768898],[-136.830854,59.768745],[-136.830775,59.768613],[-136.830642,59.76847],[-136.83051,59.768346],[-136.83036,59.768214],[-136.830106,59.7681],[-136.82987,59.768023],[-136.829632,59.767936],[-136.829362,59.767832],[-136.829108,59.767773],[-136.828767,59.767716],[-136.828514,59.767656],[-136.828186,59.767526],[-136.827858,59.767368],[-136.82755,59.767283],[-136.827174,59.767234],[-136.8271,59.76719],[-136.826989,59.767112],[-136.826927,59.766978],[-136.826849,59.766834],[-136.826753,59.766702],[-136.826496,59.766588],[-136.826459,59.766543],[-136.826417,59.76641],[-136.826392,59.766276],[-136.826382,59.766113],[-136.826302,59.765971],[-136.826208,59.765847],[-136.826092,59.765713],[-136.825962,59.765581],[-136.825846,59.765447],[-136.825715,59.765323],[-136.825478,59.765192],[-136.825364,59.765049],[-136.825264,59.76489],[-136.825138,59.764829],[-136.824864,59.764742],[-136.824647,59.764656],[-136.824426,59.764542],[-136.824261,59.764419],[-136.824094,59.764305],[-136.823941,59.764145],[-136.823845,59.764011],[-136.823555,59.763889],[-136.823457,59.763738],[-136.823555,59.763592],[-136.823711,59.763483],[-136.823789,59.76332],[-136.823908,59.763184],[-136.823917,59.763031],[-136.823889,59.762879],[-136.823848,59.762727],[-136.823831,59.762413],[-136.823731,59.762244],[-136.823582,59.76212],[-136.823416,59.761987],[-136.823169,59.761713],[-136.823038,59.761589],[-136.822835,59.761465],[-136.822614,59.761369],[-136.822521,59.761281],[-136.822465,59.761237],[-136.822441,59.761093],[-136.82252,59.760931],[-136.822512,59.76076],[-136.822472,59.760689],[-136.822434,59.760627],[-136.822407,59.760483],[-136.822453,59.76033],[-136.822462,59.760196],[-136.822438,59.760052],[-136.822322,59.759918],[-136.822085,59.759805],[-136.821899,59.759682],[-136.82182,59.759521],[-136.821758,59.759361],[-136.821729,59.759182],[-136.821707,59.759046],[-136.821696,59.758867],[-136.821687,59.758687],[-136.821623,59.758537],[-136.821635,59.758383],[-136.821698,59.75823],[-136.821672,59.758086],[-136.821523,59.757963],[-136.821314,59.757759],[-136.821109,59.757564],[-136.821012,59.757421],[-136.820951,59.757279],[-136.820906,59.757145],[-136.82083,59.757011],[-136.820716,59.756887],[-136.82053,59.756755],[-136.820311,59.756632],[-136.820073,59.756518],[-136.819818,59.756423],[-136.819584,59.756363],[-136.819312,59.756286],[-136.818987,59.756174],[-136.818878,59.75614],[-136.81853,59.755983],[-136.818485,59.755822],[-136.818461,59.755678],[-136.818433,59.755526],[-136.818514,59.755382],[-136.818597,59.755228],[-136.818623,59.755074],[-136.818708,59.75501],[-136.818972,59.754926],[-136.819307,59.754868],[-136.81957,59.754819],[-136.819831,59.754717],[-136.820055,59.754587],[-136.820101,59.754435],[-136.820097,59.754335],[-136.820093,59.754282],[-136.819994,59.754121],[-136.819827,59.75398],[-136.819626,59.753867],[-136.81944,59.753716],[-136.819359,59.753565],[-136.819264,59.753414],[-136.819133,59.75329],[-136.818999,59.753147],[-136.818843,59.752871],[-136.818762,59.752702],[-136.818701,59.752549],[-136.818569,59.752417],[-136.818516,59.75213],[-136.818385,59.751988],[-136.818321,59.751819],[-136.818404,59.751683],[-136.818448,59.751538],[-136.818262,59.751388],[-136.81799,59.751293],[-136.817649,59.751235],[-136.81736,59.751158],[-136.817122,59.751045],[-136.81692,59.750921],[-136.816517,59.750703],[-136.81635,59.750588],[-136.816236,59.750464],[-136.816141,59.75034],[-136.816045,59.750206],[-136.815895,59.750065],[-136.815694,59.74995],[-136.815614,59.749808],[-136.815624,59.749664],[-136.815723,59.749528],[-136.815859,59.749392],[-136.815959,59.749265],[-136.816092,59.749128],[-136.816192,59.749],[-136.816343,59.748828],[-136.81646,59.748701],[-136.816531,59.748681],[-136.81662,59.748671],[-136.816691,59.748671],[-136.816892,59.748766],[-136.817044,59.748917],[-136.817067,59.74906],[-136.817112,59.749239],[-136.817193,59.749392],[-136.817238,59.749543],[-136.8173,59.749704],[-136.817396,59.749837],[-136.817526,59.749953],[-136.817678,59.750102],[-136.817773,59.750255],[-136.817852,59.750387],[-136.817985,59.75053],[-136.818224,59.750652],[-136.818408,59.750766],[-136.818556,59.750908],[-136.818691,59.751086],[-136.81877,59.751219],[-136.818866,59.751353],[-136.819475,59.751776],[-136.819678,59.751881],[-136.819863,59.752004],[-136.819944,59.752182],[-136.8199,59.752344],[-136.819906,59.752488],[-136.820002,59.752622],[-136.820136,59.75279],[-136.820286,59.752905],[-136.820422,59.75311],[-136.820594,59.753332],[-136.820812,59.753428],[-136.820997,59.75355],[-136.821129,59.753674],[-136.821418,59.753751],[-136.821669,59.753792],[-136.821904,59.753862],[-136.822178,59.753975],[-136.822399,59.754133],[-136.822461,59.754267],[-136.822466,59.754402],[-136.822456,59.754546],[-136.822449,59.75469],[-136.822438,59.754851],[-136.82248,59.754986],[-136.822483,59.755012],[-136.82265,59.755127],[-136.822919,59.755195],[-136.823154,59.755264],[-136.823359,59.755386],[-136.823472,59.755546],[-136.823586,59.755671],[-136.823718,59.755795],[-136.823867,59.755927],[-136.824104,59.756014],[-136.824389,59.756027],[-136.824676,59.75606],[-136.824913,59.756174],[-136.825063,59.756288],[-136.825107,59.756432],[-136.825132,59.756565],[-136.825211,59.756726],[-136.825271,59.75686],[-136.825314,59.757003],[-136.825351,59.75703],[-136.825406,59.757037],[-136.825485,59.757198],[-136.825495,59.757342],[-136.825485,59.757485],[-136.825422,59.757639],[-136.825373,59.75772],[-136.825393,59.757792],[-136.825778,59.758002],[-136.825928,59.758116],[-136.82613,59.75824],[-136.826203,59.758274],[-136.826274,59.758283],[-136.826327,59.758273],[-136.826355,59.758111],[-136.826346,59.75795],[-136.8263,59.757789],[-136.826221,59.757628],[-136.826142,59.757494],[-136.826152,59.75735],[-136.826198,59.757198],[-136.826134,59.757027],[-136.82618,59.756874],[-136.826092,59.756578],[-136.826107,59.756543],[-136.826284,59.75646],[-136.826373,59.756476],[-136.826543,59.756654],[-136.826674,59.756778],[-136.826805,59.756919],[-136.826936,59.757043],[-136.827032,59.757176],[-136.827059,59.75732],[-136.827013,59.757473],[-136.826971,59.757635],[-136.82696,59.757797],[-136.827001,59.757877],[-136.827083,59.758101],[-136.827111,59.75828],[-136.827174,59.758423],[-136.827289,59.758574],[-136.827438,59.758725],[-136.827572,59.758867],[-136.827615,59.759028],[-136.827626,59.759207],[-136.827653,59.759377],[-136.827732,59.759538],[-136.827865,59.759672],[-136.828066,59.759786],[-136.828286,59.759917],[-136.828562,59.760039],[-136.828818,59.76017],[-136.828966,59.760284],[-136.829028,59.760445],[-136.828985,59.760643],[-136.829136,59.760812],[-136.829322,59.760935],[-136.829384,59.761096],[-136.829427,59.761238],[-136.82949,59.761418],[-136.8295,59.76157],[-136.829489,59.761705],[-136.829498,59.761866],[-136.829558,59.76201],[-136.829604,59.762171],[-136.829467,59.762298],[-136.829259,59.7624],[-136.828982,59.76253],[-136.828828,59.762657],[-136.828748,59.762811],[-136.828649,59.762966],[-136.828567,59.763101],[-136.828505,59.763263],[-136.828388,59.763409],[-136.828382,59.763615],[-136.828463,59.763785],[-136.828664,59.763899],[-136.828886,59.764023],[-136.829036,59.764155],[-136.829186,59.764296],[-136.829213,59.764484],[-136.829292,59.764618],[-136.829422,59.764733],[-136.829449,59.764876],[-136.829422,59.765021],[-136.829357,59.765156],[-136.829241,59.765319],[-136.829178,59.765472],[-136.829186,59.765625],[-136.829251,59.765804],[-136.829327,59.765911],[-136.829512,59.766034],[-136.829628,59.766195],[-136.829705,59.766328],[-136.830051,59.766431],[-136.830177,59.766482],[-136.830306,59.766543],[-136.830416,59.766632],[-136.830456,59.766703],[-136.83051,59.76673],[-136.830801,59.766788],[-136.831019,59.766902],[-136.831151,59.767035],[-136.831247,59.767169],[-136.831398,59.76731],[-136.831636,59.767405],[-136.831906,59.767456],[-136.832189,59.767461],[-136.832457,59.767458],[-136.833118,59.767466],[-136.833385,59.767481],[-136.833707,59.76752],[-136.833945,59.767634],[-136.834097,59.767784],[-136.834263,59.767889],[-136.834534,59.768003],[-136.834703,59.768126],[-136.834851,59.76825],[-136.834984,59.768384],[-136.835151,59.768516],[-136.83537,59.768638],[-136.83552,59.768752],[-136.835687,59.768893],[-136.83589,59.768999],[-136.836204,59.76922],[-136.836407,59.769351],[-136.836592,59.769474],[-136.836724,59.769598],[-136.836839,59.769749],[-136.836919,59.76991],[-136.836892,59.770054],[-136.836828,59.770198],[-136.836782,59.770352],[-136.836863,59.770503],[-136.837066,59.770627],[-136.837267,59.770741],[-136.837364,59.770883],[-136.83753,59.770988],[-136.837733,59.771119],[-136.837903,59.771297],[-136.837996,59.771386],[-136.838182,59.771491],[-136.838367,59.771632],[-136.838533,59.771738],[-136.838735,59.77186],[-136.838919,59.771974],[-136.839106,59.772115],[-136.839257,59.772257],[-136.839388,59.772373],[-136.83952,59.772497],[-136.839565,59.772675],[-136.839483,59.772811],[-136.839509,59.772972],[-136.839642,59.773132],[-136.839757,59.773256],[-136.839855,59.773408],[-136.840008,59.773612],[-136.840123,59.773754],[-136.840256,59.773914],[-136.840388,59.774065],[-136.840521,59.774224],[-136.840623,59.774421],[-136.84065,59.774592],[-136.840693,59.774734],[-136.84072,59.774878],[-136.840764,59.775047],[-136.840823,59.775181],[-136.840939,59.775315],[-136.841089,59.775465],[-136.84122,59.775589],[-136.841299,59.775722],[-136.84129,59.775893],[-136.841229,59.776064],[-136.841185,59.776227],[-136.841195,59.776398],[-136.841221,59.776558],[-136.841123,59.776722],[-136.841025,59.776868],[-136.840998,59.77703],[-136.84106,59.777208],[-136.841141,59.777359],[-136.841157,59.777682],[-136.841133,59.777872],[-136.841143,59.778043],[-136.841222,59.778176],[-136.841354,59.778344],[-136.84145,59.778478],[-136.841547,59.778621],[-136.841625,59.778745],[-136.841762,59.778931],[-136.841807,59.779084],[-136.841939,59.779235],[-136.842051,59.779358],[-136.842057,59.779431],[-136.842202,59.779482],[-136.842312,59.779517],[-136.842615,59.779566],[-136.842813,59.779609],[-136.842904,59.779635],[-136.843106,59.779739],[-136.843205,59.779891],[-136.843214,59.780052],[-136.84331,59.780186],[-136.843458,59.7803],[-136.843642,59.780414],[-136.843757,59.780538],[-136.84387,59.780653],[-136.844039,59.780804],[-136.844188,59.780945],[-136.844356,59.781069],[-136.844593,59.781173],[-136.844832,59.781295],[-136.845034,59.781436],[-136.84515,59.78157],[-136.845227,59.781713],[-136.845324,59.781855],[-136.845494,59.781988],[-136.845732,59.7821],[-136.845935,59.782233],[-136.846064,59.782356],[-136.846129,59.782507],[-136.846262,59.782668],[-136.846387,59.782754],[-136.846345,59.782852],[-136.846328,59.782892],[-136.846241,59.782946],[-136.846245,59.783],[-136.846215,59.783085],[-136.84602,59.783167],[-136.845848,59.783239],[-136.845777,59.783258],[-136.845761,59.783285],[-136.84589,59.783392],[-136.845902,59.783598],[-136.845911,59.783759],[-136.845902,59.783912],[-136.84594,59.783939],[-136.846012,59.783947],[-136.846278,59.783952],[-136.846351,59.783942],[-136.846416,59.783906],[-136.846832,59.78398],[-136.847375,59.784075],[-136.847469,59.784214],[-136.847655,59.784338],[-136.847872,59.784423],[-136.848025,59.784582],[-136.848102,59.784699],[-136.848255,59.784876],[-136.848712,59.785085],[-136.849075,59.785223],[-136.849237,59.785276],[-136.849422,59.785399],[-136.849678,59.785494],[-136.850099,59.785713],[-136.850251,59.785836],[-136.8504,59.785968],[-136.850477,59.786102],[-136.850558,59.786272],[-136.850726,59.786395],[-136.851077,59.786615],[-136.851113,59.78665],[-136.851338,59.786818],[-136.8518,59.787135],[-136.852037,59.787222],[-136.852564,59.787421],[-136.852643,59.787553],[-136.852979,59.787837],[-136.853348,59.788048],[-136.853341,59.788254],[-136.853423,59.788459],[-136.853721,59.788661],[-136.853751,59.788876],[-136.853819,59.788929],[-136.853698,59.789104],[-136.853628,59.789265],[-136.853596,59.789301],[-136.853605,59.789463],[-136.853642,59.789507],[-136.853844,59.78963],[-136.853976,59.789754],[-136.854002,59.789915],[-136.853993,59.790069],[-136.854038,59.790219],[-136.854259,59.790352],[-136.854393,59.790539],[-136.854479,59.790565],[-136.854623,59.790685],[-136.854707,59.790755],[-136.854586,59.790788],[-136.85457,59.790815],[-136.854597,59.790984],[-136.854714,59.791145],[-136.854834,59.791376],[-136.854926,59.791429],[-136.855016,59.791433],[-136.855147,59.791671],[-136.855331,59.792005],[-136.855338,59.792132],[-136.855575,59.792211],[-136.855612,59.792236],[-136.855567,59.792371],[-136.855465,59.792508],[-136.855438,59.792652],[-136.855641,59.792757],[-136.85598,59.792789],[-136.856267,59.792802],[-136.856463,59.792809],[-136.856607,59.792824],[-136.856896,59.792893],[-136.85715,59.792978],[-136.857385,59.793065],[-136.857431,59.793226],[-136.857364,59.793299],[-136.857365,59.793334],[-136.857497,59.793477],[-136.857552,59.793485],[-136.857762,59.793401],[-136.8578,59.793381],[-136.857968,59.793416],[-136.85815,59.793455],[-136.858179,59.793521],[-136.858396,59.793581],[-136.858546,59.793713],[-136.858537,59.793884],[-136.858527,59.794028],[-136.858463,59.794172],[-136.85842,59.794317],[-136.858354,59.794471],[-136.858292,59.794625],[-136.858283,59.794758],[-136.85829,59.794921],[-136.8583,59.795063],[-136.858273,59.795209],[-136.858103,59.795364],[-136.85795,59.79549],[-136.85801,59.795634],[-136.858143,59.795785],[-136.858258,59.795909],[-136.858429,59.796121],[-136.858489,59.796211],[-136.858586,59.796371],[-136.858756,59.79653],[-136.858942,59.796698],[-136.85881,59.796862],[-136.858707,59.796918],[-136.858396,59.797101],[-136.858332,59.797237],[-136.858339,59.79738],[-136.85833,59.797533],[-136.858303,59.797678],[-136.858239,59.79784],[-136.858143,59.797994],[-136.858008,59.79814],[-136.857853,59.798276],[-136.857721,59.798413],[-136.85764,59.798577],[-136.857649,59.798738],[-136.857641,59.798917],[-136.857649,59.799097],[-136.857643,59.799313],[-136.857651,59.79942],[-136.857641,59.799582],[-136.857578,59.799736],[-136.85757,59.799916],[-136.857576,59.800005],[-136.857581,59.800086],[-136.8575,59.800249],[-136.857102,59.800461],[-136.857086,59.800488],[-136.857131,59.80064],[-136.857157,59.80082],[-136.857149,59.800981],[-136.85721,59.801125],[-136.857361,59.801266],[-136.857617,59.801361],[-136.857938,59.801392],[-136.858209,59.801434],[-136.858446,59.801511],[-136.858934,59.801674],[-136.859172,59.801761],[-136.859421,59.801854],[-136.859513,59.80209],[-136.859579,59.802262],[-136.859907,59.802433],[-136.85998,59.802549],[-136.860385,59.802768],[-136.860656,59.802827],[-136.860926,59.802876],[-136.861147,59.80299],[-136.861297,59.803123],[-136.861445,59.803238],[-136.86165,59.803379],[-136.862035,59.80358],[-136.862241,59.80373],[-136.862372,59.803862],[-136.862524,59.804013],[-136.86262,59.804164],[-136.862718,59.804306],[-136.86278,59.804459],[-136.862826,59.80462],[-136.862939,59.804752],[-136.863046,59.804769],[-136.863136,59.804741],[-136.863138,59.804738],[-136.863619,59.804937],[-136.864221,59.805186],[-136.864233,59.805255],[-136.864366,59.805389],[-136.864602,59.805466],[-136.864803,59.805571],[-136.864865,59.805705],[-136.864981,59.805856],[-136.865128,59.805988],[-136.865332,59.806119],[-136.86557,59.806233],[-136.865739,59.806357],[-136.865889,59.80649],[-136.86609,59.806594],[-136.866199,59.806611],[-136.866286,59.806601],[-136.866428,59.806562],[-136.866486,59.806534],[-136.86709,59.806634],[-136.867636,59.806725],[-136.867586,59.80687],[-136.86761,59.807012],[-136.867622,59.807192],[-136.867578,59.807354],[-136.867425,59.807509],[-136.867291,59.807655],[-136.867193,59.807818],[-136.867131,59.807971],[-136.867068,59.808143],[-136.867043,59.808323],[-136.867035,59.808485],[-136.867044,59.808637],[-136.86707,59.808817],[-136.867168,59.808968],[-136.867338,59.809119],[-136.867508,59.809295],[-136.867643,59.809465],[-136.86774,59.809624],[-136.86782,59.809785],[-136.867867,59.809973],[-136.86793,59.810134],[-136.867956,59.810287],[-136.867982,59.810429],[-136.868097,59.810571],[-136.868206,59.810624],[-136.868252,59.810785],[-136.868165,59.810858],[-136.868152,59.81093],[-136.86853,59.811338],[-136.868648,59.81148],[-136.868728,59.811641],[-136.868752,59.811783],[-136.86876,59.811936],[-136.868803,59.812071],[-136.868938,59.812221],[-136.869086,59.812336],[-136.869237,59.812468],[-136.869334,59.812611],[-136.869394,59.812745],[-136.869477,59.81295],[-136.869718,59.813081],[-136.869921,59.813205],[-136.870106,59.813346],[-136.870239,59.813478],[-136.870353,59.813638],[-136.870469,59.813789],[-136.870583,59.813923],[-136.870754,59.814064],[-136.871088,59.814329],[-136.871255,59.814434],[-136.871549,59.814582],[-136.871788,59.814723],[-136.871992,59.814854],[-136.872213,59.814986],[-136.872454,59.815118],[-136.872727,59.815239],[-136.873,59.815334],[-136.873308,59.815419],[-136.873562,59.815515],[-136.874059,59.815768],[-136.874295,59.815864],[-136.874533,59.815976],[-136.874773,59.816099],[-136.874995,59.81624],[-136.87525,59.816352],[-136.875709,59.81657],[-136.875895,59.816713],[-136.875994,59.816864],[-136.876092,59.817033],[-136.876241,59.817174],[-136.876392,59.817315],[-136.876611,59.817412],[-136.8769,59.817452],[-136.877204,59.817483],[-136.877476,59.817551],[-136.877715,59.817665],[-136.877935,59.817815],[-136.878143,59.817973],[-136.878276,59.818124],[-136.878408,59.818294],[-136.878561,59.81847],[-136.878748,59.818603],[-136.878985,59.818698],[-136.879327,59.818738],[-136.879663,59.818734],[-136.880023,59.818773],[-136.880331,59.818857],[-136.880916,59.819084],[-136.881154,59.819196],[-136.881376,59.819337],[-136.881581,59.819496],[-136.881765,59.819628],[-136.881969,59.81976],[-136.882138,59.819901],[-136.882324,59.820051],[-136.882529,59.820165],[-136.882781,59.820252],[-136.883036,59.82032],[-136.883325,59.820379],[-136.883577,59.820447],[-136.883815,59.820532],[-136.884203,59.820752],[-136.884371,59.820911],[-136.884524,59.821062],[-136.884603,59.821213],[-136.884646,59.821347],[-136.884566,59.821492],[-136.88452,59.821663],[-136.884474,59.82179],[-136.884467,59.821952],[-136.884492,59.822086],[-136.884589,59.822237],[-136.884775,59.822361],[-136.884975,59.822465],[-136.885181,59.822587],[-136.88533,59.822711],[-136.885446,59.822862],[-136.88549,59.823023],[-136.885499,59.823186],[-136.885506,59.82332],[-136.885493,59.823419],[-136.885477,59.823446],[-136.885251,59.823566],[-136.884972,59.82366],[-136.884672,59.82371],[-136.884336,59.823758],[-136.883998,59.8238],[-136.883771,59.823884],[-136.883546,59.823959],[-136.883195,59.824072],[-136.882987,59.824218],[-136.882889,59.824355],[-136.882774,59.824517],[-136.88264,59.824664],[-136.882539,59.824799],[-136.882422,59.824945],[-136.882354,59.824973],[-136.882175,59.825272],[-136.882112,59.825416],[-136.882028,59.825561],[-136.881914,59.825707],[-136.881797,59.825852],[-136.881698,59.826024],[-136.881566,59.826188],[-136.881448,59.826325],[-136.881349,59.82646],[-136.881195,59.82658],[-136.881006,59.826699],[-136.880871,59.826836],[-136.880896,59.826988],[-136.880996,59.827148],[-136.88104,59.827309],[-136.881029,59.827444],[-136.88086,59.827599],[-136.880598,59.827702],[-136.880281,59.827769],[-136.880036,59.827844],[-136.879791,59.827947],[-136.879565,59.828058],[-136.879305,59.828178],[-136.878923,59.828373],[-136.878787,59.828509],[-136.878743,59.828672],[-136.878752,59.828824],[-136.878798,59.828985],[-136.878981,59.829108],[-136.879114,59.829231],[-136.879159,59.829384],[-136.879187,59.829553],[-136.879206,59.829922],[-136.879179,59.830085],[-136.879116,59.830228],[-136.879073,59.830399],[-136.879082,59.830535],[-136.879089,59.830678],[-136.879135,59.830856],[-136.879216,59.831044],[-136.879262,59.831197],[-136.87927,59.831368],[-136.879262,59.831547],[-136.879283,59.831879],[-136.879381,59.832049],[-136.879495,59.832208],[-136.879596,59.832369],[-136.879637,59.832511],[-136.879642,59.832593],[-136.87949,59.832711],[-136.879282,59.832857],[-136.879239,59.833003],[-136.879264,59.833172],[-136.879328,59.833342],[-136.879422,59.833709],[-136.879424,59.833772],[-136.879429,59.833872],[-136.879475,59.834032],[-136.879571,59.834183],[-136.87974,59.834306],[-136.879925,59.834421],[-136.880165,59.834561],[-136.880387,59.834702],[-136.880591,59.834833],[-136.880739,59.834965],[-136.880857,59.835135],[-136.881008,59.835294],[-136.881089,59.835455],[-136.881115,59.835608],[-136.881107,59.835787],[-136.881029,59.835949],[-136.88093,59.836103],[-136.880815,59.836286],[-136.880699,59.836439],[-136.880617,59.836593],[-136.880576,59.836801],[-136.880565,59.836918],[-136.880608,59.837069],[-136.880707,59.837221],[-136.880804,59.837354],[-136.880935,59.837488],[-136.881105,59.837619],[-136.881274,59.837761],[-136.881408,59.837921],[-136.881466,59.838019],[-136.881485,59.838036],[-136.881565,59.838214],[-136.881522,59.838403],[-136.88139,59.838586],[-136.881257,59.838739],[-136.881109,59.838957],[-136.881043,59.839057],[-136.880909,59.839248],[-136.880758,59.839412],[-136.880624,59.83954],[-136.880453,59.839685],[-136.880285,59.839849],[-136.879982,59.840178],[-136.879863,59.840313],[-136.879712,59.84046],[-136.879507,59.840624],[-136.879281,59.840762],[-136.879057,59.840891],[-136.878834,59.84103],[-136.878643,59.841131],[-136.878415,59.841206],[-136.878114,59.841246],[-136.87779,59.841215],[-136.877489,59.841255],[-136.877192,59.841349],[-136.876967,59.841468],[-136.876795,59.841588],[-136.876623,59.841725],[-136.876418,59.84189],[-136.876198,59.842091],[-136.875751,59.842403],[-136.87558,59.842531],[-136.875409,59.842649],[-136.875204,59.842796],[-136.874994,59.842907],[-136.874752,59.843028],[-136.874458,59.843184],[-136.87423,59.843286],[-136.873953,59.843398],[-136.873706,59.843482],[-136.873445,59.843566],[-136.873198,59.843652],[-136.872936,59.843727],[-136.8726,59.843804],[-136.872354,59.843852],[-136.872035,59.843928],[-136.87177,59.843986],[-136.871488,59.844043],[-136.871296,59.844109],[-136.871033,59.844203],[-136.870702,59.844342],[-136.870285,59.844555],[-136.870134,59.844701],[-136.869982,59.844882],[-136.869868,59.845073],[-136.8697,59.845245],[-136.869565,59.8454],[-136.869465,59.845527],[-136.86935,59.845664],[-136.869181,59.845846],[-136.869062,59.845982],[-136.868909,59.84611],[-136.86872,59.846229],[-136.868496,59.846359],[-136.868324,59.846477],[-136.868116,59.846597],[-136.867701,59.846828],[-136.867474,59.846957],[-136.867286,59.847077],[-136.867077,59.847196],[-136.866645,59.847427],[-136.866421,59.847555],[-136.866039,59.847776],[-136.865798,59.847933],[-136.86559,59.848052],[-136.865401,59.848172],[-136.865193,59.848292],[-136.864952,59.848448],[-136.864536,59.848669],[-136.864157,59.84889],[-136.863914,59.849028],[-136.863654,59.849166],[-136.863376,59.849296],[-136.863061,59.8494],[-136.862778,59.849475],[-136.862498,59.849542],[-136.862198,59.849636],[-136.861938,59.849747],[-136.861694,59.849877],[-136.861469,59.849979],[-136.86131,59.850043],[-136.861256,59.850045],[-136.861087,59.850182],[-136.860916,59.850328],[-136.860799,59.850455],[-136.860699,59.8506],[-136.860638,59.850763],[-136.860554,59.850899],[-136.860421,59.851036],[-136.860266,59.851146],[-136.860181,59.851209],[-136.859997,59.851226],[-136.859878,59.851237],[-136.859876,59.851223],[-136.859574,59.851237],[-136.859273,59.85125],[-136.85897,59.851254],[-136.858593,59.85126],[-136.858309,59.851254],[-136.858004,59.851241],[-136.857701,59.851245],[-136.857112,59.851271],[-136.856829,59.85132],[-136.856565,59.851359],[-136.856512,59.851388],[-136.856515,59.851413],[-136.856527,59.851416],[-136.856419,59.851467],[-136.856266,59.851539],[-136.856199,59.851536],[-136.856146,59.851545],[-136.855992,59.851691],[-136.856038,59.851844],[-136.856117,59.851995],[-136.856215,59.852137],[-136.856364,59.852278],[-136.85648,59.852429],[-136.856526,59.852608],[-136.856551,59.852734],[-136.856528,59.85295],[-136.856413,59.853131],[-136.856296,59.853303],[-136.856253,59.853447],[-136.856205,59.853583],[-136.856144,59.853746],[-136.856133,59.85388],[-136.856074,59.854097],[-136.856047,59.854286],[-136.855967,59.854431],[-136.855958,59.854557],[-136.855963,59.854665],[-136.856022,59.854762],[-136.856137,59.854904],[-136.856287,59.855055],[-136.856386,59.855206],[-136.856408,59.855287],[-136.856379,59.85544],[-136.856354,59.855594],[-136.856364,59.855754],[-136.856261,59.855881],[-136.856038,59.855992],[-136.855774,59.856105],[-136.855476,59.856189],[-136.855213,59.856256],[-136.854967,59.856331],[-136.854721,59.856424],[-136.85453,59.856526],[-136.854377,59.85668],[-136.854353,59.856861],[-136.854344,59.857013],[-136.854352,59.857157],[-136.854272,59.857328],[-136.854137,59.857492],[-136.854003,59.857639],[-136.853957,59.857783],[-136.854074,59.857942],[-136.854261,59.858093],[-136.85441,59.858234],[-136.854579,59.858375],[-136.854697,59.858545],[-136.854812,59.858704],[-136.854948,59.858874],[-136.855081,59.859052],[-136.855234,59.85922],[-136.855404,59.859369],[-136.855502,59.859539],[-136.855511,59.85971],[-136.855485,59.859863],[-136.855438,59.859999],[-136.855375,59.860151],[-136.855275,59.860296],[-136.85516,59.860433],[-136.855062,59.860597],[-136.854943,59.860751],[-136.854809,59.860896],[-136.854693,59.86105],[-136.854541,59.861188],[-136.854387,59.861315],[-136.853949,59.861501],[-136.853671,59.861604],[-136.853335,59.861662],[-136.853014,59.861703],[-136.852771,59.861796],[-136.852688,59.861941],[-136.852699,59.862111],[-136.852759,59.862245],[-136.852804,59.862397],[-136.852814,59.862559],[-136.852803,59.862712],[-136.852759,59.862856],[-136.852695,59.862992],[-136.852559,59.863128],[-136.852386,59.863256],[-136.852289,59.863428],[-136.852297,59.863572],[-136.852216,59.863734],[-136.852082,59.863863],[-136.851963,59.863989],[-136.851811,59.864127],[-136.851695,59.864281],[-136.851685,59.864425],[-136.851697,59.864649],[-136.851752,59.865026],[-136.85178,59.865169],[-136.851769,59.865322],[-136.851778,59.865483],[-136.851763,59.865825],[-136.851743,59.866121],[-136.851716,59.866284],[-136.851652,59.866429],[-136.8515,59.866566],[-136.851085,59.866795],[-136.850893,59.866915],[-136.850796,59.867078],[-136.850769,59.867222],[-136.850723,59.867366],[-136.850697,59.867537],[-136.850704,59.867681],[-136.850695,59.867852],[-136.850721,59.867986],[-136.850765,59.868148],[-136.850774,59.8683],[-136.850713,59.868463],[-136.850575,59.868581],[-136.850404,59.868701],[-136.850022,59.868886],[-136.849868,59.869031],[-136.849804,59.869166],[-136.849794,59.86931],[-136.849783,59.869445],[-136.849721,59.869618],[-136.849623,59.869762],[-136.849505,59.869898],[-136.849407,59.870035],[-136.849324,59.870162],[-136.849225,59.870297],[-136.849123,59.870425],[-136.848973,59.870579],[-136.848854,59.870707],[-136.848702,59.870853],[-136.848513,59.871008],[-136.848307,59.871146],[-136.848152,59.871264],[-136.848053,59.871401],[-136.847858,59.871727],[-136.847792,59.871872],[-136.847782,59.872016],[-136.847757,59.872169],[-136.847709,59.872304],[-136.847665,59.872466],[-136.847646,59.872754],[-136.847671,59.872898],[-136.847733,59.873049],[-136.84783,59.873183],[-136.847981,59.873334],[-136.848168,59.873483],[-136.848302,59.873643],[-136.848367,59.873812],[-136.848445,59.873973],[-136.848543,59.874142],[-136.848606,59.874276],[-136.84872,59.874427],[-136.8488,59.874561],[-136.848865,59.874758],[-136.848867,59.874812],[-136.848856,59.874902],[-136.84879,59.875047],[-136.84871,59.875218],[-136.848632,59.87538],[-136.848551,59.875544],[-136.848487,59.875679],[-136.848442,59.875814],[-136.848398,59.875995],[-136.848333,59.876131],[-136.848235,59.876293],[-136.848118,59.876438],[-136.847947,59.876558],[-136.847811,59.876713],[-136.847712,59.876848],[-136.847575,59.876967],[-136.847387,59.877113],[-136.847095,59.877316],[-136.846888,59.877462],[-136.846718,59.877599],[-136.846566,59.877754],[-136.846499,59.877854],[-136.846448,59.877917],[-136.846386,59.878053],[-136.846323,59.878216],[-136.846277,59.878368],[-136.846268,59.878414],[-136.84625,59.878503],[-136.846223,59.878647],[-136.846121,59.878775],[-136.845934,59.878931],[-136.845588,59.879151],[-136.845418,59.87928],[-136.845245,59.879389],[-136.845001,59.879519],[-136.844756,59.87962],[-136.844322,59.879815],[-136.844077,59.879918],[-136.843831,59.88001],[-136.84355,59.880096],[-136.843288,59.88018],[-136.843007,59.880265],[-136.842724,59.880359],[-136.842461,59.880452],[-136.842182,59.880554],[-136.841937,59.880657],[-136.841468,59.880888],[-136.841259,59.880999],[-136.841032,59.881091],[-136.840634,59.881322],[-136.840462,59.881442],[-136.840344,59.881577],[-136.840227,59.881722],[-136.840039,59.881852],[-136.839832,59.88198],[-136.839361,59.882194],[-136.839078,59.88225],[-136.838758,59.882273],[-136.838436,59.882286],[-136.838151,59.882317],[-136.837815,59.882359],[-136.836912,59.882524],[-136.83663,59.882581],[-136.83631,59.882631],[-136.83601,59.882679],[-136.835709,59.882746],[-136.835463,59.88284],[-136.835436,59.882862],[-136.835237,59.88287],[-136.835122,59.882875],[-136.835109,59.882863],[-136.834948,59.882874],[-136.834647,59.882914],[-136.834364,59.88299],[-136.834311,59.883018],[-136.834246,59.883126],[-136.834233,59.88318],[-136.834222,59.883333],[-136.834154,59.883353],[-136.834106,59.883488],[-136.834125,59.883524],[-136.83417,59.88353],[-136.834178,59.883559],[-136.834197,59.883633],[-136.833977,59.883715],[-136.833748,59.883789],[-136.833396,59.883874],[-136.833202,59.883931],[-136.832919,59.883998],[-136.83273,59.884118],[-136.83261,59.884244],[-136.832513,59.88439],[-136.832359,59.884518],[-136.832133,59.884629],[-136.831661,59.884843],[-136.831609,59.884878],[-136.831453,59.884962],[-136.831335,59.88508],[-136.831218,59.885207],[-136.831134,59.885344],[-136.831056,59.885506],[-136.831043,59.88565],[-136.831063,59.885692],[-136.830949,59.88575],[-136.830891,59.88578],[-136.83089,59.885778],[-136.830818,59.88577],[-136.830456,59.885999],[-136.830266,59.886127],[-136.830151,59.886291],[-136.830141,59.886435],[-136.830149,59.886579],[-136.830244,59.886721],[-136.8303,59.886738],[-136.830371,59.886737],[-136.830416,59.886715],[-136.83051,59.886764],[-136.830659,59.886842],[-136.830599,59.886959],[-136.830552,59.887121],[-136.830508,59.887284],[-136.830552,59.887426],[-136.830668,59.887596],[-136.830698,59.887775],[-136.830688,59.887919],[-136.830624,59.888081],[-136.830543,59.888216],[-136.830524,59.888226],[-136.830408,59.88838],[-136.830363,59.888534],[-136.83041,59.888722],[-136.830433,59.888856],[-136.830417,59.889188],[-136.830392,59.88936],[-136.830308,59.889504],[-136.830228,59.889649],[-136.83013,59.889812],[-136.83003,59.889957],[-136.829932,59.890094],[-136.829831,59.890212],[-136.829766,59.890366],[-136.829757,59.890518],[-136.829728,59.890662],[-136.829666,59.890816],[-136.829568,59.890978],[-136.829433,59.891115],[-136.829295,59.891234],[-136.829143,59.891398],[-136.829046,59.891543],[-136.828945,59.891679],[-136.828826,59.891815],[-136.828743,59.891915],[-136.828539,59.89207],[-136.828383,59.89218],[-136.828338,59.892334],[-136.828327,59.892469],[-136.828336,59.892622],[-136.828327,59.892765],[-136.828372,59.892935],[-136.828459,59.893231],[-136.828415,59.893392],[-136.828297,59.893556],[-136.828091,59.893694],[-136.827828,59.893787],[-136.827491,59.893836],[-136.826974,59.893862],[-136.826707,59.893883],[-136.826528,59.893903],[-136.826283,59.893962],[-136.825864,59.894138],[-136.825465,59.894368],[-136.82531,59.894504],[-136.825176,59.89465],[-136.82504,59.894786],[-136.824886,59.894906],[-136.824697,59.895026],[-136.824469,59.895154],[-136.824226,59.895265],[-136.823979,59.895313],[-136.823626,59.895409],[-136.823333,59.895601],[-136.823144,59.895721],[-136.822936,59.89584],[-136.822569,59.895988],[-136.822236,59.896137],[-136.822167,59.896192],[-136.821734,59.896423],[-136.821472,59.896542],[-136.821105,59.896692],[-136.820755,59.896813],[-136.820472,59.896907],[-136.820207,59.896964],[-136.819961,59.897021],[-136.819677,59.897061],[-136.819411,59.897111],[-136.819145,59.897159],[-136.818753,59.897182],[-136.818432,59.897205],[-136.818254,59.897208],[-136.818007,59.897273],[-136.817745,59.897357],[-136.817426,59.897388],[-136.816819,59.897415],[-136.816551,59.897455],[-136.816023,59.897606],[-136.815778,59.897707],[-136.815569,59.8978],[-136.815431,59.897901],[-136.815379,59.897938],[-136.814949,59.898232],[-136.814775,59.898306],[-136.814493,59.898391],[-136.814176,59.898458],[-136.813911,59.898542],[-136.813669,59.898689],[-136.813516,59.898844],[-136.813382,59.899008],[-136.813231,59.899162],[-136.813112,59.89929],[-136.812959,59.899426],[-136.81277,59.899582],[-136.812621,59.89979],[-136.812589,59.899872],[-136.812597,59.899998],[-136.812599,59.900052],[-136.812625,59.900213],[-136.812634,59.900346],[-136.812516,59.900483],[-136.812307,59.900603],[-136.812012,59.900732],[-136.811659,59.900809],[-136.811354,59.900849],[-136.81111,59.900916],[-136.810845,59.900973],[-136.810582,59.901067],[-136.810512,59.901121],[-136.810409,59.901195],[-136.810344,59.901331],[-136.810319,59.901483],[-136.810146,59.901621],[-136.809957,59.901758],[-136.809806,59.90193],[-136.809825,59.901966],[-136.809994,59.902125],[-136.810093,59.902295],[-136.810082,59.90243],[-136.810039,59.902601],[-136.810009,59.902736],[-136.810019,59.902924],[-136.810138,59.903112],[-136.810146,59.903265],[-136.810101,59.903417],[-136.810002,59.903572],[-136.809939,59.903743],[-136.809929,59.903879],[-136.809848,59.904041],[-136.80973,59.904178],[-136.809662,59.904223],[-136.809557,59.904292],[-136.809455,59.90436],[-136.809176,59.904508],[-136.80891,59.904556],[-136.808657,59.904488],[-136.808298,59.904484],[-136.807981,59.904534],[-136.807397,59.904668],[-136.807173,59.904806],[-136.807093,59.904968],[-136.806993,59.90514],[-136.806912,59.905284],[-136.806958,59.905455],[-136.807055,59.905615],[-136.807172,59.905766],[-136.807304,59.905908],[-136.807419,59.90605],[-136.807533,59.906201],[-136.807596,59.906335],[-136.807659,59.906532],[-136.807776,59.906691],[-136.807872,59.906817],[-136.808004,59.906958],[-136.808138,59.907109],[-136.808235,59.907243],[-136.808368,59.907366],[-136.808516,59.907482],[-136.808632,59.907623],[-136.808747,59.907811],[-136.808898,59.907925],[-136.809137,59.908056],[-136.809412,59.908178],[-136.809507,59.908294],[-136.809566,59.908356],[-136.809637,59.908382],[-136.809958,59.908359],[-136.8103,59.908363],[-136.810641,59.908386],[-136.810947,59.908426],[-136.811167,59.90854],[-136.81137,59.908664],[-136.811625,59.908741],[-136.811914,59.908782],[-136.812185,59.908832],[-136.812384,59.9089],[-136.812438,59.908919],[-136.812571,59.909068],[-136.81267,59.909238],[-136.81277,59.90939],[-136.812902,59.909531],[-136.812992,59.909567],[-136.81314,59.909637],[-136.81341,59.909678],[-136.81363,59.909773],[-136.813694,59.909934],[-136.813684,59.910095],[-136.813799,59.910256],[-136.814054,59.910342],[-136.814293,59.910474],[-136.814424,59.910561],[-136.814848,59.91078],[-136.815033,59.910913],[-136.815037,59.910984],[-136.81504,59.911057],[-136.815122,59.911226],[-136.815221,59.911368],[-136.815282,59.911528],[-136.815337,59.911564],[-136.815658,59.911559],[-136.815962,59.911536],[-136.816319,59.911532],[-136.816641,59.911536],[-136.817517,59.911525],[-136.817842,59.911574],[-136.81821,59.911784],[-136.817808,59.911925],[-136.817562,59.912018],[-136.817317,59.912117],[-136.817125,59.912194],[-136.816899,59.912314],[-136.816762,59.912434],[-136.816696,59.912561],[-136.816411,59.912555],[-136.816108,59.912559],[-136.815839,59.912545],[-136.815512,59.912478],[-136.815293,59.912391],[-136.815126,59.912267],[-136.814956,59.912118],[-136.814789,59.911994],[-136.814518,59.911917],[-136.814228,59.911875],[-136.814041,59.911752],[-136.813943,59.911592],[-136.813866,59.911458],[-136.813855,59.911287],[-136.813938,59.911161],[-136.813913,59.911018],[-136.813745,59.910903],[-136.813323,59.910702],[-136.813134,59.910517],[-136.813036,59.910356],[-136.812905,59.91024],[-136.812666,59.910137],[-136.812462,59.909987],[-136.812294,59.909855],[-136.81216,59.909721],[-136.812063,59.90957],[-136.811931,59.909429],[-136.811743,59.909296],[-136.811454,59.909236],[-136.811132,59.909205],[-136.810776,59.909238],[-136.810475,59.909305],[-136.810176,59.909389],[-136.809855,59.909385],[-136.809545,59.909318],[-136.809327,59.909239],[-136.809053,59.909144],[-136.808797,59.909031],[-136.808628,59.908916]]]},"properties":{"WATERBODY_TYPE":"River","OFFICIAL_NAME_LABEL":"Parton River","PERMANENCY":"Permanent"}},{"type":"Feature","geometry":{"type":"Polygon","coordinates":[[[-136.821487,59.939546],[-136.821315,59.939387],[-136.821146,59.939227],[-136.820994,59.939095],[-136.820899,59.938953],[-136.820746,59.938784],[-136.820577,59.938671],[-136.820464,59.938528],[-136.8204,59.938349],[-136.820303,59.938216],[-136.82017,59.938092],[-136.81998,59.937906],[-136.819902,59.937745],[-136.819849,59.937431],[-136.819805,59.937271],[-136.819813,59.9371],[-136.81986,59.937],[-136.820031,59.936855],[-136.820202,59.936735],[-136.820411,59.936597],[-136.820619,59.936487],[-136.82102,59.936257],[-136.821453,59.936026],[-136.821871,59.935841],[-136.822135,59.93573],[-136.822538,59.935553],[-136.82289,59.935459],[-136.823189,59.935382],[-136.823491,59.935298],[-136.823772,59.935213],[-136.824036,59.935146],[-136.824371,59.935079],[-136.824618,59.934986],[-136.824917,59.934909],[-136.825274,59.934878],[-136.825578,59.934855],[-136.825877,59.934797],[-136.82618,59.934767],[-136.826485,59.934753],[-136.826803,59.934704],[-136.82707,59.934637],[-136.827315,59.934535],[-136.827541,59.934461],[-136.827806,59.934358],[-136.828242,59.934154],[-136.828624,59.933924],[-136.828757,59.93377],[-136.828838,59.933633],[-136.828921,59.933489],[-136.828984,59.933344],[-136.82903,59.933173],[-136.829036,59.933011],[-136.82903,59.932858],[-136.829013,59.932802],[-136.829157,59.932645],[-136.829224,59.932573],[-136.829246,59.932578],[-136.829521,59.932358],[-136.829782,59.932229],[-136.829934,59.932092],[-136.829933,59.932038],[-136.829923,59.931876],[-136.829914,59.931723],[-136.829926,59.931579],[-136.829935,59.931436],[-136.829909,59.931283],[-136.829873,59.931266],[-136.829782,59.931267],[-136.829725,59.931195],[-136.829657,59.931107],[-136.829753,59.931052],[-136.829886,59.930897],[-136.829915,59.930753],[-136.829925,59.93061],[-136.829917,59.930449],[-136.82998,59.930303],[-136.830116,59.930167],[-136.830269,59.930038],[-136.830495,59.929902],[-136.830776,59.929789],[-136.831056,59.929695],[-136.831354,59.929603],[-136.831672,59.929517],[-136.832045,59.929457],[-136.832311,59.929409],[-136.832612,59.929342],[-136.832912,59.929266],[-136.833141,59.929191],[-136.833331,59.92908],[-136.83334,59.928936],[-136.833312,59.928748],[-136.83323,59.928562],[-136.833151,59.928436],[-136.833074,59.928302],[-136.83295,59.928017],[-136.832834,59.927866],[-136.832628,59.927734],[-136.832356,59.927649],[-136.832172,59.927533],[-136.832056,59.927409],[-136.832013,59.927231],[-136.832056,59.927086],[-136.83214,59.926951],[-136.832239,59.926797],[-136.832391,59.926633],[-136.832542,59.926486],[-136.832714,59.926331],[-136.832904,59.926194],[-136.833092,59.926048],[-136.83317,59.925867],[-136.833254,59.925732],[-136.833442,59.925585],[-136.83365,59.925457],[-136.834083,59.925235],[-136.834346,59.925115],[-136.834538,59.925022],[-136.834726,59.924876],[-136.834881,59.924739],[-136.835049,59.924548],[-136.835077,59.924413],[-136.835069,59.924269],[-136.834794,59.924146],[-136.834556,59.92407],[-136.834214,59.923994],[-136.83399,59.923872],[-136.833915,59.9238],[-136.833859,59.923738],[-136.833872,59.923666],[-136.834025,59.923538],[-136.834178,59.923383],[-136.8343,59.923292],[-136.834646,59.92308],[-136.834663,59.923053],[-136.834622,59.923],[-136.834577,59.922793],[-136.834443,59.922661],[-136.834293,59.92252],[-136.834177,59.922395],[-136.834116,59.922235],[-136.834123,59.922073],[-136.834149,59.921883],[-136.834214,59.92173],[-136.834275,59.921567],[-136.834393,59.921432],[-136.834439,59.921287],[-136.834338,59.9211],[-136.834209,59.920985],[-136.834004,59.920879],[-136.833818,59.920738],[-136.833651,59.920633],[-136.833502,59.9205],[-136.833403,59.920331],[-136.83343,59.920169],[-136.833472,59.919998],[-136.833536,59.919854],[-136.833637,59.919717],[-136.833754,59.91959],[-136.833926,59.919435],[-136.834077,59.919288],[-136.83425,59.919179],[-136.834457,59.919005],[-136.834593,59.918868],[-136.834674,59.918733],[-136.834754,59.918588],[-136.834819,59.918452],[-136.834884,59.918326],[-136.834947,59.918182],[-136.834975,59.918028],[-136.834983,59.917849],[-136.834976,59.917713],[-136.834984,59.917561],[-136.834978,59.917426],[-136.834985,59.917246],[-136.835002,59.916923],[-136.834994,59.916779],[-136.834825,59.916619],[-136.83468,59.916595],[-136.834379,59.916617],[-136.834096,59.916666],[-136.833794,59.916725],[-136.833723,59.916752],[-136.833625,59.916889],[-136.833559,59.917033],[-136.83355,59.917176],[-136.833559,59.917329],[-136.833531,59.917483],[-136.833513,59.917797],[-136.833486,59.91796],[-136.833439,59.918095],[-136.833341,59.918239],[-136.833223,59.918376],[-136.833104,59.918504],[-136.832971,59.918658],[-136.832943,59.918793],[-136.832897,59.918937],[-136.832817,59.919109],[-136.832679,59.919246],[-136.832434,59.919348],[-136.832135,59.919405],[-136.831832,59.919437],[-136.831492,59.919442],[-136.831331,59.919408],[-136.831185,59.919374],[-136.830947,59.919278],[-136.83056,59.919059],[-136.830133,59.918796],[-136.829914,59.918682],[-136.829659,59.918623],[-136.829421,59.918528],[-136.829014,59.918309],[-136.828775,59.918178],[-136.828536,59.918064],[-136.828299,59.917968],[-136.828025,59.917873],[-136.827769,59.917742],[-136.827599,59.917619],[-136.827449,59.917495],[-136.82716,59.917436],[-136.82687,59.917369],[-136.826564,59.917336],[-136.826265,59.917413],[-136.825985,59.917534],[-136.825773,59.917608],[-136.825458,59.917693],[-136.825193,59.91775],[-136.824835,59.917756],[-136.82451,59.917725],[-136.82424,59.917683],[-136.82332,59.917534],[-136.822936,59.917377],[-136.822712,59.917238],[-136.822544,59.917078],[-136.822481,59.916926],[-136.82242,59.916765],[-136.822321,59.916595],[-136.822241,59.916463],[-136.822126,59.916329],[-136.821959,59.916179],[-136.821807,59.916064],[-136.821676,59.915932],[-136.821561,59.915771],[-136.821427,59.915638],[-136.821276,59.915487],[-136.821177,59.915336],[-136.821097,59.915185],[-136.820963,59.915034],[-136.820901,59.914863],[-136.820874,59.914703],[-136.820882,59.914523],[-136.820895,59.914433],[-136.820907,59.914307],[-136.820902,59.914227],[-136.820769,59.914057],[-136.820563,59.913916],[-136.820413,59.913792],[-136.820282,59.91366],[-136.820166,59.913518],[-136.820069,59.913385],[-136.819901,59.913226],[-136.819751,59.913102],[-136.819527,59.912961],[-136.819309,59.912874],[-136.819016,59.91277],[-136.818707,59.912684],[-136.818618,59.912677],[-136.818316,59.912736],[-136.818071,59.91282],[-136.817808,59.912912],[-136.817562,59.912988],[-136.817282,59.9131],[-136.817213,59.913163],[-136.817147,59.913246],[-136.817103,59.913425],[-136.817126,59.913533],[-136.817155,59.91373],[-136.817127,59.913884],[-136.817063,59.914027],[-136.816948,59.914191],[-136.816866,59.914345],[-136.816785,59.91448],[-136.816635,59.914654],[-136.816389,59.914774],[-136.816123,59.914822],[-136.815803,59.914835],[-136.815518,59.914849],[-136.815158,59.914835],[-136.814837,59.914831],[-136.814551,59.914816],[-136.814281,59.914794],[-136.814082,59.914751],[-136.81399,59.914725],[-136.813786,59.914594],[-136.813547,59.914489],[-136.813311,59.914421],[-136.813022,59.914362],[-136.812713,59.914285],[-136.812353,59.914245],[-136.812068,59.914241],[-136.811746,59.914272],[-136.811448,59.914339],[-136.81118,59.914378],[-136.811003,59.914389],[-136.810628,59.914395],[-136.810356,59.914354],[-136.810084,59.914295],[-136.809777,59.914227],[-136.809558,59.91414],[-136.809372,59.914026],[-136.809152,59.913904],[-136.809001,59.913753],[-136.808868,59.913629],[-136.808772,59.913478],[-136.808673,59.913308],[-136.808633,59.913246],[-136.808575,59.913147],[-136.808478,59.913015],[-136.808328,59.912891],[-136.808106,59.912758],[-136.807955,59.912609],[-136.807804,59.912494],[-136.807531,59.912381],[-136.807239,59.912304],[-136.807004,59.912244],[-136.806679,59.912194],[-136.806303,59.912182],[-136.806018,59.912177],[-136.805752,59.912226],[-136.805448,59.912247],[-136.805164,59.91227],[-136.804789,59.912293],[-136.804555,59.912287],[-136.804216,59.912283],[-136.803894,59.912269],[-136.803443,59.912212],[-136.803173,59.91217],[-136.802903,59.912147],[-136.802312,59.912102],[-136.801752,59.912038],[-136.801484,59.912005],[-136.801159,59.911955],[-136.800849,59.911888],[-136.800392,59.91167],[-136.80026,59.911555],[-136.800129,59.911423],[-136.800013,59.911297],[-136.799957,59.911236],[-136.79975,59.911022],[-136.799561,59.910881],[-136.799375,59.91074],[-136.798879,59.91047],[-136.798745,59.910336],[-136.798518,59.910124],[-136.798406,59.910027],[-136.798188,59.909921],[-136.797913,59.909817],[-136.797606,59.909751],[-136.797351,59.909672],[-136.797241,59.909611],[-136.796854,59.90941],[-136.796544,59.909306],[-136.796271,59.909238],[-136.795653,59.909075],[-136.795398,59.908972],[-136.795159,59.908858],[-136.794681,59.908613],[-136.79453,59.908436],[-136.794282,59.90817],[-136.794202,59.908017],[-136.794138,59.907831],[-136.794093,59.90766],[-136.794087,59.907526],[-136.794115,59.907372],[-136.794285,59.907217],[-136.794419,59.907072],[-136.794427,59.906892],[-136.794509,59.906738],[-136.794609,59.906593],[-136.794603,59.906503],[-136.794281,59.906472],[-136.794015,59.90652],[-136.793768,59.906587],[-136.793523,59.906688],[-136.793314,59.906808],[-136.792898,59.907039],[-136.792652,59.907131],[-136.792353,59.907235],[-136.79209,59.907284],[-136.791822,59.907322],[-136.7915,59.907318],[-136.791178,59.907287],[-136.790815,59.907228],[-136.790527,59.907151],[-136.790271,59.907039],[-136.790121,59.906915],[-136.790024,59.906781],[-136.789962,59.90663],[-136.789881,59.906469],[-136.789873,59.906325],[-136.78992,59.906181],[-136.79,59.906036],[-136.790118,59.905918],[-136.790334,59.905565],[-136.790432,59.905428],[-136.790567,59.905247],[-136.79063,59.905093],[-136.790657,59.904931],[-136.790647,59.90477],[-136.790586,59.904609],[-136.790471,59.904467],[-136.790321,59.904343],[-136.790081,59.90422],[-136.789645,59.904057],[-136.789372,59.903988],[-136.789101,59.903938],[-136.788829,59.903879],[-136.78856,59.903837],[-136.788253,59.903797],[-136.787966,59.903773],[-136.787678,59.903742],[-136.7873,59.90372],[-136.786961,59.903706],[-136.78662,59.90371],[-136.786301,59.903725],[-136.785977,59.903675],[-136.785706,59.903625],[-136.785127,59.903498],[-136.784856,59.903447],[-136.784603,59.903397],[-136.784347,59.903329],[-136.784076,59.903279],[-136.783825,59.903246],[-136.783482,59.903188],[-136.783248,59.903137],[-136.782992,59.903068],[-136.782702,59.902983],[-136.782413,59.902941],[-136.782075,59.902937],[-136.781732,59.902906],[-136.78155,59.90281],[-136.781485,59.902639],[-136.781372,59.902497],[-136.781364,59.902345],[-136.781389,59.902192],[-136.781473,59.902047],[-136.781536,59.901876],[-136.781599,59.901731],[-136.781678,59.901577],[-136.781723,59.901398],[-136.781609,59.901264],[-136.781458,59.901131],[-136.781254,59.900982],[-136.781086,59.900822],[-136.780931,59.900636],[-136.780816,59.900493],[-136.780702,59.900361],[-136.78064,59.90019],[-136.780577,59.900012],[-136.780576,59.900003],[-136.780514,59.899859],[-136.780399,59.899691],[-136.780264,59.89953],[-136.780094,59.899381],[-136.779892,59.899248],[-136.779655,59.899144],[-136.779379,59.899031],[-136.778923,59.898848],[-136.778668,59.898744],[-136.778393,59.898613],[-136.77819,59.898499],[-136.777971,59.898404],[-136.777715,59.89829],[-136.777457,59.898186],[-136.777201,59.898072],[-136.77698,59.897922],[-136.776703,59.897783],[-136.776553,59.897659],[-136.77642,59.897527],[-136.776288,59.897384],[-136.776225,59.897232],[-136.776182,59.897098],[-136.776121,59.896955],[-136.776042,59.896803],[-136.775908,59.896625],[-136.775794,59.896493],[-136.775625,59.896325],[-136.775621,59.896279],[-136.77572,59.896117],[-136.77593,59.896033],[-136.776283,59.895947],[-136.776887,59.895903],[-136.777227,59.895899],[-136.777515,59.895903],[-136.777817,59.89589],[-136.778064,59.895825],[-136.778272,59.895722],[-136.778391,59.895587],[-136.778365,59.895434],[-136.778322,59.895273],[-136.778365,59.895101],[-136.778429,59.894966],[-136.778548,59.894829],[-136.778591,59.894658],[-136.778621,59.894514],[-136.778665,59.894352],[-136.778639,59.8942],[-136.778595,59.894057],[-136.778499,59.893905],[-136.778438,59.893762],[-136.778375,59.893628],[-136.778223,59.893469],[-136.777966,59.893346],[-136.777815,59.893187],[-136.777737,59.893045],[-136.777676,59.892902],[-136.777703,59.89274],[-136.777712,59.892569],[-136.777629,59.892389],[-136.77755,59.892194],[-136.777504,59.892015],[-136.777406,59.891854],[-136.777253,59.891703],[-136.777051,59.891572],[-136.776829,59.891431],[-136.776714,59.891289],[-136.776671,59.891155],[-136.776537,59.891022],[-136.776268,59.890981],[-136.776126,59.891028],[-136.776129,59.891072],[-136.776316,59.891196],[-136.776396,59.891355],[-136.776332,59.891501],[-136.776103,59.891593],[-136.775803,59.891642],[-136.77548,59.891629],[-136.775207,59.891515],[-136.775038,59.891392],[-136.774888,59.891269],[-136.774792,59.891135],[-136.774731,59.890974],[-136.774741,59.89083],[-136.774772,59.89074],[-136.774803,59.890676],[-136.775013,59.890566],[-136.775276,59.890491],[-136.775523,59.890407],[-136.775658,59.890289],[-136.775668,59.890145],[-136.775627,59.890001],[-136.775544,59.889823],[-136.775501,59.889644],[-136.775471,59.889456],[-136.775444,59.889268],[-136.775453,59.889097],[-136.775516,59.888924],[-136.77563,59.888752],[-136.77573,59.888608],[-136.775757,59.888446],[-136.775713,59.888302],[-136.775529,59.888197],[-136.775221,59.888121],[-136.774881,59.888125],[-136.774583,59.888192],[-136.774356,59.88832],[-136.774238,59.888466],[-136.774193,59.888601],[-136.77411,59.888746],[-136.773958,59.888892],[-136.773678,59.889004],[-136.77336,59.889071],[-136.773022,59.889094],[-136.772734,59.889061],[-136.772462,59.889001],[-136.772352,59.88894],[-136.772206,59.888862],[-136.772038,59.888729],[-136.771597,59.88852],[-136.771412,59.888406],[-136.771282,59.888281],[-136.771288,59.888111],[-136.771443,59.887991],[-136.771703,59.887853],[-136.77195,59.887742],[-136.772158,59.887641],[-136.772595,59.887437],[-136.77301,59.887225],[-136.773256,59.887106],[-136.773445,59.886986],[-136.77349,59.886832],[-136.773517,59.886644],[-136.773507,59.886455],[-136.773515,59.886275],[-136.773505,59.886069],[-136.773478,59.885908],[-136.773326,59.885765],[-136.773069,59.885643],[-136.772778,59.885522],[-136.772432,59.885436],[-136.772106,59.885351],[-136.771927,59.885308],[-136.771563,59.885214],[-136.77129,59.88512],[-136.771072,59.885033],[-136.770849,59.884892],[-136.770685,59.884787],[-136.770497,59.884627],[-136.770399,59.884467],[-136.770283,59.884316],[-136.769914,59.884096],[-136.769495,59.883923],[-136.769185,59.88381],[-136.768859,59.883725],[-136.76846,59.883649],[-136.768135,59.883572],[-136.767826,59.883487],[-136.767483,59.883401],[-136.767176,59.883351],[-136.766333,59.883309],[-136.766066,59.883313],[-136.765778,59.88328],[-136.765725,59.883263],[-136.765507,59.883203],[-136.76534,59.883098],[-136.765135,59.882938],[-136.764986,59.882814],[-136.764907,59.882709],[-136.76487,59.882664],[-136.76486,59.882476],[-136.764869,59.882305],[-136.764877,59.882125],[-136.764834,59.881964],[-136.764772,59.881839],[-136.764695,59.881705],[-136.764525,59.881528],[-136.76443,59.881457],[-136.764303,59.881369],[-136.764077,59.881202],[-136.763857,59.881061],[-136.763617,59.880912],[-136.763377,59.880771],[-136.763121,59.880658],[-136.762881,59.880536],[-136.76266,59.88043],[-136.762354,59.880362],[-136.761995,59.880358],[-136.761676,59.880389],[-136.761413,59.880465],[-136.761067,59.880685],[-136.760841,59.880805],[-136.760579,59.880907],[-136.760507,59.880917],[-136.760313,59.880956],[-136.760009,59.880977],[-136.759672,59.880982],[-136.759402,59.880959],[-136.759096,59.880917],[-136.758718,59.880869],[-136.758483,59.880855],[-136.757931,59.880843],[-136.757591,59.880866],[-136.757308,59.880915],[-136.757257,59.880943],[-136.757135,59.881026],[-136.757125,59.88117],[-136.757117,59.88133],[-136.756999,59.881476],[-136.756733,59.881543],[-136.75643,59.881547],[-136.75614,59.881479],[-136.755938,59.881346],[-136.755805,59.881195],[-136.755726,59.881044],[-136.755734,59.880909],[-136.755852,59.880719],[-136.756037,59.8805],[-136.756028,59.880348],[-136.755826,59.880234],[-136.755503,59.880211],[-136.755324,59.880232],[-136.755218,59.880251],[-136.755008,59.880335],[-136.754781,59.880446],[-136.754538,59.880547],[-136.754309,59.880641],[-136.754029,59.880717],[-136.753762,59.880755],[-136.753494,59.880768],[-136.753206,59.880737],[-136.75299,59.880667],[-136.752698,59.880563],[-136.752496,59.880467],[-136.752257,59.880326],[-136.752123,59.880167],[-136.751991,59.880024],[-136.751821,59.879875],[-136.75167,59.879714],[-136.751646,59.879572],[-136.751678,59.879535],[-136.751779,59.879416],[-136.751951,59.879298],[-136.752109,59.879197],[-136.752225,59.879069],[-136.752289,59.878898],[-136.752244,59.878728],[-136.752112,59.878586],[-136.751871,59.878455],[-136.751603,59.878422],[-136.751264,59.878435],[-136.751177,59.878464],[-136.751017,59.878502],[-136.750635,59.878731],[-136.750372,59.878825],[-136.750091,59.878909],[-136.749755,59.878949],[-136.749487,59.878935],[-136.749197,59.878894],[-136.748872,59.878835],[-136.748568,59.878785],[-136.747749,59.878555],[-136.747461,59.878478],[-136.747206,59.878391],[-136.746914,59.878287],[-136.746676,59.8782],[-136.746475,59.878068],[-136.746447,59.877898],[-136.746551,59.877824],[-136.746855,59.877821],[-136.747123,59.877853],[-136.747409,59.877831],[-136.747749,59.877844],[-136.74802,59.877877],[-136.748215,59.877892],[-136.74834,59.8779],[-136.748626,59.87787],[-136.748779,59.877731],[-136.748843,59.877588],[-136.748783,59.877454],[-136.748708,59.877401],[-136.748449,59.877216],[-136.748245,59.877111],[-136.74801,59.877024],[-136.747684,59.876938],[-136.747344,59.876925],[-136.747022,59.876911],[-136.746716,59.87687],[-136.746461,59.876784],[-136.74624,59.87666],[-136.745987,59.876584],[-136.745641,59.876498],[-136.745334,59.876448],[-136.745031,59.876434],[-136.744764,59.87643],[-136.744421,59.876415],[-136.7441,59.876393],[-136.743795,59.876378],[-136.743438,59.876357],[-136.742846,59.876329],[-136.742556,59.876279],[-136.742337,59.876183],[-136.742153,59.876078],[-136.741969,59.875946],[-136.741782,59.875813],[-136.741596,59.875672],[-136.741392,59.87554],[-136.741191,59.875434],[-136.740952,59.875322],[-136.740696,59.875226],[-136.740423,59.875112],[-136.740167,59.875017],[-136.739877,59.874921],[-136.739639,59.874818],[-136.739439,59.874712],[-136.739251,59.87458],[-136.73912,59.874464],[-136.738935,59.87435],[-136.738734,59.874264],[-136.738481,59.874195],[-136.738263,59.874108],[-136.737878,59.873889],[-136.737691,59.873765],[-136.737287,59.873556],[-136.737013,59.87345],[-136.736812,59.873363],[-136.736592,59.873222],[-136.736496,59.87309],[-136.73647,59.872955],[-136.736501,59.872865],[-136.736784,59.872789],[-136.736998,59.872778],[-136.737389,59.872754],[-136.737706,59.872678],[-136.737934,59.872577],[-136.737998,59.872478],[-136.738032,59.872432],[-136.738007,59.87228],[-136.73789,59.872102],[-136.737778,59.871976],[-136.737626,59.871854],[-136.737461,59.871738],[-136.73731,59.871624],[-136.737159,59.871464],[-136.737064,59.871321],[-136.736949,59.87117],[-136.736801,59.871056],[-136.736509,59.870952],[-136.736241,59.870938],[-136.735939,59.870995],[-136.735695,59.871106],[-136.735649,59.87126],[-136.735658,59.871421],[-136.735667,59.8716],[-136.735513,59.871747],[-136.735233,59.871822],[-136.734893,59.871827],[-136.734586,59.871804],[-136.734334,59.871761],[-136.734044,59.871667],[-136.733694,59.871456],[-136.733237,59.871237],[-136.732963,59.871133],[-136.732692,59.871056],[-136.732368,59.871006],[-136.732096,59.870965],[-136.731826,59.870942],[-136.731484,59.870884],[-136.731251,59.870833],[-136.73089,59.870783],[-136.73062,59.870741],[-136.730387,59.870692],[-136.730095,59.870605],[-136.729875,59.870482],[-136.729813,59.87033],[-136.72986,59.870186],[-136.729911,59.87014],[-136.729997,59.870076],[-136.730084,59.870048],[-136.730476,59.870008],[-136.730683,59.869897],[-136.730835,59.869733],[-136.730899,59.869589],[-136.730928,59.869435],[-136.730939,59.8693],[-136.730938,59.869273],[-136.730768,59.869141],[-136.730464,59.869109],[-136.730159,59.869105],[-136.729876,59.869108],[-136.729571,59.869121],[-136.729231,59.869125],[-136.729035,59.869119],[-136.728947,59.869121],[-136.728623,59.869071],[-136.728405,59.868984],[-136.728237,59.868869],[-136.728087,59.868736],[-136.727938,59.868612],[-136.727786,59.868471],[-136.727707,59.868319],[-136.727666,59.868176],[-136.727586,59.868034],[-136.727454,59.867865],[-136.727374,59.867731],[-136.727257,59.867571],[-136.727126,59.86741],[-136.726975,59.867269],[-136.726666,59.867184],[-136.726542,59.867167],[-136.726127,59.867118],[-136.72577,59.867097],[-136.725198,59.867085],[-136.724802,59.867046],[-136.724586,59.867021],[-136.723875,59.867048],[-136.723571,59.867053],[-136.723298,59.867003],[-136.723045,59.866926],[-136.722793,59.866839],[-136.72252,59.866771],[-136.722266,59.866711],[-136.721997,59.86667],[-136.721673,59.866647],[-136.721407,59.86665],[-136.721086,59.866672],[-136.720801,59.866704],[-136.720499,59.866717],[-136.720195,59.866692],[-136.719922,59.866643],[-136.71967,59.866583],[-136.719364,59.866516],[-136.719092,59.866447],[-136.718848,59.866252],[-136.71848,59.866033],[-136.71806,59.865832],[-136.717875,59.865717],[-136.717674,59.865603],[-136.717417,59.865499],[-136.717165,59.865439],[-136.716962,59.865334],[-136.716882,59.865174],[-136.716857,59.865047],[-136.716887,59.864904],[-136.717003,59.864768],[-136.71716,59.86464],[-136.717578,59.864419],[-136.71764,59.864284],[-136.717579,59.86414],[-136.717412,59.864035],[-136.717177,59.863966],[-136.716873,59.863944],[-136.716571,59.863957],[-136.716379,59.864049],[-136.71626,59.864184],[-136.716071,59.864304],[-136.715806,59.864361],[-136.715251,59.864368],[-136.714947,59.864345],[-136.714709,59.864258],[-136.714527,59.864163],[-136.714359,59.864029],[-136.714348,59.863806],[-136.714106,59.86362],[-136.713957,59.863496],[-136.71395,59.863353],[-136.71391,59.863281],[-136.713909,59.863273],[-136.71387,59.86321],[-136.713703,59.863078],[-136.713501,59.862964],[-136.713247,59.862858],[-136.713114,59.862726],[-136.713,59.862592],[-136.712992,59.86244],[-136.713027,59.862421],[-136.713446,59.862263],[-136.713474,59.862101],[-136.713413,59.861931],[-136.713331,59.86178],[-136.713271,59.861619],[-136.713211,59.861476],[-136.713077,59.861335],[-136.712892,59.861202],[-136.71276,59.861078],[-136.712669,59.861053],[-136.712563,59.861044],[-136.712492,59.861064],[-136.71216,59.861221],[-136.711858,59.861233],[-136.711586,59.861165],[-136.711234,59.860919],[-136.711051,59.860795],[-136.710902,59.860671],[-136.710752,59.860538],[-136.710601,59.860396],[-136.710546,59.86037],[-136.710363,59.860292],[-136.710041,59.860251],[-136.709736,59.860219],[-136.709445,59.86016],[-136.709227,59.860073],[-136.708974,59.859977],[-136.708753,59.85989],[-136.708585,59.859749],[-136.708558,59.859587],[-136.708712,59.859415],[-136.708883,59.859287],[-136.709037,59.859177],[-136.709299,59.859049],[-136.709619,59.858999],[-136.709864,59.858898],[-136.709982,59.858752],[-136.710026,59.858607],[-136.71002,59.858446],[-136.709923,59.858312],[-136.709791,59.858161],[-136.709748,59.858028],[-136.70974,59.857875],[-136.709697,59.857731],[-136.709599,59.857589],[-136.709432,59.857429],[-136.709279,59.857278],[-136.709148,59.857137],[-136.708961,59.857005],[-136.708725,59.85691],[-136.708453,59.856823],[-136.708166,59.85679],[-136.707876,59.856723],[-136.707762,59.856581],[-136.70781,59.856445],[-136.708067,59.85628],[-136.708065,59.856199],[-136.70793,59.856048],[-136.707783,59.855915],[-136.707613,59.855783],[-136.707394,59.85566],[-136.707191,59.855518],[-136.706986,59.855377],[-136.706801,59.855255],[-136.706582,59.855141],[-136.706364,59.855054],[-136.706128,59.854984],[-136.705877,59.854943],[-136.705605,59.854884],[-136.70537,59.854815],[-136.705132,59.854728],[-136.704763,59.8545],[-136.704544,59.854386],[-136.704376,59.854262],[-136.704155,59.854129],[-136.70397,59.854016],[-136.703786,59.853883],[-136.703601,59.853761],[-136.7034,59.853655],[-136.703233,59.85354],[-136.703012,59.853409],[-136.702844,59.853293],[-136.702712,59.853142],[-136.702527,59.853029],[-136.702291,59.852906],[-136.702034,59.852801],[-136.701778,59.852688],[-136.701539,59.852566],[-136.701267,59.852452],[-136.700993,59.852348],[-136.70072,59.852234],[-136.700481,59.852111],[-136.700278,59.851989],[-136.700094,59.851875],[-136.699964,59.851741],[-136.699814,59.851609],[-136.699609,59.851468],[-136.699478,59.851352],[-136.69933,59.851237],[-136.699128,59.851141],[-136.698877,59.851082],[-136.698535,59.851023],[-136.69826,59.850936],[-136.698024,59.850841],[-136.697858,59.850736],[-136.697678,59.850701],[-136.69746,59.850615],[-136.696916,59.850461],[-136.696644,59.850374],[-136.696388,59.850278],[-136.696134,59.850174],[-136.695898,59.850096],[-136.695609,59.850011],[-136.6953,59.849942],[-136.695086,59.84991],[-136.694834,59.849867],[-136.694525,59.8498],[-136.694325,59.849694],[-136.69407,59.849591],[-136.693833,59.849504],[-136.693562,59.849444],[-136.693292,59.849375],[-136.693037,59.849289],[-136.692763,59.849203],[-136.692475,59.849125],[-136.692151,59.849075],[-136.691811,59.849071],[-136.691528,59.849102],[-136.691265,59.849195],[-136.690944,59.849217],[-136.690585,59.849203],[-136.690284,59.849199],[-136.689978,59.849176],[-136.689638,59.849153],[-136.689316,59.849166],[-136.689035,59.849233],[-136.688773,59.849334],[-136.688337,59.849519],[-136.688128,59.849639],[-136.687917,59.849723],[-136.687655,59.849807],[-136.687425,59.849891],[-136.687236,59.849992],[-136.686936,59.850068],[-136.68665,59.850089],[-136.686366,59.850083],[-136.686097,59.850069],[-136.68581,59.850065],[-136.685541,59.850022],[-136.685411,59.849952],[-136.6853,59.849837],[-136.685149,59.849723],[-136.684971,59.84968],[-136.684663,59.84962],[-136.68457,59.849532],[-136.684621,59.849487],[-136.685083,59.849465],[-136.68519,59.849521],[-136.685321,59.84959],[-136.685287,59.849622],[-136.685398,59.849692],[-136.685854,59.849892],[-136.686125,59.849925],[-136.686429,59.849931],[-136.686714,59.849918],[-136.687033,59.849868],[-136.687313,59.849793],[-136.687749,59.849581],[-136.687993,59.849471],[-136.688447,59.849249],[-136.688673,59.849148],[-136.68892,59.849064],[-136.688972,59.849027],[-136.688964,59.849019],[-136.689046,59.848984],[-136.689186,59.848924],[-136.68927,59.848933],[-136.689643,59.848928],[-136.689932,59.848988],[-136.690203,59.849029],[-136.690485,59.848971],[-136.69084,59.848904],[-136.690911,59.848903],[-136.691057,59.848982],[-136.69136,59.848978],[-136.691625,59.848903],[-136.691889,59.848837],[-136.692155,59.848789],[-136.692112,59.848645],[-136.69198,59.848502],[-136.691997,59.848475],[-136.692084,59.848448],[-136.692136,59.848455],[-136.692429,59.848551],[-136.692663,59.848629],[-136.69292,59.848733],[-136.693123,59.848866],[-136.693396,59.848961],[-136.693632,59.849075],[-136.694017,59.849276],[-136.694237,59.849381],[-136.694474,59.849459],[-136.694727,59.849509],[-136.695031,59.849559],[-136.695339,59.849646],[-136.695592,59.849696],[-136.695845,59.849764],[-136.696302,59.849948],[-136.696809,59.850102],[-136.697028,59.850199],[-136.697319,59.850303],[-136.697555,59.850381],[-136.697846,59.850458],[-136.69808,59.850491],[-136.698387,59.850595],[-136.698657,59.850663],[-136.698911,59.850721],[-136.699185,59.850827],[-136.699368,59.850932],[-136.699588,59.851055],[-136.699771,59.85116],[-136.699921,59.851265],[-136.700088,59.851398],[-136.700459,59.851646],[-136.700608,59.851795],[-136.700794,59.851938],[-136.701051,59.852069],[-136.70127,59.852183],[-136.701728,59.852375],[-136.701947,59.85247],[-136.702147,59.852576],[-136.702405,59.852707],[-136.702606,59.852821],[-136.702792,59.852945],[-136.702976,59.853077],[-136.703217,59.853217],[-136.703421,59.853368],[-136.703643,59.853509],[-136.703845,59.853631],[-136.704303,59.853886],[-136.704525,59.854008],[-136.704762,59.854131],[-136.704983,59.854263],[-136.705168,59.854386],[-136.705386,59.854473],[-136.70566,59.854551],[-136.705913,59.854628],[-136.706168,59.854715],[-136.706404,59.854783],[-136.706859,59.854975],[-136.707059,59.855054],[-136.707446,59.855265],[-136.707798,59.855538],[-136.708149,59.855757],[-136.708167,59.855766],[-136.708354,59.855898],[-136.708519,59.856041],[-136.708635,59.856173],[-136.708607,59.856336],[-136.708563,59.856498],[-136.708748,59.856639],[-136.709005,59.85677],[-136.70917,59.856885],[-136.70932,59.857018],[-136.709486,59.857142],[-136.709672,59.857266],[-136.709805,59.857398],[-136.709936,59.85754],[-136.710014,59.857683],[-136.710078,59.857852],[-136.710105,59.858023],[-136.710146,59.858166],[-136.710385,59.858288],[-136.710655,59.858312],[-136.710748,59.858374],[-136.710683,59.858536],[-136.710619,59.858681],[-136.710611,59.858842],[-136.710264,59.859053],[-136.710057,59.859191],[-136.709756,59.859231],[-136.709473,59.859306],[-136.709229,59.859418],[-136.709094,59.859563],[-136.709113,59.859598],[-136.709205,59.859633],[-136.709457,59.859692],[-136.709709,59.859734],[-136.709963,59.859794],[-136.710235,59.859907],[-136.710476,59.860057],[-136.710862,59.860268],[-136.710917,59.860293],[-136.711101,59.86038],[-136.711407,59.860467],[-136.71168,59.860563],[-136.711881,59.860649],[-136.71219,59.860716],[-136.712512,59.860776],[-136.712658,59.860809],[-136.71309,59.860903],[-136.713328,59.86099],[-136.71346,59.861114],[-136.713504,59.861283],[-136.713565,59.861427],[-136.713749,59.861541],[-136.71388,59.861674],[-136.713886,59.861746],[-136.713888,59.861826],[-136.713879,59.86198],[-136.713888,59.862141],[-136.71391,59.862249],[-136.713956,59.862454],[-136.714016,59.862598],[-136.714115,59.862749],[-136.714213,59.862918],[-136.714292,59.863052],[-136.714406,59.863185],[-136.71448,59.863237],[-136.714773,59.863422],[-136.715047,59.863526],[-136.715198,59.86366],[-136.715116,59.863823],[-136.715051,59.863958],[-136.715056,59.864021],[-136.715256,59.864117],[-136.71556,59.864105],[-136.715823,59.864029],[-136.715978,59.863882],[-136.716077,59.863747],[-136.716267,59.863636],[-136.716587,59.863606],[-136.716935,59.863736],[-136.717203,59.863769],[-136.717349,59.863803],[-136.717474,59.863827],[-136.717748,59.863932],[-136.717987,59.864045],[-136.718189,59.864186],[-136.718304,59.864328],[-136.718293,59.864491],[-136.718032,59.864602],[-136.717823,59.864703],[-136.717797,59.864874],[-136.717875,59.865018],[-136.717919,59.865169],[-136.717962,59.865348],[-136.718042,59.86549],[-136.718227,59.865606],[-136.718682,59.865788],[-136.7187,59.865797],[-136.718901,59.865883],[-136.71919,59.865952],[-136.719514,59.866002],[-136.719841,59.866069],[-136.720148,59.866118],[-136.720471,59.86616],[-136.720811,59.8662],[-136.721136,59.866241],[-136.721423,59.866309],[-136.721767,59.866385],[-136.722075,59.866462],[-136.72247,59.86651],[-136.722686,59.866534],[-136.723027,59.866584],[-136.723335,59.866643],[-136.723587,59.866702],[-136.723893,59.866744],[-136.724177,59.866731],[-136.724444,59.866682],[-136.724727,59.866661],[-136.724999,59.866675],[-136.725301,59.866663],[-136.725578,59.866497],[-136.725916,59.866456],[-136.726362,59.86646],[-136.726578,59.866493],[-136.726616,59.866519],[-136.726712,59.866671],[-136.72688,59.866812],[-136.727084,59.866944],[-136.727252,59.867104],[-136.727403,59.867245],[-136.727572,59.867387],[-136.727703,59.867528],[-136.727818,59.867698],[-136.727935,59.867859],[-136.728049,59.868018],[-136.728166,59.868178],[-136.728262,59.86833],[-136.728377,59.868454],[-136.728641,59.86872],[-136.728804,59.868799],[-136.728861,59.868824],[-136.729147,59.868839],[-136.729412,59.868809],[-136.729711,59.868723],[-136.729958,59.868639],[-136.730082,59.868629],[-136.730313,59.868618],[-136.730351,59.868626],[-136.730639,59.868685],[-136.730695,59.86872],[-136.731025,59.868931],[-136.731083,59.868984],[-136.731213,59.869091],[-136.73133,59.86925],[-136.731427,59.869411],[-136.731453,59.869572],[-136.731425,59.869707],[-136.731361,59.86987],[-136.731208,59.870007],[-136.731015,59.870099],[-136.730697,59.870166],[-136.730539,59.870213],[-136.730494,59.870348],[-136.730556,59.870501],[-136.73081,59.870605],[-136.731132,59.870636],[-136.73149,59.87064],[-136.732386,59.870656],[-136.732689,59.870679],[-136.732943,59.870756],[-136.733111,59.870871],[-136.733206,59.871013],[-136.733428,59.871127],[-136.733683,59.87124],[-136.733921,59.871372],[-136.734177,59.871485],[-136.734396,59.871555],[-136.734432,59.871572],[-136.734703,59.871605],[-136.73488,59.871593],[-136.73509,59.871501],[-136.735171,59.871338],[-136.735162,59.871159],[-136.735154,59.871023],[-136.735185,59.870888],[-136.735357,59.87077],[-136.735371,59.870751],[-136.735689,59.870684],[-136.735976,59.870663],[-136.736296,59.870659],[-136.7366,59.870663],[-136.736798,59.870679],[-136.737194,59.870736],[-136.737429,59.870823],[-136.737565,59.870974],[-136.737624,59.871126],[-136.737634,59.871297],[-136.737662,59.871466],[-136.73781,59.871582],[-136.738014,59.871713],[-136.738164,59.871864],[-136.738222,59.871943],[-136.738298,59.872025],[-136.738357,59.872159],[-136.738419,59.872328],[-136.738448,59.872516],[-136.738458,59.872677],[-136.738322,59.872841],[-136.738131,59.872942],[-136.737903,59.873026],[-136.737658,59.873101],[-136.737374,59.87315],[-136.737287,59.873195],[-136.73727,59.873241],[-136.737309,59.873285],[-136.737511,59.873372],[-136.737799,59.87345],[-136.738143,59.873526],[-136.738398,59.873586],[-136.738596,59.873645],[-136.73896,59.873785],[-136.739016,59.873829],[-136.739128,59.873907],[-136.73926,59.87405],[-136.739393,59.874201],[-136.739559,59.874325],[-136.73969,59.87444],[-136.739825,59.874608],[-136.740009,59.874714],[-136.740318,59.874799],[-136.740555,59.874877],[-136.740846,59.874981],[-136.741354,59.875137],[-136.741573,59.875223],[-136.741776,59.875373],[-136.741872,59.87548],[-136.742004,59.875604],[-136.742242,59.875708],[-136.742497,59.875813],[-136.742769,59.875899],[-136.743004,59.875967],[-136.743241,59.876045],[-136.743511,59.876087],[-136.743834,59.876109],[-136.744088,59.876159],[-136.744393,59.876192],[-136.744715,59.876205],[-136.744981,59.876202],[-136.74534,59.876215],[-136.74561,59.876212],[-136.745875,59.876199],[-136.746232,59.876149],[-136.746443,59.876119],[-136.746802,59.876151],[-136.747091,59.87621],[-136.747362,59.876269],[-136.747669,59.876319],[-136.747959,59.876404],[-136.748164,59.876545],[-136.748332,59.876705],[-136.748465,59.876838],[-136.748649,59.876961],[-136.7488,59.877103],[-136.748951,59.877263],[-136.749118,59.877387],[-136.749287,59.877509],[-136.749328,59.877653],[-136.749284,59.877824],[-136.749166,59.877961],[-136.748956,59.878053],[-136.748708,59.87811],[-136.748407,59.878132],[-136.748159,59.87819],[-136.747875,59.878184],[-136.747604,59.878135],[-136.747316,59.878102],[-136.747208,59.878122],[-136.747192,59.878149],[-136.747429,59.878226],[-136.747683,59.878304],[-136.747953,59.878354],[-136.748244,59.878431],[-136.748534,59.878499],[-136.748825,59.878576],[-136.749111,59.878617],[-136.749399,59.878632],[-136.749559,59.878612],[-136.749699,59.8786],[-136.749999,59.878525],[-136.750435,59.878321],[-136.75056,59.878274],[-136.75089,59.878153],[-136.751155,59.878096],[-136.751458,59.878065],[-136.751746,59.878097],[-136.751783,59.878096],[-136.752074,59.878219],[-136.75231,59.878268],[-136.75251,59.878347],[-136.752731,59.878479],[-136.752847,59.87863],[-136.752908,59.878773],[-136.752934,59.878952],[-136.752873,59.879114],[-136.75277,59.879243],[-136.752425,59.879426],[-136.752354,59.879453],[-136.75232,59.879517],[-136.752288,59.87958],[-136.752297,59.87976],[-136.752358,59.879903],[-136.75251,59.880044],[-136.752678,59.88016],[-136.752914,59.880272],[-136.753116,59.880342],[-136.753385,59.880383],[-136.753671,59.880379],[-136.753919,59.880322],[-136.754201,59.880238],[-136.754429,59.880181],[-136.754799,59.880104],[-136.754975,59.880057],[-136.755295,59.880007],[-136.755614,59.879976],[-136.755901,59.879973],[-136.756172,59.880005],[-136.756408,59.8801],[-136.756445,59.880145],[-136.756523,59.880242],[-136.756565,59.880395],[-136.756522,59.880566],[-136.756402,59.880694],[-136.756231,59.880822],[-136.75617,59.880984],[-136.756242,59.881019],[-136.756421,59.881017],[-136.756594,59.880925],[-136.756678,59.880833],[-136.756747,59.880769],[-136.757236,59.880539],[-136.757553,59.880463],[-136.757819,59.880459],[-136.758091,59.8805],[-136.758362,59.880577],[-136.758653,59.880654],[-136.758906,59.880722],[-136.759176,59.880764],[-136.75948,59.880769],[-136.75965,59.880766],[-136.75982,59.880765],[-136.760104,59.880742],[-136.760389,59.880712],[-136.76069,59.880645],[-136.760933,59.880526],[-136.761104,59.880398],[-136.761258,59.880251],[-136.761467,59.880158],[-136.761627,59.880138],[-136.761821,59.880108],[-136.762145,59.880131],[-136.762379,59.880164],[-136.762742,59.880249],[-136.762976,59.880328],[-136.763268,59.880432],[-136.763563,59.880561],[-136.763855,59.880692],[-136.764055,59.880789],[-136.764334,59.880991],[-136.764707,59.881246],[-136.764856,59.88137],[-136.764969,59.881496],[-136.765104,59.881664],[-136.765219,59.881825],[-136.765261,59.881959],[-136.76529,59.882138],[-136.76528,59.882299],[-136.765271,59.88247],[-136.765281,59.882658],[-136.765359,59.882802],[-136.765529,59.882951],[-136.765749,59.883074],[-136.766021,59.883161],[-136.766329,59.883192],[-136.766899,59.883185],[-136.76724,59.883189],[-136.767418,59.883205],[-136.767544,59.883212],[-136.767834,59.883262],[-136.768213,59.883337],[-136.76854,59.883433],[-136.768972,59.883525],[-136.769407,59.883618],[-136.76968,59.883713],[-136.770028,59.883853],[-136.770266,59.884002],[-136.770451,59.884116],[-136.770622,59.884276],[-136.770773,59.884435],[-136.770977,59.884585],[-136.771236,59.884743],[-136.771494,59.884874],[-136.771768,59.884996],[-136.77204,59.8851],[-136.772383,59.885167],[-136.772726,59.885226],[-136.773016,59.885294],[-136.773253,59.885371],[-136.773508,59.885476],[-136.773676,59.88559],[-136.773789,59.885741],[-136.773905,59.885892],[-136.773986,59.886036],[-136.774026,59.886124],[-136.774161,59.886338],[-136.774242,59.886499],[-136.774215,59.886661],[-136.774133,59.886824],[-136.774,59.886979],[-136.773792,59.887124],[-136.773533,59.887272],[-136.773254,59.887419],[-136.772958,59.887549],[-136.772678,59.887688],[-136.772192,59.887963],[-136.772057,59.888083],[-136.772011,59.888254],[-136.772073,59.888387],[-136.772223,59.888511],[-136.772425,59.888625],[-136.772626,59.888712],[-136.77288,59.88878],[-136.77322,59.888803],[-136.773503,59.888728],[-136.773676,59.888617],[-136.773828,59.888453],[-136.773893,59.888318],[-136.774009,59.888164],[-136.774218,59.888044],[-136.774481,59.88795],[-136.774817,59.887919],[-136.775159,59.887923],[-136.775446,59.887974],[-136.775771,59.88805],[-136.776029,59.888154],[-136.776214,59.888286],[-136.776292,59.888385],[-136.776318,59.888564],[-136.776167,59.888736],[-136.776032,59.8889],[-136.77597,59.889054],[-136.775941,59.889225],[-136.775953,59.889404],[-136.775997,59.889592],[-136.776077,59.889753],[-136.776157,59.889931],[-136.776223,59.890109],[-136.776192,59.890245],[-136.776057,59.890381],[-136.775903,59.890509],[-136.775713,59.890646],[-136.775651,59.890819],[-136.775813,59.890843],[-136.775921,59.890823],[-136.776147,59.89073],[-136.776466,59.89069],[-136.776738,59.890732],[-136.777012,59.890827],[-136.777213,59.890958],[-136.7774,59.891109],[-136.777534,59.891269],[-136.777633,59.891438],[-136.777751,59.891643],[-136.77783,59.891777],[-136.777927,59.891909],[-136.778027,59.892133],[-136.778053,59.892267],[-136.778043,59.892429],[-136.778068,59.892582],[-136.77813,59.892707],[-136.778246,59.892858],[-136.778377,59.89299],[-136.778493,59.89316],[-136.778576,59.893338],[-136.778655,59.89349],[-136.778715,59.893624],[-136.778812,59.893784],[-136.778856,59.893901],[-136.778916,59.894034],[-136.778996,59.894195],[-136.779058,59.894338],[-136.779085,59.894509],[-136.779075,59.89467],[-136.779048,59.895182],[-136.779003,59.895336],[-136.778996,59.895524],[-136.778946,59.895624],[-136.778759,59.895752],[-136.778552,59.895907],[-136.778324,59.896037],[-136.778059,59.896094],[-136.777794,59.896107],[-136.777508,59.896109],[-136.777221,59.896087],[-136.776897,59.896064],[-136.776576,59.896087],[-136.776328,59.896144],[-136.776157,59.896272],[-136.776092,59.896407],[-136.77619,59.89655],[-136.776358,59.896682],[-136.776474,59.896833],[-136.77657,59.896975],[-136.776703,59.897126],[-136.776837,59.89726],[-136.776986,59.897401],[-136.777081,59.897527],[-136.777251,59.897676],[-136.777437,59.897817],[-136.777606,59.89796],[-136.777809,59.898101],[-136.778031,59.898213],[-136.778287,59.898327],[-136.778689,59.898465],[-136.77907,59.898578],[-136.779325,59.898663],[-136.779579,59.898758],[-136.779968,59.898978],[-136.780135,59.899102],[-136.780462,59.899214],[-136.780595,59.899347],[-136.780691,59.899489],[-136.780809,59.899676],[-136.780889,59.89981],[-136.780987,59.899998],[-136.781146,59.900282],[-136.781205,59.900408],[-136.781304,59.900559],[-136.781418,59.900691],[-136.78155,59.900807],[-136.781664,59.90094],[-136.781831,59.901073],[-136.781964,59.901197],[-136.781991,59.901358],[-136.781962,59.90151],[-136.781935,59.901672],[-136.781907,59.901808],[-136.781843,59.901943],[-136.781817,59.902114],[-136.781826,59.902293],[-136.781849,59.902429],[-136.781893,59.902571],[-136.782078,59.902704],[-136.782404,59.902745],[-136.78269,59.902758],[-136.78296,59.902799],[-136.783234,59.902877],[-136.783506,59.902963],[-136.783777,59.903013],[-136.784066,59.903054],[-136.784352,59.903087],[-136.784641,59.903127],[-136.78493,59.903186],[-136.785201,59.903263],[-136.78551,59.903322],[-136.785814,59.903344],[-136.786119,59.903377],[-136.786659,59.903423],[-136.78693,59.903447],[-136.787253,59.903468],[-136.787539,59.903483],[-136.787917,59.903505],[-136.788221,59.903528],[-136.788869,59.903599],[-136.789194,59.903649],[-136.789445,59.903699],[-136.789738,59.903794],[-136.790028,59.90388],[-136.790303,59.903984],[-136.790486,59.904081],[-136.790691,59.904213],[-136.790877,59.904354],[-136.791045,59.904487],[-136.791159,59.904646],[-136.791204,59.904817],[-136.791177,59.904978],[-136.791114,59.90515],[-136.791051,59.905294],[-136.791006,59.905429],[-136.790957,59.905556],[-136.790876,59.905692],[-136.790829,59.905837],[-136.790767,59.905972],[-136.790667,59.906117],[-136.79055,59.906263],[-136.790451,59.906416],[-136.790421,59.90656],[-136.790466,59.906704],[-136.790599,59.906837],[-136.790801,59.906942],[-136.791054,59.906992],[-136.791359,59.906998],[-136.791645,59.906993],[-136.791945,59.906962],[-136.792265,59.906912],[-136.792512,59.906847],[-136.792684,59.906727],[-136.792858,59.906599],[-136.793099,59.906471],[-136.793534,59.906258],[-136.793851,59.906163],[-136.794154,59.906106],[-136.794437,59.906083],[-136.79476,59.906097],[-136.794998,59.906174],[-136.79542,59.906385],[-136.795572,59.906526],[-136.795686,59.906677],[-136.795766,59.906838],[-136.795826,59.906972],[-136.795926,59.907123],[-136.796075,59.907265],[-136.796114,59.907301],[-136.796153,59.907362],[-136.796253,59.907559],[-136.796368,59.907701],[-136.796537,59.907842],[-136.796631,59.907976],[-136.796728,59.90811],[-136.796828,59.908288],[-136.796889,59.908422],[-136.79695,59.908564],[-136.79701,59.908698],[-136.797165,59.908858],[-136.797219,59.908885],[-136.797677,59.909084],[-136.797842,59.909189],[-136.798117,59.909276],[-136.798421,59.909299],[-136.798709,59.909349],[-136.798895,59.909471],[-136.799047,59.909631],[-136.799162,59.909792],[-136.799389,59.909986],[-136.799649,59.910189],[-136.79978,59.910305],[-136.799932,59.910446],[-136.800007,59.910517],[-136.800081,59.910578],[-136.800421,59.910879],[-136.800549,59.910967],[-136.80068,59.911055],[-136.800811,59.911143],[-136.800943,59.911286],[-136.801109,59.9114],[-136.801348,59.911487],[-136.801619,59.911545],[-136.801925,59.911578],[-136.802248,59.911591],[-136.802518,59.911613],[-136.802858,59.911655],[-136.803183,59.911686],[-136.803472,59.911717],[-136.804099,59.911781],[-136.804349,59.911777],[-136.804689,59.911773],[-136.804994,59.911777],[-136.805314,59.911773],[-136.805763,59.911776],[-136.806086,59.911807],[-136.806409,59.911848],[-136.806752,59.911907],[-136.807023,59.911938],[-136.80731,59.911961],[-136.807636,59.912019],[-136.807945,59.912096],[-136.808217,59.912156],[-136.808564,59.912313],[-136.808841,59.912498],[-136.808975,59.912649],[-136.809144,59.91279],[-136.809279,59.912949],[-136.809429,59.9131],[-136.8098,59.913328],[-136.809984,59.913452],[-136.81012,59.91362],[-136.810251,59.913754],[-136.810473,59.913867],[-136.810744,59.913918],[-136.811301,59.913982],[-136.811607,59.913995],[-136.811839,59.913992],[-136.812515,59.913902],[-136.8128,59.913906],[-136.813109,59.913966],[-136.813417,59.914042],[-136.813724,59.914127],[-136.81398,59.914196],[-136.814305,59.914291],[-136.814595,59.914358],[-136.814866,59.914409],[-136.81517,59.914405],[-136.815492,59.914374],[-136.815774,59.914315],[-136.816055,59.914248],[-136.816338,59.914173],[-136.816443,59.914109],[-136.816564,59.914053],[-136.816609,59.913899],[-136.816602,59.913765],[-136.816623,59.913468],[-136.816633,59.913334],[-136.816627,59.913217],[-136.816652,59.913019],[-136.816647,59.912938],[-136.816651,59.912713],[-136.816696,59.912561],[-136.816762,59.912434],[-136.816899,59.912314],[-136.817125,59.912194],[-136.817317,59.912117],[-136.817562,59.912018],[-136.817808,59.911925],[-136.81821,59.911784],[-136.818333,59.911747],[-136.818598,59.911689],[-136.818886,59.911676],[-136.819191,59.911726],[-136.819481,59.911794],[-136.819808,59.911861],[-136.820045,59.911957],[-136.820286,59.912098],[-136.820542,59.91221],[-136.821,59.912384],[-136.821221,59.912515],[-136.821388,59.912657],[-136.82161,59.912788],[-136.822125,59.913033],[-136.822344,59.91312],[-136.822619,59.913224],[-136.822823,59.913347],[-136.822953,59.913471],[-136.823088,59.91363],[-136.823148,59.913764],[-136.823177,59.913943],[-136.823157,59.91424],[-136.823127,59.914312],[-136.823112,59.914375],[-136.82306,59.91443],[-136.822761,59.914487],[-136.822476,59.914527],[-136.822194,59.914604],[-136.822058,59.914758],[-136.822051,59.91492],[-136.822194,59.915251],[-136.82222,59.915403],[-136.822281,59.915564],[-136.822416,59.915724],[-136.822547,59.915839],[-136.822804,59.915933],[-136.823057,59.916001],[-136.823348,59.91607],[-136.823619,59.91612],[-136.823906,59.916169],[-136.824212,59.916184],[-136.824606,59.916214],[-136.824876,59.916238],[-136.825181,59.916269],[-136.825797,59.916369],[-136.826103,59.916427],[-136.826394,59.916477],[-136.8267,59.916535],[-136.827024,59.916602],[-136.827315,59.916652],[-136.827605,59.916721],[-136.827913,59.916798],[-136.82822,59.916856],[-136.828636,59.916957],[-136.829002,59.917097],[-136.82917,59.917229],[-136.829338,59.917343],[-136.829488,59.917467],[-136.829674,59.917581],[-136.829839,59.917695],[-136.830139,59.917943],[-136.830394,59.91802],[-136.830685,59.918069],[-136.830991,59.918128],[-136.831299,59.918178],[-136.831622,59.918236],[-136.831945,59.91825],[-136.832231,59.918227],[-136.832459,59.918143],[-136.832419,59.918055],[-136.832164,59.917995],[-136.831858,59.917937],[-136.83169,59.917832],[-136.831646,59.917688],[-136.831639,59.917554],[-136.831667,59.9174],[-136.831712,59.917248],[-136.831775,59.917121],[-136.831911,59.916966],[-136.832292,59.916755],[-136.832483,59.916635],[-136.832619,59.916498],[-136.832735,59.91637],[-136.832891,59.916261],[-136.833082,59.916132],[-136.833288,59.916021],[-136.833536,59.915937],[-136.833837,59.915897],[-136.834106,59.915885],[-136.834427,59.915889],[-136.834665,59.916011],[-136.835036,59.916214],[-136.835406,59.916433],[-136.835575,59.916574],[-136.835707,59.916715],[-136.835752,59.916859],[-136.835707,59.91703],[-136.835643,59.917192],[-136.835584,59.917391],[-136.835616,59.917503],[-136.835651,59.917615],[-136.835829,59.917954],[-136.835908,59.918096],[-136.835945,59.918153],[-136.835824,59.918312],[-136.835763,59.918394],[-136.835728,59.918413],[-136.835703,59.918566],[-136.835657,59.91871],[-136.835504,59.918838],[-136.835332,59.918984],[-136.83516,59.919122],[-136.835135,59.919293],[-136.835155,59.919337],[-136.835209,59.919363],[-136.835263,59.919363],[-136.835368,59.919316],[-136.835466,59.919153],[-136.835567,59.919016],[-136.835665,59.918854],[-136.835735,59.918826],[-136.835788,59.918843],[-136.835691,59.919006],[-136.835609,59.91916],[-136.835527,59.919296],[-136.835485,59.919466],[-136.835509,59.91961],[-136.835663,59.919805],[-136.835616,59.919941],[-136.835626,59.920103],[-136.835651,59.92012],[-136.835673,59.920192],[-136.835702,59.920284],[-136.835638,59.920318],[-136.835539,59.920455],[-136.835457,59.920609],[-136.835394,59.920753],[-136.835368,59.920942],[-136.835375,59.921076],[-136.835385,59.921238],[-136.835359,59.921409],[-136.835223,59.921563],[-136.835125,59.921718],[-136.835096,59.921825],[-136.835065,59.921933],[-136.835054,59.92206],[-136.835223,59.922219],[-136.835392,59.922342],[-136.835522,59.922466],[-136.83564,59.9226],[-136.835736,59.922724],[-136.835904,59.922875],[-136.836204,59.923121],[-136.836318,59.923255],[-136.836367,59.923451],[-136.836356,59.923587],[-136.836309,59.923722],[-136.836245,59.923857],[-136.836182,59.924003],[-136.836099,59.924129],[-136.836001,59.924292],[-136.835917,59.924428],[-136.835854,59.924572],[-136.835789,59.924708],[-136.83571,59.924861],[-136.835629,59.924998],[-136.835545,59.925133],[-136.835465,59.925279],[-136.835348,59.925451],[-136.835302,59.925595],[-136.835293,59.925739],[-136.835333,59.92582],[-136.835016,59.925943],[-136.834757,59.926043],[-136.834702,59.926062],[-136.834635,59.926152],[-136.834558,59.926343],[-136.834547,59.926495],[-136.834536,59.926603],[-136.834566,59.926808],[-136.834681,59.926969],[-136.834826,59.927012],[-136.835009,59.927063],[-136.835188,59.92706],[-136.83521,59.927042],[-136.835271,59.927076],[-136.835646,59.927282],[-136.835648,59.927297],[-136.83569,59.927439],[-136.835751,59.927537],[-136.835359,59.927656],[-136.834408,59.927942],[-136.834396,59.927943],[-136.834342,59.92797],[-136.834275,59.928016],[-136.83432,59.928187],[-136.834365,59.928375],[-136.834375,59.928536],[-136.834363,59.92868],[-136.8343,59.928825],[-136.834148,59.928989],[-136.833995,59.929116],[-136.833912,59.929261],[-136.833829,59.929388],[-136.833785,59.929523],[-136.83381,59.929694],[-136.833885,59.929702],[-136.833677,59.930064],[-136.833447,59.930465],[-136.833388,59.930471],[-136.833301,59.930481],[-136.833182,59.93061],[-136.833082,59.930736],[-136.832874,59.930883],[-136.832648,59.930994],[-136.832369,59.931097],[-136.832105,59.931208],[-136.83188,59.931337],[-136.831882,59.931373],[-136.831888,59.931481],[-136.831788,59.931626],[-136.831725,59.93177],[-136.83175,59.931914],[-136.831706,59.932058],[-136.831619,59.932104],[-136.831512,59.932159],[-136.831251,59.932245],[-136.831095,59.932354],[-136.831087,59.932507],[-136.831146,59.932649],[-136.831139,59.93283],[-136.831112,59.932974],[-136.831048,59.933109],[-136.830965,59.933254],[-136.830885,59.933398],[-136.830805,59.93357],[-136.830793,59.933669],[-136.830749,59.93385],[-136.830632,59.934022],[-136.830496,59.93415],[-136.830323,59.93426],[-136.830113,59.934371],[-136.82987,59.934463],[-136.829642,59.934547],[-136.829413,59.934623],[-136.829074,59.934681],[-136.828719,59.934723],[-136.828401,59.934771],[-136.8281,59.934838],[-136.827834,59.934913],[-136.827591,59.935007],[-136.827328,59.9351],[-136.826693,59.935307],[-136.826361,59.935465],[-136.826079,59.935522],[-136.825779,59.935571],[-136.825473,59.935584],[-136.82517,59.935589],[-136.824887,59.93562],[-136.824568,59.935678],[-136.824265,59.935735],[-136.823947,59.935777],[-136.823624,59.935808],[-136.823288,59.935848],[-136.822969,59.935925],[-136.822511,59.936074],[-136.822284,59.936185],[-136.822133,59.936331],[-136.822014,59.936459],[-136.82186,59.936587],[-136.821686,59.936688],[-136.821444,59.936835],[-136.821191,59.93709],[-136.821072,59.937243],[-136.820975,59.937416],[-136.820931,59.937597],[-136.820944,59.93782],[-136.820967,59.937929],[-136.821064,59.938061],[-136.821161,59.938186],[-136.821259,59.938346],[-136.821336,59.93848],[-136.821435,59.938622],[-136.821548,59.938746],[-136.821698,59.93887],[-136.821849,59.939002],[-136.822015,59.939118],[-136.822259,59.939257],[-136.822463,59.939407],[-136.822686,59.939539],[-136.823088,59.93974],[-136.823581,59.939922],[-136.823855,59.940016],[-136.824078,59.94013],[-136.824264,59.940263],[-136.824688,59.940481],[-136.824873,59.940613],[-136.825133,59.94079],[-136.825341,59.940966],[-136.825493,59.941126],[-136.825556,59.941295],[-136.825599,59.941448],[-136.82561,59.941619],[-136.825565,59.94179],[-136.825465,59.941916],[-136.825385,59.942079],[-136.825264,59.942198],[-136.825,59.942264],[-136.824734,59.942295],[-136.824448,59.942326],[-136.824291,59.942382],[-136.824185,59.942419],[-136.824086,59.942573],[-136.824041,59.942745],[-136.824031,59.942862],[-136.824097,59.943086],[-136.824231,59.943237],[-136.824364,59.943378],[-136.824477,59.943501],[-136.824629,59.943661],[-136.824781,59.943795],[-136.824895,59.943946],[-136.825009,59.944078],[-136.82509,59.944212],[-136.825302,59.944506],[-136.825384,59.944666],[-136.825389,59.944773],[-136.825392,59.944836],[-136.825294,59.945],[-136.825193,59.945135],[-136.825129,59.945272],[-136.825048,59.945434],[-136.824932,59.945606],[-136.824642,59.945861],[-136.824525,59.94599],[-136.824291,59.94628],[-136.824227,59.946415],[-136.824233,59.946568],[-136.824315,59.946756],[-136.824396,59.946917],[-136.824478,59.947103],[-136.824599,59.947371],[-136.824645,59.947542],[-136.824744,59.947684],[-136.824892,59.947817],[-136.825042,59.947941],[-136.825211,59.948055],[-136.825431,59.948169],[-136.82565,59.948255],[-136.825945,59.948377],[-136.826133,59.948526],[-136.826302,59.948686],[-136.826603,59.948933],[-136.826735,59.949093],[-136.826851,59.949217],[-136.827004,59.949376],[-136.82712,59.949546],[-136.827164,59.949707],[-136.827208,59.949841],[-136.827198,59.950021],[-136.82717,59.950155],[-136.827107,59.950319],[-136.827044,59.950463],[-136.827,59.950644],[-136.826921,59.950798],[-136.826855,59.950942],[-136.826725,59.951159],[-136.826576,59.951386],[-136.826513,59.95153],[-136.826388,59.951873],[-136.826308,59.952062],[-136.826229,59.952235],[-136.826048,59.952515],[-136.825965,59.952661],[-136.825883,59.952796],[-136.825785,59.952977],[-136.825759,59.953122],[-136.825784,59.953264],[-136.825828,59.953398],[-136.825931,59.95364],[-136.826012,59.953837],[-136.826092,59.953971],[-136.826153,59.95413],[-136.826199,59.954283],[-136.82626,59.954417],[-136.826339,59.954559],[-136.826417,59.954693],[-136.826531,59.954827],[-136.826798,59.955075],[-136.826928,59.955198],[-136.827169,59.955321],[-136.827444,59.955442],[-136.827664,59.955556],[-136.827833,59.95567],[-136.828054,59.955811],[-136.828225,59.955962],[-136.828359,59.95613],[-136.828421,59.956255],[-136.828483,59.956398],[-136.82851,59.956577],[-136.828503,59.956757],[-136.828511,59.9569],[-136.828492,59.957251],[-136.828466,59.957395],[-136.828437,59.95754],[-136.828374,59.957702],[-136.828329,59.957838],[-136.828285,59.958017],[-136.828292,59.958169],[-136.828372,59.958322],[-136.828472,59.958473],[-136.828622,59.958615],[-136.828859,59.958711],[-136.829131,59.958742],[-136.829435,59.958738],[-136.829735,59.958689],[-136.830001,59.958631],[-136.830231,59.958565],[-136.830476,59.958481],[-136.830897,59.958296],[-136.831334,59.958092],[-136.83158,59.957998],[-136.831788,59.957914],[-136.832052,59.95783],[-136.832334,59.957728],[-136.832595,59.957617],[-136.832825,59.957523],[-136.833104,59.957403],[-136.833315,59.957319],[-136.833578,59.957225],[-136.833978,59.957023],[-136.834223,59.95692],[-136.83475,59.956715],[-136.835013,59.95664],[-136.835315,59.956581],[-136.835494,59.956579],[-136.835943,59.9566],[-136.836252,59.95665],[-136.836559,59.956717],[-136.836848,59.956794],[-136.837106,59.956889],[-136.837363,59.957002],[-136.837549,59.957134],[-136.8377,59.957285],[-136.837833,59.957427],[-136.837893,59.957561],[-136.83792,59.957695],[-136.837937,59.958008],[-136.83788,59.958288],[-136.83787,59.958423],[-136.837861,59.958567],[-136.837869,59.958729],[-136.837895,59.958881],[-136.837905,59.959024],[-136.837885,59.959339],[-136.837857,59.959465],[-136.837813,59.959645],[-136.837751,59.959817],[-136.837651,59.959962],[-136.837572,59.960116],[-136.83749,59.96027],[-136.837354,59.960424],[-136.837218,59.960552],[-136.837047,59.960697],[-136.836877,59.960826],[-136.83674,59.960954],[-136.836551,59.961136],[-136.836484,59.961209],[-136.83633,59.961328],[-136.836139,59.961456],[-136.835741,59.961686],[-136.835549,59.961805],[-136.835252,59.961926],[-136.834933,59.961985],[-136.834648,59.962025],[-136.834291,59.962056],[-136.833989,59.962097],[-136.833638,59.962191],[-136.833497,59.962265],[-136.833309,59.962412],[-136.833155,59.962557],[-136.833074,59.962693],[-136.833083,59.962864],[-136.833199,59.963033],[-136.833422,59.963147],[-136.833675,59.963205],[-136.833914,59.963292],[-136.834336,59.963485],[-136.834572,59.96357],[-136.834829,59.963638],[-136.835082,59.963725],[-136.835357,59.963802],[-136.835629,59.963852],[-136.835937,59.96392],[-136.836516,59.964037],[-136.836714,59.964071],[-136.837112,59.964155],[-136.837386,59.964224],[-136.837693,59.964282],[-136.837947,59.964332],[-136.838258,59.964426],[-136.838496,59.964521],[-136.838753,59.964652],[-136.838957,59.964749],[-136.839125,59.964899],[-136.83924,59.965033],[-136.839318,59.965175],[-136.839363,59.965317],[-136.839392,59.965507],[-136.839383,59.965651],[-136.839371,59.965795],[-136.839382,59.965964],[-136.839446,59.966144],[-136.839507,59.966277],[-136.839623,59.966437],[-136.839704,59.966598],[-136.839746,59.96674],[-136.839828,59.966901],[-136.840049,59.967024],[-136.840267,59.967056],[-136.840535,59.967081],[-136.840824,59.967093],[-136.841181,59.967062],[-136.841446,59.967022],[-136.84173,59.966955],[-136.84203,59.96688],[-136.84237,59.966866],[-136.842637,59.966863],[-136.842962,59.966867],[-136.843229,59.966863],[-136.843498,59.966877],[-136.843858,59.966908],[-136.84411,59.966941],[-136.844365,59.966972],[-136.844725,59.967004],[-136.84505,59.967054],[-136.845323,59.967139],[-136.845615,59.967234],[-136.845835,59.967347],[-136.845948,59.967445],[-136.846121,59.967649],[-136.846131,59.96781],[-136.846123,59.967981],[-136.846114,59.968143],[-136.846103,59.968296],[-136.846024,59.968468],[-136.845942,59.968595],[-136.845824,59.968731],[-136.845616,59.968878],[-136.845166,59.969153],[-136.844996,59.9693],[-136.844951,59.969452],[-136.844976,59.969614],[-136.845075,59.969784],[-136.845191,59.969943],[-136.845287,59.970067],[-136.84546,59.970227],[-136.845592,59.970359],[-136.845708,59.970502],[-136.845876,59.970634],[-136.846009,59.970794],[-136.846037,59.970956],[-136.845992,59.971127],[-136.845896,59.971325],[-136.845847,59.971424],[-136.845694,59.97158],[-136.845487,59.971691],[-136.845186,59.971775],[-136.844937,59.971833],[-136.8446,59.971883],[-136.844263,59.971914],[-136.843976,59.971919],[-136.843617,59.971914],[-136.843295,59.971892],[-136.842933,59.971825],[-136.842402,59.971671],[-136.842131,59.971603],[-136.842078,59.971604],[-136.842041,59.971604],[-136.841888,59.971759],[-136.841879,59.971903],[-136.841888,59.972073],[-136.841987,59.972261],[-136.842121,59.972411],[-136.842236,59.972544],[-136.842388,59.972676],[-136.842537,59.972792],[-136.842725,59.972914],[-136.842926,59.973011],[-136.843165,59.973097],[-136.843403,59.973192],[-136.843656,59.973279],[-136.843949,59.973356],[-136.844203,59.973424],[-136.844473,59.973465],[-136.845339,59.973534],[-136.845951,59.973596],[-136.84624,59.973629],[-136.846546,59.973661],[-136.846835,59.973692],[-136.847447,59.973737],[-136.847715,59.973762],[-136.848039,59.973783],[-136.848488,59.973794],[-136.848938,59.973797],[-136.849242,59.973811],[-136.849511,59.973826],[-136.849674,59.97385],[-136.849802,59.973876],[-136.84993,59.973933],[-136.85006,59.973988],[-136.850281,59.974129],[-136.850467,59.974262],[-136.850583,59.974404],[-136.850608,59.974546],[-136.850554,59.974844],[-136.850437,59.975008],[-136.850371,59.975089],[-136.850202,59.975288],[-136.850085,59.975408],[-136.849983,59.975543],[-136.849678,59.975854],[-136.849526,59.976008],[-136.849445,59.976144],[-136.849344,59.976307],[-136.849265,59.976461],[-136.849255,59.976613],[-136.849354,59.976774],[-136.849487,59.976898],[-136.849671,59.977012],[-136.849859,59.977144],[-136.850025,59.977277],[-136.850212,59.977391],[-136.850435,59.977504],[-136.850692,59.977617],[-136.850999,59.977675],[-136.851341,59.977698],[-136.851739,59.977755],[-136.852172,59.977848],[-136.852481,59.977916],[-136.85272,59.97802],[-136.852888,59.978125],[-136.853021,59.978249],[-136.853189,59.978373],[-136.853354,59.978479],[-136.853559,59.978601],[-136.853815,59.978661],[-136.854068,59.978702],[-136.854466,59.978786],[-136.854667,59.978838],[-136.854776,59.978889],[-136.854886,59.978923],[-136.855381,59.979124],[-136.855842,59.979332],[-136.85608,59.979454],[-136.856286,59.979587],[-136.856401,59.979738],[-136.856518,59.979907],[-136.856599,59.980067],[-136.856679,59.980236],[-136.856737,59.980326],[-136.856855,59.980504],[-136.856953,59.980655],[-136.857034,59.980816],[-136.857061,59.980968],[-136.857052,59.981129],[-136.857045,59.98131],[-136.857053,59.981471],[-136.857025,59.981625],[-136.856978,59.981714],[-136.856928,59.981787],[-136.85683,59.981949],[-136.856713,59.982113],[-136.856667,59.982258],[-136.856679,59.982446],[-136.856661,59.982797],[-136.856686,59.982941],[-136.856716,59.983137],[-136.856762,59.983307],[-136.856788,59.983459],[-136.856796,59.983621],[-136.856842,59.983791],[-136.856906,59.983943],[-136.857003,59.984113],[-136.857138,59.984245],[-136.857326,59.984395],[-136.857734,59.98465],[-136.857956,59.984772],[-136.858247,59.984841],[-136.858553,59.984872],[-136.858878,59.984895],[-136.859234,59.984898],[-136.859592,59.984893],[-136.859736,59.984882],[-136.860148,59.984858],[-136.860774,59.984832],[-136.861436,59.984841],[-136.861795,59.984843],[-136.862135,59.984858],[-136.862443,59.98488],[-136.862785,59.98492],[-136.863094,59.984996],[-136.86335,59.985101],[-136.863574,59.985214],[-136.863724,59.985356],[-136.863803,59.985499],[-136.863831,59.985678],[-136.863841,59.985857],[-136.863888,59.986035],[-136.863986,59.986169],[-136.864084,59.986347],[-136.864076,59.986518],[-136.864014,59.986708],[-136.863899,59.986889],[-136.863803,59.987061],[-136.863702,59.987215],[-136.863623,59.987369],[-136.863543,59.987549],[-136.863528,59.987586],[-136.863588,59.987737],[-136.863649,59.987871],[-136.863712,59.988015],[-136.863811,59.988158],[-136.863873,59.988317],[-136.863972,59.988478],[-136.864087,59.98861],[-136.864274,59.98877],[-136.864478,59.988892],[-136.864625,59.988945],[-136.864753,59.988988],[-136.86506,59.989046],[-136.865388,59.989113],[-136.865694,59.989163],[-136.866041,59.989239],[-136.866312,59.98929],[-136.8666,59.989313],[-136.866942,59.989352],[-136.867215,59.989411],[-136.867507,59.989488],[-136.867905,59.98959],[-136.868105,59.989632],[-136.868453,59.989744],[-136.868652,59.989804],[-136.868963,59.989871],[-136.869253,59.989931],[-136.869528,59.990043],[-136.86982,59.990156],[-136.870057,59.990224],[-136.870312,59.990301],[-136.870603,59.990369],[-136.870949,59.990436],[-136.871148,59.990478],[-136.871403,59.990573],[-136.871623,59.99066],[-136.8719,59.990772],[-136.872139,59.990895],[-136.872379,59.991026],[-136.872584,59.991167],[-136.872662,59.991169],[-136.872983,59.991325],[-136.873184,59.991423],[-136.873172,59.991429],[-136.873196,59.9915],[-136.873504,59.991586],[-136.873796,59.991635],[-136.874118,59.99164],[-136.874385,59.991635],[-136.874692,59.991631],[-136.874995,59.991635],[-136.875284,59.991668],[-136.875592,59.991735],[-136.875919,59.991775],[-136.876205,59.991781],[-136.876581,59.991784],[-136.876869,59.991806],[-136.876944,59.991833],[-136.876926,59.991869],[-136.876823,59.991906],[-136.876504,59.991964],[-136.876236,59.992004],[-136.875913,59.992019],[-136.875556,59.992033],[-136.875469,59.99206],[-136.875488,59.992095],[-136.875813,59.992164],[-136.876103,59.992177],[-136.876392,59.992209],[-136.87668,59.992232],[-136.877022,59.992254],[-136.877344,59.992258],[-136.877578,59.992255],[-136.878014,59.992435],[-136.878286,59.992547],[-136.878274,59.99256],[-136.878259,59.992595],[-136.87841,59.992738],[-136.878649,59.992823],[-136.878904,59.992919],[-136.879143,59.992996],[-136.879253,59.993048],[-136.879694,59.993213],[-136.879872,59.993201],[-136.879907,59.993165],[-136.879906,59.993164],[-136.880145,59.993166],[-136.880449,59.993167],[-136.880484,59.993265],[-136.880551,59.993461],[-136.880575,59.993595],[-136.880637,59.993756],[-136.88074,59.993944],[-136.880926,59.994094],[-136.881131,59.994243],[-136.881596,59.994534],[-136.881837,59.994673],[-136.882023,59.994806],[-136.882211,59.994947],[-136.882399,59.995096],[-136.882534,59.995266],[-136.88267,59.995425],[-136.882768,59.995603],[-136.882867,59.995763],[-136.882982,59.995897],[-136.883137,59.996065],[-136.883423,59.996384],[-136.88352,59.996509],[-136.883673,59.996694],[-136.883809,59.996872],[-136.883889,59.996998],[-136.883949,59.997104],[-136.884085,59.997327],[-136.884223,59.997496],[-136.884339,59.997637],[-136.88461,59.997993],[-136.884744,59.99818],[-136.88491,59.998554],[-136.884954,59.998688],[-136.884974,59.998751],[-136.885023,59.998939],[-136.885028,59.999083],[-136.885089,59.999217],[-136.885172,59.999359],[-136.885289,59.999528],[-136.88537,59.999725],[-136.885414,59.999876],[-136.88544,60.0],[-136.885018,60.0],[-136.884651,60.0],[-136.884626,59.999887],[-136.884566,59.999736],[-136.884465,59.999585],[-136.884387,59.999433],[-136.884339,59.999272],[-136.884296,59.999103],[-136.884243,59.998798],[-136.88414,59.998593],[-136.884082,59.998503],[-136.883982,59.998334],[-136.883867,59.998183],[-136.883734,59.998042],[-136.883546,59.997918],[-136.883358,59.997777],[-136.883055,59.997476],[-136.882957,59.997325],[-136.882841,59.997183],[-136.882708,59.997023],[-136.88257,59.996854],[-136.88249,59.996703],[-136.882445,59.996542],[-136.882386,59.996444],[-136.882268,59.996248],[-136.882151,59.996088],[-136.881999,59.995928],[-136.881848,59.995787],[-136.881696,59.995655],[-136.881527,59.995522],[-136.881413,59.995398],[-136.881244,59.995247],[-136.881109,59.995115],[-136.880924,59.994992],[-136.880535,59.99479],[-136.880223,59.994679],[-136.879818,59.994487],[-136.879668,59.994371],[-136.8795,59.994249],[-136.879366,59.994098],[-136.87927,59.993964],[-136.879138,59.99385],[-136.878896,59.993709],[-136.878708,59.99356],[-136.878557,59.993436],[-136.87839,59.993322],[-136.87824,59.993179],[-136.878034,59.993048],[-136.877848,59.992943],[-136.877405,59.992725],[-136.87715,59.99263],[-136.87684,59.992571],[-136.876553,59.99253],[-136.876283,59.992516],[-136.875923,59.992503],[-136.875616,59.992471],[-136.875273,59.99244],[-136.874987,59.992409],[-136.874697,59.99235],[-136.874439,59.992255],[-136.874184,59.992178],[-136.873819,59.992057],[-136.873488,59.991927],[-136.873434,59.991927],[-136.872482,59.991896],[-136.872119,59.991829],[-136.87181,59.991754],[-136.871648,59.991711],[-136.871207,59.99151],[-136.870984,59.991379],[-136.870724,59.99123],[-136.870574,59.991133],[-136.870337,59.99102],[-136.870133,59.990906],[-136.86994,59.990684],[-136.869718,59.990535],[-136.86946,59.990439],[-136.869003,59.990284],[-136.868765,59.990188],[-136.868526,59.990084],[-136.868143,59.989955],[-136.867836,59.989914],[-136.867544,59.989865],[-136.867276,59.989841],[-136.866967,59.98981],[-136.866662,59.989787],[-136.866372,59.989747],[-136.866101,59.989679],[-136.865828,59.989602],[-136.865504,59.98956],[-136.865213,59.989521],[-136.864942,59.989471],[-136.864309,59.989362],[-136.863999,59.989304],[-136.863729,59.989244],[-136.863525,59.989149],[-136.863101,59.988939],[-136.862916,59.988834],[-136.862728,59.988693],[-136.862596,59.988561],[-136.862514,59.9884],[-136.862506,59.988212],[-136.862514,59.988041],[-136.862519,59.987851],[-136.862545,59.987663],[-136.862626,59.987491],[-136.862723,59.987302],[-136.862802,59.987111],[-136.862866,59.986975],[-136.862962,59.986803],[-136.863046,59.986668],[-136.863143,59.986478],[-136.863202,59.986288],[-136.86323,59.986117],[-136.863237,59.985937],[-136.863228,59.985766],[-136.863129,59.985607],[-136.862979,59.985466],[-136.86272,59.985343],[-136.862444,59.985239],[-136.862188,59.985135],[-136.861881,59.985077],[-136.861557,59.985081],[-136.861236,59.985113],[-136.860953,59.985161],[-136.860277,59.985261],[-136.859974,59.985292],[-136.859688,59.985323],[-136.859063,59.985332],[-136.858774,59.985326],[-136.858471,59.985313],[-136.858163,59.985272],[-136.857924,59.985168],[-136.857775,59.985053],[-136.857554,59.984957],[-136.857316,59.98488],[-136.85667,59.984576],[-136.856503,59.984452],[-136.85639,59.984336],[-136.856325,59.984175],[-136.856246,59.984015],[-136.856145,59.983836],[-136.85603,59.983677],[-136.855989,59.983587],[-136.855929,59.98348],[-136.855904,59.983338],[-136.855858,59.98315],[-136.855774,59.982953],[-136.855707,59.98273],[-136.855535,59.982201],[-136.855507,59.982014],[-136.855515,59.981826],[-136.855575,59.981636],[-136.855656,59.981482],[-136.855773,59.981318],[-136.855908,59.981155],[-136.85606,59.981018],[-136.856123,59.980856],[-136.85613,59.980676],[-136.856104,59.980524],[-136.856043,59.98039],[-136.855927,59.980229],[-136.855794,59.980088],[-136.855658,59.979927],[-136.855581,59.979803],[-136.855466,59.979671],[-136.855334,59.979555],[-136.855146,59.979431],[-136.854943,59.979317],[-136.854502,59.979135],[-136.854268,59.979085],[-136.854014,59.979017],[-136.853739,59.978922],[-136.853467,59.978845],[-136.853176,59.978778],[-136.8529,59.978674],[-136.852695,59.97855],[-136.852494,59.978454],[-136.852276,59.978376],[-136.852018,59.978264],[-136.851708,59.978178],[-136.851419,59.978145],[-136.851094,59.978124],[-136.850773,59.97811],[-136.85043,59.978097],[-136.850089,59.978057],[-136.849798,59.977989],[-136.849506,59.977895],[-136.849063,59.977694],[-136.848878,59.977571],[-136.84871,59.977439],[-136.848613,59.977297],[-136.84857,59.977163],[-136.848507,59.977019],[-136.848449,59.976966],[-136.848394,59.976895],[-136.848222,59.976718],[-136.848124,59.976584],[-136.848079,59.976423],[-136.848109,59.976288],[-136.848188,59.976134],[-136.848324,59.976006],[-136.848479,59.975888],[-136.848653,59.975768],[-136.84886,59.975632],[-136.849032,59.975493],[-136.849184,59.975357],[-136.849336,59.975176],[-136.849437,59.975039],[-136.849535,59.974902],[-136.849652,59.974757],[-136.849698,59.974613],[-136.849689,59.974442],[-136.849626,59.974273],[-136.849441,59.97415],[-136.849186,59.974072],[-136.848916,59.974058],[-136.848539,59.974046],[-136.848217,59.974041],[-136.84721,59.974028],[-136.846906,59.974005],[-136.846563,59.973975],[-136.846222,59.973961],[-136.845899,59.97393],[-136.845646,59.973888],[-136.845302,59.973849],[-136.844889,59.973827],[-136.844637,59.973813],[-136.844312,59.97379],[-136.843971,59.97375],[-136.843645,59.973702],[-136.843338,59.973642],[-136.843101,59.973574],[-136.842863,59.973497],[-136.842626,59.973428],[-136.842354,59.973369],[-136.842063,59.973283],[-136.841915,59.973178],[-136.841761,59.973027],[-136.841628,59.972867],[-136.841458,59.972726],[-136.841289,59.972567],[-136.841266,59.972486],[-136.841217,59.97227],[-136.841174,59.972101],[-136.841092,59.971932],[-136.840957,59.971753],[-136.84084,59.971585],[-136.840779,59.971452],[-136.840807,59.971298],[-136.840943,59.971188],[-136.841225,59.971086],[-136.84151,59.971073],[-136.841797,59.971087],[-136.841994,59.971093],[-136.842678,59.971118],[-136.842985,59.97116],[-136.843255,59.971201],[-136.84351,59.971251],[-136.843764,59.971319],[-136.844146,59.971413],[-136.844434,59.971436],[-136.844739,59.97144],[-136.845041,59.971419],[-136.845253,59.97137],[-136.845325,59.971352],[-136.845371,59.971207],[-136.845256,59.971074],[-136.845087,59.97096],[-136.844901,59.970809],[-136.844731,59.970687],[-136.844599,59.970553],[-136.844503,59.97041],[-136.844403,59.970259],[-136.844324,59.970099],[-136.844262,59.969956],[-136.844252,59.969795],[-136.844245,59.969641],[-136.844253,59.969489],[-136.844242,59.969282],[-136.844253,59.969157],[-136.84426,59.968978],[-136.84427,59.968815],[-136.844297,59.968663],[-136.844361,59.968499],[-136.844386,59.968328],[-136.844359,59.96815],[-136.84433,59.967979],[-136.844322,59.967835],[-136.844233,59.967514],[-136.844197,59.967497],[-136.844142,59.967497],[-136.844076,59.967512],[-136.843351,59.967398],[-136.842844,59.967318],[-136.842892,59.967254],[-136.842856,59.967219],[-136.842726,59.967166],[-136.842438,59.967116],[-136.842148,59.967075],[-136.842042,59.967113],[-136.842036,59.96732],[-136.841992,59.967482],[-136.841837,59.9676],[-136.841822,59.967638],[-136.841829,59.967643],[-136.841555,59.967695],[-136.840937,59.967814],[-136.84079,59.967813],[-136.840756,59.967831],[-136.840774,59.967854],[-136.840653,59.967869],[-136.840524,59.967885],[-136.840507,59.967863],[-136.840453,59.967818],[-136.840357,59.96772],[-136.840152,59.967598],[-136.839881,59.967529],[-136.839571,59.967462],[-136.839264,59.967404],[-136.8391,59.967351],[-136.839009,59.967326],[-136.838769,59.967195],[-136.83867,59.967034],[-136.838593,59.966901],[-136.83851,59.966732],[-136.838487,59.966623],[-136.83844,59.966427],[-136.838429,59.966239],[-136.83844,59.966085],[-136.838498,59.96586],[-136.838511,59.96577],[-136.83852,59.965627],[-136.838494,59.965456],[-136.838466,59.965286],[-136.838405,59.965134],[-136.838252,59.964966],[-136.838102,59.96485],[-136.837916,59.964755],[-136.837807,59.964729],[-136.837627,59.964678],[-136.837229,59.964621],[-136.836975,59.964597],[-136.83669,59.964566],[-136.835984,59.964484],[-136.835735,59.96447],[-136.83541,59.964449],[-136.835085,59.964417],[-136.834796,59.964368],[-136.834509,59.964326],[-136.8342,59.964249],[-136.83389,59.964164],[-136.833669,59.964068],[-136.833503,59.963953],[-136.833058,59.963691],[-136.832872,59.963559],[-136.832721,59.963435],[-136.832569,59.963294],[-136.832454,59.96316],[-136.832394,59.963053],[-136.83231,59.962829],[-136.832338,59.962677],[-136.832419,59.962523],[-136.832519,59.962378],[-136.832637,59.962241],[-136.832721,59.962142],[-136.832959,59.961922],[-136.833168,59.961785],[-136.833378,59.961701],[-136.833677,59.961634],[-136.833998,59.961593],[-136.834601,59.961505],[-136.834902,59.961438],[-136.835204,59.961352],[-136.835483,59.96125],[-136.835693,59.961166],[-136.835816,59.961102],[-136.836093,59.960945],[-136.836268,59.960826],[-136.836383,59.960689],[-136.836552,59.960508],[-136.836734,59.96019],[-136.836815,59.960055],[-136.836912,59.959883],[-136.836993,59.959729],[-136.837058,59.959575],[-136.837084,59.959431],[-136.837129,59.959277],[-136.837158,59.959134],[-136.837168,59.958998],[-136.837141,59.958837],[-136.837133,59.958676],[-136.837123,59.958514],[-136.837101,59.958101],[-136.837071,59.957877],[-136.837007,59.957716],[-136.836874,59.957557],[-136.836669,59.957425],[-136.836448,59.957329],[-136.836193,59.957207],[-136.836008,59.957101],[-136.835805,59.957033],[-136.835447,59.957012],[-136.835161,59.957041],[-136.83488,59.957108],[-136.834651,59.957184],[-136.834423,59.957268],[-136.834158,59.95737],[-136.833929,59.957444],[-136.833701,59.957528],[-136.833473,59.957631],[-136.833284,59.957742],[-136.833077,59.957879],[-136.83266,59.958137],[-136.832488,59.958255],[-136.832243,59.958384],[-136.832034,59.958477],[-136.831789,59.958561],[-136.831526,59.958655],[-136.831296,59.958721],[-136.830733,59.95889],[-136.830432,59.95894],[-136.830093,59.95898],[-136.829754,59.959021],[-136.829487,59.959042],[-136.829182,59.959038],[-136.828876,59.959024],[-136.828589,59.958983],[-136.828334,59.958906],[-136.828061,59.958847],[-136.827821,59.958733],[-136.827654,59.958592],[-136.827519,59.958433],[-136.827423,59.95829],[-136.827415,59.958147],[-136.827423,59.957976],[-136.827438,59.957913],[-136.827468,59.957822],[-136.827511,59.957651],[-136.827521,59.957499],[-136.82753,59.957328],[-136.827557,59.957147],[-136.827599,59.956976],[-136.827608,59.956805],[-136.827617,59.956644],[-136.827564,59.956329],[-136.827506,59.956241],[-136.827353,59.956054],[-136.827185,59.955922],[-136.826979,59.95579],[-136.82661,59.95558],[-136.826425,59.955456],[-136.826257,59.955324],[-136.825901,59.955069],[-136.825749,59.954936],[-136.825653,59.954811],[-136.825556,59.954642],[-136.825476,59.954509],[-136.825415,59.954375],[-136.825334,59.954214],[-136.825294,59.954108],[-136.82527,59.954035],[-136.82519,59.953865],[-136.825091,59.953696],[-136.824957,59.953546],[-136.824841,59.953358],[-136.824741,59.953207],[-136.824698,59.953055],[-136.82469,59.952911],[-136.8247,59.952777],[-136.824739,59.952515],[-136.824738,59.952463],[-136.824801,59.952317],[-136.824846,59.952163],[-136.824855,59.95202],[-136.824885,59.951886],[-136.825057,59.951748],[-136.825316,59.951601],[-136.825489,59.951491],[-136.825713,59.951335],[-136.82585,59.951189],[-136.825931,59.951054],[-136.825994,59.950909],[-136.826077,59.950764],[-136.826194,59.950618],[-136.826259,59.950483],[-136.826338,59.950311],[-136.826436,59.950148],[-136.826445,59.949986],[-136.826401,59.949843],[-136.826357,59.949664],[-136.826237,59.949469],[-136.826105,59.949335],[-136.825938,59.949213],[-136.825602,59.948975],[-136.825414,59.948824],[-136.825265,59.94871],[-136.825096,59.948577],[-136.824947,59.948462],[-136.824627,59.948197],[-136.82444,59.948048],[-136.824251,59.94787],[-136.824136,59.94771],[-136.824,59.94755],[-136.823885,59.94739],[-136.823822,59.947239],[-136.82376,59.947096],[-136.823717,59.946917],[-136.823672,59.946756],[-136.82358,59.946407],[-136.823555,59.946263],[-136.823549,59.946129],[-136.823555,59.945967],[-136.823603,59.945813],[-136.823681,59.945651],[-136.823888,59.945477],[-136.824043,59.945359],[-136.824348,59.945048],[-136.824448,59.944921],[-136.824531,59.944795],[-136.824541,59.944659],[-136.824443,59.9445],[-136.824309,59.944349],[-136.824177,59.944215],[-136.824026,59.944083],[-136.823857,59.94395],[-136.823707,59.943828],[-136.823556,59.943677],[-136.823442,59.943543],[-136.823344,59.943383],[-136.823228,59.943241],[-136.823111,59.94309],[-136.822995,59.94292],[-136.822865,59.942796],[-136.822729,59.942655],[-136.822669,59.942503],[-136.822642,59.942342],[-136.822667,59.942171],[-136.822712,59.942017],[-136.822687,59.941874],[-136.822625,59.941704],[-136.822653,59.941552],[-136.822756,59.941496],[-136.823021,59.941412],[-136.823208,59.941283],[-136.823327,59.941147],[-136.823339,59.941003],[-136.823311,59.940841],[-136.823194,59.940682],[-136.8231,59.940575],[-136.822895,59.940444],[-136.822708,59.940303],[-136.822524,59.940179],[-136.822319,59.940073],[-136.822062,59.939934],[-136.821838,59.939793],[-136.821577,59.939608],[-136.821487,59.939546]]]},"properties":{"WATERBODY_TYPE":"River","OFFICIAL_NAME_LABEL":"Tatshenshini River","PERMANENCY":"Permanent"}},{"type":"Feature","geometry":{"type":"Polygon","coordinates":[[[-136.689994,59.980725],[-136.689768,59.980871],[-136.689508,59.980991],[-136.689222,59.981049],[-136.688881,59.981008],[-136.688296,59.9808],[-136.687968,59.980688],[-136.687766,59.980601],[-136.68749,59.980451],[-136.687268,59.98032],[-136.687118,59.980196],[-136.687146,59.980042],[-136.687336,59.979887],[-136.687634,59.979749],[-136.687968,59.979646],[-136.688252,59.97958],[-136.68859,59.97953],[-136.688821,59.979464],[-136.689027,59.979345],[-136.689112,59.979209],[-136.689123,59.979074],[-136.689204,59.978912],[-136.689324,59.978785],[-136.68941,59.978748],[-136.689713,59.978689],[-136.690068,59.97864],[-136.690353,59.978601],[-136.690618,59.978561],[-136.690922,59.97853],[-136.691263,59.978509],[-136.69153,59.978477],[-136.691833,59.978447],[-136.692136,59.978416],[-136.692457,59.978385],[-136.692723,59.978355],[-136.693097,59.978296],[-136.693364,59.978292],[-136.693671,59.978333],[-136.694017,59.978427],[-136.694237,59.978506],[-136.694528,59.978618],[-136.694806,59.978759],[-136.695025,59.978846],[-136.695365,59.978877],[-136.695761,59.978899],[-136.696085,59.978894],[-136.696745,59.978869],[-136.696979,59.978856],[-136.697032,59.978847],[-136.697048,59.978838],[-136.69705,59.978829],[-136.69703,59.97881],[-136.697012,59.978802],[-136.696956,59.978785],[-136.696721,59.978735],[-136.696411,59.978648],[-136.696174,59.97858],[-136.695865,59.978476],[-136.695627,59.97838],[-136.695265,59.978286],[-136.69501,59.978235],[-136.694648,59.978141],[-136.694286,59.978074],[-136.693943,59.978043],[-136.693622,59.97802],[-136.693278,59.978006],[-136.69285,59.977994],[-136.692472,59.97798],[-136.692113,59.977976],[-136.691826,59.977962],[-136.691484,59.977957],[-136.691127,59.97797],[-136.690858,59.977983],[-136.69043,59.978016],[-136.690111,59.978083],[-136.68981,59.97815],[-136.689474,59.978235],[-136.689244,59.978309],[-136.689016,59.978393],[-136.688805,59.978494],[-136.688559,59.978597],[-136.688139,59.978782],[-136.687858,59.978893],[-136.687421,59.979078],[-136.68719,59.979144],[-136.68689,59.979238],[-136.686554,59.97935],[-136.686219,59.979444],[-136.685902,59.97952],[-136.685598,59.979568],[-136.685314,59.979617],[-136.684942,59.979666],[-136.684603,59.979706],[-136.684262,59.979738],[-136.683941,59.97976],[-136.683621,59.979773],[-136.683245,59.979815],[-136.682854,59.979854],[-136.682552,59.97994],[-136.682152,59.980169],[-136.681961,59.980297],[-136.681754,59.980408],[-136.681528,59.980572],[-136.681202,59.980864],[-136.680992,59.980984],[-136.680432,59.981206],[-136.680203,59.98128],[-136.679935,59.981347],[-136.679655,59.981422],[-136.679281,59.981481],[-136.678995,59.981512],[-136.678675,59.981552],[-136.678552,59.981635],[-136.678537,59.98167],[-136.678617,59.981848],[-136.678732,59.981982],[-136.678863,59.982115],[-136.679013,59.982239],[-136.679199,59.982354],[-136.679419,59.982468],[-136.67964,59.98259],[-136.679986,59.982693],[-136.680074,59.982711],[-136.680053,59.982897],[-136.680035,59.983059],[-136.679986,59.983062],[-136.67999,59.983089],[-136.680083,59.983169],[-136.680322,59.983318],[-136.680474,59.983459],[-136.680661,59.983601],[-136.680794,59.983752],[-136.680892,59.983912],[-136.680952,59.984064],[-136.681102,59.984207],[-136.68129,59.984338],[-136.681329,59.984446],[-136.681337,59.98459],[-136.681435,59.984732],[-136.681566,59.984856],[-136.681701,59.985024],[-136.681993,59.985138],[-136.682033,59.985138],[-136.682142,59.985348],[-136.682176,59.985412],[-136.682405,59.985515],[-136.682388,59.985528],[-136.682393,59.985627],[-136.682312,59.985772],[-136.68221,59.985907],[-136.681956,59.986162],[-136.681818,59.98628],[-136.68168,59.986426],[-136.681546,59.986571],[-136.681357,59.986736],[-136.681095,59.986891],[-136.680887,59.98702],[-136.680627,59.987185],[-136.680472,59.987303],[-136.680093,59.987605],[-136.679902,59.987733],[-136.679658,59.987871],[-136.679396,59.988027],[-136.679171,59.988173],[-136.678702,59.98844],[-136.678421,59.988578],[-136.678195,59.988724],[-136.677985,59.988835],[-136.67774,59.988947],[-136.677394,59.989174],[-136.677164,59.989267],[-136.677132,59.989323],[-136.676959,59.989441],[-136.676693,59.989516],[-136.676389,59.989502],[-136.675987,59.989365],[-136.675655,59.989179],[-136.67547,59.989046],[-136.67521,59.988888],[-136.675043,59.988764],[-136.674891,59.988632],[-136.674725,59.988518],[-136.674506,59.988431],[-136.674195,59.988317],[-136.673885,59.988213],[-136.673557,59.988119],[-136.673248,59.987997],[-136.672974,59.987911],[-136.672335,59.987703],[-136.672133,59.987598],[-136.671874,59.987467],[-136.67164,59.987398],[-136.671477,59.987391],[-136.671155,59.987386],[-136.670886,59.987425],[-136.670658,59.98751],[-136.670557,59.987628],[-136.67053,59.987816],[-136.670483,59.987951],[-136.670404,59.988132],[-136.670321,59.988286],[-136.670205,59.98844],[-136.670067,59.988585],[-136.669896,59.988731],[-136.66974,59.988868],[-136.66955,59.989005],[-136.669324,59.989125],[-136.668907,59.989354],[-136.668622,59.989439],[-136.668271,59.989542],[-136.667915,59.989609],[-136.667615,59.989686],[-136.667012,59.989845],[-136.666747,59.989929],[-136.666465,59.989996],[-136.666145,59.990055],[-136.665827,59.990193],[-136.665638,59.990338],[-136.665448,59.990493],[-136.665294,59.990603],[-136.66514,59.99075],[-136.665005,59.990912],[-136.664923,59.991093],[-136.664895,59.991247],[-136.664761,59.9914],[-136.664571,59.991556],[-136.664359,59.99164],[-136.664114,59.991741],[-136.663832,59.991852],[-136.663588,59.991972],[-136.663379,59.992091],[-136.663188,59.992177],[-136.662925,59.992112],[-136.662692,59.992055],[-136.662713,59.992046],[-136.662694,59.99201],[-136.662459,59.992004],[-136.662155,59.992026],[-136.661927,59.992091],[-136.661642,59.992131],[-136.661415,59.992269],[-136.661492,59.992434],[-136.661494,59.992439],[-136.66151,59.992567],[-136.661533,59.992734],[-136.661457,59.992762],[-136.661211,59.992819],[-136.660891,59.992922],[-136.660627,59.99297],[-136.660434,59.993063],[-136.660357,59.993181],[-136.660024,59.993196],[-136.659794,59.993206],[-136.659794,59.993205],[-136.659774,59.993161],[-136.65947,59.993138],[-136.659272,59.993176],[-136.659241,59.993239],[-136.65926,59.993275],[-136.659408,59.993345],[-136.659458,59.993352],[-136.659479,59.993483],[-136.659511,59.993683],[-136.659497,59.993693],[-136.659337,59.993759],[-136.65913,59.99387],[-136.658846,59.993963],[-136.658528,59.994038],[-136.658261,59.994087],[-136.657992,59.994099],[-136.657705,59.994102],[-136.657331,59.994143],[-136.656993,59.99421],[-136.656675,59.994286],[-136.656373,59.994353],[-136.656038,59.99442],[-136.655752,59.994478],[-136.655505,59.994552],[-136.655241,59.994619],[-136.654956,59.994685],[-136.654602,59.994789],[-136.654267,59.994883],[-136.653646,59.995034],[-136.653291,59.995111],[-136.653027,59.995176],[-136.652724,59.995234],[-136.652477,59.995327],[-136.652268,59.995428],[-136.651984,59.995504],[-136.651548,59.995716],[-136.651319,59.995817],[-136.651052,59.995865],[-136.650749,59.995878],[-136.65057,59.995908],[-136.650143,59.995949],[-136.649959,59.995897],[-136.649669,59.995811],[-136.649396,59.995724],[-136.64909,59.99572],[-136.648713,59.995706],[-136.648534,59.99569],[-136.648261,59.995605],[-136.647972,59.995553],[-136.647668,59.995576],[-136.647365,59.995633],[-136.647135,59.995709],[-136.646781,59.995811],[-136.646517,59.995904],[-136.646289,59.996015],[-136.646116,59.996125],[-136.645982,59.99628],[-136.645916,59.996424],[-136.645833,59.996577],[-136.645662,59.996706],[-136.645453,59.996825],[-136.64528,59.996989],[-136.645199,59.997133],[-136.645153,59.997304],[-136.645161,59.997448],[-136.645205,59.997609],[-136.645193,59.997762],[-136.645202,59.997915],[-136.645149,59.997942],[-136.644849,59.998027],[-136.64453,59.998094],[-136.644263,59.99816],[-136.643697,59.998302],[-136.643429,59.998341],[-136.643107,59.998362],[-136.642516,59.998371],[-136.642248,59.998346],[-136.64194,59.998305],[-136.641669,59.998255],[-136.641377,59.998178],[-136.641105,59.9981],[-136.640885,59.998013],[-136.640791,59.997942],[-136.640717,59.997899],[-136.640584,59.997757],[-136.640436,59.997624],[-136.640268,59.997517],[-136.640031,59.997404],[-136.639756,59.997282],[-136.639497,59.997177],[-136.639245,59.9971],[-136.638957,59.997094],[-136.638673,59.99717],[-136.638271,59.997381],[-136.637961,59.9976],[-136.637523,59.997804],[-136.637259,59.997942],[-136.637049,59.99806],[-136.636824,59.99819],[-136.636615,59.998335],[-136.636249,59.998564],[-136.636005,59.998702],[-136.635742,59.998805],[-136.635402,59.998818],[-136.635025,59.998786],[-136.634752,59.998727],[-136.634466,59.998712],[-136.634376,59.998722],[-136.633968,59.998808],[-136.633701,59.998856],[-136.633398,59.998915],[-136.633149,59.998972],[-136.632903,59.999046],[-136.632673,59.999121],[-136.632369,59.999151],[-136.632047,59.999128],[-136.631757,59.99906],[-136.631521,59.999],[-136.631227,59.998888],[-136.630953,59.998792],[-136.630191,59.998586],[-136.629864,59.9985],[-136.62954,59.998467],[-136.629236,59.998517],[-136.629027,59.998618],[-136.628819,59.998747],[-136.628575,59.998885],[-136.628363,59.998986],[-136.628119,59.999105],[-136.627838,59.999217],[-136.627572,59.999273],[-136.627249,59.999313],[-136.62691,59.999309],[-136.626604,59.999276],[-136.626332,59.999244],[-136.62597,59.999204],[-136.625575,59.999164],[-136.625234,59.99915],[-136.62491,59.999108],[-136.624853,59.999091],[-136.624667,59.998932],[-136.624535,59.998808],[-136.624455,59.998638],[-136.624381,59.998594],[-136.624055,59.998536],[-136.623732,59.99853],[-136.623428,59.998516],[-136.623105,59.998503],[-136.622528,59.998446],[-136.62247,59.998393],[-136.622718,59.998328],[-136.623053,59.998215],[-136.623266,59.998141],[-136.623599,59.998012],[-136.623953,59.997926],[-136.624186,59.997878],[-136.62454,59.997846],[-136.624884,59.997861],[-136.625154,59.99792],[-136.625162,59.997921],[-136.625205,59.998137],[-136.625205,59.998138],[-136.625441,59.998287],[-136.625444,59.998312],[-136.625462,59.998321],[-136.625611,59.998409],[-136.625883,59.998486],[-136.626119,59.998573],[-136.62629,59.998631],[-136.626288,59.99868],[-136.626287,59.998705],[-136.626039,59.998772],[-136.626005,59.998789],[-136.625991,59.998862],[-136.626009,59.998889],[-136.626247,59.998984],[-136.626307,59.999074],[-136.626542,59.999151],[-136.626885,59.999184],[-136.627187,59.999144],[-136.627204,59.999117],[-136.627194,59.999115],[-136.627267,59.999073],[-136.627417,59.998987],[-136.627432,59.998987],[-136.62775,59.998939],[-136.628036,59.998855],[-136.628263,59.998744],[-136.628452,59.998598],[-136.628589,59.99847],[-136.62857,59.998453],[-136.628959,59.998314],[-136.628974,59.998278],[-136.628955,59.998259],[-136.628946,59.998257],[-136.629059,59.998207],[-136.629214,59.998139],[-136.629308,59.998147],[-136.629977,59.998257],[-136.630318,59.998296],[-136.630645,59.998355],[-136.631174,59.998547],[-136.631378,59.99867],[-136.631563,59.998775],[-136.631801,59.998853],[-136.632071,59.998895],[-136.632357,59.9989],[-136.63266,59.998869],[-136.63298,59.998785],[-136.633226,59.99871],[-136.633476,59.998635],[-136.633705,59.99856],[-136.634023,59.998466],[-136.634358,59.998372],[-136.634642,59.998296],[-136.634944,59.998231],[-136.635208,59.998183],[-136.635494,59.998126],[-136.635813,59.998059],[-136.636131,59.997965],[-136.636378,59.997889],[-136.636676,59.997778],[-136.636924,59.997667],[-136.637133,59.997566],[-136.637379,59.997463],[-136.637677,59.997325],[-136.63794,59.997206],[-136.638169,59.997104],[-136.638323,59.996995],[-136.638304,59.996959],[-136.638087,59.996889],[-136.637853,59.996884],[-136.637541,59.996717],[-136.63741,59.996656],[-136.637392,59.996629],[-136.637406,59.996556],[-136.63758,59.996455],[-136.63792,59.996461],[-136.638264,59.996501],[-136.638336,59.996528],[-136.638357,59.996553],[-136.638364,59.996697],[-136.638746,59.99681],[-136.639085,59.99677],[-136.639409,59.996828],[-136.639737,59.996896],[-136.640174,59.997079],[-136.640286,59.997131],[-136.640632,59.997271],[-136.640803,59.997422],[-136.640933,59.997546],[-136.6411,59.997651],[-136.641373,59.997755],[-136.641629,59.997842],[-136.641901,59.997893],[-136.642209,59.99796],[-136.642552,59.997993],[-136.64284,59.998016],[-136.643201,59.998056],[-136.643469,59.998061],[-136.643738,59.998023],[-136.643966,59.997958],[-136.644249,59.997882],[-136.644495,59.997761],[-136.644596,59.997634],[-136.644625,59.997463],[-136.644634,59.997319],[-136.64468,59.997149],[-136.64476,59.996978],[-136.644842,59.996841],[-136.644944,59.996706],[-136.645044,59.996533],[-136.645161,59.996379],[-136.645282,59.996261],[-136.645436,59.996133],[-136.64568,59.996013],[-136.64598,59.995892],[-136.646316,59.995781],[-136.64658,59.995687],[-136.646845,59.995603],[-136.647142,59.995501],[-136.647427,59.995435],[-136.647764,59.995358],[-136.648048,59.995283],[-136.648351,59.99527],[-136.648694,59.995303],[-136.64895,59.995407],[-136.649186,59.995467],[-136.649491,59.995472],[-136.649836,59.995539],[-136.650268,59.995579],[-136.650303,59.995606],[-136.650393,59.995622],[-136.650519,59.995603],[-136.650902,59.995374],[-136.65122,59.99528],[-136.651505,59.995213],[-136.651876,59.995136],[-136.652231,59.995061],[-136.65257,59.994994],[-136.653101,59.994897],[-136.653492,59.994838],[-136.653867,59.994762],[-136.654131,59.994669],[-136.654431,59.994566],[-136.654676,59.994437],[-136.654846,59.9943],[-136.655129,59.994181],[-136.655394,59.994114],[-136.655729,59.99402],[-136.656011,59.993936],[-136.65633,59.99385],[-136.656613,59.993766],[-136.656946,59.993636],[-136.657141,59.993562],[-136.657445,59.993577],[-136.657789,59.993635],[-136.658114,59.993685],[-136.65844,59.993689],[-136.658491,59.993671],[-136.658579,59.993625],[-136.658625,59.993471],[-136.658707,59.993336],[-136.658932,59.993189],[-136.659012,59.992973],[-136.658934,59.99283],[-136.658948,59.992741],[-136.659173,59.992611],[-136.659438,59.992527],[-136.659722,59.992497],[-136.660068,59.992573],[-136.66023,59.992571],[-136.66037,59.992534],[-136.660507,59.992406],[-136.660607,59.992252],[-136.660671,59.992117],[-136.660771,59.991945],[-136.660927,59.991826],[-136.661192,59.991742],[-136.661353,59.991731],[-136.661664,59.991843],[-136.661932,59.991868],[-136.662504,59.991823],[-136.662787,59.991766],[-136.663124,59.991664],[-136.663353,59.991561],[-136.663561,59.991433],[-136.663823,59.991305],[-136.66403,59.991167],[-136.664411,59.990902],[-136.664493,59.990748],[-136.664592,59.990567],[-136.664782,59.990412],[-136.665128,59.990183],[-136.665443,59.99],[-136.665669,59.989898],[-136.665951,59.989787],[-136.666267,59.989657],[-136.666549,59.989573],[-136.666885,59.989488],[-136.667451,59.98931],[-136.667789,59.989234],[-136.668035,59.989177],[-136.668265,59.98911],[-136.668585,59.989026],[-136.668848,59.988907],[-136.669076,59.988796],[-136.669264,59.988667],[-136.669608,59.98834],[-136.669759,59.988168],[-136.669857,59.98796],[-136.669745,59.987888],[-136.669673,59.987881],[-136.669622,59.9879],[-136.669587,59.987918],[-136.66952,59.988062],[-136.669417,59.988118],[-136.669254,59.988075],[-136.668915,59.98816],[-136.668648,59.988163],[-136.668593,59.988155],[-136.668609,59.988101],[-136.668641,59.988019],[-136.668887,59.987918],[-136.669112,59.987772],[-136.669231,59.987653],[-136.66928,59.987554],[-136.669172,59.98751],[-136.66915,59.987474],[-136.669415,59.98739],[-136.66983,59.987403],[-136.670149,59.987363],[-136.670453,59.987359],[-136.670805,59.987193],[-136.671142,59.987135],[-136.671429,59.987131],[-136.671752,59.987163],[-136.671991,59.98725],[-136.672301,59.98738],[-136.672594,59.987484],[-136.672831,59.987598],[-136.673086,59.987658],[-136.673412,59.987707],[-136.673774,59.987774],[-136.674099,59.987824],[-136.67439,59.987911],[-136.674719,59.988032],[-136.674993,59.988173],[-136.675401,59.988393],[-136.675587,59.988534],[-136.675832,59.988817],[-136.676037,59.988968],[-136.676241,59.98909],[-136.676298,59.989107],[-136.676475,59.989115],[-136.676761,59.989058],[-136.677218,59.988872],[-136.677445,59.988761],[-136.677619,59.988652],[-136.677841,59.988478],[-136.678031,59.988323],[-136.678205,59.988195],[-136.678393,59.988039],[-136.678564,59.987867],[-136.678772,59.98772],[-136.679031,59.987547],[-136.679239,59.987391],[-136.679413,59.98729],[-136.67971,59.987142],[-136.679937,59.987005],[-136.680109,59.986886],[-136.680475,59.986656],[-136.680871,59.986356],[-136.681181,59.986091],[-136.681312,59.985875],[-136.681376,59.985712],[-136.681421,59.985558],[-136.681434,59.985415],[-136.681424,59.985235],[-136.681272,59.985048],[-136.681066,59.984889],[-136.68095,59.984719],[-136.680745,59.98457],[-136.680595,59.984446],[-136.680459,59.984259],[-136.680283,59.983956],[-136.680097,59.983797],[-136.679964,59.983673],[-136.679722,59.983478],[-136.679608,59.983345],[-136.679421,59.983204],[-136.67918,59.983036],[-136.679049,59.982948],[-136.678846,59.982807],[-136.678421,59.982587],[-136.678366,59.982562],[-136.67807,59.982341],[-136.677884,59.982226],[-136.677787,59.982075],[-136.677725,59.981922],[-136.677717,59.98178],[-136.677816,59.981599],[-136.678062,59.981497],[-136.678434,59.981403],[-136.678717,59.981327],[-136.679104,59.981196],[-136.67942,59.981066],[-136.67986,59.980898],[-136.680106,59.980806],[-136.680546,59.980621],[-136.680772,59.98052],[-136.681193,59.980299],[-136.681385,59.980196],[-136.681595,59.980105],[-136.681942,59.979884],[-136.682201,59.979738],[-136.682484,59.979635],[-136.68273,59.97956],[-136.683016,59.979503],[-136.683374,59.979498],[-136.683713,59.979503],[-136.684071,59.979498],[-136.684483,59.979466],[-136.684822,59.979426],[-136.685142,59.979367],[-136.685388,59.97931],[-136.685724,59.979225],[-136.685989,59.979141],[-136.686486,59.979027],[-136.68675,59.978934],[-136.686995,59.978823],[-136.687206,59.978739],[-136.687467,59.978628],[-136.687696,59.978527],[-136.687941,59.978397],[-136.68817,59.978296],[-136.688394,59.978141],[-136.688676,59.978074],[-136.688994,59.977962],[-136.68924,59.977888],[-136.689542,59.977821],[-136.689808,59.977745],[-136.690145,59.977687],[-136.690555,59.977645],[-136.691144,59.97762],[-136.691485,59.977616],[-136.691754,59.977604],[-136.692095,59.9776],[-136.692397,59.977604],[-136.69274,59.977618],[-136.693134,59.977648],[-136.693852,59.977675],[-136.694212,59.97768],[-136.694516,59.977675],[-136.694875,59.97768],[-136.695236,59.977721],[-136.695492,59.977806],[-136.695695,59.977939],[-136.696083,59.978141],[-136.696338,59.978264],[-136.696649,59.978358],[-136.696975,59.978453],[-136.697374,59.978547],[-136.697848,59.978684],[-136.698356,59.978803],[-136.698662,59.978862],[-136.698936,59.97893],[-136.699314,59.978988],[-136.699688,59.978957],[-136.699972,59.978882],[-136.700217,59.978761],[-136.700405,59.978588],[-136.700614,59.978442],[-136.700821,59.978305],[-136.701084,59.978184],[-136.701366,59.9781],[-136.701683,59.978024],[-136.701986,59.977966],[-136.702414,59.977933],[-136.702793,59.977956],[-136.703332,59.977984],[-136.703744,59.977997],[-136.704085,59.97802],[-136.704502,59.978068],[-136.704916,59.978125],[-136.705205,59.978158],[-136.705473,59.978181],[-136.705831,59.978177],[-136.706099,59.978155],[-136.706385,59.978125],[-136.706633,59.978067],[-136.706897,59.977993],[-136.707201,59.97797],[-136.707741,59.977982],[-136.708043,59.97796],[-136.708436,59.977919],[-136.708684,59.977862],[-136.708987,59.977822],[-136.709326,59.977826],[-136.709652,59.977885],[-136.709927,59.97798],[-136.71025,59.978011],[-136.710536,59.977999],[-136.710893,59.977967],[-136.711198,59.977973],[-136.711503,59.977977],[-136.711827,59.977992],[-136.712185,59.978031],[-136.712531,59.978081],[-136.712835,59.978123],[-136.713126,59.978172],[-136.713433,59.978231],[-136.713703,59.978255],[-136.713989,59.978215],[-136.714288,59.97813],[-136.714479,59.977984],[-136.714532,59.977974],[-136.714855,59.978006],[-136.715178,59.977993],[-136.715461,59.977917],[-136.715761,59.977842],[-136.716119,59.977836],[-136.716422,59.977823],[-136.716711,59.977856],[-136.716965,59.977906],[-136.717236,59.97793],[-136.717522,59.977917],[-136.717807,59.977878],[-136.718109,59.977883],[-136.718469,59.977915],[-136.718776,59.977955],[-136.719049,59.978014],[-136.719338,59.978073],[-136.719645,59.978114],[-136.719882,59.978201],[-136.72005,59.978333],[-136.720166,59.978476],[-136.72024,59.978501],[-136.720382,59.978518],[-136.720703,59.97845],[-136.72095,59.978376],[-136.721102,59.978239],[-136.721253,59.978021],[-136.721369,59.977841],[-136.721771,59.977637],[-136.721895,59.977581],[-136.72207,59.977526],[-136.722353,59.97745],[-136.722654,59.977402],[-136.722941,59.977379],[-136.723261,59.977366],[-136.723975,59.977277],[-136.724331,59.977235],[-136.724671,59.977222],[-136.724992,59.977218],[-136.725298,59.977224],[-136.725641,59.977282],[-136.725913,59.977359],[-136.726297,59.97748],[-136.726716,59.977618],[-136.727007,59.977685],[-136.72733,59.977718],[-136.727674,59.977758],[-136.727927,59.977818],[-136.728218,59.977868],[-136.728522,59.977909],[-136.728812,59.977967],[-136.729101,59.978],[-136.729424,59.978013],[-136.729714,59.978073],[-136.730004,59.978114],[-136.730329,59.978137],[-136.730956,59.978147],[-136.731223,59.978142],[-136.731529,59.97813],[-136.731902,59.978088],[-136.731957,59.978097],[-136.732178,59.978238],[-136.732489,59.978332],[-136.732796,59.978409],[-136.733087,59.97846],[-136.733701,59.97856],[-136.733992,59.978627],[-136.734247,59.978705],[-136.734354,59.978721],[-136.734696,59.978744],[-136.734964,59.978749],[-136.735342,59.978762],[-136.735632,59.978822],[-136.735887,59.97888],[-136.736395,59.979018],[-136.736703,59.979068],[-136.737044,59.979081],[-136.737331,59.979077],[-136.73763,59.97902],[-136.737932,59.978953],[-136.738055,59.978914],[-136.738269,59.978876],[-136.738531,59.978773],[-136.738779,59.978708],[-136.739026,59.978615],[-136.739219,59.978504],[-136.739353,59.978359],[-136.739435,59.978224],[-136.739501,59.978078],[-136.739565,59.977935],[-136.739647,59.977781],[-136.739708,59.977618],[-136.739791,59.977473],[-136.739963,59.977336],[-136.740172,59.977217],[-136.740361,59.977097],[-136.740552,59.976969],[-136.740724,59.976851],[-136.740861,59.976723],[-136.740944,59.976577],[-136.741115,59.976449],[-136.741362,59.976357],[-136.741628,59.976327],[-136.741951,59.976312],[-136.742259,59.976335],[-136.742511,59.976395],[-136.742801,59.976436],[-136.743054,59.976496],[-136.74311,59.976549],[-136.743119,59.976684],[-136.743125,59.976836],[-136.743116,59.977007],[-136.743107,59.977151],[-136.743096,59.977285],[-136.743154,59.977356],[-136.743225,59.977373],[-136.743568,59.977388],[-136.743855,59.977383],[-136.744158,59.977371],[-136.744424,59.977314],[-136.744688,59.977228],[-136.744936,59.977163],[-136.745181,59.97706],[-136.745616,59.976839],[-136.745809,59.97673],[-136.745843,59.976684],[-136.746068,59.976537],[-136.746185,59.976409],[-136.74625,59.976257],[-136.746276,59.976085],[-136.74625,59.975915],[-136.746277,59.975771],[-136.746324,59.975636],[-136.74646,59.975499],[-136.746743,59.975405],[-136.747062,59.975384],[-136.747331,59.975371],[-136.747978,59.97538],[-136.748246,59.975404],[-136.748538,59.975462],[-136.748791,59.975522],[-136.749048,59.975609],[-136.749338,59.975694],[-136.749761,59.975904],[-136.749875,59.976029],[-136.749992,59.97618],[-136.750106,59.976331],[-136.750293,59.976455],[-136.750495,59.976586],[-136.750733,59.976664],[-136.750986,59.976724],[-136.751239,59.976765],[-136.751511,59.976815],[-136.75178,59.976829],[-136.75214,59.976815],[-136.752441,59.976767],[-136.752726,59.976754],[-136.753049,59.976741],[-136.753371,59.976718],[-136.75364,59.976733],[-136.753928,59.976757],[-136.754216,59.976807],[-136.754506,59.976865],[-136.754725,59.976952],[-136.755037,59.977047],[-136.75522,59.977143],[-136.755352,59.977277],[-136.755628,59.977408],[-136.755849,59.977522],[-136.756087,59.977598],[-136.756307,59.977694],[-136.756476,59.977826],[-136.756661,59.977959],[-136.756794,59.978101],[-136.756965,59.978252],[-136.757112,59.978375],[-136.757319,59.978516],[-136.757417,59.978677],[-136.757461,59.978856],[-136.757453,59.979008],[-136.757441,59.979152],[-136.757342,59.979306],[-136.757224,59.979451],[-136.75725,59.979622],[-136.757332,59.979792],[-136.757323,59.979936],[-136.757348,59.980078],[-136.757391,59.980213],[-136.75744,59.980491],[-136.757591,59.980623],[-136.757758,59.980747],[-136.757978,59.980834],[-136.758253,59.980911],[-136.758543,59.98097],[-136.758795,59.981029],[-136.759087,59.981106],[-136.759324,59.981175],[-136.759614,59.981234],[-136.759953,59.981239],[-136.760296,59.98127],[-136.7606,59.981284],[-136.760905,59.981289],[-136.761228,59.981276],[-136.761566,59.981226],[-136.761868,59.981168],[-136.762225,59.981128],[-136.762542,59.981078],[-136.76279,59.981012],[-136.763077,59.980964],[-136.763413,59.980923],[-136.763736,59.980891],[-136.76406,59.98095],[-136.764368,59.981018],[-136.76466,59.981113],[-136.765084,59.981304],[-136.765234,59.981428],[-136.765314,59.981581],[-136.765463,59.981694],[-136.765717,59.981781],[-136.765975,59.981885],[-136.766397,59.982078],[-136.76667,59.982163],[-136.766993,59.982196],[-136.767316,59.982182],[-136.767563,59.982089],[-136.76777,59.981961],[-136.767925,59.981814],[-136.768042,59.981669],[-136.768179,59.981542],[-136.768333,59.981422],[-136.768507,59.981294],[-136.76875,59.981175],[-136.769188,59.980981],[-136.769435,59.980887],[-136.769698,59.980811],[-136.769966,59.980772],[-136.770268,59.98075],[-136.770574,59.980746],[-136.770858,59.980716],[-136.771164,59.980702],[-136.771754,59.980712],[-136.772024,59.980726],[-136.772313,59.980786],[-136.77255,59.980854],[-136.773026,59.981028],[-136.773265,59.981132],[-136.773433,59.981283],[-136.773584,59.981407],[-136.773751,59.981529],[-136.773938,59.981653],[-136.774173,59.98173],[-136.774483,59.98179],[-136.774754,59.981831],[-136.775062,59.981881],[-136.775384,59.981902],[-136.775726,59.981908],[-136.776297,59.9819],[-136.77662,59.981868],[-136.776904,59.98182],[-136.777221,59.981743],[-136.777541,59.981686],[-136.777789,59.981646],[-136.778075,59.981589],[-136.778338,59.981514],[-136.778621,59.98142],[-136.778885,59.981344],[-136.779626,59.981101],[-136.779852,59.980998],[-136.780101,59.980924],[-136.780418,59.980847],[-136.780737,59.980789],[-136.781024,59.980759],[-136.781326,59.980719],[-136.781609,59.980688],[-136.781932,59.980675],[-136.782238,59.980688],[-136.782526,59.98071],[-136.782815,59.980762],[-136.783125,59.980847],[-136.783379,59.980915],[-136.783652,59.981001],[-136.783925,59.981078],[-136.783927,59.981078],[-136.783969,59.981155],[-136.784008,59.981229],[-136.784005,59.98123],[-136.784028,59.981293],[-136.784083,59.981327],[-136.784154,59.981344],[-136.78446,59.981377],[-136.784855,59.981371],[-136.784955,59.981364],[-136.785115,59.981417],[-136.785237,59.981458],[-136.785238,59.981465],[-136.785507,59.981479],[-136.785896,59.981403],[-136.786306,59.981343],[-136.786674,59.981203],[-136.786674,59.981195],[-136.786719,59.981183],[-136.786784,59.981165],[-136.786816,59.981175],[-136.78707,59.981243],[-136.787309,59.981328],[-136.787529,59.981442],[-136.787749,59.981529],[-136.78812,59.981749],[-136.788304,59.981873],[-136.788493,59.982005],[-136.788545,59.982012],[-136.78873,59.982117],[-136.788898,59.982241],[-136.789084,59.982355],[-136.789199,59.982516],[-136.789348,59.982586],[-136.789634,59.98259],[-136.789936,59.982533],[-136.790237,59.982439],[-136.790501,59.982372],[-136.790839,59.982323],[-136.79116,59.982301],[-136.791484,59.982314],[-136.791771,59.982355],[-136.792026,59.982432],[-136.792486,59.982633],[-136.792622,59.98282],[-136.792686,59.982972],[-136.792672,59.983106],[-136.792663,59.98325],[-136.792672,59.983402],[-136.792697,59.983546],[-136.792706,59.983717],[-136.792732,59.983869],[-136.792849,59.98402],[-136.792964,59.984171],[-136.793044,59.984305],[-136.793106,59.984466],[-136.793183,59.9846],[-136.793337,59.984749],[-136.793504,59.984865],[-136.793725,59.984987],[-136.793945,59.985074],[-136.794183,59.985197],[-136.794387,59.985311],[-136.794629,59.985442],[-136.794816,59.985583],[-136.795207,59.985839],[-136.795408,59.985961],[-136.79565,59.986084],[-136.795869,59.986171],[-136.796178,59.986248],[-136.796501,59.986252],[-136.796607,59.986235],[-136.796708,59.986274],[-136.79682,59.986277],[-136.797038,59.986283],[-136.797131,59.986325],[-136.797242,59.98634],[-136.797563,59.986336],[-136.797864,59.986288],[-136.798055,59.986168],[-136.798081,59.985997],[-136.79805,59.985987],[-136.798038,59.985932],[-136.798017,59.985841],[-136.798141,59.985789],[-136.798424,59.985714],[-136.798725,59.985647],[-136.799067,59.985642],[-136.79939,59.985655],[-136.799679,59.985688],[-136.800003,59.985701],[-136.80002,59.985701],[-136.800109,59.985709],[-136.800326,59.985715],[-136.8009,59.985725],[-136.801259,59.985746],[-136.801566,59.985769],[-136.802159,59.985833],[-136.802484,59.985838],[-136.802822,59.985815],[-136.803214,59.985783],[-136.803535,59.985734],[-136.803819,59.985712],[-136.804123,59.985662],[-136.804405,59.985597],[-136.804673,59.985557],[-136.805027,59.985507],[-136.805312,59.98544],[-136.805523,59.985365],[-136.805824,59.985289],[-136.806122,59.985204],[-136.806424,59.985137],[-136.80669,59.985061],[-136.806991,59.984994],[-136.807274,59.984937],[-136.807555,59.984852],[-136.807858,59.984795],[-136.808122,59.984728],[-136.808388,59.984671],[-136.808636,59.984586],[-136.808918,59.984529],[-136.809279,59.984541],[-136.809586,59.9846],[-136.809859,59.984704],[-136.8103,59.984896],[-136.810504,59.985037],[-136.810742,59.985133],[-136.811149,59.985342],[-136.811366,59.985366],[-136.811518,59.985202],[-136.811654,59.985074],[-136.811771,59.984929],[-136.812,59.984809],[-136.812229,59.984735],[-136.812567,59.984685],[-136.812975,59.984653],[-136.813297,59.984613],[-136.813617,59.984554],[-136.813936,59.98454],[-136.814258,59.9845],[-136.814543,59.984433],[-136.814789,59.984358],[-136.81507,59.984291],[-136.815391,59.984242],[-136.815694,59.984211],[-136.816033,59.984188],[-136.816337,59.984184],[-136.816646,59.984242],[-136.817226,59.984361],[-136.817497,59.984429],[-136.81777,59.984487],[-136.818059,59.98452],[-136.818329,59.984516],[-136.818613,59.984467],[-136.818856,59.984373],[-136.819051,59.984272],[-136.819112,59.984118],[-136.819139,59.983958],[-136.819239,59.983794],[-136.819372,59.98364],[-136.819581,59.98352],[-136.819827,59.983426],[-136.820056,59.983325],[-136.820282,59.983214],[-136.82051,59.98313],[-136.820794,59.983063],[-136.821098,59.983059],[-136.821388,59.983136],[-136.821626,59.983231],[-136.821865,59.983335],[-136.822034,59.983451],[-136.822239,59.983573],[-136.822389,59.983714],[-136.822505,59.983856],[-136.822636,59.983989],[-136.822804,59.984113],[-136.82308,59.984217],[-136.823133,59.984225],[-136.823456,59.984194],[-136.823756,59.984117],[-136.823945,59.983999],[-136.824383,59.983785],[-136.824628,59.983684],[-136.824893,59.983626],[-136.825198,59.983648],[-136.825348,59.983764],[-136.825501,59.983905],[-136.825651,59.984047],[-136.825751,59.984215],[-136.825811,59.984349],[-136.825909,59.984502],[-136.826025,59.984643],[-136.826078,59.98466],[-136.826205,59.984668],[-136.82647,59.98461],[-136.826736,59.984534],[-136.827,59.984467],[-136.827337,59.984392],[-136.827604,59.984344],[-136.827908,59.984339],[-136.828177,59.984371],[-136.828451,59.984439],[-136.828725,59.984524],[-136.829166,59.984734],[-136.829504,59.984999],[-136.829566,59.985142],[-136.829538,59.985295],[-136.829576,59.985366],[-136.829797,59.985462],[-136.830069,59.985494],[-136.830359,59.985553],[-136.830596,59.98564],[-136.83087,59.985726],[-136.831109,59.98583],[-136.83126,59.985963],[-136.831411,59.986087],[-136.831526,59.986219],[-136.831605,59.986362],[-136.831684,59.986523],[-136.8318,59.986665],[-136.832006,59.986797],[-136.832262,59.986901],[-136.832515,59.98696],[-136.832788,59.98702],[-136.833093,59.987042],[-136.833418,59.987047],[-136.833684,59.987034],[-136.833954,59.987012],[-136.834291,59.986954],[-136.834556,59.986896],[-136.834892,59.98681],[-136.835213,59.986762],[-136.835517,59.986758],[-136.83582,59.986743],[-136.836178,59.986739],[-136.836468,59.98678],[-136.836796,59.986864],[-136.837015,59.986951],[-136.837273,59.987065],[-136.837493,59.987179],[-136.837662,59.987312],[-136.837796,59.987461],[-136.83793,59.987604],[-136.838028,59.987764],[-136.838162,59.987905],[-136.838185,59.987995],[-136.838214,59.98821],[-136.838168,59.988354],[-136.838104,59.988508],[-136.837988,59.988663],[-136.837835,59.988808],[-136.837699,59.988945],[-136.837563,59.989073],[-136.837216,59.989303],[-136.836956,59.989468],[-136.83696,59.989539],[-136.837077,59.98969],[-136.837131,59.989707],[-136.837509,59.98972],[-136.837776,59.989699],[-136.83808,59.989649],[-136.838362,59.989609],[-136.838666,59.98956],[-136.838913,59.989512],[-136.839235,59.989472],[-136.83952,59.989432],[-136.839803,59.989401],[-136.840126,59.989387],[-136.840432,59.989401],[-136.841025,59.989446],[-136.841315,59.989488],[-136.841643,59.989573],[-136.841935,59.989667],[-136.842208,59.989771],[-136.842446,59.989867],[-136.842634,59.98999],[-136.842801,59.990131],[-136.842902,59.990282],[-136.842963,59.990443],[-136.843016,59.990748],[-136.843005,59.990892],[-136.842998,59.991071],[-136.842954,59.991234],[-136.842979,59.991395],[-136.843096,59.991537],[-136.84328,59.991661],[-136.843646,59.991772],[-136.843738,59.991798],[-136.844067,59.991892],[-136.844374,59.991933],[-136.844483,59.991959],[-136.844916,59.992041],[-136.845172,59.992101],[-136.845481,59.992222],[-136.845593,59.992266],[-136.845797,59.992389],[-136.846123,59.992439],[-136.84648,59.992442],[-136.846767,59.992439],[-136.847358,59.992412],[-136.84768,59.992389],[-136.847967,59.992386],[-136.848235,59.99239],[-136.848811,59.992436],[-136.849102,59.992477],[-136.849372,59.992518],[-136.849591,59.992597],[-136.849778,59.992719],[-136.850017,59.99286],[-136.850297,59.993054],[-136.850521,59.993194],[-136.850653,59.993327],[-136.850789,59.993487],[-136.850797,59.993631],[-136.850824,59.993809],[-136.850887,59.993953],[-136.850985,59.994112],[-136.85103,59.994273],[-136.851038,59.994435],[-136.8511,59.994596],[-136.851165,59.994757],[-136.851245,59.994908],[-136.85134,59.995042],[-136.851512,59.995192],[-136.851697,59.995341],[-136.851814,59.995467],[-136.851965,59.995589],[-136.85206,59.995723],[-136.85214,59.995874],[-136.852274,59.996348],[-136.852355,59.996482],[-136.852451,59.996624],[-136.852601,59.99674],[-136.852824,59.996852],[-136.853077,59.996912],[-136.853403,59.996962],[-136.853567,59.996995],[-136.853874,59.997053],[-136.854167,59.99713],[-136.854472,59.99718],[-136.854763,59.997221],[-136.85507,59.99728],[-136.855344,59.997348],[-136.855618,59.997433],[-136.855888,59.997493],[-136.856056,59.997572],[-136.856368,59.997728],[-136.856554,59.997842],[-136.856796,59.997965],[-136.856981,59.998089],[-136.85715,59.998221],[-136.857354,59.998361],[-136.857487,59.998494],[-136.857587,59.998645],[-136.85765,59.998815],[-136.857712,59.998976],[-136.857721,59.99912],[-136.857744,59.999226],[-136.857791,59.999424],[-136.857818,59.999558],[-136.857808,59.999719],[-136.857797,59.999863],[-136.85777,60.0],[-136.857366,60.0],[-136.856927,60.0],[-136.856974,59.999884],[-136.857021,59.999749],[-136.857066,59.999605],[-136.85711,59.999443],[-136.85712,59.999289],[-136.857091,59.99912],[-136.857028,59.99895],[-136.856968,59.998806],[-136.856922,59.998637],[-136.856842,59.998484],[-136.856654,59.998343],[-136.856504,59.998202],[-136.856386,59.998052],[-136.856237,59.997936],[-136.856069,59.997814],[-136.85568,59.997613],[-136.855573,59.997604],[-136.855264,59.99751],[-136.854957,59.997496],[-136.854672,59.99751],[-136.854368,59.99754],[-136.854083,59.99758],[-136.853796,59.997584],[-136.853473,59.99758],[-136.853185,59.99753],[-136.852927,59.997435],[-136.852724,59.997304],[-136.852484,59.997198],[-136.852333,59.997049],[-136.852289,59.996896],[-136.852297,59.996744],[-136.852044,59.996397],[-136.851965,59.996254],[-136.851901,59.996103],[-136.851841,59.995951],[-136.851762,59.995817],[-136.8517,59.995675],[-136.8516,59.995505],[-136.85152,59.995354],[-136.851389,59.99523],[-136.851087,59.994982],[-136.850934,59.994823],[-136.850785,59.994707],[-136.850615,59.994566],[-136.8505,59.994434],[-136.850369,59.99431],[-136.85027,59.994149],[-136.850225,59.994007],[-136.850214,59.993827],[-136.850208,59.993675],[-136.850217,59.993531],[-136.85019,59.993379],[-136.850111,59.993235],[-136.849942,59.993104],[-136.849704,59.993008],[-136.849414,59.992949],[-136.849106,59.992909],[-136.848457,59.992846],[-136.847844,59.9928],[-136.847575,59.992768],[-136.847234,59.992755],[-136.846964,59.992732],[-136.846621,59.992728],[-136.846334,59.992714],[-136.846064,59.992691],[-136.845808,59.992612],[-136.845534,59.992527],[-136.84537,59.992449],[-136.845297,59.992413],[-136.844836,59.992232],[-136.844489,59.992111],[-136.844399,59.992076],[-136.844324,59.99205],[-136.844147,59.992044],[-136.843754,59.992086],[-136.843681,59.992068],[-136.843425,59.99199],[-136.84319,59.991913],[-136.842931,59.991791],[-136.842729,59.991687],[-136.842575,59.991544],[-136.842462,59.99142],[-136.842364,59.991269],[-136.842353,59.991107],[-136.842363,59.990946],[-136.842392,59.990802],[-136.842363,59.990631],[-136.842212,59.99049],[-136.841824,59.990271],[-136.841673,59.990147],[-136.841507,59.990033],[-136.841281,59.989865],[-136.841042,59.989761],[-136.840825,59.989691],[-136.840536,59.98966],[-136.840193,59.989629],[-136.839886,59.989615],[-136.839602,59.989637],[-136.839283,59.989677],[-136.838998,59.989744],[-136.838697,59.989811],[-136.83836,59.989869],[-136.838059,59.989936],[-136.837756,59.989968],[-136.83745,59.989982],[-136.836879,59.989989],[-136.836564,59.989805],[-136.836482,59.989626],[-136.836491,59.989482],[-136.836534,59.989294],[-136.836652,59.989139],[-136.836806,59.988994],[-136.836941,59.988857],[-136.837096,59.988737],[-136.837269,59.98861],[-136.837439,59.988472],[-136.837575,59.988346],[-136.837711,59.988172],[-136.837737,59.988011],[-136.837658,59.987868],[-136.837543,59.987735],[-136.83741,59.987594],[-136.837276,59.98747],[-136.837073,59.987356],[-136.836834,59.98725],[-136.83656,59.987165],[-136.83598,59.987047],[-136.835675,59.987024],[-136.835336,59.987038],[-136.835033,59.987097],[-136.834749,59.987145],[-136.83443,59.987203],[-136.834073,59.987235],[-136.83375,59.987249],[-136.833464,59.987243],[-136.833177,59.987247],[-136.832888,59.987216],[-136.832616,59.987156],[-136.832343,59.987079],[-136.831923,59.986924],[-136.831498,59.986705],[-136.831365,59.986589],[-136.831234,59.986457],[-136.8311,59.986289],[-136.830965,59.986155],[-136.830796,59.986006],[-136.830594,59.985919],[-136.830303,59.98585],[-136.829996,59.985792],[-136.829687,59.985742],[-136.829415,59.985684],[-136.829211,59.98557],[-136.829077,59.9854],[-136.829033,59.985239],[-136.82898,59.984935],[-136.82883,59.984794],[-136.82861,59.984707],[-136.828319,59.984657],[-136.828012,59.984597],[-136.827723,59.984566],[-136.827367,59.984588],[-136.82708,59.984637],[-136.826833,59.984704],[-136.826533,59.984779],[-136.826233,59.984838],[-136.82616,59.984839],[-136.825834,59.984789],[-136.825614,59.984702],[-136.825447,59.98458],[-136.825294,59.98442],[-136.825251,59.98425],[-136.825259,59.984079],[-136.825179,59.983945],[-136.825028,59.983777],[-136.824882,59.983752],[-136.824741,59.983781],[-136.824494,59.983874],[-136.824321,59.983985],[-136.824167,59.98413],[-136.823977,59.984258],[-136.823949,59.984366],[-136.823778,59.984513],[-136.823579,59.984516],[-136.82329,59.984483],[-136.823018,59.984433],[-136.822783,59.984373],[-136.822509,59.984269],[-136.822302,59.984128],[-136.822155,59.984005],[-136.821932,59.983874],[-136.821763,59.98376],[-136.82165,59.983644],[-136.821481,59.983512],[-136.821295,59.983398],[-136.821059,59.983311],[-136.820771,59.983288],[-136.820506,59.983372],[-136.820277,59.983448],[-136.820068,59.983584],[-136.81986,59.983714],[-136.819654,59.983851],[-136.8195,59.983997],[-136.819418,59.984124],[-136.819392,59.984295],[-136.819293,59.98444],[-136.819156,59.984586],[-136.818998,59.984641],[-136.818876,59.984688],[-136.818553,59.984701],[-136.817926,59.984692],[-136.8176,59.984661],[-136.81731,59.984601],[-136.817039,59.984534],[-136.816765,59.984447],[-136.816473,59.984371],[-136.816203,59.984356],[-136.815899,59.984361],[-136.815631,59.984373],[-136.815295,59.98444],[-136.814994,59.984507],[-136.814675,59.984593],[-136.814147,59.984754],[-136.813826,59.984775],[-136.813215,59.984784],[-136.812875,59.984798],[-136.812538,59.984829],[-136.81229,59.984913],[-136.812099,59.985014],[-136.812017,59.985151],[-136.811918,59.985296],[-136.81189,59.985449],[-136.811863,59.985611],[-136.811599,59.985677],[-136.811545,59.985678],[-136.811364,59.985645],[-136.811144,59.985558],[-136.810887,59.985463],[-136.810668,59.985385],[-136.810376,59.985289],[-136.809918,59.985098],[-136.809659,59.984976],[-136.809385,59.984882],[-136.809133,59.984831],[-136.808843,59.984816],[-136.808559,59.984839],[-136.808257,59.984879],[-136.807957,59.984954],[-136.807675,59.98504],[-136.80739,59.98508],[-136.80714,59.985128],[-136.806893,59.985194],[-136.806645,59.985261],[-136.806364,59.985326],[-136.806061,59.985403],[-136.805815,59.985479],[-136.805249,59.98563],[-136.804986,59.985705],[-136.804469,59.985802],[-136.804275,59.98584],[-136.803901,59.985899],[-136.8036,59.98594],[-136.803317,59.985997],[-136.802941,59.986038],[-136.802619,59.986061],[-136.802335,59.986064],[-136.801578,59.986021],[-136.801217,59.98599],[-136.800659,59.985944],[-136.800101,59.985906],[-136.800049,59.985899],[-136.800012,59.985899],[-136.799744,59.985893],[-136.799438,59.985862],[-136.799078,59.985857],[-136.798937,59.985886],[-136.798618,59.985971],[-136.798446,59.986108],[-136.798236,59.986219],[-136.798065,59.986347],[-136.797892,59.986476],[-136.797648,59.986587],[-136.797525,59.986624],[-136.797382,59.986662],[-136.79708,59.986683],[-136.796738,59.986679],[-136.796484,59.986638],[-136.796196,59.986571],[-136.795923,59.986484],[-136.795719,59.98637],[-136.795496,59.986256],[-136.795275,59.986115],[-136.795106,59.986001],[-136.794461,59.985651],[-136.794221,59.985537],[-136.793817,59.985328],[-136.793647,59.985212],[-136.793426,59.98509],[-136.79322,59.984959],[-136.792999,59.984835],[-136.792796,59.984704],[-136.79268,59.984543],[-136.792578,59.984356],[-136.792519,59.984214],[-136.792417,59.984026],[-136.792358,59.983883],[-136.792312,59.983731],[-136.792288,59.98357],[-136.79226,59.983408],[-136.792305,59.983255],[-136.792349,59.983075],[-136.792357,59.982904],[-136.792243,59.982753],[-136.791838,59.982552],[-136.791565,59.982492],[-136.791222,59.982462],[-136.790919,59.982475],[-136.790601,59.982542],[-136.790351,59.98259],[-136.790015,59.982657],[-136.789746,59.982689],[-136.789389,59.982701],[-136.789049,59.982689],[-136.788741,59.98262],[-136.788518,59.982508],[-136.788298,59.982375],[-136.788022,59.982253],[-136.787852,59.98213],[-136.787665,59.981989],[-136.787516,59.981855],[-136.787327,59.981697],[-136.787194,59.981555],[-136.78699,59.981432],[-136.786685,59.98141],[-136.786345,59.981422],[-136.786061,59.981489],[-136.785814,59.981556],[-136.785566,59.981622],[-136.78523,59.981663],[-136.784906,59.981667],[-136.784635,59.981643],[-136.784347,59.981576],[-136.784092,59.981498],[-136.783836,59.981438],[-136.783665,59.981401],[-136.783637,59.981357],[-136.78362,59.98133],[-136.783653,59.981324],[-136.78367,59.981324],[-136.783686,59.981316],[-136.783688,59.981306],[-136.783687,59.981297],[-136.783667,59.98128],[-136.783497,59.981138],[-136.78319,59.981052],[-136.782933,59.980967],[-136.782696,59.980897],[-136.782373,59.980866],[-136.782066,59.980843],[-136.781742,59.980784],[-136.781489,59.980743],[-136.781165,59.980774],[-136.780918,59.980823],[-136.780901,59.980841],[-136.780903,59.980858],[-136.78092,59.980877],[-136.780928,59.980884],[-136.780856,59.980938],[-136.780754,59.981015],[-136.780641,59.981007],[-136.780499,59.981025],[-136.780215,59.981075],[-136.779881,59.981196],[-136.779547,59.981336],[-136.779284,59.981411],[-136.778999,59.981477],[-136.778754,59.981561],[-136.778471,59.981655],[-136.778174,59.981757],[-136.777679,59.981908],[-136.777379,59.981984],[-136.777132,59.982051],[-136.776829,59.982107],[-136.776525,59.982112],[-136.776203,59.982108],[-136.775914,59.982102],[-136.775627,59.982106],[-136.775322,59.982102],[-136.77491,59.982062],[-136.774619,59.982021],[-136.774349,59.981979],[-136.774096,59.981938],[-136.773893,59.981824],[-136.773705,59.981675],[-136.773521,59.981559],[-136.77306,59.981341],[-136.772808,59.981291],[-136.772536,59.98124],[-136.772194,59.981209],[-136.771867,59.98115],[-136.771631,59.981065],[-136.771321,59.981005],[-136.771033,59.980964],[-136.770709,59.980942],[-136.770406,59.980955],[-136.77012,59.981012],[-136.769838,59.981052],[-136.769555,59.981128],[-136.769364,59.981229],[-136.769117,59.981323],[-136.768925,59.981442],[-136.768698,59.981552],[-136.768509,59.98169],[-136.768461,59.981826],[-136.768343,59.981962],[-136.768172,59.982089],[-136.767928,59.9822],[-136.767642,59.982258],[-136.767339,59.98229],[-136.767035,59.982294],[-136.766767,59.982288],[-136.766441,59.98222],[-136.76622,59.982143],[-136.765967,59.982075],[-136.765728,59.981996],[-136.765438,59.981911],[-136.765181,59.981824],[-136.764875,59.981766],[-136.764567,59.981697],[-136.764312,59.98162],[-136.764038,59.981534],[-136.763783,59.981457],[-136.763545,59.981334],[-136.763272,59.981274],[-136.762892,59.981226],[-136.762623,59.981212],[-136.762197,59.981307],[-136.761756,59.981412],[-136.760878,59.981451],[-136.760556,59.981447],[-136.760252,59.98145],[-136.759944,59.981427],[-136.759692,59.981368],[-136.759383,59.981318],[-136.759096,59.981277],[-136.758805,59.981227],[-136.758498,59.981168],[-136.758171,59.981109],[-136.757863,59.981042],[-136.757626,59.980972],[-136.757407,59.980868],[-136.757367,59.980824],[-136.757276,59.980735],[-136.757196,59.980584],[-136.757133,59.980414],[-136.757088,59.980243],[-136.757078,59.980082],[-136.757086,59.979911],[-136.757098,59.979768],[-136.757074,59.979624],[-136.756881,59.97942],[-136.756764,59.979225],[-136.756759,59.979125],[-136.756749,59.978964],[-136.756725,59.97882],[-136.756732,59.978641],[-136.756727,59.978543],[-136.756754,59.97838],[-136.75664,59.978246],[-136.756437,59.978133],[-136.756182,59.978056],[-136.755945,59.977969],[-136.755743,59.977863],[-136.755481,59.97767],[-136.755426,59.977661],[-136.755317,59.977591],[-136.755147,59.977449],[-136.754961,59.977335],[-136.754741,59.97724],[-136.754318,59.977039],[-136.754031,59.976997],[-136.7536,59.976985],[-136.753383,59.97696],[-136.753097,59.976992],[-136.752828,59.976986],[-136.752524,59.97699],[-136.752185,59.97703],[-136.751884,59.977053],[-136.751597,59.977056],[-136.751308,59.977024],[-136.751052,59.976965],[-136.750817,59.976905],[-136.750544,59.976828],[-136.750292,59.976768],[-136.750035,59.976656],[-136.74983,59.976532],[-136.749627,59.976418],[-136.74944,59.976268],[-136.749291,59.976153],[-136.749159,59.97602],[-136.749026,59.975897],[-136.748841,59.975791],[-136.748602,59.975686],[-136.748313,59.975609],[-136.74804,59.975568],[-136.747467,59.975558],[-136.747144,59.97557],[-136.746878,59.975629],[-136.746707,59.97573],[-136.746552,59.975892],[-136.746488,59.976056],[-136.746425,59.9762],[-136.746415,59.976344],[-136.74637,59.976498],[-136.746286,59.976633],[-136.746115,59.97678],[-136.745941,59.976889],[-136.745596,59.977118],[-136.745367,59.977193],[-136.745064,59.977251],[-136.744781,59.977326],[-136.744536,59.97741],[-136.744235,59.977477],[-136.743914,59.977509],[-136.74363,59.97753],[-136.743019,59.977539],[-136.742872,59.977486],[-136.7428,59.977452],[-136.742669,59.977328],[-136.742623,59.977175],[-136.742645,59.976888],[-136.742672,59.976725],[-136.742486,59.976593],[-136.742161,59.976562],[-136.741913,59.976627],[-136.741758,59.976747],[-136.741588,59.976883],[-136.741435,59.977039],[-136.741279,59.977165],[-136.741137,59.977195],[-136.741013,59.977224],[-136.740769,59.977316],[-136.74042,59.977537],[-136.740284,59.977673],[-136.740184,59.977801],[-136.739753,59.978111],[-136.739688,59.978246],[-136.739642,59.978392],[-136.739579,59.978536],[-136.739368,59.978664],[-136.739178,59.978756],[-136.73895,59.978859],[-136.738703,59.978933],[-136.7384,59.978964],[-136.738134,59.97904],[-136.737888,59.979115],[-136.737621,59.979164],[-136.737355,59.979194],[-136.737068,59.979198],[-136.736779,59.979192],[-136.736456,59.979178],[-136.736115,59.979138],[-136.735859,59.979078],[-136.73557,59.97902],[-136.735333,59.978951],[-136.735097,59.978846],[-136.734824,59.978786],[-136.734535,59.978755],[-136.734283,59.978741],[-136.733834,59.978701],[-136.733654,59.978677],[-136.733329,59.978654],[-136.732878,59.978597],[-136.732588,59.97852],[-136.73228,59.978452],[-136.732026,59.978402],[-136.731646,59.978343],[-136.731342,59.978348],[-136.731038,59.978379],[-136.730714,59.978338],[-136.730443,59.978315],[-136.730122,59.978292],[-136.729815,59.978259],[-136.729508,59.978236],[-136.729202,59.978205],[-136.728606,59.978133],[-136.728299,59.978091],[-136.727976,59.97806],[-136.727615,59.978019],[-136.727021,59.977946],[-136.726694,59.977879],[-136.726367,59.977821],[-136.726059,59.977752],[-136.72577,59.977692],[-136.725517,59.977634],[-136.725244,59.977574],[-136.724955,59.977541],[-136.72467,59.977537],[-136.724381,59.977523],[-136.724095,59.977517],[-136.72381,59.97753],[-136.723454,59.977571],[-136.723062,59.977621],[-136.722582,59.977717],[-136.722282,59.977792],[-136.722033,59.977849],[-136.721714,59.977935],[-136.721451,59.978037],[-136.721438,59.978108],[-136.721428,59.978271],[-136.721489,59.978405],[-136.721492,59.978476],[-136.721495,59.97854],[-136.721462,59.978567],[-136.721337,59.978612],[-136.721036,59.978662],[-136.720749,59.978692],[-136.720448,59.978715],[-136.72014,59.978692],[-136.719738,59.97849],[-136.719639,59.978348],[-136.719293,59.978227],[-136.718968,59.978177],[-136.718661,59.978137],[-136.718388,59.978077],[-136.718118,59.978036],[-136.717761,59.978067],[-136.717671,59.978058],[-136.717455,59.978036],[-136.717114,59.978021],[-136.716811,59.978053],[-136.716525,59.978066],[-136.71622,59.978087],[-136.715959,59.978244],[-136.715905,59.978268],[-136.715696,59.978232],[-136.715529,59.978204],[-136.715529,59.978195],[-136.715275,59.978127],[-136.714966,59.978094],[-136.714684,59.978134],[-136.714613,59.978162],[-136.714561,59.978217],[-136.714312,59.978274],[-136.714304,59.978421],[-136.714151,59.978487],[-136.713959,59.978569],[-136.713771,59.978506],[-136.713517,59.978436],[-136.713244,59.978377],[-136.71263,59.978295],[-136.712361,59.978264],[-136.712016,59.978214],[-136.71173,59.978181],[-136.711457,59.97814],[-136.711169,59.978117],[-136.711063,59.97811],[-136.710777,59.978148],[-136.71051,59.97817],[-136.710169,59.978201],[-136.710097,59.978194],[-136.709882,59.978178],[-136.709575,59.978137],[-136.709234,59.978124],[-136.708999,59.978091],[-136.708694,59.978086],[-136.708355,59.978127],[-136.708144,59.978165],[-136.707681,59.978261],[-136.70738,59.978292],[-136.707133,59.978358],[-136.706775,59.978389],[-136.706419,59.97843],[-136.706133,59.97846],[-136.70585,59.978491],[-136.705474,59.978514],[-136.705096,59.9785],[-136.704683,59.97847],[-136.704304,59.97843],[-136.703962,59.978399],[-136.703655,59.978385],[-136.703314,59.97837],[-136.703028,59.978356],[-136.702346,59.978366],[-136.702027,59.978387],[-136.701688,59.978473],[-136.701462,59.978547],[-136.701179,59.97865],[-136.7009,59.978779],[-136.700691,59.978917],[-136.700466,59.979073],[-136.700238,59.979174],[-136.699991,59.979268],[-136.699692,59.979333],[-136.699423,59.979346],[-136.698722,59.979319],[-136.698415,59.979279],[-136.698145,59.979236],[-136.697763,59.979144],[-136.697459,59.979147],[-136.697107,59.979242],[-136.696858,59.979299],[-136.696538,59.979374],[-136.696217,59.979406],[-136.695914,59.979419],[-136.695573,59.979396],[-136.695266,59.979354],[-136.69498,59.979367],[-136.694732,59.979407],[-136.69441,59.979474],[-136.694092,59.979523],[-136.693452,59.979611],[-136.693165,59.979661],[-136.69283,59.979709],[-136.692507,59.97974],[-136.692188,59.979789],[-136.691996,59.979909],[-136.691806,59.980045],[-136.69156,59.980121],[-136.691168,59.980189],[-136.690885,59.980246],[-136.690675,59.980357],[-136.690502,59.980494],[-136.690398,59.980549],[-136.689994,59.980725]]]},"properties":{"WATERBODY_TYPE":"River","OFFICIAL_NAME_LABEL":"Blanchard River","PERMANENCY":"Permanent"}},{"type":"Feature","geometry":{"type":"Polygon","coordinates":[[[-136.545694,59.985385],[-136.545999,59.985409],[-136.546452,59.985501],[-136.546813,59.985587],[-136.54707,59.985684],[-136.547289,59.985771],[-136.547473,59.985894],[-136.547661,59.986054],[-136.54822,59.986145],[-136.548406,59.986315],[-136.548558,59.986429],[-136.548776,59.986534],[-136.549102,59.986567],[-136.549355,59.986635],[-136.549574,59.986722],[-136.549845,59.986792],[-136.550135,59.986833],[-136.550421,59.98682],[-136.550724,59.98678],[-136.551129,59.986659],[-136.5514,59.986683],[-136.551688,59.986733],[-136.55207,59.986846],[-136.552375,59.986824],[-136.552583,59.986669],[-136.552828,59.986558],[-136.553218,59.986446],[-136.553503,59.986451],[-136.553793,59.986467],[-136.554116,59.986498],[-136.554353,59.986577],[-136.554389,59.986585],[-136.554559,59.986763],[-136.554668,59.986789],[-136.554936,59.986795],[-136.555064,59.98681],[-136.555098,59.986837],[-136.555107,59.986971],[-136.555185,59.987115],[-136.555368,59.987185],[-136.555636,59.987191],[-136.55603,59.987195],[-136.556316,59.987138],[-136.556506,59.987],[-136.556626,59.986873],[-136.556854,59.98678],[-136.557142,59.986786],[-136.557768,59.986779],[-136.558093,59.98681],[-136.558383,59.986897],[-136.558653,59.986938],[-136.558959,59.986971],[-136.559337,59.986985],[-136.559606,59.987018],[-136.559878,59.987077],[-136.560119,59.9872],[-136.56034,59.987323],[-136.560596,59.987437],[-136.560887,59.987532],[-136.561161,59.987619],[-136.56136,59.987706],[-136.561562,59.98782],[-136.561766,59.987944],[-136.561934,59.988076],[-136.562083,59.9882],[-136.562232,59.988343],[-136.562417,59.988475],[-136.562567,59.988599],[-136.562585,59.988608],[-136.562955,59.988828],[-136.56314,59.988942],[-136.563474,59.98919],[-136.563658,59.989295],[-136.563949,59.989364],[-136.564188,59.989496],[-136.564374,59.989656],[-136.564557,59.989753],[-136.564777,59.98983],[-136.564978,59.989926],[-136.565366,59.990137],[-136.565603,59.990251],[-136.565857,59.990321],[-136.566114,59.990416],[-136.566369,59.990493],[-136.566964,59.990586],[-136.567306,59.990627],[-136.567631,59.990658],[-136.567919,59.9907],[-136.568207,59.990733],[-136.568514,59.990765],[-136.568785,59.990798],[-136.569341,59.990827],[-136.569683,59.990849],[-136.569936,59.990892],[-136.570208,59.990942],[-136.570515,59.99101],[-136.570772,59.991143],[-136.571032,59.991282],[-136.571197,59.991398],[-136.571331,59.991549],[-136.571407,59.991682],[-136.57154,59.991806],[-136.571689,59.991922],[-136.571784,59.992064],[-136.571898,59.992224],[-136.571997,59.992393],[-136.572113,59.992546],[-136.572262,59.992687],[-136.572517,59.992783],[-136.572808,59.992852],[-136.573076,59.992857],[-136.573218,59.99281],[-136.573444,59.992664],[-136.573885,59.992506],[-136.574226,59.992501],[-136.574551,59.992543],[-136.574733,59.992585],[-136.575314,59.992785],[-136.575533,59.992873],[-136.575975,59.993082],[-136.576214,59.993206],[-136.576451,59.993302],[-136.576909,59.993503],[-136.577112,59.993617],[-136.577296,59.99374],[-136.577428,59.993856],[-136.577507,59.994008],[-136.577463,59.994196],[-136.577414,59.99435],[-136.577261,59.994487],[-136.576977,59.994579],[-136.576731,59.994682],[-136.57654,59.994819],[-136.576385,59.994964],[-136.576266,59.995101],[-136.576185,59.995244],[-136.576137,59.99538],[-136.57611,59.995524],[-136.576097,59.995667],[-136.576157,59.995801],[-136.576325,59.995935],[-136.576508,59.996031],[-136.576747,59.996119],[-136.577054,59.996177],[-136.577361,59.996219],[-136.577667,59.996251],[-136.577991,59.996293],[-136.578263,59.996342],[-136.578842,59.996461],[-136.57913,59.996512],[-136.579402,59.996562],[-136.579691,59.996577],[-136.580034,59.996627],[-136.580323,59.996704],[-136.58049,59.99681],[-136.580622,59.996925],[-136.580876,59.99702],[-136.581168,59.997099],[-136.581422,59.997149],[-136.581709,59.997163],[-136.581995,59.997169],[-136.582213,59.997184],[-136.582284,59.997184],[-136.582591,59.997243],[-136.58286,59.997257],[-136.582916,59.997265],[-136.583221,59.99729],[-136.583527,59.997348],[-136.583924,59.997379],[-136.584122,59.997413],[-136.584448,59.997418],[-136.584751,59.997432],[-136.585005,59.997475],[-136.585276,59.997525],[-136.585564,59.997549],[-136.585819,59.997609],[-136.586107,59.997631],[-136.586449,59.997654],[-136.58701,59.997809],[-136.587301,59.997878],[-136.587589,59.997901],[-136.587877,59.997952],[-136.587968,59.99795],[-136.588221,59.99801],[-136.588495,59.998079],[-136.588785,59.998165],[-136.589234,59.998205],[-136.58956,59.998237],[-136.589956,59.998259],[-136.590281,59.998299],[-136.590659,59.998341],[-136.591027,59.998524],[-136.59139,59.998645],[-136.591487,59.998798],[-136.591289,59.998764],[-136.590999,59.998704],[-136.590688,59.998564],[-136.590634,59.998566],[-136.590524,59.99853],[-136.590251,59.998426],[-136.589943,59.998376],[-136.589585,59.998362],[-136.589279,59.998348],[-136.589151,59.998332],[-136.588971,59.998306],[-136.588663,59.998257],[-136.588411,59.998205],[-136.588141,59.998164],[-136.587813,59.998096],[-136.587524,59.998037],[-136.587237,59.997996],[-136.586964,59.997936],[-136.586675,59.997885],[-136.586332,59.997826],[-136.585968,59.997768],[-136.585682,59.997735],[-136.585409,59.997676],[-136.585136,59.997607],[-136.584848,59.997566],[-136.584576,59.997533],[-136.58427,59.9975],[-136.583858,59.997488],[-136.58359,59.997482],[-136.583301,59.997495],[-136.58298,59.99748],[-136.582656,59.997458],[-136.58233,59.997408],[-136.582006,59.997394],[-136.5817,59.997361],[-136.581411,59.997302],[-136.58114,59.99726],[-136.580835,59.997228],[-136.580545,59.997196],[-136.580237,59.997146],[-136.579981,59.997059],[-136.579418,59.996885],[-136.57913,59.996817],[-136.578858,59.996784],[-136.578603,59.996734],[-136.578315,59.996683],[-136.578045,59.996642],[-136.577754,59.996592],[-136.577482,59.99654],[-136.57721,59.996464],[-136.576974,59.996402],[-136.576395,59.996257],[-136.576104,59.996189],[-136.575884,59.996075],[-136.575746,59.995843],[-136.575722,59.995673],[-136.575732,59.995511],[-136.575778,59.995357],[-136.575841,59.995205],[-136.575924,59.995051],[-136.576023,59.994897],[-136.576161,59.994769],[-136.576317,59.994632],[-136.576417,59.994505],[-136.576628,59.994396],[-136.577031,59.994183],[-136.577168,59.99403],[-136.577146,59.993994],[-136.577036,59.993914],[-136.57665,59.993703],[-136.576245,59.993493],[-136.576006,59.993387],[-136.575788,59.993309],[-136.575515,59.993223],[-136.575165,59.993003],[-136.574908,59.992907],[-136.574615,59.992803],[-136.574379,59.992734],[-136.574037,59.992711],[-136.573736,59.992741],[-136.573543,59.99286],[-136.573316,59.992971],[-136.572978,59.993047],[-136.572658,59.99306],[-136.572352,59.993054],[-136.572061,59.992959],[-136.571894,59.992853],[-136.571639,59.992758],[-136.571471,59.992642],[-136.571418,59.992634],[-136.571363,59.9926],[-136.571265,59.992439],[-136.571222,59.992305],[-136.57118,59.992152],[-136.571101,59.992],[-136.571003,59.991858],[-136.570889,59.991724],[-136.570758,59.991591],[-136.570609,59.991476],[-136.570423,59.991335],[-136.570258,59.99122],[-136.570003,59.991143],[-136.569711,59.991091],[-136.569406,59.99106],[-136.568472,59.991017],[-136.568186,59.991012],[-136.567899,59.991015],[-136.567611,59.991009],[-136.567324,59.990995],[-136.56675,59.990983],[-136.566442,59.990915],[-136.566184,59.990811],[-136.565911,59.990697],[-136.565602,59.990601],[-136.565294,59.990533],[-136.565003,59.990456],[-136.564768,59.990378],[-136.564529,59.990274],[-136.564089,59.990055],[-136.563905,59.989931],[-136.563682,59.989817],[-136.563315,59.989596],[-136.563109,59.989455],[-136.562908,59.989331],[-136.562758,59.989199],[-136.562572,59.989058],[-136.562423,59.988942],[-136.562201,59.988791],[-136.56196,59.988642],[-136.561866,59.988553],[-136.561753,59.988403],[-136.561639,59.988269],[-136.561489,59.988136],[-136.561287,59.988031],[-136.561178,59.988005],[-136.561012,59.987952],[-136.560723,59.987894],[-136.560505,59.987816],[-136.56005,59.987641],[-136.559777,59.987554],[-136.559502,59.987477],[-136.559213,59.987417],[-136.558942,59.987349],[-136.558618,59.987307],[-136.558329,59.987275],[-136.558021,59.987225],[-136.557859,59.987209],[-136.557429,59.987186],[-136.557125,59.987209],[-136.55709,59.987226],[-136.557061,59.987398],[-136.557176,59.987522],[-136.557397,59.987645],[-136.5576,59.987769],[-136.557731,59.98792],[-136.557757,59.988081],[-136.557603,59.988236],[-136.557394,59.988337],[-136.557144,59.988411],[-136.556863,59.988487],[-136.556633,59.988552],[-136.556344,59.988546],[-136.55607,59.988424],[-136.555884,59.988283],[-136.555951,59.988139],[-136.556069,59.987994],[-136.55615,59.987848],[-136.556234,59.987703],[-136.556316,59.987541],[-136.556278,59.987515],[-136.556225,59.987498],[-136.556027,59.987491],[-136.55576,59.987539],[-136.555727,59.987566],[-136.555406,59.987642],[-136.555139,59.987672],[-136.554835,59.987676],[-136.55469,59.987632],[-136.554488,59.987518],[-136.554434,59.987518],[-136.554341,59.987465],[-136.554296,59.987313],[-136.554262,59.987287],[-136.554199,59.987126],[-136.554192,59.986964],[-136.554112,59.98683],[-136.553968,59.986769],[-136.553662,59.986738],[-136.553376,59.986768],[-136.553251,59.986796],[-136.552933,59.986917],[-136.552725,59.987027],[-136.552406,59.987111],[-136.552084,59.987134],[-136.551783,59.987182],[-136.551477,59.987195],[-136.551138,59.987171],[-136.550831,59.987156],[-136.55069,59.987185],[-136.550299,59.987289],[-136.549976,59.987283],[-136.549631,59.987189],[-136.549394,59.987119],[-136.549123,59.987069],[-136.548869,59.986973],[-136.548629,59.986859],[-136.548464,59.986745],[-136.548189,59.986639],[-136.547935,59.986571],[-136.547648,59.98653],[-136.547395,59.986487],[-136.547123,59.986429],[-136.546832,59.986342],[-136.546629,59.986218],[-136.546444,59.986085],[-136.546135,59.986008],[-136.54588,59.98593],[-136.545608,59.985845],[-136.545282,59.985766],[-136.545042,59.985652],[-136.544806,59.985584],[-136.544464,59.985543],[-136.544195,59.985528],[-136.543871,59.985514],[-136.543585,59.9855],[-136.543297,59.985494],[-136.54297,59.985407],[-136.542681,59.985358],[-136.54241,59.985306],[-136.542192,59.985228],[-136.542079,59.985095],[-136.542,59.984943],[-136.541884,59.984792],[-136.541823,59.984648],[-136.541851,59.984469],[-136.541881,59.984325],[-136.541925,59.984154],[-136.542007,59.983973],[-136.541736,59.983922],[-136.541413,59.983935],[-136.541145,59.983929],[-136.540805,59.983925],[-136.540598,59.983703],[-136.540447,59.983587],[-136.540193,59.983492],[-136.539973,59.983378],[-136.539805,59.983263],[-136.539551,59.983167],[-136.539313,59.98307],[-136.539039,59.982975],[-136.538803,59.982906],[-136.538548,59.982828],[-136.538311,59.982731],[-136.538184,59.982716],[-136.537744,59.982505],[-136.537488,59.982391],[-136.53734,59.982277],[-136.537277,59.982098],[-136.5372,59.981937],[-136.537176,59.981793],[-136.53713,59.981615],[-136.537015,59.981445],[-136.536886,59.981347],[-136.53703,59.981408],[-136.537169,59.981423],[-136.537336,59.981441],[-136.537407,59.981368],[-136.537718,59.981508],[-136.537776,59.981633],[-136.537766,59.981777],[-136.537756,59.981948],[-136.537743,59.982092],[-136.537821,59.982234],[-136.537955,59.982395],[-136.538141,59.982536],[-136.538379,59.982642],[-136.538668,59.982691],[-136.53901,59.982741],[-136.539064,59.982768],[-136.539104,59.982831],[-136.539323,59.982918],[-136.539815,59.9831],[-136.540054,59.983187],[-136.540364,59.983337],[-136.540589,59.983523],[-136.540862,59.983609],[-136.540897,59.983636],[-136.541257,59.98365],[-136.541543,59.98361],[-136.541883,59.983624],[-136.542173,59.983711],[-136.54243,59.98378],[-136.542665,59.983839],[-136.542849,59.983945],[-136.542868,59.98398],[-136.542668,59.984289],[-136.542604,59.984504],[-136.542554,59.984577],[-136.542525,59.984712],[-136.542441,59.984858],[-136.542445,59.984929],[-136.542631,59.985053],[-136.542887,59.98514],[-136.543247,59.985189],[-136.543534,59.985212],[-136.543858,59.985254],[-136.544218,59.985285],[-136.5444,59.985301],[-136.544723,59.985333],[-136.54503,59.985356],[-136.545388,59.98537],[-136.545694,59.985385]]]},"properties":{"WATERBODY_TYPE":"River","OFFICIAL_NAME_LABEL":"Blanchard River","PERMANENCY":"Permanent"}},{"type":"Feature","geometry":{"type":"Polygon","coordinates":[[[-136.814636,59.89688],[-136.814387,59.896842],[-136.814443,59.896819],[-136.814879,59.896589],[-136.815051,59.89647],[-136.815239,59.89635],[-136.815429,59.896213],[-136.815403,59.896061],[-136.815283,59.895837],[-136.815164,59.895624],[-136.815179,59.895543],[-136.815208,59.895443],[-136.815294,59.895362],[-136.815516,59.895188],[-136.815745,59.895095],[-136.816027,59.895037],[-136.816363,59.895006],[-136.81665,59.894983],[-136.816916,59.894953],[-136.8172,59.894932],[-136.817505,59.894917],[-136.817859,59.894895],[-136.818124,59.894838],[-136.818409,59.894798],[-136.818694,59.894785],[-136.818998,59.894789],[-136.819337,59.894776],[-136.819622,59.894737],[-136.819901,59.894634],[-136.820164,59.894521],[-136.820409,59.894465],[-136.820676,59.894416],[-136.820961,59.894403],[-136.82123,59.894399],[-136.821569,59.894386],[-136.821867,59.894301],[-136.82206,59.894208],[-136.822358,59.894123],[-136.822682,59.894145],[-136.822899,59.894224],[-136.82317,59.894274],[-136.823457,59.894279],[-136.823689,59.894267],[-136.823944,59.894248],[-136.823836,59.894515],[-136.823736,59.894762],[-136.823733,59.894759],[-136.823394,59.894746],[-136.823054,59.894778],[-136.822754,59.894801],[-136.822434,59.894832],[-136.822096,59.894872],[-136.821795,59.894939],[-136.821549,59.895033],[-136.82123,59.895073],[-136.820961,59.895077],[-136.820678,59.895081],[-136.820411,59.895147],[-136.820165,59.895222],[-136.819881,59.895262],[-136.819597,59.895285],[-136.819241,59.895298],[-136.818972,59.895302],[-136.818651,59.895325],[-136.818296,59.895365],[-136.818049,59.895413],[-136.817783,59.895461],[-136.817483,59.895528],[-136.817166,59.895605],[-136.816866,59.895681],[-136.816565,59.895739],[-136.816319,59.895796],[-136.816092,59.895899],[-136.81592,59.896017],[-136.815804,59.896172],[-136.815703,59.896317],[-136.815532,59.896463],[-136.815344,59.896582],[-136.815135,59.896702],[-136.814943,59.896795],[-136.814799,59.896904],[-136.814636,59.89688]]]},"properties":{"WATERBODY_TYPE":"River","OFFICIAL_NAME_LABEL":null,"PERMANENCY":"Permanent"}},{"type":"Feature","geometry":{"type":"Polygon","coordinates":[[[-136.83364,59.923651],[-136.833298,59.923602],[-136.833009,59.92357],[-136.832665,59.923521],[-136.832377,59.923453],[-136.832068,59.923394],[-136.831798,59.923353],[-136.831527,59.923322],[-136.831205,59.92329],[-136.830916,59.923258],[-136.830592,59.923218],[-136.830286,59.923177],[-136.829907,59.923128],[-136.829619,59.923078],[-136.829363,59.92301],[-136.82909,59.922906],[-136.828853,59.922829],[-136.82863,59.922715],[-136.828395,59.92261],[-136.828156,59.922506],[-136.827898,59.922402],[-136.827608,59.922333],[-136.827353,59.922257],[-136.827149,59.922134],[-136.827035,59.922],[-136.826935,59.921804],[-136.826838,59.921653],[-136.82667,59.921539],[-136.826399,59.92147],[-136.826092,59.921429],[-136.82577,59.921416],[-136.825089,59.921408],[-136.824801,59.921402],[-136.824426,59.921381],[-136.823993,59.921324],[-136.824185,59.921231],[-136.824465,59.921139],[-136.824731,59.921089],[-136.825019,59.921094],[-136.825323,59.92109],[-136.825966,59.921099],[-136.826324,59.921094],[-136.826612,59.921126],[-136.82692,59.921203],[-136.827126,59.921335],[-136.827276,59.921459],[-136.827444,59.92159],[-136.827628,59.921714],[-136.827849,59.921818],[-136.828158,59.921895],[-136.828413,59.921982],[-136.828582,59.922114],[-136.828661,59.922284],[-136.828759,59.922426],[-136.829067,59.922493],[-136.829645,59.922593],[-136.829915,59.922634],[-136.830241,59.922692],[-136.830459,59.922771],[-136.830846,59.92299],[-136.83092,59.923007],[-136.831189,59.923003],[-136.831527,59.92298],[-136.831832,59.922984],[-136.832117,59.92299],[-136.83249,59.922957],[-136.832757,59.922909],[-136.832988,59.922852],[-136.83336,59.922829],[-136.833616,59.922915],[-136.83375,59.923048],[-136.833954,59.923171],[-136.834229,59.923293],[-136.8343,59.923292],[-136.834178,59.923383],[-136.834025,59.923538],[-136.833872,59.923666],[-136.833859,59.923738],[-136.833915,59.9238],[-136.83364,59.923651]]]},"properties":{"WATERBODY_TYPE":"River","OFFICIAL_NAME_LABEL":"Stanley Creek","PERMANENCY":"Permanent"}},{"type":"Feature","geometry":{"type":"Polygon","coordinates":[[[-136.833677,59.930064],[-136.833885,59.929702],[-136.834082,59.929725],[-136.834366,59.929685],[-136.834612,59.929611],[-136.834894,59.929526],[-136.835196,59.929467],[-136.835514,59.9294],[-136.835721,59.929272],[-136.83591,59.929134],[-136.836047,59.929007],[-136.836023,59.92889],[-136.835922,59.928712],[-136.835845,59.928579],[-136.835783,59.928436],[-136.835631,59.928277],[-136.835463,59.928171],[-136.835024,59.927988],[-136.834771,59.927946],[-136.834482,59.927933],[-136.834408,59.927942],[-136.835359,59.927656],[-136.835751,59.927537],[-136.835791,59.9276],[-136.835938,59.927724],[-136.836088,59.927848],[-136.836258,59.92797],[-136.83639,59.928086],[-136.836504,59.928218],[-136.83653,59.928389],[-136.836575,59.928533],[-136.836653,59.928675],[-136.836752,59.928818],[-136.836796,59.92896],[-136.836767,59.929104],[-136.836702,59.929231],[-136.836677,59.929385],[-136.836613,59.929564],[-136.836462,59.929711],[-136.836324,59.929811],[-136.83608,59.92994],[-136.835818,59.930061],[-136.835591,59.930154],[-136.835363,59.930229],[-136.834798,59.930362],[-136.834548,59.93041],[-136.834213,59.930451],[-136.833872,59.930456],[-136.833567,59.930451],[-136.833447,59.930465],[-136.833677,59.930064]]]},"properties":{"WATERBODY_TYPE":"River","OFFICIAL_NAME_LABEL":null,"PERMANENCY":"Permanent"}},{"type":"Feature","geometry":{"type":"Polygon","coordinates":[[[-136.680074,59.982711],[-136.680276,59.982753],[-136.680637,59.982811],[-136.680979,59.982834],[-136.68125,59.98284],[-136.681551,59.982773],[-136.682104,59.98273],[-136.68235,59.982654],[-136.682705,59.98256],[-136.683045,59.982546],[-136.683316,59.982597],[-136.683738,59.982817],[-136.683944,59.982958],[-136.684006,59.983127],[-136.684015,59.983298],[-136.684041,59.983459],[-136.684035,59.983584],[-136.683896,59.983675],[-136.683826,59.983721],[-136.683821,59.983714],[-136.683695,59.983705],[-136.683536,59.983771],[-136.683404,59.983962],[-136.683424,59.98405],[-136.683593,59.984165],[-136.683719,59.984173],[-136.68372,59.984172],[-136.683784,59.984239],[-136.683893,59.984353],[-136.68384,59.98444],[-136.683687,59.984623],[-136.683571,59.984776],[-136.683415,59.984913],[-136.683279,59.98505],[-136.68318,59.985204],[-136.683005,59.985322],[-136.682688,59.985407],[-136.682424,59.9855],[-136.682405,59.985515],[-136.682176,59.985412],[-136.682142,59.985348],[-136.682033,59.985138],[-136.682101,59.985137],[-136.682204,59.985081],[-136.682214,59.985071],[-136.682403,59.985086],[-136.682546,59.985097],[-136.682588,59.985184],[-136.682769,59.985218],[-136.682958,59.985098],[-136.683131,59.984962],[-136.683195,59.984818],[-136.682992,59.984729],[-136.682903,59.984722],[-136.682886,59.984726],[-136.68285,59.984647],[-136.682787,59.984507],[-136.682802,59.98449],[-136.682904,59.984363],[-136.682987,59.984237],[-136.683104,59.984064],[-136.683202,59.983919],[-136.683249,59.983775],[-136.68326,59.983621],[-136.683252,59.983478],[-136.683226,59.983317],[-136.683147,59.983156],[-136.683013,59.982978],[-136.682879,59.982827],[-136.682554,59.982795],[-136.682448,59.982815],[-136.682257,59.982925],[-136.681939,59.982992],[-136.68173,59.983],[-136.681616,59.983005],[-136.681475,59.983079],[-136.681388,59.983089],[-136.680937,59.98304],[-136.68063,59.983018],[-136.680362,59.983039],[-136.680035,59.983059],[-136.680053,59.982897],[-136.680074,59.982711]]]},"properties":{"WATERBODY_TYPE":"River","OFFICIAL_NAME_LABEL":null,"PERMANENCY":"Permanent"}},{"type":"Feature","geometry":{"type":"Polygon","coordinates":[[[-136.87988,59.993057],[-136.87986,59.992969],[-136.879759,59.992799],[-136.879573,59.992667],[-136.879443,59.992588],[-136.879259,59.992518],[-136.879185,59.992493],[-136.878914,59.992452],[-136.878609,59.992447],[-136.878461,59.992296],[-136.878296,59.992126],[-136.878305,59.992118],[-136.878283,59.992066],[-136.878173,59.992031],[-136.877755,59.991912],[-136.877501,59.991843],[-136.877283,59.991792],[-136.876991,59.991742],[-136.87672,59.991674],[-136.876429,59.991607],[-136.876103,59.991557],[-136.875831,59.991507],[-136.87556,59.991457],[-136.875269,59.991416],[-136.874945,59.991376],[-136.874657,59.991353],[-136.874317,59.991349],[-136.873993,59.991353],[-136.873815,59.991338],[-136.873492,59.991352],[-136.873225,59.9914],[-136.873184,59.991423],[-136.872983,59.991325],[-136.872662,59.991169],[-136.873032,59.991178],[-136.873322,59.991193],[-136.873681,59.991197],[-136.874022,59.99121],[-136.874419,59.99124],[-136.874778,59.991279],[-136.875085,59.991321],[-136.875447,59.991361],[-136.875808,59.991418],[-136.876241,59.991483],[-136.876459,59.991516],[-136.876767,59.991584],[-136.877022,59.991653],[-136.877314,59.991729],[-136.877625,59.991815],[-136.877897,59.991892],[-136.878188,59.991977],[-136.878843,59.99212],[-136.879114,59.992188],[-136.879388,59.992274],[-136.879646,59.992387],[-136.879868,59.99251],[-136.880054,59.992624],[-136.880242,59.992765],[-136.880358,59.992924],[-136.88042,59.993085],[-136.880449,59.993167],[-136.880145,59.993166],[-136.879906,59.993164],[-136.87988,59.993057]]]},"properties":{"WATERBODY_TYPE":"River","OFFICIAL_NAME_LABEL":null,"PERMANENCY":"Permanent"}},{"type":"Feature","geometry":{"type":"Polygon","coordinates":[[[-136.840774,59.967854],[-136.840777,59.967858],[-136.84107,59.967962],[-136.841395,59.968056],[-136.841719,59.968069],[-136.841844,59.968051],[-136.842003,59.968029],[-136.842073,59.967975],[-136.84204,59.967952],[-136.842169,59.967855],[-136.842339,59.967727],[-136.842364,59.967729],[-136.842486,59.967682],[-136.842521,59.967645],[-136.842642,59.967553],[-136.842776,59.967408],[-136.842844,59.967318],[-136.843351,59.967398],[-136.844076,59.967512],[-136.843983,59.967535],[-136.843493,59.967722],[-136.843211,59.967807],[-136.842945,59.967882],[-136.842697,59.967939],[-136.842417,59.968033],[-136.842135,59.968117],[-136.841889,59.968193],[-136.841622,59.96826],[-136.841284,59.968283],[-136.841138,59.968257],[-136.840995,59.968233],[-136.840736,59.968129],[-136.840604,59.967995],[-136.840524,59.967885],[-136.840653,59.967869],[-136.840774,59.967854]]]},"properties":{"WATERBODY_TYPE":"River","OFFICIAL_NAME_LABEL":null,"PERMANENCY":"Permanent"}},{"type":"Feature","geometry":{"type":"Polygon","coordinates":[[[-136.829064,59.890019],[-136.829066,59.889988],[-136.829058,59.889836],[-136.828996,59.889693],[-136.828952,59.889505],[-136.828961,59.889362],[-136.829041,59.889189],[-136.829104,59.889045],[-136.829204,59.888917],[-136.829322,59.888782],[-136.829367,59.888647],[-136.829386,59.88834],[-136.829417,59.888205],[-136.829479,59.88807],[-136.829561,59.887916],[-136.829552,59.887764],[-136.829561,59.887593],[-136.829607,59.887466],[-136.829689,59.887312],[-136.829699,59.887183],[-136.829856,59.887288],[-136.829973,59.887366],[-136.829959,59.887362],[-136.829799,59.887373],[-136.829747,59.887392],[-136.829694,59.88742],[-136.829645,59.887502],[-136.829635,59.887664],[-136.829645,59.887843],[-136.829637,59.887977],[-136.829589,59.888131],[-136.829527,59.888266],[-136.829498,59.88841],[-136.829542,59.888554],[-136.829657,59.888696],[-136.829647,59.888857],[-136.829495,59.889013],[-136.829326,59.889176],[-136.829209,59.889322],[-136.829216,59.889466],[-136.829314,59.889626],[-136.829414,59.889804],[-136.82951,59.889911],[-136.829512,59.889912],[-136.829299,59.889963],[-136.829064,59.890019]]]},"properties":{"WATERBODY_TYPE":"River","OFFICIAL_NAME_LABEL":null,"PERMANENCY":"Permanent"}},{"type":"Feature","geometry":{"type":"Polygon","coordinates":[[[-136.628946,59.998257],[-136.628701,59.998191],[-136.628357,59.99815],[-136.628052,59.998108],[-136.627763,59.99805],[-136.62742,59.998019],[-136.627115,59.99804],[-136.62685,59.998106],[-136.626585,59.998173],[-136.626317,59.998238],[-136.625979,59.998288],[-136.625711,59.998264],[-136.625461,59.998285],[-136.625441,59.998285],[-136.625441,59.998287],[-136.625205,59.998138],[-136.625205,59.998137],[-136.625162,59.997921],[-136.625334,59.997936],[-136.625406,59.998007],[-136.625469,59.998069],[-136.625451,59.998079],[-136.625451,59.998106],[-136.625509,59.998177],[-136.625564,59.998202],[-136.625868,59.998198],[-136.626169,59.99815],[-136.626418,59.998066],[-136.62645,59.998012],[-136.626445,59.998011],[-136.626483,59.997985],[-136.626525,59.997958],[-136.626788,59.997955],[-136.62711,59.997915],[-136.627394,59.997883],[-136.627664,59.997908],[-136.627973,59.997958],[-136.628243,59.998017],[-136.62864,59.998074],[-136.628948,59.998116],[-136.629214,59.998139],[-136.629059,59.998207],[-136.628946,59.998257]]]},"properties":{"WATERBODY_TYPE":"River","OFFICIAL_NAME_LABEL":null,"PERMANENCY":"Permanent"}},{"type":"Feature","geometry":{"type":"Polygon","coordinates":[[[-136.835271,59.927076],[-136.83521,59.927042],[-136.83529,59.926978],[-136.835322,59.926942],[-136.835315,59.92678],[-136.835236,59.926637],[-136.835105,59.926523],[-136.834915,59.926355],[-136.83489,59.926193],[-136.834827,59.926059],[-136.834757,59.926043],[-136.835016,59.925943],[-136.835333,59.92582],[-136.835375,59.925908],[-136.835436,59.926042],[-136.835443,59.926186],[-136.835437,59.926392],[-136.835462,59.926518],[-136.835506,59.926679],[-136.835532,59.926831],[-136.835575,59.926983],[-136.835621,59.927136],[-136.835646,59.927282],[-136.835271,59.927076]]]},"properties":{"WATERBODY_TYPE":"River","OFFICIAL_NAME_LABEL":null,"PERMANENCY":"Permanent"}},{"type":"Feature","geometry":{"type":"Polygon","coordinates":[[[-136.829013,59.932802],[-136.828986,59.932716],[-136.828905,59.932536],[-136.828788,59.932404],[-136.82869,59.932243],[-136.828645,59.932082],[-136.828638,59.931938],[-136.828667,59.931794],[-136.828785,59.931659],[-136.828919,59.931512],[-136.829056,59.931386],[-136.8293,59.931275],[-136.829526,59.931181],[-136.829657,59.931107],[-136.829725,59.931195],[-136.829782,59.931267],[-136.829482,59.931343],[-136.829221,59.931455],[-136.829048,59.931565],[-136.828964,59.9317],[-136.828975,59.931871],[-136.828983,59.932032],[-136.829049,59.932256],[-136.82911,59.93239],[-136.829211,59.932569],[-136.829224,59.932573],[-136.829157,59.932645],[-136.829013,59.932802]]]},"properties":{"WATERBODY_TYPE":"River","OFFICIAL_NAME_LABEL":null,"PERMANENCY":"Permanent"}},{"type":"Feature","geometry":{"type":"Polygon","coordinates":[[[-136.835673,59.920192],[-136.835651,59.92012],[-136.835664,59.920129],[-136.835735,59.920129],[-136.835927,59.920036],[-136.836062,59.919917],[-136.836162,59.919771],[-136.836225,59.919627],[-136.83629,59.919474],[-136.836281,59.919321],[-136.836254,59.91916],[-136.836209,59.919016],[-136.836129,59.918865],[-136.836068,59.918723],[-136.83595,59.918545],[-136.835818,59.918403],[-136.835763,59.918394],[-136.835824,59.918312],[-136.835945,59.918153],[-136.836008,59.918247],[-136.836104,59.918398],[-136.8362,59.918524],[-136.836262,59.918666],[-136.836287,59.918809],[-136.83633,59.918944],[-136.836392,59.919086],[-136.836438,59.919239],[-136.836427,59.919391],[-136.836418,59.919543],[-136.836391,59.919679],[-136.836326,59.919833],[-136.836243,59.919959],[-136.836054,59.920097],[-136.835702,59.920284],[-136.835673,59.920192]]]},"properties":{"WATERBODY_TYPE":"River","OFFICIAL_NAME_LABEL":null,"PERMANENCY":"Permanent"}},{"type":"Feature","geometry":{"type":"Polygon","coordinates":[[[-136.661494,59.992439],[-136.661601,59.992429],[-136.661727,59.99239],[-136.661899,59.992289],[-136.662239,59.992232],[-136.662484,59.992148],[-136.662692,59.992055],[-136.662925,59.992112],[-136.663188,59.992177],[-136.663132,59.992202],[-136.662816,59.992315],[-136.662478,59.992409],[-136.662198,59.992484],[-136.661986,59.992567],[-136.661739,59.992659],[-136.661533,59.992734],[-136.66151,59.992567],[-136.661494,59.992439]]]},"properties":{"WATERBODY_TYPE":"River","OFFICIAL_NAME_LABEL":null,"PERMANENCY":"Permanent"}},{"type":"Feature","geometry":{"type":"Polygon","coordinates":[[[-136.71582,59.978631],[-136.715767,59.978641],[-136.715552,59.978652],[-136.715248,59.978675],[-136.714964,59.978724],[-136.714658,59.978718],[-136.714587,59.978719],[-136.714334,59.978678],[-136.714027,59.978591],[-136.713959,59.978569],[-136.714151,59.978487],[-136.714304,59.978421],[-136.714304,59.978426],[-136.714454,59.978568],[-136.714546,59.978603],[-136.714798,59.978635],[-136.714958,59.978597],[-136.715187,59.978514],[-136.715413,59.978395],[-136.71553,59.978249],[-136.715529,59.978204],[-136.715696,59.978232],[-136.715905,59.978268],[-136.715715,59.978355],[-136.715701,59.978426],[-136.715836,59.978585],[-136.71582,59.978631]]]},"properties":{"WATERBODY_TYPE":"River","OFFICIAL_NAME_LABEL":null,"PERMANENCY":"Permanent"}},{"type":"Feature","geometry":{"type":"Polygon","coordinates":[[[-136.783665,59.981401],[-136.783564,59.98138],[-136.783311,59.981338],[-136.783006,59.981316],[-136.7827,59.98131],[-136.782396,59.981314],[-136.782072,59.981291],[-136.7818,59.981242],[-136.781529,59.981173],[-136.781273,59.981088],[-136.780946,59.981029],[-136.780754,59.981015],[-136.780856,59.980938],[-136.780928,59.980884],[-136.780959,59.980911],[-136.78107,59.980955],[-136.781413,59.981005],[-136.781702,59.981064],[-136.781881,59.981079],[-136.782086,59.981185],[-136.782373,59.981224],[-136.782698,59.981247],[-136.783022,59.98127],[-136.783345,59.981301],[-136.783598,59.981334],[-136.78362,59.98133],[-136.783637,59.981357],[-136.783665,59.981401]]]},"properties":{"WATERBODY_TYPE":"River","OFFICIAL_NAME_LABEL":null,"PERMANENCY":"Permanent"}}]}