{"type":"FeatureCollection","features":[{"type":"Feature","geometry":{"type":"MultiPolygon","coordinates":[[[[-80.768578,48.218831],[-80.768753,48.218426],[-80.768753,48.218224],[-80.768602,48.217886],[-80.768429,48.217616],[-80.768323,48.217341],[-80.768669,48.217769],[-80.768927,48.218378],[-80.768934,48.218595],[-80.768889,48.218841],[-80.768837,48.218966],[-80.768554,48.218966],[-80.768578,48.218831]]],[[[-80.76755,48.216913],[-80.76735,48.216851],[-80.76705,48.21691],[-80.76655,48.217194],[-80.76585,48.217376],[-80.76555,48.217377],[-80.76505,48.217336],[-80.764869,48.217279],[-80.764746,48.217199],[-80.765198,48.217324],[-80.765469,48.217367],[-80.765829,48.217339],[-80.766501,48.21717],[-80.766771,48.216957],[-80.766887,48.216784],[-80.767323,48.216695],[-80.767573,48.216792],[-80.767652,48.216846],[-80.767776,48.217008],[-80.768142,48.217179],[-80.76775,48.217064],[-80.76755,48.216913]]],[[[-80.763271,48.216469],[-80.763206,48.216334],[-80.763187,48.215827],[-80.763303,48.21611],[-80.763277,48.216323],[-80.763322,48.216451],[-80.763622,48.216667],[-80.764029,48.216774],[-80.764285,48.216978],[-80.76375,48.21679],[-80.763271,48.216469]]],[[[-80.763432,48.214916],[-80.763432,48.214714],[-80.76335,48.214574],[-80.76315,48.21446],[-80.762621,48.214417],[-80.762638,48.214399],[-80.762809,48.214353],[-80.763119,48.214371],[-80.763389,48.214492],[-80.763607,48.214637],[-80.763622,48.214851],[-80.763598,48.214932],[-80.763306,48.215322],[-80.763322,48.215453],[-80.763297,48.21558],[-80.763187,48.215776],[-80.763205,48.215321],[-80.763432,48.214916]]],[[[-80.762115,48.213769],[-80.762288,48.213566],[-80.76298,48.213094],[-80.763336,48.212621],[-80.763362,48.212419],[-80.76345,48.212253],[-80.763602,48.212149],[-80.76405,48.212],[-80.76425,48.211975],[-80.76455,48.211975],[-80.76505,48.212073],[-80.76585,48.212104],[-80.765997,48.212149],[-80.76625,48.212292],[-80.766797,48.212419],[-80.76705,48.212562],[-80.767596,48.212689],[-80.76825,48.213102],[-80.76865,48.213155],[-80.76895,48.213094],[-80.76905,48.212984],[-80.769192,48.212689],[-80.769175,48.212554],[-80.76896,48.212081],[-80.768962,48.211879],[-80.76905,48.211713],[-80.76925,48.211591],[-80.76975,48.211482],[-80.770063,48.211271],[-80.770131,48.211136],[-80.770162,48.210799],[-80.770225,48.210664],[-80.77035,48.210552],[-80.770616,48.210394],[-80.770648,48.210326],[-80.770643,48.210259],[-80.770588,48.210191],[-80.770422,48.210123],[-80.770527,48.210034],[-80.770589,48.210027],[-80.770801,48.210099],[-80.770882,48.210199],[-80.770926,48.210328],[-80.771042,48.210453],[-80.771255,48.210439],[-80.771297,48.210315],[-80.771181,48.210064],[-80.771149,48.209783],[-80.770923,48.209354],[-80.770832,48.209076],[-80.770609,48.208755],[-80.770436,48.208568],[-80.770019,48.208258],[-80.769879,48.208062],[-80.769898,48.207898],[-80.769941,48.207827],[-80.770178,48.207654],[-80.77048,48.20752],[-80.770816,48.207263],[-80.770934,48.207085],[-80.771043,48.206988],[-80.771042,48.206933],[-80.770917,48.206849],[-80.770889,48.206795],[-80.770957,48.206472],[-80.771138,48.206288],[-80.771534,48.206135],[-80.771669,48.206115],[-80.771802,48.206127],[-80.771792,48.206209],[-80.77185,48.206246],[-80.772393,48.205939],[-80.77295,48.205812],[-80.773203,48.205669],[-80.773656,48.205534],[-80.773913,48.205061],[-80.77416,48.204791],[-80.774313,48.204521],[-80.774909,48.203914],[-80.775038,48.203509],[-80.77485,48.203262],[-80.774816,48.203171],[-80.774806,48.202901],[-80.774896,48.202699],[-80.774896,48.202631],[-80.774726,48.202226],[-80.77465,48.202125],[-80.77445,48.20204],[-80.77415,48.202002],[-80.77375,48.202008],[-80.773491,48.202055],[-80.773858,48.201951],[-80.77413,48.201922],[-80.774688,48.202023],[-80.774872,48.202153],[-80.774976,48.202362],[-80.775029,48.202633],[-80.775013,48.202725],[-80.77504,48.202835],[-80.774981,48.202969],[-80.774988,48.203258],[-80.775155,48.203704],[-80.775145,48.203883],[-80.775053,48.204126],[-80.77492,48.204242],[-80.774596,48.204341],[-80.774483,48.204455],[-80.774323,48.204835],[-80.774045,48.205191],[-80.77396,48.205473],[-80.773824,48.205623],[-80.773614,48.205764],[-80.773266,48.205841],[-80.772927,48.205959],[-80.772543,48.206178],[-80.772295,48.206253],[-80.77206,48.206378],[-80.771935,48.206517],[-80.771983,48.206726],[-80.771816,48.206913],[-80.771744,48.207093],[-80.771635,48.207181],[-80.771595,48.207261],[-80.771475,48.207317],[-80.771372,48.207464],[-80.771154,48.207628],[-80.770986,48.207854],[-80.770993,48.207921],[-80.770904,48.207761],[-80.771143,48.207289],[-80.77105,48.20726],[-80.77095,48.207314],[-80.77075,48.207561],[-80.77035,48.207818],[-80.770291,48.207896],[-80.770259,48.208031],[-80.770291,48.208234],[-80.77035,48.208312],[-80.770993,48.208774],[-80.771042,48.208909],[-80.771091,48.209314],[-80.77138,48.209584],[-80.771516,48.209921],[-80.771624,48.210056],[-80.77175,48.210086],[-80.772062,48.209921],[-80.772144,48.209719],[-80.772136,48.209449],[-80.77195,48.20923],[-80.771652,48.208976],[-80.771473,48.208639],[-80.77125,48.208482],[-80.771023,48.207967],[-80.771046,48.207956],[-80.771193,48.208076],[-80.771208,48.208267],[-80.771331,48.208309],[-80.771466,48.208419],[-80.771502,48.208487],[-80.771465,48.208578],[-80.771533,48.208694],[-80.771595,48.208752],[-80.771717,48.20877],[-80.771754,48.208944],[-80.771819,48.208995],[-80.771917,48.209194],[-80.772301,48.209467],[-80.772432,48.209778],[-80.772311,48.209957],[-80.772181,48.210028],[-80.772152,48.210128],[-80.771971,48.210262],[-80.771677,48.210329],[-80.771489,48.210312],[-80.771417,48.210338],[-80.771372,48.210396],[-80.771346,48.210554],[-80.771198,48.210673],[-80.771038,48.21071],[-80.770724,48.210675],[-80.77054,48.210575],[-80.7703,48.21061],[-80.770373,48.210856],[-80.770273,48.210943],[-80.770279,48.211007],[-80.770375,48.211143],[-80.770567,48.211277],[-80.770664,48.211393],[-80.770668,48.211455],[-80.770542,48.211534],[-80.770235,48.211528],[-80.770027,48.211559],[-80.769677,48.211692],[-80.769375,48.211743],[-80.769208,48.211823],[-80.769071,48.211945],[-80.769001,48.212111],[-80.769115,48.212297],[-80.769118,48.212384],[-80.769277,48.212588],[-80.769368,48.212866],[-80.769343,48.213025],[-80.769217,48.213188],[-80.768962,48.213379],[-80.768655,48.213504],[-80.767627,48.212955],[-80.767305,48.21283],[-80.766501,48.212618],[-80.765827,48.212263],[-80.765703,48.212243],[-80.765526,48.21229],[-80.765313,48.212267],[-80.764837,48.212067],[-80.764619,48.212062],[-80.764399,48.212],[-80.764193,48.211992],[-80.763979,48.212091],[-80.763649,48.212427],[-80.763608,48.212576],[-80.763499,48.212646],[-80.763437,48.212757],[-80.763324,48.212867],[-80.763111,48.213208],[-80.762303,48.213674],[-80.762189,48.213859],[-80.762112,48.214127],[-80.762025,48.214241],[-80.762006,48.213971],[-80.762115,48.213769]],[[-80.771148,48.206546],[-80.771146,48.206614],[-80.77125,48.206749],[-80.77135,48.2068],[-80.77145,48.2068],[-80.771624,48.206681],[-80.771654,48.206614],[-80.771647,48.206479],[-80.77155,48.206419],[-80.77135,48.206427],[-80.771199,48.206479],[-80.771148,48.206546]]],[[[-80.768752,48.210099],[-80.768885,48.209959],[-80.769055,48.209964],[-80.769261,48.209828],[-80.769368,48.209814],[-80.769498,48.209883],[-80.76905,48.210078],[-80.768752,48.210099]]],[[[-80.76735,48.209889],[-80.76695,48.209779],[-80.76677,48.209662],[-80.767137,48.209716],[-80.767308,48.209783],[-80.767447,48.209903],[-80.767658,48.210003],[-80.767836,48.210013],[-80.767984,48.210074],[-80.768297,48.210069],[-80.768414,48.210099],[-80.76775,48.210078],[-80.76735,48.209889]]],[[[-80.76425,48.209264],[-80.76415,48.209237],[-80.76385,48.209063],[-80.76371,48.20908],[-80.763792,48.209036],[-80.764416,48.209242],[-80.765234,48.209288],[-80.765895,48.209434],[-80.766135,48.209544],[-80.76515,48.209311],[-80.76425,48.209264]]],[[[-80.762869,48.20916],[-80.762963,48.209151],[-80.76335,48.209223],[-80.76305,48.209221],[-80.762869,48.20916]]],[[[-80.762444,48.208841],[-80.762478,48.208706],[-80.76265,48.20847],[-80.762863,48.208301],[-80.762929,48.208166],[-80.762905,48.208031],[-80.762805,48.207829],[-80.762736,48.207379],[-80.762991,48.207607],[-80.762974,48.207803],[-80.763112,48.208157],[-80.763112,48.208396],[-80.763086,48.208474],[-80.763019,48.208529],[-80.762686,48.208629],[-80.762561,48.208719],[-80.762527,48.208826],[-80.762568,48.208976],[-80.762479,48.208909],[-80.762444,48.208841]]],[[[-80.762431,48.206884],[-80.76265,48.20658],[-80.762909,48.206344],[-80.763173,48.205669],[-80.763173,48.205331],[-80.76296,48.204791],[-80.76295,48.204386],[-80.762805,48.204049],[-80.762783,48.203509],[-80.762728,48.203306],[-80.76258,48.203036],[-80.76225,48.202799],[-80.76205,48.202538],[-80.761802,48.201956],[-80.761629,48.201686],[-80.761588,48.201484],[-80.761618,48.201281],[-80.761812,48.201079],[-80.761872,48.200944],[-80.761857,48.200741],[-80.761754,48.200404],[-80.76176,48.200269],[-80.761837,48.200066],[-80.761931,48.199931],[-80.76205,48.199839],[-80.76265,48.199609],[-80.76275,48.199491],[-80.76295,48.199054],[-80.762936,48.198379],[-80.762701,48.198109],[-80.76245,48.19789],[-80.76225,48.197529],[-80.762312,48.197554],[-80.762386,48.197642],[-80.762542,48.19771],[-80.762622,48.19787],[-80.762882,48.198073],[-80.762912,48.198162],[-80.763048,48.198343],[-80.763078,48.198557],[-80.763134,48.198638],[-80.763094,48.198845],[-80.762992,48.198973],[-80.763009,48.19914],[-80.762956,48.199405],[-80.762797,48.199689],[-80.762716,48.199731],[-80.762566,48.199708],[-80.762415,48.199743],[-80.762131,48.19989],[-80.762135,48.200115],[-80.762065,48.200163],[-80.761986,48.200368],[-80.762002,48.200438],[-80.762122,48.200592],[-80.762058,48.200833],[-80.761948,48.20097],[-80.761959,48.201086],[-80.761711,48.201372],[-80.761648,48.20161],[-80.76172,48.201779],[-80.761876,48.201917],[-80.761892,48.202058],[-80.76226,48.202609],[-80.762408,48.202753],[-80.762552,48.202831],[-80.762628,48.20295],[-80.762639,48.203048],[-80.762695,48.203104],[-80.762706,48.203195],[-80.762841,48.20324],[-80.762788,48.203338],[-80.762882,48.203374],[-80.762918,48.20349],[-80.762896,48.20389],[-80.763029,48.204142],[-80.76308,48.204449],[-80.763058,48.204526],[-80.763185,48.204727],[-80.763245,48.204928],[-80.763238,48.20572],[-80.763323,48.20589],[-80.763257,48.206143],[-80.763282,48.206302],[-80.762917,48.206716],[-80.76273,48.20679],[-80.762579,48.206989],[-80.76255,48.207165],[-80.762425,48.207019],[-80.762431,48.206884]]],[[[-80.76176,48.196961],[-80.761736,48.196489],[-80.761501,48.196219],[-80.76125,48.196],[-80.760978,48.195409],[-80.760962,48.195139],[-80.761166,48.194801],[-80.761069,48.194599],[-80.760975,48.194507],[-80.761255,48.194634],[-80.761863,48.194711],[-80.761769,48.19486],[-80.761317,48.195086],[-80.761255,48.195147],[-80.761247,48.195364],[-80.76139,48.195597],[-80.761355,48.195695],[-80.761375,48.195778],[-80.761303,48.195852],[-80.761344,48.19593],[-80.761493,48.196051],[-80.76151,48.196157],[-80.761641,48.196154],[-80.761679,48.196262],[-80.761769,48.196352],[-80.761805,48.196441],[-80.761919,48.196516],[-80.761913,48.196618],[-80.762019,48.196842],[-80.762021,48.196984],[-80.761967,48.197212],[-80.76215,48.197456],[-80.761875,48.197231],[-80.76176,48.196961]]],[[[-80.76056,48.193991],[-80.760562,48.193249],[-80.76065,48.193082],[-80.760909,48.192844],[-80.761033,48.192506],[-80.761051,48.192371],[-80.760896,48.191831],[-80.760425,48.191359],[-80.760415,48.191291],[-80.760496,48.191021],[-80.760405,48.190819],[-80.760389,48.190616],[-80.760419,48.190481],[-80.760466,48.190414],[-80.760546,48.190346],[-80.760894,48.190211],[-80.760979,48.190144],[-80.761055,48.190009],[-80.76107,48.189739],[-80.761002,48.189536],[-80.760805,48.189199],[-80.760773,48.188861],[-80.760728,48.188726],[-80.760411,48.188119],[-80.76043,48.187984],[-80.760602,48.187714],[-80.760638,48.187579],[-80.760418,48.187309],[-80.760328,48.186836],[-80.76016,48.186499],[-80.75987,48.186161],[-80.759778,48.185959],[-80.759736,48.185689],[-80.759696,48.185621],[-80.759146,48.185081],[-80.758987,48.184991],[-80.759072,48.184993],[-80.759285,48.185076],[-80.759425,48.185215],[-80.759603,48.185333],[-80.759619,48.185393],[-80.759743,48.185494],[-80.759888,48.185753],[-80.7599,48.185834],[-80.760018,48.185894],[-80.760001,48.18597],[-80.760097,48.186042],[-80.760165,48.186216],[-80.760168,48.186307],[-80.760239,48.186387],[-80.76022,48.186471],[-80.760251,48.18656],[-80.760312,48.186662],[-80.76048,48.186816],[-80.760585,48.187018],[-80.760535,48.187156],[-80.760567,48.187306],[-80.760663,48.187424],[-80.760726,48.187607],[-80.76066,48.187703],[-80.760717,48.187764],[-80.760442,48.187975],[-80.760433,48.188024],[-80.760517,48.188212],[-80.760682,48.188442],[-80.760702,48.188541],[-80.760817,48.188625],[-80.760885,48.188737],[-80.760939,48.189],[-80.760922,48.189285],[-80.76101,48.189479],[-80.761186,48.18975],[-80.761286,48.189814],[-80.761088,48.190129],[-80.761162,48.190255],[-80.761125,48.190368],[-80.761073,48.190422],[-80.760972,48.190478],[-80.76082,48.190483],[-80.760559,48.19038],[-80.760477,48.190413],[-80.760437,48.190473],[-80.760574,48.190773],[-80.760585,48.190998],[-80.76065,48.191105],[-80.760566,48.191249],[-80.760584,48.191392],[-80.760695,48.191537],[-80.76086,48.191651],[-80.761067,48.191946],[-80.761115,48.192081],[-80.761196,48.192139],[-80.761329,48.19234],[-80.761295,48.192386],[-80.761315,48.192456],[-80.761289,48.192526],[-80.761345,48.192632],[-80.761308,48.192752],[-80.761112,48.192927],[-80.760952,48.192989],[-80.760727,48.193411],[-80.760734,48.193636],[-80.760773,48.193764],[-80.760827,48.193822],[-80.760745,48.193902],[-80.760823,48.19397],[-80.760747,48.194043],[-80.76075,48.194222],[-80.760803,48.194389],[-80.760637,48.194194],[-80.76056,48.193991]]],[[[-80.758275,48.184541],[-80.758178,48.184339],[-80.758138,48.184069],[-80.757887,48.183529],[-80.757475,48.183191],[-80.757378,48.182989],[-80.757336,48.182719],[-80.757296,48.182651],[-80.756814,48.182179],[-80.75656,48.181571],[-80.75656,48.181369],[-80.75665,48.181026],[-80.756602,48.180896],[-80.756429,48.180626],[-80.756332,48.180366],[-80.756547,48.180599],[-80.756573,48.18067],[-80.756707,48.180737],[-80.756848,48.180943],[-80.756779,48.180996],[-80.756743,48.181078],[-80.756767,48.181344],[-80.756703,48.181671],[-80.756761,48.181917],[-80.756833,48.182042],[-80.756957,48.182122],[-80.75703,48.182245],[-80.757229,48.182423],[-80.757224,48.182527],[-80.757339,48.182572],[-80.757423,48.182686],[-80.757506,48.182984],[-80.757647,48.183152],[-80.757972,48.183447],[-80.758071,48.183569],[-80.758075,48.183635],[-80.758179,48.1837],[-80.758214,48.183992],[-80.758187,48.184081],[-80.758216,48.184162],[-80.758194,48.184251],[-80.758315,48.184476],[-80.758511,48.184687],[-80.758745,48.184813],[-80.758916,48.184963],[-80.75845,48.184702],[-80.758275,48.184541]]],[[[-80.755999,48.179546],[-80.756006,48.179411],[-80.756096,48.179209],[-80.756015,48.178939],[-80.756025,48.178871],[-80.756197,48.17869],[-80.756207,48.179273],[-80.756111,48.179411],[-80.756116,48.179529],[-80.756199,48.179682],[-80.756177,48.179752],[-80.756277,48.179872],[-80.756279,48.180248],[-80.75605,48.179828],[-80.755999,48.179546]]],[[[-80.75655,48.178264],[-80.75656,48.177859],[-80.75667,48.177521],[-80.756657,48.177319],[-80.756607,48.177251],[-80.756064,48.176846],[-80.755996,48.176711],[-80.75598,48.17649],[-80.756187,48.176849],[-80.756318,48.1769],[-80.756376,48.176999],[-80.756486,48.177047],[-80.756684,48.17731],[-80.756749,48.177349],[-80.756758,48.177428],[-80.756838,48.177513],[-80.756795,48.177604],[-80.756821,48.177681],[-80.756786,48.177791],[-80.756866,48.178061],[-80.756842,48.178146],[-80.75668,48.178401],[-80.756414,48.178486],[-80.756536,48.178331],[-80.75655,48.178264]]],[[[-80.755595,48.175901],[-80.755572,48.175091],[-80.755375,48.174619],[-80.755354,48.174416],[-80.755384,48.174281],[-80.75545,48.174183],[-80.75575,48.173976],[-80.756136,48.173471],[-80.756136,48.172729],[-80.755901,48.172459],[-80.755529,48.172189],[-80.755372,48.171986],[-80.755283,48.171919],[-80.75505,48.171856],[-80.75485,48.171878],[-80.75475,48.171919],[-80.754693,48.171986],[-80.754595,48.172526],[-80.754487,48.172729],[-80.754264,48.172999],[-80.754238,48.173471],[-80.754176,48.173606],[-80.754062,48.173741],[-80.754062,48.173809],[-80.754218,48.174011],[-80.754291,48.174214],[-80.75455,48.174448],[-80.754639,48.174619],[-80.754646,48.175834],[-80.754622,48.175969],[-80.75453,48.176171],[-80.754264,48.176509],[-80.754216,48.176779],[-80.75415,48.176878],[-80.753891,48.177116],[-80.753859,48.177319],[-80.753937,48.177521],[-80.75415,48.177692],[-80.754216,48.177791],[-80.754246,48.177926],[-80.754269,48.179006],[-80.754337,48.179141],[-80.754576,48.179344],[-80.754638,48.179479],[-80.754646,48.179614],[-80.754576,48.179816],[-80.754337,48.180019],[-80.754259,48.180221],[-80.754291,48.180424],[-80.754574,48.180694],[-80.754606,48.180829],[-80.75455,48.180927],[-80.754291,48.181166],[-80.754216,48.181639],[-80.754054,48.181841],[-80.754034,48.181909],[-80.754222,48.182381],[-80.754291,48.182854],[-80.754576,48.183124],[-80.754737,48.183461],[-80.754976,48.183664],[-80.755046,48.183866],[-80.75504,48.185081],[-80.75475,48.185798],[-80.754462,48.186161],[-80.754462,48.186229],[-80.754576,48.186364],[-80.754638,48.186499],[-80.754669,48.187916],[-80.754737,48.188051],[-80.754976,48.188254],[-80.755144,48.188524],[-80.75565,48.188685],[-80.755775,48.188794],[-80.755838,48.188929],[-80.75584,48.189671],[-80.75573,48.189941],[-80.755464,48.190279],[-80.755469,48.190886],[-80.755537,48.191021],[-80.75615,48.191463],[-80.756238,48.191629],[-80.756216,48.191899],[-80.75615,48.191998],[-80.755937,48.192169],[-80.755869,48.192304],[-80.755848,48.192506],[-80.755869,48.192776],[-80.755937,48.192911],[-80.75615,48.193082],[-80.756216,48.193181],[-80.756246,48.193316],[-80.756256,48.193789],[-80.756291,48.193924],[-80.756337,48.193991],[-80.75665,48.194233],[-80.756911,48.194396],[-80.757016,48.194531],[-80.757046,48.194666],[-80.757038,48.195071],[-80.756976,48.195206],[-80.756862,48.195341],[-80.756862,48.195409],[-80.756976,48.195544],[-80.757038,48.195679],[-80.757069,48.197096],[-80.757137,48.197231],[-80.75735,48.197402],[-80.757416,48.197501],[-80.757491,48.197974],[-80.75775,48.198212],[-80.757838,48.198379],[-80.757838,48.199661],[-80.757776,48.199796],[-80.757573,48.199999],[-80.757545,48.200066],[-80.757573,48.200201],[-80.75775,48.200372],[-80.757809,48.200471],[-80.757794,48.200606],[-80.757687,48.200809],[-80.757311,48.201214],[-80.757198,48.201281],[-80.756818,48.201413],[-80.756936,48.201331],[-80.756992,48.201174],[-80.757082,48.201077],[-80.757315,48.200958],[-80.757433,48.20097],[-80.757484,48.20087],[-80.757435,48.200648],[-80.757477,48.200534],[-80.757263,48.200267],[-80.757234,48.200141],[-80.757597,48.199674],[-80.757761,48.199378],[-80.757729,48.199301],[-80.757721,48.199084],[-80.7578,48.198842],[-80.757709,48.198709],[-80.757573,48.198608],[-80.757576,48.19853],[-80.757387,48.198038],[-80.757398,48.197715],[-80.757263,48.197601],[-80.757161,48.197399],[-80.756857,48.197192],[-80.756839,48.197114],[-80.756774,48.197063],[-80.756727,48.196967],[-80.756722,48.196847],[-80.756838,48.196651],[-80.756984,48.196505],[-80.757016,48.196353],[-80.75696,48.196143],[-80.756867,48.195958],[-80.756877,48.195875],[-80.756833,48.195696],[-80.756584,48.19537],[-80.75667,48.19521],[-80.756706,48.195062],[-80.756813,48.194907],[-80.756839,48.19466],[-80.756567,48.194367],[-80.756305,48.194213],[-80.75611,48.194014],[-80.756076,48.193793],[-80.756139,48.193454],[-80.756092,48.193305],[-80.75578,48.192985],[-80.755698,48.192845],[-80.755667,48.192727],[-80.755733,48.192469],[-80.755639,48.192175],[-80.7557,48.192051],[-80.755867,48.191918],[-80.755891,48.191727],[-80.755826,48.191625],[-80.755771,48.191436],[-80.755625,48.191328],[-80.755582,48.19125],[-80.755462,48.191224],[-80.755329,48.191269],[-80.755187,48.191172],[-80.755092,48.190509],[-80.75525,48.190244],[-80.755646,48.189894],[-80.755638,48.189755],[-80.755674,48.189625],[-80.755652,48.189492],[-80.755735,48.189289],[-80.755719,48.189203],[-80.755561,48.188983],[-80.755377,48.188881],[-80.755273,48.188784],[-80.754988,48.188661],[-80.754826,48.188477],[-80.75465,48.188386],[-80.754252,48.187864],[-80.754265,48.187823],[-80.75438,48.187776],[-80.754597,48.187553],[-80.754559,48.187185],[-80.75458,48.186852],[-80.754543,48.186649],[-80.754297,48.186433],[-80.754184,48.186278],[-80.754185,48.186213],[-80.754298,48.186032],[-80.754448,48.185898],[-80.754534,48.185736],[-80.754598,48.185688],[-80.754757,48.185221],[-80.754755,48.185084],[-80.754707,48.185027],[-80.754758,48.184946],[-80.754746,48.184837],[-80.754792,48.184701],[-80.754727,48.184505],[-80.754756,48.184447],[-80.754722,48.184248],[-80.754755,48.184147],[-80.754664,48.184071],[-80.754627,48.18379],[-80.754499,48.183561],[-80.754463,48.183275],[-80.754213,48.183164],[-80.754175,48.182927],[-80.75409,48.182888],[-80.753881,48.18261],[-80.753904,48.182298],[-80.75387,48.182156],[-80.753783,48.182062],[-80.753595,48.182006],[-80.753654,48.181781],[-80.753925,48.181503],[-80.754103,48.181226],[-80.754207,48.180991],[-80.754143,48.180178],[-80.754185,48.17997],[-80.754325,48.179651],[-80.754206,48.179426],[-80.754068,48.178997],[-80.754108,48.178766],[-80.754114,48.178363],[-80.753923,48.178075],[-80.753867,48.177934],[-80.753843,48.177721],[-80.753569,48.177249],[-80.753575,48.177129],[-80.75364,48.177038],[-80.753955,48.176761],[-80.754079,48.176544],[-80.754088,48.176436],[-80.754185,48.176224],[-80.754314,48.176122],[-80.754605,48.175725],[-80.754438,48.175609],[-80.754402,48.175543],[-80.754417,48.175443],[-80.75439,48.175376],[-80.754437,48.175212],[-80.754417,48.175114],[-80.754477,48.175025],[-80.754434,48.17487],[-80.754492,48.174852],[-80.754441,48.174797],[-80.754448,48.174732],[-80.754143,48.17443],[-80.754049,48.174392],[-80.754011,48.174316],[-80.753897,48.174241],[-80.753749,48.173942],[-80.753766,48.173841],[-80.753719,48.173776],[-80.753761,48.173714],[-80.753741,48.173656],[-80.753816,48.173381],[-80.753873,48.173309],[-80.753859,48.173176],[-80.753951,48.173068],[-80.754064,48.172833],[-80.754213,48.17272],[-80.754173,48.172641],[-80.754241,48.172533],[-80.754257,48.172437],[-80.754372,48.172308],[-80.754389,48.17222],[-80.754487,48.17209],[-80.754501,48.171976],[-80.754638,48.171786],[-80.754855,48.17171],[-80.755033,48.171741],[-80.755176,48.171853],[-80.755359,48.171828],[-80.755432,48.17185],[-80.755661,48.172077],[-80.755717,48.172207],[-80.755861,48.172399],[-80.756007,48.1725],[-80.756271,48.172569],[-80.756225,48.172894],[-80.756236,48.172976],[-80.75633,48.173111],[-80.756331,48.173276],[-80.756393,48.173421],[-80.756374,48.173534],[-80.756259,48.173647],[-80.756249,48.173733],[-80.756158,48.173807],[-80.756159,48.173913],[-80.756067,48.173955],[-80.75605,48.174051],[-80.755917,48.174215],[-80.755658,48.174328],[-80.755578,48.174592],[-80.755672,48.174818],[-80.755634,48.174912],[-80.755733,48.175206],[-80.755736,48.175363],[-80.75578,48.175406],[-80.755779,48.175491],[-80.755719,48.175532],[-80.755804,48.175614],[-80.755767,48.17573],[-80.755802,48.175805],[-80.755764,48.175875],[-80.755827,48.176016],[-80.75585,48.176198],[-80.755664,48.176036],[-80.755595,48.175901]]],[[[-80.756337,48.20135],[-80.756731,48.201431],[-80.756484,48.201416],[-80.756337,48.20135]]],[[[-80.755816,48.201004],[-80.75585,48.201027],[-80.755911,48.201072],[-80.755816,48.201004]]],[[[-80.755087,48.199999],[-80.754951,48.199887],[-80.755105,48.199839],[-80.755178,48.19992],[-80.755252,48.199938],[-80.755347,48.200209],[-80.755503,48.200319],[-80.755496,48.200387],[-80.755563,48.200449],[-80.755561,48.200609],[-80.75552,48.200715],[-80.755606,48.200832],[-80.755599,48.200865],[-80.75525,48.200378],[-80.755087,48.199999]]],[[[-80.754194,48.199189],[-80.754226,48.199054],[-80.754508,48.198784],[-80.754523,48.198649],[-80.754405,48.198514],[-80.75415,48.198373],[-80.75345,48.198228],[-80.75265,48.198222],[-80.75225,48.198286],[-80.75195,48.198437],[-80.751663,48.198525],[-80.751806,48.198358],[-80.751977,48.198277],[-80.752315,48.198189],[-80.752965,48.198088],[-80.753571,48.198079],[-80.753859,48.198205],[-80.754217,48.198242],[-80.754345,48.198324],[-80.754392,48.198413],[-80.754383,48.198487],[-80.754603,48.198563],[-80.754694,48.198728],[-80.754706,48.198813],[-80.75458,48.199167],[-80.754615,48.19925],[-80.754598,48.199328],[-80.754651,48.199385],[-80.754648,48.199525],[-80.754614,48.199573],[-80.754289,48.199324],[-80.754194,48.199189]]],[[[-80.751145,48.199054],[-80.751173,48.199121],[-80.751376,48.199324],[-80.751438,48.199459],[-80.75145,48.199931],[-80.751491,48.200134],[-80.75175,48.200372],[-80.751816,48.200471],[-80.751891,48.200944],[-80.752176,48.201214],[-80.752246,48.201416],[-80.752222,48.201889],[-80.75213,48.202091],[-80.751904,48.202361],[-80.75185,48.202496],[-80.751864,48.203441],[-80.75213,48.203779],[-80.752337,48.204251],[-80.75295,48.204691],[-80.753287,48.205061],[-80.753413,48.205331],[-80.75335,48.205496],[-80.75305,48.205704],[-80.752869,48.205939],[-80.75275,48.206032],[-80.75235,48.206267],[-80.75185,48.206386],[-80.751567,48.206529],[-80.751598,48.206453],[-80.751581,48.206325],[-80.75163,48.206272],[-80.751778,48.206232],[-80.752182,48.206226],[-80.752364,48.206166],[-80.752651,48.205982],[-80.752856,48.205722],[-80.753115,48.205507],[-80.753171,48.205431],[-80.753198,48.205318],[-80.752844,48.204891],[-80.752768,48.204743],[-80.752474,48.204481],[-80.752403,48.20445],[-80.752287,48.20454],[-80.7522,48.204506],[-80.752163,48.204334],[-80.751992,48.204132],[-80.751943,48.203915],[-80.75186,48.203776],[-80.751706,48.203627],[-80.751607,48.203359],[-80.751586,48.203248],[-80.751639,48.203087],[-80.751608,48.202637],[-80.751694,48.20251],[-80.751755,48.202306],[-80.751846,48.202206],[-80.75186,48.20211],[-80.752059,48.201717],[-80.751924,48.201253],[-80.751688,48.200897],[-80.751518,48.200761],[-80.751333,48.200314],[-80.751297,48.200106],[-80.751234,48.199975],[-80.751257,48.199787],[-80.751237,48.199621],[-80.751084,48.199352],[-80.750997,48.199274],[-80.750912,48.199245],[-80.750864,48.199172],[-80.75088,48.198901],[-80.750959,48.198782],[-80.751247,48.198591],[-80.751379,48.19855],[-80.751527,48.198581],[-80.751173,48.198919],[-80.751145,48.199054]]],[[[-80.750488,48.206819],[-80.750619,48.206823],[-80.75075,48.20685],[-80.75065,48.206849],[-80.750488,48.206819]]],[[[-80.74925,48.20663],[-80.74904,48.206749],[-80.748862,48.206951],[-80.748862,48.207019],[-80.749016,48.207221],[-80.749062,48.207491],[-80.749189,48.207761],[-80.74917,48.207896],[-80.749062,48.208099],[-80.749047,48.208234],[-80.749061,48.208571],[-80.749158,48.208841],[-80.749051,48.208976],[-80.74875,48.2091],[-80.74864,48.209179],[-80.748462,48.209381],[-80.748462,48.209449],[-80.748616,48.209651],[-80.748691,48.210124],[-80.74905,48.210483],[-80.74915,48.21066],[-80.749148,48.210748],[-80.74905,48.210604],[-80.748786,48.210547],[-80.748357,48.210345],[-80.748358,48.210122],[-80.748315,48.209998],[-80.748332,48.209773],[-80.748066,48.209335],[-80.748239,48.20916],[-80.748514,48.208984],[-80.748812,48.209011],[-80.748952,48.208993],[-80.749029,48.208963],[-80.749092,48.208884],[-80.749016,48.208648],[-80.748717,48.20843],[-80.748621,48.208203],[-80.748629,48.208119],[-80.748692,48.208031],[-80.748815,48.207924],[-80.748997,48.20783],[-80.74905,48.207698],[-80.749042,48.207634],[-80.748929,48.207461],[-80.748678,48.207275],[-80.748548,48.207018],[-80.748643,48.206906],[-80.748677,48.206799],[-80.748913,48.206649],[-80.749268,48.206519],[-80.749388,48.206516],[-80.749505,48.206443],[-80.749734,48.206438],[-80.749836,48.206518],[-80.750035,48.206564],[-80.750118,48.206648],[-80.74965,48.20659],[-80.74925,48.20663]]],[[[-80.74795,48.211339],[-80.747892,48.211406],[-80.74785,48.211609],[-80.74784,48.212081],[-80.747649,48.21254],[-80.747589,48.212411],[-80.747471,48.212274],[-80.747778,48.212135],[-80.74767,48.212021],[-80.747577,48.211825],[-80.74759,48.211736],[-80.747746,48.211455],[-80.747747,48.211309],[-80.748051,48.211202],[-80.74835,48.211207],[-80.74805,48.211295],[-80.74795,48.211339]]],[[[-80.746614,48.213161],[-80.74657,48.213229],[-80.746609,48.213499],[-80.74655,48.213599],[-80.746373,48.213769],[-80.746345,48.213904],[-80.746442,48.214039],[-80.746634,48.214174],[-80.747196,48.214309],[-80.74731,48.214376],[-80.747416,48.214511],[-80.747446,48.214646],[-80.747446,48.215254],[-80.747349,48.215659],[-80.747491,48.216064],[-80.74775,48.216303],[-80.747809,48.216401],[-80.747763,48.216604],[-80.747588,48.216806],[-80.74705,48.217157],[-80.746411,48.217346],[-80.745721,48.217481],[-80.74555,48.217549],[-80.745492,48.217616],[-80.745396,48.217886],[-80.745287,48.218089],[-80.744691,48.218696],[-80.744648,48.218966],[-80.744508,48.218966],[-80.744561,48.218808],[-80.744548,48.218592],[-80.744578,48.21849],[-80.744767,48.218318],[-80.744843,48.218155],[-80.744923,48.218099],[-80.74527,48.218028],[-80.745352,48.217957],[-80.745397,48.217791],[-80.745335,48.217563],[-80.745365,48.217487],[-80.745489,48.217395],[-80.74564,48.217349],[-80.746044,48.217285],[-80.746348,48.217273],[-80.746905,48.21714],[-80.747394,48.216805],[-80.747689,48.216525],[-80.747674,48.216377],[-80.747596,48.216285],[-80.74747,48.216204],[-80.747102,48.216103],[-80.747047,48.216022],[-80.746994,48.215831],[-80.747021,48.215611],[-80.747149,48.21534],[-80.747215,48.215094],[-80.747375,48.214809],[-80.747391,48.214692],[-80.747347,48.214561],[-80.747274,48.214463],[-80.747184,48.214414],[-80.747096,48.214423],[-80.746989,48.214518],[-80.746851,48.214529],[-80.746548,48.21445],[-80.74631,48.214342],[-80.746203,48.214159],[-80.746149,48.213913],[-80.746145,48.213822],[-80.746214,48.213585],[-80.746671,48.212964],[-80.746842,48.212831],[-80.747034,48.212791],[-80.74751,48.212777],[-80.747454,48.212824],[-80.74695,48.21299],[-80.746614,48.213161]]],[[[-80.719046,48.159177],[-80.719063,48.159226],[-80.718988,48.159295],[-80.718999,48.159352],[-80.718946,48.159542],[-80.719027,48.159683],[-80.719131,48.15977],[-80.719041,48.160014],[-80.719104,48.160071],[-80.719096,48.160139],[-80.719126,48.160188],[-80.719295,48.160223],[-80.719339,48.160273],[-80.719145,48.160374],[-80.719115,48.160473],[-80.71919,48.160517],[-80.719453,48.160554],[-80.719686,48.160772],[-80.71968,48.160821],[-80.719599,48.160874],[-80.71952,48.160995],[-80.719547,48.161106],[-80.719686,48.161293],[-80.719859,48.16141],[-80.72099,48.161681],[-80.721071,48.161805],[-80.721097,48.16197],[-80.720926,48.162123],[-80.720904,48.1622],[-80.720951,48.162383],[-80.721078,48.162489],[-80.721178,48.162504],[-80.721326,48.162477],[-80.721639,48.162512],[-80.721721,48.162463],[-80.721818,48.16228],[-80.722136,48.162139],[-80.722236,48.162054],[-80.722424,48.162042],[-80.722427,48.162097],[-80.722293,48.162184],[-80.721901,48.162309],[-80.721862,48.162353],[-80.721857,48.162434],[-80.721926,48.162494],[-80.722135,48.162546],[-80.722318,48.162427],[-80.722431,48.162394],[-80.722596,48.162398],[-80.722863,48.162494],[-80.723034,48.162699],[-80.723033,48.162988],[-80.723085,48.163208],[-80.723166,48.163351],[-80.723203,48.163379],[-80.723291,48.163341],[-80.723378,48.163362],[-80.723421,48.163523],[-80.723503,48.163613],[-80.723502,48.16369],[-80.723623,48.163712],[-80.723768,48.163798],[-80.723862,48.163924],[-80.724048,48.164069],[-80.724226,48.164373],[-80.724168,48.164365],[-80.72411,48.164261],[-80.724035,48.164216],[-80.723941,48.164225],[-80.723832,48.16433],[-80.72385,48.164444],[-80.724036,48.164557],[-80.724035,48.164621],[-80.72397,48.164721],[-80.723805,48.164783],[-80.723727,48.164888],[-80.723698,48.165009],[-80.723568,48.165039],[-80.7235,48.165088],[-80.723459,48.165168],[-80.723502,48.165309],[-80.723038,48.165402],[-80.722972,48.165372],[-80.722902,48.165247],[-80.722826,48.165202],[-80.722694,48.165303],[-80.722664,48.165141],[-80.722517,48.164958],[-80.722428,48.164908],[-80.722362,48.164968],[-80.722317,48.164964],[-80.722278,48.164769],[-80.722062,48.164713],[-80.721958,48.164622],[-80.721915,48.164502],[-80.721921,48.164317],[-80.721843,48.164165],[-80.721859,48.16404],[-80.721596,48.163708],[-80.721494,48.163479],[-80.721161,48.163412],[-80.720457,48.162849],[-80.720216,48.162724],[-80.720061,48.162534],[-80.719816,48.162363],[-80.71958,48.162252],[-80.719234,48.161979],[-80.71885,48.161524],[-80.71885,48.159013],[-80.719046,48.159177]],[[-80.722107,48.162617],[-80.722016,48.162595],[-80.721887,48.162647],[-80.721883,48.162706],[-80.721924,48.162746],[-80.722028,48.162783],[-80.722145,48.162724],[-80.722107,48.162617]]],[[[-80.71885,48.15421],[-80.719072,48.154309],[-80.719057,48.15438],[-80.719196,48.154441],[-80.719207,48.15455],[-80.719166,48.154644],[-80.719189,48.15473],[-80.719153,48.154864],[-80.719167,48.154957],[-80.719097,48.155185],[-80.719087,48.155378],[-80.71885,48.155761],[-80.71885,48.155651],[-80.71885,48.15421]]],[[[-80.718905,48.126351],[-80.719244,48.126327],[-80.719325,48.12637],[-80.719354,48.126452],[-80.719326,48.126557],[-80.719065,48.126638],[-80.718946,48.126764],[-80.71885,48.126726],[-80.71885,48.126205],[-80.718905,48.126351]]],[[[-80.719383,48.105117],[-80.719744,48.104997],[-80.719851,48.104931],[-80.719793,48.104913],[-80.719399,48.10497],[-80.719285,48.104941],[-80.71906,48.104699],[-80.719003,48.104563],[-80.719005,48.104453],[-80.71908,48.104304],[-80.719285,48.104134],[-80.719715,48.104033],[-80.719855,48.104046],[-80.720086,48.10419],[-80.720144,48.104448],[-80.720267,48.1046],[-80.72034,48.104611],[-80.720515,48.104539],[-80.720674,48.104534],[-80.720938,48.104604],[-80.721295,48.104767],[-80.721287,48.104855],[-80.721173,48.105033],[-80.721104,48.105388],[-80.721177,48.105574],[-80.721477,48.106034],[-80.721471,48.106234],[-80.721371,48.106494],[-80.721393,48.106788],[-80.721307,48.106975],[-80.721056,48.10719],[-80.72099,48.107309],[-80.720879,48.107396],[-80.721781,48.107739],[-80.722011,48.107774],[-80.722319,48.107881],[-80.722754,48.107939],[-80.722992,48.107999],[-80.723179,48.108088],[-80.723267,48.108175],[-80.723512,48.108822],[-80.723466,48.108992],[-80.723336,48.109079],[-80.723312,48.109131],[-80.723514,48.109259],[-80.723535,48.109316],[-80.723512,48.109423],[-80.723202,48.109929],[-80.723169,48.110104],[-80.722997,48.110526],[-80.7229,48.110644],[-80.722723,48.11099],[-80.722469,48.111236],[-80.722879,48.11133],[-80.723248,48.111546],[-80.723537,48.111861],[-80.723599,48.111963],[-80.723615,48.112097],[-80.723761,48.112209],[-80.724018,48.112505],[-80.724124,48.11277],[-80.724125,48.112994],[-80.723832,48.113497],[-80.723666,48.113902],[-80.723571,48.11399],[-80.723326,48.114092],[-80.723265,48.114167],[-80.723291,48.114235],[-80.723337,48.11425],[-80.723588,48.114079],[-80.723674,48.114061],[-80.723842,48.114117],[-80.723871,48.114213],[-80.72381,48.114275],[-80.723505,48.114432],[-80.723292,48.114482],[-80.723257,48.114583],[-80.723153,48.114711],[-80.723139,48.114856],[-80.723175,48.114971],[-80.723231,48.115023],[-80.723529,48.115102],[-80.724149,48.115393],[-80.724236,48.115499],[-80.724267,48.115665],[-80.724346,48.115835],[-80.724357,48.115966],[-80.724227,48.116604],[-80.724012,48.116843],[-80.724175,48.117148],[-80.724321,48.117346],[-80.724386,48.117518],[-80.724329,48.117681],[-80.724195,48.117806],[-80.724155,48.117903],[-80.724304,48.118276],[-80.724353,48.118938],[-80.72429,48.119104],[-80.724313,48.119512],[-80.724348,48.119847],[-80.724522,48.120568],[-80.724461,48.120646],[-80.724453,48.120719],[-80.724268,48.120767],[-80.724251,48.121092],[-80.724171,48.121312],[-80.724223,48.121375],[-80.724432,48.12142],[-80.724406,48.12151],[-80.724419,48.121662],[-80.724365,48.121715],[-80.724434,48.121782],[-80.724463,48.122062],[-80.724398,48.122198],[-80.724481,48.122239],[-80.724542,48.122508],[-80.724589,48.12257],[-80.7246,48.122765],[-80.724523,48.122976],[-80.724524,48.123078],[-80.724573,48.123202],[-80.724741,48.123423],[-80.724728,48.123523],[-80.724818,48.123658],[-80.724752,48.123711],[-80.724859,48.123863],[-80.72488,48.124005],[-80.724863,48.124094],[-80.724758,48.124269],[-80.724861,48.124571],[-80.724798,48.124627],[-80.724232,48.124473],[-80.724218,48.124389],[-80.724137,48.124328],[-80.723999,48.124083],[-80.723764,48.123562],[-80.723773,48.123301],[-80.723918,48.123137],[-80.724001,48.122826],[-80.724118,48.122629],[-80.724121,48.12257],[-80.723873,48.122014],[-80.723893,48.121848],[-80.723792,48.12175],[-80.723798,48.121622],[-80.723606,48.121507],[-80.723527,48.12133],[-80.723552,48.121068],[-80.723654,48.120927],[-80.723698,48.120802],[-80.723692,48.120643],[-80.723942,48.12025],[-80.72397,48.120127],[-80.723965,48.119792],[-80.723844,48.119631],[-80.723477,48.119454],[-80.723239,48.119382],[-80.723129,48.119287],[-80.723147,48.119194],[-80.723101,48.119067],[-80.72312,48.118933],[-80.723096,48.118803],[-80.723129,48.11869],[-80.723106,48.118564],[-80.723158,48.118456],[-80.723161,48.118317],[-80.723309,48.118125],[-80.723437,48.117804],[-80.723431,48.117581],[-80.723386,48.11745],[-80.723433,48.117368],[-80.723334,48.117287],[-80.723393,48.11723],[-80.723368,48.117136],[-80.722956,48.116916],[-80.722574,48.116654],[-80.722154,48.116263],[-80.722112,48.116151],[-80.721872,48.115859],[-80.721519,48.115158],[-80.721265,48.114921],[-80.721116,48.114724],[-80.720898,48.114537],[-80.72083,48.114436],[-80.72083,48.114214],[-80.720884,48.11405],[-80.72087,48.113937],[-80.720953,48.113768],[-80.720977,48.113638],[-80.721183,48.113301],[-80.721254,48.113125],[-80.721463,48.112989],[-80.721231,48.112886],[-80.721143,48.112786],[-80.721006,48.112513],[-80.7209,48.11216],[-80.720956,48.111937],[-80.721028,48.111853],[-80.721161,48.111793],[-80.72117,48.111753],[-80.720922,48.111569],[-80.720708,48.111362],[-80.720684,48.111294],[-80.720763,48.111195],[-80.720613,48.111069],[-80.720489,48.110873],[-80.720325,48.110723],[-80.719966,48.110538],[-80.719696,48.11013],[-80.719314,48.109785],[-80.7191,48.109518],[-80.719034,48.10938],[-80.718967,48.109092],[-80.719,48.108648],[-80.71885,48.108522],[-80.71885,48.105258],[-80.719383,48.105117]]],[[[-80.754194,48.088303],[-80.754604,48.088509],[-80.754782,48.088551],[-80.755389,48.088789],[-80.755892,48.089263],[-80.755996,48.089482],[-80.755998,48.089628],[-80.755954,48.089805],[-80.755819,48.090063],[-80.755807,48.090162],[-80.755756,48.090219],[-80.755767,48.090276],[-80.755686,48.090505],[-80.755637,48.090569],[-80.755654,48.090811],[-80.755607,48.091057],[-80.755484,48.091264],[-80.755454,48.091406],[-80.755291,48.091516],[-80.75542,48.091766],[-80.755414,48.091887],[-80.755188,48.092206],[-80.755026,48.092379],[-80.754964,48.092554],[-80.754935,48.092697],[-80.755007,48.092866],[-80.754999,48.093056],[-80.754849,48.093147],[-80.754699,48.093299],[-80.754538,48.093389],[-80.754496,48.093483],[-80.754272,48.093665],[-80.753926,48.093803],[-80.753689,48.09395],[-80.753428,48.09402],[-80.753226,48.094024],[-80.752899,48.093957],[-80.752354,48.093967],[-80.752122,48.093924],[-80.752006,48.093972],[-80.751453,48.094055],[-80.750949,48.094178],[-80.749984,48.094613],[-80.749892,48.094772],[-80.750154,48.094933],[-80.750212,48.095132],[-80.75036,48.095235],[-80.750365,48.095338],[-80.750495,48.09541],[-80.750508,48.09551],[-80.750633,48.095548],[-80.750731,48.095766],[-80.750724,48.09595],[-80.750604,48.096099],[-80.750512,48.096346],[-80.750027,48.096994],[-80.749917,48.097229],[-80.749822,48.097288],[-80.749585,48.097357],[-80.749255,48.097379],[-80.748501,48.097075],[-80.747034,48.096668],[-80.746784,48.096453],[-80.746672,48.096315],[-80.746634,48.09612],[-80.74665,48.096011],[-80.746396,48.09555],[-80.746268,48.095423],[-80.746221,48.095319],[-80.746103,48.095205],[-80.745949,48.095123],[-80.745622,48.094788],[-80.745479,48.094511],[-80.745478,48.094153],[-80.745376,48.09396],[-80.745379,48.093842],[-80.745437,48.093715],[-80.745558,48.093491],[-80.74569,48.093378],[-80.745719,48.09329],[-80.745886,48.093057],[-80.746054,48.092935],[-80.746059,48.092871],[-80.746243,48.092651],[-80.746433,48.092481],[-80.74656,48.092416],[-80.746581,48.092339],[-80.746731,48.092173],[-80.746754,48.092085],[-80.746697,48.091957],[-80.746733,48.091872],[-80.746724,48.091723],[-80.746682,48.091663],[-80.746587,48.091162],[-80.746651,48.091074],[-80.746519,48.091053],[-80.746457,48.090968],[-80.746206,48.090892],[-80.74565,48.090916],[-80.745493,48.090892],[-80.745171,48.090684],[-80.74503,48.090526],[-80.74495,48.090482],[-80.744735,48.09046],[-80.744405,48.090369],[-80.743951,48.090378],[-80.7436,48.090338],[-80.743307,48.090225],[-80.743012,48.08998],[-80.742922,48.089775],[-80.742891,48.089579],[-80.742929,48.0893],[-80.743024,48.088964],[-80.743008,48.088908],[-80.742896,48.088827],[-80.74247,48.088676],[-80.742222,48.088524],[-80.7421,48.088388],[-80.74207,48.08829],[-80.741815,48.088084],[-80.754097,48.088084],[-80.754194,48.088303]]],[[[-80.776643,48.088136],[-80.77682,48.088115],[-80.776842,48.088183],[-80.77668,48.088347],[-80.776456,48.088403],[-80.775456,48.088215],[-80.775198,48.088225],[-80.774873,48.088287],[-80.774722,48.088221],[-80.774698,48.088176],[-80.774747,48.08815],[-80.774935,48.088194],[-80.775337,48.088148],[-80.775917,48.088182],[-80.77635,48.088084],[-80.77651,48.088084],[-80.776643,48.088136]]],[[[-80.78475,48.088084],[-80.784711,48.08834],[-80.784507,48.088452],[-80.784317,48.088734],[-80.784246,48.088782],[-80.784317,48.08892],[-80.784258,48.089024],[-80.784,48.089214],[-80.783654,48.089283],[-80.783532,48.089411],[-80.783319,48.089449],[-80.781995,48.089231],[-80.781218,48.089188],[-80.780562,48.089015],[-80.780491,48.088976],[-80.780172,48.088639],[-80.780072,48.088351],[-80.779914,48.088084],[-80.78005,48.088084],[-80.78475,48.088084]]],[[[-80.904412,48.088267],[-80.904937,48.088527],[-80.905225,48.08886],[-80.905466,48.089368],[-80.905499,48.089641],[-80.905492,48.089915],[-80.905441,48.090061],[-80.905465,48.090229],[-80.905445,48.090487],[-80.905492,48.090601],[-80.905483,48.090712],[-80.905282,48.090962],[-80.904947,48.091168],[-80.904109,48.091344],[-80.903542,48.091365],[-80.902851,48.091542],[-80.902315,48.091531],[-80.90196,48.091649],[-80.901969,48.091524],[-80.9019,48.091293],[-80.901484,48.090789],[-80.901407,48.090647],[-80.901366,48.090397],[-80.901422,48.090198],[-80.901376,48.089986],[-80.901502,48.089607],[-80.901704,48.089447],[-80.902043,48.089326],[-80.902147,48.08918],[-80.902268,48.0891],[-80.902302,48.088958],[-80.902519,48.088822],[-80.902998,48.088643],[-80.903712,48.088504],[-80.903778,48.088417],[-80.903787,48.088084],[-80.904317,48.088084],[-80.904412,48.088267]]],[[[-80.913819,48.113769],[-80.913266,48.113465],[-80.912927,48.113321],[-80.912399,48.11295],[-80.911993,48.112618],[-80.911939,48.11252],[-80.911931,48.112395],[-80.912075,48.111804],[-80.91207,48.111631],[-80.912037,48.111551],[-80.911604,48.111148],[-80.911098,48.111022],[-80.910663,48.110999],[-80.910191,48.110929],[-80.909912,48.11097],[-80.909668,48.111096],[-80.909292,48.111606],[-80.909035,48.111739],[-80.90882,48.111904],[-80.908255,48.112205],[-80.907976,48.112258],[-80.907812,48.112221],[-80.907489,48.111963],[-80.907449,48.111884],[-80.907449,48.111813],[-80.907535,48.111691],[-80.907563,48.111591],[-80.907556,48.11142],[-80.90751,48.111296],[-80.907184,48.110892],[-80.906745,48.110622],[-80.906662,48.110536],[-80.906677,48.110468],[-80.906821,48.110362],[-80.906866,48.110291],[-80.906776,48.10998],[-80.906689,48.109959],[-80.906382,48.110054],[-80.906236,48.110034],[-80.905936,48.10987],[-80.905814,48.109761],[-80.905652,48.109536],[-80.905644,48.109333],[-80.905599,48.109237],[-80.905283,48.109034],[-80.905108,48.10883],[-80.905086,48.108677],[-80.905162,48.108391],[-80.905225,48.108319],[-80.905446,48.108196],[-80.906154,48.108001],[-80.906569,48.107949],[-80.90683,48.107788],[-80.907117,48.107666],[-80.907439,48.107733],[-80.907502,48.107786],[-80.907265,48.107881],[-80.907267,48.107951],[-80.907351,48.108019],[-80.907487,48.108047],[-80.907852,48.108026],[-80.908018,48.108056],[-80.908193,48.108148],[-80.908446,48.108379],[-80.908844,48.108455],[-80.909201,48.108649],[-80.909313,48.108794],[-80.909574,48.109352],[-80.909585,48.109592],[-80.909481,48.109975],[-80.909531,48.110075],[-80.909626,48.110101],[-80.910178,48.109904],[-80.910311,48.109719],[-80.910314,48.109592],[-80.910081,48.109246],[-80.910023,48.109041],[-80.910028,48.108958],[-80.91009,48.108873],[-80.910189,48.108812],[-80.910666,48.108712],[-80.910817,48.108702],[-80.911066,48.108749],[-80.912239,48.109298],[-80.912876,48.109368],[-80.913212,48.109466],[-80.91354,48.10974],[-80.913642,48.109901],[-80.913577,48.110261],[-80.9136,48.11069],[-80.913492,48.11093],[-80.912836,48.111593],[-80.912656,48.111963],[-80.912648,48.112106],[-80.912699,48.112203],[-80.912813,48.112285],[-80.913542,48.112524],[-80.91363,48.112581],[-80.91395,48.112924],[-80.91395,48.11387],[-80.913819,48.113769]]],[[[-80.77295,48.202259],[-80.77255,48.202234],[-80.77215,48.202099],[-80.77135,48.202187],[-80.770727,48.202361],[-80.770291,48.202766],[-80.770259,48.202901],[-80.770291,48.203104],[-80.770576,48.203374],[-80.770737,48.203711],[-80.770976,48.203914],[-80.771038,48.204049],[-80.771091,48.204454],[-80.77135,48.204692],[-80.771416,48.204791],[-80.771491,48.205264],[-80.77175,48.205502],[-80.771818,48.205601],[-80.771911,48.205939],[-80.77184,48.206052],[-80.771677,48.205945],[-80.771648,48.205771],[-80.771599,48.205698],[-80.771232,48.205471],[-80.771242,48.205262],[-80.771119,48.204854],[-80.770949,48.204522],[-80.770797,48.204091],[-80.77063,48.203811],[-80.770306,48.203425],[-80.77019,48.203332],[-80.770081,48.20331],[-80.769885,48.203133],[-80.769911,48.202786],[-80.770138,48.202584],[-80.770273,48.202516],[-80.770359,48.202409],[-80.770568,48.20239],[-80.770659,48.202344],[-80.770715,48.202299],[-80.77067,48.202236],[-80.770703,48.202191],[-80.771104,48.202164],[-80.771315,48.20208],[-80.771894,48.202042],[-80.772191,48.202064],[-80.772483,48.202165],[-80.772715,48.202182],[-80.773022,48.202182],[-80.773444,48.202069],[-80.77315,48.202216],[-80.77295,48.202259]]],[[[-80.77385,48.199311],[-80.774048,48.199256],[-80.774138,48.199189],[-80.774155,48.199121],[-80.774071,48.198919],[-80.773961,48.198176],[-80.774058,48.197569],[-80.774185,48.197164],[-80.774162,48.196961],[-80.774058,48.196691],[-80.774052,48.196286],[-80.7741,48.196084],[-80.774307,48.195746],[-80.774443,48.195341],[-80.774458,48.195139],[-80.774542,48.194869],[-80.774414,48.194675],[-80.7746,48.194776],[-80.774735,48.194934],[-80.774742,48.195106],[-80.774643,48.195507],[-80.774434,48.195796],[-80.774543,48.196131],[-80.774543,48.196226],[-80.77434,48.196437],[-80.774272,48.196652],[-80.774307,48.196938],[-80.774285,48.197367],[-80.774195,48.197918],[-80.77418,48.198348],[-80.774224,48.198498],[-80.774229,48.19866],[-80.774408,48.199016],[-80.774372,48.199108],[-80.774013,48.199287],[-80.773976,48.199312],[-80.773973,48.199367],[-80.774042,48.199408],[-80.77412,48.199396],[-80.774552,48.199141],[-80.775076,48.199057],[-80.7762,48.198698],[-80.776374,48.198674],[-80.776573,48.198701],[-80.776651,48.198756],[-80.776623,48.198827],[-80.776461,48.198875],[-80.77617,48.198896],[-80.775664,48.199027],[-80.774958,48.199278],[-80.774528,48.199352],[-80.774078,48.199485],[-80.773584,48.199518],[-80.772449,48.199792],[-80.771954,48.199864],[-80.771447,48.199882],[-80.771142,48.199852],[-80.770954,48.19979],[-80.770932,48.199654],[-80.77069,48.199434],[-80.770651,48.199274],[-80.770545,48.199091],[-80.770659,48.198971],[-80.770664,48.198888],[-80.770498,48.198636],[-80.770348,48.19857],[-80.770181,48.198565],[-80.770035,48.198638],[-80.770139,48.198856],[-80.770086,48.199121],[-80.769577,48.199293],[-80.768678,48.199334],[-80.768119,48.199308],[-80.76765,48.199244],[-80.767283,48.199104],[-80.767094,48.198979],[-80.766944,48.198804],[-80.766816,48.198449],[-80.766948,48.197822],[-80.767029,48.197666],[-80.767075,48.197318],[-80.766887,48.196902],[-80.766589,48.196529],[-80.766412,48.196199],[-80.766384,48.195915],[-80.766516,48.195624],[-80.766588,48.195351],[-80.766604,48.195138],[-80.766444,48.194753],[-80.766349,48.194398],[-80.766176,48.194171],[-80.765947,48.194033],[-80.765772,48.193875],[-80.765262,48.193706],[-80.764836,48.193675],[-80.764577,48.193613],[-80.764402,48.193435],[-80.764325,48.193259],[-80.764323,48.193038],[-80.764514,48.19272],[-80.764599,48.19268],[-80.764743,48.192705],[-80.764925,48.192683],[-80.765248,48.19276],[-80.765395,48.192603],[-80.765366,48.192303],[-80.765247,48.192134],[-80.765166,48.19191],[-80.764914,48.191733],[-80.764845,48.191712],[-80.764656,48.191741],[-80.764556,48.191692],[-80.764455,48.191734],[-80.764286,48.191589],[-80.764264,48.191405],[-80.764336,48.191375],[-80.764492,48.191392],[-80.76461,48.191334],[-80.76468,48.191219],[-80.764684,48.191093],[-80.764514,48.190976],[-80.764293,48.190976],[-80.76414,48.190844],[-80.764112,48.190752],[-80.764152,48.190596],[-80.763943,48.190211],[-80.763888,48.189998],[-80.763893,48.189862],[-80.763772,48.189531],[-80.763853,48.189147],[-80.763913,48.189036],[-80.763874,48.188945],[-80.763835,48.188469],[-80.763785,48.188297],[-80.763842,48.188112],[-80.763798,48.187894],[-80.764028,48.187697],[-80.764191,48.187475],[-80.76424,48.18722],[-80.764231,48.187053],[-80.764292,48.1868],[-80.764263,48.186705],[-80.764169,48.186605],[-80.764092,48.186405],[-80.764006,48.186304],[-80.763997,48.186172],[-80.763923,48.186003],[-80.763893,48.185274],[-80.763931,48.184717],[-80.763904,48.184584],[-80.763969,48.184182],[-80.763939,48.18371],[-80.763729,48.183107],[-80.763592,48.182917],[-80.763423,48.182597],[-80.763368,48.182377],[-80.763268,48.182258],[-80.763287,48.182142],[-80.763407,48.181892],[-80.76348,48.181551],[-80.763434,48.181367],[-80.763481,48.181272],[-80.763613,48.181171],[-80.763595,48.180825],[-80.763381,48.180305],[-80.763377,48.180225],[-80.76308,48.180038],[-80.762948,48.179886],[-80.762532,48.17972],[-80.762282,48.179487],[-80.762212,48.179378],[-80.762286,48.179297],[-80.76246,48.179254],[-80.762633,48.179253],[-80.762888,48.179176],[-80.762948,48.179098],[-80.762978,48.178954],[-80.763023,48.178885],[-80.763033,48.178517],[-80.763101,48.178355],[-80.763003,48.178165],[-80.763073,48.1778],[-80.762994,48.177673],[-80.762983,48.177264],[-80.763196,48.176863],[-80.763193,48.176754],[-80.763344,48.176428],[-80.763346,48.176059],[-80.76346,48.175541],[-80.763456,48.175281],[-80.763487,48.175146],[-80.763722,48.17476],[-80.763861,48.174598],[-80.763992,48.174506],[-80.764138,48.174314],[-80.764392,48.173584],[-80.764381,48.173461],[-80.764286,48.173359],[-80.764269,48.173261],[-80.764349,48.172987],[-80.764296,48.172899],[-80.764291,48.17281],[-80.764403,48.172606],[-80.764397,48.172383],[-80.76453,48.172332],[-80.764561,48.17223],[-80.764646,48.172176],[-80.764861,48.172303],[-80.764857,48.172395],[-80.764916,48.172411],[-80.76527,48.172241],[-80.765472,48.172205],[-80.765652,48.172116],[-80.765979,48.172084],[-80.766111,48.172155],[-80.766313,48.172353],[-80.766608,48.172529],[-80.766909,48.172621],[-80.767169,48.172662],[-80.767509,48.172634],[-80.767697,48.172827],[-80.767748,48.172919],[-80.768103,48.173191],[-80.768243,48.173211],[-80.768598,48.173347],[-80.768734,48.173341],[-80.76883,48.173292],[-80.769535,48.172676],[-80.769791,48.172549],[-80.76993,48.172231],[-80.770228,48.171957],[-80.770354,48.171743],[-80.770737,48.171558],[-80.771029,48.171271],[-80.771388,48.171082],[-80.7715,48.170911],[-80.771501,48.170814],[-80.771304,48.170663],[-80.771228,48.170521],[-80.771125,48.170431],[-80.770951,48.170352],[-80.770519,48.170254],[-80.770336,48.170161],[-80.770251,48.170072],[-80.770245,48.169911],[-80.770183,48.169724],[-80.770198,48.169525],[-80.770222,48.169375],[-80.77035,48.169059],[-80.77029,48.168936],[-80.770114,48.168716],[-80.770087,48.168518],[-80.770216,48.168348],[-80.770541,48.168087],[-80.770733,48.168028],[-80.771154,48.168016],[-80.771612,48.168061],[-80.771831,48.168139],[-80.772251,48.168356],[-80.772377,48.168499],[-80.772349,48.168629],[-80.77223,48.168774],[-80.772119,48.169045],[-80.772127,48.169225],[-80.772205,48.169319],[-80.772024,48.169219],[-80.771967,48.169084],[-80.771977,48.168881],[-80.77213,48.168611],[-80.772015,48.168476],[-80.77145,48.168232],[-80.77105,48.168138],[-80.77095,48.168143],[-80.770786,48.168206],[-80.770586,48.168409],[-80.770584,48.168611],[-80.770696,48.168814],[-80.77072,48.168949],[-80.770494,48.169354],[-80.770469,48.169556],[-80.770535,48.169691],[-80.770844,48.170096],[-80.77135,48.170273],[-80.771499,48.170434],[-80.771597,48.170636],[-80.771631,48.170839],[-80.771568,48.171041],[-80.771456,48.171244],[-80.77095,48.171609],[-80.770537,48.171784],[-80.77045,48.171909],[-80.770265,48.172324],[-80.770075,48.172526],[-80.76915,48.173152],[-80.76875,48.173362],[-80.76845,48.173362],[-80.76795,48.173131],[-80.767536,48.172999],[-80.76725,48.172861],[-80.76665,48.172707],[-80.766466,48.172594],[-80.76625,48.17236],[-80.76585,48.172219],[-80.76575,48.172219],[-80.765108,48.172391],[-80.764849,48.172526],[-80.764754,48.172729],[-80.764726,48.174079],[-80.764591,48.174281],[-80.764297,48.174484],[-80.763994,48.174821],[-80.763951,48.174956],[-80.763926,48.175699],[-80.76385,48.175843],[-80.763646,48.176036],[-80.763568,48.176171],[-80.763542,48.176711],[-80.763393,48.177184],[-80.763418,48.177319],[-80.763542,48.177589],[-80.763542,48.177791],[-80.763446,48.178129],[-80.763542,48.178399],[-80.763542,48.178601],[-80.763423,48.178871],[-80.763188,48.179141],[-80.76303,48.179411],[-80.763034,48.179479],[-80.763088,48.179546],[-80.76345,48.179808],[-80.763596,48.180086],[-80.76385,48.180347],[-80.763926,48.180491],[-80.763942,48.180761],[-80.763846,48.181099],[-80.763942,48.181369],[-80.763942,48.181571],[-80.763866,48.181774],[-80.763648,48.182044],[-80.763583,48.182179],[-80.763646,48.182314],[-80.763897,48.182584],[-80.763997,48.183056],[-80.764257,48.183326],[-80.764342,48.183529],[-80.764348,48.184744],[-80.764246,48.185149],[-80.764342,48.185419],[-80.764354,48.186161],[-80.764446,48.186364],[-80.764656,48.186566],[-80.76472,48.186769],[-80.764646,48.186971],[-80.764719,48.187309],[-80.76465,48.187453],[-80.764397,48.187714],[-80.764354,48.187849],[-80.764342,48.188861],[-80.764193,48.189334],[-80.764218,48.189469],[-80.764342,48.189739],[-80.764358,48.190481],[-80.76445,48.190619],[-80.764861,48.190751],[-80.76505,48.190879],[-80.765119,48.191021],[-80.76512,48.191089],[-80.765048,48.191291],[-80.765053,48.191359],[-80.76515,48.191471],[-80.76545,48.191688],[-80.765542,48.191899],[-80.765542,48.192371],[-80.765465,48.192574],[-80.765275,48.192776],[-80.76485,48.193046],[-80.76478,48.193181],[-80.764791,48.193249],[-80.764848,48.193316],[-80.76495,48.193366],[-80.765263,48.193451],[-80.76565,48.193623],[-80.76615,48.193761],[-80.766591,48.194059],[-80.766697,48.194194],[-80.766748,48.194396],[-80.766768,48.196219],[-80.766846,48.196354],[-80.767057,48.196556],[-80.767246,48.196894],[-80.767457,48.197096],[-80.767542,48.197299],[-80.767542,48.197501],[-80.767497,48.197636],[-80.767246,48.197906],[-80.767168,48.198041],[-80.767154,48.198311],[-80.767197,48.198446],[-80.767488,48.198716],[-80.76785,48.198939],[-80.76805,48.199022],[-80.76835,48.199054],[-80.76925,48.199054],[-80.76955,48.199022],[-80.76975,48.198926],[-80.77002,48.198581],[-80.770119,48.198514],[-80.77025,48.198476],[-80.77055,48.198503],[-80.770861,48.198581],[-80.771056,48.198716],[-80.771119,48.198851],[-80.771119,48.198919],[-80.771028,48.199121],[-80.771028,48.199189],[-80.771176,48.199459],[-80.77125,48.199529],[-80.77145,48.199589],[-80.77215,48.199591],[-80.77235,48.199562],[-80.77295,48.19934],[-80.77385,48.199311]]],[[[-80.773222,48.194194],[-80.77254,48.193721],[-80.772303,48.193451],[-80.772016,48.193249],[-80.771818,48.192979],[-80.771444,48.192709],[-80.771335,48.192574],[-80.77128,48.192439],[-80.771407,48.192034],[-80.771252,48.191494],[-80.771258,48.191089],[-80.771344,48.190886],[-80.77145,48.190793],[-80.771905,48.190616],[-80.772034,48.190481],[-80.772058,48.190009],[-80.772162,48.189739],[-80.772184,48.189536],[-80.772168,48.189469],[-80.772011,48.189266],[-80.771972,48.189131],[-80.77205,48.188888],[-80.772333,48.188389],[-80.772458,48.187579],[-80.772579,48.187241],[-80.772579,48.187039],[-80.772481,48.186701],[-80.772609,48.186499],[-80.7729,48.186296],[-80.772953,48.186229],[-80.772985,48.186094],[-80.772962,48.185891],[-80.772858,48.185621],[-80.772844,48.185149],[-80.772774,48.184879],[-80.772722,48.184744],[-80.772535,48.184474],[-80.772458,48.184271],[-80.772458,48.184069],[-80.772562,48.183799],[-80.772585,48.183596],[-80.772458,48.183191],[-80.772333,48.182381],[-80.7721,48.181976],[-80.772058,48.181841],[-80.772058,48.181639],[-80.772162,48.181369],[-80.772185,48.181166],[-80.772162,48.181031],[-80.771969,48.180559],[-80.77202,48.180221],[-80.771907,48.179884],[-80.771734,48.179614],[-80.771658,48.179411],[-80.771673,48.179141],[-80.771926,48.178669],[-80.771905,48.178534],[-80.771673,48.178129],[-80.771658,48.177859],[-80.771734,48.177656],[-80.771992,48.177319],[-80.771992,48.177251],[-80.771777,48.176981],[-80.77168,48.176779],[-80.771701,48.176644],[-80.771926,48.176239],[-80.771905,48.176104],[-80.77165,48.175672],[-80.771569,48.175429],[-80.771603,48.175226],[-80.771779,48.174821],[-80.771779,48.174619],[-80.771681,48.174281],[-80.771744,48.174146],[-80.77185,48.174053],[-80.77225,48.173908],[-80.772396,48.173809],[-80.77255,48.173597],[-80.772804,48.173336],[-80.77295,48.173058],[-80.773303,48.172796],[-80.773469,48.172594],[-80.773626,48.172189],[-80.773703,48.171784],[-80.773954,48.171514],[-80.774032,48.171379],[-80.774043,48.171109],[-80.773956,48.170771],[-80.773976,48.170501],[-80.774066,48.170366],[-80.77435,48.170165],[-80.774403,48.170096],[-80.774474,48.169691],[-80.774571,48.169489],[-80.77457,48.169421],[-80.774419,48.169286],[-80.774116,48.169151],[-80.773673,48.169016],[-80.773586,48.168949],[-80.77345,48.168749],[-80.77335,48.168675],[-80.77325,48.168654],[-80.773191,48.168679],[-80.773157,48.168746],[-80.773127,48.168949],[-80.773065,48.169084],[-80.772947,48.169219],[-80.77275,48.169313],[-80.772488,48.169346],[-80.772596,48.16925],[-80.772636,48.169158],[-80.772683,48.168802],[-80.772821,48.168411],[-80.772989,48.16829],[-80.77329,48.168232],[-80.773577,48.168296],[-80.773639,48.168353],[-80.77359,48.168719],[-80.7736,48.168907],[-80.773661,48.168979],[-80.773909,48.16901],[-80.774411,48.168974],[-80.774528,48.169017],[-80.774689,48.169155],[-80.774809,48.16917],[-80.774987,48.16914],[-80.775095,48.169164],[-80.775202,48.169283],[-80.77517,48.169378],[-80.774976,48.169562],[-80.774873,48.169867],[-80.77471,48.170165],[-80.774259,48.170492],[-80.774096,48.170565],[-80.774061,48.170619],[-80.774068,48.170736],[-80.774267,48.170924],[-80.774353,48.171099],[-80.77435,48.171261],[-80.774306,48.171343],[-80.774293,48.17151],[-80.774185,48.171843],[-80.77375,48.172468],[-80.773667,48.172629],[-80.773628,48.172804],[-80.773248,48.173208],[-80.773038,48.173519],[-80.772745,48.173795],[-80.772448,48.173997],[-80.772148,48.1743],[-80.772125,48.174626],[-80.771812,48.175181],[-80.771767,48.175338],[-80.77181,48.1756],[-80.771899,48.175767],[-80.77189,48.175864],[-80.771975,48.176136],[-80.772101,48.176395],[-80.772084,48.1769],[-80.772207,48.177161],[-80.772223,48.177258],[-80.77211,48.177616],[-80.772026,48.177773],[-80.772051,48.177951],[-80.772001,48.178179],[-80.771965,48.178792],[-80.7719,48.178953],[-80.771883,48.179152],[-80.772034,48.179773],[-80.772175,48.180046],[-80.772213,48.180357],[-80.772171,48.18047],[-80.772191,48.180727],[-80.772331,48.181109],[-80.772319,48.181265],[-80.772388,48.181679],[-80.772393,48.182057],[-80.772458,48.182333],[-80.772448,48.182451],[-80.772601,48.182761],[-80.772655,48.183181],[-80.772713,48.18337],[-80.772699,48.183586],[-80.772755,48.183809],[-80.772707,48.184005],[-80.772731,48.184442],[-80.773119,48.185141],[-80.773168,48.185766],[-80.773113,48.186015],[-80.773142,48.186566],[-80.773066,48.186665],[-80.772876,48.186753],[-80.772811,48.186828],[-80.772826,48.187115],[-80.772866,48.187199],[-80.772824,48.187369],[-80.772849,48.18746],[-80.772826,48.187792],[-80.772763,48.187894],[-80.772616,48.188009],[-80.77239,48.188339],[-80.772329,48.188599],[-80.772301,48.188989],[-80.772197,48.189161],[-80.772194,48.189273],[-80.772256,48.189441],[-80.772244,48.18955],[-80.772284,48.189812],[-80.772386,48.189938],[-80.772432,48.190107],[-80.772393,48.190478],[-80.772308,48.190594],[-80.77202,48.190743],[-80.771934,48.190912],[-80.771824,48.190976],[-80.771664,48.191155],[-80.771464,48.191265],[-80.771439,48.191367],[-80.771486,48.191593],[-80.771491,48.191831],[-80.771542,48.19192],[-80.771735,48.191977],[-80.771812,48.192077],[-80.771825,48.192193],[-80.771797,48.192317],[-80.771681,48.192536],[-80.771684,48.192655],[-80.771851,48.192898],[-80.772045,48.193058],[-80.772228,48.193273],[-80.772852,48.193618],[-80.77321,48.193993],[-80.773501,48.194224],[-80.773653,48.194307],[-80.773904,48.194372],[-80.774109,48.19447],[-80.77365,48.194423],[-80.773222,48.194194]]],[[[-80.770102,48.176593],[-80.770303,48.176433],[-80.770359,48.176342],[-80.770343,48.176292],[-80.770058,48.176099],[-80.770035,48.17584],[-80.769849,48.175597],[-80.769569,48.175429],[-80.769157,48.17548],[-80.769044,48.175551],[-80.769008,48.175778],[-80.768907,48.175973],[-80.768904,48.17608],[-80.769166,48.176468],[-80.768941,48.176306],[-80.768837,48.176171],[-80.768785,48.175901],[-80.768835,48.175699],[-80.76895,48.175489],[-80.769139,48.175361],[-80.76945,48.175299],[-80.76985,48.17531],[-80.77005,48.175357],[-80.770188,48.175429],[-80.770256,48.175496],[-80.770446,48.175834],[-80.770657,48.176036],[-80.77072,48.176239],[-80.770665,48.176374],[-80.770547,48.176509],[-80.77035,48.176603],[-80.769957,48.176642],[-80.770102,48.176593]]],[[[-80.862821,48.089772],[-80.862716,48.089643],[-80.862876,48.08936],[-80.862682,48.089126],[-80.862704,48.089029],[-80.862928,48.088703],[-80.863331,48.088377],[-80.863649,48.08826],[-80.863881,48.088294],[-80.863961,48.088226],[-80.864288,48.088207],[-80.864812,48.088383],[-80.865174,48.088928],[-80.865157,48.089104],[-80.865084,48.089193],[-80.864899,48.089253],[-80.864531,48.089136],[-80.864253,48.089276],[-80.863753,48.089387],[-80.863644,48.089492],[-80.863715,48.089577],[-80.863646,48.089759],[-80.863523,48.08987],[-80.863409,48.089876],[-80.863232,48.089941],[-80.863039,48.089907],[-80.862821,48.089772]]],[[[-80.868498,48.089473],[-80.868568,48.089449],[-80.868818,48.089497],[-80.868914,48.089585],[-80.868871,48.089615],[-80.868538,48.089515],[-80.868498,48.089473]]],[[[-80.895283,48.090205],[-80.895228,48.090237],[-80.894693,48.090338],[-80.894495,48.09025],[-80.894463,48.090031],[-80.894325,48.089899],[-80.894445,48.089825],[-80.894397,48.089765],[-80.894469,48.08971],[-80.894663,48.089823],[-80.895095,48.089958],[-80.895317,48.090127],[-80.895283,48.090205]]],[[[-80.869734,48.090105],[-80.869734,48.090073],[-80.86983,48.090067],[-80.869994,48.090129],[-80.870087,48.090212],[-80.870069,48.090279],[-80.869923,48.090248],[-80.869734,48.090105]]],[[[-80.864077,48.090715],[-80.864031,48.090665],[-80.86443,48.090524],[-80.864508,48.090527],[-80.864563,48.090567],[-80.864522,48.090637],[-80.864313,48.090713],[-80.8641,48.090848],[-80.864077,48.090715]]],[[[-80.893919,48.093209],[-80.893748,48.093023],[-80.893826,48.092937],[-80.893989,48.092593],[-80.893992,48.092655],[-80.893926,48.092804],[-80.894012,48.093143],[-80.893978,48.093217],[-80.893919,48.093209]]],[[[-80.891094,48.094053],[-80.890826,48.09399],[-80.8908,48.093932],[-80.89089,48.09387],[-80.891094,48.09383],[-80.891314,48.093852],[-80.89135,48.093908],[-80.891265,48.094036],[-80.891094,48.094053]]],[[[-80.896295,48.09451],[-80.896311,48.094352],[-80.896371,48.094343],[-80.896419,48.094388],[-80.896399,48.094526],[-80.896423,48.094557],[-80.896747,48.094703],[-80.897302,48.094718],[-80.897435,48.094534],[-80.897499,48.094343],[-80.897403,48.093995],[-80.897489,48.093853],[-80.898165,48.093649],[-80.898282,48.09368],[-80.898515,48.093676],[-80.898697,48.093628],[-80.898836,48.093627],[-80.898978,48.093694],[-80.89919,48.093925],[-80.899399,48.093989],[-80.899431,48.094123],[-80.899403,48.094259],[-80.899474,48.094513],[-80.899576,48.094615],[-80.899816,48.094736],[-80.899871,48.094843],[-80.899786,48.094979],[-80.899312,48.095186],[-80.89879,48.095215],[-80.898409,48.095108],[-80.898099,48.095236],[-80.897993,48.095246],[-80.897645,48.095153],[-80.897486,48.095079],[-80.897339,48.094901],[-80.897143,48.094912],[-80.896818,48.0948],[-80.89649,48.09478],[-80.896295,48.09451]]],[[[-80.888646,48.094566],[-80.888608,48.094427],[-80.888717,48.094275],[-80.888871,48.094259],[-80.888921,48.094282],[-80.888932,48.094473],[-80.888713,48.09463],[-80.888646,48.094566]]],[[[-80.861004,48.094715],[-80.860662,48.094446],[-80.860813,48.09445],[-80.861072,48.094541],[-80.861125,48.094674],[-80.861052,48.094731],[-80.861004,48.094715]]],[[[-80.867817,48.095509],[-80.868048,48.095538],[-80.86812,48.095623],[-80.868043,48.095664],[-80.867784,48.095657],[-80.867704,48.095568],[-80.867817,48.095509]]],[[[-80.86813,48.095951],[-80.868188,48.095867],[-80.868224,48.095876],[-80.868278,48.095967],[-80.868209,48.096082],[-80.868102,48.096114],[-80.86813,48.095951]]],[[[-80.861344,48.095963],[-80.861424,48.095945],[-80.861758,48.095996],[-80.861801,48.096077],[-80.861685,48.096154],[-80.861432,48.096106],[-80.861344,48.095963]]],[[[-80.868346,48.099329],[-80.868094,48.099364],[-80.867993,48.099362],[-80.867934,48.09932],[-80.868054,48.099258],[-80.868617,48.099304],[-80.868546,48.099338],[-80.868346,48.099329]]],[[[-80.866862,48.099661],[-80.867082,48.099898],[-80.867094,48.099926],[-80.867068,48.099928],[-80.866972,48.099875],[-80.866928,48.099799],[-80.866789,48.099691],[-80.866743,48.099591],[-80.866761,48.099541],[-80.866902,48.099512],[-80.867285,48.099565],[-80.867252,48.099597],[-80.867005,48.099593],[-80.866862,48.099661]]],[[[-80.867621,48.100432],[-80.867556,48.100411],[-80.867589,48.100346],[-80.8677,48.1003],[-80.867905,48.100339],[-80.867888,48.1004],[-80.867621,48.100432]]],[[[-80.879883,48.102187],[-80.879644,48.102139],[-80.879508,48.102043],[-80.879457,48.101927],[-80.879502,48.101894],[-80.87974,48.101971],[-80.879882,48.101979],[-80.879939,48.102047],[-80.879933,48.102176],[-80.879883,48.102187]]],[[[-80.864724,48.102541],[-80.864773,48.102483],[-80.864854,48.102473],[-80.864906,48.102542],[-80.864884,48.102655],[-80.864782,48.102673],[-80.864727,48.102626],[-80.864724,48.102541]]],[[[-80.87893,48.102019],[-80.879197,48.102143],[-80.879529,48.102159],[-80.87927,48.102221],[-80.879189,48.102292],[-80.879181,48.102349],[-80.879254,48.102506],[-80.879252,48.102603],[-80.879178,48.102838],[-80.879112,48.102923],[-80.878782,48.103129],[-80.878083,48.103401],[-80.877915,48.103559],[-80.877671,48.103589],[-80.877391,48.1034],[-80.877061,48.103071],[-80.876823,48.102619],[-80.876772,48.102342],[-80.876855,48.102191],[-80.876996,48.102101],[-80.877622,48.101984],[-80.878555,48.102067],[-80.87893,48.102019]]],[[[-80.885106,48.103078],[-80.885175,48.103032],[-80.885321,48.102975],[-80.88583,48.102875],[-80.886157,48.102563],[-80.886692,48.102307],[-80.886885,48.102253],[-80.887431,48.102277],[-80.887638,48.102339],[-80.887922,48.102517],[-80.888225,48.102615],[-80.888421,48.102863],[-80.888615,48.10331],[-80.888789,48.103509],[-80.888817,48.103756],[-80.888741,48.103879],[-80.888397,48.104033],[-80.888067,48.104055],[-80.887463,48.104023],[-80.886955,48.103946],[-80.886727,48.103843],[-80.886579,48.103665],[-80.886546,48.103455],[-80.886486,48.10339],[-80.885858,48.103506],[-80.885598,48.103514],[-80.885232,48.10345],[-80.885094,48.103342],[-80.885044,48.10318],[-80.885106,48.103078]]],[[[-80.880513,48.103676],[-80.880115,48.103438],[-80.880045,48.103344],[-80.880045,48.103276],[-80.880072,48.103233],[-80.880258,48.103137],[-80.880235,48.102816],[-80.880312,48.102666],[-80.880369,48.102618],[-80.880573,48.102578],[-80.880771,48.102452],[-80.881214,48.102428],[-80.881349,48.102475],[-80.881513,48.102589],[-80.881834,48.102901],[-80.881894,48.103063],[-80.881901,48.103248],[-80.881742,48.10349],[-80.88185,48.103623],[-80.881978,48.103874],[-80.881965,48.10398],[-80.881873,48.104154],[-80.88192,48.104234],[-80.882511,48.104387],[-80.88271,48.104341],[-80.883146,48.104152],[-80.88348,48.104152],[-80.883654,48.104222],[-80.884092,48.104593],[-80.884276,48.104813],[-80.884342,48.10499],[-80.884334,48.105062],[-80.884257,48.105174],[-80.883736,48.105432],[-80.883529,48.105455],[-80.883141,48.105438],[-80.88271,48.105502],[-80.882587,48.105561],[-80.882584,48.1056],[-80.882648,48.10564],[-80.883031,48.105722],[-80.88355,48.105916],[-80.883755,48.106049],[-80.883833,48.106159],[-80.883875,48.106349],[-80.883886,48.106703],[-80.883746,48.107003],[-80.883704,48.107204],[-80.883793,48.107791],[-80.883936,48.108168],[-80.883896,48.108295],[-80.88367,48.10841],[-80.883238,48.108512],[-80.882649,48.108572],[-80.882523,48.108643],[-80.882508,48.108733],[-80.882611,48.108987],[-80.882585,48.109136],[-80.882488,48.109251],[-80.882081,48.109554],[-80.881978,48.1097],[-80.881998,48.109758],[-80.882221,48.109862],[-80.882492,48.110121],[-80.882468,48.110211],[-80.882343,48.110397],[-80.882209,48.110466],[-80.881892,48.110453],[-80.881108,48.110298],[-80.880825,48.110162],[-80.88042,48.109893],[-80.880124,48.10966],[-80.879963,48.10947],[-80.87979,48.108855],[-80.879662,48.108613],[-80.879466,48.1085],[-80.879213,48.108557],[-80.879131,48.108543],[-80.87888,48.108185],[-80.879115,48.108234],[-80.879289,48.108231],[-80.879699,48.108055],[-80.880043,48.107971],[-80.880292,48.107853],[-80.880879,48.107853],[-80.881251,48.107802],[-80.881549,48.107696],[-80.881638,48.10764],[-80.881715,48.107539],[-80.881752,48.107322],[-80.881851,48.107075],[-80.88172,48.106425],[-80.881734,48.106199],[-80.881887,48.105882],[-80.882497,48.105465],[-80.88257,48.10537],[-80.882567,48.105275],[-80.882301,48.10482],[-80.882289,48.104703],[-80.882335,48.104504],[-80.882286,48.104408],[-80.882107,48.104323],[-80.88187,48.104269],[-80.881271,48.104312],[-80.881075,48.104232],[-80.880667,48.103806],[-80.880513,48.103676]],[[-80.88164,48.103136],[-80.881611,48.103001],[-80.881531,48.102866],[-80.88145,48.102778],[-80.88135,48.102731],[-80.88105,48.102724],[-80.88095,48.102781],[-80.880898,48.103001],[-80.880809,48.103204],[-80.880812,48.103339],[-80.880883,48.103406],[-80.881188,48.103541],[-80.881269,48.103609],[-80.88135,48.103789],[-80.88145,48.103777],[-80.881482,48.103609],[-80.881619,48.103339],[-80.88164,48.103136]],[[-80.882041,48.109957],[-80.881838,48.109824],[-80.881771,48.109722],[-80.881578,48.109973],[-80.880807,48.11],[-80.881338,48.110221],[-80.881679,48.11027],[-80.881943,48.110234],[-80.881983,48.1102],[-80.882041,48.109957]]],[[[-80.910088,48.105661],[-80.910206,48.105756],[-80.91065,48.105814],[-80.910822,48.105752],[-80.911,48.105617],[-80.91104,48.105635],[-80.911032,48.10567],[-80.91074,48.106014],[-80.910037,48.105953],[-80.909937,48.105887],[-80.909815,48.105694],[-80.909841,48.105422],[-80.909824,48.105226],[-80.909884,48.10518],[-80.909983,48.105268],[-80.910088,48.105661]]],[[[-80.893195,48.108134],[-80.892928,48.108404],[-80.892786,48.10849],[-80.892275,48.108633],[-80.891816,48.108714],[-80.89163,48.108675],[-80.891349,48.108498],[-80.89117,48.108251],[-80.891103,48.107978],[-80.891157,48.107748],[-80.891324,48.107591],[-80.891598,48.107461],[-80.892091,48.107377],[-80.892587,48.107432],[-80.892999,48.107547],[-80.893151,48.107645],[-80.893252,48.107905],[-80.893244,48.108028],[-80.893195,48.108134]]],[[[-80.888614,48.112852],[-80.888669,48.113145],[-80.888607,48.113268],[-80.888336,48.11358],[-80.888171,48.113673],[-80.888073,48.113643],[-80.887961,48.113354],[-80.887652,48.11309],[-80.887591,48.113004],[-80.887608,48.112907],[-80.88777,48.112695],[-80.887773,48.112514],[-80.887649,48.112271],[-80.887324,48.112],[-80.887319,48.111905],[-80.887366,48.111868],[-80.887541,48.111835],[-80.887844,48.111893],[-80.887979,48.111988],[-80.888163,48.112204],[-80.888641,48.112632],[-80.888614,48.112852]]],[[[-80.860453,48.113109],[-80.860274,48.112978],[-80.86024,48.112902],[-80.860281,48.112726],[-80.860451,48.112616],[-80.860577,48.112605],[-80.861263,48.112861],[-80.861262,48.112892],[-80.861196,48.112934],[-80.860716,48.113136],[-80.860453,48.113109]]],[[[-80.870771,48.126827],[-80.870634,48.126761],[-80.870386,48.126511],[-80.870345,48.1264],[-80.870378,48.126343],[-80.870869,48.126152],[-80.871012,48.126157],[-80.871082,48.126197],[-80.871123,48.126325],[-80.871009,48.126744],[-80.870905,48.126837],[-80.870771,48.126827]]],[[[-80.857803,48.141554],[-80.858165,48.141363],[-80.85852,48.141432],[-80.858932,48.141446],[-80.859056,48.141353],[-80.859089,48.141209],[-80.858998,48.140917],[-80.858853,48.140688],[-80.858863,48.14047],[-80.858954,48.140317],[-80.85894,48.140283],[-80.858711,48.140252],[-80.858339,48.140291],[-80.858205,48.140336],[-80.858039,48.140454],[-80.857934,48.14048],[-80.857795,48.14045],[-80.857715,48.140361],[-80.857707,48.140182],[-80.857847,48.139833],[-80.857792,48.139221],[-80.857719,48.138948],[-80.857763,48.138757],[-80.857724,48.138245],[-80.857545,48.137942],[-80.857542,48.137543],[-80.857426,48.13736],[-80.857352,48.137098],[-80.857192,48.136778],[-80.857188,48.136307],[-80.856994,48.13596],[-80.856865,48.135521],[-80.856934,48.135428],[-80.857172,48.135311],[-80.85723,48.135247],[-80.857219,48.135152],[-80.857091,48.134974],[-80.857138,48.13485],[-80.85779,48.134556],[-80.858058,48.134372],[-80.858303,48.134294],[-80.858514,48.134061],[-80.858598,48.133865],[-80.858699,48.133436],[-80.85889,48.133152],[-80.858971,48.132744],[-80.858963,48.132561],[-80.858838,48.132228],[-80.858881,48.132104],[-80.859029,48.132008],[-80.859219,48.131959],[-80.859383,48.131967],[-80.859653,48.132048],[-80.859795,48.132015],[-80.859909,48.131929],[-80.859973,48.131835],[-80.859944,48.131545],[-80.859988,48.131461],[-80.860198,48.131357],[-80.860382,48.131213],[-80.860667,48.131146],[-80.860879,48.131057],[-80.86109,48.130895],[-80.861239,48.130428],[-80.861424,48.129644],[-80.86155,48.129315],[-80.861541,48.129095],[-80.861583,48.128928],[-80.86172,48.128739],[-80.86175,48.128592],[-80.861649,48.128336],[-80.86152,48.128177],[-80.861293,48.127997],[-80.860816,48.127758],[-80.861164,48.127847],[-80.861708,48.127808],[-80.862248,48.127989],[-80.862753,48.127928],[-80.862848,48.127998],[-80.86277,48.128078],[-80.862318,48.128235],[-80.861969,48.128205],[-80.86188,48.128287],[-80.86189,48.128392],[-80.862074,48.128609],[-80.862091,48.128715],[-80.861926,48.129101],[-80.861832,48.129681],[-80.86176,48.129789],[-80.861596,48.129894],[-80.861573,48.129957],[-80.861817,48.13053],[-80.861854,48.13075],[-80.861752,48.130962],[-80.861354,48.131204],[-80.861205,48.131444],[-80.861177,48.131575],[-80.861195,48.131676],[-80.861419,48.131931],[-80.861421,48.132028],[-80.86138,48.132124],[-80.861249,48.132238],[-80.860988,48.13235],[-80.860756,48.132354],[-80.860333,48.132271],[-80.860057,48.132329],[-80.859855,48.132434],[-80.859617,48.13266],[-80.85939,48.132974],[-80.859077,48.133489],[-80.858926,48.133683],[-80.85881,48.133976],[-80.858499,48.134257],[-80.85837,48.134433],[-80.858333,48.134577],[-80.858345,48.134657],[-80.858401,48.134725],[-80.858698,48.134774],[-80.858751,48.134822],[-80.858774,48.134897],[-80.858767,48.135091],[-80.858592,48.135258],[-80.858539,48.135354],[-80.858591,48.135657],[-80.858521,48.135937],[-80.858611,48.136012],[-80.858997,48.136167],[-80.859105,48.136256],[-80.859189,48.136537],[-80.859173,48.136807],[-80.859645,48.137476],[-80.859636,48.137543],[-80.859508,48.137771],[-80.859618,48.138],[-80.859616,48.138083],[-80.859141,48.138565],[-80.859063,48.138715],[-80.859077,48.138816],[-80.859153,48.138883],[-80.859279,48.138894],[-80.859557,48.138825],[-80.859629,48.138862],[-80.85966,48.138941],[-80.8596,48.139113],[-80.859206,48.139465],[-80.859076,48.13966],[-80.859065,48.139857],[-80.859193,48.140209],[-80.859498,48.140778],[-80.860154,48.141296],[-80.860352,48.141361],[-80.860803,48.141305],[-80.861195,48.141358],[-80.861315,48.141412],[-80.861557,48.14163],[-80.861638,48.141758],[-80.861657,48.141906],[-80.861579,48.142023],[-80.861068,48.142276],[-80.860741,48.142502],[-80.860185,48.142606],[-80.859598,48.142865],[-80.859187,48.14298],[-80.859054,48.142978],[-80.858756,48.142903],[-80.858506,48.142935],[-80.858411,48.142992],[-80.858033,48.143379],[-80.857953,48.143351],[-80.857988,48.143226],[-80.858152,48.142997],[-80.858182,48.142787],[-80.858132,48.142655],[-80.857971,48.142488],[-80.857901,48.142363],[-80.857711,48.141665],[-80.857803,48.141554]]],[[[-80.862022,48.144465],[-80.862184,48.144339],[-80.862349,48.144291],[-80.862367,48.144388],[-80.862294,48.144513],[-80.862163,48.144629],[-80.86205,48.144645],[-80.861984,48.144561],[-80.862022,48.144465]]],[[[-80.862202,48.147941],[-80.862127,48.147782],[-80.862161,48.147669],[-80.862246,48.147648],[-80.862491,48.147746],[-80.862833,48.148134],[-80.862804,48.148152],[-80.862202,48.147941]]],[[[-80.880383,48.149579],[-80.880663,48.149776],[-80.880794,48.149744],[-80.881052,48.149578],[-80.88118,48.14958],[-80.881278,48.14977],[-80.881391,48.149866],[-80.881571,48.149934],[-80.881937,48.150005],[-80.882623,48.150373],[-80.882708,48.150492],[-80.882718,48.150673],[-80.882591,48.150858],[-80.88239,48.150886],[-80.882201,48.150805],[-80.882018,48.1506],[-80.881856,48.150509],[-80.880733,48.150197],[-80.880303,48.14977],[-80.879643,48.149417],[-80.879714,48.149385],[-80.880055,48.149412],[-80.880383,48.149579]]],[[[-80.885021,48.155973],[-80.88508,48.155856],[-80.885276,48.15569],[-80.885464,48.155622],[-80.885544,48.155647],[-80.885592,48.155704],[-80.885639,48.155911],[-80.885573,48.156023],[-80.885419,48.15615],[-80.885222,48.156228],[-80.885021,48.155973]]],[[[-80.864802,48.156986],[-80.86456,48.156942],[-80.864493,48.156891],[-80.864465,48.156821],[-80.86455,48.156643],[-80.864651,48.156557],[-80.864868,48.156504],[-80.865014,48.156524],[-80.8651,48.156575],[-80.865134,48.156648],[-80.865089,48.156807],[-80.864975,48.156916],[-80.864802,48.156986]]],[[[-80.88324,48.157491],[-80.883239,48.157294],[-80.883368,48.157336],[-80.883592,48.157584],[-80.883556,48.15763],[-80.883167,48.157704],[-80.88324,48.157491]]],[[[-80.875198,48.159488],[-80.8747,48.159889],[-80.874519,48.16014],[-80.87444,48.160196],[-80.874442,48.160027],[-80.874521,48.159785],[-80.874682,48.159585],[-80.875016,48.159296],[-80.875029,48.159218],[-80.874961,48.159077],[-80.874972,48.159024],[-80.8752,48.158938],[-80.875261,48.158878],[-80.875373,48.158906],[-80.875493,48.159003],[-80.875635,48.159196],[-80.875628,48.159282],[-80.875519,48.159394],[-80.8753,48.159435],[-80.875198,48.159488]]],[[[-80.912654,48.160748],[-80.912531,48.16074],[-80.912496,48.160699],[-80.912489,48.160629],[-80.912639,48.160273],[-80.912739,48.160149],[-80.91281,48.160124],[-80.91288,48.160135],[-80.912929,48.160186],[-80.912945,48.160392],[-80.91303,48.160516],[-80.913308,48.160682],[-80.912654,48.160748]]],[[[-80.900706,48.161069],[-80.900754,48.161022],[-80.900997,48.160975],[-80.901113,48.161005],[-80.901099,48.16108],[-80.901031,48.161125],[-80.900914,48.161172],[-80.900775,48.16118],[-80.900709,48.161107],[-80.900706,48.161069]]],[[[-80.887564,48.16162],[-80.887542,48.161507],[-80.887708,48.16109],[-80.887942,48.160957],[-80.888167,48.160987],[-80.888231,48.161063],[-80.888219,48.16112],[-80.887599,48.161618],[-80.887564,48.16162]]],[[[-80.89878,48.163559],[-80.898752,48.163613],[-80.898555,48.163577],[-80.898478,48.163671],[-80.898374,48.163672],[-80.898266,48.163617],[-80.898217,48.163537],[-80.898234,48.163459],[-80.89835,48.163376],[-80.898463,48.163357],[-80.898663,48.163414],[-80.89875,48.163489],[-80.89878,48.163559]]],[[[-80.876094,48.202202],[-80.876002,48.202336],[-80.875479,48.202336],[-80.875732,48.202018],[-80.875879,48.201978],[-80.876048,48.201999],[-80.876118,48.202093],[-80.876094,48.202202]]],[[[-80.845648,48.092128],[-80.845596,48.092046],[-80.845615,48.091944],[-80.845752,48.091918],[-80.84581,48.091989],[-80.845809,48.092077],[-80.845902,48.09219],[-80.845783,48.092187],[-80.845648,48.092128]]],[[[-80.858558,48.094584],[-80.858407,48.094645],[-80.858369,48.094577],[-80.858532,48.094489],[-80.858707,48.094457],[-80.858876,48.09448],[-80.858878,48.094538],[-80.858772,48.094592],[-80.858558,48.094584]]],[[[-80.859632,48.094621],[-80.859826,48.094444],[-80.860132,48.094381],[-80.859901,48.09454],[-80.859902,48.0947],[-80.859813,48.094747],[-80.85949,48.094729],[-80.859108,48.094563],[-80.859149,48.094537],[-80.859506,48.09463],[-80.859632,48.094621]]],[[[-80.821206,48.095534],[-80.821715,48.095502],[-80.822186,48.095402],[-80.822598,48.095406],[-80.822834,48.095517],[-80.823012,48.095832],[-80.82319,48.095995],[-80.823366,48.096087],[-80.823493,48.096108],[-80.824202,48.096035],[-80.824292,48.096079],[-80.824336,48.096252],[-80.824219,48.096501],[-80.82413,48.096611],[-80.823872,48.096687],[-80.823673,48.096681],[-80.823092,48.096489],[-80.822473,48.096201],[-80.822364,48.096129],[-80.822007,48.095775],[-80.821717,48.095594],[-80.821563,48.095564],[-80.821374,48.095612],[-80.821265,48.095607],[-80.821206,48.095534]]],[[[-80.820758,48.101415],[-80.820734,48.101298],[-80.820797,48.101245],[-80.820869,48.101252],[-80.820907,48.101325],[-80.82082,48.101488],[-80.820748,48.101529],[-80.820725,48.101501],[-80.820758,48.101415]]],[[[-80.845813,48.101469],[-80.845889,48.101425],[-80.845992,48.101444],[-80.846071,48.101536],[-80.846045,48.101586],[-80.845833,48.101505],[-80.845813,48.101469]]],[[[-80.849938,48.100901],[-80.850006,48.101017],[-80.850009,48.101197],[-80.850109,48.101276],[-80.850259,48.101291],[-80.850629,48.101221],[-80.85112,48.101346],[-80.85152,48.10121],[-80.852309,48.101041],[-80.853137,48.100977],[-80.853493,48.101024],[-80.853734,48.100953],[-80.854121,48.100922],[-80.854512,48.100845],[-80.854731,48.10077],[-80.855091,48.100415],[-80.855436,48.100314],[-80.8558,48.10035],[-80.85606,48.100453],[-80.856132,48.100558],[-80.856144,48.100756],[-80.855988,48.101082],[-80.855597,48.101527],[-80.855573,48.101787],[-80.855512,48.101958],[-80.855239,48.10217],[-80.855251,48.102328],[-80.855287,48.102382],[-80.855384,48.102333],[-80.855546,48.102416],[-80.855494,48.102494],[-80.855315,48.102578],[-80.85548,48.102714],[-80.855367,48.102715],[-80.855206,48.102781],[-80.855078,48.102615],[-80.854877,48.102523],[-80.854833,48.102472],[-80.854863,48.102378],[-80.855004,48.10226],[-80.855063,48.102065],[-80.855212,48.101842],[-80.855225,48.101772],[-80.855107,48.101662],[-80.854595,48.101419],[-80.854425,48.101233],[-80.854195,48.101111],[-80.85388,48.1011],[-80.853195,48.10117],[-80.852917,48.101202],[-80.85237,48.101405],[-80.851659,48.101508],[-80.851401,48.101657],[-80.851189,48.101875],[-80.850934,48.102039],[-80.850834,48.102197],[-80.85084,48.102267],[-80.850896,48.102353],[-80.851076,48.102475],[-80.851299,48.102708],[-80.851315,48.102782],[-80.851265,48.102866],[-80.851134,48.102985],[-80.850924,48.103106],[-80.850409,48.103282],[-80.850307,48.103259],[-80.850372,48.103097],[-80.850328,48.102994],[-80.849821,48.1026],[-80.849665,48.10244],[-80.84965,48.102215],[-80.8492,48.101993],[-80.849012,48.101791],[-80.848971,48.10165],[-80.84897,48.101416],[-80.849052,48.101304],[-80.849149,48.101237],[-80.849376,48.101166],[-80.849459,48.101099],[-80.849527,48.100958],[-80.849511,48.100829],[-80.849558,48.100791],[-80.849678,48.100795],[-80.849938,48.100901]]],[[[-80.810556,48.102497],[-80.809917,48.102285],[-80.809714,48.102144],[-80.809491,48.101792],[-80.809325,48.101684],[-80.809205,48.101767],[-80.809121,48.101872],[-80.808851,48.101997],[-80.808775,48.101982],[-80.808843,48.101929],[-80.808834,48.101889],[-80.808671,48.101716],[-80.808791,48.101602],[-80.80911,48.101688],[-80.809325,48.101608],[-80.80973,48.101597],[-80.809941,48.101381],[-80.810415,48.101035],[-80.810709,48.100875],[-80.810933,48.100805],[-80.811089,48.100794],[-80.811401,48.10086],[-80.811664,48.101053],[-80.811696,48.101484],[-80.812083,48.101875],[-80.812007,48.102148],[-80.812017,48.102232],[-80.812178,48.102413],[-80.812327,48.10242],[-80.812247,48.102504],[-80.812437,48.102627],[-80.812493,48.102885],[-80.812413,48.103072],[-80.812245,48.103227],[-80.811635,48.103549],[-80.811584,48.103667],[-80.811478,48.103597],[-80.81141,48.103612],[-80.811343,48.103572],[-80.811311,48.10327],[-80.811235,48.102954],[-80.811124,48.102688],[-80.810949,48.102563],[-80.810556,48.102497]]],[[[-80.804496,48.104142],[-80.804593,48.104163],[-80.804695,48.104135],[-80.804892,48.103899],[-80.805045,48.103292],[-80.805216,48.103058],[-80.805428,48.102943],[-80.805945,48.102926],[-80.806489,48.102995],[-80.807117,48.103273],[-80.807178,48.103314],[-80.807219,48.103401],[-80.80706,48.103564],[-80.806812,48.103719],[-80.806769,48.103803],[-80.806775,48.103891],[-80.806856,48.104007],[-80.806754,48.104086],[-80.806219,48.104168],[-80.805471,48.104136],[-80.804875,48.10425],[-80.804397,48.104196],[-80.804051,48.104356],[-80.803498,48.104406],[-80.803163,48.10462],[-80.803042,48.104564],[-80.803029,48.104435],[-80.803216,48.104171],[-80.803587,48.10395],[-80.804044,48.10387],[-80.804268,48.103905],[-80.804496,48.104142]]],[[[-80.830053,48.10583],[-80.829856,48.105813],[-80.829634,48.105676],[-80.829561,48.105599],[-80.829533,48.105504],[-80.829568,48.105363],[-80.829663,48.105238],[-80.829876,48.105139],[-80.830649,48.105206],[-80.830823,48.105276],[-80.830829,48.10536],[-80.83027,48.105739],[-80.830053,48.10583]]],[[[-80.843337,48.108849],[-80.843299,48.108871],[-80.842967,48.1083],[-80.842926,48.108072],[-80.84303,48.107828],[-80.843195,48.107695],[-80.843411,48.107614],[-80.843679,48.107585],[-80.843863,48.107632],[-80.843957,48.107736],[-80.843959,48.107808],[-80.843838,48.108191],[-80.843435,48.108621],[-80.843337,48.108849]]],[[[-80.845008,48.10854],[-80.845538,48.108388],[-80.845914,48.108356],[-80.846054,48.108288],[-80.846171,48.108155],[-80.846367,48.10782],[-80.846694,48.107544],[-80.846715,48.107435],[-80.846632,48.107233],[-80.846623,48.107114],[-80.846689,48.107072],[-80.846829,48.107104],[-80.846897,48.10718],[-80.847018,48.107616],[-80.84695,48.108163],[-80.846761,48.108452],[-80.846427,48.108696],[-80.846747,48.108746],[-80.847812,48.108723],[-80.848085,48.108746],[-80.849041,48.108991],[-80.849318,48.109127],[-80.849482,48.109301],[-80.8495,48.109396],[-80.849418,48.109856],[-80.84934,48.109965],[-80.849221,48.110026],[-80.848246,48.110153],[-80.848074,48.110132],[-80.847831,48.110018],[-80.847348,48.110041],[-80.847266,48.110073],[-80.847311,48.110126],[-80.847546,48.110211],[-80.848023,48.110457],[-80.848659,48.110555],[-80.848882,48.110734],[-80.848976,48.110867],[-80.849006,48.111058],[-80.848965,48.111279],[-80.848986,48.111551],[-80.848933,48.111691],[-80.848862,48.111768],[-80.848707,48.11181],[-80.847573,48.111898],[-80.847332,48.11183],[-80.847109,48.111683],[-80.846713,48.111533],[-80.846465,48.111472],[-80.846032,48.111452],[-80.845672,48.111397],[-80.844972,48.111176],[-80.84448,48.11096],[-80.844124,48.110692],[-80.843915,48.110441],[-80.843772,48.110122],[-80.843697,48.109581],[-80.843732,48.109365],[-80.843971,48.10902],[-80.844096,48.108938],[-80.844737,48.108642],[-80.845008,48.10854]]],[[[-80.811752,48.111622],[-80.811439,48.111486],[-80.811154,48.111224],[-80.810938,48.111075],[-80.810872,48.110913],[-80.81073,48.11071],[-80.810706,48.110613],[-80.810751,48.110395],[-80.810877,48.110138],[-80.810883,48.109945],[-80.811193,48.109582],[-80.811286,48.109508],[-80.811448,48.109498],[-80.811548,48.1094],[-80.811619,48.109269],[-80.811639,48.109128],[-80.811816,48.108871],[-80.811806,48.108583],[-80.811888,48.108491],[-80.811949,48.108491],[-80.812922,48.109142],[-80.813231,48.109227],[-80.81363,48.109243],[-80.813972,48.109189],[-80.814096,48.109143],[-80.814244,48.109034],[-80.814301,48.10892],[-80.814366,48.108578],[-80.814454,48.108454],[-80.814756,48.108359],[-80.81492,48.108385],[-80.814976,48.108454],[-80.814986,48.108522],[-80.814933,48.10884],[-80.814948,48.108986],[-80.815015,48.109111],[-80.81527,48.109408],[-80.815341,48.109619],[-80.815331,48.109788],[-80.815146,48.110463],[-80.815045,48.111015],[-80.815087,48.111281],[-80.815285,48.111816],[-80.815309,48.112091],[-80.815241,48.112247],[-80.81515,48.112311],[-80.814945,48.112358],[-80.814777,48.112325],[-80.814545,48.112213],[-80.814224,48.112238],[-80.814069,48.11222],[-80.813523,48.112],[-80.812191,48.11164],[-80.811752,48.111622]]],[[[-80.850547,48.109927],[-80.850775,48.109825],[-80.851215,48.109765],[-80.851872,48.109802],[-80.852329,48.109918],[-80.852758,48.110118],[-80.852895,48.110283],[-80.852939,48.110593],[-80.852908,48.110737],[-80.852834,48.110868],[-80.852593,48.111099],[-80.852435,48.111184],[-80.85221,48.111231],[-80.851743,48.111211],[-80.851554,48.111365],[-80.851336,48.11146],[-80.850992,48.111497],[-80.85081,48.111486],[-80.850673,48.111447],[-80.850486,48.111329],[-80.850365,48.111212],[-80.850298,48.111096],[-80.850274,48.110963],[-80.850349,48.110446],[-80.850451,48.110302],[-80.850479,48.110002],[-80.850547,48.109927]]],[[[-80.842358,48.112606],[-80.842257,48.112545],[-80.842213,48.112467],[-80.842213,48.112384],[-80.842257,48.112282],[-80.842345,48.112204],[-80.842302,48.112332],[-80.842324,48.112426],[-80.842406,48.112523],[-80.842535,48.11256],[-80.842482,48.112384],[-80.842533,48.112277],[-80.842688,48.112186],[-80.842911,48.112143],[-80.843298,48.112179],[-80.843726,48.112444],[-80.843793,48.112417],[-80.844233,48.112427],[-80.844775,48.11237],[-80.845155,48.112401],[-80.845629,48.112311],[-80.845758,48.112323],[-80.845713,48.112361],[-80.845266,48.112504],[-80.844505,48.11293],[-80.843977,48.11299],[-80.843516,48.113138],[-80.843296,48.113132],[-80.843051,48.113066],[-80.842851,48.112956],[-80.842796,48.112805],[-80.842842,48.112766],[-80.842945,48.112793],[-80.842987,48.112767],[-80.84299,48.112646],[-80.842939,48.112588],[-80.842518,48.112636],[-80.842358,48.112606]]],[[[-80.804272,48.11355],[-80.803834,48.113345],[-80.803746,48.113248],[-80.803787,48.113072],[-80.803935,48.112959],[-80.804126,48.112908],[-80.804325,48.112912],[-80.804423,48.11295],[-80.804493,48.11308],[-80.804468,48.113474],[-80.804413,48.113522],[-80.804272,48.11355]]],[[[-80.830255,48.124118],[-80.830419,48.124364],[-80.83041,48.124442],[-80.830359,48.124489],[-80.829695,48.124628],[-80.829166,48.124839],[-80.828746,48.125085],[-80.828469,48.125351],[-80.827845,48.125699],[-80.827452,48.125873],[-80.827046,48.126177],[-80.826892,48.126203],[-80.82651,48.126158],[-80.826132,48.126002],[-80.826012,48.125883],[-80.825999,48.125719],[-80.826033,48.125628],[-80.826185,48.125437],[-80.826554,48.125193],[-80.827307,48.124972],[-80.827368,48.12488],[-80.827291,48.124791],[-80.827889,48.124576],[-80.828657,48.124449],[-80.828934,48.124329],[-80.8292,48.123959],[-80.829289,48.123749],[-80.829288,48.123637],[-80.82913,48.123335],[-80.829143,48.123252],[-80.829229,48.123174],[-80.829497,48.123123],[-80.829655,48.123154],[-80.829923,48.123305],[-80.830103,48.123482],[-80.830208,48.123686],[-80.830255,48.124118]]],[[[-80.838384,48.127951],[-80.838242,48.127947],[-80.837972,48.127763],[-80.837783,48.127571],[-80.837683,48.12742],[-80.837359,48.12659],[-80.837351,48.126454],[-80.837388,48.126347],[-80.837471,48.126254],[-80.837767,48.12609],[-80.837906,48.126064],[-80.838609,48.126081],[-80.838826,48.12619],[-80.839089,48.126489],[-80.839403,48.126617],[-80.839554,48.126647],[-80.839933,48.126612],[-80.840201,48.126641],[-80.840267,48.126603],[-80.840225,48.126441],[-80.840294,48.126359],[-80.840431,48.126326],[-80.840761,48.126338],[-80.840941,48.126261],[-80.840981,48.126175],[-80.840946,48.125964],[-80.840986,48.125895],[-80.841079,48.125875],[-80.841341,48.125912],[-80.841592,48.125873],[-80.84169,48.125908],[-80.841805,48.126003],[-80.842111,48.126374],[-80.842427,48.126681],[-80.842582,48.126769],[-80.842687,48.126769],[-80.842793,48.126665],[-80.842897,48.126345],[-80.843017,48.12615],[-80.843146,48.126145],[-80.843339,48.126204],[-80.843435,48.126373],[-80.843439,48.12647],[-80.843352,48.126621],[-80.843145,48.126818],[-80.84287,48.126982],[-80.8426,48.127039],[-80.842025,48.126977],[-80.841808,48.127134],[-80.841634,48.127177],[-80.841493,48.127158],[-80.841196,48.127054],[-80.841038,48.12705],[-80.840894,48.127107],[-80.840687,48.127265],[-80.840398,48.127388],[-80.840314,48.127497],[-80.840277,48.127703],[-80.840325,48.127848],[-80.840453,48.128021],[-80.840431,48.128235],[-80.840473,48.128472],[-80.840381,48.128749],[-80.840365,48.129154],[-80.840136,48.129473],[-80.840251,48.129591],[-80.840191,48.129645],[-80.839938,48.129534],[-80.840073,48.12924],[-80.840049,48.128998],[-80.840154,48.128797],[-80.840185,48.128606],[-80.84025,48.128445],[-80.840261,48.128362],[-80.840223,48.128251],[-80.840139,48.128163],[-80.840032,48.128123],[-80.839392,48.1281],[-80.838969,48.12785],[-80.83877,48.127772],[-80.838643,48.127781],[-80.838384,48.127951]]],[[[-80.834895,48.129538],[-80.834699,48.129259],[-80.834582,48.128956],[-80.834497,48.12883],[-80.834514,48.128692],[-80.834566,48.128586],[-80.834665,48.128506],[-80.834787,48.128471],[-80.834973,48.128523],[-80.835133,48.12882],[-80.83517,48.129022],[-80.835292,48.129243],[-80.835223,48.12964],[-80.834895,48.129538]]],[[[-80.844136,48.136457],[-80.844049,48.136304],[-80.844076,48.136207],[-80.844208,48.136166],[-80.844353,48.136211],[-80.844396,48.136256],[-80.844426,48.136383],[-80.844363,48.136479],[-80.844207,48.136496],[-80.844136,48.136457]]],[[[-80.795891,48.13681],[-80.795969,48.136821],[-80.796024,48.136861],[-80.796039,48.136916],[-80.796008,48.136971],[-80.795883,48.13692],[-80.795846,48.136834],[-80.795891,48.13681]]],[[[-80.853616,48.147736],[-80.853683,48.147682],[-80.854184,48.147392],[-80.85453,48.147256],[-80.854566,48.147175],[-80.854556,48.146802],[-80.854635,48.146668],[-80.854789,48.146522],[-80.85514,48.146267],[-80.85527,48.146226],[-80.855895,48.146149],[-80.856014,48.146099],[-80.85608,48.146024],[-80.85603,48.145308],[-80.855432,48.145062],[-80.855326,48.144967],[-80.855155,48.144719],[-80.854702,48.144515],[-80.854514,48.144398],[-80.854386,48.144186],[-80.854335,48.144004],[-80.85432,48.143911],[-80.854367,48.14373],[-80.854723,48.143684],[-80.855115,48.143578],[-80.855299,48.143567],[-80.855828,48.143789],[-80.855921,48.143864],[-80.855991,48.144008],[-80.856058,48.144057],[-80.856201,48.144078],[-80.856568,48.144055],[-80.856764,48.144154],[-80.856825,48.144283],[-80.856755,48.14459],[-80.856838,48.144822],[-80.856945,48.144978],[-80.857278,48.145223],[-80.857348,48.145394],[-80.857598,48.145793],[-80.857627,48.145918],[-80.857501,48.146263],[-80.857419,48.146382],[-80.857101,48.146577],[-80.856871,48.146863],[-80.856433,48.147011],[-80.85633,48.147084],[-80.856326,48.14718],[-80.856446,48.147356],[-80.856535,48.147572],[-80.856516,48.147631],[-80.856351,48.147768],[-80.856127,48.147838],[-80.855749,48.148061],[-80.855567,48.148131],[-80.855436,48.148132],[-80.855025,48.148018],[-80.854053,48.148074],[-80.853803,48.148018],[-80.853661,48.147946],[-80.853593,48.1478],[-80.853616,48.147736]]],[[[-80.846403,48.149511],[-80.846195,48.149408],[-80.846155,48.149347],[-80.846164,48.149285],[-80.846478,48.149018],[-80.84657,48.148968],[-80.846728,48.148973],[-80.846907,48.149138],[-80.846962,48.149304],[-80.846952,48.149472],[-80.846861,48.149511],[-80.846403,48.149511]]],[[[-80.847378,48.15096],[-80.847062,48.150916],[-80.846694,48.150983],[-80.846553,48.150931],[-80.846542,48.150891],[-80.846936,48.150795],[-80.84736,48.150858],[-80.847463,48.150903],[-80.847444,48.150947],[-80.847378,48.15096]]],[[[-80.84723,48.15199],[-80.84705,48.152135],[-80.846773,48.152173],[-80.846688,48.152133],[-80.846758,48.15157],[-80.846869,48.151419],[-80.846956,48.151455],[-80.846977,48.151633],[-80.846941,48.151783],[-80.846952,48.151852],[-80.847026,48.15191],[-80.847206,48.151945],[-80.84723,48.15199]]],[[[-80.795099,48.152221],[-80.79512,48.152263],[-80.79509,48.152294],[-80.794941,48.152292],[-80.794698,48.152103],[-80.794674,48.152047],[-80.794712,48.151949],[-80.794564,48.151812],[-80.794115,48.151691],[-80.794103,48.151658],[-80.794169,48.151521],[-80.794306,48.151456],[-80.794483,48.151504],[-80.794572,48.151563],[-80.794665,48.151765],[-80.794799,48.151913],[-80.794867,48.15207],[-80.795099,48.152221]]],[[[-80.82843,48.164266],[-80.828508,48.163999],[-80.828454,48.163815],[-80.828136,48.163463],[-80.827737,48.163197],[-80.827424,48.163087],[-80.826726,48.163013],[-80.826637,48.162954],[-80.826549,48.162795],[-80.826472,48.162757],[-80.826344,48.162785],[-80.826125,48.162966],[-80.825882,48.162988],[-80.825763,48.162959],[-80.825487,48.162808],[-80.825273,48.16265],[-80.82493,48.16228],[-80.824847,48.162122],[-80.824713,48.161609],[-80.824723,48.161298],[-80.824788,48.161144],[-80.825125,48.160813],[-80.825624,48.160414],[-80.825845,48.160306],[-80.826228,48.160224],[-80.826361,48.160145],[-80.826579,48.159849],[-80.826594,48.159631],[-80.826364,48.159123],[-80.826076,48.158644],[-80.825796,48.158349],[-80.825367,48.158067],[-80.825257,48.157944],[-80.825183,48.157589],[-80.82508,48.157283],[-80.825058,48.156878],[-80.824865,48.156383],[-80.82483,48.156],[-80.824552,48.155513],[-80.824386,48.15533],[-80.824114,48.15518],[-80.823503,48.155091],[-80.822463,48.154727],[-80.821597,48.154717],[-80.81966,48.155289],[-80.818837,48.155735],[-80.818583,48.156034],[-80.818173,48.156335],[-80.817318,48.156729],[-80.817148,48.156863],[-80.816819,48.157216],[-80.816723,48.157275],[-80.816527,48.157321],[-80.815884,48.157284],[-80.815308,48.157443],[-80.814937,48.157394],[-80.814277,48.157181],[-80.813574,48.156859],[-80.813233,48.156657],[-80.812976,48.156463],[-80.81263,48.156105],[-80.812564,48.155987],[-80.812539,48.155853],[-80.812559,48.155587],[-80.812454,48.155425],[-80.812323,48.155404],[-80.812044,48.155445],[-80.811838,48.155612],[-80.811656,48.155835],[-80.811584,48.156145],[-80.811496,48.15629],[-80.811375,48.156451],[-80.811205,48.156587],[-80.810121,48.157047],[-80.809443,48.157199],[-80.809075,48.157217],[-80.808393,48.156906],[-80.808125,48.15686],[-80.808004,48.156798],[-80.807806,48.156804],[-80.807486,48.156878],[-80.807339,48.156955],[-80.807284,48.157035],[-80.807231,48.157057],[-80.806426,48.157169],[-80.806008,48.157137],[-80.804778,48.156838],[-80.804526,48.156718],[-80.804224,48.156624],[-80.803848,48.156429],[-80.802779,48.156262],[-80.802215,48.156425],[-80.802053,48.156541],[-80.801803,48.15659],[-80.801477,48.156874],[-80.801394,48.15691],[-80.801155,48.156908],[-80.801035,48.156954],[-80.800234,48.156883],[-80.800078,48.156934],[-80.799931,48.156923],[-80.799848,48.156896],[-80.799808,48.156811],[-80.79965,48.156742],[-80.799616,48.156704],[-80.799615,48.156615],[-80.799769,48.156459],[-80.799792,48.156374],[-80.799887,48.156244],[-80.800008,48.1562],[-80.800318,48.156208],[-80.800609,48.156144],[-80.800974,48.155965],[-80.801229,48.155759],[-80.801466,48.155239],[-80.801545,48.155139],[-80.801864,48.154908],[-80.802037,48.154857],[-80.802598,48.154746],[-80.802838,48.154764],[-80.80329,48.154697],[-80.803526,48.154709],[-80.804014,48.154622],[-80.804864,48.154387],[-80.806028,48.154298],[-80.806671,48.154158],[-80.806834,48.154087],[-80.807515,48.153979],[-80.808114,48.15384],[-80.808391,48.153861],[-80.808504,48.153833],[-80.80902,48.153942],[-80.809643,48.153808],[-80.809938,48.153902],[-80.810437,48.154002],[-80.810554,48.153939],[-80.810864,48.153887],[-80.81116,48.15374],[-80.811292,48.15356],[-80.811289,48.15348],[-80.811161,48.153329],[-80.810893,48.152816],[-80.810979,48.152702],[-80.811172,48.15263],[-80.811373,48.152603],[-80.811571,48.152628],[-80.811703,48.152698],[-80.811651,48.152772],[-80.811699,48.152858],[-80.811803,48.15281],[-80.81186,48.152824],[-80.811873,48.152867],[-80.811839,48.152928],[-80.811901,48.153012],[-80.811851,48.1532],[-80.811945,48.153367],[-80.811952,48.153471],[-80.812029,48.153587],[-80.812205,48.153672],[-80.812302,48.153804],[-80.812454,48.15388],[-80.812454,48.153855],[-80.812675,48.153936],[-80.812982,48.153976],[-80.813264,48.153979],[-80.813543,48.153936],[-80.813713,48.153873],[-80.813844,48.153783],[-80.813911,48.153695],[-80.813985,48.15349],[-80.814087,48.153436],[-80.814211,48.153478],[-80.814392,48.153697],[-80.814523,48.153775],[-80.814784,48.153776],[-80.814865,48.153733],[-80.814894,48.15367],[-80.814817,48.153525],[-80.814575,48.153289],[-80.81441,48.153224],[-80.814097,48.153186],[-80.814001,48.15312],[-80.813971,48.153041],[-80.813979,48.15294],[-80.814131,48.152656],[-80.814145,48.152564],[-80.814114,48.152476],[-80.813961,48.152273],[-80.813783,48.152165],[-80.813385,48.152124],[-80.812453,48.152269],[-80.811949,48.152239],[-80.811589,48.152134],[-80.81139,48.151991],[-80.811306,48.151807],[-80.811327,48.151688],[-80.811155,48.151578],[-80.810172,48.151574],[-80.809563,48.151346],[-80.80927,48.151152],[-80.809156,48.150947],[-80.808624,48.15039],[-80.808493,48.150198],[-80.808391,48.149904],[-80.80842,48.149805],[-80.808348,48.149677],[-80.808415,48.149591],[-80.808313,48.149544],[-80.808312,48.149398],[-80.808148,48.149193],[-80.808109,48.149021],[-80.808167,48.148904],[-80.808337,48.148747],[-80.808324,48.148638],[-80.808249,48.14856],[-80.808256,48.148455],[-80.808402,48.148395],[-80.8084,48.148306],[-80.808471,48.148237],[-80.808482,48.148121],[-80.808587,48.148022],[-80.808591,48.147941],[-80.808774,48.147726],[-80.808872,48.147684],[-80.80909,48.147398],[-80.809366,48.147266],[-80.80942,48.147146],[-80.809407,48.147045],[-80.80911,48.146886],[-80.809093,48.146703],[-80.80881,48.146445],[-80.808483,48.14635],[-80.808229,48.146188],[-80.807934,48.145791],[-80.807795,48.145331],[-80.807858,48.145201],[-80.807853,48.145091],[-80.807761,48.144985],[-80.8076,48.144621],[-80.807426,48.14436],[-80.80721,48.144125],[-80.806907,48.143869],[-80.806787,48.143719],[-80.80666,48.14369],[-80.806482,48.143774],[-80.80534,48.143576],[-80.805091,48.143495],[-80.804795,48.143307],[-80.804612,48.143168],[-80.804514,48.14304],[-80.804483,48.142914],[-80.804522,48.142732],[-80.804491,48.142676],[-80.80381,48.142015],[-80.803322,48.141745],[-80.803287,48.141691],[-80.803316,48.141488],[-80.803604,48.141375],[-80.803617,48.141311],[-80.803768,48.141331],[-80.803994,48.141891],[-80.804281,48.142052],[-80.804382,48.142266],[-80.804548,48.142433],[-80.804628,48.142457],[-80.804674,48.142412],[-80.804772,48.142451],[-80.80503,48.14272],[-80.805119,48.142772],[-80.805271,48.142783],[-80.805446,48.142739],[-80.805919,48.142358],[-80.806168,48.14233],[-80.806191,48.142242],[-80.806273,48.142199],[-80.806763,48.142168],[-80.806962,48.142196],[-80.807277,48.142346],[-80.80744,48.142463],[-80.807844,48.142604],[-80.807989,48.142748],[-80.808173,48.142847],[-80.808442,48.143072],[-80.808645,48.143187],[-80.808821,48.143367],[-80.809117,48.143523],[-80.809177,48.143602],[-80.809207,48.143779],[-80.809243,48.143832],[-80.80965,48.143973],[-80.810119,48.14397],[-80.811399,48.143753],[-80.812351,48.143685],[-80.81296,48.143798],[-80.813222,48.143878],[-80.813761,48.144108],[-80.814717,48.144607],[-80.815263,48.144962],[-80.815412,48.145133],[-80.815476,48.145257],[-80.815616,48.145657],[-80.815798,48.14587],[-80.816013,48.146029],[-80.816782,48.146406],[-80.81861,48.147076],[-80.819557,48.147629],[-80.820504,48.148022],[-80.821272,48.148482],[-80.822691,48.149248],[-80.823466,48.149589],[-80.823594,48.149709],[-80.823609,48.149843],[-80.823352,48.150394],[-80.823302,48.150429],[-80.823164,48.150426],[-80.823112,48.150457],[-80.823161,48.150546],[-80.823661,48.150777],[-80.824222,48.151113],[-80.824352,48.151089],[-80.824369,48.150915],[-80.824443,48.150821],[-80.824648,48.15074],[-80.824865,48.150764],[-80.825346,48.15097],[-80.825769,48.151185],[-80.826088,48.151415],[-80.826731,48.152079],[-80.826812,48.152191],[-80.826884,48.152394],[-80.826952,48.152461],[-80.827436,48.152579],[-80.828137,48.152845],[-80.828555,48.153038],[-80.829132,48.153172],[-80.829375,48.153287],[-80.829475,48.153461],[-80.829465,48.153884],[-80.829495,48.154092],[-80.829551,48.154236],[-80.829646,48.154334],[-80.829748,48.154375],[-80.829865,48.154376],[-80.830111,48.154242],[-80.830224,48.15422],[-80.830458,48.154311],[-80.830706,48.154348],[-80.830876,48.154469],[-80.831284,48.15512],[-80.831454,48.155254],[-80.831828,48.155349],[-80.832368,48.155318],[-80.832986,48.155438],[-80.833244,48.155533],[-80.833835,48.155958],[-80.834333,48.156464],[-80.83482,48.157055],[-80.83502,48.157375],[-80.835047,48.157522],[-80.835029,48.157672],[-80.834831,48.158266],[-80.834811,48.159012],[-80.834841,48.159244],[-80.835032,48.159719],[-80.83502,48.159995],[-80.835067,48.160356],[-80.835051,48.160521],[-80.834987,48.160658],[-80.834723,48.160965],[-80.834389,48.161548],[-80.833767,48.162424],[-80.833647,48.162827],[-80.833641,48.163169],[-80.833748,48.163674],[-80.833705,48.16449],[-80.834046,48.165415],[-80.834245,48.165864],[-80.83361,48.165924],[-80.833302,48.165742],[-80.83237,48.165342],[-80.832128,48.165188],[-80.831872,48.165085],[-80.831542,48.165043],[-80.831099,48.165067],[-80.830747,48.165039],[-80.829921,48.164911],[-80.82933,48.164766],[-80.828458,48.164356],[-80.82843,48.164266]],[[-80.832507,48.163481],[-80.832271,48.163279],[-80.832203,48.163144],[-80.832221,48.162199],[-80.832529,48.161929],[-80.832579,48.161861],[-80.832621,48.161659],[-80.832929,48.161389],[-80.832979,48.161321],[-80.833021,48.161119],[-80.833379,48.160781],[-80.833421,48.160309],[-80.833729,48.160039],[-80.833797,48.159904],[-80.833779,48.159229],[-80.833471,48.158959],[-80.833403,48.158824],[-80.833397,48.157136],[-80.833329,48.157001],[-80.833021,48.156731],[-80.832979,48.156529],[-80.832929,48.156461],[-80.83265,48.156273],[-80.83215,48.156177],[-80.83175,48.155969],[-80.83115,48.155953],[-80.83095,48.155907],[-80.82985,48.155191],[-80.82965,48.155147],[-80.82905,48.155131],[-80.82885,48.155041],[-80.828353,48.154706],[-80.828221,48.154571],[-80.828191,48.154031],[-80.82815,48.15389],[-80.828059,48.153829],[-80.82795,48.15381],[-80.82745,48.153781],[-80.82725,48.153691],[-80.825153,48.152276],[-80.825021,48.152141],[-80.824979,48.151939],[-80.824929,48.151871],[-80.82465,48.151681],[-80.82445,48.151637],[-80.82385,48.151621],[-80.82345,48.151413],[-80.82305,48.151351],[-80.82285,48.151261],[-80.822271,48.150859],[-80.822203,48.150724],[-80.822197,48.150386],[-80.822132,48.150251],[-80.82147,48.149779],[-80.82135,48.14957],[-80.821258,48.149509],[-80.82075,48.149473],[-80.82055,48.149427],[-80.81945,48.148711],[-80.81895,48.148617],[-80.81755,48.147688],[-80.81735,48.147599],[-80.81695,48.147537],[-80.81625,48.147091],[-80.81605,48.147047],[-80.81545,48.147031],[-80.81525,48.146941],[-80.814671,48.146539],[-80.814529,48.146201],[-80.814221,48.145931],[-80.81415,48.14552],[-80.814059,48.145459],[-80.81375,48.145377],[-80.81345,48.145189],[-80.81307,48.144919],[-80.81295,48.14471],[-80.812858,48.144649],[-80.81245,48.144615],[-80.80985,48.144617],[-80.80955,48.144646],[-80.80945,48.14471],[-80.809403,48.144919],[-80.8094,48.145256],[-80.809421,48.145391],[-80.809471,48.145459],[-80.810847,48.146404],[-80.810979,48.146539],[-80.810997,48.146606],[-80.810979,48.147551],[-80.810847,48.147686],[-80.810268,48.148091],[-80.810219,48.148159],[-80.810179,48.148361],[-80.809821,48.148699],[-80.8098,48.149576],[-80.809821,48.149711],[-80.809871,48.149779],[-80.81053,48.150251],[-80.81065,48.15046],[-80.810742,48.150521],[-80.81175,48.150569],[-80.81195,48.150659],[-80.81245,48.150992],[-80.81265,48.151082],[-80.81455,48.151109],[-80.81475,48.151199],[-80.81505,48.151399],[-80.815247,48.151534],[-80.815379,48.151669],[-80.815421,48.152411],[-80.815729,48.152681],[-80.815797,48.152816],[-80.815779,48.153761],[-80.815647,48.153896],[-80.81465,48.154557],[-80.81445,48.154603],[-80.81395,48.154633],[-80.81385,48.154669],[-80.813809,48.154706],[-80.8138,48.154774],[-80.8138,48.155246],[-80.813821,48.155381],[-80.813871,48.155449],[-80.81495,48.156177],[-80.81515,48.156223],[-80.81575,48.156212],[-80.81595,48.156122],[-80.81655,48.155733],[-80.81695,48.155671],[-80.81715,48.155581],[-80.817381,48.155381],[-80.817421,48.155179],[-80.817471,48.155111],[-80.81855,48.154383],[-80.81875,48.154337],[-80.81935,48.154321],[-80.81985,48.154079],[-80.82025,48.154017],[-80.82065,48.153809],[-80.82325,48.153797],[-80.82345,48.153843],[-80.82385,48.154051],[-80.82445,48.154067],[-80.82465,48.154113],[-80.826047,48.155044],[-80.826179,48.155179],[-80.826221,48.155921],[-80.826529,48.156191],[-80.826597,48.156326],[-80.826621,48.157271],[-80.826753,48.157406],[-80.827329,48.157811],[-80.827379,48.157879],[-80.827421,48.158081],[-80.827729,48.158351],[-80.827797,48.158486],[-80.827779,48.160241],[-80.827647,48.160376],[-80.827071,48.160781],[-80.826929,48.161119],[-80.826356,48.161524],[-80.82629,48.161591],[-80.826292,48.161659],[-80.82645,48.161792],[-80.82665,48.161882],[-80.82735,48.161909],[-80.82785,48.162151],[-80.82845,48.162167],[-80.82865,48.162213],[-80.829329,48.162671],[-80.829471,48.163009],[-80.829779,48.163279],[-80.82985,48.163689],[-80.829941,48.163751],[-80.83025,48.163833],[-80.83055,48.164007],[-80.83075,48.164053],[-80.83195,48.16404],[-80.832059,48.164021],[-80.83215,48.16396],[-80.83227,48.163751],[-80.832507,48.163549],[-80.832507,48.163481]],[[-80.80965,48.155955],[-80.81005,48.155924],[-80.810154,48.155854],[-80.810219,48.155449],[-80.810524,48.155179],[-80.810567,48.155111],[-80.810558,48.154976],[-80.810508,48.154909],[-80.81035,48.154875],[-80.80595,48.154877],[-80.805793,48.154909],[-80.80565,48.154979],[-80.804983,48.155449],[-80.804986,48.155516],[-80.80505,48.155603],[-80.80545,48.155733],[-80.80615,48.156162],[-80.80625,48.156162],[-80.806593,48.155989],[-80.80685,48.155955],[-80.80965,48.155955]],[[-80.805356,48.142968],[-80.805308,48.14295],[-80.805233,48.143014],[-80.805205,48.143285],[-80.805298,48.143357],[-80.805388,48.143043],[-80.805356,48.142968]]],[[[-80.850372,48.153775],[-80.85039,48.153732],[-80.850536,48.153707],[-80.850751,48.153764],[-80.850807,48.153811],[-80.85081,48.153927],[-80.85075,48.153995],[-80.850616,48.154049],[-80.850434,48.153931],[-80.850372,48.153775]]],[[[-80.799158,48.156618],[-80.799567,48.156499],[-80.799352,48.15665],[-80.799217,48.156693],[-80.799018,48.156702],[-80.799158,48.156618]]],[[[-80.798797,48.15681],[-80.798801,48.156859],[-80.79866,48.157039],[-80.798324,48.157162],[-80.798194,48.157276],[-80.798134,48.15729],[-80.79813,48.157123],[-80.798198,48.157079],[-80.7982,48.157035],[-80.798584,48.156959],[-80.798617,48.156895],[-80.798604,48.156762],[-80.79871,48.15673],[-80.798797,48.15681]]],[[[-80.850577,48.166075],[-80.85059,48.166033],[-80.850673,48.165957],[-80.850796,48.165922],[-80.850952,48.165933],[-80.851012,48.165967],[-80.851029,48.166015],[-80.850994,48.166069],[-80.850823,48.166135],[-80.850613,48.166141],[-80.850577,48.166075]]],[[[-80.812126,48.178325],[-80.81226,48.178309],[-80.812428,48.178399],[-80.812457,48.178567],[-80.812209,48.178611],[-80.811775,48.178591],[-80.811548,48.178555],[-80.811448,48.178483],[-80.81132,48.178579],[-80.811062,48.178577],[-80.810952,48.178631],[-80.810927,48.178617],[-80.811008,48.178534],[-80.811227,48.1785],[-80.811403,48.178395],[-80.81179,48.178465],[-80.811914,48.178447],[-80.812126,48.178325]]],[[[-80.8027,48.180887],[-80.802651,48.180861],[-80.802281,48.181029],[-80.802243,48.181016],[-80.802459,48.18084],[-80.802681,48.18075],[-80.802821,48.180842],[-80.802781,48.181026],[-80.8027,48.180887]]],[[[-80.798544,48.183373],[-80.798555,48.183328],[-80.798624,48.183282],[-80.798797,48.183296],[-80.798972,48.183209],[-80.799014,48.183153],[-80.799007,48.18309],[-80.799268,48.183084],[-80.799603,48.183163],[-80.799668,48.183201],[-80.799681,48.183245],[-80.799673,48.183275],[-80.799533,48.183309],[-80.799522,48.18345],[-80.799578,48.183612],[-80.799523,48.183861],[-80.799264,48.183566],[-80.798902,48.183497],[-80.798745,48.18354],[-80.79871,48.183473],[-80.79862,48.183391],[-80.798544,48.183373]]],[[[-80.81321,48.186381],[-80.813145,48.186206],[-80.812993,48.186016],[-80.813162,48.185963],[-80.813578,48.18597],[-80.81338,48.186109],[-80.813268,48.186236],[-80.81321,48.186381]]],[[[-80.800913,48.18671],[-80.801057,48.186631],[-80.801148,48.186634],[-80.800971,48.186828],[-80.800906,48.186768],[-80.800913,48.18671]]],[[[-80.794167,48.199752],[-80.794264,48.199754],[-80.794322,48.199792],[-80.79421,48.199827],[-80.794232,48.199891],[-80.79467,48.20011],[-80.794881,48.20026],[-80.794507,48.200105],[-80.794292,48.200082],[-80.79423,48.200153],[-80.794011,48.200041],[-80.793999,48.199991],[-80.794063,48.199823],[-80.794167,48.199752]]],[[[-80.829566,48.200236],[-80.829709,48.200095],[-80.829774,48.200069],[-80.830185,48.200329],[-80.830264,48.200426],[-80.830308,48.20055],[-80.830208,48.200684],[-80.830072,48.200741],[-80.829718,48.200705],[-80.829465,48.200716],[-80.829359,48.200698],[-80.829063,48.200539],[-80.829014,48.200471],[-80.829058,48.200426],[-80.829315,48.200357],[-80.829566,48.200236]]],[[[-80.801255,48.203609],[-80.801432,48.203524],[-80.801772,48.203557],[-80.802009,48.203449],[-80.802061,48.203536],[-80.802133,48.203555],[-80.802352,48.20344],[-80.802492,48.203512],[-80.80255,48.203422],[-80.802644,48.203614],[-80.802597,48.203714],[-80.802658,48.20379],[-80.802606,48.203862],[-80.802625,48.203967],[-80.802799,48.204223],[-80.802894,48.204447],[-80.802697,48.204319],[-80.802269,48.204117],[-80.80204,48.204086],[-80.801862,48.204007],[-80.801628,48.204068],[-80.80152,48.20405],[-80.801453,48.203979],[-80.801436,48.203891],[-80.801369,48.203792],[-80.801179,48.203695],[-80.801255,48.203609]]],[[[-80.802435,48.20592],[-80.802488,48.20588],[-80.802586,48.205878],[-80.802608,48.205945],[-80.802486,48.206052],[-80.802408,48.206057],[-80.802435,48.20592]]],[[[-80.804241,48.207367],[-80.804392,48.207311],[-80.804422,48.207362],[-80.804409,48.207462],[-80.80426,48.207621],[-80.804177,48.207423],[-80.804241,48.207367]]],[[[-80.859047,48.212833],[-80.85898,48.212734],[-80.859026,48.212613],[-80.859123,48.212526],[-80.859352,48.2125],[-80.859501,48.212539],[-80.859629,48.212626],[-80.859716,48.212718],[-80.859751,48.212814],[-80.859121,48.212861],[-80.859047,48.212833]]],[[[-80.767364,48.088384],[-80.767523,48.088464],[-80.767564,48.088627],[-80.76744,48.088976],[-80.767379,48.089058],[-80.767283,48.089114],[-80.767131,48.089313],[-80.766634,48.089569],[-80.766354,48.089588],[-80.765936,48.089464],[-80.765483,48.089217],[-80.765353,48.089109],[-80.765157,48.088718],[-80.765153,48.088569],[-80.765294,48.088341],[-80.765538,48.088258],[-80.765648,48.088188],[-80.765736,48.088199],[-80.766317,48.088104],[-80.766587,48.088112],[-80.767263,48.088277],[-80.767364,48.088384]]],[[[-80.762046,48.091206],[-80.761789,48.091223],[-80.761696,48.091159],[-80.761732,48.091055],[-80.761786,48.091022],[-80.761957,48.091002],[-80.762187,48.090926],[-80.762584,48.090862],[-80.762775,48.090927],[-80.762589,48.091003],[-80.762305,48.091045],[-80.762046,48.091206]]],[[[-80.761051,48.091108],[-80.761209,48.091007],[-80.76145,48.090976],[-80.761524,48.090999],[-80.761163,48.091123],[-80.760882,48.091362],[-80.760646,48.091453],[-80.760732,48.091495],[-80.760919,48.091479],[-80.76113,48.091385],[-80.76123,48.091289],[-80.761364,48.091274],[-80.761437,48.091316],[-80.761455,48.091454],[-80.761359,48.091479],[-80.761168,48.09165],[-80.760923,48.091729],[-80.760713,48.091738],[-80.760597,48.091679],[-80.760505,48.091463],[-80.760507,48.091385],[-80.760537,48.091323],[-80.760618,48.091274],[-80.760602,48.091171],[-80.760637,48.091141],[-80.760929,48.091142],[-80.761051,48.091108]]],[[[-80.784309,48.091624],[-80.784596,48.09115],[-80.784908,48.090833],[-80.785202,48.090644],[-80.785313,48.090514],[-80.785823,48.090482],[-80.786254,48.090629],[-80.786919,48.091008],[-80.787741,48.091377],[-80.788167,48.091612],[-80.788389,48.091798],[-80.788504,48.09198],[-80.788623,48.092094],[-80.788668,48.092179],[-80.788734,48.09252],[-80.78872,48.092581],[-80.78858,48.092767],[-80.788308,48.093025],[-80.788154,48.093102],[-80.788012,48.093143],[-80.787519,48.093152],[-80.786921,48.093314],[-80.786516,48.09338],[-80.786174,48.093387],[-80.786018,48.093334],[-80.785814,48.093193],[-80.785189,48.09298],[-80.784887,48.092766],[-80.784101,48.092409],[-80.783998,48.092335],[-80.783948,48.092258],[-80.784059,48.091832],[-80.784309,48.091624]]],[[[-80.768576,48.092009],[-80.768599,48.091974],[-80.768813,48.091967],[-80.768904,48.092005],[-80.768892,48.092075],[-80.768838,48.092107],[-80.7687,48.092117],[-80.768593,48.092058],[-80.768576,48.092009]]],[[[-80.781473,48.099217],[-80.781295,48.099184],[-80.780959,48.099038],[-80.78092,48.098992],[-80.780942,48.098949],[-80.781116,48.09887],[-80.781412,48.098784],[-80.781639,48.098763],[-80.781982,48.098806],[-80.782222,48.098902],[-80.782091,48.099038],[-80.781888,48.099146],[-80.781473,48.099217]]],[[[-80.787049,48.101469],[-80.78691,48.101398],[-80.786858,48.101312],[-80.786915,48.1012],[-80.786877,48.101104],[-80.786908,48.101005],[-80.786973,48.100925],[-80.787138,48.10082],[-80.78718,48.100709],[-80.787234,48.100689],[-80.787424,48.100722],[-80.787541,48.100957],[-80.787534,48.101109],[-80.787466,48.101335],[-80.787403,48.101429],[-80.787258,48.101491],[-80.787049,48.101469]]],[[[-80.792328,48.107026],[-80.792291,48.106986],[-80.792293,48.106906],[-80.792331,48.106882],[-80.792503,48.106942],[-80.792507,48.106975],[-80.792387,48.10703],[-80.792328,48.107026]]],[[[-80.758639,48.108877],[-80.758425,48.1089],[-80.758357,48.108876],[-80.758306,48.108798],[-80.758304,48.108703],[-80.758374,48.108513],[-80.758398,48.108333],[-80.758506,48.108187],[-80.758579,48.108154],[-80.759077,48.108112],[-80.759279,48.108155],[-80.759369,48.10823],[-80.759402,48.10831],[-80.759333,48.108505],[-80.759143,48.108653],[-80.758639,48.108877]]],[[[-80.766072,48.11172],[-80.765402,48.11129],[-80.765099,48.111202],[-80.764969,48.111125],[-80.764134,48.110374],[-80.763891,48.110059],[-80.763851,48.109942],[-80.763865,48.10977],[-80.764064,48.109392],[-80.764109,48.109199],[-80.764278,48.109024],[-80.764296,48.108821],[-80.764262,48.108619],[-80.764433,48.108418],[-80.764842,48.108186],[-80.765083,48.108127],[-80.765941,48.108078],[-80.766194,48.10793],[-80.766775,48.107703],[-80.766925,48.107581],[-80.767148,48.107559],[-80.767286,48.107329],[-80.767377,48.107074],[-80.767526,48.106872],[-80.768069,48.106644],[-80.768258,48.106526],[-80.768328,48.106474],[-80.768522,48.106204],[-80.768539,48.106139],[-80.768497,48.106096],[-80.768217,48.105987],[-80.767993,48.10573],[-80.767907,48.105364],[-80.767697,48.104957],[-80.76752,48.104739],[-80.767377,48.104684],[-80.767175,48.104673],[-80.767095,48.104618],[-80.766993,48.104658],[-80.76662,48.10462],[-80.766414,48.104568],[-80.766238,48.104464],[-80.766041,48.104449],[-80.76552,48.104519],[-80.765402,48.104494],[-80.765324,48.104428],[-80.765314,48.104346],[-80.7652,48.104147],[-80.764904,48.103785],[-80.764752,48.103638],[-80.764439,48.103439],[-80.764301,48.103386],[-80.763776,48.103331],[-80.762822,48.103138],[-80.762527,48.102966],[-80.762092,48.102468],[-80.761489,48.10214],[-80.761106,48.102057],[-80.760298,48.101796],[-80.75988,48.101621],[-80.759466,48.101556],[-80.759342,48.101476],[-80.759274,48.101365],[-80.759276,48.101285],[-80.759374,48.101134],[-80.759892,48.100733],[-80.76007,48.100644],[-80.76035,48.100577],[-80.761213,48.100583],[-80.76197,48.100832],[-80.762498,48.100912],[-80.762706,48.101062],[-80.762808,48.101228],[-80.762824,48.10138],[-80.762879,48.101429],[-80.763502,48.101566],[-80.763616,48.101612],[-80.763753,48.101721],[-80.764338,48.101799],[-80.764966,48.10197],[-80.765438,48.102219],[-80.765653,48.10247],[-80.765875,48.10264],[-80.766417,48.102808],[-80.766624,48.102965],[-80.767178,48.103056],[-80.767892,48.103036],[-80.768096,48.103284],[-80.768242,48.103633],[-80.76884,48.10415],[-80.768959,48.1043],[-80.769106,48.104635],[-80.7691,48.104724],[-80.769044,48.104824],[-80.7686,48.105214],[-80.768432,48.10549],[-80.768368,48.105663],[-80.768391,48.105735],[-80.768786,48.105772],[-80.769204,48.105956],[-80.769433,48.106023],[-80.769683,48.106021],[-80.770101,48.105892],[-80.770576,48.105851],[-80.770846,48.10591],[-80.771096,48.106037],[-80.771338,48.106041],[-80.771659,48.106231],[-80.771931,48.106581],[-80.772116,48.106758],[-80.772329,48.106875],[-80.772531,48.107033],[-80.772968,48.107494],[-80.773088,48.107663],[-80.773099,48.107726],[-80.773079,48.107794],[-80.7729,48.107939],[-80.772834,48.108057],[-80.772883,48.108207],[-80.773129,48.108455],[-80.77316,48.10854],[-80.773151,48.108639],[-80.773093,48.108843],[-80.772967,48.109054],[-80.772902,48.109326],[-80.772958,48.109602],[-80.77289,48.110053],[-80.772825,48.110179],[-80.772575,48.110451],[-80.77239,48.11059],[-80.772069,48.110736],[-80.772004,48.110861],[-80.771898,48.110973],[-80.771428,48.111105],[-80.77123,48.111116],[-80.771024,48.111235],[-80.770577,48.111403],[-80.770447,48.11155],[-80.770114,48.111808],[-80.77004,48.112031],[-80.769755,48.112083],[-80.769306,48.112242],[-80.76907,48.112429],[-80.768415,48.11268],[-80.76791,48.113011],[-80.767622,48.113291],[-80.767664,48.113382],[-80.768101,48.113602],[-80.768282,48.113734],[-80.768443,48.114089],[-80.768928,48.114372],[-80.769369,48.114563],[-80.769811,48.114618],[-80.77006,48.11458],[-80.770579,48.114718],[-80.771348,48.115085],[-80.771556,48.115248],[-80.771708,48.115199],[-80.771876,48.115043],[-80.772102,48.114901],[-80.772557,48.114688],[-80.772849,48.114622],[-80.773128,48.114617],[-80.773372,48.114673],[-80.77386,48.114961],[-80.773955,48.115126],[-80.773931,48.115359],[-80.773851,48.115541],[-80.773713,48.115669],[-80.773428,48.115809],[-80.773054,48.116143],[-80.772912,48.116348],[-80.772824,48.116595],[-80.772717,48.116766],[-80.772401,48.117054],[-80.772052,48.117225],[-80.772011,48.117319],[-80.771881,48.117393],[-80.771497,48.117251],[-80.771153,48.117274],[-80.770657,48.117252],[-80.769899,48.116982],[-80.769457,48.116684],[-80.769077,48.116543],[-80.768838,48.116351],[-80.768406,48.116128],[-80.768052,48.116098],[-80.767938,48.116054],[-80.767801,48.115952],[-80.767733,48.115808],[-80.767564,48.115674],[-80.767469,48.115486],[-80.767105,48.115104],[-80.766996,48.114862],[-80.766697,48.114733],[-80.766513,48.114528],[-80.766393,48.11404],[-80.766436,48.113874],[-80.766524,48.11371],[-80.766355,48.113283],[-80.766348,48.113012],[-80.766314,48.11289],[-80.766177,48.112762],[-80.765809,48.112686],[-80.765243,48.112707],[-80.764974,48.112768],[-80.764756,48.112869],[-80.7647,48.113012],[-80.764583,48.1131],[-80.764257,48.11321],[-80.763967,48.113257],[-80.763343,48.113215],[-80.762941,48.113096],[-80.762822,48.113128],[-80.762747,48.113223],[-80.762731,48.113345],[-80.762961,48.113636],[-80.763027,48.113902],[-80.763112,48.114071],[-80.763095,48.114397],[-80.763305,48.114782],[-80.763287,48.114865],[-80.763207,48.114942],[-80.76294,48.115026],[-80.762187,48.115149],[-80.761347,48.115213],[-80.760904,48.115221],[-80.760033,48.115091],[-80.759671,48.114901],[-80.759204,48.114495],[-80.759108,48.114359],[-80.759053,48.114167],[-80.759025,48.113855],[-80.759048,48.113561],[-80.759017,48.113273],[-80.759065,48.112859],[-80.758992,48.11274],[-80.758894,48.112715],[-80.758803,48.11287],[-80.758554,48.113017],[-80.758137,48.113046],[-80.757487,48.113171],[-80.757192,48.113272],[-80.756913,48.113225],[-80.756757,48.113139],[-80.756704,48.113063],[-80.756787,48.112701],[-80.756715,48.112416],[-80.756848,48.112137],[-80.756876,48.111857],[-80.756698,48.111561],[-80.756507,48.111457],[-80.75602,48.11136],[-80.755691,48.111354],[-80.755342,48.111233],[-80.755254,48.111238],[-80.755195,48.111268],[-80.755128,48.111408],[-80.755087,48.111677],[-80.754818,48.112126],[-80.754743,48.112197],[-80.754729,48.112291],[-80.754679,48.112365],[-80.754681,48.112689],[-80.754798,48.112993],[-80.754925,48.113095],[-80.755318,48.113231],[-80.755469,48.113319],[-80.755626,48.113477],[-80.755712,48.113687],[-80.755515,48.11396],[-80.755527,48.114138],[-80.755632,48.114368],[-80.755626,48.114589],[-80.755414,48.114987],[-80.755323,48.115068],[-80.754951,48.115261],[-80.754936,48.115509],[-80.754832,48.115686],[-80.754848,48.115768],[-80.754993,48.115898],[-80.755286,48.116054],[-80.755367,48.116162],[-80.755449,48.116205],[-80.755411,48.116288],[-80.755484,48.11632],[-80.755493,48.116484],[-80.755415,48.116599],[-80.755127,48.116771],[-80.75502,48.116878],[-80.754956,48.117121],[-80.755082,48.117225],[-80.755114,48.117396],[-80.755095,48.117597],[-80.755026,48.117763],[-80.755048,48.117943],[-80.755007,48.118017],[-80.755077,48.118098],[-80.75508,48.118178],[-80.755182,48.118266],[-80.755228,48.118354],[-80.755254,48.118447],[-80.75523,48.118517],[-80.75531,48.11858],[-80.755326,48.118772],[-80.755426,48.118878],[-80.75595,48.119944],[-80.75596,48.120237],[-80.755896,48.120554],[-80.755822,48.120746],[-80.755303,48.121031],[-80.755122,48.121196],[-80.755055,48.121293],[-80.755044,48.121451],[-80.754874,48.121822],[-80.754944,48.122049],[-80.755268,48.122204],[-80.755465,48.122456],[-80.755527,48.122594],[-80.75553,48.122766],[-80.755335,48.122951],[-80.754994,48.123004],[-80.754764,48.123091],[-80.754537,48.123005],[-80.754314,48.122822],[-80.754291,48.122675],[-80.754163,48.122437],[-80.754082,48.122387],[-80.753863,48.122429],[-80.753566,48.122652],[-80.753417,48.122675],[-80.753357,48.122733],[-80.753231,48.122776],[-80.75283,48.122767],[-80.752549,48.122659],[-80.752361,48.122531],[-80.752181,48.122325],[-80.751979,48.122164],[-80.751796,48.121924],[-80.751752,48.121803],[-80.751239,48.121395],[-80.751199,48.121292],[-80.75113,48.121218],[-80.751132,48.12115],[-80.751095,48.121101],[-80.75091,48.120994],[-80.750556,48.120899],[-80.750219,48.120678],[-80.750565,48.120499],[-80.75081,48.120463],[-80.751,48.12036],[-80.75134,48.120247],[-80.751584,48.120095],[-80.751527,48.120011],[-80.751494,48.119828],[-80.751611,48.119617],[-80.751503,48.119501],[-80.751475,48.119418],[-80.751321,48.119316],[-80.75129,48.119177],[-80.751201,48.119063],[-80.751192,48.118914],[-80.751096,48.118675],[-80.750722,48.118374],[-80.750704,48.118313],[-80.750486,48.118179],[-80.750444,48.118078],[-80.750436,48.117901],[-80.750334,48.117798],[-80.750168,48.117699],[-80.750088,48.117564],[-80.750227,48.117337],[-80.750229,48.117191],[-80.750275,48.117067],[-80.750607,48.116694],[-80.750685,48.116547],[-80.750655,48.116196],[-80.750533,48.115971],[-80.750518,48.115799],[-80.750561,48.115674],[-80.750549,48.115601],[-80.750723,48.115355],[-80.750949,48.115185],[-80.751112,48.114928],[-80.751151,48.114799],[-80.751128,48.114729],[-80.75089,48.114575],[-80.750844,48.114414],[-80.750715,48.114315],[-80.750635,48.114134],[-80.750525,48.114039],[-80.750494,48.113953],[-80.750269,48.113813],[-80.749625,48.113822],[-80.749339,48.113792],[-80.749084,48.11382],[-80.748931,48.113874],[-80.748699,48.114072],[-80.748406,48.114238],[-80.74828,48.114268],[-80.748174,48.114239],[-80.748099,48.114174],[-80.74777,48.114014],[-80.747643,48.113883],[-80.747575,48.113764],[-80.747563,48.113678],[-80.747571,48.113603],[-80.747767,48.113245],[-80.748091,48.112935],[-80.748248,48.112847],[-80.748773,48.112808],[-80.748903,48.112771],[-80.74951,48.112852],[-80.749918,48.11304],[-80.750009,48.113114],[-80.750047,48.113206],[-80.750317,48.113282],[-80.750538,48.113232],[-80.750958,48.113003],[-80.751059,48.11288],[-80.751165,48.112615],[-80.751242,48.112544],[-80.751227,48.112461],[-80.751285,48.112346],[-80.75132,48.112156],[-80.751397,48.112094],[-80.751367,48.112041],[-80.751402,48.11192],[-80.751576,48.111557],[-80.751615,48.111342],[-80.751605,48.111174],[-80.751673,48.111079],[-80.751662,48.110835],[-80.75179,48.110521],[-80.751765,48.110401],[-80.751819,48.110313],[-80.751883,48.110059],[-80.751986,48.109906],[-80.751968,48.109841],[-80.752084,48.109668],[-80.752185,48.109594],[-80.752483,48.109541],[-80.75302,48.109558],[-80.753309,48.109878],[-80.753329,48.11008],[-80.753443,48.110225],[-80.753491,48.110389],[-80.753589,48.110534],[-80.75381,48.11064],[-80.75394,48.110669],[-80.754137,48.110624],[-80.754216,48.110545],[-80.754208,48.110384],[-80.754279,48.110154],[-80.754372,48.110018],[-80.754365,48.109696],[-80.754326,48.10961],[-80.754353,48.109516],[-80.754359,48.108985],[-80.754246,48.108763],[-80.75429,48.108676],[-80.754271,48.108591],[-80.754354,48.108253],[-80.75472,48.107851],[-80.755111,48.10775],[-80.755421,48.107731],[-80.755525,48.107684],[-80.756181,48.107663],[-80.756511,48.107804],[-80.756595,48.107949],[-80.756612,48.108178],[-80.756656,48.108309],[-80.756875,48.108792],[-80.756881,48.108934],[-80.756938,48.109018],[-80.756953,48.109361],[-80.757376,48.10955],[-80.757862,48.109638],[-80.757954,48.109969],[-80.758163,48.110335],[-80.758352,48.110514],[-80.758698,48.110638],[-80.759279,48.110702],[-80.759598,48.110793],[-80.760047,48.11116],[-80.760515,48.111365],[-80.760942,48.111792],[-80.761385,48.112019],[-80.761567,48.112065],[-80.76174,48.112047],[-80.762022,48.111828],[-80.762241,48.111721],[-80.762492,48.111706],[-80.762765,48.111744],[-80.762879,48.111796],[-80.763018,48.111923],[-80.763087,48.11222],[-80.763179,48.112361],[-80.763737,48.112554],[-80.764039,48.112784],[-80.764301,48.112826],[-80.764614,48.112747],[-80.764676,48.112681],[-80.764752,48.112509],[-80.764969,48.112395],[-80.765391,48.112242],[-80.765704,48.112184],[-80.765998,48.112014],[-80.766094,48.111846],[-80.766072,48.11172]],[[-80.768093,48.108884],[-80.768087,48.109189],[-80.768257,48.109437],[-80.768237,48.109556],[-80.768357,48.109682],[-80.7685,48.109769],[-80.768702,48.109762],[-80.768806,48.109714],[-80.768924,48.109732],[-80.769305,48.109953],[-80.769528,48.110128],[-80.770006,48.110206],[-80.770322,48.110092],[-80.770924,48.109538],[-80.770892,48.109275],[-80.770936,48.109128],[-80.770915,48.109038],[-80.77054,48.108761],[-80.77037,48.108578],[-80.770206,48.108457],[-80.769914,48.108335],[-80.76958,48.108261],[-80.769297,48.108292],[-80.768645,48.108571],[-80.768444,48.108702],[-80.768282,48.108722],[-80.76812,48.108831],[-80.768093,48.108884]],[[-80.756228,48.110337],[-80.756476,48.110247],[-80.756662,48.110093],[-80.756761,48.109945],[-80.756758,48.109871],[-80.756477,48.109879],[-80.756352,48.109939],[-80.756198,48.110101],[-80.756123,48.11028],[-80.756145,48.110332],[-80.756228,48.110337]],[[-80.757987,48.111587],[-80.757929,48.111451],[-80.757883,48.111426],[-80.757564,48.111612],[-80.757677,48.111774],[-80.757797,48.111884],[-80.757849,48.111887],[-80.75797,48.111786],[-80.757987,48.111587]]],[[[-80.779356,48.120313],[-80.779402,48.120122],[-80.779459,48.120051],[-80.779569,48.12009],[-80.779545,48.120169],[-80.779569,48.120183],[-80.779649,48.120149],[-80.77987,48.11996],[-80.780196,48.119953],[-80.78024,48.120109],[-80.780544,48.120611],[-80.780879,48.120912],[-80.781131,48.120988],[-80.781283,48.121069],[-80.781544,48.121349],[-80.781724,48.121955],[-80.7817,48.122017],[-80.78151,48.12218],[-80.781512,48.122344],[-80.781591,48.122464],[-80.781264,48.12234],[-80.780952,48.122109],[-80.780836,48.121929],[-80.780731,48.121877],[-80.780781,48.121712],[-80.780679,48.121518],[-80.780473,48.121428],[-80.780291,48.121233],[-80.780146,48.121129],[-80.779936,48.120752],[-80.779762,48.120723],[-80.779715,48.120518],[-80.779657,48.120453],[-80.779416,48.120396],[-80.779356,48.120313]]],[[[-80.761297,48.121384],[-80.761045,48.1214],[-80.760896,48.121446],[-80.760719,48.121417],[-80.760688,48.121374],[-80.760721,48.121287],[-80.760787,48.121247],[-80.761207,48.121332],[-80.761392,48.121318],[-80.761297,48.121384]]],[[[-80.782747,48.121914],[-80.78278,48.121893],[-80.782975,48.121937],[-80.782993,48.12197],[-80.782848,48.122047],[-80.782747,48.121914]]],[[[-80.759035,48.123027],[-80.759,48.123142],[-80.758881,48.123226],[-80.758718,48.123217],[-80.758563,48.123027],[-80.75849,48.12308],[-80.758522,48.123231],[-80.758719,48.123445],[-80.758886,48.123521],[-80.758892,48.123606],[-80.759099,48.123665],[-80.75909,48.123697],[-80.758955,48.123666],[-80.758935,48.123697],[-80.759154,48.123866],[-80.759231,48.123988],[-80.759321,48.124314],[-80.75921,48.124341],[-80.759017,48.124543],[-80.758831,48.12463],[-80.758637,48.124638],[-80.758475,48.124712],[-80.758373,48.124694],[-80.757992,48.124766],[-80.75761,48.124795],[-80.757306,48.124893],[-80.757163,48.124958],[-80.757005,48.125138],[-80.756427,48.125394],[-80.755896,48.125435],[-80.755428,48.125557],[-80.755086,48.125758],[-80.754942,48.125894],[-80.754563,48.126087],[-80.753977,48.125914],[-80.754269,48.12618],[-80.7544,48.126231],[-80.754366,48.126354],[-80.754149,48.126745],[-80.754188,48.126947],[-80.754282,48.127136],[-80.754238,48.127332],[-80.75423,48.127631],[-80.754139,48.127897],[-80.753982,48.128111],[-80.753833,48.128411],[-80.753887,48.128588],[-80.753991,48.128759],[-80.753957,48.128856],[-80.754007,48.129072],[-80.75399,48.12919],[-80.754107,48.129555],[-80.754104,48.129798],[-80.754157,48.129932],[-80.754151,48.130053],[-80.754235,48.130246],[-80.7544,48.130386],[-80.755025,48.13066],[-80.755242,48.130836],[-80.755424,48.131246],[-80.755607,48.131509],[-80.755635,48.131608],[-80.755628,48.131796],[-80.755594,48.13184],[-80.755245,48.132053],[-80.755025,48.132238],[-80.755007,48.132308],[-80.755081,48.132415],[-80.755004,48.132665],[-80.754598,48.132847],[-80.754076,48.133181],[-80.753882,48.133355],[-80.75359,48.13355],[-80.753028,48.133812],[-80.752779,48.134094],[-80.752416,48.134296],[-80.752137,48.134496],[-80.751963,48.134672],[-80.75173,48.134829],[-80.751373,48.134974],[-80.750921,48.13495],[-80.750601,48.134866],[-80.75026,48.134703],[-80.749913,48.134739],[-80.749571,48.134854],[-80.748931,48.135004],[-80.74867,48.135041],[-80.748345,48.135028],[-80.748015,48.134979],[-80.747672,48.134866],[-80.747469,48.134762],[-80.747187,48.134519],[-80.747121,48.134366],[-80.747246,48.133956],[-80.747113,48.13387],[-80.747114,48.133834],[-80.747167,48.133795],[-80.747468,48.133796],[-80.747526,48.133714],[-80.747515,48.133618],[-80.747357,48.133509],[-80.747325,48.133451],[-80.747358,48.133145],[-80.747411,48.13296],[-80.747322,48.132638],[-80.747261,48.132526],[-80.747601,48.132219],[-80.748136,48.132036],[-80.748295,48.132016],[-80.748461,48.132018],[-80.748756,48.132101],[-80.74908,48.13233],[-80.749331,48.132606],[-80.749523,48.132957],[-80.74967,48.133405],[-80.749824,48.133673],[-80.749847,48.13386],[-80.749787,48.134134],[-80.749871,48.134284],[-80.750149,48.134492],[-80.750396,48.134523],[-80.750526,48.134417],[-80.750789,48.134109],[-80.750915,48.133882],[-80.751053,48.133464],[-80.75104,48.133057],[-80.751079,48.132921],[-80.751164,48.132737],[-80.751363,48.132559],[-80.751386,48.132338],[-80.751363,48.132175],[-80.75128,48.132055],[-80.75128,48.131863],[-80.75139,48.131619],[-80.751889,48.130848],[-80.752437,48.129855],[-80.752391,48.129317],[-80.75241,48.129177],[-80.752533,48.128899],[-80.752494,48.128745],[-80.75253,48.128419],[-80.752519,48.128179],[-80.752348,48.127997],[-80.752293,48.127722],[-80.752377,48.127312],[-80.752459,48.127115],[-80.752543,48.126958],[-80.75287,48.126557],[-80.752899,48.126429],[-80.75288,48.12634],[-80.752831,48.126291],[-80.752378,48.126113],[-80.752288,48.125923],[-80.752271,48.125686],[-80.752409,48.125293],[-80.752533,48.125128],[-80.752818,48.124929],[-80.75302,48.124855],[-80.753201,48.124812],[-80.753436,48.124828],[-80.753687,48.124936],[-80.754018,48.125245],[-80.754139,48.125318],[-80.754327,48.125388],[-80.754442,48.125395],[-80.754593,48.125353],[-80.755529,48.124813],[-80.755777,48.124751],[-80.755862,48.124778],[-80.756064,48.124946],[-80.75611,48.125139],[-80.756259,48.125183],[-80.756854,48.124961],[-80.756858,48.124862],[-80.756897,48.124811],[-80.757198,48.124678],[-80.757459,48.124624],[-80.758133,48.124586],[-80.758489,48.12449],[-80.758744,48.124504],[-80.758933,48.124446],[-80.759052,48.124333],[-80.759117,48.12419],[-80.759082,48.123987],[-80.758987,48.123912],[-80.758922,48.123979],[-80.758883,48.123979],[-80.758675,48.123665],[-80.758459,48.12349],[-80.75838,48.123069],[-80.758425,48.122984],[-80.758538,48.122951],[-80.758651,48.122969],[-80.75886,48.123066],[-80.758913,48.123021],[-80.758888,48.122932],[-80.758483,48.122746],[-80.75845,48.122678],[-80.758493,48.122558],[-80.758423,48.122515],[-80.758297,48.122508],[-80.758056,48.122567],[-80.757903,48.122669],[-80.757713,48.122673],[-80.757579,48.122642],[-80.757517,48.122594],[-80.757482,48.122505],[-80.757517,48.122253],[-80.757443,48.122223],[-80.757252,48.122234],[-80.757461,48.122086],[-80.757504,48.121935],[-80.75749,48.121803],[-80.757463,48.121781],[-80.757201,48.121913],[-80.757092,48.121732],[-80.757126,48.121699],[-80.757379,48.121723],[-80.757455,48.121602],[-80.757402,48.121551],[-80.757102,48.121605],[-80.75714,48.121541],[-80.7573,48.121467],[-80.757323,48.121427],[-80.757276,48.121298],[-80.757265,48.12113],[-80.757328,48.121002],[-80.757203,48.120945],[-80.75721,48.120807],[-80.757134,48.120661],[-80.756731,48.120191],[-80.756655,48.120011],[-80.756673,48.119922],[-80.756849,48.119586],[-80.75703,48.119355],[-80.757221,48.11931],[-80.757446,48.119413],[-80.757647,48.119572],[-80.757702,48.119673],[-80.757822,48.119692],[-80.757942,48.119808],[-80.758231,48.119999],[-80.758378,48.120207],[-80.758461,48.120501],[-80.758542,48.120536],[-80.758689,48.120506],[-80.758826,48.120636],[-80.758621,48.120751],[-80.758617,48.120923],[-80.75873,48.121033],[-80.759046,48.121149],[-80.759003,48.121172],[-80.758592,48.121099],[-80.758416,48.120891],[-80.758473,48.120791],[-80.75845,48.120715],[-80.758272,48.120673],[-80.758118,48.120707],[-80.757957,48.12086],[-80.757932,48.120943],[-80.757969,48.12116],[-80.757912,48.121234],[-80.757804,48.12125],[-80.757697,48.121203],[-80.757706,48.121169],[-80.757819,48.121112],[-80.757774,48.120904],[-80.757407,48.121095],[-80.75741,48.121262],[-80.757545,48.121477],[-80.757734,48.121434],[-80.757815,48.121461],[-80.757861,48.121514],[-80.757842,48.121553],[-80.757696,48.121523],[-80.75757,48.121611],[-80.757564,48.121664],[-80.757653,48.121708],[-80.75779,48.121646],[-80.757872,48.121648],[-80.757959,48.12184],[-80.757909,48.121887],[-80.757752,48.121877],[-80.757651,48.121996],[-80.757646,48.122314],[-80.757605,48.12255],[-80.75773,48.122582],[-80.758185,48.122438],[-80.758496,48.122428],[-80.758573,48.12246],[-80.758616,48.122549],[-80.758627,48.122713],[-80.758958,48.122877],[-80.759017,48.122939],[-80.759035,48.123027]]],[[[-80.782686,48.124999],[-80.782415,48.124843],[-80.782149,48.124565],[-80.782034,48.124301],[-80.782004,48.124136],[-80.782024,48.124087],[-80.782786,48.123624],[-80.783182,48.123434],[-80.783437,48.123438],[-80.783678,48.12355],[-80.783772,48.123712],[-80.78377,48.123821],[-80.783897,48.123958],[-80.784097,48.124295],[-80.784291,48.124451],[-80.784246,48.124594],[-80.784084,48.124605],[-80.784026,48.124666],[-80.783873,48.124945],[-80.783597,48.125142],[-80.783452,48.125198],[-80.783172,48.125208],[-80.782686,48.124999]]],[[[-80.759943,48.127789],[-80.759961,48.127715],[-80.760113,48.127583],[-80.760216,48.127558],[-80.760366,48.127594],[-80.760411,48.127642],[-80.760445,48.127796],[-80.760407,48.127848],[-80.759979,48.127819],[-80.759943,48.127789]]],[[[-80.770856,48.128117],[-80.770795,48.128174],[-80.770629,48.128152],[-80.770863,48.128029],[-80.77109,48.128009],[-80.771019,48.128125],[-80.770925,48.128147],[-80.770856,48.128117]]],[[[-80.784609,48.132702],[-80.784232,48.13259],[-80.784148,48.13253],[-80.784178,48.132494],[-80.784639,48.132548],[-80.784655,48.132669],[-80.784609,48.132702]]],[[[-80.781009,48.133418],[-80.780994,48.133281],[-80.780881,48.133122],[-80.780885,48.133004],[-80.780963,48.132942],[-80.781243,48.132942],[-80.781343,48.132884],[-80.781519,48.132623],[-80.781464,48.132377],[-80.781819,48.132054],[-80.782465,48.131849],[-80.782619,48.131847],[-80.782837,48.131912],[-80.782727,48.132003],[-80.782685,48.132087],[-80.782791,48.132259],[-80.78278,48.132322],[-80.782453,48.132353],[-80.782392,48.132416],[-80.782417,48.132613],[-80.782577,48.132892],[-80.782139,48.133058],[-80.782106,48.133089],[-80.78211,48.133168],[-80.781949,48.133135],[-80.781878,48.133163],[-80.781701,48.133347],[-80.781702,48.133439],[-80.781588,48.133585],[-80.781312,48.133858],[-80.781138,48.133912],[-80.780817,48.133927],[-80.780106,48.13383],[-80.779688,48.133973],[-80.779463,48.133966],[-80.779444,48.133937],[-80.779464,48.133886],[-80.779748,48.133845],[-80.77983,48.133703],[-80.779934,48.133653],[-80.780322,48.13361],[-80.780755,48.13363],[-80.780908,48.133593],[-80.781009,48.133418]]],[[[-80.771286,48.135967],[-80.771282,48.135872],[-80.771319,48.135775],[-80.771501,48.135618],[-80.771754,48.135527],[-80.772198,48.135444],[-80.772376,48.135317],[-80.77247,48.135306],[-80.772553,48.135367],[-80.772775,48.135334],[-80.772934,48.135359],[-80.773158,48.13529],[-80.773489,48.135306],[-80.773992,48.135182],[-80.774168,48.13508],[-80.774259,48.134891],[-80.774213,48.134811],[-80.774032,48.134699],[-80.773976,48.134563],[-80.774255,48.134325],[-80.774288,48.134244],[-80.774451,48.134208],[-80.774535,48.134259],[-80.774519,48.134501],[-80.774359,48.134388],[-80.774272,48.134406],[-80.774303,48.134457],[-80.774493,48.13458],[-80.774536,48.134657],[-80.774467,48.134778],[-80.774402,48.135016],[-80.774457,48.135181],[-80.77445,48.135315],[-80.774345,48.135482],[-80.774108,48.135663],[-80.773703,48.135806],[-80.773459,48.135934],[-80.773022,48.136296],[-80.772951,48.136308],[-80.772723,48.136253],[-80.772397,48.136284],[-80.77235,48.136226],[-80.772396,48.136092],[-80.772357,48.136055],[-80.77212,48.13617],[-80.772007,48.136264],[-80.772,48.136354],[-80.771802,48.136448],[-80.771704,48.136398],[-80.771249,48.136324],[-80.771109,48.136178],[-80.770904,48.136132],[-80.770848,48.136039],[-80.770858,48.136005],[-80.770916,48.135999],[-80.771158,48.136103],[-80.771435,48.136035],[-80.771286,48.135967]]],[[[-80.786201,48.138327],[-80.7861,48.138312],[-80.78601,48.138223],[-80.786125,48.138058],[-80.786361,48.137893],[-80.786484,48.137762],[-80.786708,48.137705],[-80.786954,48.137698],[-80.787067,48.137612],[-80.787362,48.137503],[-80.787759,48.137517],[-80.788086,48.137608],[-80.788312,48.137574],[-80.788655,48.137607],[-80.788867,48.137573],[-80.788929,48.137625],[-80.789074,48.137628],[-80.789464,48.13754],[-80.789915,48.137485],[-80.790247,48.137362],[-80.790446,48.13723],[-80.790758,48.137156],[-80.790943,48.137062],[-80.791309,48.137037],[-80.791422,48.137061],[-80.791555,48.137143],[-80.79158,48.137195],[-80.791542,48.137264],[-80.791674,48.137357],[-80.791728,48.137482],[-80.792128,48.137668],[-80.792479,48.138075],[-80.792644,48.138334],[-80.792543,48.138451],[-80.791833,48.138538],[-80.791593,48.138673],[-80.7912,48.13868],[-80.791033,48.138532],[-80.790851,48.138509],[-80.790766,48.138561],[-80.790737,48.138712],[-80.790582,48.138882],[-80.790396,48.138937],[-80.79016,48.138936],[-80.789768,48.138854],[-80.789339,48.13858],[-80.78898,48.138442],[-80.788794,48.138219],[-80.788595,48.138136],[-80.788253,48.138078],[-80.787947,48.138084],[-80.787549,48.138022],[-80.786201,48.138327]],[[-80.789112,48.138046],[-80.789043,48.138031],[-80.78899,48.138085],[-80.789202,48.13818],[-80.789176,48.138085],[-80.789112,48.138046]]],[[[-80.788626,48.140213],[-80.788794,48.140333],[-80.788892,48.140471],[-80.78889,48.140514],[-80.788817,48.140537],[-80.788579,48.140474],[-80.788338,48.140509],[-80.788269,48.140467],[-80.788217,48.140385],[-80.78826,48.140335],[-80.788626,48.140213]]],[[[-80.788021,48.140738],[-80.788093,48.140709],[-80.78834,48.140724],[-80.78856,48.141046],[-80.788238,48.141005],[-80.788021,48.140738]]],[[[-80.789681,48.14219],[-80.789649,48.14199],[-80.789614,48.141946],[-80.789318,48.142061],[-80.78926,48.142037],[-80.789372,48.142014],[-80.789435,48.141965],[-80.789397,48.141794],[-80.789581,48.141724],[-80.789759,48.141945],[-80.789768,48.142001],[-80.789731,48.142026],[-80.789754,48.142059],[-80.79002,48.142075],[-80.790112,48.142116],[-80.79014,48.142178],[-80.790118,48.1422],[-80.78999,48.142118],[-80.789929,48.142154],[-80.790153,48.142304],[-80.790256,48.142448],[-80.79026,48.142478],[-80.790036,48.142464],[-80.790229,48.142595],[-80.789914,48.142621],[-80.789624,48.142503],[-80.789596,48.142369],[-80.789481,48.142277],[-80.789408,48.14217],[-80.789423,48.142142],[-80.789618,48.142197],[-80.789681,48.14219]]],[[[-80.792644,48.142902],[-80.792715,48.142919],[-80.792857,48.143029],[-80.792895,48.143199],[-80.792763,48.143428],[-80.792571,48.143532],[-80.792184,48.1439],[-80.792023,48.144015],[-80.791682,48.144121],[-80.791341,48.144102],[-80.790868,48.143871],[-80.79073,48.143735],[-80.790563,48.143482],[-80.790626,48.14325],[-80.790617,48.143026],[-80.790748,48.142743],[-80.791281,48.142808],[-80.791725,48.142804],[-80.792644,48.142902]]],[[[-80.759482,48.147568],[-80.759688,48.147735],[-80.759788,48.147773],[-80.7598,48.147841],[-80.7599,48.147833],[-80.759897,48.147912],[-80.759788,48.14793],[-80.759469,48.147746],[-80.759307,48.147717],[-80.759269,48.147639],[-80.759314,48.147546],[-80.759375,48.147525],[-80.759482,48.147568]]],[[[-80.770414,48.149631],[-80.770477,48.149371],[-80.770662,48.149302],[-80.770523,48.149415],[-80.770608,48.149584],[-80.770566,48.149633],[-80.770414,48.149631]]],[[[-80.770197,48.152403],[-80.769842,48.152384],[-80.76974,48.15232],[-80.769671,48.152184],[-80.769597,48.152154],[-80.76935,48.152212],[-80.769265,48.152334],[-80.769195,48.152358],[-80.768987,48.152361],[-80.768699,48.152309],[-80.767877,48.152392],[-80.767639,48.152461],[-80.76702,48.152462],[-80.766537,48.152306],[-80.766308,48.152294],[-80.766203,48.152259],[-80.766136,48.152187],[-80.766099,48.152008],[-80.766004,48.151904],[-80.765914,48.151878],[-80.765691,48.151887],[-80.765449,48.151688],[-80.765045,48.151556],[-80.764827,48.151323],[-80.764822,48.151274],[-80.764858,48.151122],[-80.765023,48.150964],[-80.765208,48.150876],[-80.765237,48.15072],[-80.765413,48.150644],[-80.76576,48.150589],[-80.765997,48.150392],[-80.766188,48.150367],[-80.766397,48.150373],[-80.766985,48.150616],[-80.767079,48.150628],[-80.76711,48.150595],[-80.767088,48.150568],[-80.766846,48.150481],[-80.766789,48.150423],[-80.766866,48.150238],[-80.766907,48.150212],[-80.766991,48.150272],[-80.767109,48.15047],[-80.767275,48.150544],[-80.767481,48.150505],[-80.767541,48.150478],[-80.767577,48.150413],[-80.767473,48.150214],[-80.767274,48.150075],[-80.766922,48.150073],[-80.76692,48.149918],[-80.766761,48.14967],[-80.766607,48.149564],[-80.766402,48.149477],[-80.766271,48.149296],[-80.766187,48.149296],[-80.76606,48.149394],[-80.765965,48.149357],[-80.765931,48.149257],[-80.766005,48.149036],[-80.765991,48.148883],[-80.765929,48.148737],[-80.765844,48.148637],[-80.765846,48.14854],[-80.765793,48.148479],[-80.765595,48.148454],[-80.765316,48.148496],[-80.765242,48.148578],[-80.764989,48.148568],[-80.764744,48.148506],[-80.764716,48.148376],[-80.764642,48.148329],[-80.764523,48.148338],[-80.76454,48.148416],[-80.764465,48.148472],[-80.764411,48.148472],[-80.76437,48.148434],[-80.764346,48.148324],[-80.764454,48.148259],[-80.765136,48.148235],[-80.765235,48.148087],[-80.765269,48.148155],[-80.765327,48.148186],[-80.76555,48.148198],[-80.765626,48.148158],[-80.765657,48.148078],[-80.76584,48.148122],[-80.765961,48.148094],[-80.76612,48.147932],[-80.766196,48.147903],[-80.76637,48.147967],[-80.766435,48.148064],[-80.766521,48.148108],[-80.766971,48.148244],[-80.767276,48.14828],[-80.767362,48.148317],[-80.767467,48.148399],[-80.767477,48.148514],[-80.767596,48.148698],[-80.767552,48.148731],[-80.767468,48.14873],[-80.767228,48.148647],[-80.767205,48.148686],[-80.767238,48.148777],[-80.767301,48.148821],[-80.767427,48.148826],[-80.767742,48.14908],[-80.768291,48.149295],[-80.768294,48.149382],[-80.768182,48.149462],[-80.768162,48.14951],[-80.768238,48.149667],[-80.768464,48.149885],[-80.768605,48.150147],[-80.768623,48.150249],[-80.768532,48.150439],[-80.768539,48.150498],[-80.76864,48.15058],[-80.768909,48.150679],[-80.769194,48.150877],[-80.769329,48.151064],[-80.769299,48.151223],[-80.769333,48.151338],[-80.769316,48.151424],[-80.769445,48.151531],[-80.769673,48.151569],[-80.769813,48.151649],[-80.769822,48.151821],[-80.769892,48.151922],[-80.769995,48.15199],[-80.77011,48.152],[-80.770233,48.151969],[-80.770503,48.151787],[-80.770709,48.151718],[-80.771006,48.151675],[-80.771145,48.151691],[-80.771513,48.151821],[-80.771655,48.151803],[-80.771697,48.151768],[-80.771762,48.151574],[-80.77189,48.151464],[-80.771839,48.151438],[-80.771717,48.151477],[-80.7716,48.151454],[-80.771532,48.15141],[-80.771522,48.151311],[-80.771608,48.15127],[-80.771673,48.15116],[-80.771778,48.151119],[-80.772254,48.151238],[-80.772434,48.151368],[-80.772526,48.151485],[-80.77303,48.151645],[-80.77338,48.15166],[-80.773471,48.151713],[-80.773363,48.151931],[-80.773436,48.152075],[-80.773195,48.152373],[-80.773209,48.152567],[-80.773098,48.152686],[-80.773133,48.152751],[-80.773222,48.152775],[-80.773161,48.152841],[-80.772823,48.152882],[-80.772685,48.152864],[-80.772539,48.152925],[-80.772352,48.152934],[-80.771913,48.152762],[-80.771386,48.152708],[-80.771205,48.152588],[-80.771027,48.15254],[-80.770575,48.152521],[-80.770197,48.152403]],[[-80.772236,48.151648],[-80.772279,48.151624],[-80.772288,48.151521],[-80.772211,48.151444],[-80.772065,48.151435],[-80.771986,48.151497],[-80.771963,48.151558],[-80.771988,48.151622],[-80.772116,48.151657],[-80.772236,48.151648]]],[[[-80.773445,48.152309],[-80.773602,48.152222],[-80.773628,48.152366],[-80.77358,48.152411],[-80.773446,48.152366],[-80.773445,48.152309]]],[[[-80.790642,48.155402],[-80.79077,48.155395],[-80.791075,48.155306],[-80.7915,48.155265],[-80.791576,48.155226],[-80.791585,48.155154],[-80.791614,48.155138],[-80.791952,48.155184],[-80.792246,48.155176],[-80.792422,48.15513],[-80.792558,48.155145],[-80.792689,48.155081],[-80.793032,48.155062],[-80.793201,48.155124],[-80.79344,48.155347],[-80.793652,48.155433],[-80.79477,48.155584],[-80.795016,48.155525],[-80.79517,48.155386],[-80.795237,48.155239],[-80.795279,48.155228],[-80.795329,48.15528],[-80.795343,48.155375],[-80.795268,48.155636],[-80.795284,48.155704],[-80.79601,48.156003],[-80.796147,48.156123],[-80.796177,48.156199],[-80.79617,48.156258],[-80.796104,48.156307],[-80.795821,48.156419],[-80.795529,48.15659],[-80.79533,48.156628],[-80.795257,48.156593],[-80.795497,48.156408],[-80.795513,48.156321],[-80.795467,48.156269],[-80.79507,48.156305],[-80.79449,48.15617],[-80.793108,48.156066],[-80.792782,48.156089],[-80.792417,48.156216],[-80.79226,48.156363],[-80.791618,48.15679],[-80.791411,48.157003],[-80.790879,48.157221],[-80.789483,48.157406],[-80.789121,48.157376],[-80.788727,48.1573],[-80.788611,48.157245],[-80.78855,48.157142],[-80.788541,48.156994],[-80.788689,48.156668],[-80.78866,48.156629],[-80.788504,48.156581],[-80.78865,48.156505],[-80.788899,48.156179],[-80.789346,48.155787],[-80.789805,48.15563],[-80.790096,48.155598],[-80.790642,48.155402]]],[[[-80.769989,48.160296],[-80.77001,48.160388],[-80.769946,48.160413],[-80.769894,48.160416],[-80.769828,48.160365],[-80.769823,48.160274],[-80.769888,48.16018],[-80.77,48.160107],[-80.770089,48.160107],[-80.770224,48.160233],[-80.770018,48.160245],[-80.769989,48.160296]]],[[[-80.762687,48.163696],[-80.763252,48.163277],[-80.763501,48.163156],[-80.763807,48.162849],[-80.764027,48.162716],[-80.764266,48.162601],[-80.764676,48.162529],[-80.764688,48.16236],[-80.764858,48.162236],[-80.764981,48.162091],[-80.764975,48.162034],[-80.764878,48.161918],[-80.764889,48.161725],[-80.765001,48.161464],[-80.765221,48.161271],[-80.765227,48.16101],[-80.765351,48.160785],[-80.765322,48.160622],[-80.765121,48.160218],[-80.764914,48.160007],[-80.764878,48.159915],[-80.764946,48.159759],[-80.765135,48.159499],[-80.765332,48.159479],[-80.765468,48.159345],[-80.76572,48.158808],[-80.765658,48.158639],[-80.765583,48.158542],[-80.765367,48.15847],[-80.765303,48.158407],[-80.765302,48.158207],[-80.765344,48.158155],[-80.765538,48.158058],[-80.765585,48.157865],[-80.765561,48.157779],[-80.76542,48.157599],[-80.765373,48.157415],[-80.765192,48.157131],[-80.76518,48.157062],[-80.765216,48.156983],[-80.765141,48.156904],[-80.765114,48.156818],[-80.765202,48.156502],[-80.765248,48.156488],[-80.765368,48.156542],[-80.765397,48.15643],[-80.765504,48.156306],[-80.765739,48.156221],[-80.766104,48.156189],[-80.766286,48.156312],[-80.76645,48.156558],[-80.766863,48.156821],[-80.766893,48.156854],[-80.766897,48.157033],[-80.766934,48.157105],[-80.766938,48.157398],[-80.76704,48.157522],[-80.766955,48.15758],[-80.767014,48.157666],[-80.766964,48.157803],[-80.767061,48.157954],[-80.767487,48.158112],[-80.767715,48.158067],[-80.767862,48.158092],[-80.768048,48.158055],[-80.768307,48.1581],[-80.768488,48.158219],[-80.768646,48.158397],[-80.76874,48.158436],[-80.768969,48.158497],[-80.769249,48.158507],[-80.769386,48.158563],[-80.769561,48.158689],[-80.769691,48.158731],[-80.770094,48.158734],[-80.770126,48.158761],[-80.770239,48.158985],[-80.770258,48.159087],[-80.770156,48.159269],[-80.770114,48.159629],[-80.770004,48.159844],[-80.769687,48.160168],[-80.769243,48.160387],[-80.76879,48.16046],[-80.768529,48.160565],[-80.768337,48.160585],[-80.768149,48.160657],[-80.768108,48.160766],[-80.768214,48.161058],[-80.768096,48.16136],[-80.7679,48.161691],[-80.767661,48.161953],[-80.767524,48.162189],[-80.767003,48.162642],[-80.766883,48.162781],[-80.766576,48.1629],[-80.766344,48.163176],[-80.76613,48.163338],[-80.765893,48.163454],[-80.765196,48.163678],[-80.764736,48.164058],[-80.76439,48.164163],[-80.763749,48.164161],[-80.762847,48.164319],[-80.762484,48.16434],[-80.761918,48.16405],[-80.761977,48.163951],[-80.76249,48.163805],[-80.762687,48.163696]]],[[[-80.793288,48.164429],[-80.793411,48.164583],[-80.793393,48.164681],[-80.793467,48.164742],[-80.79348,48.164798],[-80.793365,48.164889],[-80.793242,48.165094],[-80.793022,48.16532],[-80.792876,48.165412],[-80.792699,48.165416],[-80.792615,48.165375],[-80.792585,48.165262],[-80.792603,48.165127],[-80.792685,48.164975],[-80.79272,48.164827],[-80.792703,48.164728],[-80.792745,48.164477],[-80.792822,48.164402],[-80.792936,48.164361],[-80.793084,48.164357],[-80.793085,48.164403],[-80.793216,48.164396],[-80.793288,48.164429]]],[[[-80.759937,48.165836],[-80.760019,48.165696],[-80.760109,48.165641],[-80.760171,48.165696],[-80.760174,48.165766],[-80.760032,48.165978],[-80.759948,48.165964],[-80.759937,48.165836]]],[[[-80.75923,48.166042],[-80.759343,48.166132],[-80.759538,48.166163],[-80.759435,48.166256],[-80.759483,48.166317],[-80.75947,48.16637],[-80.759407,48.166406],[-80.759203,48.166378],[-80.758822,48.166229],[-80.758687,48.166032],[-80.758686,48.165981],[-80.758737,48.165912],[-80.758862,48.165926],[-80.759036,48.166021],[-80.75923,48.166042]]],[[[-80.778935,48.197212],[-80.778905,48.197255],[-80.778783,48.197084],[-80.778726,48.19688],[-80.778844,48.196858],[-80.778904,48.196967],[-80.778868,48.197078],[-80.778935,48.197212]]],[[[-80.778682,48.197976],[-80.778597,48.197977],[-80.778501,48.197883],[-80.778509,48.197832],[-80.778567,48.197802],[-80.778536,48.197718],[-80.778586,48.197695],[-80.778635,48.197695],[-80.778759,48.197841],[-80.778734,48.197944],[-80.778682,48.197976]]],[[[-80.78491,48.204516],[-80.784908,48.20447],[-80.785069,48.204436],[-80.785247,48.204324],[-80.785378,48.204337],[-80.78541,48.204531],[-80.785236,48.204589],[-80.785165,48.204645],[-80.785008,48.204594],[-80.78491,48.204516]]],[[[-80.781486,48.20542],[-80.781656,48.205381],[-80.781744,48.205429],[-80.781675,48.205504],[-80.781436,48.205504],[-80.781441,48.205439],[-80.781486,48.20542]]],[[[-80.741411,48.093503],[-80.741359,48.093572],[-80.741251,48.093572],[-80.741059,48.093511],[-80.741042,48.09344],[-80.740936,48.093395],[-80.741075,48.093358],[-80.741152,48.09327],[-80.741147,48.092902],[-80.741169,48.092866],[-80.74128,48.092983],[-80.741517,48.093123],[-80.741346,48.09333],[-80.741411,48.093503]]],[[[-80.75848,48.097242],[-80.758529,48.097199],[-80.758596,48.097202],[-80.75864,48.097275],[-80.758559,48.097396],[-80.758691,48.09746],[-80.758649,48.097557],[-80.758546,48.09758],[-80.75833,48.097761],[-80.757992,48.097505],[-80.758086,48.097473],[-80.758166,48.097379],[-80.758148,48.097314],[-80.758209,48.097292],[-80.758231,48.097226],[-80.75839,48.097103],[-80.758453,48.09716],[-80.758387,48.097219],[-80.75848,48.097242]]],[[[-80.753435,48.106469],[-80.753296,48.106775],[-80.753158,48.106949],[-80.753149,48.107142],[-80.753099,48.107265],[-80.753097,48.10768],[-80.753031,48.10794],[-80.752789,48.108154],[-80.752581,48.108191],[-80.752471,48.108168],[-80.752278,48.108003],[-80.752235,48.107797],[-80.752204,48.107303],[-80.751891,48.106794],[-80.751853,48.106646],[-80.751818,48.106413],[-80.751855,48.106253],[-80.751925,48.106127],[-80.752168,48.105955],[-80.752688,48.105909],[-80.752847,48.105929],[-80.753142,48.106062],[-80.753344,48.106259],[-80.753435,48.106469]]],[[[-80.748053,48.116614],[-80.748218,48.116309],[-80.748283,48.116281],[-80.748396,48.116342],[-80.74846,48.116483],[-80.748402,48.116592],[-80.74824,48.116658],[-80.748096,48.116654],[-80.748053,48.116614]]],[[[-80.744335,48.118254],[-80.744337,48.118371],[-80.744291,48.118506],[-80.744238,48.118573],[-80.744042,48.118678],[-80.743936,48.118693],[-80.743791,48.118659],[-80.743646,48.118479],[-80.743595,48.117942],[-80.743463,48.117647],[-80.743488,48.117511],[-80.743648,48.117441],[-80.743757,48.117445],[-80.7439,48.117503],[-80.743988,48.117588],[-80.744015,48.117752],[-80.744142,48.117982],[-80.744304,48.118172],[-80.744335,48.118254]]],[[[-80.74495,48.119025],[-80.74496,48.118817],[-80.745012,48.118621],[-80.745106,48.118433],[-80.744978,48.118225],[-80.744639,48.117995],[-80.744512,48.117832],[-80.744489,48.117736],[-80.744331,48.117543],[-80.744347,48.117461],[-80.744203,48.117253],[-80.744187,48.11703],[-80.744219,48.116763],[-80.744325,48.116576],[-80.744566,48.116332],[-80.744754,48.116211],[-80.744874,48.116159],[-80.745094,48.116161],[-80.745251,48.116203],[-80.745583,48.116502],[-80.746291,48.116995],[-80.746516,48.117042],[-80.74698,48.116862],[-80.747274,48.116827],[-80.747383,48.116849],[-80.747422,48.116887],[-80.747434,48.116977],[-80.747313,48.117284],[-80.747263,48.117555],[-80.747066,48.117881],[-80.746778,48.118213],[-80.746567,48.1188],[-80.746593,48.118935],[-80.746573,48.119036],[-80.746501,48.119154],[-80.74635,48.119299],[-80.746318,48.119532],[-80.746412,48.119722],[-80.74679,48.120099],[-80.747209,48.120241],[-80.747634,48.120241],[-80.747757,48.120315],[-80.747771,48.120375],[-80.747744,48.120438],[-80.74756,48.120597],[-80.747409,48.120658],[-80.747022,48.120573],[-80.745981,48.120019],[-80.745298,48.119814],[-80.745168,48.119715],[-80.745026,48.119549],[-80.745036,48.119343],[-80.74495,48.119025]]],[[[-80.742728,48.121462],[-80.742695,48.121367],[-80.742705,48.121282],[-80.742852,48.12097],[-80.743001,48.120853],[-80.743283,48.120768],[-80.744011,48.120927],[-80.744412,48.121083],[-80.744728,48.121297],[-80.744988,48.121672],[-80.745086,48.121909],[-80.745076,48.122018],[-80.745025,48.122081],[-80.744924,48.122141],[-80.744787,48.12216],[-80.744579,48.122133],[-80.743953,48.121944],[-80.743563,48.121971],[-80.743197,48.121924],[-80.7431,48.121883],[-80.742822,48.121601],[-80.742728,48.121462]]],[[[-80.738432,48.140505],[-80.73799,48.139937],[-80.738064,48.139607],[-80.738152,48.139417],[-80.738424,48.139074],[-80.738525,48.138847],[-80.738518,48.138604],[-80.738455,48.138463],[-80.738091,48.138142],[-80.73757,48.137916],[-80.737099,48.137761],[-80.736671,48.137571],[-80.736112,48.137507],[-80.735778,48.137324],[-80.73571,48.137159],[-80.735524,48.13725],[-80.735398,48.137219],[-80.735307,48.137042],[-80.735328,48.136874],[-80.735298,48.136785],[-80.73535,48.136662],[-80.735343,48.136494],[-80.735451,48.136249],[-80.735581,48.136073],[-80.735789,48.135888],[-80.736257,48.135624],[-80.736285,48.135542],[-80.736237,48.13532],[-80.736256,48.135254],[-80.736351,48.135187],[-80.736384,48.1352],[-80.736455,48.135391],[-80.736557,48.135412],[-80.736846,48.135352],[-80.736961,48.135399],[-80.73763,48.135915],[-80.738058,48.135972],[-80.738404,48.135926],[-80.73892,48.135667],[-80.739603,48.135485],[-80.739959,48.13532],[-80.740049,48.135175],[-80.740189,48.13509],[-80.740439,48.134816],[-80.740577,48.134608],[-80.740613,48.1345],[-80.740857,48.134311],[-80.74127,48.134316],[-80.741585,48.134189],[-80.742364,48.134267],[-80.74278,48.134646],[-80.74342,48.135151],[-80.743466,48.135231],[-80.743516,48.135439],[-80.743528,48.135693],[-80.743607,48.135918],[-80.743724,48.135977],[-80.743991,48.136214],[-80.744136,48.136278],[-80.74422,48.136429],[-80.744641,48.1365],[-80.744782,48.136553],[-80.744807,48.136602],[-80.744731,48.136615],[-80.744535,48.136567],[-80.744272,48.136626],[-80.744166,48.136587],[-80.744083,48.136443],[-80.743833,48.136432],[-80.743697,48.136464],[-80.743351,48.136661],[-80.743046,48.136712],[-80.742997,48.136767],[-80.742975,48.136971],[-80.74283,48.137189],[-80.742703,48.137296],[-80.742469,48.137316],[-80.742347,48.137373],[-80.742233,48.137484],[-80.742154,48.137699],[-80.741987,48.137897],[-80.741992,48.138138],[-80.7421,48.138397],[-80.742134,48.138678],[-80.742084,48.138897],[-80.741848,48.139273],[-80.741833,48.139406],[-80.74188,48.139476],[-80.742064,48.13954],[-80.742178,48.139639],[-80.742344,48.139851],[-80.7425,48.140216],[-80.742471,48.140281],[-80.742404,48.140319],[-80.742104,48.140307],[-80.741981,48.140364],[-80.742064,48.140639],[-80.742218,48.140846],[-80.742182,48.140916],[-80.742042,48.14103],[-80.742104,48.141182],[-80.742095,48.141283],[-80.741915,48.141601],[-80.741873,48.141913],[-80.741687,48.142019],[-80.74128,48.14211],[-80.740743,48.142168],[-80.739595,48.142204],[-80.739267,48.14213],[-80.738956,48.141905],[-80.738755,48.141687],[-80.738398,48.141091],[-80.738432,48.140505]],[[-80.740102,48.138147],[-80.740019,48.138051],[-80.739943,48.138046],[-80.739896,48.138103],[-80.739923,48.138272],[-80.740008,48.138303],[-80.740085,48.13823],[-80.740102,48.138147]],[[-80.740412,48.139355],[-80.740411,48.139289],[-80.740199,48.139019],[-80.740217,48.138811],[-80.740157,48.138641],[-80.740053,48.138524],[-80.739959,48.138504],[-80.739931,48.138548],[-80.739973,48.138785],[-80.74025,48.139345],[-80.740363,48.139389],[-80.740412,48.139355]],[[-80.742908,48.136081],[-80.742755,48.135941],[-80.742658,48.135937],[-80.742629,48.136006],[-80.742707,48.136237],[-80.742835,48.136294],[-80.742897,48.136254],[-80.742925,48.136165],[-80.742908,48.136081]]],[[[-80.748249,48.139237],[-80.748175,48.139356],[-80.748043,48.139443],[-80.747851,48.139451],[-80.747613,48.139412],[-80.747388,48.139322],[-80.747245,48.139137],[-80.747266,48.138975],[-80.747326,48.138882],[-80.747484,48.138806],[-80.747592,48.13871],[-80.747629,48.138637],[-80.747611,48.138554],[-80.74764,48.138467],[-80.74782,48.138272],[-80.748003,48.138235],[-80.74824,48.138335],[-80.748278,48.138461],[-80.748233,48.138691],[-80.748271,48.138888],[-80.748249,48.139237]]],[[[-80.751375,48.140271],[-80.751116,48.140311],[-80.750944,48.140259],[-80.750869,48.140205],[-80.750759,48.140063],[-80.750741,48.139956],[-80.750787,48.139832],[-80.750965,48.13968],[-80.751078,48.139644],[-80.751202,48.139648],[-80.75135,48.139696],[-80.751632,48.139861],[-80.751693,48.139975],[-80.751671,48.140089],[-80.751575,48.140183],[-80.751375,48.140271]]],[[[-80.754007,48.148783],[-80.754088,48.14859],[-80.754189,48.148459],[-80.754394,48.147967],[-80.754709,48.147524],[-80.754664,48.147331],[-80.754477,48.147043],[-80.75423,48.146754],[-80.75407,48.146447],[-80.754095,48.146196],[-80.754012,48.145646],[-80.754067,48.145467],[-80.75407,48.145274],[-80.754234,48.14504],[-80.754024,48.144887],[-80.753971,48.144668],[-80.753998,48.144432],[-80.754075,48.144186],[-80.754062,48.14405],[-80.754128,48.143846],[-80.753774,48.143641],[-80.75358,48.143462],[-80.753579,48.143317],[-80.75366,48.143148],[-80.753452,48.142748],[-80.753325,48.142714],[-80.752922,48.142797],[-80.752764,48.142776],[-80.752517,48.142478],[-80.752481,48.142386],[-80.752517,48.142267],[-80.752848,48.14199],[-80.753121,48.141647],[-80.753186,48.141443],[-80.753174,48.141256],[-80.753224,48.141149],[-80.753332,48.141036],[-80.753623,48.140872],[-80.753653,48.140828],[-80.753378,48.140808],[-80.753072,48.140688],[-80.752557,48.140202],[-80.752498,48.140119],[-80.752507,48.140079],[-80.752675,48.139819],[-80.752735,48.139588],[-80.752561,48.139387],[-80.752364,48.139081],[-80.752117,48.138945],[-80.751874,48.138715],[-80.751647,48.138322],[-80.751219,48.138098],[-80.751213,48.137895],[-80.751083,48.137752],[-80.751027,48.137545],[-80.750925,48.137476],[-80.750291,48.13728],[-80.749988,48.137136],[-80.749872,48.136964],[-80.749852,48.1368],[-80.749913,48.136852],[-80.750003,48.136854],[-80.750037,48.136916],[-80.750145,48.136949],[-80.750575,48.136845],[-80.75075,48.136863],[-80.750858,48.137001],[-80.751044,48.137107],[-80.751103,48.137341],[-80.751389,48.1376],[-80.751456,48.137788],[-80.75142,48.137994],[-80.75148,48.138047],[-80.752606,48.137749],[-80.75283,48.137749],[-80.752985,48.137822],[-80.753256,48.138073],[-80.75339,48.13832],[-80.753645,48.138484],[-80.753863,48.138676],[-80.75387,48.138765],[-80.753714,48.139121],[-80.753869,48.13916],[-80.75407,48.139269],[-80.754434,48.139574],[-80.754512,48.139867],[-80.754278,48.140391],[-80.754301,48.1408],[-80.754205,48.140921],[-80.754236,48.141014],[-80.754228,48.141121],[-80.75431,48.141229],[-80.75454,48.141308],[-80.754559,48.141457],[-80.754802,48.141686],[-80.754954,48.141959],[-80.755003,48.142265],[-80.755198,48.142681],[-80.755072,48.143],[-80.755257,48.143153],[-80.755311,48.143259],[-80.755362,48.143412],[-80.755333,48.143721],[-80.755521,48.143862],[-80.755709,48.144058],[-80.75585,48.144293],[-80.756006,48.144443],[-80.756017,48.14455],[-80.755888,48.144756],[-80.755933,48.144896],[-80.756019,48.144968],[-80.756236,48.145044],[-80.756288,48.145099],[-80.756302,48.145162],[-80.756271,48.145229],[-80.756046,48.145403],[-80.755978,48.145706],[-80.756002,48.145832],[-80.756047,48.145963],[-80.756353,48.146223],[-80.756286,48.146423],[-80.756577,48.146765],[-80.756585,48.146886],[-80.756526,48.147011],[-80.756509,48.147169],[-80.75656,48.147412],[-80.756814,48.147719],[-80.757013,48.148063],[-80.757023,48.148433],[-80.756848,48.148826],[-80.756741,48.148927],[-80.755973,48.149398],[-80.755792,48.149417],[-80.755714,48.149497],[-80.75536,48.149547],[-80.754759,48.149446],[-80.754607,48.149448],[-80.754327,48.149314],[-80.754043,48.149082],[-80.753988,48.148946],[-80.754007,48.148783]]],[[[-80.739066,48.14972],[-80.738764,48.14978],[-80.738255,48.149629],[-80.737811,48.149353],[-80.737654,48.149088],[-80.737434,48.148821],[-80.737434,48.148407],[-80.737447,48.148303],[-80.73758,48.148122],[-80.737829,48.148012],[-80.7379,48.14795],[-80.738023,48.14769],[-80.73802,48.147545],[-80.738075,48.147426],[-80.738168,48.147329],[-80.739128,48.146908],[-80.739248,48.146796],[-80.73935,48.146605],[-80.7394,48.146566],[-80.739545,48.146586],[-80.739704,48.146541],[-80.739775,48.146665],[-80.739783,48.146825],[-80.739907,48.147142],[-80.740093,48.14735],[-80.740385,48.147573],[-80.740688,48.14787],[-80.740962,48.148297],[-80.741502,48.148902],[-80.74154,48.149156],[-80.741354,48.149244],[-80.741054,48.149228],[-80.740726,48.149287],[-80.74059,48.149449],[-80.740496,48.149746],[-80.740421,48.149802],[-80.739929,48.14978],[-80.739738,48.149629],[-80.73939,48.149551],[-80.739265,48.149573],[-80.739066,48.14972]]],[[[-80.749595,48.149703],[-80.749424,48.149747],[-80.749356,48.149638],[-80.749223,48.149581],[-80.74935,48.149506],[-80.749493,48.149536],[-80.749525,48.149463],[-80.750047,48.149446],[-80.750331,48.149523],[-80.750724,48.14954],[-80.750986,48.149764],[-80.751072,48.149798],[-80.751188,48.149997],[-80.75105,48.150346],[-80.750867,48.150384],[-80.750741,48.150475],[-80.750678,48.150443],[-80.750504,48.150187],[-80.750279,48.150107],[-80.750102,48.1499],[-80.74995,48.149862],[-80.74978,48.149894],[-80.749758,48.149811],[-80.749782,48.149727],[-80.749595,48.149703]]],[[[-80.754584,48.152743],[-80.754341,48.152713],[-80.754207,48.152575],[-80.754192,48.152509],[-80.754385,48.152215],[-80.754422,48.15203],[-80.754371,48.151965],[-80.754377,48.151785],[-80.754321,48.15169],[-80.754353,48.151519],[-80.754221,48.151344],[-80.754126,48.151288],[-80.754055,48.151035],[-80.754123,48.15091],[-80.75407,48.150832],[-80.754066,48.150729],[-80.753993,48.15067],[-80.75401,48.150629],[-80.754128,48.150635],[-80.75435,48.15074],[-80.754566,48.150795],[-80.7553,48.150747],[-80.755864,48.150911],[-80.756013,48.15104],[-80.756072,48.151301],[-80.756011,48.151471],[-80.756137,48.15171],[-80.756399,48.151916],[-80.756651,48.151989],[-80.757328,48.152509],[-80.757377,48.152694],[-80.75749,48.152817],[-80.757573,48.152976],[-80.757567,48.15307],[-80.757598,48.153135],[-80.757496,48.153351],[-80.757374,48.153466],[-80.757056,48.153615],[-80.756783,48.15365],[-80.75666,48.153608],[-80.756481,48.153491],[-80.75577,48.15323],[-80.755481,48.153292],[-80.755302,48.153261],[-80.755154,48.153188],[-80.754901,48.152901],[-80.754584,48.152743]]],[[[-80.741319,48.155182],[-80.741155,48.155018],[-80.741446,48.155058],[-80.741491,48.155097],[-80.741464,48.155154],[-80.74139,48.155189],[-80.741319,48.155182]]],[[[-80.741425,48.15639],[-80.741471,48.156362],[-80.741778,48.156333],[-80.741468,48.156499],[-80.741403,48.156455],[-80.741425,48.15639]]],[[[-80.752962,48.154973],[-80.753,48.154912],[-80.753293,48.155089],[-80.753687,48.155217],[-80.753895,48.155103],[-80.754122,48.154867],[-80.75432,48.154737],[-80.754625,48.15463],[-80.755365,48.154556],[-80.755662,48.154616],[-80.755963,48.154764],[-80.756032,48.154833],[-80.756081,48.154955],[-80.756089,48.155156],[-80.756177,48.155299],[-80.756181,48.15553],[-80.756243,48.155616],[-80.756242,48.155826],[-80.756309,48.155881],[-80.756324,48.155973],[-80.756413,48.15611],[-80.756405,48.156337],[-80.756468,48.156445],[-80.756365,48.156744],[-80.756339,48.157291],[-80.756234,48.157608],[-80.756115,48.1578],[-80.75597,48.15797],[-80.755812,48.158074],[-80.755217,48.158349],[-80.755103,48.158349],[-80.754577,48.158078],[-80.754403,48.157945],[-80.754351,48.15786],[-80.754135,48.157665],[-80.75405,48.157464],[-80.754043,48.15733],[-80.754166,48.156892],[-80.754164,48.15656],[-80.753966,48.156149],[-80.75407,48.155681],[-80.754043,48.155578],[-80.75401,48.155526],[-80.753781,48.15544],[-80.753615,48.155459],[-80.753273,48.155562],[-80.753123,48.155526],[-80.75303,48.155412],[-80.752962,48.154973]]],[[[-80.755058,48.158998],[-80.75489,48.158986],[-80.754806,48.158915],[-80.754793,48.158861],[-80.754869,48.158728],[-80.755095,48.1586],[-80.75517,48.158632],[-80.755246,48.15875],[-80.755124,48.158843],[-80.755101,48.15898],[-80.755058,48.158998]]],[[[-80.739191,48.158864],[-80.739073,48.159007],[-80.738702,48.158981],[-80.738425,48.1591],[-80.738234,48.159144],[-80.738311,48.159021],[-80.738245,48.158918],[-80.738151,48.158855],[-80.738378,48.158786],[-80.738557,48.158786],[-80.738943,48.158882],[-80.739191,48.158864]]],[[[-80.749395,48.161382],[-80.749361,48.161458],[-80.749287,48.161518],[-80.749055,48.16163],[-80.748463,48.161774],[-80.748034,48.16193],[-80.747763,48.162129],[-80.74746,48.162241],[-80.74719,48.162469],[-80.747001,48.162303],[-80.746967,48.162087],[-80.74729,48.161867],[-80.747334,48.161782],[-80.747298,48.161675],[-80.747358,48.161613],[-80.747347,48.161537],[-80.747267,48.161458],[-80.747115,48.161401],[-80.747184,48.161309],[-80.747166,48.1612],[-80.747205,48.161083],[-80.747112,48.160905],[-80.74711,48.160767],[-80.747206,48.160586],[-80.747219,48.160381],[-80.747193,48.160286],[-80.747275,48.160196],[-80.74727,48.16008],[-80.747498,48.160035],[-80.747618,48.159974],[-80.748219,48.1598],[-80.748543,48.159879],[-80.748837,48.160083],[-80.749151,48.160475],[-80.749321,48.160978],[-80.749288,48.161247],[-80.749395,48.161382]]],[[[-80.747455,48.163343],[-80.747618,48.163532],[-80.747557,48.163698],[-80.74743,48.163803],[-80.746966,48.163994],[-80.746711,48.163908],[-80.746371,48.163661],[-80.746231,48.163617],[-80.746229,48.163547],[-80.746141,48.163387],[-80.746114,48.163209],[-80.746137,48.163046],[-80.746231,48.162867],[-80.746563,48.162714],[-80.746619,48.162723],[-80.746947,48.162938],[-80.746956,48.163039],[-80.747107,48.163158],[-80.747455,48.163343]]],[[[-80.75532,48.165926],[-80.755404,48.166022],[-80.755426,48.166155],[-80.755338,48.166411],[-80.755188,48.166581],[-80.75506,48.166667],[-80.754728,48.166788],[-80.754385,48.166828],[-80.754059,48.1667],[-80.753891,48.166565],[-80.753853,48.166495],[-80.75384,48.166318],[-80.753783,48.166129],[-80.75387,48.165787],[-80.753988,48.165709],[-80.753996,48.16565],[-80.753814,48.16531],[-80.753811,48.165196],[-80.753689,48.165091],[-80.753607,48.164912],[-80.75354,48.164619],[-80.753563,48.164457],[-80.753216,48.163913],[-80.753088,48.163605],[-80.75304,48.163352],[-80.753113,48.163149],[-80.753404,48.162731],[-80.753447,48.162617],[-80.753583,48.162474],[-80.753729,48.162433],[-80.753796,48.162347],[-80.753986,48.162253],[-80.754546,48.16209],[-80.754918,48.162053],[-80.755511,48.162219],[-80.755866,48.162477],[-80.756068,48.162727],[-80.756109,48.16285],[-80.756309,48.163028],[-80.756339,48.163205],[-80.756231,48.163548],[-80.75596,48.163912],[-80.755776,48.164467],[-80.755706,48.164947],[-80.756581,48.165053],[-80.757047,48.165207],[-80.757185,48.165288],[-80.757407,48.165196],[-80.757461,48.165215],[-80.757499,48.165251],[-80.757417,48.165367],[-80.757387,48.165535],[-80.757525,48.165845],[-80.757663,48.165888],[-80.757877,48.165856],[-80.757942,48.165885],[-80.757926,48.165933],[-80.758012,48.166002],[-80.757974,48.166046],[-80.757827,48.166064],[-80.757435,48.166234],[-80.75725,48.166219],[-80.756891,48.166094],[-80.75655,48.165719],[-80.756355,48.165598],[-80.755874,48.165543],[-80.75567,48.165585],[-80.755515,48.16566],[-80.755329,48.165852],[-80.75532,48.165926]]],[[[-80.751864,48.164295],[-80.751187,48.164569],[-80.751086,48.164838],[-80.750989,48.164907],[-80.75079,48.164963],[-80.750574,48.164967],[-80.750215,48.164825],[-80.750122,48.164688],[-80.75012,48.164541],[-80.750275,48.164323],[-80.750879,48.164029],[-80.75134,48.163928],[-80.751618,48.163921],[-80.751823,48.164003],[-80.75192,48.164113],[-80.751919,48.164257],[-80.751864,48.164295]]],[[[-80.754641,48.167958],[-80.754608,48.168026],[-80.754387,48.16815],[-80.754241,48.168152],[-80.754144,48.168036],[-80.754111,48.167906],[-80.754143,48.167692],[-80.75423,48.167569],[-80.75432,48.167512],[-80.754449,48.167479],[-80.754645,48.167514],[-80.754749,48.167591],[-80.75479,48.167736],[-80.754755,48.167867],[-80.754641,48.167958]]],[[[-80.742697,48.174765],[-80.742518,48.174805],[-80.742441,48.174574],[-80.742441,48.174451],[-80.742353,48.174267],[-80.7424,48.174054],[-80.74228,48.173916],[-80.742273,48.173803],[-80.742381,48.173785],[-80.74244,48.173861],[-80.742611,48.173971],[-80.742627,48.174087],[-80.74279,48.174376],[-80.742772,48.174711],[-80.742697,48.174765]]],[[[-80.743009,48.184047],[-80.742828,48.183987],[-80.742722,48.183858],[-80.742791,48.183786],[-80.742891,48.183748],[-80.74316,48.183703],[-80.743234,48.183713],[-80.743328,48.183779],[-80.743347,48.183898],[-80.743243,48.183998],[-80.743009,48.184047]]],[[[-80.745011,48.185313],[-80.744803,48.185253],[-80.744595,48.185149],[-80.744182,48.185096],[-80.743844,48.184931],[-80.743771,48.184824],[-80.743908,48.184794],[-80.744382,48.184976],[-80.744714,48.185027],[-80.745191,48.185255],[-80.745123,48.185314],[-80.745011,48.185313]]],[[[-80.747819,48.191578],[-80.747907,48.191511],[-80.74796,48.19132],[-80.748076,48.191243],[-80.748125,48.191164],[-80.748225,48.191147],[-80.748251,48.191002],[-80.748308,48.190904],[-80.748491,48.191015],[-80.748697,48.191389],[-80.748683,48.191544],[-80.748814,48.191677],[-80.748749,48.191844],[-80.74868,48.19189],[-80.748054,48.192064],[-80.747884,48.191979],[-80.74785,48.191878],[-80.747736,48.191819],[-80.747659,48.191677],[-80.747858,48.191697],[-80.747948,48.191647],[-80.747927,48.191613],[-80.747819,48.191578]]],[[[-80.749217,48.192083],[-80.749004,48.192112],[-80.748701,48.192217],[-80.748434,48.192172],[-80.748334,48.192077],[-80.748365,48.192044],[-80.748551,48.191999],[-80.748775,48.192016],[-80.749125,48.191962],[-80.749223,48.192004],[-80.749217,48.192083]]],[[[-80.750071,48.196284],[-80.75021,48.196215],[-80.750355,48.19625],[-80.750567,48.196135],[-80.750626,48.19614],[-80.75069,48.196216],[-80.750629,48.196295],[-80.750616,48.196398],[-80.750273,48.196604],[-80.750159,48.196575],[-80.749967,48.196366],[-80.749811,48.196394],[-80.749864,48.196193],[-80.750071,48.196284]]],[[[-80.740864,48.196374],[-80.740912,48.196483],[-80.740461,48.196508],[-80.740333,48.196467],[-80.740404,48.196426],[-80.740672,48.19639],[-80.740712,48.196351],[-80.740816,48.196344],[-80.740864,48.196374]]],[[[-80.745307,48.209822],[-80.74521,48.209814],[-80.744987,48.209675],[-80.744955,48.209593],[-80.745061,48.209533],[-80.745115,48.209638],[-80.745303,48.209752],[-80.745307,48.209822]]],[[[-80.74241,48.214755],[-80.742452,48.214724],[-80.742727,48.214706],[-80.742717,48.214763],[-80.742615,48.21486],[-80.742523,48.214892],[-80.74247,48.214867],[-80.74241,48.214755]]],[[[-80.725873,48.092019],[-80.725963,48.092102],[-80.725997,48.092001],[-80.726106,48.091994],[-80.726241,48.092075],[-80.726523,48.092117],[-80.726786,48.092201],[-80.726867,48.092255],[-80.726894,48.092313],[-80.726841,48.092366],[-80.726613,48.092384],[-80.726366,48.092309],[-80.726137,48.092296],[-80.726014,48.092255],[-80.725921,48.092147],[-80.725812,48.092133],[-80.725817,48.092018],[-80.725873,48.092019]]],[[[-80.735421,48.094001],[-80.735314,48.093932],[-80.734823,48.093837],[-80.734698,48.093842],[-80.734568,48.093911],[-80.734423,48.094191],[-80.734024,48.094328],[-80.733932,48.09448],[-80.733897,48.094514],[-80.733874,48.094493],[-80.733864,48.094384],[-80.733924,48.09426],[-80.73427,48.094203],[-80.734335,48.094097],[-80.734374,48.093912],[-80.734562,48.093709],[-80.734763,48.093575],[-80.734756,48.093476],[-80.73488,48.093333],[-80.735172,48.093054],[-80.735766,48.092625],[-80.736085,48.092309],[-80.736248,48.092193],[-80.736521,48.091854],[-80.736908,48.091646],[-80.7372,48.091649],[-80.737288,48.091595],[-80.737321,48.091641],[-80.737277,48.091744],[-80.737353,48.09176],[-80.737475,48.091722],[-80.737529,48.091802],[-80.737542,48.091929],[-80.737364,48.092227],[-80.737345,48.092343],[-80.737465,48.092781],[-80.737434,48.093388],[-80.737351,48.093731],[-80.737276,48.093868],[-80.737091,48.094434],[-80.737171,48.094569],[-80.737288,48.094611],[-80.737297,48.094688],[-80.737387,48.094824],[-80.737264,48.09486],[-80.737133,48.094772],[-80.736869,48.094707],[-80.736816,48.094502],[-80.736641,48.094379],[-80.736513,48.094365],[-80.736263,48.094427],[-80.736057,48.094405],[-80.735787,48.094249],[-80.735551,48.094188],[-80.735421,48.094001]]],[[[-80.723886,48.095011],[-80.723936,48.094957],[-80.724126,48.094828],[-80.724243,48.09466],[-80.724422,48.094648],[-80.724486,48.094583],[-80.724483,48.094495],[-80.724575,48.094264],[-80.724575,48.094131],[-80.724442,48.093602],[-80.724503,48.093552],[-80.724585,48.093563],[-80.724579,48.093458],[-80.724909,48.093349],[-80.725285,48.093288],[-80.725375,48.093338],[-80.725415,48.093441],[-80.725505,48.093485],[-80.725586,48.093482],[-80.725931,48.093349],[-80.726039,48.093248],[-80.726153,48.093073],[-80.726298,48.092974],[-80.726495,48.09291],[-80.726676,48.092912],[-80.726927,48.092856],[-80.727001,48.092883],[-80.727041,48.093064],[-80.72712,48.0932],[-80.727135,48.093329],[-80.727086,48.093516],[-80.727094,48.09369],[-80.727268,48.093947],[-80.727209,48.094232],[-80.727246,48.094316],[-80.727356,48.094393],[-80.727414,48.0945],[-80.727387,48.094639],[-80.727238,48.094763],[-80.72701,48.094853],[-80.726894,48.094949],[-80.726558,48.094951],[-80.726305,48.094903],[-80.726051,48.094987],[-80.72574,48.095031],[-80.725481,48.095027],[-80.725222,48.094906],[-80.725011,48.094916],[-80.724982,48.094996],[-80.724853,48.095067],[-80.724606,48.095388],[-80.724487,48.09575],[-80.724388,48.095857],[-80.724371,48.095987],[-80.7242,48.096116],[-80.724111,48.096111],[-80.724003,48.096157],[-80.72381,48.096156],[-80.723745,48.09608],[-80.723727,48.095898],[-80.72388,48.095577],[-80.723931,48.095171],[-80.723883,48.095068],[-80.723886,48.095011]]],[[[-80.738112,48.094599],[-80.738317,48.094692],[-80.738384,48.094753],[-80.738544,48.094804],[-80.738754,48.094746],[-80.738851,48.094793],[-80.738678,48.09493],[-80.738491,48.094969],[-80.738428,48.094952],[-80.738271,48.094797],[-80.737889,48.094574],[-80.737958,48.094559],[-80.738112,48.094599]]],[[[-80.732024,48.095057],[-80.731922,48.095118],[-80.731917,48.095063],[-80.731992,48.095002],[-80.732274,48.094854],[-80.732228,48.094758],[-80.731975,48.094602],[-80.732366,48.094757],[-80.732445,48.09493],[-80.732428,48.094968],[-80.732024,48.095057]]],[[[-80.73743,48.095133],[-80.737273,48.095084],[-80.737254,48.094999],[-80.737199,48.094952],[-80.737465,48.094885],[-80.737655,48.094908],[-80.737752,48.094965],[-80.737754,48.095008],[-80.73743,48.095133]]],[[[-80.731383,48.095172],[-80.731537,48.095135],[-80.731613,48.095183],[-80.731625,48.095347],[-80.731601,48.095376],[-80.731332,48.095475],[-80.731016,48.09553],[-80.730691,48.095422],[-80.730697,48.095389],[-80.73083,48.095331],[-80.731015,48.095352],[-80.731205,48.095345],[-80.731233,48.095318],[-80.731204,48.095251],[-80.731383,48.095172]]],[[[-80.733116,48.103591],[-80.73309,48.103488],[-80.733265,48.103445],[-80.733412,48.10347],[-80.733389,48.103562],[-80.733233,48.103672],[-80.733062,48.103619],[-80.733116,48.103591]]],[[[-80.733348,48.109757],[-80.733216,48.109727],[-80.733043,48.109611],[-80.732927,48.109585],[-80.732843,48.109517],[-80.732678,48.109471],[-80.732366,48.109448],[-80.732056,48.109287],[-80.731934,48.109258],[-80.731592,48.109068],[-80.731507,48.109097],[-80.731493,48.109245],[-80.731443,48.109302],[-80.731207,48.10929],[-80.73106,48.109367],[-80.730945,48.109389],[-80.730817,48.109215],[-80.730568,48.109097],[-80.730303,48.109102],[-80.730151,48.109058],[-80.730079,48.108969],[-80.730027,48.108551],[-80.730045,48.108338],[-80.730151,48.108234],[-80.730099,48.108019],[-80.730153,48.107918],[-80.730166,48.107768],[-80.730368,48.107649],[-80.730891,48.107563],[-80.731427,48.107241],[-80.731684,48.107126],[-80.731926,48.10691],[-80.732035,48.106858],[-80.732167,48.1067],[-80.732317,48.106711],[-80.732465,48.106603],[-80.732674,48.106591],[-80.732705,48.106632],[-80.732683,48.106707],[-80.732757,48.106916],[-80.732966,48.107058],[-80.733018,48.107146],[-80.733082,48.107179],[-80.733442,48.107057],[-80.733917,48.107129],[-80.734175,48.10711],[-80.734403,48.107042],[-80.73451,48.106979],[-80.734611,48.106866],[-80.734695,48.106726],[-80.734726,48.106543],[-80.734624,48.106275],[-80.734615,48.106023],[-80.734654,48.10591],[-80.734849,48.105755],[-80.734957,48.105541],[-80.734963,48.105457],[-80.735272,48.1051],[-80.735528,48.104919],[-80.735849,48.10496],[-80.735935,48.1049],[-80.735937,48.104841],[-80.735793,48.104695],[-80.735571,48.104684],[-80.735395,48.104544],[-80.735205,48.104519],[-80.734867,48.104535],[-80.734444,48.10416],[-80.734082,48.104003],[-80.733934,48.103852],[-80.7336,48.10382],[-80.733562,48.103756],[-80.733651,48.103679],[-80.733691,48.103537],[-80.733952,48.10361],[-80.734379,48.10353],[-80.73512,48.103496],[-80.73553,48.103755],[-80.735654,48.103981],[-80.736028,48.104348],[-80.736382,48.104487],[-80.736863,48.104591],[-80.737385,48.104886],[-80.737535,48.104892],[-80.737671,48.104831],[-80.737912,48.104535],[-80.737916,48.104383],[-80.73776,48.104231],[-80.737683,48.104106],[-80.737742,48.104039],[-80.737946,48.103954],[-80.737812,48.103839],[-80.737814,48.10381],[-80.738021,48.103756],[-80.738187,48.103638],[-80.738379,48.103652],[-80.738488,48.103625],[-80.73858,48.103541],[-80.738646,48.103383],[-80.738726,48.103306],[-80.738148,48.103281],[-80.737992,48.103177],[-80.737713,48.103115],[-80.737785,48.102754],[-80.737993,48.102597],[-80.7381,48.102432],[-80.738322,48.102206],[-80.73843,48.102033],[-80.7386,48.101922],[-80.738658,48.101815],[-80.738642,48.101756],[-80.738553,48.101696],[-80.73821,48.101659],[-80.73815,48.101619],[-80.738152,48.101586],[-80.738632,48.101499],[-80.739037,48.101656],[-80.739486,48.101878],[-80.73973,48.101867],[-80.739898,48.101746],[-80.739699,48.101387],[-80.739706,48.101268],[-80.740202,48.101221],[-80.740287,48.101185],[-80.740521,48.10099],[-80.740564,48.100848],[-80.740728,48.100629],[-80.740739,48.100535],[-80.740788,48.100531],[-80.740879,48.100667],[-80.740918,48.100854],[-80.741055,48.100992],[-80.741178,48.101259],[-80.741319,48.101351],[-80.74127,48.101505],[-80.741288,48.101605],[-80.741113,48.101692],[-80.741093,48.101728],[-80.741226,48.101705],[-80.741399,48.101744],[-80.741666,48.10188],[-80.741803,48.101909],[-80.741839,48.101959],[-80.741641,48.102087],[-80.741619,48.102278],[-80.741412,48.102355],[-80.741233,48.102464],[-80.741176,48.102573],[-80.740913,48.102847],[-80.740799,48.102885],[-80.740786,48.102954],[-80.740702,48.103032],[-80.740517,48.103114],[-80.740384,48.103126],[-80.740094,48.103359],[-80.740019,48.103388],[-80.739915,48.10368],[-80.739779,48.103806],[-80.739607,48.103891],[-80.739602,48.104018],[-80.739704,48.104191],[-80.739681,48.104297],[-80.739758,48.104406],[-80.739656,48.10453],[-80.739677,48.104748],[-80.739639,48.104875],[-80.739837,48.104994],[-80.739871,48.105176],[-80.739748,48.105416],[-80.73977,48.105523],[-80.739654,48.105614],[-80.739575,48.105739],[-80.739355,48.10584],[-80.739406,48.105947],[-80.739318,48.106048],[-80.739316,48.106196],[-80.739239,48.10631],[-80.739091,48.106377],[-80.739056,48.10646],[-80.739047,48.106541],[-80.739103,48.10671],[-80.738907,48.106824],[-80.738939,48.106916],[-80.738915,48.107004],[-80.739012,48.107436],[-80.738932,48.107604],[-80.738931,48.107728],[-80.73889,48.107778],[-80.738941,48.107826],[-80.738941,48.107893],[-80.739049,48.108162],[-80.738981,48.108209],[-80.738898,48.108216],[-80.738817,48.108143],[-80.738759,48.108014],[-80.738629,48.107981],[-80.73842,48.108031],[-80.738213,48.108279],[-80.737817,48.108216],[-80.73759,48.108248],[-80.737364,48.108332],[-80.736909,48.108434],[-80.736741,48.108535],[-80.736725,48.108631],[-80.736515,48.109106],[-80.736323,48.109123],[-80.736405,48.109368],[-80.736139,48.109196],[-80.736028,48.109203],[-80.735749,48.109317],[-80.735601,48.109274],[-80.735491,48.109164],[-80.735292,48.109176],[-80.735184,48.109234],[-80.735051,48.109384],[-80.735051,48.109516],[-80.735129,48.109746],[-80.735109,48.109843],[-80.735144,48.109979],[-80.734988,48.110153],[-80.734744,48.110056],[-80.734414,48.109746],[-80.734319,48.109693],[-80.734059,48.109686],[-80.734028,48.109703],[-80.734056,48.109749],[-80.734034,48.109773],[-80.733473,48.109832],[-80.733348,48.109757]]],[[[-80.737795,48.111223],[-80.737922,48.111387],[-80.73791,48.111435],[-80.7377,48.111427],[-80.737621,48.111488],[-80.737553,48.111474],[-80.737504,48.111395],[-80.737608,48.111302],[-80.737562,48.111185],[-80.737573,48.11114],[-80.737635,48.111128],[-80.737795,48.111223]]],[[[-80.736673,48.114481],[-80.736655,48.114356],[-80.736473,48.114249],[-80.736736,48.114196],[-80.736871,48.114256],[-80.736915,48.11431],[-80.736842,48.114383],[-80.736835,48.114545],[-80.736767,48.114617],[-80.736673,48.114481]]],[[[-80.73631,48.114743],[-80.736336,48.114645],[-80.736288,48.114595],[-80.736178,48.114582],[-80.736085,48.114493],[-80.735943,48.114461],[-80.735925,48.114434],[-80.735981,48.114398],[-80.735983,48.114355],[-80.735917,48.114323],[-80.735826,48.114335],[-80.735801,48.11426],[-80.736173,48.114267],[-80.736117,48.114405],[-80.736207,48.114464],[-80.736433,48.114417],[-80.736475,48.114437],[-80.736546,48.11476],[-80.736497,48.114826],[-80.736235,48.114981],[-80.736241,48.115101],[-80.736136,48.115227],[-80.736051,48.115247],[-80.735879,48.115215],[-80.735853,48.115163],[-80.73594,48.1151],[-80.735937,48.115039],[-80.735841,48.114923],[-80.735704,48.114831],[-80.735657,48.114752],[-80.735996,48.114871],[-80.736241,48.114816],[-80.73631,48.114743]]],[[[-80.735721,48.132354],[-80.735621,48.132148],[-80.735187,48.131637],[-80.735015,48.131319],[-80.734954,48.13099],[-80.735,48.130891],[-80.735284,48.130592],[-80.735701,48.130351],[-80.735861,48.13013],[-80.736012,48.130091],[-80.736109,48.130162],[-80.736219,48.130168],[-80.736253,48.130134],[-80.736195,48.130076],[-80.736224,48.130058],[-80.73638,48.130076],[-80.736521,48.13017],[-80.736799,48.130514],[-80.737039,48.130576],[-80.737362,48.130783],[-80.737556,48.13096],[-80.738029,48.13098],[-80.738289,48.13094],[-80.738826,48.130947],[-80.738986,48.130883],[-80.739035,48.13079],[-80.738905,48.130595],[-80.738882,48.130431],[-80.738906,48.130342],[-80.739025,48.130163],[-80.739027,48.130109],[-80.738974,48.130052],[-80.738721,48.129922],[-80.738581,48.12974],[-80.738397,48.129661],[-80.737624,48.12954],[-80.737423,48.129539],[-80.737283,48.129574],[-80.736951,48.129777],[-80.736795,48.129838],[-80.736517,48.129863],[-80.735913,48.129809],[-80.735643,48.129715],[-80.73555,48.129626],[-80.735531,48.129546],[-80.735578,48.129278],[-80.735561,48.129224],[-80.73545,48.129226],[-80.7354,48.129324],[-80.735417,48.129415],[-80.735204,48.12957],[-80.735183,48.129504],[-80.735224,48.129324],[-80.73508,48.129305],[-80.734947,48.129236],[-80.734858,48.129146],[-80.734806,48.129011],[-80.734812,48.12881],[-80.734733,48.128435],[-80.734789,48.128208],[-80.734729,48.127812],[-80.734735,48.127651],[-80.734895,48.126956],[-80.734901,48.126799],[-80.735027,48.126401],[-80.73491,48.126158],[-80.734954,48.12603],[-80.734941,48.125887],[-80.734748,48.125612],[-80.734606,48.12531],[-80.734578,48.12497],[-80.734471,48.124675],[-80.734524,48.124495],[-80.734687,48.124278],[-80.734693,48.123768],[-80.734999,48.123538],[-80.735204,48.123009],[-80.735139,48.122717],[-80.735143,48.122607],[-80.734972,48.122342],[-80.734987,48.122091],[-80.734868,48.1219],[-80.734934,48.121598],[-80.734913,48.121415],[-80.734949,48.121328],[-80.734901,48.121245],[-80.735087,48.12108],[-80.735145,48.120898],[-80.735251,48.120739],[-80.735222,48.120637],[-80.735249,48.120581],[-80.735419,48.120465],[-80.735605,48.120249],[-80.735889,48.120047],[-80.736188,48.119933],[-80.73631,48.119918],[-80.736395,48.119944],[-80.736491,48.120035],[-80.736709,48.120076],[-80.736784,48.120156],[-80.736978,48.120462],[-80.736983,48.120544],[-80.737057,48.120652],[-80.737074,48.120741],[-80.737044,48.120953],[-80.736902,48.121204],[-80.73658,48.121386],[-80.736507,48.121493],[-80.736578,48.121861],[-80.736449,48.122057],[-80.736592,48.12228],[-80.736477,48.122426],[-80.736466,48.122492],[-80.736563,48.122645],[-80.7368,48.122815],[-80.736792,48.122946],[-80.736724,48.12311],[-80.73661,48.123243],[-80.73631,48.123426],[-80.736031,48.123549],[-80.736019,48.123623],[-80.736089,48.123788],[-80.736163,48.123903],[-80.736244,48.123952],[-80.736412,48.123979],[-80.736668,48.123925],[-80.736831,48.124023],[-80.737037,48.124188],[-80.737343,48.124657],[-80.737765,48.125117],[-80.738154,48.125314],[-80.738542,48.125375],[-80.738815,48.125595],[-80.738892,48.125729],[-80.738845,48.125896],[-80.738743,48.125989],[-80.73833,48.126061],[-80.738204,48.126145],[-80.73814,48.126262],[-80.738109,48.126415],[-80.737982,48.126592],[-80.737895,48.126678],[-80.737616,48.12683],[-80.737282,48.127151],[-80.737288,48.127312],[-80.737099,48.127554],[-80.737104,48.127648],[-80.737168,48.127688],[-80.737284,48.127677],[-80.737491,48.127539],[-80.737649,48.127501],[-80.73781,48.127531],[-80.738034,48.127635],[-80.738098,48.127752],[-80.738051,48.127887],[-80.738067,48.127951],[-80.738126,48.128006],[-80.738295,48.128071],[-80.738351,48.128312],[-80.738678,48.128636],[-80.738682,48.128806],[-80.738627,48.128933],[-80.73863,48.129077],[-80.738712,48.129321],[-80.738907,48.129386],[-80.739168,48.129376],[-80.739437,48.129414],[-80.739581,48.129456],[-80.739721,48.129541],[-80.740128,48.130108],[-80.740439,48.130398],[-80.740499,48.130502],[-80.740511,48.130604],[-80.740405,48.130852],[-80.740369,48.131032],[-80.740393,48.131113],[-80.740195,48.131407],[-80.739556,48.131937],[-80.739409,48.132028],[-80.739242,48.132079],[-80.738994,48.132355],[-80.739042,48.132495],[-80.739155,48.13267],[-80.739149,48.133135],[-80.739227,48.133338],[-80.739193,48.1334],[-80.739056,48.133485],[-80.738893,48.13345],[-80.738795,48.133481],[-80.738703,48.13358],[-80.738655,48.133758],[-80.738333,48.133966],[-80.737359,48.134188],[-80.736372,48.134565],[-80.736295,48.134639],[-80.736272,48.134741],[-80.736288,48.134784],[-80.736408,48.134835],[-80.736459,48.134892],[-80.736418,48.13507],[-80.736164,48.135121],[-80.735938,48.135096],[-80.735886,48.134814],[-80.735577,48.134521],[-80.735461,48.134348],[-80.735407,48.134196],[-80.735371,48.133979],[-80.73548,48.133411],[-80.73579,48.132606],[-80.735891,48.132523],[-80.735721,48.132354]]],[[[-80.721983,48.137882],[-80.722078,48.137841],[-80.722167,48.137843],[-80.722208,48.137918],[-80.722179,48.137986],[-80.722021,48.138003],[-80.721958,48.137964],[-80.721983,48.137882]]],[[[-80.72651,48.139014],[-80.726264,48.139174],[-80.72611,48.139217],[-80.725899,48.139149],[-80.725713,48.139036],[-80.72565,48.138761],[-80.725663,48.138663],[-80.725728,48.138631],[-80.726206,48.138728],[-80.726381,48.138784],[-80.726481,48.138858],[-80.726534,48.138972],[-80.72651,48.139014]]],[[[-80.719583,48.143964],[-80.719639,48.143859],[-80.719729,48.143797],[-80.719796,48.143796],[-80.71983,48.14382],[-80.71981,48.143899],[-80.7196,48.144138],[-80.719558,48.144108],[-80.719583,48.143964]]],[[[-80.724709,48.150048],[-80.7247,48.149954],[-80.724765,48.149923],[-80.724891,48.149976],[-80.724971,48.150054],[-80.72495,48.150104],[-80.724801,48.150095],[-80.724709,48.150048]]],[[[-80.736519,48.159283],[-80.736354,48.159203],[-80.736746,48.159128],[-80.736609,48.159346],[-80.736543,48.159367],[-80.736519,48.159283]]],[[[-80.734503,48.160148],[-80.734488,48.160362],[-80.734556,48.160819],[-80.734625,48.160982],[-80.734477,48.161243],[-80.734261,48.161409],[-80.734167,48.161789],[-80.733885,48.16198],[-80.733548,48.162049],[-80.733353,48.162039],[-80.733194,48.161959],[-80.73316,48.161889],[-80.733176,48.161608],[-80.733419,48.161382],[-80.733405,48.161289],[-80.733305,48.161219],[-80.733388,48.161164],[-80.733421,48.161049],[-80.733488,48.160973],[-80.73361,48.16089],[-80.733907,48.160799],[-80.734165,48.16052],[-80.734135,48.16039],[-80.734204,48.160243],[-80.734202,48.159938],[-80.734282,48.159766],[-80.734322,48.159572],[-80.734462,48.159365],[-80.734734,48.159295],[-80.734996,48.159282],[-80.735399,48.159338],[-80.735405,48.159377],[-80.735185,48.159656],[-80.734628,48.16002],[-80.734503,48.160148]]],[[[-80.723109,48.167133],[-80.723338,48.167032],[-80.723568,48.166956],[-80.723883,48.166971],[-80.724075,48.167017],[-80.724147,48.167118],[-80.724076,48.167278],[-80.724091,48.167325],[-80.724326,48.167522],[-80.724537,48.167599],[-80.724719,48.167735],[-80.724773,48.167816],[-80.724819,48.167933],[-80.724717,48.168069],[-80.72472,48.168346],[-80.724783,48.168425],[-80.724945,48.168534],[-80.72508,48.168861],[-80.725191,48.168976],[-80.725231,48.1691],[-80.725481,48.16944],[-80.725432,48.169656],[-80.725165,48.169973],[-80.725158,48.17023],[-80.725055,48.170379],[-80.725124,48.170494],[-80.72513,48.170628],[-80.72498,48.170732],[-80.724948,48.170789],[-80.725044,48.171077],[-80.725016,48.171327],[-80.724946,48.171557],[-80.724817,48.171768],[-80.724798,48.171906],[-80.724613,48.172147],[-80.724368,48.172362],[-80.723695,48.172563],[-80.723565,48.172639],[-80.723535,48.17272],[-80.723665,48.172871],[-80.723675,48.173206],[-80.723732,48.173275],[-80.723659,48.173327],[-80.723534,48.173263],[-80.723447,48.173124],[-80.723371,48.173067],[-80.722738,48.172928],[-80.722195,48.172706],[-80.722109,48.172619],[-80.722012,48.172327],[-80.721947,48.172234],[-80.721404,48.172008],[-80.721291,48.171852],[-80.721224,48.171323],[-80.721015,48.170869],[-80.721054,48.17065],[-80.721025,48.170408],[-80.721072,48.17027],[-80.721191,48.170162],[-80.721427,48.170135],[-80.721505,48.170085],[-80.721468,48.170037],[-80.721275,48.169954],[-80.721242,48.169899],[-80.721243,48.16981],[-80.721402,48.169476],[-80.7214,48.169319],[-80.721213,48.168934],[-80.721258,48.168696],[-80.721343,48.168479],[-80.721312,48.168314],[-80.721373,48.168221],[-80.721549,48.168106],[-80.721653,48.167989],[-80.721821,48.16792],[-80.722161,48.167926],[-80.722344,48.167894],[-80.722477,48.167817],[-80.723023,48.167306],[-80.723109,48.167133]]],[[[-80.725259,48.173609],[-80.725152,48.173595],[-80.72503,48.173509],[-80.725057,48.173473],[-80.725173,48.17352],[-80.72535,48.17349],[-80.725382,48.173548],[-80.725259,48.173609]]],[[[-80.729658,48.173738],[-80.729757,48.173482],[-80.729917,48.17343],[-80.72988,48.17356],[-80.729685,48.173785],[-80.729658,48.173738]]],[[[-80.726776,48.173702],[-80.726948,48.173874],[-80.72697,48.173956],[-80.726863,48.174059],[-80.726796,48.17407],[-80.726681,48.173979],[-80.726693,48.173932],[-80.726867,48.173886],[-80.726705,48.173768],[-80.726719,48.1737],[-80.726776,48.173702]]],[[[-80.734529,48.173863],[-80.734737,48.173737],[-80.734858,48.17371],[-80.734969,48.173733],[-80.735053,48.173849],[-80.735348,48.173878],[-80.735417,48.173911],[-80.735473,48.174004],[-80.735342,48.174152],[-80.735288,48.174137],[-80.73527,48.174089],[-80.73533,48.173988],[-80.735314,48.173964],[-80.735212,48.173996],[-80.735069,48.17415],[-80.734969,48.174171],[-80.734896,48.174158],[-80.735118,48.173989],[-80.734985,48.173987],[-80.734605,48.174121],[-80.734446,48.174083],[-80.73446,48.17395],[-80.734529,48.173863]]],[[[-80.732673,48.174969],[-80.732868,48.174939],[-80.732953,48.174875],[-80.733073,48.174934],[-80.73311,48.175012],[-80.733097,48.175094],[-80.733154,48.175168],[-80.733074,48.175224],[-80.732938,48.175157],[-80.732797,48.175166],[-80.732729,48.175034],[-80.732562,48.175054],[-80.732673,48.174969]]],[[[-80.733134,48.175312],[-80.733237,48.175276],[-80.733389,48.175315],[-80.733408,48.175359],[-80.73336,48.175441],[-80.733279,48.175457],[-80.733113,48.175388],[-80.733134,48.175312]]],[[[-80.723389,48.190619],[-80.723857,48.190513],[-80.723804,48.190621],[-80.723877,48.190798],[-80.723892,48.19094],[-80.723731,48.191029],[-80.723783,48.191224],[-80.723633,48.191194],[-80.723505,48.191105],[-80.723211,48.191093],[-80.723131,48.191045],[-80.723162,48.190846],[-80.723408,48.190825],[-80.723468,48.190786],[-80.723464,48.190717],[-80.723336,48.190679],[-80.723337,48.190638],[-80.723389,48.190619]]],[[[-80.722031,48.191759],[-80.722336,48.191737],[-80.722552,48.191781],[-80.722614,48.191953],[-80.722403,48.192323],[-80.72238,48.192527],[-80.722452,48.192617],[-80.722669,48.192644],[-80.722795,48.192707],[-80.722846,48.192812],[-80.722745,48.193219],[-80.722506,48.193228],[-80.722393,48.19332],[-80.722702,48.193889],[-80.722702,48.19398],[-80.722648,48.194063],[-80.722661,48.194145],[-80.722579,48.1942],[-80.722542,48.194311],[-80.722453,48.194416],[-80.722046,48.194558],[-80.721818,48.194596],[-80.721451,48.194551],[-80.721044,48.19426],[-80.720928,48.194213],[-80.721252,48.193291],[-80.721562,48.192893],[-80.721659,48.192549],[-80.721666,48.192062],[-80.721889,48.191836],[-80.722031,48.191759]]],[[[-80.729992,48.194663],[-80.730135,48.194638],[-80.730252,48.194772],[-80.730099,48.194775],[-80.729988,48.194703],[-80.729992,48.194663]]],[[[-80.730309,48.19593],[-80.730544,48.195964],[-80.730643,48.196018],[-80.730634,48.196161],[-80.730822,48.19632],[-80.730932,48.196546],[-80.730927,48.196727],[-80.731027,48.196937],[-80.731008,48.197166],[-80.731068,48.197312],[-80.730691,48.1976],[-80.730657,48.197605],[-80.730449,48.197367],[-80.730432,48.197194],[-80.730506,48.196974],[-80.730506,48.196872],[-80.730304,48.196519],[-80.73028,48.196241],[-80.730203,48.196127],[-80.730159,48.19591],[-80.73022,48.195825],[-80.730073,48.195668],[-80.730074,48.195617],[-80.730155,48.195656],[-80.730309,48.19593]]],[[[-80.721271,48.196949],[-80.721203,48.196916],[-80.721251,48.196791],[-80.721201,48.196727],[-80.72086,48.196664],[-80.720814,48.196613],[-80.721049,48.19648],[-80.721206,48.196449],[-80.721496,48.196649],[-80.721527,48.196767],[-80.721504,48.19684],[-80.721356,48.196943],[-80.721271,48.196949]]],[[[-80.73171,48.198013],[-80.731583,48.197848],[-80.731752,48.197932],[-80.731953,48.197968],[-80.731979,48.198097],[-80.73171,48.198013]]],[[[-80.733686,48.199158],[-80.733265,48.199144],[-80.73321,48.199116],[-80.733222,48.199056],[-80.733194,48.199019],[-80.733426,48.199023],[-80.733759,48.198966],[-80.733808,48.199082],[-80.733686,48.199158]]],[[[-80.728809,48.204646],[-80.728768,48.204583],[-80.728831,48.204491],[-80.728729,48.204411],[-80.728654,48.204397],[-80.728294,48.204392],[-80.72819,48.204545],[-80.728055,48.204386],[-80.728069,48.204221],[-80.727978,48.204265],[-80.727843,48.204268],[-80.727629,48.204197],[-80.727475,48.204048],[-80.727271,48.204093],[-80.727065,48.204057],[-80.726922,48.203988],[-80.72666,48.203707],[-80.726597,48.203483],[-80.726366,48.203432],[-80.726122,48.203297],[-80.726062,48.203231],[-80.726311,48.202834],[-80.72645,48.202734],[-80.726449,48.202694],[-80.726374,48.202615],[-80.726389,48.202579],[-80.72647,48.202523],[-80.72653,48.202614],[-80.726657,48.202574],[-80.726735,48.202586],[-80.727745,48.202934],[-80.727909,48.203025],[-80.72795,48.203121],[-80.728091,48.203264],[-80.728136,48.203377],[-80.728122,48.203469],[-80.728248,48.203478],[-80.72828,48.203455],[-80.728274,48.203403],[-80.728355,48.203395],[-80.728995,48.203754],[-80.729107,48.203899],[-80.729103,48.204117],[-80.729193,48.20428],[-80.729591,48.204395],[-80.729682,48.204356],[-80.729828,48.204481],[-80.729723,48.204656],[-80.729509,48.204809],[-80.729341,48.205015],[-80.729133,48.204924],[-80.729041,48.204786],[-80.729049,48.204741],[-80.729205,48.204734],[-80.729256,48.204667],[-80.729053,48.204644],[-80.72892,48.204666],[-80.728809,48.204646]]],[[[-80.73264,48.204557],[-80.732671,48.204117],[-80.732764,48.203751],[-80.732775,48.203573],[-80.732828,48.203494],[-80.73298,48.203582],[-80.733151,48.203567],[-80.733322,48.2037],[-80.73331,48.203891],[-80.733336,48.203974],[-80.733377,48.204048],[-80.73354,48.20418],[-80.733479,48.204268],[-80.733516,48.20437],[-80.733423,48.204544],[-80.733329,48.204846],[-80.733111,48.204875],[-80.733093,48.204755],[-80.733034,48.20471],[-80.733005,48.204713],[-80.733013,48.204775],[-80.732979,48.204801],[-80.732849,48.204798],[-80.732732,48.204732],[-80.732654,48.20463],[-80.73264,48.204557]]],[[[-80.721062,48.216166],[-80.721234,48.216154],[-80.721301,48.216198],[-80.721312,48.216263],[-80.721224,48.216331],[-80.721073,48.216196],[-80.721062,48.216166]]],[[[-80.71949,48.216263],[-80.719639,48.216251],[-80.719813,48.21639],[-80.7198,48.216471],[-80.719759,48.21649],[-80.719589,48.216462],[-80.719463,48.216359],[-80.71949,48.216263]]]]},"properties":{"band":0,"lo":0,"hi":2,"survey":false}},{"type":"Feature","geometry":{"type":"MultiPolygon","coordinates":[[[[-80.76847,48.218291],[-80.76822,48.217954],[-80.768085,48.217481],[-80.767858,48.217279],[-80.76745,48.217068],[-80.76735,48.21704],[-80.76725,48.217065],[-80.76675,48.21739],[-80.766538,48.217481],[-80.76605,48.217547],[-80.76555,48.217529],[-80.76495,48.217434],[-80.764237,48.217211],[-80.763172,48.216604],[-80.763088,48.216536],[-80.763,48.216401],[-80.762946,48.216131],[-80.762952,48.215186],[-80.763029,48.214849],[-80.76299,48.214714],[-80.76285,48.214621],[-80.76225,48.214545],[-80.76205,48.214485],[-80.761888,48.214376],[-80.7618,48.214241],[-80.761754,48.214039],[-80.761752,48.213836],[-80.761855,48.213499],[-80.761987,48.213364],[-80.76265,48.21292],[-80.76285,48.212737],[-80.762929,48.212621],[-80.76302,48.212216],[-80.763109,48.212081],[-80.763295,48.211946],[-80.76355,48.211858],[-80.76385,48.211818],[-80.76435,48.211806],[-80.76575,48.21182],[-80.76605,48.211858],[-80.76665,48.21208],[-80.76705,48.212184],[-80.76745,48.21235],[-80.76785,48.212457],[-80.76845,48.21281],[-80.76865,48.212842],[-80.76875,48.21281],[-80.768919,48.212689],[-80.768923,48.212621],[-80.768701,48.212419],[-80.768587,48.212216],[-80.768563,48.211879],[-80.76865,48.211617],[-80.76875,48.211504],[-80.768895,48.211406],[-80.76945,48.211233],[-80.76965,48.211104],[-80.769729,48.211001],[-80.769774,48.210731],[-80.769853,48.210529],[-80.770121,48.210259],[-80.76995,48.210129],[-80.76975,48.210054],[-80.76935,48.210198],[-80.76905,48.210254],[-80.76765,48.210241],[-80.76735,48.210156],[-80.76655,48.209753],[-80.76555,48.209672],[-80.76505,48.209493],[-80.76425,48.209415],[-80.76385,48.20927],[-80.76325,48.209327],[-80.76285,48.209288],[-80.762372,48.209044],[-80.762289,48.208976],[-80.762205,48.208841],[-80.762173,48.208639],[-80.762195,48.208504],[-80.762303,48.208301],[-80.762493,48.208099],[-80.762527,48.208031],[-80.762541,48.207829],[-80.76253,48.207626],[-80.762484,48.207491],[-80.76225,48.207232],[-80.762176,48.207086],[-80.762149,48.206884],[-80.762173,48.206681],[-80.762253,48.206479],[-80.762499,48.206209],[-80.762652,48.205939],[-80.762883,48.205669],[-80.762922,48.205466],[-80.762883,48.205331],[-80.762653,48.205061],[-80.762575,48.204859],[-80.762516,48.203509],[-80.76235,48.203294],[-80.761987,48.203036],[-80.761855,48.202901],[-80.761772,48.202699],[-80.761718,48.202429],[-80.761453,48.202091],[-80.761373,48.201889],[-80.761347,48.201349],[-80.76145,48.201011],[-80.761459,48.200876],[-80.761375,48.200539],[-80.761359,48.200336],[-80.76142,48.200066],[-80.76155,48.199894],[-80.76205,48.19955],[-80.76242,48.199391],[-80.762491,48.199324],[-80.762554,48.199121],[-80.76255,48.198493],[-80.762492,48.198311],[-80.762241,48.198041],[-80.76205,48.197723],[-80.761586,48.197366],[-80.76145,48.197223],[-80.761363,48.196961],[-80.761329,48.196489],[-80.761041,48.196151],[-80.760889,48.195881],[-80.760653,48.195611],[-80.760594,48.195476],[-80.760559,48.195206],[-80.760652,48.194801],[-80.760628,48.194599],[-80.760308,48.194329],[-80.760175,48.194059],[-80.760175,48.193181],[-80.760253,48.192979],[-80.760548,48.192641],[-80.760613,48.192506],[-80.760633,48.192371],[-80.760529,48.191899],[-80.760242,48.191561],[-80.760158,48.191359],[-80.760147,48.190549],[-80.760243,48.190279],[-80.760577,48.190009],[-80.760632,48.189941],[-80.760655,48.189806],[-80.760559,48.189401],[-80.760516,48.188929],[-80.760253,48.188591],[-80.760159,48.188321],[-80.760152,48.187916],[-80.760224,48.187511],[-80.760084,48.186971],[-80.759852,48.186701],[-80.759697,48.186431],[-80.759453,48.186161],[-80.759292,48.185621],[-80.758935,48.185216],[-80.75845,48.184991],[-80.757986,48.184676],[-80.757855,48.184541],[-80.757775,48.184339],[-80.757735,48.183866],[-80.757685,48.183731],[-80.75755,48.183586],[-80.757186,48.183326],[-80.757055,48.183191],[-80.756892,48.182651],[-80.756641,48.182381],[-80.756489,48.182111],[-80.75622,48.181774],[-80.756175,48.181639],[-80.756159,48.181436],[-80.756234,48.181031],[-80.756135,48.180626],[-80.756084,48.180491],[-80.755853,48.180221],[-80.755777,48.180019],[-80.755749,48.179006],[-80.755804,48.178736],[-80.756129,48.178331],[-80.756163,48.177859],[-80.756252,48.177521],[-80.756251,48.177386],[-80.75617,48.177251],[-80.755843,48.176981],[-80.755757,48.176779],[-80.755716,48.176509],[-80.75565,48.176396],[-80.75535,48.176128],[-80.75525,48.17608],[-80.75515,48.176076],[-80.75505,48.176116],[-80.754709,48.176441],[-80.75458,48.176914],[-80.754323,48.177251],[-80.754323,48.177319],[-80.754547,48.177589],[-80.754625,48.177791],[-80.75467,48.178871],[-80.75495,48.179209],[-80.755027,48.179411],[-80.755041,48.179546],[-80.755027,48.179749],[-80.754983,48.179884],[-80.754723,48.180221],[-80.754723,48.180289],[-80.75495,48.180564],[-80.75502,48.180829],[-80.754947,48.181031],[-80.75467,48.181369],[-80.754546,48.181909],[-80.754546,48.182111],[-80.75467,48.182651],[-80.754948,48.182989],[-80.755101,48.183259],[-80.755347,48.183529],[-80.755437,48.183799],[-80.755425,48.185149],[-80.755347,48.185351],[-80.755082,48.185689],[-80.754966,48.186161],[-80.755041,48.186566],[-80.755054,48.187714],[-80.755106,48.187849],[-80.75545,48.188258],[-80.756013,48.188524],[-80.756145,48.188659],[-80.756225,48.188861],[-80.756225,48.189739],[-80.756147,48.189941],[-80.755871,48.190279],[-80.755854,48.190684],[-80.755906,48.190819],[-80.756036,48.190954],[-80.756491,48.191291],[-80.756625,48.191561],[-80.756641,48.191764],[-80.756606,48.191966],[-80.756497,48.192169],[-80.756308,48.192371],[-80.756262,48.192574],[-80.756308,48.192709],[-80.756497,48.192911],[-80.756606,48.193114],[-80.75667,48.193721],[-80.75685,48.193936],[-80.757291,48.194261],[-80.757425,48.194531],[-80.757437,48.195071],[-80.757366,48.195409],[-80.757441,48.195746],[-80.757454,48.196894],[-80.757506,48.197029],[-80.75775,48.197305],[-80.757826,48.197501],[-80.75787,48.197771],[-80.758147,48.198109],[-80.758237,48.198379],[-80.758241,48.199594],[-80.758141,48.200066],[-80.758146,48.200201],[-80.75822,48.200471],[-80.758205,48.200606],[-80.758147,48.200741],[-80.757903,48.201011],[-80.757692,48.201349],[-80.75745,48.201512],[-80.75725,48.201572],[-80.75685,48.201617],[-80.75655,48.201613],[-80.75625,48.201556],[-80.75605,48.201461],[-80.75515,48.200846],[-80.75502,48.200674],[-80.754918,48.200269],[-80.754831,48.200134],[-80.75465,48.199976],[-80.753909,48.199459],[-80.75382,48.199324],[-80.75378,48.199189],[-80.753902,48.198716],[-80.753896,48.198649],[-80.753807,48.198581],[-80.75335,48.198402],[-80.75265,48.198402],[-80.75195,48.198657],[-80.751798,48.198784],[-80.751747,48.198919],[-80.751741,48.199054],[-80.751837,48.199459],[-80.75187,48.199931],[-80.752147,48.200269],[-80.752226,48.200471],[-80.75227,48.200741],[-80.752547,48.201079],[-80.752637,48.201349],[-80.752641,48.201754],[-80.752606,48.201956],[-80.752497,48.202159],[-80.752308,48.202361],[-80.752254,48.202496],[-80.752242,48.203171],[-80.752271,48.203441],[-80.752548,48.203779],[-80.752701,48.204049],[-80.753346,48.204589],[-80.753453,48.204791],[-80.75375,48.205135],[-80.75382,48.205331],[-80.753805,48.205466],[-80.753745,48.205601],[-80.753613,48.205736],[-80.752711,48.206344],[-80.75145,48.206772],[-80.75105,48.206963],[-80.75075,48.207008],[-80.75045,48.207001],[-80.74975,48.206783],[-80.74955,48.206802],[-80.749422,48.206884],[-80.749379,48.207019],[-80.749438,48.207289],[-80.749454,48.207761],[-80.749411,48.208774],[-80.749318,48.208976],[-80.74902,48.209246],[-80.748967,48.209449],[-80.74907,48.209921],[-80.749347,48.210259],[-80.749405,48.210394],[-80.749427,48.210529],[-80.749395,48.210731],[-80.74925,48.210918],[-80.748828,48.211204],[-80.74845,48.2114],[-80.748307,48.211541],[-80.748254,48.211676],[-80.748225,48.212149],[-80.748147,48.212351],[-80.747911,48.212621],[-80.747698,48.212959],[-80.74755,48.213069],[-80.747174,48.213229],[-80.747095,48.213296],[-80.746966,48.213701],[-80.74699,48.213836],[-80.74705,48.213915],[-80.74755,48.214131],[-80.747691,48.214241],[-80.74778,48.214376],[-80.747837,48.214579],[-80.747842,48.215186],[-80.747768,48.215659],[-80.747852,48.215861],[-80.748097,48.216131],[-80.74818,48.216266],[-80.74822,48.216469],[-80.74818,48.216604],[-80.748014,48.216806],[-80.74705,48.217442],[-80.74675,48.217519],[-80.74625,48.217571],[-80.745987,48.217684],[-80.745853,48.217819],[-80.745698,48.218089],[-80.745453,48.218359],[-80.745298,48.218629],[-80.745108,48.218831],[-80.745062,48.218966],[-80.744648,48.218966],[-80.744691,48.218696],[-80.745287,48.218089],[-80.745492,48.217616],[-80.74555,48.217549],[-80.745721,48.217481],[-80.746411,48.217346],[-80.74705,48.217157],[-80.74765,48.216755],[-80.747794,48.216536],[-80.747809,48.216401],[-80.74775,48.216303],[-80.747491,48.216064],[-80.747349,48.215659],[-80.747446,48.215254],[-80.747446,48.214646],[-80.747416,48.214511],[-80.74731,48.214376],[-80.747196,48.214309],[-80.746634,48.214174],[-80.746373,48.213971],[-80.746345,48.213836],[-80.746609,48.213499],[-80.74657,48.213229],[-80.746614,48.213161],[-80.74695,48.21299],[-80.74735,48.212872],[-80.74751,48.212777],[-80.74763,48.212762],[-80.747666,48.212723],[-80.747679,48.212631],[-80.747649,48.21254],[-80.74784,48.212081],[-80.747856,48.211541],[-80.747892,48.211406],[-80.74795,48.211339],[-80.748355,48.211206],[-80.748625,48.211164],[-80.749081,48.210952],[-80.749144,48.210883],[-80.749151,48.210664],[-80.749122,48.210596],[-80.74895,48.21036],[-80.748691,48.210124],[-80.748616,48.209651],[-80.748462,48.209449],[-80.748462,48.209381],[-80.74864,48.209179],[-80.74875,48.2091],[-80.749051,48.208976],[-80.749158,48.208841],[-80.749061,48.208571],[-80.749047,48.208234],[-80.749062,48.208099],[-80.74917,48.207896],[-80.749189,48.207761],[-80.749062,48.207491],[-80.749016,48.207221],[-80.748862,48.207019],[-80.748862,48.206951],[-80.749127,48.206681],[-80.74945,48.206594],[-80.74995,48.206611],[-80.750118,48.206648],[-80.750351,48.206788],[-80.75055,48.206837],[-80.751037,48.206857],[-80.751789,48.206411],[-80.75225,48.2063],[-80.752466,48.206209],[-80.752869,48.205939],[-80.75305,48.205704],[-80.753311,48.205534],[-80.753409,48.205399],[-80.753394,48.205264],[-80.753287,48.205061],[-80.75295,48.204691],[-80.752337,48.204251],[-80.75213,48.203779],[-80.751864,48.203441],[-80.75185,48.202496],[-80.751904,48.202361],[-80.75213,48.202091],[-80.752222,48.201889],[-80.752238,48.201349],[-80.75215,48.201182],[-80.751891,48.200944],[-80.751838,48.200539],[-80.751776,48.200404],[-80.751491,48.200134],[-80.75145,48.199931],[-80.751438,48.199459],[-80.75135,48.199291],[-80.751173,48.199121],[-80.751145,48.199054],[-80.751173,48.198919],[-80.751527,48.198581],[-80.751623,48.198571],[-80.751663,48.198525],[-80.751928,48.198446],[-80.75235,48.19826],[-80.75265,48.198222],[-80.75335,48.198222],[-80.75405,48.198344],[-80.75435,48.198476],[-80.754523,48.198649],[-80.754508,48.198784],[-80.754463,48.198851],[-80.754226,48.199054],[-80.754194,48.199189],[-80.754226,48.199256],[-80.75458,48.199526],[-80.754614,48.199573],[-80.75459,48.199606],[-80.75464,48.199822],[-80.754742,48.199888],[-80.754951,48.199887],[-80.755087,48.199999],[-80.75525,48.200378],[-80.755475,48.200741],[-80.755599,48.200865],[-80.75559,48.200907],[-80.755712,48.20099],[-80.755827,48.201011],[-80.756113,48.201248],[-80.75645,48.201406],[-80.75665,48.20144],[-80.756801,48.201425],[-80.757198,48.201281],[-80.75735,48.201179],[-80.757687,48.200809],[-80.757813,48.200539],[-80.757774,48.200404],[-80.757573,48.200201],[-80.757545,48.200066],[-80.757573,48.199999],[-80.757776,48.199796],[-80.757838,48.199661],[-80.757838,48.198379],[-80.75775,48.198212],[-80.757491,48.197974],[-80.757416,48.197501],[-80.75735,48.197402],[-80.757137,48.197231],[-80.757069,48.197096],[-80.757038,48.195679],[-80.756976,48.195544],[-80.756862,48.195409],[-80.756862,48.195341],[-80.756976,48.195206],[-80.757038,48.195071],[-80.757038,48.194599],[-80.756911,48.194396],[-80.75665,48.194233],[-80.756337,48.193991],[-80.756291,48.193924],[-80.756256,48.193789],[-80.756246,48.193316],[-80.756216,48.193181],[-80.75615,48.193082],[-80.755891,48.192844],[-80.755848,48.192574],[-80.755891,48.192236],[-80.75615,48.191998],[-80.756216,48.191899],[-80.756238,48.191629],[-80.756111,48.191426],[-80.755537,48.191021],[-80.755456,48.190819],[-80.755464,48.190279],[-80.75573,48.189941],[-80.75584,48.189671],[-80.755838,48.188929],[-80.755775,48.188794],[-80.75565,48.188685],[-80.755144,48.188524],[-80.75495,48.188222],[-80.754691,48.187984],[-80.75465,48.187781],[-80.754638,48.186499],[-80.754576,48.186364],[-80.754462,48.186229],[-80.754462,48.186161],[-80.754771,48.185756],[-80.75504,48.185081],[-80.755046,48.183866],[-80.754976,48.183664],[-80.754737,48.183461],[-80.754576,48.183124],[-80.754291,48.182854],[-80.754222,48.182381],[-80.754034,48.181909],[-80.754054,48.181841],[-80.754216,48.181639],[-80.754291,48.181166],[-80.75455,48.180927],[-80.754606,48.180829],[-80.754574,48.180694],[-80.754291,48.180424],[-80.754259,48.180221],[-80.754337,48.180019],[-80.75455,48.179848],[-80.754616,48.179749],[-80.754646,48.179546],[-80.754576,48.179344],[-80.754291,48.179074],[-80.75425,48.178871],[-80.754238,48.177859],[-80.75415,48.177692],[-80.753891,48.177454],[-80.753859,48.177251],[-80.753937,48.177049],[-80.75415,48.176878],[-80.754216,48.176779],[-80.754264,48.176509],[-80.75453,48.176171],[-80.75464,48.175901],[-80.754639,48.174619],[-80.75455,48.174448],[-80.754291,48.174214],[-80.754218,48.174011],[-80.754062,48.173809],[-80.754062,48.173741],[-80.754176,48.173606],[-80.754238,48.173471],[-80.754264,48.172999],[-80.754487,48.172729],[-80.754595,48.172526],[-80.754693,48.171986],[-80.75475,48.171919],[-80.75485,48.171878],[-80.75515,48.171873],[-80.75535,48.171964],[-80.755529,48.172189],[-80.75585,48.172414],[-80.756033,48.172594],[-80.756136,48.172729],[-80.75615,48.172796],[-80.756136,48.173471],[-80.75575,48.173976],[-80.755425,48.174214],[-80.755362,48.174349],[-80.755354,48.174484],[-80.755375,48.174619],[-80.755572,48.175091],[-80.755587,48.175834],[-80.755618,48.175969],[-80.755854,48.176202],[-80.755841,48.17629],[-80.75598,48.17649],[-80.755996,48.176711],[-80.75605,48.176828],[-80.756607,48.177251],[-80.756672,48.177386],[-80.756657,48.177589],[-80.75656,48.177859],[-80.756536,48.178331],[-80.756414,48.178486],[-80.756274,48.178534],[-80.756197,48.17869],[-80.756025,48.178871],[-80.756015,48.178939],[-80.756096,48.179209],[-80.755997,48.179479],[-80.75605,48.179828],[-80.756202,48.180086],[-80.756429,48.180626],[-80.756602,48.180896],[-80.75665,48.181026],[-80.75656,48.181369],[-80.756578,48.181639],[-80.75685,48.18223],[-80.757101,48.182449],[-80.757336,48.182719],[-80.757378,48.182989],[-80.757475,48.183191],[-80.757612,48.183326],[-80.75785,48.183489],[-80.757927,48.183596],[-80.758138,48.184069],[-80.758178,48.184339],[-80.758275,48.184541],[-80.758412,48.184676],[-80.758734,48.184879],[-80.759146,48.185081],[-80.759696,48.185621],[-80.759736,48.185689],[-80.759778,48.185959],[-80.75987,48.186161],[-80.76016,48.186499],[-80.760328,48.186836],[-80.760418,48.187309],[-80.760638,48.187579],[-80.760602,48.187714],[-80.76043,48.187984],[-80.760411,48.188119],[-80.76075,48.188782],[-80.760805,48.189199],[-80.761033,48.189604],[-80.761074,48.189874],[-80.76105,48.190022],[-80.76095,48.190173],[-80.76055,48.190344],[-80.760419,48.190481],[-80.760392,48.190751],[-80.760496,48.191089],[-80.760415,48.191291],[-80.760466,48.191426],[-80.760701,48.191629],[-80.760936,48.191899],[-80.761051,48.192439],[-80.760909,48.192844],[-80.76065,48.193082],[-80.760562,48.193249],[-80.76056,48.193991],[-80.760675,48.194261],[-80.760887,48.194473],[-80.761009,48.194531],[-80.761166,48.194801],[-80.760962,48.195139],[-80.760978,48.195409],[-80.76125,48.196],[-80.761501,48.196219],[-80.761736,48.196489],[-80.76176,48.196961],[-80.761837,48.197164],[-80.761931,48.197299],[-80.762287,48.197569],[-80.76245,48.19789],[-80.762896,48.198311],[-80.76295,48.198446],[-80.762938,48.199121],[-80.762727,48.199526],[-80.76255,48.199665],[-80.76225,48.199746],[-80.76205,48.199839],[-80.761931,48.199931],[-80.761805,48.200134],[-80.761754,48.200404],[-80.761857,48.200741],[-80.761872,48.200944],[-80.761812,48.201079],[-80.761618,48.201281],[-80.761589,48.201416],[-80.761629,48.201686],[-80.761802,48.201956],[-80.76205,48.202538],[-80.76225,48.202799],[-80.76258,48.203036],[-80.762728,48.203306],[-80.762783,48.203509],[-80.762805,48.204049],[-80.76295,48.204386],[-80.76296,48.204791],[-80.763183,48.205399],[-80.763154,48.205736],[-80.762909,48.206344],[-80.76255,48.206701],[-80.762415,48.206951],[-80.762466,48.207086],[-80.762565,48.207177],[-80.76263,48.2073],[-80.762736,48.207379],[-80.762805,48.207829],[-80.762929,48.208099],[-80.762909,48.208234],[-80.76255,48.208593],[-80.76245,48.20877],[-80.762444,48.208841],[-80.762479,48.208909],[-80.762584,48.208984],[-80.762609,48.209099],[-80.762701,48.209195],[-80.762869,48.20916],[-80.76305,48.209221],[-80.763359,48.209221],[-80.76353,48.209291],[-80.763709,48.209205],[-80.76371,48.20908],[-80.76385,48.209063],[-80.76415,48.209237],[-80.76425,48.209264],[-80.76515,48.209311],[-80.766176,48.209558],[-80.76677,48.209662],[-80.76695,48.209779],[-80.76735,48.209889],[-80.76775,48.210078],[-80.768508,48.210122],[-80.76895,48.210093],[-80.76915,48.210047],[-80.769498,48.209883],[-80.769643,48.209963],[-80.769881,48.20995],[-80.770141,48.210142],[-80.770236,48.210172],[-80.77045,48.210131],[-80.770588,48.210191],[-80.770643,48.210259],[-80.770616,48.210394],[-80.770289,48.210596],[-80.770184,48.210731],[-80.770131,48.211136],[-80.770063,48.211271],[-80.76975,48.211482],[-80.76935,48.211563],[-80.76915,48.211635],[-80.768984,48.211811],[-80.76896,48.212081],[-80.769175,48.212554],[-80.769192,48.212689],[-80.76905,48.212984],[-80.76895,48.213094],[-80.76865,48.213155],[-80.76825,48.213102],[-80.767596,48.212689],[-80.76705,48.212562],[-80.766797,48.212419],[-80.76625,48.212292],[-80.765997,48.212149],[-80.76585,48.212104],[-80.76505,48.212073],[-80.76455,48.211975],[-80.76405,48.212],[-80.76365,48.21213],[-80.76349,48.212216],[-80.763384,48.212351],[-80.763336,48.212621],[-80.76298,48.213094],[-80.76225,48.213601],[-80.762067,48.213836],[-80.762006,48.213971],[-80.762017,48.214329],[-80.762041,48.214367],[-80.762248,48.214434],[-80.762454,48.214561],[-80.762541,48.214544],[-80.762621,48.214417],[-80.76285,48.21442],[-80.76315,48.21446],[-80.763355,48.214579],[-80.763432,48.214714],[-80.763451,48.214849],[-80.763402,48.214984],[-80.763229,48.215254],[-80.763192,48.215389],[-80.763206,48.216334],[-80.763271,48.216469],[-80.763669,48.216739],[-80.76385,48.21683],[-80.76422,48.216941],[-80.764288,48.216981],[-80.764351,48.217125],[-80.764488,48.217174],[-80.764746,48.217199],[-80.764869,48.217279],[-80.76505,48.217336],[-80.76565,48.217381],[-80.76595,48.21736],[-80.76655,48.217194],[-80.76675,48.217102],[-80.766982,48.216941],[-80.76715,48.216878],[-80.76745,48.216864],[-80.76775,48.217064],[-80.768142,48.217179],[-80.768327,48.217346],[-80.768429,48.217616],[-80.768602,48.217886],[-80.768728,48.218156],[-80.768768,48.218359],[-80.768578,48.218831],[-80.768554,48.218966],[-80.768159,48.218966],[-80.76822,48.218696],[-80.76847,48.218359],[-80.76847,48.218291]],[[-80.755758,48.172999],[-80.755729,48.172729],[-80.755632,48.172594],[-80.75545,48.172453],[-80.75525,48.172418],[-80.75515,48.172448],[-80.754671,48.172999],[-80.754584,48.173809],[-80.75465,48.173931],[-80.754744,48.174011],[-80.75495,48.174084],[-80.755392,48.173809],[-80.755633,48.173606],[-80.755746,48.173404],[-80.755758,48.172999]]],[[[-80.748363,48.213059],[-80.748378,48.212891],[-80.74845,48.212829],[-80.748562,48.212813],[-80.748411,48.212949],[-80.748363,48.213059]]],[[[-80.771091,48.209314],[-80.771042,48.208909],[-80.770993,48.208774],[-80.77035,48.208312],[-80.770269,48.208166],[-80.770269,48.207964],[-80.770338,48.207829],[-80.77075,48.207561],[-80.77095,48.207314],[-80.77105,48.20726],[-80.771143,48.207289],[-80.770904,48.207761],[-80.770993,48.207921],[-80.770986,48.207975],[-80.771023,48.207967],[-80.77105,48.20801],[-80.77125,48.208482],[-80.771473,48.208639],[-80.77165,48.208974],[-80.772096,48.209381],[-80.77215,48.209516],[-80.772131,48.209786],[-80.772062,48.209921],[-80.77175,48.210086],[-80.77165,48.210072],[-80.77155,48.209986],[-80.771421,48.209651],[-80.77135,48.209548],[-80.771091,48.209314]]],[[[-80.77155,48.206419],[-80.771647,48.206479],[-80.771654,48.206614],[-80.77155,48.206749],[-80.77145,48.2068],[-80.77135,48.2068],[-80.771176,48.206681],[-80.77115,48.206543],[-80.77125,48.206457],[-80.77155,48.206419]]],[[[-80.771491,48.205264],[-80.771416,48.204791],[-80.77135,48.204692],[-80.771091,48.204454],[-80.771016,48.203981],[-80.77095,48.203882],[-80.770737,48.203711],[-80.77055,48.203342],[-80.770291,48.203104],[-80.770259,48.202901],[-80.770337,48.202699],[-80.77075,48.20235],[-80.77145,48.202167],[-80.77215,48.202099],[-80.77255,48.202234],[-80.77295,48.202259],[-80.77315,48.202216],[-80.77355,48.20204],[-80.77395,48.201999],[-80.774366,48.202024],[-80.77465,48.202125],[-80.774726,48.202226],[-80.774896,48.202631],[-80.774896,48.202699],[-80.774806,48.202901],[-80.774816,48.203171],[-80.77485,48.203262],[-80.775038,48.203509],[-80.774863,48.203981],[-80.77465,48.20415],[-80.774313,48.204521],[-80.77416,48.204791],[-80.773913,48.205061],[-80.773714,48.205466],[-80.77365,48.205538],[-80.773203,48.205669],[-80.77295,48.205812],[-80.772393,48.205939],[-80.77185,48.206246],[-80.771792,48.206209],[-80.771795,48.206141],[-80.771894,48.206122],[-80.77184,48.206052],[-80.771911,48.205939],[-80.771887,48.205804],[-80.771776,48.205534],[-80.771491,48.205264]],[[-80.773697,48.204859],[-80.773852,48.204589],[-80.774097,48.204319],[-80.774252,48.204049],[-80.774584,48.203644],[-80.774638,48.203441],[-80.774554,48.202969],[-80.774535,48.202496],[-80.774479,48.202361],[-80.77425,48.202208],[-80.77395,48.202178],[-80.77375,48.202204],[-80.773365,48.202361],[-80.77315,48.202411],[-80.77295,48.202423],[-80.77215,48.202371],[-80.77135,48.202432],[-80.77105,48.202516],[-80.770769,48.202834],[-80.770723,48.202901],[-80.770723,48.202969],[-80.770948,48.203239],[-80.771101,48.203509],[-80.771347,48.203779],[-80.771426,48.203981],[-80.77147,48.204251],[-80.77175,48.204595],[-80.771906,48.205129],[-80.77225,48.205504],[-80.77235,48.205558],[-80.77265,48.205559],[-80.77335,48.205268],[-80.773697,48.204859]]],[[[-80.771176,48.199459],[-80.771028,48.199189],[-80.771028,48.199121],[-80.771119,48.198919],[-80.771096,48.198784],[-80.770988,48.198649],[-80.77075,48.198549],[-80.77035,48.198475],[-80.77015,48.198498],[-80.77002,48.198581],[-80.76975,48.198926],[-80.76955,48.199022],[-80.76925,48.199054],[-80.76835,48.199054],[-80.76815,48.199042],[-80.767944,48.198986],[-80.76755,48.198763],[-80.76725,48.198518],[-80.767154,48.198311],[-80.767168,48.198041],[-80.767246,48.197906],[-80.767497,48.197636],[-80.767542,48.197501],[-80.767542,48.197299],[-80.767457,48.197096],[-80.767246,48.196894],[-80.767057,48.196556],[-80.766846,48.196354],[-80.766768,48.196219],[-80.766748,48.194396],[-80.766697,48.194194],[-80.766591,48.194059],[-80.76615,48.193761],[-80.76565,48.193623],[-80.765263,48.193451],[-80.76495,48.193366],[-80.764848,48.193316],[-80.764791,48.193249],[-80.76478,48.193181],[-80.76485,48.193046],[-80.765275,48.192776],[-80.765465,48.192574],[-80.765542,48.192371],[-80.765542,48.191899],[-80.76545,48.191688],[-80.76515,48.191471],[-80.765053,48.191359],[-80.765048,48.191291],[-80.76512,48.191089],[-80.765119,48.191021],[-80.76505,48.190879],[-80.764861,48.190751],[-80.76445,48.190619],[-80.764358,48.190481],[-80.764342,48.189739],[-80.764218,48.189469],[-80.764193,48.189334],[-80.764342,48.188861],[-80.764354,48.187849],[-80.764397,48.187714],[-80.76465,48.187453],[-80.764719,48.187309],[-80.764646,48.186971],[-80.76472,48.186769],[-80.764656,48.186566],[-80.764446,48.186364],[-80.764354,48.186161],[-80.764342,48.185419],[-80.764246,48.185149],[-80.764348,48.184744],[-80.764342,48.183529],[-80.764257,48.183326],[-80.763997,48.183056],[-80.763897,48.182584],[-80.763646,48.182314],[-80.763583,48.182179],[-80.763648,48.182044],[-80.763866,48.181774],[-80.763942,48.181571],[-80.763942,48.181369],[-80.763846,48.181099],[-80.763942,48.180761],[-80.763926,48.180491],[-80.76385,48.180347],[-80.763596,48.180086],[-80.76345,48.179808],[-80.763088,48.179546],[-80.763034,48.179479],[-80.76303,48.179411],[-80.763188,48.179141],[-80.763423,48.178871],[-80.763542,48.178601],[-80.763542,48.178399],[-80.763446,48.178129],[-80.763542,48.177791],[-80.763542,48.177589],[-80.763418,48.177319],[-80.763393,48.177184],[-80.763542,48.176711],[-80.763568,48.176171],[-80.763646,48.176036],[-80.76385,48.175843],[-80.763926,48.175699],[-80.763962,48.174889],[-80.76425,48.174529],[-80.76465,48.174222],[-80.764726,48.174079],[-80.76475,48.172796],[-80.764797,48.172594],[-80.764944,48.172459],[-80.765108,48.172391],[-80.76575,48.172219],[-80.76585,48.172219],[-80.76625,48.17236],[-80.766466,48.172594],[-80.76665,48.172707],[-80.76725,48.172861],[-80.767536,48.172999],[-80.76795,48.173131],[-80.768372,48.173336],[-80.76865,48.173381],[-80.768961,48.173269],[-80.770075,48.172526],[-80.770265,48.172324],[-80.77045,48.171909],[-80.770537,48.171784],[-80.77095,48.171609],[-80.771391,48.171311],[-80.771499,48.171176],[-80.771618,48.170906],[-80.771618,48.170704],[-80.77145,48.170359],[-80.771261,48.170231],[-80.770844,48.170096],[-80.770535,48.169691],[-80.770469,48.169556],[-80.770494,48.169354],[-80.77072,48.168949],[-80.770696,48.168814],[-80.770584,48.168611],[-80.770586,48.168409],[-80.770786,48.168206],[-80.77095,48.168143],[-80.77105,48.168138],[-80.77155,48.168271],[-80.77195,48.16844],[-80.772096,48.168544],[-80.77213,48.168611],[-80.772112,48.168679],[-80.77201,48.168814],[-80.771963,48.168949],[-80.771983,48.169151],[-80.77205,48.169243],[-80.772298,48.169392],[-80.77275,48.169313],[-80.772947,48.169219],[-80.773065,48.169084],[-80.773127,48.168949],[-80.773157,48.168746],[-80.773191,48.168679],[-80.77325,48.168654],[-80.77335,48.168675],[-80.77345,48.168749],[-80.773586,48.168949],[-80.773673,48.169016],[-80.774116,48.169151],[-80.774419,48.169286],[-80.77457,48.169421],[-80.774571,48.169489],[-80.774474,48.169691],[-80.774403,48.170096],[-80.77435,48.170165],[-80.774066,48.170366],[-80.773976,48.170501],[-80.773956,48.170771],[-80.774043,48.171109],[-80.774032,48.171379],[-80.773954,48.171514],[-80.773703,48.171784],[-80.773626,48.172189],[-80.773469,48.172594],[-80.773303,48.172796],[-80.77295,48.173058],[-80.772804,48.173336],[-80.77255,48.173597],[-80.772396,48.173809],[-80.77225,48.173908],[-80.77185,48.174053],[-80.771744,48.174146],[-80.771681,48.174281],[-80.771779,48.174619],[-80.771779,48.174821],[-80.771603,48.175226],[-80.771569,48.175429],[-80.77165,48.175672],[-80.771905,48.176104],[-80.771926,48.176239],[-80.771701,48.176644],[-80.77168,48.176779],[-80.771777,48.176981],[-80.771992,48.177251],[-80.771992,48.177319],[-80.771734,48.177656],[-80.771658,48.177859],[-80.771673,48.178129],[-80.771926,48.178601],[-80.771905,48.178736],[-80.771673,48.179141],[-80.771658,48.179411],[-80.771734,48.179614],[-80.771907,48.179884],[-80.77202,48.180221],[-80.771969,48.180559],[-80.772162,48.181031],[-80.772185,48.181166],[-80.772162,48.181369],[-80.772058,48.181639],[-80.772058,48.181841],[-80.7721,48.181976],[-80.772333,48.182381],[-80.772458,48.183191],[-80.772585,48.183596],[-80.772562,48.183799],[-80.772458,48.184069],[-80.772458,48.184271],[-80.772535,48.184474],[-80.772722,48.184744],[-80.772774,48.184879],[-80.772844,48.185149],[-80.772858,48.185621],[-80.772962,48.185891],[-80.772985,48.186094],[-80.772953,48.186229],[-80.7729,48.186296],[-80.772609,48.186499],[-80.772481,48.186701],[-80.772579,48.187039],[-80.772579,48.187241],[-80.772458,48.187579],[-80.772333,48.188389],[-80.77205,48.188888],[-80.771972,48.189131],[-80.772011,48.189266],[-80.772168,48.189469],[-80.772184,48.189536],[-80.772162,48.189739],[-80.772058,48.190009],[-80.772034,48.190481],[-80.771991,48.190549],[-80.77185,48.190647],[-80.771412,48.190819],[-80.771274,48.191021],[-80.771251,48.191224],[-80.771258,48.191561],[-80.771407,48.192034],[-80.771382,48.192169],[-80.771281,48.192371],[-80.771301,48.192506],[-80.77138,48.192641],[-80.771818,48.192979],[-80.772016,48.193249],[-80.772303,48.193451],[-80.772463,48.193654],[-80.772723,48.193856],[-80.77355,48.194387],[-80.77375,48.194446],[-80.774109,48.19447],[-80.774414,48.194675],[-80.774542,48.194869],[-80.774458,48.195139],[-80.774426,48.195409],[-80.774336,48.195679],[-80.774134,48.196016],[-80.774058,48.196219],[-80.774058,48.196691],[-80.774162,48.196961],[-80.774185,48.197164],[-80.774058,48.197569],[-80.773961,48.198176],[-80.774071,48.198919],[-80.774155,48.199121],[-80.774138,48.199189],[-80.77405,48.199255],[-80.77385,48.199311],[-80.77295,48.19934],[-80.772737,48.199391],[-80.77245,48.199529],[-80.77225,48.199582],[-80.77135,48.199572],[-80.771176,48.199459]],[[-80.77345,48.199031],[-80.773553,48.198986],[-80.773641,48.198851],[-80.773683,48.198379],[-80.773653,48.197569],[-80.773703,48.197164],[-80.773653,48.196691],[-80.773659,48.196151],[-80.773745,48.195881],[-80.773946,48.195679],[-80.774019,48.195544],[-80.774069,48.194869],[-80.774045,48.194801],[-80.77395,48.19472],[-80.77345,48.194629],[-80.773195,48.194531],[-80.77229,48.193924],[-80.772144,48.193789],[-80.772039,48.193586],[-80.771919,48.193451],[-80.77165,48.193223],[-80.771008,48.192776],[-80.770907,48.192641],[-80.77087,48.192506],[-80.770903,48.191966],[-80.770853,48.191561],[-80.77085,48.191156],[-80.770884,48.190886],[-80.770946,48.190751],[-80.77105,48.190647],[-80.77155,48.190366],[-80.771622,48.190279],[-80.771703,48.189604],[-80.771651,48.189131],[-80.77167,48.188794],[-80.771745,48.188591],[-80.771993,48.188321],[-80.772041,48.188119],[-80.772053,48.187579],[-80.772103,48.187174],[-80.77207,48.186634],[-80.772146,48.186431],[-80.772434,48.186161],[-80.772492,48.185959],[-80.772453,48.185621],[-80.772439,48.184946],[-80.772366,48.184811],[-80.772146,48.184609],[-80.772059,48.184339],[-80.772053,48.184069],[-80.772103,48.183596],[-80.772018,48.182516],[-80.771946,48.182381],[-80.771745,48.182179],[-80.771659,48.181909],[-80.771653,48.181639],[-80.771703,48.181166],[-80.771652,48.180761],[-80.771633,48.180154],[-80.771593,48.180019],[-80.771306,48.179681],[-80.771259,48.179479],[-80.771253,48.179209],[-80.771284,48.179006],[-80.771345,48.178871],[-80.771524,48.178669],[-80.771524,48.178601],[-80.771345,48.178399],[-80.771284,48.178264],[-80.771253,48.178061],[-80.771259,48.177791],[-80.771306,48.177589],[-80.771524,48.177319],[-80.771524,48.177251],[-80.771344,48.177049],[-80.771174,48.176711],[-80.77105,48.176632],[-80.77095,48.176646],[-80.77065,48.176787],[-80.77025,48.176842],[-80.76955,48.176828],[-80.76935,48.176792],[-80.769152,48.176711],[-80.768706,48.176306],[-80.768496,48.175901],[-80.768461,48.175699],[-80.768484,48.175496],[-80.768546,48.175361],[-80.768796,48.175159],[-80.76905,48.175062],[-80.76965,48.175024],[-80.77015,48.175062],[-80.77035,48.175131],[-80.77065,48.175332],[-80.770865,48.175699],[-80.77105,48.175775],[-80.77115,48.175724],[-80.7712,48.175631],[-80.77124,48.175429],[-80.771303,48.174754],[-80.771262,48.174281],[-80.771346,48.174011],[-80.771596,48.173809],[-80.772023,48.173606],[-80.772406,48.173201],[-80.772501,48.172999],[-80.772608,48.172864],[-80.77305,48.172546],[-80.773193,48.172391],[-80.773306,48.171649],[-80.773546,48.171379],[-80.77362,48.171244],[-80.773682,48.170366],[-80.773744,48.170231],[-80.773946,48.170029],[-80.77402,48.169894],[-80.774046,48.169691],[-80.77402,48.169489],[-80.77385,48.169347],[-80.77355,48.169296],[-80.77335,48.169344],[-80.77305,48.169492],[-80.77285,48.169535],[-80.77235,48.169538],[-80.77205,48.169468],[-80.771851,48.169354],[-80.77173,48.169219],[-80.771677,48.169084],[-80.771616,48.168679],[-80.77155,48.16861],[-80.77135,48.168546],[-80.77125,48.168576],[-80.771169,48.168679],[-80.771094,48.169151],[-80.770876,48.169421],[-80.770876,48.169489],[-80.771177,48.169826],[-80.771605,48.170029],[-80.771854,48.170231],[-80.771916,48.170366],[-80.771948,48.170569],[-80.771948,48.171041],[-80.771916,48.171244],[-80.771854,48.171379],[-80.77171,48.171514],[-80.77125,48.171825],[-80.770826,48.172054],[-80.770776,48.172121],[-80.770654,48.172459],[-80.77045,48.172636],[-80.769205,48.173471],[-80.76895,48.173569],[-80.76865,48.1736],[-80.76815,48.173543],[-80.76775,48.173366],[-80.76735,48.173273],[-80.76695,48.173096],[-80.76655,48.173002],[-80.76629,48.172864],[-80.76602,48.172594],[-80.76585,48.172516],[-80.76565,48.172516],[-80.76545,48.172559],[-80.765266,48.172661],[-80.765209,48.172729],[-80.765152,48.172999],[-80.765147,48.174011],[-80.765093,48.174281],[-80.76495,48.174453],[-80.76455,48.174734],[-80.764406,48.174889],[-80.764357,48.175091],[-80.764347,48.175631],[-80.764316,48.175834],[-80.764255,48.175969],[-80.764054,48.176171],[-80.76398,48.176306],[-80.763897,48.177116],[-80.76395,48.177656],[-80.76391,48.178061],[-80.763947,48.178399],[-80.763941,48.178669],[-80.763894,48.178871],[-80.763612,48.179209],[-80.763581,48.179344],[-80.763638,48.179479],[-80.763856,48.179681],[-80.763994,48.179951],[-80.764255,48.180221],[-80.76433,48.180424],[-80.76435,48.180694],[-80.76431,48.181099],[-80.764347,48.181369],[-80.764341,48.181639],[-80.764294,48.181841],[-80.764076,48.182111],[-80.764076,48.182179],[-80.764294,48.182449],[-80.764406,48.182921],[-80.764655,48.183191],[-80.764716,48.183326],[-80.76475,48.183596],[-80.76475,48.184676],[-80.76471,48.185149],[-80.764747,48.185419],[-80.764757,48.185959],[-80.764806,48.186161],[-80.765094,48.186499],[-80.765138,48.186701],[-80.76511,48.186971],[-80.765138,48.187241],[-80.765116,48.187444],[-80.765055,48.187579],[-80.764806,48.187849],[-80.764757,48.188051],[-80.764747,48.188861],[-80.764697,48.189334],[-80.764747,48.189739],[-80.764758,48.190211],[-80.76485,48.190366],[-80.76525,48.190575],[-80.765454,48.190751],[-80.765516,48.190886],[-80.765579,48.191291],[-80.76585,48.191556],[-80.765916,48.191696],[-80.76595,48.192101],[-80.765916,48.192574],[-80.765854,48.192709],[-80.765583,48.192979],[-80.765563,48.193114],[-80.765585,48.193181],[-80.765758,48.193316],[-80.76625,48.193448],[-80.766405,48.193519],[-80.76695,48.193887],[-80.767093,48.194059],[-80.767147,48.194329],[-80.76715,48.195814],[-80.76718,48.196084],[-80.767254,48.196219],[-80.767456,48.196421],[-80.767594,48.196691],[-80.767855,48.196961],[-80.767941,48.197231],[-80.767947,48.197501],[-80.767916,48.197704],[-80.767855,48.197839],[-80.767618,48.198109],[-80.767618,48.198311],[-80.76785,48.198542],[-80.76825,48.198746],[-80.76865,48.198782],[-80.76925,48.198763],[-80.76945,48.198713],[-80.76975,48.198529],[-80.769973,48.198311],[-80.769974,48.198109],[-80.770014,48.198041],[-80.77015,48.197967],[-80.77025,48.197959],[-80.770452,48.198041],[-80.77055,48.198169],[-80.77065,48.198235],[-80.77105,48.198308],[-80.771392,48.198514],[-80.771516,48.198716],[-80.77155,48.199177],[-80.77165,48.19927],[-80.77185,48.199313],[-80.77205,48.199303],[-80.77225,48.199253],[-80.772541,48.199121],[-80.77275,48.199077],[-80.77345,48.199031]],[[-80.770696,48.176104],[-80.770396,48.175766],[-80.77025,48.175489],[-80.770061,48.175361],[-80.76975,48.175299],[-80.76925,48.17533],[-80.769012,48.175429],[-80.76885,48.175663],[-80.768785,48.175901],[-80.76885,48.176197],[-80.768941,48.176306],[-80.769166,48.176468],[-80.769286,48.176663],[-80.769458,48.176771],[-80.769598,48.176786],[-80.769797,48.176729],[-80.769957,48.176642],[-80.77035,48.176603],[-80.770547,48.176509],[-80.770618,48.176441],[-80.77072,48.176239],[-80.770696,48.176104]],[[-80.77135,48.176098],[-80.77125,48.176168],[-80.771248,48.176239],[-80.77135,48.176312],[-80.77145,48.176286],[-80.771501,48.176239],[-80.771501,48.176171],[-80.77145,48.176124],[-80.77135,48.176098]],[[-80.770317,48.198265],[-80.77032,48.198057],[-80.770233,48.198044],[-80.770058,48.19812],[-80.770015,48.198276],[-80.770108,48.198322],[-80.770244,48.198326],[-80.770317,48.198265]]],[[[-80.83025,48.163833],[-80.829941,48.163751],[-80.82985,48.163689],[-80.829822,48.163616],[-80.829779,48.163279],[-80.829471,48.163009],[-80.829329,48.162671],[-80.82875,48.162269],[-80.82855,48.162179],[-80.82785,48.162151],[-80.82735,48.161909],[-80.82665,48.161882],[-80.82645,48.161792],[-80.826292,48.161659],[-80.82629,48.161591],[-80.826356,48.161524],[-80.826929,48.161119],[-80.827071,48.160781],[-80.827647,48.160376],[-80.827779,48.160241],[-80.827797,48.158486],[-80.827729,48.158351],[-80.827421,48.158081],[-80.827379,48.157879],[-80.827329,48.157811],[-80.826753,48.157406],[-80.826621,48.157271],[-80.826597,48.156326],[-80.826529,48.156191],[-80.826221,48.155921],[-80.826179,48.155179],[-80.826047,48.155044],[-80.82465,48.154113],[-80.82445,48.154067],[-80.82385,48.154051],[-80.82345,48.153843],[-80.82325,48.153797],[-80.82065,48.153809],[-80.82025,48.154017],[-80.81985,48.154079],[-80.81935,48.154321],[-80.81875,48.154337],[-80.81855,48.154383],[-80.817471,48.155111],[-80.817421,48.155179],[-80.817381,48.155381],[-80.81715,48.155581],[-80.81695,48.155671],[-80.81655,48.155733],[-80.81595,48.156122],[-80.81575,48.156212],[-80.81515,48.156223],[-80.81495,48.156177],[-80.813871,48.155449],[-80.813821,48.155381],[-80.8138,48.155246],[-80.8138,48.154774],[-80.813809,48.154706],[-80.81385,48.154669],[-80.81395,48.154633],[-80.81445,48.154603],[-80.81465,48.154557],[-80.815647,48.153896],[-80.815779,48.153761],[-80.815797,48.152816],[-80.815729,48.152681],[-80.815421,48.152411],[-80.815379,48.151669],[-80.815247,48.151534],[-80.81505,48.151399],[-80.81475,48.151199],[-80.81455,48.151109],[-80.81265,48.151082],[-80.81245,48.150992],[-80.81195,48.150659],[-80.81175,48.150569],[-80.810742,48.150521],[-80.81065,48.15046],[-80.81053,48.150251],[-80.809871,48.149779],[-80.809821,48.149711],[-80.8098,48.149576],[-80.809821,48.148699],[-80.810179,48.148361],[-80.810219,48.148159],[-80.810268,48.148091],[-80.810847,48.147686],[-80.810979,48.147551],[-80.810997,48.146606],[-80.810979,48.146539],[-80.810847,48.146404],[-80.809471,48.145459],[-80.809421,48.145391],[-80.8094,48.145256],[-80.809403,48.144919],[-80.80945,48.14471],[-80.80955,48.144646],[-80.80985,48.144617],[-80.81245,48.144615],[-80.812858,48.144649],[-80.81295,48.14471],[-80.81307,48.144919],[-80.81345,48.145189],[-80.81375,48.145377],[-80.814059,48.145459],[-80.81415,48.14552],[-80.814221,48.145931],[-80.814529,48.146201],[-80.814671,48.146539],[-80.81525,48.146941],[-80.81545,48.147031],[-80.81605,48.147047],[-80.81625,48.147091],[-80.81695,48.147537],[-80.81735,48.147599],[-80.81755,48.147688],[-80.81895,48.148617],[-80.81945,48.148711],[-80.82055,48.149427],[-80.82075,48.149473],[-80.821258,48.149509],[-80.82135,48.14957],[-80.82147,48.149779],[-80.822132,48.150251],[-80.822197,48.150386],[-80.822203,48.150724],[-80.822271,48.150859],[-80.82285,48.151261],[-80.82305,48.151351],[-80.82345,48.151413],[-80.82385,48.151621],[-80.82445,48.151637],[-80.82465,48.151681],[-80.824929,48.151871],[-80.824979,48.151939],[-80.825021,48.152141],[-80.825153,48.152276],[-80.82725,48.153691],[-80.82745,48.153781],[-80.82795,48.15381],[-80.828059,48.153829],[-80.82815,48.15389],[-80.828191,48.154031],[-80.828221,48.154571],[-80.828353,48.154706],[-80.82885,48.155041],[-80.82905,48.155131],[-80.82965,48.155147],[-80.82985,48.155191],[-80.83095,48.155907],[-80.83115,48.155953],[-80.83175,48.155969],[-80.83215,48.156177],[-80.83265,48.156273],[-80.832929,48.156461],[-80.832979,48.156529],[-80.833021,48.156731],[-80.833329,48.157001],[-80.833397,48.157136],[-80.833403,48.158824],[-80.833471,48.158959],[-80.833779,48.159229],[-80.833797,48.159904],[-80.833729,48.160039],[-80.833421,48.160309],[-80.833379,48.160781],[-80.833021,48.161119],[-80.832979,48.161321],[-80.832929,48.161389],[-80.832621,48.161659],[-80.832579,48.161861],[-80.832529,48.161929],[-80.832221,48.162199],[-80.832203,48.163144],[-80.832271,48.163279],[-80.832507,48.163481],[-80.832507,48.163549],[-80.83227,48.163751],[-80.83215,48.16396],[-80.83205,48.164024],[-80.83185,48.164049],[-80.83065,48.164041],[-80.83025,48.163833]]],[[[-80.80505,48.155603],[-80.804986,48.155516],[-80.804983,48.155449],[-80.80565,48.154979],[-80.805793,48.154909],[-80.80595,48.154877],[-80.81035,48.154875],[-80.810508,48.154909],[-80.810558,48.154976],[-80.810567,48.155111],[-80.810524,48.155179],[-80.810219,48.155449],[-80.810154,48.155854],[-80.81005,48.155924],[-80.80965,48.155955],[-80.80675,48.155957],[-80.80655,48.156003],[-80.80625,48.156162],[-80.80615,48.156162],[-80.80545,48.155733],[-80.80505,48.155603]]],[[[-80.881188,48.103541],[-80.880883,48.103406],[-80.880812,48.103339],[-80.880794,48.103271],[-80.880898,48.103001],[-80.880935,48.102799],[-80.88105,48.102724],[-80.88135,48.102731],[-80.88145,48.102778],[-80.88155,48.102891],[-80.881632,48.103069],[-80.881619,48.103339],[-80.881482,48.103609],[-80.88145,48.103777],[-80.88135,48.103789],[-80.881269,48.103609],[-80.881188,48.103541]]]]},"properties":{"band":1,"lo":2,"hi":4,"survey":false}},{"type":"Feature","geometry":{"type":"MultiPolygon","coordinates":[[[[-80.768026,48.218359],[-80.768026,48.218291],[-80.767853,48.218021],[-80.767691,48.217549],[-80.76755,48.217419],[-80.76745,48.217376],[-80.76735,48.217376],[-80.766941,48.217616],[-80.76655,48.217749],[-80.76605,48.217785],[-80.76545,48.217749],[-80.76495,48.217595],[-80.76425,48.217479],[-80.76395,48.217386],[-80.763747,48.217279],[-80.763353,48.216941],[-80.762945,48.216739],[-80.762686,48.216469],[-80.762617,48.216266],[-80.762593,48.215119],[-80.762562,48.214916],[-80.762494,48.214849],[-80.76205,48.214726],[-80.76175,48.214582],[-80.761591,48.214444],[-80.761453,48.214241],[-80.761405,48.214039],[-80.761398,48.213769],[-80.761486,48.213431],[-80.761745,48.213161],[-80.762433,48.212689],[-80.76255,48.212506],[-80.762686,48.212081],[-80.76286,48.211879],[-80.763064,48.211744],[-80.76335,48.211633],[-80.76375,48.211581],[-80.76595,48.211588],[-80.76625,48.211633],[-80.76765,48.212106],[-80.76785,48.212138],[-80.76805,48.212124],[-80.76815,48.212041],[-80.768253,48.211609],[-80.768391,48.211406],[-80.76865,48.21121],[-80.769188,48.211001],[-80.769288,48.210934],[-80.769372,48.210799],[-80.76939,48.210596],[-80.769359,48.210529],[-80.76925,48.210501],[-80.76785,48.210493],[-80.76745,48.210459],[-80.767064,48.210326],[-80.76665,48.210067],[-80.76645,48.21],[-80.76545,48.209919],[-80.76485,48.209729],[-80.76425,48.209649],[-80.76365,48.209468],[-80.76295,48.209437],[-80.76265,48.209393],[-80.762145,48.209179],[-80.761991,48.209044],[-80.761853,48.208841],[-80.761808,48.208639],[-80.761832,48.208436],[-80.761886,48.208301],[-80.76213,48.207964],[-80.762173,48.207761],[-80.762094,48.207559],[-80.76185,48.207213],[-80.761798,48.206951],[-80.761817,48.206614],[-80.761886,48.206411],[-80.762439,48.205669],[-80.762483,48.205466],[-80.762439,48.205331],[-80.762253,48.205061],[-80.762217,48.204926],[-80.76219,48.203779],[-80.76213,48.203576],[-80.762033,48.203441],[-80.76166,48.203171],[-80.761533,48.203036],[-80.761453,48.202901],[-80.76133,48.202496],[-80.761086,48.202159],[-80.761032,48.202024],[-80.760998,48.201821],[-80.760995,48.201416],[-80.761052,48.200876],[-80.760995,48.200336],[-80.761053,48.199999],[-80.761191,48.199796],[-80.76135,48.199658],[-80.762097,48.199189],[-80.762159,48.199121],[-80.76219,48.198649],[-80.762094,48.198379],[-80.761705,48.197839],[-80.76126,48.197501],[-80.761086,48.197299],[-80.761017,48.197096],[-80.76099,48.196759],[-80.76093,48.196556],[-80.760253,48.195611],[-80.760195,48.195274],[-80.760227,48.194801],[-80.760159,48.194666],[-80.759886,48.194329],[-80.759817,48.194126],[-80.759795,48.193316],[-80.759832,48.193046],[-80.759886,48.192911],[-80.760155,48.192574],[-80.760235,48.192371],[-80.76013,48.191966],[-80.759886,48.191629],[-80.759832,48.191494],[-80.759795,48.191224],[-80.759798,48.190549],[-80.759886,48.190211],[-80.760159,48.189874],[-80.760235,48.189671],[-80.760158,48.189064],[-80.760094,48.188929],[-80.759886,48.188659],[-80.759817,48.188456],[-80.759795,48.187916],[-80.759839,48.187511],[-80.759816,48.187376],[-80.759694,48.187039],[-80.759086,48.186229],[-80.758958,48.185824],[-80.758846,48.185621],[-80.758564,48.185351],[-80.75815,48.185152],[-80.757745,48.184879],[-80.757486,48.184609],[-80.757417,48.184406],[-80.757378,48.184001],[-80.757292,48.183799],[-80.75686,48.183461],[-80.756732,48.183326],[-80.756652,48.183191],[-80.756494,48.182719],[-80.755885,48.181909],[-80.755795,48.181571],[-80.755793,48.181099],[-80.755766,48.180964],[-80.75565,48.180813],[-80.75555,48.180786],[-80.75507,48.181436],[-80.754984,48.181706],[-80.754948,48.181976],[-80.75497,48.182246],[-80.75507,48.182584],[-80.755715,48.183461],[-80.755802,48.183799],[-80.755783,48.185216],[-80.755714,48.185419],[-80.75547,48.185756],[-80.755361,48.186161],[-80.755405,48.186566],[-80.75541,48.187511],[-80.755506,48.187781],[-80.755672,48.187984],[-80.755836,48.188119],[-80.75615,48.18826],[-80.75634,48.188389],[-80.756514,48.188591],[-80.756568,48.188726],[-80.756605,48.188996],[-80.756583,48.189806],[-80.756514,48.190009],[-80.75627,48.190346],[-80.756227,48.190549],[-80.756308,48.190751],[-80.756809,48.191156],[-80.756914,48.191291],[-80.756968,48.191426],[-80.757005,48.191696],[-80.756983,48.191966],[-80.756914,48.192169],[-80.756728,48.192439],[-80.756717,48.192574],[-80.756761,48.192709],[-80.756947,48.192979],[-80.75705,48.193605],[-80.757167,48.193789],[-80.757609,48.194126],[-80.757714,48.194261],[-80.757768,48.194396],[-80.757805,48.194666],[-80.757802,48.195071],[-80.757761,48.195409],[-80.757802,48.195679],[-80.757822,48.196759],[-80.757906,48.196961],[-80.758114,48.197231],[-80.75827,48.197704],[-80.758514,48.198041],[-80.758595,48.198311],[-80.758605,48.199594],[-80.758548,48.200066],[-80.758592,48.200471],[-80.758568,48.200674],[-80.758514,48.200809],[-80.758067,48.201416],[-80.75794,48.201551],[-80.757736,48.201686],[-80.75745,48.201797],[-80.75705,48.201849],[-80.75655,48.201849],[-80.75615,48.201797],[-80.75575,48.201622],[-80.754945,48.201079],[-80.754791,48.200944],[-80.754653,48.200741],[-80.754558,48.200404],[-80.75445,48.20022],[-80.753745,48.199729],[-80.753486,48.199459],[-80.753408,48.199189],[-80.753419,48.198851],[-80.753309,48.198716],[-80.75305,48.198633],[-80.752807,48.198649],[-80.752388,48.198784],[-80.752184,48.198919],[-80.752153,48.199121],[-80.752242,48.199796],[-80.752547,48.200269],[-80.752706,48.200741],[-80.752947,48.201079],[-80.753002,48.201349],[-80.753002,48.201821],[-80.752968,48.202024],[-80.752914,48.202159],[-80.752706,48.202429],[-80.752622,48.202631],[-80.752622,48.203239],[-80.752706,48.203441],[-80.753095,48.203981],[-80.753609,48.204386],[-80.754114,48.205061],[-80.754192,48.205331],[-80.754147,48.205601],[-80.75405,48.205756],[-80.753855,48.205939],[-80.75305,48.206482],[-80.75278,48.206614],[-80.75105,48.207197],[-80.75065,48.207247],[-80.75005,48.207231],[-80.74995,48.207245],[-80.74985,48.20733],[-80.749808,48.207559],[-80.749805,48.208504],[-80.749768,48.208774],[-80.749714,48.208909],[-80.749405,48.209314],[-80.749365,48.209449],[-80.74947,48.209854],[-80.749714,48.210191],[-80.749768,48.210326],[-80.749792,48.210529],[-80.749747,48.210731],[-80.749541,48.211001],[-80.74885,48.211474],[-80.74867,48.211676],[-80.74861,48.211879],[-80.748568,48.212284],[-80.748399,48.212621],[-80.74865,48.212722],[-80.748785,48.212845],[-80.748625,48.212801],[-80.74845,48.212829],[-80.748378,48.212891],[-80.748356,48.212959],[-80.748344,48.213103],[-80.748394,48.213241],[-80.748359,48.213278],[-80.748285,48.213229],[-80.74815,48.213043],[-80.74805,48.213065],[-80.74785,48.213231],[-80.747503,48.213431],[-80.747437,48.213499],[-80.747394,48.213634],[-80.747402,48.213701],[-80.747458,48.213769],[-80.74794,48.214039],[-80.748147,48.214309],[-80.748205,48.214646],[-80.748176,48.215659],[-80.748547,48.216199],[-80.748592,48.216469],[-80.748547,48.216671],[-80.74845,48.216826],[-80.748255,48.217009],[-80.74735,48.21761],[-80.74705,48.217727],[-80.74655,48.217797],[-80.746295,48.217886],[-80.745893,48.218359],[-80.745561,48.218831],[-80.745517,48.218966],[-80.745062,48.218966],[-80.745108,48.218831],[-80.745298,48.218629],[-80.745453,48.218359],[-80.745698,48.218089],[-80.745853,48.217819],[-80.745987,48.217684],[-80.74625,48.217571],[-80.74685,48.217502],[-80.747106,48.217414],[-80.748014,48.216806],[-80.748145,48.216671],[-80.748205,48.216536],[-80.74822,48.216401],[-80.74815,48.216205],[-80.747852,48.215861],[-80.747768,48.215659],[-80.747842,48.215186],[-80.747837,48.214579],[-80.74778,48.214376],[-80.747691,48.214241],[-80.74755,48.214131],[-80.74705,48.213915],[-80.74699,48.213836],[-80.746966,48.213701],[-80.747095,48.213296],[-80.747174,48.213229],[-80.74755,48.213069],[-80.747698,48.212959],[-80.747911,48.212621],[-80.748147,48.212351],[-80.748225,48.212149],[-80.748254,48.211676],[-80.748307,48.211541],[-80.74845,48.2114],[-80.748828,48.211204],[-80.74925,48.210918],[-80.749395,48.210731],[-80.749427,48.210529],[-80.749405,48.210394],[-80.749347,48.210259],[-80.74907,48.209921],[-80.748967,48.209449],[-80.74902,48.209246],[-80.749318,48.208976],[-80.749411,48.208774],[-80.749454,48.207761],[-80.749438,48.207289],[-80.749379,48.207019],[-80.749422,48.206884],[-80.74955,48.206802],[-80.74975,48.206783],[-80.75045,48.207001],[-80.75075,48.207008],[-80.75105,48.206963],[-80.75145,48.206772],[-80.752711,48.206344],[-80.753613,48.205736],[-80.753745,48.205601],[-80.753805,48.205466],[-80.75382,48.205331],[-80.75375,48.205135],[-80.753453,48.204791],[-80.753346,48.204589],[-80.752701,48.204049],[-80.752548,48.203779],[-80.752271,48.203441],[-80.752242,48.203171],[-80.752254,48.202496],[-80.752308,48.202361],[-80.752497,48.202159],[-80.752606,48.201956],[-80.752641,48.201754],[-80.752637,48.201349],[-80.752547,48.201079],[-80.75227,48.200741],[-80.752226,48.200471],[-80.752147,48.200269],[-80.75187,48.199931],[-80.751837,48.199459],[-80.751741,48.199054],[-80.751747,48.198919],[-80.751798,48.198784],[-80.75195,48.198657],[-80.75265,48.198402],[-80.75335,48.198402],[-80.753807,48.198581],[-80.753896,48.198649],[-80.753902,48.198716],[-80.75378,48.199189],[-80.75382,48.199324],[-80.753909,48.199459],[-80.75465,48.199976],[-80.754831,48.200134],[-80.754918,48.200269],[-80.75502,48.200674],[-80.75515,48.200846],[-80.75605,48.201461],[-80.75625,48.201556],[-80.75655,48.201613],[-80.75685,48.201617],[-80.75725,48.201572],[-80.75745,48.201512],[-80.757692,48.201349],[-80.757903,48.201011],[-80.758147,48.200741],[-80.758205,48.200606],[-80.75822,48.200471],[-80.758146,48.200201],[-80.758141,48.200066],[-80.758241,48.199594],[-80.758237,48.198379],[-80.758147,48.198109],[-80.75787,48.197771],[-80.757826,48.197501],[-80.75775,48.197305],[-80.757506,48.197029],[-80.757454,48.196894],[-80.757441,48.195746],[-80.757366,48.195409],[-80.757437,48.195071],[-80.757425,48.194531],[-80.757291,48.194261],[-80.75685,48.193936],[-80.75667,48.193721],[-80.756606,48.193114],[-80.756497,48.192911],[-80.756308,48.192709],[-80.756262,48.192574],[-80.756308,48.192371],[-80.756497,48.192169],[-80.756606,48.191966],[-80.756641,48.191764],[-80.756625,48.191561],[-80.756491,48.191291],[-80.756036,48.190954],[-80.755906,48.190819],[-80.755854,48.190684],[-80.755871,48.190279],[-80.756147,48.189941],[-80.756225,48.189739],[-80.756225,48.188861],[-80.756145,48.188659],[-80.756013,48.188524],[-80.75545,48.188258],[-80.755106,48.187849],[-80.755054,48.187714],[-80.755041,48.186566],[-80.754966,48.186161],[-80.755082,48.185689],[-80.755347,48.185351],[-80.755425,48.185149],[-80.755437,48.183799],[-80.755347,48.183529],[-80.755101,48.183259],[-80.754948,48.182989],[-80.75467,48.182651],[-80.754546,48.182111],[-80.754546,48.181909],[-80.75467,48.181369],[-80.754947,48.181031],[-80.75502,48.180829],[-80.75495,48.180564],[-80.754723,48.180289],[-80.754723,48.180221],[-80.754983,48.179884],[-80.755027,48.179749],[-80.755041,48.179546],[-80.755027,48.179411],[-80.75495,48.179209],[-80.75467,48.178871],[-80.754625,48.177791],[-80.754547,48.177589],[-80.754323,48.177319],[-80.754323,48.177251],[-80.75458,48.176914],[-80.754709,48.176441],[-80.75505,48.176116],[-80.75515,48.176076],[-80.75525,48.17608],[-80.75535,48.176128],[-80.75565,48.176396],[-80.755716,48.176509],[-80.755757,48.176779],[-80.755843,48.176981],[-80.75617,48.177251],[-80.756251,48.177386],[-80.756252,48.177521],[-80.756163,48.177859],[-80.756129,48.178331],[-80.755804,48.178736],[-80.755749,48.179006],[-80.755777,48.180019],[-80.755853,48.180221],[-80.756084,48.180491],[-80.756135,48.180626],[-80.756234,48.181031],[-80.756159,48.181436],[-80.756175,48.181639],[-80.75622,48.181774],[-80.756489,48.182111],[-80.756641,48.182381],[-80.756892,48.182651],[-80.757055,48.183191],[-80.757186,48.183326],[-80.75755,48.183586],[-80.757685,48.183731],[-80.757735,48.183866],[-80.757775,48.184339],[-80.757855,48.184541],[-80.757986,48.184676],[-80.75845,48.184991],[-80.758935,48.185216],[-80.759292,48.185621],[-80.759453,48.186161],[-80.759697,48.186431],[-80.759852,48.186701],[-80.760084,48.186971],[-80.760224,48.187511],[-80.760152,48.187916],[-80.760159,48.188321],[-80.760253,48.188591],[-80.760516,48.188929],[-80.760559,48.189401],[-80.760655,48.189806],[-80.760632,48.189941],[-80.760577,48.190009],[-80.760243,48.190279],[-80.760147,48.190549],[-80.760158,48.191359],[-80.760242,48.191561],[-80.760529,48.191899],[-80.760633,48.192371],[-80.760613,48.192506],[-80.760548,48.192641],[-80.760253,48.192979],[-80.760175,48.193181],[-80.760175,48.194059],[-80.760308,48.194329],[-80.760628,48.194599],[-80.760652,48.194801],[-80.760559,48.195206],[-80.760594,48.195476],[-80.760653,48.195611],[-80.760889,48.195881],[-80.761041,48.196151],[-80.761329,48.196489],[-80.761363,48.196961],[-80.76145,48.197223],[-80.761586,48.197366],[-80.76205,48.197723],[-80.762241,48.198041],[-80.762492,48.198311],[-80.76255,48.198493],[-80.762554,48.199121],[-80.762491,48.199324],[-80.76242,48.199391],[-80.76205,48.19955],[-80.76155,48.199894],[-80.76142,48.200066],[-80.761359,48.200336],[-80.761375,48.200539],[-80.761459,48.200876],[-80.76145,48.201011],[-80.761347,48.201349],[-80.761373,48.201889],[-80.761453,48.202091],[-80.761718,48.202429],[-80.761772,48.202699],[-80.761855,48.202901],[-80.761987,48.203036],[-80.76235,48.203294],[-80.762516,48.203509],[-80.762575,48.204859],[-80.762653,48.205061],[-80.762883,48.205331],[-80.762922,48.205466],[-80.762883,48.205669],[-80.762652,48.205939],[-80.762499,48.206209],[-80.762253,48.206479],[-80.762173,48.206681],[-80.762149,48.206884],[-80.762176,48.207086],[-80.76225,48.207232],[-80.762484,48.207491],[-80.76253,48.207626],[-80.762541,48.207829],[-80.762527,48.208031],[-80.762493,48.208099],[-80.762303,48.208301],[-80.762195,48.208504],[-80.762173,48.208639],[-80.762205,48.208841],[-80.762289,48.208976],[-80.762372,48.209044],[-80.76285,48.209288],[-80.76325,48.209327],[-80.76385,48.20927],[-80.76425,48.209415],[-80.76505,48.209493],[-80.76555,48.209672],[-80.76655,48.209753],[-80.76735,48.210156],[-80.76765,48.210241],[-80.76905,48.210254],[-80.76935,48.210198],[-80.76975,48.210054],[-80.76995,48.210129],[-80.770121,48.210259],[-80.769853,48.210529],[-80.769774,48.210731],[-80.769729,48.211001],[-80.76965,48.211104],[-80.76945,48.211233],[-80.768895,48.211406],[-80.76875,48.211504],[-80.76865,48.211617],[-80.768563,48.211879],[-80.768587,48.212216],[-80.768701,48.212419],[-80.768923,48.212621],[-80.768919,48.212689],[-80.76875,48.21281],[-80.76865,48.212842],[-80.76845,48.21281],[-80.76785,48.212457],[-80.76745,48.21235],[-80.76705,48.212184],[-80.76665,48.21208],[-80.76605,48.211858],[-80.76565,48.211817],[-80.76375,48.211827],[-80.76335,48.211918],[-80.763109,48.212081],[-80.762994,48.212284],[-80.762892,48.212689],[-80.76265,48.21292],[-80.761909,48.213431],[-80.761773,48.213701],[-80.761748,48.213904],[-80.761765,48.214106],[-80.7618,48.214241],[-80.761888,48.214376],[-80.76215,48.214521],[-80.76285,48.214621],[-80.76295,48.214668],[-80.763023,48.214781],[-80.762948,48.215254],[-80.762946,48.216131],[-80.763,48.216401],[-80.76315,48.216588],[-80.76365,48.216899],[-80.764237,48.217211],[-80.76495,48.217434],[-80.76555,48.217529],[-80.76605,48.217547],[-80.766538,48.217481],[-80.76675,48.21739],[-80.76725,48.217065],[-80.76735,48.21704],[-80.76745,48.217068],[-80.767858,48.217279],[-80.76805,48.217436],[-80.768118,48.217549],[-80.76822,48.217954],[-80.76847,48.218291],[-80.76845,48.218394],[-80.76822,48.218696],[-80.768159,48.218966],[-80.767795,48.218966],[-80.767832,48.218696],[-80.767886,48.218561],[-80.768026,48.218359]],[[-80.755778,48.178129],[-80.755827,48.177521],[-80.755759,48.177386],[-80.755409,48.176981],[-80.75535,48.176867],[-80.75525,48.17678],[-80.75515,48.17678],[-80.75505,48.176867],[-80.754776,48.177251],[-80.754775,48.177319],[-80.754917,48.177521],[-80.754983,48.177724],[-80.75505,48.178518],[-80.75515,48.178685],[-80.75525,48.178742],[-80.75535,48.178728],[-80.755694,48.178331],[-80.755778,48.178129]]],[[[-80.77175,48.204595],[-80.77147,48.204251],[-80.771426,48.203981],[-80.771347,48.203779],[-80.771101,48.203509],[-80.770948,48.203239],[-80.770723,48.202969],[-80.770723,48.202901],[-80.770769,48.202834],[-80.77105,48.202516],[-80.77125,48.202446],[-80.77225,48.202369],[-80.77305,48.202422],[-80.77335,48.202366],[-80.77375,48.202204],[-80.77395,48.202178],[-80.77425,48.202208],[-80.774409,48.202294],[-80.774479,48.202361],[-80.774535,48.202496],[-80.774554,48.202969],[-80.774638,48.203441],[-80.774548,48.203711],[-80.774302,48.203981],[-80.774147,48.204251],[-80.773902,48.204521],[-80.773747,48.204791],[-80.77335,48.205268],[-80.77325,48.205334],[-80.77255,48.205577],[-80.77235,48.205558],[-80.772217,48.205466],[-80.771906,48.205129],[-80.77175,48.204595]],[[-80.773882,48.203981],[-80.774107,48.203711],[-80.774227,48.203509],[-80.774249,48.203239],[-80.774145,48.202631],[-80.77405,48.20254],[-80.77385,48.202495],[-80.77325,48.202643],[-80.77215,48.202636],[-80.77145,48.202692],[-80.771304,48.202766],[-80.77118,48.202901],[-80.771176,48.202969],[-80.771493,48.203441],[-80.771714,48.203711],[-80.77187,48.204184],[-80.772114,48.204521],[-80.772309,48.205061],[-80.77245,48.205192],[-80.77265,48.205244],[-80.77295,48.205135],[-80.773126,48.204994],[-80.773307,48.204791],[-80.773882,48.203981]]],[[[-80.771516,48.198716],[-80.771392,48.198514],[-80.77105,48.198308],[-80.77065,48.198235],[-80.77055,48.198169],[-80.770452,48.198041],[-80.770321,48.197974],[-80.77015,48.197967],[-80.77005,48.198013],[-80.769974,48.198109],[-80.769973,48.198311],[-80.769928,48.198379],[-80.76955,48.198665],[-80.76925,48.198763],[-80.76865,48.198782],[-80.76825,48.198746],[-80.76785,48.198542],[-80.767618,48.198311],[-80.767618,48.198109],[-80.767855,48.197839],[-80.767916,48.197704],[-80.767947,48.197501],[-80.767941,48.197231],[-80.767855,48.196961],[-80.767594,48.196691],[-80.767456,48.196421],[-80.767254,48.196219],[-80.76718,48.196084],[-80.76715,48.195814],[-80.767147,48.194329],[-80.767093,48.194059],[-80.76695,48.193887],[-80.766405,48.193519],[-80.76625,48.193448],[-80.765758,48.193316],[-80.765585,48.193181],[-80.765563,48.193114],[-80.765583,48.192979],[-80.765854,48.192709],[-80.765916,48.192574],[-80.76595,48.192169],[-80.765916,48.191696],[-80.76585,48.191556],[-80.765579,48.191291],[-80.765516,48.190886],[-80.765454,48.190751],[-80.76525,48.190575],[-80.76485,48.190366],[-80.764758,48.190211],[-80.764747,48.189739],[-80.764697,48.189334],[-80.764747,48.188861],[-80.764757,48.188051],[-80.764806,48.187849],[-80.765055,48.187579],[-80.765116,48.187444],[-80.765138,48.187241],[-80.76511,48.186971],[-80.765138,48.186701],[-80.765094,48.186499],[-80.764806,48.186161],[-80.764757,48.185959],[-80.764747,48.185419],[-80.76471,48.185149],[-80.76475,48.184676],[-80.76475,48.183596],[-80.764716,48.183326],[-80.764655,48.183191],[-80.764406,48.182921],[-80.764294,48.182449],[-80.764076,48.182179],[-80.764076,48.182111],[-80.764294,48.181841],[-80.764341,48.181639],[-80.764347,48.181369],[-80.76431,48.181099],[-80.76435,48.180694],[-80.76433,48.180424],[-80.764255,48.180221],[-80.763994,48.179951],[-80.763856,48.179681],[-80.763638,48.179479],[-80.763581,48.179344],[-80.763612,48.179209],[-80.763894,48.178871],[-80.763941,48.178669],[-80.763947,48.178399],[-80.76391,48.178061],[-80.76395,48.177656],[-80.763897,48.177116],[-80.76398,48.176306],[-80.764054,48.176171],[-80.764255,48.175969],[-80.764316,48.175834],[-80.764347,48.175631],[-80.764357,48.175091],[-80.764406,48.174889],[-80.76455,48.174734],[-80.76495,48.174453],[-80.765093,48.174281],[-80.765147,48.174011],[-80.765152,48.172999],[-80.765209,48.172729],[-80.765266,48.172661],[-80.76545,48.172559],[-80.76565,48.172516],[-80.76585,48.172516],[-80.76602,48.172594],[-80.76629,48.172864],[-80.76655,48.173002],[-80.76695,48.173096],[-80.76735,48.173273],[-80.76775,48.173366],[-80.76815,48.173543],[-80.76865,48.1736],[-80.76895,48.173569],[-80.769205,48.173471],[-80.77045,48.172636],[-80.770654,48.172459],[-80.770776,48.172121],[-80.770826,48.172054],[-80.77125,48.171825],[-80.77171,48.171514],[-80.771854,48.171379],[-80.771916,48.171244],[-80.771948,48.171041],[-80.771948,48.170569],[-80.771916,48.170366],[-80.771854,48.170231],[-80.771605,48.170029],[-80.771177,48.169826],[-80.770876,48.169489],[-80.770876,48.169421],[-80.771094,48.169151],[-80.771169,48.168679],[-80.77125,48.168576],[-80.77135,48.168546],[-80.77155,48.16861],[-80.771616,48.168679],[-80.771677,48.169084],[-80.77173,48.169219],[-80.771851,48.169354],[-80.77205,48.169468],[-80.77235,48.169538],[-80.77285,48.169535],[-80.77305,48.169492],[-80.77335,48.169344],[-80.77355,48.169296],[-80.77385,48.169347],[-80.77402,48.169489],[-80.774046,48.169691],[-80.77402,48.169894],[-80.773946,48.170029],[-80.773744,48.170231],[-80.773682,48.170366],[-80.77362,48.171244],[-80.773546,48.171379],[-80.773306,48.171649],[-80.773193,48.172391],[-80.77305,48.172546],[-80.772608,48.172864],[-80.772501,48.172999],[-80.772406,48.173201],[-80.772023,48.173606],[-80.771596,48.173809],[-80.771346,48.174011],[-80.771262,48.174281],[-80.771303,48.174754],[-80.77124,48.175429],[-80.7712,48.175631],[-80.77115,48.175724],[-80.77105,48.175775],[-80.770865,48.175699],[-80.77065,48.175332],[-80.77035,48.175131],[-80.77015,48.175062],[-80.76965,48.175024],[-80.76905,48.175062],[-80.768796,48.175159],[-80.768546,48.175361],[-80.768484,48.175496],[-80.768461,48.175699],[-80.768496,48.175901],[-80.768706,48.176306],[-80.769152,48.176711],[-80.76935,48.176792],[-80.76955,48.176828],[-80.77025,48.176842],[-80.77065,48.176787],[-80.77095,48.176646],[-80.77105,48.176632],[-80.771174,48.176711],[-80.771344,48.177049],[-80.771524,48.177251],[-80.771524,48.177319],[-80.771306,48.177589],[-80.771259,48.177791],[-80.771253,48.178061],[-80.771284,48.178264],[-80.771345,48.178399],[-80.771524,48.178601],[-80.771524,48.178669],[-80.771345,48.178871],[-80.771284,48.179006],[-80.771253,48.179209],[-80.771259,48.179479],[-80.771306,48.179681],[-80.771593,48.180019],[-80.771633,48.180154],[-80.771652,48.180761],[-80.771703,48.181166],[-80.771653,48.181639],[-80.771659,48.181909],[-80.771745,48.182179],[-80.771946,48.182381],[-80.772018,48.182516],[-80.772103,48.183596],[-80.772053,48.184069],[-80.772059,48.184339],[-80.772146,48.184609],[-80.772366,48.184811],[-80.772439,48.184946],[-80.772453,48.185621],[-80.772492,48.185959],[-80.772434,48.186161],[-80.772146,48.186431],[-80.77207,48.186634],[-80.772103,48.187174],[-80.772053,48.187579],[-80.772041,48.188119],[-80.771993,48.188321],[-80.771745,48.188591],[-80.77167,48.188794],[-80.771651,48.189131],[-80.771703,48.189604],[-80.771622,48.190279],[-80.77155,48.190366],[-80.77105,48.190647],[-80.770946,48.190751],[-80.770884,48.190886],[-80.77085,48.191156],[-80.770853,48.191561],[-80.770903,48.191966],[-80.77087,48.192506],[-80.770907,48.192641],[-80.771008,48.192776],[-80.77165,48.193223],[-80.771919,48.193451],[-80.772039,48.193586],[-80.772144,48.193789],[-80.77229,48.193924],[-80.773195,48.194531],[-80.77345,48.194629],[-80.77395,48.19472],[-80.774045,48.194801],[-80.774069,48.194869],[-80.774019,48.195544],[-80.773946,48.195679],[-80.773745,48.195881],[-80.773659,48.196151],[-80.773653,48.196691],[-80.773703,48.197164],[-80.77365,48.197636],[-80.773683,48.198379],[-80.773616,48.198919],[-80.773553,48.198986],[-80.77345,48.199031],[-80.77265,48.199092],[-80.77215,48.199286],[-80.77185,48.199313],[-80.77165,48.19927],[-80.77155,48.199177],[-80.771516,48.198716]],[[-80.773154,48.198716],[-80.773251,48.198581],[-80.773288,48.198379],[-80.773253,48.198041],[-80.773253,48.197569],[-80.7733,48.197164],[-80.773253,48.196691],[-80.773259,48.196151],[-80.773331,48.195881],[-80.773529,48.195611],[-80.773628,48.195409],[-80.773649,48.195206],[-80.773622,48.195071],[-80.77347,48.194936],[-80.77285,48.194667],[-80.77196,48.194059],[-80.771531,48.193519],[-80.770688,48.192911],[-80.770531,48.192709],[-80.770462,48.192439],[-80.7705,48.192034],[-80.77045,48.191494],[-80.770482,48.190886],[-80.770531,48.190751],[-80.770688,48.190549],[-80.771156,48.190211],[-80.771225,48.190076],[-80.771297,48.189671],[-80.77125,48.189064],[-80.771282,48.188726],[-80.771331,48.188591],[-80.771569,48.188254],[-80.771644,48.188051],[-80.771653,48.187579],[-80.7717,48.187174],[-80.771662,48.186769],[-80.771682,48.186566],[-80.77175,48.186402],[-80.772034,48.186026],[-80.772082,48.185891],[-80.772029,48.185081],[-80.771929,48.184879],[-80.771731,48.184609],[-80.771659,48.184339],[-80.771653,48.184069],[-80.7717,48.183596],[-80.771653,48.183191],[-80.771644,48.182719],[-80.771569,48.182516],[-80.771331,48.182179],[-80.771259,48.181909],[-80.771253,48.181639],[-80.7713,48.181166],[-80.771253,48.180761],[-80.771244,48.180289],[-80.771169,48.180086],[-80.770931,48.179749],[-80.770859,48.179479],[-80.770882,48.179006],[-80.771059,48.178669],[-80.771059,48.178601],[-80.770901,48.178331],[-80.770859,48.178129],[-80.770853,48.177859],[-80.770899,48.177589],[-80.771051,48.177319],[-80.771048,48.177251],[-80.77095,48.177155],[-80.77075,48.177099],[-80.76995,48.177116],[-80.76955,48.177094],[-80.76925,48.17703],[-80.76895,48.176907],[-80.76865,48.176669],[-80.768175,48.176036],[-80.768101,48.175901],[-80.768062,48.175631],[-80.768131,48.175361],[-80.76835,48.1751],[-80.768564,48.174956],[-80.76895,48.17481],[-80.76935,48.17476],[-80.76985,48.17476],[-80.77015,48.174787],[-80.77065,48.174898],[-80.770809,48.174821],[-80.770886,48.174619],[-80.770862,48.174349],[-80.770882,48.174146],[-80.770975,48.173944],[-80.77125,48.173674],[-80.77175,48.173403],[-80.771938,48.173201],[-80.772288,48.172729],[-80.772651,48.172459],[-80.772802,48.172256],[-80.772899,48.171649],[-80.773228,48.171109],[-80.773252,48.170569],[-80.773299,48.170299],[-80.773518,48.169894],[-80.773512,48.169759],[-80.77345,48.169709],[-80.77335,48.169701],[-80.77305,48.169782],[-80.77235,48.169843],[-80.772148,48.169894],[-80.772124,48.169961],[-80.772144,48.170029],[-80.772277,48.170231],[-80.772348,48.170569],[-80.772341,48.171109],[-80.772301,48.171311],[-80.772235,48.171446],[-80.771951,48.171716],[-80.771231,48.172189],[-80.771025,48.172526],[-80.77084,48.172729],[-80.76955,48.173607],[-80.76935,48.173714],[-80.76905,48.17382],[-80.76885,48.173854],[-80.76855,48.173868],[-80.76825,48.173841],[-80.766311,48.173201],[-80.76605,48.173081],[-80.76585,48.172935],[-80.76575,48.172915],[-80.76565,48.172979],[-80.765554,48.173269],[-80.765547,48.174011],[-80.765499,48.174281],[-80.765312,48.174551],[-80.764949,48.174821],[-80.764832,48.174956],[-80.764756,48.175159],[-80.764747,48.175631],[-80.764699,48.175901],[-80.764372,48.176441],[-80.7643,48.177116],[-80.76435,48.177656],[-80.764312,48.178061],[-80.764341,48.178669],[-80.764299,48.178871],[-80.764128,48.179141],[-80.764088,48.179276],[-80.764128,48.179479],[-80.764625,48.180154],[-80.764718,48.180356],[-80.76475,48.180626],[-80.764712,48.181031],[-80.764741,48.181639],[-80.764699,48.181841],[-80.764541,48.182111],[-80.764541,48.182179],[-80.764699,48.182449],[-80.764797,48.182786],[-80.765069,48.183191],[-80.765118,48.183326],[-80.76515,48.183596],[-80.76515,48.184676],[-80.765112,48.185149],[-80.765156,48.185891],[-80.765231,48.186094],[-80.765469,48.186431],[-80.765538,48.186701],[-80.765518,48.187444],[-80.765469,48.187579],[-80.765231,48.187916],[-80.765156,48.188119],[-80.765147,48.188861],[-80.7651,48.189334],[-80.765161,48.190009],[-80.765244,48.190211],[-80.76564,48.190481],[-80.765825,48.190684],[-80.765899,48.190819],[-80.765997,48.191156],[-80.766299,48.191629],[-80.766347,48.191899],[-80.766341,48.192439],[-80.766299,48.192641],[-80.766138,48.192911],[-80.766132,48.192979],[-80.766167,48.193046],[-80.766349,48.193181],[-80.76675,48.193383],[-80.76724,48.193721],[-80.767425,48.193924],[-80.767499,48.194059],[-80.767547,48.194329],[-80.767572,48.195949],[-80.767671,48.196151],[-80.768269,48.196961],[-80.768341,48.197231],[-80.768318,48.197704],[-80.768269,48.197839],[-80.7681,48.198109],[-80.768112,48.198311],[-80.76825,48.198421],[-80.76855,48.198499],[-80.76885,48.198513],[-80.76915,48.198481],[-80.76935,48.198427],[-80.76955,48.198313],[-80.76995,48.197946],[-80.77015,48.197872],[-80.77035,48.197871],[-80.77075,48.197983],[-80.77105,48.19803],[-80.77145,48.198183],[-80.771712,48.198379],[-80.77187,48.198581],[-80.772023,48.198851],[-80.772141,48.198919],[-80.77225,48.198921],[-80.77255,48.198835],[-80.77305,48.198763],[-80.773154,48.198716]]],[[[-80.77135,48.176098],[-80.77145,48.176124],[-80.771501,48.176171],[-80.771501,48.176239],[-80.77145,48.176286],[-80.77135,48.176312],[-80.771248,48.176239],[-80.77125,48.176168],[-80.77135,48.176098]]],[[[-80.754584,48.173809],[-80.754671,48.172999],[-80.75515,48.172448],[-80.75525,48.172418],[-80.75545,48.172453],[-80.755632,48.172594],[-80.755729,48.172729],[-80.755758,48.173066],[-80.755729,48.173471],[-80.755485,48.173741],[-80.75505,48.174043],[-80.75495,48.174084],[-80.75485,48.174064],[-80.754662,48.173944],[-80.754584,48.173809]]]]},"properties":{"band":2,"lo":4,"hi":6,"survey":false}},{"type":"Feature","geometry":{"type":"MultiPolygon","coordinates":[[[[-80.767609,48.218359],[-80.767609,48.218291],[-80.76745,48.217981],[-80.76735,48.217872],[-80.76715,48.217874],[-80.76665,48.217979],[-80.76625,48.21802],[-80.76575,48.21802],[-80.76535,48.217979],[-80.76465,48.217774],[-80.76415,48.217709],[-80.76375,48.217588],[-80.763451,48.217414],[-80.763121,48.217144],[-80.76265,48.216873],[-80.762386,48.216604],[-80.762237,48.216266],[-80.762206,48.216064],[-80.762202,48.215321],[-80.762164,48.215119],[-80.762097,48.215051],[-80.76165,48.214838],[-80.761365,48.214646],[-80.761186,48.214444],[-80.761058,48.214174],[-80.76101,48.213971],[-80.76102,48.213701],[-80.76111,48.213431],[-80.761233,48.213229],[-80.76145,48.213027],[-80.76205,48.212599],[-80.762182,48.212419],[-80.76231,48.212081],[-80.762433,48.211879],[-80.76265,48.211677],[-80.76295,48.211502],[-80.76335,48.211381],[-80.76375,48.21134],[-80.76585,48.21134],[-80.76635,48.211404],[-80.76735,48.211723],[-80.76775,48.211754],[-80.76785,48.211649],[-80.768033,48.211339],[-80.768387,48.211001],[-80.768521,48.210799],[-80.76725,48.210666],[-80.76695,48.210568],[-80.766536,48.210326],[-80.76625,48.210217],[-80.76535,48.210149],[-80.76465,48.209944],[-80.76405,48.209857],[-80.76345,48.209676],[-80.76275,48.209636],[-80.76244,48.209584],[-80.76215,48.209488],[-80.76185,48.209313],[-80.761633,48.209111],[-80.76151,48.208909],[-80.761425,48.208639],[-80.761438,48.208504],[-80.76151,48.208301],[-80.761748,48.207896],[-80.761772,48.207761],[-80.761458,48.207154],[-80.76141,48.206951],[-80.76142,48.206681],[-80.76155,48.206336],[-80.761858,48.205939],[-80.762019,48.205669],[-80.762049,48.205466],[-80.76182,48.204859],[-80.761804,48.203846],[-80.761777,48.203711],[-80.76165,48.203531],[-80.76135,48.203293],[-80.761186,48.203104],[-80.760984,48.202631],[-80.76071,48.202159],[-80.760637,48.201956],[-80.760606,48.201416],[-80.760687,48.200876],[-80.760606,48.200336],[-80.760681,48.199999],[-80.760833,48.199729],[-80.76105,48.199527],[-80.761695,48.199054],[-80.761798,48.198851],[-80.761798,48.198649],[-80.761712,48.198446],[-80.76145,48.198033],[-80.76133,48.197906],[-80.760893,48.197569],[-80.76071,48.197299],[-80.76062,48.197029],[-80.760598,48.196759],[-80.760549,48.196624],[-80.760258,48.196151],[-80.759986,48.195814],[-80.759881,48.195611],[-80.759806,48.195274],[-80.759862,48.194869],[-80.759845,48.194801],[-80.759545,48.194396],[-80.75942,48.194059],[-80.759406,48.193316],[-80.759437,48.193114],[-80.759545,48.192844],[-80.759802,48.192506],[-80.759862,48.192371],[-80.759784,48.192101],[-80.759481,48.191561],[-80.75941,48.191291],[-80.759406,48.190616],[-80.759437,48.190414],[-80.759545,48.190144],[-80.759802,48.189806],[-80.759862,48.189671],[-80.75978,48.189131],[-80.75951,48.188659],[-80.75942,48.188389],[-80.759406,48.187916],[-80.759469,48.187579],[-80.759456,48.187444],[-80.759271,48.187039],[-80.759058,48.186701],[-80.758745,48.186296],[-80.758584,48.185891],[-80.75845,48.18567],[-80.75832,48.185554],[-80.757951,48.185351],[-80.757451,48.185014],[-80.757233,48.184811],[-80.757056,48.184474],[-80.756997,48.184069],[-80.756942,48.183934],[-80.75675,48.183741],[-80.756441,48.183596],[-80.756363,48.183529],[-80.75598,48.182584],[-80.75585,48.182406],[-80.755597,48.182246],[-80.75545,48.181925],[-80.75536,48.181976],[-80.75535,48.182117],[-80.755583,48.182719],[-80.75575,48.182964],[-80.756003,48.183124],[-80.756107,48.183326],[-80.75623,48.183731],[-80.756196,48.184069],[-80.75618,48.185149],[-80.75609,48.185419],[-80.755816,48.185891],[-80.755731,48.186161],[-80.755794,48.186566],[-80.755802,48.187511],[-80.755889,48.187714],[-80.755994,48.187849],[-80.756549,48.188186],[-80.75675,48.188369],[-80.75689,48.188591],[-80.75698,48.188861],[-80.75698,48.189739],[-80.75689,48.190009],[-80.756652,48.190414],[-80.756631,48.190549],[-80.75675,48.190729],[-80.75715,48.191069],[-80.757319,48.191359],[-80.75739,48.191629],[-80.75739,48.191831],[-80.757319,48.192101],[-80.757159,48.192439],[-80.757159,48.192641],[-80.757342,48.193046],[-80.757403,48.193451],[-80.75745,48.193571],[-80.757572,48.193721],[-80.757967,48.194059],[-80.75809,48.194261],[-80.75818,48.194531],[-80.75819,48.195071],[-80.758131,48.195409],[-80.75819,48.195679],[-80.758202,48.196691],[-80.758251,48.196826],[-80.75849,48.197231],[-80.758616,48.197569],[-80.75889,48.198041],[-80.75899,48.198379],[-80.758994,48.199594],[-80.758913,48.200066],[-80.758975,48.200471],[-80.758962,48.200606],[-80.758814,48.200944],[-80.758367,48.201551],[-80.75815,48.201753],[-80.75793,48.201889],[-80.75755,48.202026],[-80.75715,48.202083],[-80.75655,48.20209],[-80.75605,48.202026],[-80.75575,48.201928],[-80.755551,48.201821],[-80.754565,48.201146],[-80.754345,48.200876],[-80.754182,48.200471],[-80.754093,48.200336],[-80.753277,48.199729],[-80.75302,48.199324],[-80.752918,48.199054],[-80.75285,48.199018],[-80.75265,48.199078],[-80.752602,48.199121],[-80.752571,48.199189],[-80.752635,48.199391],[-80.75265,48.199729],[-80.752892,48.200201],[-80.753016,48.200539],[-80.753291,48.201011],[-80.75339,48.201349],[-80.753394,48.201754],[-80.753363,48.201956],[-80.75329,48.202159],[-80.753051,48.202564],[-80.753002,48.202699],[-80.75302,48.203239],[-80.75335,48.203787],[-80.75347,48.203914],[-80.753907,48.204251],[-80.754414,48.204926],[-80.754562,48.205264],[-80.754575,48.205399],[-80.754542,48.205534],[-80.754414,48.205804],[-80.754235,48.206006],[-80.75335,48.206615],[-80.75305,48.206788],[-80.751314,48.20738],[-80.751254,48.207303],[-80.751162,48.207294],[-80.751102,48.207377],[-80.75112,48.207433],[-80.75045,48.207515],[-80.750295,48.207559],[-80.75025,48.2076],[-80.750197,48.207829],[-80.750194,48.208504],[-80.750163,48.208706],[-80.750055,48.208976],[-80.749798,48.209314],[-80.749738,48.209449],[-80.749816,48.209719],[-80.750142,48.210326],[-80.750175,48.210529],[-80.750119,48.210731],[-80.749907,48.211069],[-80.749172,48.211609],[-80.74905,48.211759],[-80.749003,48.211879],[-80.748963,48.212216],[-80.74881,48.212621],[-80.748897,48.212824],[-80.74891,48.212971],[-80.748702,48.212756],[-80.748399,48.212621],[-80.74855,48.212343],[-80.748622,48.211811],[-80.748708,48.211609],[-80.74885,48.211474],[-80.749541,48.211001],[-80.749714,48.210799],[-80.749768,48.210664],[-80.749792,48.210461],[-80.749747,48.210259],[-80.74947,48.209854],[-80.749365,48.209449],[-80.749405,48.209314],[-80.749714,48.208909],[-80.749768,48.208774],[-80.749805,48.208504],[-80.749808,48.207559],[-80.74984,48.207356],[-80.749879,48.207289],[-80.75005,48.207231],[-80.75065,48.207247],[-80.75105,48.207197],[-80.75285,48.206586],[-80.753055,48.206479],[-80.75394,48.205871],[-80.754114,48.205669],[-80.754168,48.205534],[-80.754192,48.205331],[-80.754114,48.205061],[-80.753609,48.204386],[-80.753095,48.203981],[-80.752706,48.203441],[-80.752622,48.203239],[-80.752622,48.202631],[-80.752706,48.202429],[-80.752914,48.202159],[-80.752968,48.202024],[-80.753002,48.201821],[-80.753002,48.201349],[-80.752947,48.201079],[-80.752706,48.200741],[-80.752547,48.200269],[-80.752242,48.199796],[-80.752153,48.199121],[-80.752184,48.198919],[-80.752388,48.198784],[-80.752807,48.198649],[-80.75305,48.198633],[-80.753309,48.198716],[-80.753419,48.198851],[-80.753408,48.199189],[-80.753486,48.199459],[-80.753745,48.199729],[-80.75445,48.20022],[-80.754558,48.200404],[-80.754653,48.200741],[-80.754791,48.200944],[-80.754945,48.201079],[-80.75575,48.201622],[-80.75615,48.201797],[-80.75655,48.201849],[-80.75705,48.201849],[-80.75745,48.201797],[-80.757736,48.201686],[-80.75794,48.201551],[-80.758067,48.201416],[-80.758514,48.200809],[-80.758568,48.200674],[-80.758592,48.200471],[-80.758548,48.200066],[-80.758605,48.199594],[-80.758595,48.198311],[-80.758514,48.198041],[-80.75827,48.197704],[-80.758114,48.197231],[-80.757906,48.196961],[-80.757822,48.196759],[-80.757802,48.195679],[-80.757761,48.195409],[-80.757802,48.195071],[-80.757805,48.194666],[-80.757768,48.194396],[-80.757714,48.194261],[-80.757609,48.194126],[-80.757167,48.193789],[-80.75705,48.193605],[-80.756947,48.192979],[-80.756761,48.192709],[-80.756717,48.192574],[-80.756728,48.192439],[-80.756914,48.192169],[-80.756983,48.191966],[-80.757005,48.191696],[-80.756968,48.191426],[-80.756914,48.191291],[-80.756809,48.191156],[-80.756308,48.190751],[-80.756227,48.190549],[-80.75627,48.190346],[-80.756514,48.190009],[-80.756583,48.189806],[-80.756605,48.188996],[-80.756568,48.188726],[-80.756514,48.188591],[-80.75634,48.188389],[-80.75615,48.18826],[-80.755836,48.188119],[-80.755672,48.187984],[-80.755506,48.187781],[-80.75541,48.187511],[-80.755405,48.186566],[-80.755361,48.186161],[-80.75547,48.185756],[-80.755714,48.185419],[-80.755783,48.185216],[-80.755802,48.183799],[-80.755715,48.183461],[-80.75507,48.182584],[-80.75497,48.182246],[-80.754948,48.181976],[-80.754984,48.181706],[-80.75507,48.181436],[-80.75555,48.180786],[-80.75565,48.180813],[-80.755766,48.180964],[-80.755793,48.181099],[-80.755795,48.181571],[-80.755885,48.181909],[-80.756494,48.182719],[-80.756652,48.183191],[-80.756732,48.183326],[-80.75686,48.183461],[-80.757292,48.183799],[-80.757378,48.184001],[-80.757417,48.184406],[-80.757486,48.184609],[-80.757745,48.184879],[-80.75815,48.185152],[-80.758564,48.185351],[-80.758846,48.185621],[-80.758958,48.185824],[-80.759086,48.186229],[-80.759694,48.187039],[-80.759816,48.187376],[-80.759839,48.187511],[-80.759795,48.187916],[-80.759817,48.188456],[-80.759886,48.188659],[-80.760094,48.188929],[-80.760158,48.189064],[-80.760235,48.189671],[-80.760159,48.189874],[-80.759886,48.190211],[-80.759798,48.190549],[-80.759795,48.191224],[-80.759832,48.191494],[-80.759886,48.191629],[-80.76013,48.191966],[-80.760235,48.192371],[-80.760155,48.192574],[-80.759886,48.192911],[-80.759832,48.193046],[-80.759795,48.193316],[-80.759817,48.194126],[-80.759886,48.194329],[-80.760159,48.194666],[-80.760227,48.194801],[-80.760195,48.195274],[-80.760253,48.195611],[-80.76093,48.196556],[-80.76099,48.196759],[-80.761017,48.197096],[-80.761086,48.197299],[-80.76126,48.197501],[-80.761705,48.197839],[-80.762094,48.198379],[-80.76219,48.198649],[-80.762159,48.199121],[-80.762097,48.199189],[-80.76135,48.199658],[-80.761191,48.199796],[-80.761053,48.199999],[-80.760995,48.200336],[-80.761052,48.200876],[-80.760995,48.201416],[-80.760998,48.201821],[-80.761032,48.202024],[-80.761086,48.202159],[-80.76133,48.202496],[-80.761453,48.202901],[-80.761533,48.203036],[-80.76166,48.203171],[-80.762033,48.203441],[-80.76213,48.203576],[-80.76219,48.203779],[-80.762217,48.204926],[-80.762253,48.205061],[-80.762439,48.205331],[-80.762483,48.205466],[-80.762439,48.205669],[-80.761886,48.206411],[-80.761817,48.206614],[-80.761798,48.206951],[-80.76185,48.207213],[-80.762094,48.207559],[-80.762173,48.207761],[-80.76213,48.207964],[-80.761886,48.208301],[-80.761832,48.208436],[-80.761808,48.208639],[-80.761853,48.208841],[-80.761991,48.209044],[-80.762145,48.209179],[-80.76265,48.209393],[-80.76295,48.209437],[-80.76365,48.209468],[-80.76425,48.209649],[-80.76485,48.209729],[-80.76545,48.209919],[-80.76645,48.21],[-80.76665,48.210067],[-80.767064,48.210326],[-80.76745,48.210459],[-80.76785,48.210493],[-80.76925,48.210501],[-80.769359,48.210529],[-80.76939,48.210596],[-80.769372,48.210799],[-80.769288,48.210934],[-80.769188,48.211001],[-80.76865,48.21121],[-80.768391,48.211406],[-80.768253,48.211609],[-80.76815,48.212041],[-80.76805,48.212124],[-80.76785,48.212138],[-80.76765,48.212106],[-80.76625,48.211633],[-80.76605,48.211597],[-80.76385,48.211577],[-80.76345,48.211611],[-80.76325,48.211665],[-80.76295,48.211809],[-80.762791,48.211946],[-80.762653,48.212149],[-80.762492,48.212621],[-80.76235,48.212756],[-80.76166,48.213229],[-80.761486,48.213431],[-80.761432,48.213566],[-80.761398,48.213769],[-80.761405,48.214039],[-80.761453,48.214241],[-80.76155,48.214397],[-80.761659,48.214511],[-80.76185,48.21464],[-80.76215,48.21476],[-80.762494,48.214849],[-80.762562,48.214916],[-80.762593,48.215119],[-80.762605,48.216199],[-80.762686,48.216469],[-80.762859,48.216671],[-80.76305,48.2168],[-80.763353,48.216941],[-80.763747,48.217279],[-80.76395,48.217386],[-80.76425,48.217479],[-80.76495,48.217595],[-80.76545,48.217749],[-80.76605,48.217785],[-80.76655,48.217749],[-80.766941,48.217616],[-80.76735,48.217376],[-80.76745,48.217376],[-80.76755,48.217419],[-80.76773,48.217616],[-80.767853,48.218021],[-80.768026,48.218291],[-80.768026,48.218359],[-80.767853,48.218629],[-80.767795,48.218966],[-80.767406,48.218966],[-80.767481,48.218629],[-80.767609,48.218359]]],[[[-80.748634,48.213385],[-80.748709,48.213358],[-80.74865,48.213382],[-80.748634,48.213385]]],[[[-80.748023,48.213499],[-80.748003,48.213634],[-80.748074,48.213769],[-80.748307,48.213971],[-80.748414,48.214106],[-80.748563,48.214444],[-80.748594,48.214646],[-80.748594,48.215254],[-80.748538,48.215591],[-80.748598,48.215726],[-80.748855,48.216064],[-80.748975,48.216401],[-80.748942,48.216604],[-80.748855,48.216806],[-80.748707,48.217009],[-80.74855,48.217143],[-80.74755,48.217808],[-80.74725,48.217929],[-80.74665,48.218043],[-80.74655,48.218091],[-80.746142,48.218561],[-80.745981,48.218831],[-80.745951,48.218966],[-80.745517,48.218966],[-80.745561,48.218831],[-80.745893,48.218359],[-80.746295,48.217886],[-80.74655,48.217797],[-80.74705,48.217727],[-80.74735,48.21761],[-80.748255,48.217009],[-80.748514,48.216739],[-80.748592,48.216469],[-80.748568,48.216266],[-80.748514,48.216131],[-80.748245,48.215794],[-80.748165,48.215591],[-80.748202,48.215321],[-80.748205,48.214646],[-80.748147,48.214309],[-80.74794,48.214039],[-80.747458,48.213769],[-80.747402,48.213701],[-80.747394,48.213634],[-80.747437,48.213499],[-80.747503,48.213431],[-80.74785,48.213231],[-80.74805,48.213065],[-80.74815,48.213043],[-80.748285,48.213229],[-80.748359,48.213278],[-80.748319,48.213322],[-80.748332,48.213348],[-80.748468,48.21339],[-80.748616,48.213388],[-80.74815,48.213396],[-80.748023,48.213499]]],[[[-80.772114,48.204521],[-80.77187,48.204184],[-80.771714,48.203711],[-80.771215,48.203036],[-80.771176,48.202969],[-80.77118,48.202901],[-80.77135,48.202734],[-80.77155,48.202677],[-80.77235,48.20263],[-80.77305,48.202657],[-80.77335,48.20263],[-80.77385,48.202495],[-80.77405,48.20254],[-80.774145,48.202631],[-80.77417,48.202699],[-80.774249,48.203239],[-80.774245,48.203441],[-80.774155,48.203644],[-80.773307,48.204791],[-80.77305,48.205069],[-80.77285,48.20518],[-80.77265,48.205244],[-80.77255,48.205237],[-80.772368,48.205129],[-80.77225,48.204946],[-80.772114,48.204521]],[[-80.773882,48.203239],[-80.77385,48.203104],[-80.773769,48.202969],[-80.77365,48.202902],[-80.77355,48.202888],[-80.77245,48.202876],[-80.771966,48.202901],[-80.771752,48.202969],[-80.771715,48.203104],[-80.771752,48.203239],[-80.77205,48.203636],[-80.77225,48.204116],[-80.772586,48.204656],[-80.77265,48.20472],[-80.77285,48.20469],[-80.77305,48.204572],[-80.77385,48.203509],[-80.773882,48.203239]]],[[[-80.77164,48.198311],[-80.77145,48.198183],[-80.77105,48.19803],[-80.77075,48.197983],[-80.77035,48.197871],[-80.77015,48.197872],[-80.76995,48.197946],[-80.76955,48.198313],[-80.76935,48.198427],[-80.76915,48.198481],[-80.76885,48.198513],[-80.76855,48.198499],[-80.76825,48.198421],[-80.768112,48.198311],[-80.7681,48.198109],[-80.768269,48.197839],[-80.768318,48.197704],[-80.768341,48.197231],[-80.768269,48.196961],[-80.767671,48.196151],[-80.767572,48.195949],[-80.767547,48.194329],[-80.767499,48.194059],[-80.767425,48.193924],[-80.76724,48.193721],[-80.76675,48.193383],[-80.766349,48.193181],[-80.766167,48.193046],[-80.766132,48.192979],[-80.766138,48.192911],[-80.766299,48.192641],[-80.766341,48.192439],[-80.766347,48.191899],[-80.766299,48.191629],[-80.765997,48.191156],[-80.765899,48.190819],[-80.765825,48.190684],[-80.76564,48.190481],[-80.765244,48.190211],[-80.765161,48.190009],[-80.7651,48.189334],[-80.765147,48.188861],[-80.765156,48.188119],[-80.765231,48.187916],[-80.765469,48.187579],[-80.765518,48.187444],[-80.765538,48.186701],[-80.765469,48.186431],[-80.765231,48.186094],[-80.765156,48.185891],[-80.765112,48.185149],[-80.76515,48.184676],[-80.76515,48.183596],[-80.765118,48.183326],[-80.765069,48.183191],[-80.764797,48.182786],[-80.764699,48.182449],[-80.764541,48.182179],[-80.764541,48.182111],[-80.764699,48.181841],[-80.764741,48.181639],[-80.764712,48.181031],[-80.76475,48.180626],[-80.764718,48.180356],[-80.764625,48.180154],[-80.764128,48.179479],[-80.764088,48.179276],[-80.764128,48.179141],[-80.764299,48.178871],[-80.764341,48.178669],[-80.764312,48.178061],[-80.76435,48.177656],[-80.7643,48.177116],[-80.764372,48.176441],[-80.764699,48.175901],[-80.764747,48.175631],[-80.764756,48.175159],[-80.764832,48.174956],[-80.764949,48.174821],[-80.765312,48.174551],[-80.765499,48.174281],[-80.765547,48.174011],[-80.765554,48.173269],[-80.76565,48.172979],[-80.76575,48.172915],[-80.76585,48.172935],[-80.76605,48.173081],[-80.766311,48.173201],[-80.76825,48.173841],[-80.76855,48.173868],[-80.76885,48.173854],[-80.76905,48.17382],[-80.76935,48.173714],[-80.76955,48.173607],[-80.77084,48.172729],[-80.771025,48.172526],[-80.771231,48.172189],[-80.771951,48.171716],[-80.772235,48.171446],[-80.772301,48.171311],[-80.772341,48.171109],[-80.772348,48.170569],[-80.772277,48.170231],[-80.772144,48.170029],[-80.772124,48.169961],[-80.772148,48.169894],[-80.77235,48.169843],[-80.77305,48.169782],[-80.77335,48.169701],[-80.77345,48.169709],[-80.773512,48.169759],[-80.773518,48.169894],[-80.773299,48.170299],[-80.773252,48.170569],[-80.773228,48.171109],[-80.772899,48.171649],[-80.772802,48.172256],[-80.772651,48.172459],[-80.772288,48.172729],[-80.771938,48.173201],[-80.77175,48.173403],[-80.77125,48.173674],[-80.770975,48.173944],[-80.770882,48.174146],[-80.770862,48.174349],[-80.770886,48.174619],[-80.770809,48.174821],[-80.77065,48.174898],[-80.77015,48.174787],[-80.76985,48.17476],[-80.76935,48.17476],[-80.76895,48.17481],[-80.768564,48.174956],[-80.76835,48.1751],[-80.768131,48.175361],[-80.768062,48.175631],[-80.768101,48.175901],[-80.768175,48.176036],[-80.76865,48.176669],[-80.76895,48.176907],[-80.76925,48.17703],[-80.76955,48.177094],[-80.76995,48.177116],[-80.77075,48.177099],[-80.77095,48.177155],[-80.771048,48.177251],[-80.771051,48.177319],[-80.770899,48.177589],[-80.770853,48.177859],[-80.770859,48.178129],[-80.770901,48.178331],[-80.771059,48.178601],[-80.771059,48.178669],[-80.770882,48.179006],[-80.770859,48.179479],[-80.770931,48.179749],[-80.771169,48.180086],[-80.771244,48.180289],[-80.771253,48.180761],[-80.7713,48.181166],[-80.771253,48.181639],[-80.771259,48.181909],[-80.771331,48.182179],[-80.771569,48.182516],[-80.771644,48.182719],[-80.771653,48.183191],[-80.7717,48.183596],[-80.771653,48.184069],[-80.771659,48.184339],[-80.771731,48.184609],[-80.771929,48.184879],[-80.772029,48.185081],[-80.772082,48.185891],[-80.772034,48.186026],[-80.77175,48.186402],[-80.771682,48.186566],[-80.771662,48.186769],[-80.7717,48.187174],[-80.771653,48.187579],[-80.771644,48.188051],[-80.771569,48.188254],[-80.771331,48.188591],[-80.771282,48.188726],[-80.77125,48.189064],[-80.771297,48.189671],[-80.771225,48.190076],[-80.771156,48.190211],[-80.770688,48.190549],[-80.770531,48.190751],[-80.770482,48.190886],[-80.77045,48.191156],[-80.770453,48.191561],[-80.7705,48.191966],[-80.77047,48.192506],[-80.770531,48.192709],[-80.770688,48.192911],[-80.771531,48.193519],[-80.77196,48.194059],[-80.77295,48.194727],[-80.77355,48.194984],[-80.773622,48.195071],[-80.773649,48.195206],[-80.773602,48.195476],[-80.773331,48.195881],[-80.773259,48.196151],[-80.773253,48.196691],[-80.7733,48.197164],[-80.773253,48.197569],[-80.773253,48.198041],[-80.773288,48.198379],[-80.77325,48.198583],[-80.773154,48.198716],[-80.77305,48.198763],[-80.77255,48.198835],[-80.77225,48.198921],[-80.77215,48.198922],[-80.772023,48.198851],[-80.771772,48.198446],[-80.77164,48.198311]],[[-80.772868,48.197636],[-80.772912,48.197164],[-80.77287,48.196691],[-80.772875,48.196151],[-80.772966,48.195814],[-80.773232,48.195409],[-80.773212,48.195206],[-80.77306,48.195071],[-80.77255,48.194828],[-80.77165,48.194205],[-80.771501,48.194059],[-80.771195,48.193654],[-80.77055,48.193207],[-80.770301,48.192979],[-80.77015,48.192742],[-80.770085,48.192506],[-80.770112,48.191966],[-80.77007,48.191561],[-80.770068,48.191156],[-80.770112,48.190819],[-80.770301,48.190481],[-80.770778,48.190076],[-80.770865,48.189941],[-80.770912,48.189604],[-80.770868,48.189064],[-80.770897,48.188726],[-80.770966,48.188524],[-80.771199,48.188186],[-80.771258,48.188051],[-80.771312,48.187174],[-80.771278,48.186769],[-80.771297,48.186566],[-80.771404,48.186296],[-80.77166,48.185959],[-80.771685,48.185824],[-80.771658,48.185149],[-80.77135,48.184642],[-80.771275,48.184339],[-80.771312,48.183596],[-80.771258,48.182719],[-80.771199,48.182584],[-80.770966,48.182246],[-80.770885,48.181976],[-80.77087,48.181639],[-80.770912,48.181166],[-80.770858,48.180289],[-80.770799,48.180154],[-80.770566,48.179816],[-80.770485,48.179546],[-80.770485,48.179074],[-80.770625,48.178601],[-80.770485,48.178196],[-80.770471,48.177521],[-80.770421,48.177454],[-80.77025,48.177388],[-80.76935,48.177325],[-80.76891,48.177184],[-80.768615,48.177049],[-80.768301,48.176779],[-80.767846,48.176171],[-80.767735,48.175969],[-80.767678,48.175699],[-80.767712,48.175429],[-80.767846,48.175159],[-80.768117,48.174889],[-80.76835,48.174751],[-80.76895,48.17454],[-80.76945,48.174497],[-80.77015,48.174508],[-80.770302,48.174484],[-80.770409,48.174416],[-80.770554,48.173944],[-80.77069,48.173741],[-80.77095,48.1735],[-80.771477,48.173201],[-80.771661,48.172999],[-80.771802,48.172729],[-80.772373,48.172256],[-80.772431,48.172121],[-80.772404,48.172054],[-80.77225,48.171961],[-80.77205,48.172015],[-80.77165,48.172291],[-80.771546,48.172391],[-80.771398,48.172661],[-80.77105,48.172968],[-80.77065,48.173243],[-80.76975,48.173833],[-80.76915,48.174066],[-80.76865,48.174128],[-80.76825,48.174103],[-80.76635,48.173499],[-80.76615,48.173476],[-80.766032,48.173539],[-80.765945,48.173741],[-80.765888,48.174281],[-80.765796,48.174484],[-80.765634,48.174686],[-80.765171,48.175091],[-80.765134,48.175226],[-80.76513,48.175631],[-80.765088,48.175901],[-80.764996,48.176104],[-80.764801,48.176374],[-80.764742,48.176509],[-80.764688,48.177116],[-80.764732,48.177656],[-80.764698,48.178061],[-80.76473,48.178601],[-80.764688,48.178871],[-80.764567,48.179141],[-80.764539,48.179344],[-80.7646,48.179546],[-80.764996,48.180086],[-80.765103,48.180356],[-80.765132,48.180626],[-80.765098,48.181031],[-80.76513,48.181571],[-80.765088,48.181841],[-80.764975,48.182111],[-80.764975,48.182179],[-80.765161,48.182719],[-80.765396,48.183056],[-80.765503,48.183326],[-80.765532,48.183596],[-80.765533,48.184676],[-80.765498,48.185149],[-80.765542,48.185891],[-80.76585,48.186398],[-80.765922,48.186701],[-80.765898,48.186971],[-80.765922,48.187309],[-80.765888,48.187511],[-80.765796,48.187714],[-80.765601,48.187984],[-80.765542,48.188119],[-80.76553,48.188861],[-80.765488,48.189334],[-80.765543,48.189941],[-80.765622,48.190076],[-80.765963,48.190346],[-80.766154,48.190549],[-80.766265,48.190751],[-80.766361,48.191089],[-80.766665,48.191561],[-80.766725,48.191831],[-80.766732,48.192304],[-80.766691,48.192641],[-80.766604,48.192911],[-80.766638,48.192979],[-80.767483,48.193519],[-80.76775,48.193784],[-80.767865,48.193991],[-80.76793,48.194329],[-80.767942,48.195881],[-80.768001,48.196016],[-80.768282,48.196421],[-80.768554,48.196759],[-80.768703,48.197096],[-80.768725,48.197569],[-80.768672,48.197839],[-80.768595,48.198041],[-80.768608,48.198109],[-80.76875,48.198204],[-80.76905,48.198225],[-80.76995,48.197796],[-80.77025,48.197732],[-80.77075,48.197727],[-80.77115,48.197792],[-80.771656,48.197974],[-80.771883,48.198109],[-80.77225,48.198456],[-80.77235,48.198509],[-80.77265,48.198533],[-80.77275,48.198504],[-80.77285,48.19843],[-80.772896,48.198311],[-80.772868,48.197636]]],[[[-80.754968,48.177656],[-80.754917,48.177521],[-80.754775,48.177319],[-80.754776,48.177251],[-80.75505,48.176867],[-80.75515,48.17678],[-80.75525,48.17678],[-80.75535,48.176867],[-80.755409,48.176981],[-80.755759,48.177386],[-80.755835,48.177589],[-80.755778,48.178129],[-80.755694,48.178331],[-80.75535,48.178728],[-80.75525,48.178742],[-80.75515,48.178685],[-80.75505,48.178518],[-80.754968,48.177656]]]]},"properties":{"band":3,"lo":6,"hi":8,"survey":false}},{"type":"Feature","geometry":{"type":"MultiPolygon","coordinates":[[[[-80.767207,48.218359],[-80.76715,48.218251],[-80.76705,48.218196],[-80.76695,48.218182],[-80.76615,48.218263],[-80.76545,48.218237],[-80.76505,48.218164],[-80.76455,48.217999],[-80.76385,48.217894],[-80.76335,48.217675],[-80.762916,48.217346],[-80.762363,48.217009],[-80.762084,48.216739],[-80.7619,48.216401],[-80.76185,48.216131],[-80.761842,48.215456],[-80.76181,48.215321],[-80.76165,48.215149],[-80.76125,48.214911],[-80.761007,48.214714],[-80.760836,48.214511],[-80.7607,48.214241],[-80.76065,48.213971],[-80.760656,48.213701],[-80.760725,48.213431],[-80.760836,48.213229],[-80.76108,48.212959],[-80.761792,48.212419],[-80.761995,48.211946],[-80.762207,48.211676],[-80.762458,48.211474],[-80.76275,48.21131],[-80.76315,48.211173],[-80.76365,48.211107],[-80.76575,48.211096],[-80.76645,48.211171],[-80.767145,48.211406],[-80.76735,48.211445],[-80.76755,48.211384],[-80.767809,48.211069],[-80.76775,48.210999],[-80.76715,48.210899],[-80.76685,48.210817],[-80.76635,48.210527],[-80.76615,48.210448],[-80.76525,48.210377],[-80.76455,48.210169],[-80.76385,48.210064],[-80.763437,48.209921],[-80.76265,48.209867],[-80.76215,48.209763],[-80.761765,48.209584],[-80.76148,48.209381],[-80.761284,48.209179],[-80.761125,48.208909],[-80.761059,48.208639],[-80.761081,48.208436],[-80.761158,48.208234],[-80.761369,48.207896],[-80.761399,48.207761],[-80.7611,48.207221],[-80.76105,48.206951],[-80.761056,48.206681],[-80.7611,48.206479],[-80.761195,48.206276],[-80.761513,48.205871],[-80.761623,48.205669],[-80.761642,48.205399],[-80.7615,48.205061],[-80.761456,48.204859],[-80.761426,48.203779],[-80.76135,48.20367],[-80.761007,48.203374],[-80.760836,48.203171],[-80.760725,48.202969],[-80.760612,48.202631],[-80.7603,48.202091],[-80.760247,48.201754],[-80.76025,48.201349],[-80.760302,48.200944],[-80.760247,48.200336],[-80.760299,48.199999],[-80.760435,48.199729],[-80.76068,48.199459],[-80.76135,48.19896],[-80.761424,48.198851],[-80.761431,48.198649],[-80.761108,48.198109],[-80.760607,48.197704],[-80.760358,48.197366],[-80.760281,48.197164],[-80.76021,48.196691],[-80.759913,48.196219],[-80.759635,48.195881],[-80.759524,48.195679],[-80.75945,48.195341],[-80.759475,48.194869],[-80.759192,48.194464],[-80.759063,48.194194],[-80.759032,48.193991],[-80.75905,48.193249],[-80.759081,48.193046],[-80.759195,48.192776],[-80.759474,48.192371],[-80.759412,48.192101],[-80.759158,48.191696],[-80.759081,48.191494],[-80.75905,48.191291],[-80.75905,48.190549],[-80.759125,48.190211],[-80.759236,48.190009],[-80.75945,48.189739],[-80.759475,48.189604],[-80.75941,48.189131],[-80.759158,48.188726],[-80.759067,48.188456],[-80.759047,48.187916],[-80.759088,48.187511],[-80.759043,48.187309],[-80.758713,48.186769],[-80.758395,48.186364],[-80.758242,48.185959],[-80.75815,48.185809],[-80.75705,48.185074],[-80.75665,48.184899],[-80.756479,48.185419],[-80.756188,48.185891],[-80.756122,48.186094],[-80.756167,48.187511],[-80.756304,48.187714],[-80.75675,48.187989],[-80.75705,48.188245],[-80.757205,48.188456],[-80.757319,48.188726],[-80.757353,48.188996],[-80.757333,48.189806],[-80.757275,48.190009],[-80.75701,48.190481],[-80.757078,48.190616],[-80.757516,48.191021],[-80.757642,48.191224],[-80.757719,48.191426],[-80.75775,48.191629],[-80.757744,48.191899],[-80.7577,48.192101],[-80.757577,48.192371],[-80.757551,48.192574],[-80.757577,48.192709],[-80.757719,48.193046],[-80.757774,48.193451],[-80.75785,48.19356],[-80.758316,48.193991],[-80.758488,48.194261],[-80.758537,48.194396],[-80.758567,48.194666],[-80.758512,48.195409],[-80.75855,48.195679],[-80.758567,48.196691],[-80.758875,48.197231],[-80.758988,48.197569],[-80.75925,48.197989],[-80.759344,48.198311],[-80.759353,48.199594],[-80.759298,48.200066],[-80.759341,48.200539],[-80.759301,48.200741],[-80.759165,48.201011],[-80.758658,48.201686],[-80.758437,48.201889],[-80.75815,48.202071],[-80.75785,48.202203],[-80.75745,48.202294],[-80.75695,48.202333],[-80.75645,48.202323],[-80.755826,48.202226],[-80.75555,48.20212],[-80.755257,48.201956],[-80.754029,48.201146],[-80.753934,48.201011],[-80.75385,48.200688],[-80.75378,48.200539],[-80.75345,48.200267],[-80.753381,48.200336],[-80.75345,48.200532],[-80.753602,48.200674],[-80.753669,48.200809],[-80.753784,48.201349],[-80.753744,48.201889],[-80.7537,48.202091],[-80.753367,48.202699],[-80.753367,48.203171],[-80.753692,48.203711],[-80.754258,48.204184],[-80.754805,48.204926],[-80.7549,48.205129],[-80.754941,48.205331],[-80.754875,48.205669],[-80.754716,48.205939],[-80.75452,48.206141],[-80.75335,48.206931],[-80.75305,48.207063],[-80.75145,48.207603],[-80.75075,48.207748],[-80.750602,48.207829],[-80.750562,48.207964],[-80.75055,48.208571],[-80.7505,48.208841],[-80.750364,48.209111],[-80.750126,48.209449],[-80.750188,48.209719],[-80.7505,48.210259],[-80.750541,48.210461],[-80.7505,48.210731],[-80.750364,48.211001],[-80.750193,48.211204],[-80.749411,48.211811],[-80.74936,48.211946],[-80.7493,48.212351],[-80.74905,48.212834],[-80.748963,48.213229],[-80.74885,48.213376],[-80.748501,48.213566],[-80.748489,48.213634],[-80.748538,48.213769],[-80.748805,48.214106],[-80.748919,48.214376],[-80.748953,48.214714],[-80.748925,48.215591],[-80.749164,48.215929],[-80.7493,48.216199],[-80.749341,48.216469],[-80.749275,48.216739],[-80.749116,48.217009],[-80.74892,48.217211],[-80.747943,48.217886],[-80.74755,48.218094],[-80.74695,48.218259],[-80.74675,48.218365],[-80.746487,48.218629],[-80.746377,48.218831],[-80.746351,48.218966],[-80.745951,48.218966],[-80.745981,48.218831],[-80.746142,48.218561],[-80.74655,48.218091],[-80.74665,48.218043],[-80.74725,48.217929],[-80.747649,48.217751],[-80.748635,48.217076],[-80.748767,48.216941],[-80.748919,48.216671],[-80.748975,48.216469],[-80.748919,48.216199],[-80.748814,48.215996],[-80.748555,48.215659],[-80.748538,48.215591],[-80.748594,48.215254],[-80.748594,48.214646],[-80.748563,48.214444],[-80.74849,48.214241],[-80.748367,48.214039],[-80.748022,48.213701],[-80.748003,48.213566],[-80.74805,48.213466],[-80.74815,48.213396],[-80.748625,48.213388],[-80.748766,48.213337],[-80.74887,48.213259],[-80.748925,48.213113],[-80.748924,48.212997],[-80.748897,48.212824],[-80.74881,48.212621],[-80.748963,48.212216],[-80.749023,48.211811],[-80.749172,48.211609],[-80.749907,48.211069],[-80.750119,48.210731],[-80.750175,48.210529],[-80.750142,48.210326],[-80.749816,48.209719],[-80.749738,48.209449],[-80.749798,48.209314],[-80.750055,48.208976],[-80.750163,48.208706],[-80.750194,48.208504],[-80.750197,48.207829],[-80.75025,48.2076],[-80.750295,48.207559],[-80.75045,48.207515],[-80.75112,48.207433],[-80.75112,48.207476],[-80.751022,48.207536],[-80.751,48.2076],[-80.751054,48.207643],[-80.751237,48.207644],[-80.751306,48.207584],[-80.751314,48.20738],[-80.75305,48.206788],[-80.75335,48.206615],[-80.754235,48.206006],[-80.754414,48.205804],[-80.754542,48.205534],[-80.754575,48.205399],[-80.754562,48.205264],[-80.754414,48.204926],[-80.753907,48.204251],[-80.75347,48.203914],[-80.75335,48.203787],[-80.75302,48.203239],[-80.753002,48.202699],[-80.753051,48.202564],[-80.75329,48.202159],[-80.753363,48.201956],[-80.753394,48.201754],[-80.75339,48.201349],[-80.753291,48.201011],[-80.753016,48.200539],[-80.752892,48.200201],[-80.75265,48.199729],[-80.752635,48.199391],[-80.752571,48.199189],[-80.752602,48.199121],[-80.75265,48.199078],[-80.75285,48.199018],[-80.752918,48.199054],[-80.75302,48.199324],[-80.753277,48.199729],[-80.754093,48.200336],[-80.754182,48.200471],[-80.754345,48.200876],[-80.754565,48.201146],[-80.755551,48.201821],[-80.75575,48.201928],[-80.75605,48.202026],[-80.75655,48.20209],[-80.75715,48.202083],[-80.75755,48.202026],[-80.75793,48.201889],[-80.75815,48.201753],[-80.758367,48.201551],[-80.758814,48.200944],[-80.758962,48.200606],[-80.758975,48.200471],[-80.758913,48.200066],[-80.758994,48.199594],[-80.75899,48.198379],[-80.75889,48.198041],[-80.758616,48.197569],[-80.75849,48.197231],[-80.758251,48.196826],[-80.758202,48.196691],[-80.75819,48.195679],[-80.758131,48.195409],[-80.75819,48.195071],[-80.75818,48.194531],[-80.75809,48.194261],[-80.757967,48.194059],[-80.757572,48.193721],[-80.75745,48.193571],[-80.757403,48.193451],[-80.757342,48.193046],[-80.757159,48.192641],[-80.757159,48.192439],[-80.757319,48.192101],[-80.75739,48.191831],[-80.75739,48.191629],[-80.757319,48.191359],[-80.75715,48.191069],[-80.75675,48.190729],[-80.756631,48.190549],[-80.756652,48.190414],[-80.75689,48.190009],[-80.75698,48.189739],[-80.75698,48.188861],[-80.75689,48.188591],[-80.75675,48.188369],[-80.756549,48.188186],[-80.755994,48.187849],[-80.755889,48.187714],[-80.755802,48.187511],[-80.755794,48.186566],[-80.755731,48.186161],[-80.755816,48.185891],[-80.75609,48.185419],[-80.75618,48.185149],[-80.756196,48.184069],[-80.75623,48.183731],[-80.756107,48.183326],[-80.756003,48.183124],[-80.75575,48.182964],[-80.755583,48.182719],[-80.75535,48.182117],[-80.75536,48.181976],[-80.75545,48.181925],[-80.755597,48.182246],[-80.75585,48.182406],[-80.75598,48.182584],[-80.756363,48.183529],[-80.756441,48.183596],[-80.75675,48.183741],[-80.756942,48.183934],[-80.756997,48.184069],[-80.757056,48.184474],[-80.757233,48.184811],[-80.757451,48.185014],[-80.757951,48.185351],[-80.75832,48.185554],[-80.75845,48.18567],[-80.758584,48.185891],[-80.758745,48.186296],[-80.759058,48.186701],[-80.759271,48.187039],[-80.759456,48.187444],[-80.759469,48.187579],[-80.759406,48.187916],[-80.75942,48.188389],[-80.75951,48.188659],[-80.75978,48.189131],[-80.759862,48.189671],[-80.759802,48.189806],[-80.759545,48.190144],[-80.759437,48.190414],[-80.759406,48.190616],[-80.75941,48.191291],[-80.759481,48.191561],[-80.759784,48.192101],[-80.759862,48.192371],[-80.759802,48.192506],[-80.759545,48.192844],[-80.759437,48.193114],[-80.759406,48.193316],[-80.75942,48.194059],[-80.759545,48.194396],[-80.759845,48.194801],[-80.759862,48.194869],[-80.759806,48.195274],[-80.759881,48.195611],[-80.759986,48.195814],[-80.760258,48.196151],[-80.760549,48.196624],[-80.760598,48.196759],[-80.76062,48.197029],[-80.76071,48.197299],[-80.760893,48.197569],[-80.76133,48.197906],[-80.76145,48.198033],[-80.761712,48.198446],[-80.761798,48.198649],[-80.761798,48.198851],[-80.761695,48.199054],[-80.76105,48.199527],[-80.760833,48.199729],[-80.760681,48.199999],[-80.760606,48.200336],[-80.760687,48.200876],[-80.760606,48.201416],[-80.760637,48.201956],[-80.76071,48.202159],[-80.760984,48.202631],[-80.761186,48.203104],[-80.76135,48.203293],[-80.76165,48.203531],[-80.761777,48.203711],[-80.761804,48.203846],[-80.76182,48.204859],[-80.762049,48.205466],[-80.762019,48.205669],[-80.761858,48.205939],[-80.76155,48.206336],[-80.76142,48.206681],[-80.76141,48.206951],[-80.761458,48.207154],[-80.761772,48.207761],[-80.761748,48.207896],[-80.76151,48.208301],[-80.761438,48.208504],[-80.761425,48.208639],[-80.76151,48.208909],[-80.761633,48.209111],[-80.76185,48.209313],[-80.76215,48.209488],[-80.76244,48.209584],[-80.76275,48.209636],[-80.76345,48.209676],[-80.76405,48.209857],[-80.76465,48.209944],[-80.76535,48.210149],[-80.76625,48.210217],[-80.766536,48.210326],[-80.76695,48.210568],[-80.76725,48.210666],[-80.768521,48.210799],[-80.768387,48.211001],[-80.768033,48.211339],[-80.76785,48.211649],[-80.76775,48.211754],[-80.76735,48.211723],[-80.76635,48.211404],[-80.76585,48.21134],[-80.76375,48.21134],[-80.76335,48.211381],[-80.76295,48.211502],[-80.76265,48.211677],[-80.762433,48.211879],[-80.76231,48.212081],[-80.762182,48.212419],[-80.76205,48.212599],[-80.76145,48.213027],[-80.761233,48.213229],[-80.76111,48.213431],[-80.76102,48.213701],[-80.76101,48.213971],[-80.761058,48.214174],[-80.761186,48.214444],[-80.761365,48.214646],[-80.76165,48.214838],[-80.762097,48.215051],[-80.762164,48.215119],[-80.762202,48.215321],[-80.76222,48.216199],[-80.762345,48.216536],[-80.762565,48.216806],[-80.763121,48.217144],[-80.763451,48.217414],[-80.76375,48.217588],[-80.76415,48.217709],[-80.76465,48.217774],[-80.76535,48.217979],[-80.76575,48.21802],[-80.76625,48.21802],[-80.76665,48.217979],[-80.76715,48.217874],[-80.76735,48.217872],[-80.76745,48.217981],[-80.767582,48.218224],[-80.767609,48.218359],[-80.767458,48.218696],[-80.767406,48.218966],[-80.767047,48.218966],[-80.767099,48.218629],[-80.767207,48.218359]]],[[[-80.772055,48.203644],[-80.771752,48.203239],[-80.771715,48.203104],[-80.77175,48.202971],[-80.77195,48.202904],[-80.77235,48.202876],[-80.77345,48.202882],[-80.77365,48.202902],[-80.77375,48.202949],[-80.77385,48.203104],[-80.773882,48.203239],[-80.773876,48.203441],[-80.773803,48.203576],[-80.77305,48.204572],[-80.77295,48.204648],[-80.77275,48.20472],[-80.77265,48.20472],[-80.77255,48.204615],[-80.772216,48.204049],[-80.772055,48.203644]],[[-80.773487,48.203306],[-80.77345,48.203219],[-80.77335,48.203162],[-80.77325,48.20315],[-80.77255,48.203126],[-80.772234,48.203171],[-80.772196,48.203239],[-80.77235,48.203467],[-80.77265,48.204052],[-80.77275,48.204091],[-80.77295,48.20409],[-80.77305,48.204034],[-80.773482,48.203441],[-80.773487,48.203306]]],[[[-80.771963,48.198176],[-80.77175,48.198021],[-80.77125,48.197823],[-80.77085,48.197735],[-80.77025,48.197732],[-80.76995,48.197796],[-80.76905,48.198225],[-80.76875,48.198204],[-80.768608,48.198109],[-80.768595,48.198041],[-80.768672,48.197839],[-80.768725,48.197569],[-80.768703,48.197096],[-80.768554,48.196759],[-80.768282,48.196421],[-80.768001,48.196016],[-80.767942,48.195881],[-80.76793,48.194329],[-80.767865,48.193991],[-80.76775,48.193784],[-80.767483,48.193519],[-80.766638,48.192979],[-80.766604,48.192911],[-80.766691,48.192641],[-80.766732,48.192304],[-80.766725,48.191831],[-80.766665,48.191561],[-80.766361,48.191089],[-80.766265,48.190751],[-80.766154,48.190549],[-80.765963,48.190346],[-80.765622,48.190076],[-80.765543,48.189941],[-80.765488,48.189334],[-80.76553,48.188861],[-80.765542,48.188119],[-80.765601,48.187984],[-80.765796,48.187714],[-80.765888,48.187511],[-80.765922,48.187309],[-80.765898,48.187039],[-80.765922,48.186701],[-80.76585,48.186398],[-80.765542,48.185891],[-80.765498,48.185149],[-80.765533,48.184676],[-80.765532,48.183596],[-80.765503,48.183326],[-80.765396,48.183056],[-80.765161,48.182719],[-80.764975,48.182179],[-80.764975,48.182111],[-80.765088,48.181841],[-80.76513,48.181571],[-80.765098,48.181031],[-80.765132,48.180626],[-80.765103,48.180356],[-80.764996,48.180086],[-80.7646,48.179546],[-80.764539,48.179344],[-80.764567,48.179141],[-80.764688,48.178871],[-80.76473,48.178601],[-80.764698,48.178061],[-80.764732,48.177656],[-80.764688,48.177116],[-80.764742,48.176509],[-80.764801,48.176374],[-80.764996,48.176104],[-80.765088,48.175901],[-80.76513,48.175631],[-80.765134,48.175226],[-80.765171,48.175091],[-80.765634,48.174686],[-80.765796,48.174484],[-80.765888,48.174281],[-80.765945,48.173741],[-80.766032,48.173539],[-80.76615,48.173476],[-80.76635,48.173499],[-80.76825,48.174103],[-80.76865,48.174128],[-80.76915,48.174066],[-80.76975,48.173833],[-80.77065,48.173243],[-80.77105,48.172968],[-80.771398,48.172661],[-80.771546,48.172391],[-80.77165,48.172291],[-80.77205,48.172015],[-80.77225,48.171961],[-80.772404,48.172054],[-80.772431,48.172121],[-80.772373,48.172256],[-80.771802,48.172729],[-80.771661,48.172999],[-80.771477,48.173201],[-80.77095,48.1735],[-80.77069,48.173741],[-80.770554,48.173944],[-80.770409,48.174416],[-80.770302,48.174484],[-80.77015,48.174508],[-80.76945,48.174497],[-80.76895,48.17454],[-80.76835,48.174751],[-80.768117,48.174889],[-80.767846,48.175159],[-80.767712,48.175429],[-80.767678,48.175699],[-80.767735,48.175969],[-80.767846,48.176171],[-80.768301,48.176779],[-80.76855,48.177006],[-80.76885,48.177161],[-80.76935,48.177325],[-80.77035,48.177414],[-80.77045,48.177486],[-80.770487,48.177589],[-80.770475,48.178129],[-80.770625,48.178669],[-80.770485,48.179074],[-80.770485,48.179546],[-80.770566,48.179816],[-80.770799,48.180154],[-80.770858,48.180289],[-80.770912,48.181166],[-80.77087,48.181639],[-80.770885,48.181976],[-80.770966,48.182246],[-80.771199,48.182584],[-80.771258,48.182719],[-80.771312,48.183596],[-80.771275,48.184339],[-80.77135,48.184642],[-80.771658,48.185149],[-80.771685,48.185824],[-80.77166,48.185959],[-80.771404,48.186296],[-80.771297,48.186566],[-80.771278,48.186769],[-80.771312,48.187174],[-80.771258,48.188051],[-80.771199,48.188186],[-80.770966,48.188524],[-80.770897,48.188726],[-80.770868,48.189064],[-80.770912,48.189604],[-80.770865,48.189941],[-80.770778,48.190076],[-80.770301,48.190481],[-80.770112,48.190819],[-80.770068,48.191156],[-80.77007,48.191561],[-80.770112,48.191966],[-80.770078,48.192439],[-80.770135,48.192709],[-80.770301,48.192979],[-80.77055,48.193207],[-80.771195,48.193654],[-80.77145,48.193997],[-80.771637,48.194194],[-80.772614,48.194869],[-80.77315,48.19513],[-80.773237,48.195274],[-80.773232,48.195409],[-80.772935,48.195881],[-80.772875,48.196151],[-80.77287,48.196691],[-80.772912,48.197096],[-80.772868,48.197636],[-80.772881,48.198379],[-80.77275,48.198504],[-80.77265,48.198533],[-80.772365,48.198514],[-80.77225,48.198456],[-80.771963,48.198176]],[[-80.772522,48.196624],[-80.772543,48.196016],[-80.772639,48.195746],[-80.772844,48.195409],[-80.772837,48.195341],[-80.77275,48.195253],[-80.77235,48.195013],[-80.771351,48.194329],[-80.770908,48.193789],[-80.77015,48.193248],[-80.769875,48.192911],[-80.769777,48.192709],[-80.769734,48.192506],[-80.769755,48.191966],[-80.769722,48.191156],[-80.769756,48.190819],[-80.769875,48.190549],[-80.770016,48.190346],[-80.77042,48.190009],[-80.770511,48.189874],[-80.770555,48.189604],[-80.770522,48.188996],[-80.770556,48.188659],[-80.770675,48.188389],[-80.77086,48.188119],[-80.770907,48.187984],[-80.770954,48.187241],[-80.770943,48.186566],[-80.771039,48.186296],[-80.771293,48.185891],[-80.771321,48.185621],[-80.771292,48.185149],[-80.771039,48.184744],[-80.770943,48.184474],[-80.770922,48.184136],[-80.770955,48.183596],[-80.770907,48.182786],[-80.77086,48.182651],[-80.770639,48.182314],[-80.770543,48.182044],[-80.770522,48.181706],[-80.770555,48.181166],[-80.770507,48.180356],[-80.77046,48.180221],[-80.770239,48.179884],[-80.770143,48.179614],[-80.770134,48.179074],[-80.770258,48.178601],[-80.77015,48.1783],[-80.770102,48.177791],[-80.77005,48.177704],[-80.76995,48.177645],[-80.76925,48.177547],[-80.76865,48.177364],[-80.76835,48.177193],[-80.768077,48.176981],[-80.767475,48.176171],[-80.767356,48.175901],[-80.767329,48.175699],[-80.767356,48.175429],[-80.767475,48.175159],[-80.767677,48.174889],[-80.768013,48.174619],[-80.768063,48.174551],[-80.768075,48.174416],[-80.768026,48.174349],[-80.76789,48.174281],[-80.76685,48.173927],[-80.76665,48.173872],[-80.76645,48.173887],[-80.766321,48.174011],[-80.766223,48.174349],[-80.766037,48.174686],[-80.765923,48.174821],[-80.765527,48.175159],[-80.765491,48.175294],[-80.765444,48.175901],[-80.765325,48.176171],[-80.765108,48.176509],[-80.765045,48.177116],[-80.765078,48.177656],[-80.765053,48.178061],[-80.765073,48.178669],[-80.765044,48.178871],[-80.764935,48.179141],[-80.764912,48.179276],[-80.764942,48.179479],[-80.765325,48.180019],[-80.765457,48.180356],[-80.765473,48.181639],[-80.765342,48.182179],[-80.765502,48.182651],[-80.765725,48.182989],[-80.765844,48.183259],[-80.765878,48.183596],[-80.765853,48.185149],[-80.765893,48.185824],[-80.76594,48.185959],[-80.766194,48.186364],[-80.766266,48.186634],[-80.766271,48.187309],[-80.766244,48.187511],[-80.766125,48.187781],[-80.76594,48.188051],[-80.765893,48.188186],[-80.765845,48.189334],[-80.765902,48.189874],[-80.765982,48.190009],[-80.766323,48.190279],[-80.766484,48.190481],[-80.766623,48.190751],[-80.766702,48.191021],[-80.767023,48.191561],[-80.767077,48.191899],[-80.767056,48.192709],[-80.767117,48.192911],[-80.767923,48.193519],[-80.768084,48.193721],[-80.768223,48.193991],[-80.768277,48.194329],[-80.768279,48.195611],[-80.768308,48.195881],[-80.768884,48.196691],[-80.768994,48.196894],[-80.769044,48.197029],[-80.769101,48.197501],[-80.76915,48.197642],[-80.769242,48.197704],[-80.76935,48.197719],[-80.77015,48.197523],[-80.77075,48.197493],[-80.77105,48.197523],[-80.77145,48.197621],[-80.77175,48.197724],[-80.77215,48.197943],[-80.77225,48.197964],[-80.77235,48.197946],[-80.772461,48.197839],[-80.772554,48.197231],[-80.772522,48.196624]]]]},"properties":{"band":4,"lo":8,"hi":10,"survey":false}},{"type":"Feature","geometry":{"type":"MultiPolygon","coordinates":[[[[-80.766192,48.218764],[-80.76555,48.218727],[-80.76505,48.21866],[-80.76435,48.218479],[-80.76375,48.218368],[-80.76335,48.218247],[-80.762879,48.218021],[-80.761877,48.217346],[-80.76149,48.217009],[-80.76133,48.216739],[-80.761206,48.216334],[-80.761169,48.215659],[-80.761105,48.215524],[-80.760352,48.214916],[-80.760239,48.214781],[-80.760102,48.214511],[-80.759995,48.214106],[-80.759986,48.213701],[-80.760102,48.213229],[-80.76029,48.212891],[-80.76055,48.212651],[-80.761131,48.212216],[-80.761226,48.212081],[-80.76145,48.211593],[-80.76185,48.211223],[-80.76235,48.210922],[-80.76295,48.210691],[-80.763318,48.210596],[-80.763441,48.210529],[-80.763381,48.210461],[-80.76325,48.210427],[-80.76225,48.21029],[-80.76155,48.210068],[-80.761173,48.209854],[-80.76085,48.209606],[-80.76065,48.209397],[-80.76053,48.209179],[-80.760419,48.208841],[-80.760388,48.208571],[-80.760435,48.208301],[-80.760618,48.207829],[-80.760618,48.207761],[-80.760419,48.207221],[-80.76038,48.206749],[-80.760435,48.206411],[-80.76053,48.206141],[-80.760638,48.205939],[-80.760856,48.205669],[-80.760902,48.205534],[-80.760894,48.205331],[-80.760786,48.204859],[-80.760768,48.204049],[-80.76065,48.203854],[-80.760239,48.203441],[-80.759999,48.202901],[-80.75973,48.202429],[-80.759572,48.202024],[-80.75945,48.201888],[-80.75935,48.2019],[-80.75893,48.202226],[-80.75845,48.202508],[-80.75785,48.202708],[-80.75735,48.202787],[-80.75655,48.202809],[-80.75585,48.20273],[-80.75525,48.20255],[-80.75465,48.202234],[-80.75455,48.202222],[-80.75445,48.202259],[-80.75434,48.202361],[-80.754068,48.202834],[-80.754068,48.203036],[-80.754299,48.203441],[-80.75491,48.203981],[-80.755086,48.204251],[-80.755362,48.204589],[-80.75547,48.204791],[-80.755581,48.205129],[-80.755612,48.205399],[-80.755565,48.205669],[-80.75545,48.20598],[-80.75531,48.206209],[-80.75505,48.206449],[-80.753805,48.207289],[-80.75345,48.207447],[-80.751529,48.208099],[-80.75135,48.208192],[-80.751253,48.208301],[-80.751165,48.208909],[-80.750974,48.209381],[-80.750949,48.209516],[-80.750974,48.209719],[-80.751144,48.210124],[-80.751212,48.210461],[-80.751181,48.210731],[-80.751098,48.211001],[-80.750961,48.211271],[-80.750848,48.211406],[-80.750234,48.211879],[-80.7501,48.212014],[-80.750024,48.212149],[-80.749944,48.212486],[-80.749837,48.212756],[-80.749713,48.212959],[-80.749486,48.213229],[-80.749356,48.213499],[-80.749355,48.213701],[-80.749522,48.214106],[-80.749605,48.214444],[-80.749643,48.215389],[-80.749898,48.215929],[-80.750005,48.216334],[-80.749981,48.216671],[-80.74987,48.217009],[-80.74971,48.217279],[-80.74945,48.217519],[-80.748205,48.218359],[-80.747342,48.218696],[-80.747156,48.218831],[-80.747104,48.218966],[-80.746351,48.218966],[-80.746377,48.218831],[-80.746487,48.218629],[-80.74675,48.218365],[-80.74695,48.218259],[-80.74755,48.218094],[-80.747943,48.217886],[-80.74892,48.217211],[-80.749116,48.217009],[-80.749275,48.216739],[-80.749341,48.216469],[-80.7493,48.216199],[-80.749164,48.215929],[-80.748925,48.215591],[-80.748953,48.214714],[-80.748919,48.214376],[-80.748805,48.214106],[-80.748538,48.213769],[-80.748489,48.213634],[-80.748501,48.213566],[-80.74885,48.213376],[-80.748963,48.213229],[-80.74905,48.212834],[-80.7493,48.212351],[-80.74936,48.211946],[-80.749411,48.211811],[-80.750193,48.211204],[-80.750364,48.211001],[-80.7505,48.210731],[-80.750541,48.210529],[-80.7505,48.210259],[-80.750188,48.209719],[-80.750126,48.209449],[-80.750364,48.209111],[-80.7505,48.208841],[-80.75055,48.208571],[-80.750562,48.207964],[-80.750602,48.207829],[-80.75075,48.207748],[-80.75145,48.207603],[-80.75305,48.207063],[-80.75335,48.206931],[-80.75452,48.206141],[-80.754716,48.205939],[-80.754875,48.205669],[-80.754941,48.205331],[-80.7549,48.205129],[-80.754805,48.204926],[-80.754258,48.204184],[-80.753692,48.203711],[-80.753367,48.203171],[-80.753367,48.202699],[-80.7537,48.202091],[-80.753744,48.201889],[-80.753784,48.201349],[-80.753669,48.200809],[-80.753602,48.200674],[-80.75345,48.200532],[-80.753381,48.200336],[-80.75345,48.200267],[-80.75378,48.200539],[-80.75385,48.200688],[-80.753934,48.201011],[-80.754029,48.201146],[-80.755257,48.201956],[-80.75555,48.20212],[-80.755826,48.202226],[-80.75645,48.202323],[-80.75695,48.202333],[-80.75745,48.202294],[-80.75785,48.202203],[-80.75815,48.202071],[-80.758437,48.201889],[-80.758658,48.201686],[-80.759165,48.201011],[-80.759301,48.200741],[-80.759341,48.200539],[-80.759298,48.200066],[-80.759353,48.199594],[-80.759344,48.198311],[-80.75925,48.197989],[-80.758988,48.197569],[-80.758875,48.197231],[-80.758567,48.196691],[-80.75855,48.195679],[-80.758512,48.195409],[-80.758567,48.194666],[-80.758537,48.194396],[-80.758488,48.194261],[-80.758316,48.193991],[-80.75785,48.19356],[-80.757774,48.193451],[-80.757719,48.193046],[-80.757577,48.192709],[-80.757551,48.192574],[-80.757577,48.192371],[-80.7577,48.192101],[-80.757744,48.191899],[-80.75775,48.191629],[-80.757719,48.191426],[-80.757642,48.191224],[-80.757516,48.191021],[-80.757078,48.190616],[-80.75701,48.190481],[-80.757275,48.190009],[-80.757333,48.189806],[-80.757353,48.188996],[-80.757319,48.188726],[-80.757205,48.188456],[-80.75705,48.188245],[-80.75675,48.187989],[-80.756304,48.187714],[-80.756167,48.187511],[-80.756122,48.186094],[-80.756188,48.185891],[-80.756479,48.185419],[-80.75665,48.184899],[-80.75705,48.185074],[-80.75815,48.185809],[-80.758242,48.185959],[-80.758395,48.186364],[-80.758713,48.186769],[-80.759043,48.187309],[-80.759088,48.187511],[-80.759047,48.187916],[-80.759067,48.188456],[-80.759158,48.188726],[-80.75941,48.189131],[-80.759475,48.189604],[-80.75945,48.189739],[-80.759236,48.190009],[-80.759125,48.190211],[-80.75905,48.190549],[-80.75905,48.191291],[-80.759081,48.191494],[-80.759158,48.191696],[-80.759412,48.192101],[-80.759474,48.192371],[-80.759195,48.192776],[-80.759081,48.193046],[-80.75905,48.193249],[-80.759032,48.193991],[-80.759063,48.194194],[-80.759192,48.194464],[-80.759475,48.194869],[-80.75945,48.195341],[-80.759524,48.195679],[-80.759635,48.195881],[-80.759913,48.196219],[-80.76021,48.196691],[-80.760281,48.197164],[-80.760358,48.197366],[-80.760607,48.197704],[-80.761108,48.198109],[-80.761431,48.198649],[-80.761424,48.198851],[-80.76135,48.19896],[-80.76068,48.199459],[-80.760435,48.199729],[-80.760299,48.199999],[-80.760247,48.200336],[-80.760302,48.200944],[-80.76025,48.201349],[-80.760247,48.201754],[-80.7603,48.202091],[-80.760612,48.202631],[-80.760725,48.202969],[-80.760836,48.203171],[-80.761007,48.203374],[-80.76135,48.20367],[-80.761426,48.203779],[-80.761456,48.204859],[-80.7615,48.205061],[-80.761642,48.205399],[-80.761623,48.205669],[-80.761513,48.205871],[-80.761195,48.206276],[-80.7611,48.206479],[-80.761056,48.206681],[-80.76105,48.206951],[-80.7611,48.207221],[-80.761399,48.207761],[-80.761369,48.207896],[-80.761158,48.208234],[-80.761081,48.208436],[-80.761059,48.208639],[-80.761125,48.208909],[-80.761284,48.209179],[-80.76148,48.209381],[-80.761765,48.209584],[-80.76215,48.209763],[-80.76265,48.209867],[-80.763437,48.209921],[-80.76385,48.210064],[-80.76455,48.210169],[-80.76525,48.210377],[-80.76615,48.210448],[-80.76635,48.210527],[-80.76685,48.210817],[-80.76715,48.210899],[-80.76775,48.210999],[-80.767809,48.211069],[-80.76755,48.211384],[-80.76735,48.211445],[-80.767145,48.211406],[-80.76645,48.211171],[-80.76575,48.211096],[-80.76365,48.211107],[-80.76315,48.211173],[-80.76275,48.21131],[-80.762458,48.211474],[-80.762207,48.211676],[-80.761995,48.211946],[-80.761792,48.212419],[-80.76108,48.212959],[-80.760836,48.213229],[-80.760725,48.213431],[-80.760656,48.213701],[-80.76065,48.213971],[-80.7607,48.214241],[-80.760836,48.214511],[-80.761007,48.214714],[-80.76125,48.214911],[-80.76165,48.215149],[-80.76181,48.215321],[-80.761842,48.215456],[-80.76185,48.216131],[-80.7619,48.216401],[-80.762036,48.216671],[-80.76228,48.216941],[-80.762916,48.217346],[-80.76335,48.217675],[-80.76385,48.217894],[-80.76455,48.217999],[-80.76505,48.218164],[-80.76545,48.218237],[-80.76615,48.218263],[-80.76695,48.218182],[-80.767111,48.218224],[-80.767189,48.218291],[-80.767207,48.218359],[-80.767099,48.218629],[-80.767047,48.218966],[-80.766373,48.218966],[-80.766325,48.218831],[-80.766192,48.218764]],[[-80.760589,48.198581],[-80.760466,48.198379],[-80.76025,48.19821],[-80.76015,48.198206],[-80.7601,48.198244],[-80.760033,48.198379],[-80.760026,48.198716],[-80.76005,48.198911],[-80.760107,48.198986],[-80.76015,48.19902],[-80.76025,48.199023],[-80.760434,48.198919],[-80.760555,48.198784],[-80.760598,48.198649],[-80.760589,48.198581]],[[-80.758747,48.189469],[-80.758724,48.189334],[-80.758517,48.188996],[-80.758444,48.188794],[-80.758376,48.188321],[-80.758391,48.187511],[-80.758114,48.187039],[-80.757838,48.186701],[-80.75755,48.186112],[-80.75735,48.185974],[-80.75705,48.185906],[-80.756893,48.186026],[-80.756796,48.186229],[-80.756831,48.187241],[-80.756953,48.187444],[-80.757651,48.187984],[-80.757788,48.188119],[-80.757918,48.188321],[-80.758019,48.188861],[-80.758025,48.189604],[-80.757909,48.190346],[-80.757912,48.190481],[-80.75815,48.190726],[-80.75825,48.190734],[-80.75835,48.190584],[-80.758497,48.189941],[-80.758747,48.189469]]],[[[-80.772196,48.203239],[-80.772234,48.203171],[-80.77255,48.203126],[-80.77325,48.20315],[-80.77335,48.203162],[-80.77345,48.203219],[-80.773491,48.203374],[-80.773452,48.203509],[-80.77305,48.204034],[-80.77295,48.20409],[-80.77285,48.204103],[-80.772647,48.204049],[-80.77235,48.203467],[-80.772196,48.203239]]],[[[-80.771497,48.197636],[-80.77085,48.1975],[-80.77055,48.197488],[-80.77015,48.197523],[-80.76935,48.197719],[-80.769242,48.197704],[-80.76915,48.197642],[-80.769101,48.197501],[-80.769044,48.197029],[-80.768994,48.196894],[-80.768884,48.196691],[-80.768308,48.195881],[-80.768279,48.195611],[-80.768277,48.194329],[-80.768223,48.193991],[-80.768084,48.193721],[-80.767923,48.193519],[-80.767117,48.192911],[-80.767056,48.192709],[-80.767077,48.191899],[-80.767023,48.191561],[-80.766702,48.191021],[-80.766623,48.190751],[-80.766484,48.190481],[-80.766323,48.190279],[-80.765982,48.190009],[-80.765902,48.189874],[-80.765845,48.189334],[-80.765893,48.188186],[-80.76594,48.188051],[-80.766125,48.187781],[-80.766244,48.187511],[-80.766271,48.187309],[-80.766266,48.186634],[-80.766194,48.186364],[-80.76594,48.185959],[-80.765893,48.185824],[-80.765853,48.185149],[-80.765878,48.183596],[-80.765844,48.183259],[-80.765725,48.182989],[-80.765502,48.182651],[-80.765342,48.182179],[-80.765473,48.181639],[-80.765457,48.180356],[-80.765325,48.180019],[-80.764942,48.179479],[-80.764912,48.179276],[-80.764935,48.179141],[-80.765044,48.178871],[-80.765073,48.178669],[-80.765053,48.178061],[-80.765078,48.177656],[-80.765045,48.177116],[-80.765108,48.176509],[-80.765325,48.176171],[-80.765444,48.175901],[-80.765491,48.175294],[-80.765527,48.175159],[-80.765923,48.174821],[-80.766037,48.174686],[-80.766223,48.174349],[-80.766321,48.174011],[-80.766365,48.173944],[-80.766496,48.173876],[-80.76675,48.173896],[-80.767305,48.174079],[-80.76789,48.174281],[-80.768026,48.174349],[-80.768075,48.174416],[-80.768063,48.174551],[-80.768013,48.174619],[-80.767677,48.174889],[-80.767516,48.175091],[-80.767377,48.175361],[-80.767329,48.175631],[-80.767356,48.175901],[-80.767475,48.176171],[-80.76805,48.176952],[-80.768336,48.177184],[-80.76865,48.177364],[-80.76925,48.177547],[-80.76995,48.177645],[-80.77005,48.177704],[-80.770102,48.177791],[-80.77015,48.1783],[-80.770258,48.178601],[-80.770134,48.179074],[-80.770143,48.179614],[-80.770239,48.179884],[-80.77046,48.180221],[-80.770507,48.180356],[-80.770555,48.181166],[-80.770522,48.181706],[-80.770543,48.182044],[-80.770639,48.182314],[-80.77086,48.182651],[-80.770907,48.182786],[-80.770955,48.183596],[-80.770922,48.184136],[-80.770943,48.184474],[-80.771039,48.184744],[-80.771292,48.185149],[-80.771321,48.185621],[-80.771293,48.185891],[-80.771039,48.186296],[-80.770943,48.186566],[-80.770954,48.187241],[-80.770907,48.187984],[-80.77086,48.188119],[-80.770675,48.188389],[-80.770556,48.188659],[-80.770522,48.188996],[-80.770555,48.189604],[-80.770511,48.189874],[-80.77042,48.190009],[-80.770016,48.190346],[-80.769875,48.190549],[-80.769756,48.190819],[-80.769722,48.191156],[-80.769755,48.191966],[-80.769734,48.192506],[-80.769777,48.192709],[-80.769875,48.192911],[-80.77015,48.193248],[-80.770908,48.193789],[-80.771351,48.194329],[-80.77235,48.195013],[-80.77275,48.195253],[-80.772837,48.195341],[-80.772844,48.195409],[-80.772639,48.195746],[-80.772543,48.196016],[-80.772522,48.196624],[-80.772554,48.197231],[-80.772485,48.197771],[-80.77245,48.197859],[-80.77235,48.197946],[-80.77225,48.197964],[-80.77205,48.197891],[-80.77185,48.197768],[-80.771497,48.197636]],[[-80.771966,48.195611],[-80.771926,48.195409],[-80.77175,48.195245],[-80.77095,48.194696],[-80.770702,48.194464],[-80.77035,48.194059],[-80.769797,48.193654],[-80.769498,48.193384],[-80.769203,48.192979],[-80.769114,48.192776],[-80.769069,48.192574],[-80.76905,48.191156],[-80.769095,48.190751],[-80.769168,48.190549],[-80.769335,48.190279],[-80.769781,48.189806],[-80.769865,48.189671],[-80.76985,48.188996],[-80.76988,48.188659],[-80.769968,48.188389],[-80.770164,48.188051],[-80.770245,48.187781],[-80.77028,48.186499],[-80.770368,48.186229],[-80.770592,48.185824],[-80.770649,48.185554],[-80.770592,48.185216],[-80.770368,48.184811],[-80.77028,48.184541],[-80.77025,48.184204],[-80.770278,48.183529],[-80.770234,48.182921],[-80.770164,48.182719],[-80.769968,48.182381],[-80.76988,48.182111],[-80.76985,48.181774],[-80.769878,48.181099],[-80.769834,48.180491],[-80.769764,48.180289],[-80.769568,48.179951],[-80.76948,48.179681],[-80.769455,48.179141],[-80.769554,48.178601],[-80.769449,48.178196],[-80.76935,48.178065],[-80.76855,48.177835],[-80.76805,48.177612],[-80.76775,48.177416],[-80.767385,48.177049],[-80.766845,48.176306],[-80.766678,48.175969],[-80.766612,48.175631],[-80.766754,48.175091],[-80.766732,48.175024],[-80.76665,48.174971],[-80.76655,48.175007],[-80.766454,48.175091],[-80.766213,48.175429],[-80.76619,48.175699],[-80.766122,48.175969],[-80.765836,48.176509],[-80.765764,48.176711],[-80.76572,48.177116],[-80.765749,48.178601],[-80.76572,48.178871],[-80.765623,48.179276],[-80.765662,48.179479],[-80.765996,48.179951],[-80.76612,48.180289],[-80.766149,48.180559],[-80.766127,48.181031],[-80.766149,48.181571],[-80.766046,48.182179],[-80.766164,48.182516],[-80.766432,48.182989],[-80.76652,48.183259],[-80.76655,48.183596],[-80.766527,48.185149],[-80.766555,48.185621],[-80.766636,48.185891],[-80.76686,48.186296],[-80.766938,48.186634],[-80.76692,48.187511],[-80.766832,48.187781],[-80.766636,48.188119],[-80.766555,48.188389],[-80.76652,48.189266],[-80.766543,48.189604],[-80.766641,48.189806],[-80.766959,48.190144],[-80.767155,48.190414],[-80.767395,48.190954],[-80.76766,48.191426],[-80.767745,48.191831],[-80.767736,48.192574],[-80.767768,48.192709],[-80.768502,48.193316],[-80.768833,48.193789],[-80.768906,48.193991],[-80.768945,48.194261],[-80.768951,48.195544],[-80.768984,48.195746],[-80.769112,48.196016],[-80.769555,48.196624],[-80.769729,48.196961],[-80.76985,48.197052],[-80.76995,48.197069],[-80.77065,48.197055],[-80.77165,48.19714],[-80.771788,48.197096],[-80.771857,48.196961],[-80.771855,48.196151],[-80.771966,48.195611]],[[-80.766864,48.174619],[-80.766873,48.174686],[-80.76695,48.174737],[-80.76705,48.1747],[-80.767112,48.174619],[-80.767082,48.174551],[-80.766917,48.174551],[-80.766864,48.174619]]]]},"properties":{"band":5,"lo":10,"hi":14,"survey":false}},{"type":"Feature","geometry":{"type":"MultiPolygon","coordinates":[[[[-80.747156,48.218831],[-80.74725,48.21875],[-80.748205,48.218359],[-80.749323,48.217616],[-80.74971,48.217279],[-80.749898,48.216941],[-80.749994,48.216604],[-80.750005,48.216334],[-80.749898,48.215929],[-80.749643,48.215389],[-80.749605,48.214444],[-80.749522,48.214106],[-80.749355,48.213701],[-80.749356,48.213499],[-80.749486,48.213229],[-80.749713,48.212959],[-80.749837,48.212756],[-80.749944,48.212486],[-80.750024,48.212149],[-80.7501,48.212014],[-80.750234,48.211879],[-80.750848,48.211406],[-80.750961,48.211271],[-80.751098,48.211001],[-80.751181,48.210731],[-80.751212,48.210461],[-80.751144,48.210124],[-80.750974,48.209719],[-80.750949,48.209516],[-80.750974,48.209381],[-80.751165,48.208909],[-80.751253,48.208301],[-80.75135,48.208192],[-80.751529,48.208099],[-80.75345,48.207447],[-80.753805,48.207289],[-80.75505,48.206449],[-80.75531,48.206209],[-80.75547,48.205939],[-80.755581,48.205601],[-80.755612,48.205331],[-80.755565,48.205061],[-80.75545,48.20475],[-80.755362,48.204589],[-80.755086,48.204251],[-80.75491,48.203981],[-80.754299,48.203441],[-80.754131,48.203171],[-80.754049,48.202969],[-80.754068,48.202834],[-80.754168,48.202631],[-80.75434,48.202361],[-80.75445,48.202259],[-80.75455,48.202222],[-80.75465,48.202234],[-80.75525,48.20255],[-80.75585,48.20273],[-80.75645,48.202803],[-80.75705,48.202809],[-80.75765,48.202747],[-80.75815,48.20262],[-80.75845,48.202508],[-80.758721,48.202361],[-80.75935,48.2019],[-80.75945,48.201888],[-80.75955,48.201984],[-80.75973,48.202429],[-80.759999,48.202901],[-80.760198,48.203374],[-80.76035,48.203574],[-80.76065,48.203854],[-80.760768,48.204049],[-80.760786,48.204859],[-80.760894,48.205331],[-80.760902,48.205534],[-80.760856,48.205669],[-80.760638,48.205939],[-80.76053,48.206141],[-80.760435,48.206411],[-80.76038,48.206749],[-80.760419,48.207221],[-80.760618,48.207761],[-80.760618,48.207829],[-80.760435,48.208301],[-80.760388,48.208571],[-80.760419,48.208841],[-80.76053,48.209179],[-80.76065,48.209397],[-80.76085,48.209606],[-80.761173,48.209854],[-80.76155,48.210068],[-80.76225,48.21029],[-80.76325,48.210427],[-80.763381,48.210461],[-80.763441,48.210529],[-80.763318,48.210596],[-80.76295,48.210691],[-80.76235,48.210922],[-80.76185,48.211223],[-80.76145,48.211593],[-80.761226,48.212081],[-80.761131,48.212216],[-80.76055,48.212651],[-80.76029,48.212891],[-80.760102,48.213229],[-80.759986,48.213701],[-80.759995,48.214106],[-80.760102,48.214511],[-80.760239,48.214781],[-80.760352,48.214916],[-80.761105,48.215524],[-80.761169,48.215659],[-80.761186,48.216199],[-80.761302,48.216671],[-80.76149,48.217009],[-80.76185,48.217327],[-80.76285,48.218003],[-80.763286,48.218224],[-80.76375,48.218368],[-80.76435,48.218479],[-80.76505,48.21866],[-80.76555,48.218727],[-80.766192,48.218764],[-80.766325,48.218831],[-80.766363,48.218899],[-80.766373,48.218966],[-80.747104,48.218966],[-80.747156,48.218831]]],[[[-80.760033,48.198379],[-80.7601,48.198244],[-80.76015,48.198206],[-80.76025,48.19821],[-80.760466,48.198379],[-80.760558,48.198514],[-80.760598,48.198649],[-80.760555,48.198784],[-80.760434,48.198919],[-80.76025,48.199023],[-80.76015,48.19902],[-80.760034,48.198851],[-80.760033,48.198379]]],[[[-80.76995,48.197069],[-80.76985,48.197052],[-80.769729,48.196961],[-80.769555,48.196624],[-80.769112,48.196016],[-80.768984,48.195746],[-80.768951,48.195544],[-80.768945,48.194261],[-80.768906,48.193991],[-80.768833,48.193789],[-80.768502,48.193316],[-80.767768,48.192709],[-80.767736,48.192574],[-80.767745,48.191831],[-80.76766,48.191426],[-80.767395,48.190954],[-80.767155,48.190414],[-80.766959,48.190144],[-80.766641,48.189806],[-80.766543,48.189604],[-80.76652,48.189266],[-80.766555,48.188389],[-80.766636,48.188119],[-80.766832,48.187781],[-80.76692,48.187511],[-80.766938,48.186634],[-80.76686,48.186296],[-80.766636,48.185891],[-80.766555,48.185621],[-80.766527,48.185149],[-80.76655,48.183596],[-80.76652,48.183259],[-80.766432,48.182989],[-80.766164,48.182516],[-80.766046,48.182179],[-80.766149,48.181571],[-80.766127,48.181099],[-80.766149,48.180559],[-80.76612,48.180289],[-80.765996,48.179951],[-80.765662,48.179479],[-80.765623,48.179276],[-80.76572,48.178871],[-80.765749,48.178601],[-80.76572,48.177116],[-80.765764,48.176711],[-80.765836,48.176509],[-80.766122,48.175969],[-80.76619,48.175699],[-80.766213,48.175429],[-80.766454,48.175091],[-80.76655,48.175007],[-80.76665,48.174971],[-80.766732,48.175024],[-80.766754,48.175091],[-80.766612,48.175631],[-80.766678,48.175969],[-80.766845,48.176306],[-80.767385,48.177049],[-80.76775,48.177416],[-80.76805,48.177612],[-80.76855,48.177835],[-80.76935,48.178065],[-80.769449,48.178196],[-80.769554,48.178601],[-80.769455,48.179141],[-80.76948,48.179681],[-80.769568,48.179951],[-80.769764,48.180289],[-80.769834,48.180491],[-80.769878,48.181099],[-80.76985,48.181774],[-80.76988,48.182111],[-80.769968,48.182381],[-80.770164,48.182719],[-80.770234,48.182921],[-80.770278,48.183529],[-80.77025,48.184204],[-80.77028,48.184541],[-80.770368,48.184811],[-80.770592,48.185216],[-80.770649,48.185554],[-80.770592,48.185824],[-80.770368,48.186229],[-80.77028,48.186499],[-80.770245,48.187781],[-80.770164,48.188051],[-80.769968,48.188389],[-80.76988,48.188659],[-80.76985,48.188996],[-80.769865,48.189671],[-80.769781,48.189806],[-80.769335,48.190279],[-80.769168,48.190549],[-80.769095,48.190751],[-80.76905,48.191156],[-80.76908,48.191966],[-80.769062,48.192506],[-80.769094,48.192709],[-80.769167,48.192911],[-80.769498,48.193384],[-80.769797,48.193654],[-80.77035,48.194059],[-80.770702,48.194464],[-80.77095,48.194696],[-80.77175,48.195245],[-80.771926,48.195409],[-80.771966,48.195611],[-80.771855,48.196151],[-80.77185,48.196995],[-80.77175,48.197125],[-80.77155,48.197135],[-80.77065,48.197055],[-80.76995,48.197069]]],[[[-80.757903,48.190414],[-80.758025,48.189604],[-80.758019,48.188861],[-80.757918,48.188321],[-80.757788,48.188119],[-80.757651,48.187984],[-80.756953,48.187444],[-80.756831,48.187241],[-80.756796,48.186229],[-80.756893,48.186026],[-80.75705,48.185906],[-80.75735,48.185974],[-80.75755,48.186112],[-80.757838,48.186701],[-80.758114,48.187039],[-80.758391,48.187511],[-80.758376,48.188321],[-80.758444,48.188794],[-80.758517,48.188996],[-80.758724,48.189334],[-80.758747,48.189469],[-80.758497,48.189941],[-80.758335,48.190616],[-80.75825,48.190734],[-80.75815,48.190726],[-80.757952,48.190549],[-80.757903,48.190414]]],[[[-80.766864,48.174619],[-80.76695,48.174533],[-80.767082,48.174551],[-80.767112,48.174619],[-80.767065,48.174686],[-80.76695,48.174737],[-80.766873,48.174686],[-80.766864,48.174619]]]]},"properties":{"band":6,"lo":14,"hi":null,"survey":false}}]}